year,team_id,metric,dropoff
2014,1610612737,off_rating,-5.402047258031217
2014,1610612737,def_rating,0.5180178092063414
2014,1610612737,net_rating,-5.92006506723755
2014,1610612737,pace,-0.48721036585365596
2014,1610612737,off_efg,-0.04301444422600065
2014,1610612737,off_tov_pct,-0.01664028947244539
2014,1610612737,off_oreb_pct,0.00226799783929732
2014,1610612737,off_ft_rate,-0.03182076061852393
2014,1610612737,def_efg,-0.0060476997108454555
2014,1610612737,def_tov_pct,-0.02246703357603269
2014,1610612737,def_oreb_pct,-0.012923430839597294
2014,1610612737,def_ft_rate,0.01729910232618362
2014,1610612737,off_3pa_rate,0.013308790568809181
2014,1610612737,off_3p_pct,-0.06351763770068664
2014,1610612737,def_3pa_rate,-0.013581092745241885
2014,1610612737,def_3p_pct,0.03378073539363863
2014,1610612738,off_rating,-3.2786630001136245
2014,1610612738,def_rating,6.69801854411871
2014,1610612738,net_rating,-9.97668154423235
2014,1610612738,pace,-1.8285365853658533
2014,1610612738,off_efg,-0.03538694031148282
2014,1610612738,off_tov_pct,-0.0001345668049819171
2014,1610612738,off_oreb_pct,-0.024926066751161824
2014,1610612738,off_ft_rate,0.07545705809477882
2014,1610612738,def_efg,0.004630788203946412
2014,1610612738,def_tov_pct,-0.019946635312939387
2014,1610612738,def_oreb_pct,0.031120983005305303
2014,1610612738,def_ft_rate,0.11879680973642515
2014,1610612738,off_3pa_rate,-0.020447528762913003
2014,1610612738,off_3p_pct,-0.07075705096486884
2014,1610612738,def_3pa_rate,0.12141995535071293
2014,1610612738,def_3p_pct,-0.016802369961106456
2014,1610612739,off_rating,-3.4649321852186574
2014,1610612739,def_rating,-2.9955541610464422
2014,1610612739,net_rating,-0.4693780241722072
2014,1610612739,pace,-1.7787317073170783
2014,1610612739,off_efg,-0.04112479058084351
2014,1610612739,off_tov_pct,-0.013194743122324937
2014,1610612739,off_oreb_pct,0.012542584513361765
2014,1610612739,off_ft_rate,0.03828586798173311
2014,1610612739,def_efg,-0.034990469665428126
2014,1610612739,def_tov_pct,-0.017457696736873016
2014,1610612739,def_oreb_pct,-0.028379958922362475
2014,1610612739,def_ft_rate,0.037159696786037394
2014,1610612739,off_3pa_rate,0.01271488509287294
2014,1610612739,off_3p_pct,-0.026901027047173676
2014,1610612739,def_3pa_rate,0.037078183878363036
2014,1610612739,def_3p_pct,-0.033269671504965626
2014,1610612740,off_rating,-3.485676016856843
2014,1610612740,def_rating,5.59490889038463
2014,1610612740,net_rating,-9.080584907241464
2014,1610612740,pace,2.525914634146332
2014,1610612740,off_efg,-0.009417161772380167
2014,1610612740,off_tov_pct,-0.0011874119535233152
2014,1610612740,off_oreb_pct,-0.022212548619545525
2014,1610612740,off_ft_rate,0.0006659635838011657
2014,1610612740,def_efg,0.0201903643758648
2014,1610612740,def_tov_pct,-0.00420826799350088
2014,1610612740,def_oreb_pct,0.060180005095976846
2014,1610612740,def_ft_rate,0.04588620067927379
2014,1610612740,off_3pa_rate,0.01926010354096111
2014,1610612740,off_3p_pct,-0.05253613763888376
2014,1610612740,def_3pa_rate,0.11874124701245334
2014,1610612740,def_3p_pct,0.04445281881217966
2014,1610612741,off_rating,-2.1431187966252594
2014,1610612741,def_rating,-2.6861840995912303
2014,1610612741,net_rating,0.5430653029659909
2014,1610612741,pace,-3.4291869918699263
2014,1610612741,off_efg,-0.015333879374643644
2014,1610612741,off_tov_pct,0.0014555647792597048
2014,1610612741,off_oreb_pct,-0.0019227967796782153
2014,1610612741,off_ft_rate,-0.04738833418606542
2014,1610612741,def_efg,-0.021318061500400776
2014,1610612741,def_tov_pct,0.005894280893016357
2014,1610612741,def_oreb_pct,0.00042267801952139417
2014,1610612741,def_ft_rate,0.016559743182685965
2014,1610612741,off_3pa_rate,0.02503152912793688
2014,1610612741,off_3p_pct,0.01945669839795683
2014,1610612741,def_3pa_rate,0.04307905583577265
2014,1610612741,def_3p_pct,0.0005908657217413293
2014,1610612742,off_rating,-1.1706325201284784
2014,1610612742,def_rating,5.898922448278682
2014,1610612742,net_rating,-7.069554968407166
2014,1610612742,pace,6.300853658536596
2014,1610612742,off_efg,-0.02116073856192996
2014,1610612742,off_tov_pct,0.00503891910153742
2014,1610612742,off_oreb_pct,0.04501813817745412
2014,1610612742,off_ft_rate,0.0119744420001483
2014,1610612742,def_efg,0.01656676656676659
2014,1610612742,def_tov_pct,-0.028625349925648053
2014,1610612742,def_oreb_pct,-0.029473036955051324
2014,1610612742,def_ft_rate,0.1577644577644578
2014,1610612742,off_3pa_rate,-0.030689373903156403
2014,1610612742,off_3p_pct,-0.04010960457315632
2014,1610612742,def_3pa_rate,0.011854811854811853
2014,1610612742,def_3p_pct,-0.01316174649282803
2014,1610612744,off_rating,-3.2967143173022464
2014,1610612744,def_rating,-1.2568434102082904
2014,1610612744,net_rating,-2.039870907093947
2014,1610612744,pace,-4.116387921022067
2014,1610612744,off_efg,-0.018454097877500963
2014,1610612744,off_tov_pct,0.006523702269121884
2014,1610612744,off_oreb_pct,0.02137950121804516
2014,1610612744,off_ft_rate,0.02340401888168986
2014,1610612744,def_efg,-0.011340377894893339
2014,1610612744,def_tov_pct,-0.013687075840217888
2014,1610612744,def_oreb_pct,-0.008388914881347465
2014,1610612744,def_ft_rate,0.02908485624573326
2014,1610612744,off_3pa_rate,0.051716890608919985
2014,1610612744,off_3p_pct,-0.02387099543521659
2014,1610612744,def_3pa_rate,0.020394331415362843
2014,1610612744,def_3p_pct,-0.03268264328703424
2014,1610612745,off_rating,-0.04035370991297782
2014,1610612745,def_rating,5.889167499450494
2014,1610612745,net_rating,-5.929521209363466
2014,1610612745,pace,4.682847919655671
2014,1610612745,off_efg,-0.0071355128177583715
2014,1610612745,off_tov_pct,-0.01839836750699897
2014,1610612745,off_oreb_pct,-0.029577296132199726
2014,1610612745,off_ft_rate,0.12815971252390262
2014,1610612745,def_efg,0.02770666731988214
2014,1610612745,def_tov_pct,-0.024437793589873275
2014,1610612745,def_oreb_pct,-0.014221790073525808
2014,1610612745,def_ft_rate,0.02135439827551122
2014,1610612745,off_3pa_rate,-0.06199643340566785
2014,1610612745,off_3p_pct,-0.004117234341114939
2014,1610612745,def_3pa_rate,0.05102627056686543
2014,1610612745,def_3p_pct,0.015118219916663678
2014,1610612746,off_rating,-3.7002189587594216
2014,1610612746,def_rating,1.8259108367271892
2014,1610612746,net_rating,-5.5261297954866135
2014,1610612746,pace,3.740592334494778
2014,1610612746,off_efg,-0.017998238604896133
2014,1610612746,off_tov_pct,0.0021282363336173338
2014,1610612746,off_oreb_pct,-0.015437932628294126
2014,1610612746,off_ft_rate,0.058779900853684564
2014,1610612746,def_efg,0.012044266668673531
2014,1610612746,def_tov_pct,-0.007657449705393449
2014,1610612746,def_oreb_pct,0.007091306399804542
2014,1610612746,def_ft_rate,0.07116570650190213
2014,1610612746,off_3pa_rate,-0.022485417301389754
2014,1610612746,off_3p_pct,-0.046915980365142995
2014,1610612746,def_3pa_rate,0.04289597232517911
2014,1610612746,def_3p_pct,0.006682680223775217
2014,1610612749,off_rating,-9.955237187391148
2014,1610612749,def_rating,3.3146158877473084
2014,1610612749,net_rating,-13.269853075138476
2014,1610612749,pace,-1.5586991869918592
2014,1610612749,off_efg,-0.08046723536799572
2014,1610612749,off_tov_pct,-0.03811458398009546
2014,1610612749,off_oreb_pct,-0.014421670497502065
2014,1610612749,off_ft_rate,-0.021664044761185358
2014,1610612749,def_efg,0.01678950137444013
2014,1610612749,def_tov_pct,-0.0017562812520152404
2014,1610612749,def_oreb_pct,-0.0024928427714207
2014,1610612749,def_ft_rate,-0.02285953463526469
2014,1610612749,off_3pa_rate,-0.01709872331857304
2014,1610612749,off_3p_pct,-0.06058103975535167
2014,1610612749,def_3pa_rate,0.03986459053155472
2014,1610612749,def_3p_pct,0.05635764944275584
2014,1610612751,off_rating,-3.1827396654000637
2014,1610612751,def_rating,-0.4980914035944295
2014,1610612751,net_rating,-2.6846482618056307
2014,1610612751,pace,0.8545528455284455
2014,1610612751,off_efg,-0.0048422830375625114
2014,1610612751,off_tov_pct,0.0039221070242355105
2014,1610612751,off_oreb_pct,-0.028313876932845483
2014,1610612751,off_ft_rate,-0.016547792822564633
2014,1610612751,def_efg,-0.0012139103793008532
2014,1610612751,def_tov_pct,-0.008546908296131889
2014,1610612751,def_oreb_pct,-0.04068462401795736
2014,1610612751,def_ft_rate,-0.045960384483008015
2014,1610612751,off_3pa_rate,0.04857127541384945
2014,1610612751,off_3p_pct,0.022874566238007765
2014,1610612751,def_3pa_rate,0.08085964973538112
2014,1610612751,def_3p_pct,-0.003527336860670194
2014,1610612757,off_rating,-5.614995917487022
2014,1610612757,def_rating,6.154580887676985
2014,1610612757,net_rating,-11.769576805163993
2014,1610612757,pace,-2.78378048780489
2014,1610612757,off_efg,-0.053115206541224425
2014,1610612757,off_tov_pct,-0.01738006328579801
2014,1610612757,off_oreb_pct,-0.019726580420222045
2014,1610612757,off_ft_rate,0.032951160061388485
2014,1610612757,def_efg,-0.011497964340867584
2014,1610612757,def_tov_pct,-0.03876677232984177
2014,1610612757,def_oreb_pct,-0.01925702222270506
2014,1610612757,def_ft_rate,0.058334971219991594
2014,1610612757,off_3pa_rate,-0.0031016649685964293
2014,1610612757,off_3p_pct,-0.010576163087103685
2014,1610612757,def_3pa_rate,-0.07200336936683982
2014,1610612757,def_3p_pct,0.03333887595610241
2014,1610612759,off_rating,0.0917848055252648
2014,1610612759,def_rating,6.108460559796441
2014,1610612759,net_rating,-6.016675754271175
2014,1610612759,pace,0.39404181184669085
2014,1610612759,off_efg,-0.012409948780963465
2014,1610612759,off_tov_pct,-0.018556156995412493
2014,1610612759,off_oreb_pct,0.014793923579078688
2014,1610612759,off_ft_rate,0.04224849566380684
2014,1610612759,def_efg,0.024274121910842827
2014,1610612759,def_tov_pct,-0.02011021885853495
2014,1610612759,def_oreb_pct,-0.013186009668115534
2014,1610612759,def_ft_rate,0.09030738482695855
2014,1610612759,off_3pa_rate,0.03705498604783475
2014,1610612759,off_3p_pct,-0.00042011710024525417
2014,1610612759,def_3pa_rate,0.02709745848281625
2014,1610612759,def_3p_pct,-0.026666666666666672
2014,1610612761,off_rating,-11.759449294757687
2014,1610612761,def_rating,5.820298759313076
2014,1610612761,net_rating,-17.57974805407078
2014,1610612761,pace,1.7323780487804896
2014,1610612761,off_efg,-0.049350026569740746
2014,1610612761,off_tov_pct,-0.014958756821610047
2014,1610612761,off_oreb_pct,-0.06588725985844285
2014,1610612761,off_ft_rate,-0.0541255278169214
2014,1610612761,def_efg,0.04150981790869923
2014,1610612761,def_tov_pct,-0.001851852127532777
2014,1610612761,def_oreb_pct,0.0025372581953795326
2014,1610612761,def_ft_rate,0.06422518660135768
2014,1610612761,off_3pa_rate,-0.018368588883353243
2014,1610612761,off_3p_pct,-0.052427184466019405
2014,1610612761,def_3pa_rate,0.02639326617960447
2014,1610612761,def_3p_pct,0.09701888154481264
2014,1610612763,off_rating,-3.097180670351406
2014,1610612763,def_rating,1.7250139445261397
2014,1610612763,net_rating,-4.822194614877541
2014,1610612763,pace,0.3019733924612069
2014,1610612763,off_efg,-0.03839516286950856
2014,1610612763,off_tov_pct,-0.023491460682641963
2014,1610612763,off_oreb_pct,-0.009324964895912835
2014,1610612763,off_ft_rate,-0.00608637618840191
2014,1610612763,def_efg,0.009017993893842113
2014,1610612763,def_tov_pct,-0.005581336418335997
2014,1610612763,def_oreb_pct,-0.0188532953951146
2014,1610612763,def_ft_rate,0.0004498473460528285
2014,1610612763,off_3pa_rate,-0.017751277819294975
2014,1610612763,off_3p_pct,-0.027798044651977216
2014,1610612763,def_3pa_rate,0.06314751138565156
2014,1610612763,def_3p_pct,0.021569665452205233
2014,1610612764,off_rating,1.9757546296075645
2014,1610612764,def_rating,-1.321922345551343
2014,1610612764,net_rating,3.297676975158901
2014,1610612764,pace,1.0467073170731709
2014,1610612764,off_efg,-0.0018540143441015955
2014,1610612764,off_tov_pct,-0.007177600110475801
2014,1610612764,off_oreb_pct,0.018837418332818406
2014,1610612764,off_ft_rate,0.021563210778119568
2014,1610612764,def_efg,-0.011649229239317993
2014,1610612764,def_tov_pct,-0.008092209064371858
2014,1610612764,def_oreb_pct,0.001095378807025288
2014,1610612764,def_ft_rate,-0.051834855305811445
2014,1610612764,off_3pa_rate,0.07235231065524483
2014,1610612764,off_3p_pct,0.04354933446870929
2014,1610612764,def_3pa_rate,0.02078752262157274
2014,1610612764,def_3p_pct,-0.030711656694014322
2015,1610612737,off_rating,-1.4448980009543106
2015,1610612737,def_rating,3.258942106091297
2015,1610612737,net_rating,-4.70384010704559
2015,1610612737,pace,-1.4949268292682802
2015,1610612737,off_efg,-0.022363076046756913
2015,1610612737,off_tov_pct,-0.004695686725366188
2015,1610612737,off_oreb_pct,0.015601321412653052
2015,1610612737,off_ft_rate,0.005142654100768834
2015,1610612737,def_efg,0.007263356861330783
2015,1610612737,def_tov_pct,-0.019137288302642164
2015,1610612737,def_oreb_pct,-0.004036598493003252
2015,1610612737,def_ft_rate,-0.017810221798603754
2015,1610612737,off_3pa_rate,0.03901848909432326
2015,1610612737,off_3p_pct,-0.017053597019203226
2015,1610612737,def_3pa_rate,0.10300014168319638
2015,1610612737,def_3p_pct,0.04015170987603839
2015,1610612738,off_rating,-11.530815678522842
2015,1610612738,def_rating,-1.6198070072005777
2015,1610612738,net_rating,-9.911008671322264
2015,1610612738,pace,-1.609227642276423
2015,1610612738,off_efg,-0.056423334112005674
2015,1610612738,off_tov_pct,0.007684175709245511
2015,1610612738,off_oreb_pct,-0.03602687398567003
2015,1610612738,off_ft_rate,-0.028959739587547967
2015,1610612738,def_efg,-0.006213532173675096
2015,1610612738,def_tov_pct,-0.017675687667225076
2015,1610612738,def_oreb_pct,-0.060381058102801644
2015,1610612738,def_ft_rate,-0.061582520286524445
2015,1610612738,off_3pa_rate,0.05925238296631402
2015,1610612738,off_3p_pct,-0.05960161842514783
2015,1610612738,def_3pa_rate,0.09291232311244768
2015,1610612738,def_3p_pct,-0.02900540446304045
2015,1610612739,off_rating,4.454995853445254
2015,1610612739,def_rating,1.3599397440760868
2015,1610612739,net_rating,3.0950561093691737
2015,1610612739,pace,-2.4353600464576317
2015,1610612739,off_efg,0.01972698038403964
2015,1610612739,off_tov_pct,-0.006792033814846277
2015,1610612739,off_oreb_pct,0.016460128508831773
2015,1610612739,off_ft_rate,0.007888340074015565
2015,1610612739,def_efg,0.013659956204130574
2015,1610612739,def_tov_pct,0.0009051099957990139
2015,1610612739,def_oreb_pct,-0.004709697091975884
2015,1610612739,def_ft_rate,-0.01685815810010366
2015,1610612739,off_3pa_rate,0.01733400435759913
2015,1610612739,off_3p_pct,0.04386099184059983
2015,1610612739,def_3pa_rate,0.09640546218786022
2015,1610612739,def_3p_pct,0.005654183613125918
2015,1610612742,off_rating,-3.7740760446936576
2015,1610612742,def_rating,15.651154858865738
2015,1610612742,net_rating,-19.425230903559395
2015,1610612742,pace,-2.766829268292682
2015,1610612742,off_efg,-0.028325837081459304
2015,1610612742,off_tov_pct,-0.0059117031440538426
2015,1610612742,off_oreb_pct,0.008521165475535997
2015,1610612742,off_ft_rate,0.03266723780966663
2015,1610612742,def_efg,0.03313607027596044
2015,1610612742,def_tov_pct,-0.004880719917284337
2015,1610612742,def_oreb_pct,0.10730427500476453
2015,1610612742,def_ft_rate,0.08638791348838565
2015,1610612742,off_3pa_rate,-0.07587349182551578
2015,1610612742,off_3p_pct,-0.05443067272161345
2015,1610612742,def_3pa_rate,0.02687462274696345
2015,1610612742,def_3p_pct,0.021889400921658975
2015,1610612744,off_rating,-3.791699111877975
2015,1610612744,def_rating,2.376151950843962
2015,1610612744,net_rating,-6.167851062721935
2015,1610612744,pace,-2.455640243902451
2015,1610612744,off_efg,-0.03362480113677879
2015,1610612744,off_tov_pct,-0.007763201187412139
2015,1610612744,off_oreb_pct,0.004698642996515345
2015,1610612744,off_ft_rate,0.021984543641831777
2015,1610612744,def_efg,0.0027227577077875154
2015,1610612744,def_tov_pct,0.006606130938658694
2015,1610612744,def_oreb_pct,0.03612700938981758
2015,1610612744,def_ft_rate,0.036017548288531764
2015,1610612744,off_3pa_rate,0.016527067319342503
2015,1610612744,off_3p_pct,-0.0221930638865086
2015,1610612744,def_3pa_rate,0.04809311475581379
2015,1610612744,def_3p_pct,0.007032843378577958
2015,1610612745,off_rating,-15.964574436992919
2015,1610612745,def_rating,3.0696852606798473
2015,1610612745,net_rating,-19.034259697672777
2015,1610612745,pace,1.1614634146341274
2015,1610612745,off_efg,-0.08608586337696161
2015,1610612745,off_tov_pct,0.028016621596036878
2015,1610612745,off_oreb_pct,0.041849109373925386
2015,1610612745,off_ft_rate,-0.0314473628535043
2015,1610612745,def_efg,0.036438276884034004
2015,1610612745,def_tov_pct,-0.022692185274348603
2015,1610612745,def_oreb_pct,-0.04266063329468697
2015,1610612745,def_ft_rate,0.009342137707715303
2015,1610612745,off_3pa_rate,-0.03816733981319331
2015,1610612745,off_3p_pct,-0.0790189220597966
2015,1610612745,def_3pa_rate,0.0250504874852851
2015,1610612745,def_3p_pct,0.04194368892918304
2015,1610612746,off_rating,-4.5707915273132755
2015,1610612746,def_rating,-1.2240258857438135
2015,1610612746,net_rating,-3.3467656415694593
2015,1610612746,pace,-1.1533333333333218
2015,1610612746,off_efg,-0.053083905555120436
2015,1610612746,off_tov_pct,-0.03164113831640879
2015,1610612746,off_oreb_pct,0.03400991887542287
2015,1610612746,off_ft_rate,0.026707744793434463
2015,1610612746,def_efg,-0.013310902527717938
2015,1610612746,def_tov_pct,-0.01705149895283306
2015,1610612746,def_oreb_pct,0.024713777034734707
2015,1610612746,def_ft_rate,-0.029444462355490253
2015,1610612746,off_3pa_rate,-0.09460066316806351
2015,1610612746,off_3p_pct,-0.07332865004097877
2015,1610612746,def_3pa_rate,0.06879490654325088
2015,1610612746,def_3p_pct,-0.0007945803732762324
2015,1610612748,off_rating,-1.0754364136048196
2015,1610612748,def_rating,-2.7272157793217815
2015,1610612748,net_rating,1.651779365716961
2015,1610612748,pace,-3.505243902439034
2015,1610612748,off_efg,-0.007097034137973024
2015,1610612748,off_tov_pct,-0.006733878803881654
2015,1610612748,off_oreb_pct,-0.008191486630466871
2015,1610612748,off_ft_rate,-0.017647785981062092
2015,1610612748,def_efg,-0.034287291948232324
2015,1610612748,def_tov_pct,-0.019685159841680497
2015,1610612748,def_oreb_pct,-0.027428793462774798
2015,1610612748,def_ft_rate,0.055674283556934046
2015,1610612748,off_3pa_rate,0.01680499247501066
2015,1610612748,off_3p_pct,0.021722468737394085
2015,1610612748,def_3pa_rate,-0.02527426882872119
2015,1610612748,def_3p_pct,-0.028071182548794538
2015,1610612754,off_rating,-0.03247710912935986
2015,1610612754,def_rating,0.12049478169734584
2015,1610612754,net_rating,-0.15297189082670726
2015,1610612754,pace,-6.958013937282217
2015,1610612754,off_efg,-0.0020508778352740786
2015,1610612754,off_tov_pct,0.01017585693707046
2015,1610612754,off_oreb_pct,0.0013808340237503325
2015,1610612754,off_ft_rate,0.05069942679788203
2015,1610612754,def_efg,-0.052270010460350014
2015,1610612754,def_tov_pct,-0.009234256518060369
2015,1610612754,def_oreb_pct,0.08814582781641556
2015,1610612754,def_ft_rate,0.0493032988687786
2015,1610612754,off_3pa_rate,0.013914495073958921
2015,1610612754,off_3p_pct,0.03157098141483189
2015,1610612754,def_3pa_rate,0.014458035873872399
2015,1610612754,def_3p_pct,-0.05117505795471894
2015,1610612757,off_rating,-1.3578298605449675
2015,1610612757,def_rating,2.0667940132120037
2015,1610612757,net_rating,-3.424623873756982
2015,1610612757,pace,0.9131042128603042
2015,1610612757,off_efg,-0.028058325602968448
2015,1610612757,off_tov_pct,-0.017484453694032398
2015,1610612757,off_oreb_pct,0.00768288586480087
2015,1610612757,off_ft_rate,0.018410830241187393
2015,1610612757,def_efg,0.003394164337551686
2015,1610612757,def_tov_pct,-0.022200567160839443
2015,1610612757,def_oreb_pct,0.007459946251991728
2015,1610612757,def_ft_rate,0.0052316315216159315
2015,1610612757,off_3pa_rate,0.01920222634508345
2015,1610612757,off_3p_pct,0.010950939789741987
2015,1610612757,def_3pa_rate,0.012821280866873674
2015,1610612757,def_3p_pct,-0.011788352890047815
2015,1610612759,off_rating,0.48686564545454303
2015,1610612759,def_rating,1.9183726020342533
2015,1610612759,net_rating,-1.431506956579705
2015,1610612759,pace,-1.8946341463414598
2015,1610612759,off_efg,-0.007032336012768536
2015,1610612759,off_tov_pct,-0.014894207387378594
2015,1610612759,off_oreb_pct,-0.027561420448449725
2015,1610612759,off_ft_rate,0.002493970156174058
2015,1610612759,def_efg,-0.009342978360473708
2015,1610612759,def_tov_pct,0.006646983220669006
2015,1610612759,def_oreb_pct,0.0746708595866146
2015,1610612759,def_ft_rate,0.028017476478237713
2015,1610612759,off_3pa_rate,0.008181327769381325
2015,1610612759,off_3p_pct,0.05382530058150364
2015,1610612759,def_3pa_rate,0.003679036641312916
2015,1610612759,def_3p_pct,-0.022631639842403684
2015,1610612760,off_rating,-0.8475683776976268
2015,1610612760,def_rating,1.0384141663568869
2015,1610612760,net_rating,-1.885982544054519
2015,1610612760,pace,-1.929132791327902
2015,1610612760,off_efg,-0.02268959410575211
2015,1610612760,off_tov_pct,-0.016949278641261167
2015,1610612760,off_oreb_pct,-0.015312009230473378
2015,1610612760,off_ft_rate,0.034234544857358884
2015,1610612760,def_efg,0.01433689739397126
2015,1610612760,def_tov_pct,-0.003834428599262779
2015,1610612760,def_oreb_pct,-0.027229225038775173
2015,1610612760,def_ft_rate,-0.010037988249200547
2015,1610612760,off_3pa_rate,0.01990313155129697
2015,1610612760,off_3p_pct,-0.015996832537642336
2015,1610612760,def_3pa_rate,0.014252491163666059
2015,1610612760,def_3p_pct,0.028482599185406354
2015,1610612761,off_rating,-7.589746371583246
2015,1610612761,def_rating,1.825218242519881
2015,1610612761,net_rating,-9.414964614103123
2015,1610612761,pace,-2.942109756097551
2015,1610612761,off_efg,-0.04098582388056071
2015,1610612761,off_tov_pct,0.0013935831743367433
2015,1610612761,off_oreb_pct,0.004771580580938906
2015,1610612761,off_ft_rate,-0.02740226424436948
2015,1610612761,def_efg,0.01604321340186554
2015,1610612761,def_tov_pct,0.009660564880899086
2015,1610612761,def_oreb_pct,0.004404773889019387
2015,1610612761,def_ft_rate,0.02966529948254676
2015,1610612761,off_3pa_rate,-0.005208465734781564
2015,1610612761,off_3p_pct,-0.07123784819991241
2015,1610612761,def_3pa_rate,0.0051128071116648965
2015,1610612761,def_3p_pct,-0.010019954158738686
2015,1610612763,off_rating,-15.419828961922576
2015,1610612763,def_rating,6.452377581158629
2015,1610612763,net_rating,-21.872206543081205
2015,1610612763,pace,-3.1040243902439073
2015,1610612763,off_efg,-0.05381475209438469
2015,1610612763,off_tov_pct,0.03332862591365904
2015,1610612763,off_oreb_pct,0.035407798116800004
2015,1610612763,off_ft_rate,-0.07970213195464687
2015,1610612763,def_efg,0.03449957994817243
2015,1610612763,def_tov_pct,-0.01889494099840519
2015,1610612763,def_oreb_pct,-0.022523645991213093
2015,1610612763,def_ft_rate,-0.02785083210871092
2015,1610612763,off_3pa_rate,-0.024829365123868685
2015,1610612763,off_3p_pct,-0.03448594674556216
2015,1610612763,def_3pa_rate,-0.05304175898923602
2015,1610612763,def_3p_pct,0.10650464241563429
2015,1610612765,off_rating,3.919653117284227
2015,1610612765,def_rating,14.319332401288662
2015,1610612765,net_rating,-10.399679284004435
2015,1610612765,pace,-8.876951219512193
2015,1610612765,off_efg,0.0453638147991714
2015,1610612765,off_tov_pct,-0.018336282238115814
2015,1610612765,off_oreb_pct,-0.08560976966729719
2015,1610612765,off_ft_rate,-0.0032528793771947617
2015,1610612765,def_efg,0.0422785459068824
2015,1610612765,def_tov_pct,-0.041641878254732076
2015,1610612765,def_oreb_pct,0.03837421561036111
2015,1610612765,def_ft_rate,-0.04943741374270147
2015,1610612765,off_3pa_rate,0.005879934576762391
2015,1610612765,off_3p_pct,0.03183756833063012
2015,1610612765,def_3pa_rate,0.1699460704839777
2015,1610612765,def_3p_pct,0.05807027992852887
2015,1610612766,off_rating,-7.689869445141852
2015,1610612766,def_rating,4.797027993974396
2015,1610612766,net_rating,-12.486897439116245
2015,1610612766,pace,-4.679303135888503
2015,1610612766,off_efg,-0.0700450285161785
2015,1610612766,off_tov_pct,-0.02681557982940519
2015,1610612766,off_oreb_pct,-0.0407643312101911
2015,1610612766,off_ft_rate,0.028648328520335442
2015,1610612766,def_efg,0.020210518142069422
2015,1610612766,def_tov_pct,-0.005378733439236144
2015,1610612766,def_oreb_pct,0.03892876359095662
2015,1610612766,def_ft_rate,0.004187319850578575
2015,1610612766,off_3pa_rate,-0.1172594086966518
2015,1610612766,off_3p_pct,-0.05454835620810722
2015,1610612766,def_3pa_rate,-0.04720434821740782
2015,1610612766,def_3p_pct,0.056723670370955326
2016,1610612737,off_rating,2.739872090563054
2016,1610612737,def_rating,3.061153950088922
2016,1610612737,net_rating,-0.3212818595258594
2016,1610612737,pace,0.8697154471544764
2016,1610612737,off_efg,-0.0110230408282313
2016,1610612737,off_tov_pct,0.00045268619422658696
2016,1610612737,off_oreb_pct,0.02731448855479865
2016,1610612737,off_ft_rate,0.04845690258326191
2016,1610612737,def_efg,-0.004645756060850381
2016,1610612737,def_tov_pct,-0.02340831532314447
2016,1610612737,def_oreb_pct,-0.012194654538021266
2016,1610612737,def_ft_rate,0.04712008815782401
2016,1610612737,off_3pa_rate,0.014567092791123726
2016,1610612737,off_3p_pct,-0.036254379857790175
2016,1610612737,def_3pa_rate,-0.04391630382196415
2016,1610612737,def_3p_pct,-0.04244905962022838
2016,1610612738,off_rating,-0.27038753459740406
2016,1610612738,def_rating,5.458229049734371
2016,1610612738,net_rating,-5.728616584331762
2016,1610612738,pace,-2.481802168021673
2016,1610612738,off_efg,0.007733558692184839
2016,1610612738,off_tov_pct,0.005254899432649757
2016,1610612738,off_oreb_pct,0.010082399550952886
2016,1610612738,off_ft_rate,-0.030849829403589407
2016,1610612738,def_efg,0.028919164473005576
2016,1610612738,def_tov_pct,0.00652653962432842
2016,1610612738,def_oreb_pct,0.03793966062166784
2016,1610612738,def_ft_rate,-0.005968736267540409
2016,1610612738,off_3pa_rate,0.016919628567133194
2016,1610612738,off_3p_pct,0.009996940132515841
2016,1610612738,def_3pa_rate,0.015449873608385234
2016,1610612738,def_3p_pct,0.021285322038266052
2016,1610612739,off_rating,7.053362876349183
2016,1610612739,def_rating,2.113290390908986
2016,1610612739,net_rating,4.940072485440203
2016,1610612739,pace,0.14413279132791956
2016,1610612739,off_efg,0.03163280156892345
2016,1610612739,off_tov_pct,-0.0047397014239711766
2016,1610612739,off_oreb_pct,0.01631121385777548
2016,1610612739,off_ft_rate,0.04098116321483308
2016,1610612739,def_efg,0.004908017572762269
2016,1610612739,def_tov_pct,0.004801318548192435
2016,1610612739,def_oreb_pct,-0.003510082176609558
2016,1610612739,def_ft_rate,0.009779633235152185
2016,1610612739,off_3pa_rate,0.008917176648476854
2016,1610612739,off_3p_pct,0.035721069614615464
2016,1610612739,def_3pa_rate,0.02860462117051904
2016,1610612739,def_3p_pct,0.0014161225861633597
2016,1610612741,off_rating,-2.9381567078657156
2016,1610612741,def_rating,4.838344228154426
2016,1610612741,net_rating,-7.776500936020137
2016,1610612741,pace,-2.672886178861802
2016,1610612741,off_efg,-0.004568440319735634
2016,1610612741,off_tov_pct,0.025173021188714034
2016,1610612741,off_oreb_pct,0.026223591182253314
2016,1610612741,off_ft_rate,-0.01838324428998006
2016,1610612741,def_efg,0.026405183381518094
2016,1610612741,def_tov_pct,-0.006878537610063018
2016,1610612741,def_oreb_pct,-0.01703401962022652
2016,1610612741,def_ft_rate,-0.00475922162075143
2016,1610612741,off_3pa_rate,0.02844181911539423
2016,1610612741,off_3p_pct,-0.04237888841116938
2016,1610612741,def_3pa_rate,0.1456699691662362
2016,1610612741,def_3p_pct,-0.005363036303630331
2016,1610612744,off_rating,3.397423931304843
2016,1610612744,def_rating,1.51729134094154
2016,1610612744,net_rating,1.8801325903632957
2016,1610612744,pace,0.29451936872310114
2016,1610612744,off_efg,0.003153675263208755
2016,1610612744,off_tov_pct,-0.01115479622489654
2016,1610612744,off_oreb_pct,-0.003783949453036589
2016,1610612744,off_ft_rate,0.03298560803631795
2016,1610612744,def_efg,0.001306088450951648
2016,1610612744,def_tov_pct,-0.014371062445848015
2016,1610612744,def_oreb_pct,-0.017420997614171124
2016,1610612744,def_ft_rate,0.016478584877163083
2016,1610612744,off_3pa_rate,0.019134550371872894
2016,1610612744,off_3p_pct,0.003109992053949351
2016,1610612744,def_3pa_rate,0.02496310724180756
2016,1610612744,def_3p_pct,0.017504973003694246
2016,1610612745,off_rating,-3.9729165853791955
2016,1610612745,def_rating,0.5252627995807586
2016,1610612745,net_rating,-4.498179384959958
2016,1610612745,pace,-3.581119733924595
2016,1610612745,off_efg,-0.030769075476438257
2016,1610612745,off_tov_pct,-0.007237281916401522
2016,1610612745,off_oreb_pct,-0.019322051580116073
2016,1610612745,off_ft_rate,-0.0006470648051776773
2016,1610612745,def_efg,-0.017456911461785407
2016,1610612745,def_tov_pct,-0.020209152304565936
2016,1610612745,def_oreb_pct,0.04033496496784719
2016,1610612745,def_ft_rate,0.01761954656329434
2016,1610612745,off_3pa_rate,-0.00984190503535154
2016,1610612745,off_3p_pct,-0.023895946763460407
2016,1610612745,def_3pa_rate,-0.03215739507106846
2016,1610612745,def_3p_pct,-0.027088646560193552
2016,1610612746,off_rating,-3.9484040261994267
2016,1610612746,def_rating,1.7310963095283256
2016,1610612746,net_rating,-5.679500335727769
2016,1610612746,pace,-6.124825783972128
2016,1610612746,off_efg,-0.01104943443653117
2016,1610612746,off_tov_pct,0.0005735372506697201
2016,1610612746,off_oreb_pct,-0.015397693243948157
2016,1610612746,off_ft_rate,-0.00033514872224549297
2016,1610612746,def_efg,0.03579433180481306
2016,1610612746,def_tov_pct,-0.001337942776421075
2016,1610612746,def_oreb_pct,-0.05108173076923078
2016,1610612746,def_ft_rate,0.033650898915478455
2016,1610612746,off_3pa_rate,-0.02491172422047999
2016,1610612746,off_3p_pct,-0.027049269379108065
2016,1610612746,def_3pa_rate,0.022430428066543162
2016,1610612746,def_3p_pct,0.03898925586947871
2016,1610612749,off_rating,-5.2190723475235075
2016,1610612749,def_rating,-4.671320639592267
2016,1610612749,net_rating,-0.5477517079312426
2016,1610612749,pace,-4.6667886178861835
2016,1610612749,off_efg,-0.024277506203690624
2016,1610612749,off_tov_pct,4.9386424692238196e-05
2016,1610612749,off_oreb_pct,-0.02458115313641382
2016,1610612749,off_ft_rate,-0.007339962245997977
2016,1610612749,def_efg,-0.023789724881476126
2016,1610612749,def_tov_pct,0.0043593258253996625
2016,1610612749,def_oreb_pct,-0.05215541787053585
2016,1610612749,def_ft_rate,0.06747616606460893
2016,1610612749,off_3pa_rate,-0.012613456491608555
2016,1610612749,off_3p_pct,0.04539489287690729
2016,1610612749,def_3pa_rate,-0.013226393574871764
2016,1610612749,def_3p_pct,-0.0013697608140975093
2016,1610612754,off_rating,6.600358387519677
2016,1610612754,def_rating,10.585574902332823
2016,1610612754,net_rating,-3.985216514813131
2016,1610612754,pace,-1.7210975609756076
2016,1610612754,off_efg,0.014301688068099838
2016,1610612754,off_tov_pct,-0.003974603720165476
2016,1610612754,off_oreb_pct,0.07070768042108316
2016,1610612754,off_ft_rate,-0.014163420381859276
2016,1610612754,def_efg,0.05265188932164755
2016,1610612754,def_tov_pct,-0.01971751500096025
2016,1610612754,def_oreb_pct,0.002985043561515993
2016,1610612754,def_ft_rate,0.03754855416486835
2016,1610612754,off_3pa_rate,0.058493242918289834
2016,1610612754,off_3p_pct,0.015177026871179833
2016,1610612754,def_3pa_rate,0.05905297132030163
2016,1610612754,def_3p_pct,0.04760625503707916
2016,1610612757,off_rating,-9.433728981206727
2016,1610612757,def_rating,7.7686093367051114
2016,1610612757,net_rating,-17.20233831791184
2016,1610612757,pace,4.482439024390246
2016,1610612757,off_efg,-0.06166144729063333
2016,1610612757,off_tov_pct,0.007486248822344388
2016,1610612757,off_oreb_pct,-0.023858778887695165
2016,1610612757,off_ft_rate,-0.003876742001375444
2016,1610612757,def_efg,0.047456893389394184
2016,1610612757,def_tov_pct,-0.00770159341652904
2016,1610612757,def_oreb_pct,-0.04136738494280395
2016,1610612757,def_ft_rate,0.019249063974794534
2016,1610612757,off_3pa_rate,0.05802964795526294
2016,1610612757,off_3p_pct,-0.0514705882352941
2016,1610612757,def_3pa_rate,0.06417057242952301
2016,1610612757,def_3p_pct,0.032963415781058936
2016,1610612759,off_rating,2.5675045521161906
2016,1610612759,def_rating,9.046683246732101
2016,1610612759,net_rating,-6.4791786946159196
2016,1610612759,pace,-1.1312499999999943
2016,1610612759,off_efg,-0.012704646436595857
2016,1610612759,off_tov_pct,-0.00737405085947887
2016,1610612759,off_oreb_pct,0.051024531289288605
2016,1610612759,off_ft_rate,0.013422407916992729
2016,1610612759,def_efg,0.04724658702192003
2016,1610612759,def_tov_pct,-0.005850559562492641
2016,1610612759,def_oreb_pct,-0.008480825639556488
2016,1610612759,def_ft_rate,0.006191134310743529
2016,1610612759,off_3pa_rate,0.0015703760739861905
2016,1610612759,off_3p_pct,-0.04037921208509576
2016,1610612759,def_3pa_rate,0.11937621727768566
2016,1610612759,def_3p_pct,0.0376036641552388
2016,1610612760,off_rating,-2.886581975472879
2016,1610612760,def_rating,6.548299471460027
2016,1610612760,net_rating,-9.434881446932916
2016,1610612760,pace,1.0404878048780546
2016,1610612760,off_efg,-0.010088248634710917
2016,1610612760,off_tov_pct,-0.019563443851002477
2016,1610612760,off_oreb_pct,-0.019923439864684422
2016,1610612760,off_ft_rate,0.01418323809000932
2016,1610612760,def_efg,0.0019804499205705595
2016,1610612760,def_tov_pct,0.007229662191901853
2016,1610612760,def_oreb_pct,0.04235574935658945
2016,1610612760,def_ft_rate,0.11573030412371488
2016,1610612760,off_3pa_rate,0.013764769684373956
2016,1610612760,off_3p_pct,-0.01592102499474901
2016,1610612760,def_3pa_rate,0.11240102013463105
2016,1610612760,def_3p_pct,-0.07157554550632983
2016,1610612761,off_rating,-7.174050376299078
2016,1610612761,def_rating,3.35359840100287
2016,1610612761,net_rating,-10.527648777301955
2016,1610612761,pace,-2.5026829268292516
2016,1610612761,off_efg,-0.023469265301892195
2016,1610612761,off_tov_pct,0.004632637125023903
2016,1610612761,off_oreb_pct,-0.07654221075118295
2016,1610612761,off_ft_rate,-0.010129440835228876
2016,1610612761,def_efg,0.03225878472539445
2016,1610612761,def_tov_pct,-0.007250203703489944
2016,1610612761,def_oreb_pct,-0.049454662104362695
2016,1610612761,def_ft_rate,0.008361876672968505
2016,1610612761,off_3pa_rate,0.0070747898563768286
2016,1610612761,off_3p_pct,-0.03131155928879037
2016,1610612761,def_3pa_rate,0.002275807037121935
2016,1610612761,def_3p_pct,0.08614874110563764
2016,1610612762,off_rating,-3.7781248980275137
2016,1610612762,def_rating,5.566740015918356
2016,1610612762,net_rating,-9.344864913945862
2016,1610612762,pace,0.857472283813749
2016,1610612762,off_efg,-0.011165915529573911
2016,1610612762,off_tov_pct,-0.016823612392814075
2016,1610612762,off_oreb_pct,-0.06407924573338106
2016,1610612762,off_ft_rate,0.010346460871129115
2016,1610612762,def_efg,0.04032044782230876
2016,1610612762,def_tov_pct,-0.005864281218299142
2016,1610612762,def_oreb_pct,-0.023820655477114427
2016,1610612762,def_ft_rate,0.04332662457610764
2016,1610612762,off_3pa_rate,0.003995598235732978
2016,1610612762,off_3p_pct,-0.006798245614035081
2016,1610612762,def_3pa_rate,0.04162152466123503
2016,1610612762,def_3p_pct,-0.008057630736392762
2016,1610612763,off_rating,2.9137165498468107
2016,1610612763,def_rating,12.938765596413162
2016,1610612763,net_rating,-10.025049046566345
2016,1610612763,pace,-6.728536585365845
2016,1610612763,off_efg,0.018400284615690043
2016,1610612763,off_tov_pct,-0.008311398919222612
2016,1610612763,off_oreb_pct,-0.04498119935090358
2016,1610612763,off_ft_rate,-0.01633767168483541
2016,1610612763,def_efg,0.03947856793266291
2016,1610612763,def_tov_pct,-0.022790855137077348
2016,1610612763,def_oreb_pct,0.03604716275126518
2016,1610612763,def_ft_rate,-0.018788993400249532
2016,1610612763,off_3pa_rate,-0.0032825970362405643
2016,1610612763,off_3p_pct,0.03258771720640369
2016,1610612763,def_3pa_rate,-0.044591996445388804
2016,1610612763,def_3p_pct,0.05609020830312694
2016,1610612764,off_rating,-0.21211000123318513
2016,1610612764,def_rating,1.6130225675175751
2016,1610612764,net_rating,-1.8251325687507707
2016,1610612764,pace,-0.7678517823639766
2016,1610612764,off_efg,-0.02240491285382551
2016,1610612764,off_tov_pct,-0.004546505202010109
2016,1610612764,off_oreb_pct,0.02498557378694366
2016,1610612764,off_ft_rate,0.027060011861174793
2016,1610612764,def_efg,0.0006429045350105911
2016,1610612764,def_tov_pct,-0.006227119963436861
2016,1610612764,def_oreb_pct,-0.00769796380973492
2016,1610612764,def_ft_rate,0.032723207428556056
2016,1610612764,off_3pa_rate,0.017586079935854704
2016,1610612764,off_3p_pct,-0.05555332798716922
2016,1610612764,def_3pa_rate,0.04408329889201895
2016,1610612764,def_3p_pct,0.001273600409012865
2017,1610612738,off_rating,0.2734501931397375
2017,1610612738,def_rating,3.2318081084096377
2017,1610612738,net_rating,-2.958357915269901
2017,1610612738,pace,-3.028600770218233
2017,1610612738,off_efg,-0.017318352976360307
2017,1610612738,off_tov_pct,-0.02102725496674364
2017,1610612738,off_oreb_pct,-0.010654547075418186
2017,1610612738,off_ft_rate,0.03925623841695783
2017,1610612738,def_efg,0.0229506102729638
2017,1610612738,def_tov_pct,-0.0028641094502661057
2017,1610612738,def_oreb_pct,-0.010494537639336637
2017,1610612738,def_ft_rate,0.024221776510358117
2017,1610612738,off_3pa_rate,0.009980651505059168
2017,1610612738,off_3p_pct,-0.03429286971320272
2017,1610612738,def_3pa_rate,0.012104162998696322
2017,1610612738,def_3p_pct,-0.003517477678194658
2017,1610612739,off_rating,-3.7684108509697865
2017,1610612739,def_rating,-0.9702853558206783
2017,1610612739,net_rating,-2.798125495149113
2017,1610612739,pace,-6.568470066518856
2017,1610612739,off_efg,-0.03531822848217814
2017,1610612739,off_tov_pct,-0.0033628927932576047
2017,1610612739,off_oreb_pct,0.03413812252315923
2017,1610612739,off_ft_rate,0.007389260163218725
2017,1610612739,def_efg,-0.010427116350379184
2017,1610612739,def_tov_pct,-0.009554857221637139
2017,1610612739,def_oreb_pct,-0.02154571988325138
2017,1610612739,def_ft_rate,0.0321259220534284
2017,1610612739,off_3pa_rate,-0.008930769876048072
2017,1610612739,off_3p_pct,-0.04082044713606775
2017,1610612739,def_3pa_rate,0.0008941727218381712
2017,1610612739,def_3p_pct,-0.021571648690292766
2017,1610612740,off_rating,-2.960376203953416
2017,1610612740,def_rating,-0.9467855053087675
2017,1610612740,net_rating,-2.0135906986446424
2017,1610612740,pace,2.404986449864495
2017,1610612740,off_efg,-0.008357506963236006
2017,1610612740,off_tov_pct,-0.0054065355639516255
2017,1610612740,off_oreb_pct,-0.023223937343701234
2017,1610612740,off_ft_rate,-0.0327759212186928
2017,1610612740,def_efg,0.001223289180970255
2017,1610612740,def_tov_pct,-0.006846159483295783
2017,1610612740,def_oreb_pct,-0.021180491973387033
2017,1610612740,def_ft_rate,-0.008795819131783594
2017,1610612740,off_3pa_rate,-0.018550341085758926
2017,1610612740,off_3p_pct,0.004230922579634588
2017,1610612740,def_3pa_rate,0.012237675265832582
2017,1610612740,def_3p_pct,-0.027737025490555678
2017,1610612744,off_rating,-0.07987370026356189
2017,1610612744,def_rating,-4.345281232807551
2017,1610612744,net_rating,4.265407532543984
2017,1610612744,pace,-2.5839082462253486
2017,1610612744,off_efg,-0.024562335955818804
2017,1610612744,off_tov_pct,-0.02236144206412552
2017,1610612744,off_oreb_pct,0.007887681905439342
2017,1610612744,off_ft_rate,-0.002014904069906287
2017,1610612744,def_efg,-0.02292231255645888
2017,1610612744,def_tov_pct,-0.0031242552904636733
2017,1610612744,def_oreb_pct,-0.013158686319013374
2017,1610612744,def_ft_rate,-0.004110207768744378
2017,1610612744,off_3pa_rate,0.025447882962286672
2017,1610612744,off_3p_pct,-0.034281318318108656
2017,1610612744,def_3pa_rate,0.047885116106063
2017,1610612744,def_3p_pct,-0.04328177869619082
2017,1610612745,off_rating,-5.534692466215944
2017,1610612745,def_rating,1.1832775210553592
2017,1610612745,net_rating,-6.717969987271307
2017,1610612745,pace,-1.4686154949784793
2017,1610612745,off_efg,-0.03605300737988948
2017,1610612745,off_tov_pct,-0.015681382697002436
2017,1610612745,off_oreb_pct,-0.012539545585274647
2017,1610612745,off_ft_rate,-0.03774648731238206
2017,1610612745,def_efg,0.00851658174327019
2017,1610612745,def_tov_pct,-0.0013478267728923854
2017,1610612745,def_oreb_pct,-0.0013988626215735989
2017,1610612745,def_ft_rate,0.02109102601359078
2017,1610612745,off_3pa_rate,-0.03625473101850468
2017,1610612745,off_3p_pct,-0.02468154766979863
2017,1610612745,def_3pa_rate,0.00032792754961641357
2017,1610612745,def_3p_pct,0.03132799885817256
2017,1610612748,off_rating,-4.4274698129859615
2017,1610612748,def_rating,6.690867226443274
2017,1610612748,net_rating,-11.118337039429246
2017,1610612748,pace,5.615000000000009
2017,1610612748,off_efg,-0.012333443111229858
2017,1610612748,off_tov_pct,0.012058106613812486
2017,1610612748,off_oreb_pct,-0.0077911241340500315
2017,1610612748,off_ft_rate,0.11659827987011684
2017,1610612748,def_efg,0.007037121013110936
2017,1610612748,def_tov_pct,0.010677355967068203
2017,1610612748,def_oreb_pct,0.08609106491173701
2017,1610612748,def_ft_rate,0.08958279021714993
2017,1610612748,off_3pa_rate,-0.02482016102139012
2017,1610612748,off_3p_pct,0.030969152295360736
2017,1610612748,def_3pa_rate,0.04193905712034057
2017,1610612748,def_3p_pct,0.003130685684413992
2017,1610612749,off_rating,-0.27141489591609513
2017,1610612749,def_rating,0.026348190288345563
2017,1610612749,net_rating,-0.29776308620443
2017,1610612749,pace,-4.529878048780475
2017,1610612749,off_efg,0.029913522897746958
2017,1610612749,off_tov_pct,-0.0012430695533623137
2017,1610612749,off_oreb_pct,-0.05729572894892834
2017,1610612749,off_ft_rate,-0.02767840962341256
2017,1610612749,def_efg,-0.024480380730380724
2017,1610612749,def_tov_pct,-0.02182723682264276
2017,1610612749,def_oreb_pct,0.004520889627935981
2017,1610612749,def_ft_rate,0.010003885003885049
2017,1610612749,off_3pa_rate,0.031126180756391786
2017,1610612749,off_3p_pct,0.017479139218269657
2017,1610612749,def_3pa_rate,0.022707847707847673
2017,1610612749,def_3p_pct,-0.022663196703535005
2017,1610612750,off_rating,-5.513495699172793
2017,1610612750,def_rating,6.0414593151633085
2017,1610612750,net_rating,-11.554955014336091
2017,1610612750,pace,-1.6467073170731652
2017,1610612750,off_efg,-0.008479375691416435
2017,1610612750,off_tov_pct,0.004454150381248578
2017,1610612750,off_oreb_pct,-0.04316444186184151
2017,1610612750,off_ft_rate,-0.004305079946342494
2017,1610612750,def_efg,-0.008499973808962613
2017,1610612750,def_tov_pct,-0.06619124312504795
2017,1610612750,def_oreb_pct,-0.03908623147975945
2017,1610612750,def_ft_rate,0.016653571147953183
2017,1610612750,off_3pa_rate,0.0027020735895103565
2017,1610612750,off_3p_pct,0.056204470301583764
2017,1610612750,def_3pa_rate,0.14299455226421515
2017,1610612750,def_3p_pct,-0.02048236393587438
2017,1610612754,off_rating,1.8328556669389968
2017,1610612754,def_rating,-3.020164163191751
2017,1610612754,net_rating,4.853019830130748
2017,1610612754,pace,-5.421550522648076
2017,1610612754,off_efg,0.017323621143039647
2017,1610612754,off_tov_pct,0.005637451876467997
2017,1610612754,off_oreb_pct,-0.010984085019501072
2017,1610612754,off_ft_rate,0.018560672122223787
2017,1610612754,def_efg,-0.024301610977074062
2017,1610612754,def_tov_pct,-0.00045970441564693876
2017,1610612754,def_oreb_pct,-0.01472004211663816
2017,1610612754,def_ft_rate,0.08232994030006716
2017,1610612754,off_3pa_rate,0.05490286677221429
2017,1610612754,off_3p_pct,-0.010761979575805158
2017,1610612754,def_3pa_rate,0.0661118984557093
2017,1610612754,def_3p_pct,-0.02697178922399185
2017,1610612755,off_rating,0.4139095113911395
2017,1610612755,def_rating,0.9563244410816338
2017,1610612755,net_rating,-0.5424149296905054
2017,1610612755,pace,-1.852463414634144
2017,1610612755,off_efg,-0.0420712924624268
2017,1610612755,off_tov_pct,-0.01853311889897069
2017,1610612755,off_oreb_pct,0.03861617578307619
2017,1610612755,off_ft_rate,0.056601286588248756
2017,1610612755,def_efg,0.02249544992238095
2017,1610612755,def_tov_pct,-0.0007764873393620586
2017,1610612755,def_oreb_pct,-0.02207925821388057
2017,1610612755,def_ft_rate,0.028359529736095512
2017,1610612755,off_3pa_rate,-0.013389782750930113
2017,1610612755,off_3p_pct,-0.030623198419844122
2017,1610612755,def_3pa_rate,0.02158794363256783
2017,1610612755,def_3p_pct,0.03969694338910229
2017,1610612757,off_rating,-2.870870870870874
2017,1610612757,def_rating,8.79429429429429
2017,1610612757,net_rating,-11.665165165165165
2017,1610612757,pace,3.1439024390243873
2017,1610612757,off_efg,0.0013559071326878502
2017,1610612757,off_tov_pct,0.007412084010639974
2017,1610612757,off_oreb_pct,0.00677117287974871
2017,1610612757,off_ft_rate,-0.06738858449458562
2017,1610612757,def_efg,0.0789654397707571
2017,1610612757,def_tov_pct,0.012482460140469415
2017,1610612757,def_oreb_pct,-0.020018785351554436
2017,1610612757,def_ft_rate,0.0036662752694918144
2017,1610612757,off_3pa_rate,0.03078371432269361
2017,1610612757,off_3p_pct,-0.032784517619872944
2017,1610612757,def_3pa_rate,-0.010921676762453036
2017,1610612757,def_3p_pct,0.03561266636071597
2017,1610612759,off_rating,-4.970503824392765
2017,1610612759,def_rating,7.324780810081521
2017,1610612759,net_rating,-12.295284634474296
2017,1610612759,pace,-1.0956097560975593
2017,1610612759,off_efg,-0.044208156569247314
2017,1610612759,off_tov_pct,-0.021077702685479344
2017,1610612759,off_oreb_pct,-0.05212881155710877
2017,1610612759,off_ft_rate,0.029428002159190114
2017,1610612759,def_efg,0.027716963155426155
2017,1610612759,def_tov_pct,-0.0013334064068319662
2017,1610612759,def_oreb_pct,0.048643811451623525
2017,1610612759,def_ft_rate,0.022241375333169777
2017,1610612759,off_3pa_rate,0.05404658899447279
2017,1610612759,off_3p_pct,-0.05417621799631939
2017,1610612759,def_3pa_rate,0.02648721459942388
2017,1610612759,def_3p_pct,-0.012475129327497059
2017,1610612760,off_rating,-7.173397676557187
2017,1610612760,def_rating,0.7177025419510414
2017,1610612760,net_rating,-7.891100218508238
2017,1610612760,pace,1.1291463414634109
2017,1610612760,off_efg,-0.023620893780423646
2017,1610612760,off_tov_pct,-0.00025065268525278905
2017,1610612760,off_oreb_pct,-0.06857831809504672
2017,1610612760,off_ft_rate,-0.03019132539726377
2017,1610612760,def_efg,-0.004407630305514165
2017,1610612760,def_tov_pct,-0.008104702858674595
2017,1610612760,def_oreb_pct,0.020131156901271263
2017,1610612760,def_ft_rate,0.057204282519755234
2017,1610612760,off_3pa_rate,-0.011632737847943497
2017,1610612760,off_3p_pct,0.010488626106004706
2017,1610612760,def_3pa_rate,0.010132516519625823
2017,1610612760,def_3p_pct,-0.0071841172758604355
2017,1610612761,off_rating,-1.5586062393454085
2017,1610612761,def_rating,10.883104275775253
2017,1610612761,net_rating,-12.441710515120668
2017,1610612761,pace,-2.8008292682926736
2017,1610612761,off_efg,-0.0035613034180682623
2017,1610612761,off_tov_pct,0.01101202167602891
2017,1610612761,off_oreb_pct,0.0016840188883199547
2017,1610612761,off_ft_rate,0.04071482335768947
2017,1610612761,def_efg,0.03984260815096885
2017,1610612761,def_tov_pct,-0.028876349481887192
2017,1610612761,def_oreb_pct,-0.014320423670536792
2017,1610612761,def_ft_rate,-0.010334867812720583
2017,1610612761,off_3pa_rate,-0.052896169158183626
2017,1610612761,off_3p_pct,0.0316572860634004
2017,1610612761,def_3pa_rate,-0.009019457728904223
2017,1610612761,def_3p_pct,0.029548773276371842
2017,1610612762,off_rating,-3.1486139642346416
2017,1610612762,def_rating,3.5133013783497944
2017,1610612762,net_rating,-6.661915342584441
2017,1610612762,pace,1.7919290465631832
2017,1610612762,off_efg,-0.007333924409375636
2017,1610612762,off_tov_pct,0.006419325452368674
2017,1610612762,off_oreb_pct,-0.007329993814548907
2017,1610612762,off_ft_rate,0.024170719022066023
2017,1610612762,def_efg,-0.0012201945278779158
2017,1610612762,def_tov_pct,-0.025674124275245708
2017,1610612762,def_oreb_pct,-0.010124022054879223
2017,1610612762,def_ft_rate,-0.00347181739276875
2017,1610612762,off_3pa_rate,0.003970566219875127
2017,1610612762,off_3p_pct,-0.007110581894525736
2017,1610612762,def_3pa_rate,0.0593097511309007
2017,1610612762,def_3p_pct,-0.001706532012346218
2017,1610612764,off_rating,1.6275436370089693
2017,1610612764,def_rating,4.268870402968403
2017,1610612764,net_rating,-2.64132676595944
2017,1610612764,pace,0.41613821138210483
2017,1610612764,off_efg,-0.01193074113587711
2017,1610612764,off_tov_pct,-0.011849248920809963
2017,1610612764,off_oreb_pct,-0.023189160712911605
2017,1610612764,off_ft_rate,0.0194841444895123
2017,1610612764,def_efg,0.01704691869051833
2017,1610612764,def_tov_pct,-0.006445124352794901
2017,1610612764,def_oreb_pct,-0.009814930534347566
2017,1610612764,def_ft_rate,0.02067187746310184
2017,1610612764,off_3pa_rate,-0.05327229561781027
2017,1610612764,off_3p_pct,-0.008185117138511167
2017,1610612764,def_3pa_rate,-0.021965560346758173
2017,1610612764,def_3p_pct,0.06100349622215934
2018,1610612738,off_rating,-9.842590623139202
2018,1610612738,def_rating,-4.012638382235906
2018,1610612738,net_rating,-5.829952240903302
2018,1610612738,pace,0.18403794037939747
2018,1610612738,off_efg,-0.04300657156316079
2018,1610612738,off_tov_pct,0.019109983527779956
2018,1610612738,off_oreb_pct,-0.05052009506655725
2018,1610612738,off_ft_rate,0.07270202168952192
2018,1610612738,def_efg,-0.022095310859232997
2018,1610612738,def_tov_pct,-0.027017093903143927
2018,1610612738,def_oreb_pct,-0.05147502020366271
2018,1610612738,def_ft_rate,0.019979841628863848
2018,1610612738,off_3pa_rate,0.011225419369374101
2018,1610612738,off_3p_pct,-0.021358869715179363
2018,1610612738,def_3pa_rate,0.03320156824817572
2018,1610612738,def_3p_pct,-0.0030317643171609565
2018,1610612743,off_rating,1.1766969091436437
2018,1610612743,def_rating,3.2513195984728895
2018,1610612743,net_rating,-2.074622689329235
2018,1610612743,pace,-4.658257839721244
2018,1610612743,off_efg,-0.031237159542920445
2018,1610612743,off_tov_pct,-0.033451431576570725
2018,1610612743,off_oreb_pct,0.00775096841121703
2018,1610612743,off_ft_rate,0.04736975969955798
2018,1610612743,def_efg,-0.02403184260780744
2018,1610612743,def_tov_pct,-0.036855537019773746
2018,1610612743,def_oreb_pct,0.031493636756190685
2018,1610612743,def_ft_rate,0.02209441755118352
2018,1610612743,off_3pa_rate,-0.04018843250133608
2018,1610612743,off_3p_pct,-0.0067521964886178565
2018,1610612743,def_3pa_rate,-0.07823295414892872
2018,1610612743,def_3p_pct,-0.008229738176262213
2018,1610612744,off_rating,-0.4649587186692514
2018,1610612744,def_rating,2.4761729726908186
2018,1610612744,net_rating,-2.9411316913600656
2018,1610612744,pace,-3.1448558758314817
2018,1610612744,off_efg,-0.016772019976923236
2018,1610612744,off_tov_pct,0.008691850394322076
2018,1610612744,off_oreb_pct,0.022805847714236632
2018,1610612744,off_ft_rate,0.05517884852028032
2018,1610612744,def_efg,0.014017806549986966
2018,1610612744,def_tov_pct,0.014892032851725134
2018,1610612744,def_oreb_pct,0.005411730053483804
2018,1610612744,def_ft_rate,0.03446066783820351
2018,1610612744,off_3pa_rate,-0.003696297143291394
2018,1610612744,off_3p_pct,-0.012692791942083725
2018,1610612744,def_3pa_rate,0.052839016954964346
2018,1610612744,def_3p_pct,0.014007958508694518
2018,1610612745,off_rating,-4.442164958189821
2018,1610612745,def_rating,-2.8705596954211785
2018,1610612745,net_rating,-1.5716052627686317
2018,1610612745,pace,-1.0954767184035603
2018,1610612745,off_efg,-0.0047263246927827796
2018,1610612745,off_tov_pct,0.02532908162176359
2018,1610612745,off_oreb_pct,0.0030881389936889547
2018,1610612745,off_ft_rate,0.010235625773929224
2018,1610612745,def_efg,-0.025222097755794537
2018,1610612745,def_tov_pct,-0.005250116429254298
2018,1610612745,def_oreb_pct,-0.005979498861047816
2018,1610612745,def_ft_rate,0.01184285097883675
2018,1610612745,off_3pa_rate,-0.009713691987294215
2018,1610612745,off_3p_pct,0.01040786336320021
2018,1610612745,def_3pa_rate,0.05270747951349214
2018,1610612745,def_3p_pct,-0.03313805973380446
2018,1610612746,off_rating,0.0972638564181949
2018,1610612746,def_rating,10.485621261886664
2018,1610612746,net_rating,-10.388357405468463
2018,1610612746,pace,0.41296747967480485
2018,1610612746,off_efg,-0.017414191337497997
2018,1610612746,off_tov_pct,0.0017325658295690716
2018,1610612746,off_oreb_pct,-0.0007899817417485189
2018,1610612746,off_ft_rate,-0.002631613210667072
2018,1610612746,def_efg,0.060285124235559984
2018,1610612746,def_tov_pct,0.011579563430842793
2018,1610612746,def_oreb_pct,0.01556879334657113
2018,1610612746,def_ft_rate,0.002011170949530683
2018,1610612746,off_3pa_rate,0.06007192277545875
2018,1610612746,off_3p_pct,-0.0244719447343571
2018,1610612746,def_3pa_rate,0.03071561082692026
2018,1610612746,def_3p_pct,0.05621039992804261
2018,1610612749,off_rating,-2.779262278938006
2018,1610612749,def_rating,-2.898141677245661
2018,1610612749,net_rating,0.11887939830764793
2018,1610612749,pace,-2.9707154471544754
2018,1610612749,off_efg,-0.026773663195803654
2018,1610612749,off_tov_pct,-0.005354467282593228
2018,1610612749,off_oreb_pct,0.009173424828446658
2018,1610612749,off_ft_rate,0.06212903730904151
2018,1610612749,def_efg,-0.028685037887019926
2018,1610612749,def_tov_pct,-0.009132800954144135
2018,1610612749,def_oreb_pct,-0.027363551940001174
2018,1610612749,def_ft_rate,0.036888483215253315
2018,1610612749,off_3pa_rate,0.01145470662662923
2018,1610612749,off_3p_pct,-0.016332367335488873
2018,1610612749,def_3pa_rate,0.01342567237990372
2018,1610612749,def_3p_pct,-0.019222661984684364
2018,1610612751,off_rating,-3.204702793136562
2018,1610612751,def_rating,7.160740729432234
2018,1610612751,net_rating,-10.36544352256879
2018,1610612751,pace,3.931707317073162
2018,1610612751,off_efg,-0.03946804948304977
2018,1610612751,off_tov_pct,-0.011105269434038084
2018,1610612751,off_oreb_pct,-0.015307468989179202
2018,1610612751,off_ft_rate,0.035702071548079084
2018,1610612751,def_efg,0.029512028320179295
2018,1610612751,def_tov_pct,0.023534413900746842
2018,1610612751,def_oreb_pct,0.08486637492924656
2018,1610612751,def_ft_rate,0.05135013952319242
2018,1610612751,off_3pa_rate,-0.030971514355235208
2018,1610612751,off_3p_pct,-0.029590318420791573
2018,1610612751,def_3pa_rate,-0.040371427778844005
2018,1610612751,def_3p_pct,-0.005289321694023796
2018,1610612753,off_rating,-12.367822451739826
2018,1610612753,def_rating,3.3453215295708816
2018,1610612753,net_rating,-15.71314398131071
2018,1610612753,pace,-2.9726829268292647
2018,1610612753,off_efg,-0.06732560459437315
2018,1610612753,off_tov_pct,0.026953157329289573
2018,1610612753,off_oreb_pct,-0.01616145154280746
2018,1610612753,off_ft_rate,0.051923143511503234
2018,1610612753,def_efg,0.03438377082323296
2018,1610612753,def_tov_pct,-0.0024864342842378373
2018,1610612753,def_oreb_pct,-0.031397590620977855
2018,1610612753,def_ft_rate,-0.04939661683272484
2018,1610612753,off_3pa_rate,0.058937707858943644
2018,1610612753,off_3p_pct,-0.05701725665841595
2018,1610612753,def_3pa_rate,0.04178828325203571
2018,1610612753,def_3p_pct,0.02143149284253576
2018,1610612754,off_rating,-13.563738108850558
2018,1610612754,def_rating,-2.3592208183348617
2018,1610612754,net_rating,-11.204517290515682
2018,1610612754,pace,-3.0247560975609673
2018,1610612754,off_efg,-0.06863483964097034
2018,1610612754,off_tov_pct,-0.011593037053724428
2018,1610612754,off_oreb_pct,-0.05316240843308914
2018,1610612754,off_ft_rate,0.003462731159964566
2018,1610612754,def_efg,0.001108735302450814
2018,1610612754,def_tov_pct,0.0072652614301906004
2018,1610612754,def_oreb_pct,-0.0489172266023174
2018,1610612754,def_ft_rate,0.028497751097889185
2018,1610612754,off_3pa_rate,0.06462659824010003
2018,1610612754,off_3p_pct,-0.03820480618965505
2018,1610612754,def_3pa_rate,-0.004249008358124362
2018,1610612754,def_3p_pct,0.04433622792844405
2018,1610612755,off_rating,-2.429387437222431
2018,1610612755,def_rating,-2.8318062791650362
2018,1610612755,net_rating,0.40241884194260447
2018,1610612755,pace,-2.9724390243902405
2018,1610612755,off_efg,-0.01841230659370019
2018,1610612755,off_tov_pct,0.018401367079233982
2018,1610612755,off_oreb_pct,0.026433374817143696
2018,1610612755,off_ft_rate,-0.011209411019343696
2018,1610612755,def_efg,-0.02309595589359431
2018,1610612755,def_tov_pct,0.003916719737262667
2018,1610612755,def_oreb_pct,-0.009941739592902371
2018,1610612755,def_ft_rate,0.03584185046691035
2018,1610612755,off_3pa_rate,-0.010975450973759682
2018,1610612755,off_3p_pct,-0.02795880678113971
2018,1610612755,def_3pa_rate,0.055528704647981986
2018,1610612755,def_3p_pct,-0.03308139724597009
2018,1610612757,off_rating,-4.219556888096889
2018,1610612757,def_rating,1.312985908103883
2018,1610612757,net_rating,-5.532542796200769
2018,1610612757,pace,-2.538033536585388
2018,1610612757,off_efg,-0.026691076256721846
2018,1610612757,off_tov_pct,-0.009271610614556336
2018,1610612757,off_oreb_pct,-0.021878471267528177
2018,1610612757,off_ft_rate,0.016652384987664803
2018,1610612757,def_efg,-0.012840233196916184
2018,1610612757,def_tov_pct,0.0073436149586384725
2018,1610612757,def_oreb_pct,0.05514203485958358
2018,1610612757,def_ft_rate,0.0408098383634784
2018,1610612757,off_3pa_rate,0.02351708204501235
2018,1610612757,off_3p_pct,0.0012698412698412542
2018,1610612757,def_3pa_rate,0.006902478265372991
2018,1610612757,def_3p_pct,-0.020551212267805152
2018,1610612759,off_rating,-1.4586326730566697
2018,1610612759,def_rating,2.2229410336550046
2018,1610612759,net_rating,-3.6815737067116765
2018,1610612759,pace,-5.721289198606286
2018,1610612759,off_efg,-0.03197549520719434
2018,1610612759,off_tov_pct,-0.029739191244385524
2018,1610612759,off_oreb_pct,0.0317161003663857
2018,1610612759,off_ft_rate,0.03282738492081133
2018,1610612759,def_efg,-0.012616593719535496
2018,1610612759,def_tov_pct,-0.023652742950739727
2018,1610612759,def_oreb_pct,0.026264763830829707
2018,1610612759,def_ft_rate,0.014825661492265663
2018,1610612759,off_3pa_rate,-0.052512519074921854
2018,1610612759,off_3p_pct,-0.0539516238288944
2018,1610612759,def_3pa_rate,-0.0538107340129228
2018,1610612759,def_3p_pct,0.0009384718122582014
2018,1610612760,off_rating,-5.437236695278571
2018,1610612760,def_rating,3.5802711539639915
2018,1610612760,net_rating,-9.017507849242556
2018,1610612760,pace,-2.48878048780486
2018,1610612760,off_efg,-0.014274591227614875
2018,1610612760,off_tov_pct,0.01747906599635768
2018,1610612760,off_oreb_pct,-0.03322745987732126
2018,1610612760,off_ft_rate,0.02945213334218577
2018,1610612760,def_efg,-0.004001186635517406
2018,1610612760,def_tov_pct,-0.018140278778000313
2018,1610612760,def_oreb_pct,0.02522566046665256
2018,1610612760,def_ft_rate,-0.005871064634553336
2018,1610612760,off_3pa_rate,0.017724636194086152
2018,1610612760,off_3p_pct,-0.016940724120783568
2018,1610612760,def_3pa_rate,-0.0013794637890754968
2018,1610612760,def_3p_pct,0.0493534145960306
2018,1610612761,off_rating,-2.8135843553116615
2018,1610612761,def_rating,-2.4483809535580434
2018,1610612761,net_rating,-0.3652034017536101
2018,1610612761,pace,-4.302286585365863
2018,1610612761,off_efg,-0.02837188736045748
2018,1610612761,off_tov_pct,-0.013583214450063094
2018,1610612761,off_oreb_pct,-0.029598021780556538
2018,1610612761,off_ft_rate,0.02801067681044425
2018,1610612761,def_efg,-0.017880701555450407
2018,1610612761,def_tov_pct,0.010239189771342416
2018,1610612761,def_oreb_pct,-0.005557083920275596
2018,1610612761,def_ft_rate,0.052326361100874214
2018,1610612761,off_3pa_rate,0.027258777375984033
2018,1610612761,off_3p_pct,-0.020465461724188616
2018,1610612761,def_3pa_rate,0.05824407247574581
2018,1610612761,def_3p_pct,-0.015442703853665085
2018,1610612762,off_rating,-11.078571351838605
2018,1610612762,def_rating,3.439828274709683
2018,1610612762,net_rating,-14.518399626548277
2018,1610612762,pace,-2.22743902439025
2018,1610612762,off_efg,-0.08319311086008346
2018,1610612762,off_tov_pct,0.0031747013403510826
2018,1610612762,off_oreb_pct,0.020022757952915082
2018,1610612762,off_ft_rate,0.0008995157258359643
2018,1610612762,def_efg,0.018889881916337004
2018,1610612762,def_tov_pct,0.015384805346033648
2018,1610612762,def_oreb_pct,-0.0019067900327997267
2018,1610612762,def_ft_rate,0.03857982592509024
2018,1610612762,off_3pa_rate,0.0205365454412334
2018,1610612762,off_3p_pct,-0.09347175956621284
2018,1610612762,def_3pa_rate,0.18780008468933979
2018,1610612762,def_3p_pct,0.010331461646403362
2018,1610612765,off_rating,-11.566869507041503
2018,1610612765,def_rating,11.643037515563535
2018,1610612765,net_rating,-23.209907022605044
2018,1610612765,pace,3.2396341463414586
2018,1610612765,off_efg,-0.06419053759479298
2018,1610612765,off_tov_pct,-0.03604930925858378
2018,1610612765,off_oreb_pct,-0.05011918004131574
2018,1610612765,off_ft_rate,-0.09099370034550638
2018,1610612765,def_efg,0.056851772133735046
2018,1610612765,def_tov_pct,0.0002720761527428006
2018,1610612765,def_oreb_pct,0.022874067915508334
2018,1610612765,def_ft_rate,0.04525756923518437
2018,1610612765,off_3pa_rate,-0.05063856919373988
2018,1610612765,off_3p_pct,-0.017105658329425566
2018,1610612765,def_3pa_rate,0.06442818194862965
2018,1610612765,def_3p_pct,0.02533086202972068
2021,1610612737,off_rating,-11.300091918069455
2021,1610612737,def_rating,3.1008629323235937
2021,1610612737,net_rating,-14.400954850393052
2021,1610612737,pace,-4.677073170731717
2021,1610612737,off_efg,-0.029816888837399746
2021,1610612737,off_tov_pct,0.05279230070358526
2021,1610612737,off_oreb_pct,-0.016952784359698186
2021,1610612737,off_ft_rate,0.028740501923015138
2021,1610612737,def_efg,-0.0009244571777085042
2021,1610612737,def_tov_pct,0.004859359855072354
2021,1610612737,def_oreb_pct,-0.021171372124147603
2021,1610612737,def_ft_rate,0.023643809147961825
2021,1610612737,off_3pa_rate,0.057983258872200794
2021,1610612737,off_3p_pct,-0.048621056362991855
2021,1610612737,def_3pa_rate,0.0526562608109597
2021,1610612737,def_3p_pct,-0.020169667590027696
2021,1610612738,off_rating,-3.310260694415277
2021,1610612738,def_rating,0.34532874571367245
2021,1610612738,net_rating,-3.655589440128952
2021,1610612738,pace,-1.4450406504064972
2021,1610612738,off_efg,-0.009238742469413586
2021,1610612738,off_tov_pct,0.013874036381600285
2021,1610612738,off_oreb_pct,-0.021544987342415195
2021,1610612738,off_ft_rate,0.044372162762645107
2021,1610612738,def_efg,-0.0007983468013150752
2021,1610612738,def_tov_pct,-0.0020148052857307808
2021,1610612738,def_oreb_pct,0.003945082687061091
2021,1610612738,def_ft_rate,-0.0018371179757445955
2021,1610612738,off_3pa_rate,0.02328780099410782
2021,1610612738,off_3p_pct,0.016712412115667208
2021,1610612738,def_3pa_rate,-0.006023527452587996
2021,1610612738,def_3p_pct,-0.006717012850841864
2021,1610612740,off_rating,4.422968090200698
2021,1610612740,def_rating,4.996952679465423
2021,1610612740,net_rating,-0.5739845892647251
2021,1610612740,pace,-3.2718292682926773
2021,1610612740,off_efg,0.0005236660901133394
2021,1610612740,off_tov_pct,0.010242669213780503
2021,1610612740,off_oreb_pct,0.0810117905127502
2021,1610612740,off_ft_rate,0.07803145394478683
2021,1610612740,def_efg,0.028584404127719676
2021,1610612740,def_tov_pct,-0.026489412934518106
2021,1610612740,def_oreb_pct,-0.020422109793853366
2021,1610612740,def_ft_rate,-0.010670385560617252
2021,1610612740,off_3pa_rate,-0.05227837223424292
2021,1610612740,off_3p_pct,0.02236495563120211
2021,1610612740,def_3pa_rate,-0.0876406965117858
2021,1610612740,def_3p_pct,-0.04624077806490473
2021,1610612741,off_rating,-18.209420646643693
2021,1610612741,def_rating,-4.11918829570233
2021,1610612741,net_rating,-14.090232350941362
2021,1610612741,pace,2.338536585365844
2021,1610612741,off_efg,-0.08012439500391533
2021,1610612741,off_tov_pct,0.0005884392218205581
2021,1610612741,off_oreb_pct,-0.04554058481810777
2021,1610612741,off_ft_rate,-0.08814486119273479
2021,1610612741,def_efg,0.012763128020498837
2021,1610612741,def_tov_pct,0.02067608561006512
2021,1610612741,def_oreb_pct,-0.030435455577339787
2021,1610612741,def_ft_rate,-0.0043949271836787596
2021,1610612741,off_3pa_rate,0.07628589570842836
2021,1610612741,off_3p_pct,-0.08625763260501729
2021,1610612741,def_3pa_rate,0.06249554020304238
2021,1610612741,def_3p_pct,0.014022568868237661
2021,1610612742,off_rating,1.32109443842036
2021,1610612742,def_rating,3.990763917666726
2021,1610612742,net_rating,-2.6696694792463633
2021,1610612742,pace,-2.3473712737127386
2021,1610612742,off_efg,0.008078948223266269
2021,1610612742,off_tov_pct,-0.020110502708631378
2021,1610612742,off_oreb_pct,-0.05627511119662279
2021,1610612742,off_ft_rate,0.03959075915387725
2021,1610612742,def_efg,0.01874445535963276
2021,1610612742,def_tov_pct,0.007641710844671801
2021,1610612742,def_oreb_pct,0.03333181341480096
2021,1610612742,def_ft_rate,0.026775961062899645
2021,1610612742,off_3pa_rate,0.07470254882215532
2021,1610612742,off_3p_pct,0.029877262887659017
2021,1610612742,def_3pa_rate,-0.02127276278315926
2021,1610612742,def_3p_pct,0.012831977433168273
2021,1610612743,off_rating,0.08362625461684559
2021,1610612743,def_rating,10.69192633243182
2021,1610612743,net_rating,-10.608300077814981
2021,1610612743,pace,-1.7159756097561
2021,1610612743,off_efg,-0.012461843664973604
2021,1610612743,off_tov_pct,0.021823645544648163
2021,1610612743,off_oreb_pct,0.06088578088578092
2021,1610612743,off_ft_rate,0.06066934042513991
2021,1610612743,def_efg,0.07038498993347331
2021,1610612743,def_tov_pct,0.002757537612145894
2021,1610612743,def_oreb_pct,-0.031042901988140914
2021,1610612743,def_ft_rate,0.07968695290616246
2021,1610612743,off_3pa_rate,-0.03665089572273711
2021,1610612743,off_3p_pct,0.0037667024369980595
2021,1610612743,def_3pa_rate,0.04971441701680673
2021,1610612743,def_3p_pct,0.07617803120297773
2021,1610612744,off_rating,2.3853231501447567
2021,1610612744,def_rating,2.8129769790064785
2021,1610612744,net_rating,-0.42765382886172176
2021,1610612744,pace,-1.1222172949002243
2021,1610612744,off_efg,0.009622062470471593
2021,1610612744,off_tov_pct,-0.002076784674614418
2021,1610612744,off_oreb_pct,0.007820210004443301
2021,1610612744,off_ft_rate,-0.0053857577868429984
2021,1610612744,def_efg,0.013605570643213771
2021,1610612744,def_tov_pct,-0.00360655637802354
2021,1610612744,def_oreb_pct,0.012417788356921755
2021,1610612744,def_ft_rate,0.004817509277411092
2021,1610612744,off_3pa_rate,-0.02265979591008549
2021,1610612744,off_3p_pct,0.011178251492563462
2021,1610612744,def_3pa_rate,0.02669301511363703
2021,1610612744,def_3p_pct,0.036238237757716174
2021,1610612748,off_rating,-2.21475600329876
2021,1610612748,def_rating,-1.7180294010825463
2021,1610612748,net_rating,-0.4967266022162047
2021,1610612748,pace,-2.5931436314363197
2021,1610612748,off_efg,-0.037764910483175096
2021,1610612748,off_tov_pct,-0.015001460818957257
2021,1610612748,off_oreb_pct,-0.0013232664004052264
2021,1610612748,off_ft_rate,0.0005190358067299616
2021,1610612748,def_efg,-0.004609248578897107
2021,1610612748,def_tov_pct,0.011152635619975482
2021,1610612748,def_oreb_pct,-0.013667366336822168
2021,1610612748,def_ft_rate,0.03992220239824079
2021,1610612748,off_3pa_rate,-0.014650965271786054
2021,1610612748,off_3p_pct,-0.06632875138198502
2021,1610612748,def_3pa_rate,-0.018564374922202365
2021,1610612748,def_3p_pct,-0.0008341768829902563
2021,1610612749,off_rating,-10.9638633214919
2021,1610612749,def_rating,-9.15301232078481
2021,1610612749,net_rating,-1.810851000707086
2021,1610612749,pace,-1.6028048780487865
2021,1610612749,off_efg,-0.04874581736750955
2021,1610612749,off_tov_pct,0.005301176405946656
2021,1610612749,off_oreb_pct,-0.014585516225532641
2021,1610612749,off_ft_rate,-0.020786185067149437
2021,1610612749,def_efg,-0.03757057740416048
2021,1610612749,def_tov_pct,0.0012357370120694156
2021,1610612749,def_oreb_pct,-0.05205977682211024
2021,1610612749,def_ft_rate,-0.011835960184931799
2021,1610612749,off_3pa_rate,-0.062394336214415314
2021,1610612749,off_3p_pct,-0.038595994725941996
2021,1610612749,def_3pa_rate,0.008522252598627766
2021,1610612749,def_3p_pct,-0.016034057853910766
2021,1610612750,off_rating,-7.945087002992281
2021,1610612750,def_rating,-0.029248114675809234
2021,1610612750,net_rating,-7.91583888831647
2021,1610612750,pace,1.4281300813008215
2021,1610612750,off_efg,-0.011110184512947319
2021,1610612750,off_tov_pct,0.03077381525724604
2021,1610612750,off_oreb_pct,-0.07228669716100253
2021,1610612750,off_ft_rate,0.08750793059016676
2021,1610612750,def_efg,-0.01620545810340457
2021,1610612750,def_tov_pct,-0.005704463026417306
2021,1610612750,def_oreb_pct,0.023892866290202597
2021,1610612750,def_ft_rate,0.0776007105881717
2021,1610612750,off_3pa_rate,-0.019049768132435974
2021,1610612750,off_3p_pct,0.030201323757528264
2021,1610612750,def_3pa_rate,-0.0669432125504748
2021,1610612750,def_3p_pct,0.01338650348929149
2021,1610612751,off_rating,1.8195704987572157
2021,1610612751,def_rating,7.3515940037746645
2021,1610612751,net_rating,-5.532023505017452
2021,1610612751,pace,-4.393414634146339
2021,1610612751,off_efg,0.03741128544603922
2021,1610612751,off_tov_pct,0.02053281068169724
2021,1610612751,off_oreb_pct,-0.009093133880909765
2021,1610612751,off_ft_rate,0.08450691151353129
2021,1610612751,def_efg,0.0412868186259463
2021,1610612751,def_tov_pct,0.014230629231255565
2021,1610612751,def_oreb_pct,0.052578890418319785
2021,1610612751,def_ft_rate,0.014722033293006143
2021,1610612751,off_3pa_rate,-0.009488081219566569
2021,1610612751,off_3p_pct,0.06075777983061725
2021,1610612751,def_3pa_rate,0.007331924891106512
2021,1610612751,def_3p_pct,0.010082551192460265
2021,1610612755,off_rating,-0.7757568273729163
2021,1610612755,def_rating,1.5495266934775458
2021,1610612755,net_rating,-2.3252835208504643
2021,1610612755,pace,-4.136382113821142
2021,1610612755,off_efg,0.01025065031552519
2021,1610612755,off_tov_pct,0.028273275619128346
2021,1610612755,off_oreb_pct,0.002621338508275506
2021,1610612755,off_ft_rate,0.0076444720568651925
2021,1610612755,def_efg,-0.012142759666666336
2021,1610612755,def_tov_pct,-0.012115903387523747
2021,1610612755,def_oreb_pct,0.009673843072741578
2021,1610612755,def_ft_rate,0.007065894539003387
2021,1610612755,off_3pa_rate,0.04975889317618837
2021,1610612755,off_3p_pct,0.008236196319018396
2021,1610612755,def_3pa_rate,0.0025745601723695666
2021,1610612755,def_3p_pct,-0.046870452352139214
2021,1610612756,off_rating,0.6163114234472857
2021,1610612756,def_rating,9.145416025650988
2021,1610612756,net_rating,-8.529104602203699
2021,1610612756,pace,-6.146566604127571
2021,1610612756,off_efg,0.007699705329081152
2021,1610612756,off_tov_pct,0.013485104936650283
2021,1610612756,off_oreb_pct,0.01815699112405275
2021,1610612756,off_ft_rate,0.007349667268888083
2021,1610612756,def_efg,0.02883802790647927
2021,1610612756,def_tov_pct,-0.007828592459036832
2021,1610612756,def_oreb_pct,0.03392816582599706
2021,1610612756,def_ft_rate,0.049393738152370026
2021,1610612756,off_3pa_rate,-0.025972874377214017
2021,1610612756,off_3p_pct,-0.0009258777971255516
2021,1610612756,def_3pa_rate,0.014033070136940773
2021,1610612756,def_3p_pct,0.04308018081731746
2021,1610612761,off_rating,-2.567477876106196
2021,1610612761,def_rating,8.632079646017687
2021,1610612761,net_rating,-11.199557522123893
2021,1610612761,pace,-4.4051626016260315
2021,1610612761,off_efg,-0.007374769817437676
2021,1610612761,off_tov_pct,-0.019749184712709728
2021,1610612761,off_oreb_pct,-0.053867209955530126
2021,1610612761,off_ft_rate,0.010643517469032082
2021,1610612761,def_efg,0.04035548723871807
2021,1610612761,def_tov_pct,-0.007664179965366891
2021,1610612761,def_oreb_pct,-0.011604443342026066
2021,1610612761,def_ft_rate,0.07232332956652537
2021,1610612761,off_3pa_rate,0.00683301917748097
2021,1610612761,off_3p_pct,-0.049154337859921626
2021,1610612761,def_3pa_rate,0.015072368013544446
2021,1610612761,def_3p_pct,0.05353866807173496
2021,1610612762,off_rating,-7.852407921174432
2021,1610612762,def_rating,4.528662431984898
2021,1610612762,net_rating,-12.381070353159345
2021,1610612762,pace,-6.233414634146328
2021,1610612762,off_efg,-0.06038958635220815
2021,1610612762,off_tov_pct,-0.014987605127896209
2021,1610612762,off_oreb_pct,-0.026161915365923688
2021,1610612762,off_ft_rate,0.06432375114859046
2021,1610612762,def_efg,0.019518553820648266
2021,1610612762,def_tov_pct,-0.026848329468976834
2021,1610612762,def_oreb_pct,-0.07260289480067925
2021,1610612762,def_ft_rate,0.058750753830134644
2021,1610612762,off_3pa_rate,-0.09045399697530387
2021,1610612762,off_3p_pct,-0.08659555639620897
2021,1610612762,def_3pa_rate,0.13092081339118533
2021,1610612762,def_3p_pct,0.020147819016496593
2021,1610612763,off_rating,-4.529616724738688
2021,1610612763,def_rating,-1.269498228436177
2021,1610612763,net_rating,-3.260118496302504
2021,1610612763,pace,2.1406910569105833
2021,1610612763,off_efg,-0.015640459309799737
2021,1610612763,off_tov_pct,0.0062080475081309205
2021,1610612763,off_oreb_pct,-0.04163839819201337
2021,1610612763,off_ft_rate,0.05128152225480387
2021,1610612763,def_efg,0.007756050288573735
2021,1610612763,def_tov_pct,0.025310852132880812
2021,1610612763,def_oreb_pct,0.0006159160255684026
2021,1610612763,def_ft_rate,0.010035629304291749
2021,1610612763,off_3pa_rate,0.04616701077017249
2021,1610612763,off_3p_pct,0.012372718039532271
2021,1610612763,def_3pa_rate,0.04502183451790942
2021,1610612763,def_3p_pct,0.01462646264626466
2022,1610612737,off_rating,-1.2016732610043022
2022,1610612737,def_rating,4.346961022456227
2022,1610612737,net_rating,-5.548634283460525
2022,1610612737,pace,0.13056910569106606
2022,1610612737,off_efg,-0.01178179219931963
2022,1610612737,off_tov_pct,-0.0014659094935866174
2022,1610612737,off_oreb_pct,0.0002461945161341683
2022,1610612737,off_ft_rate,-0.06778607931157674
2022,1610612737,def_efg,0.048111994099419464
2022,1610612737,def_tov_pct,-0.009911490425505098
2022,1610612737,def_oreb_pct,-0.026686031098355156
2022,1610612737,def_ft_rate,-0.07369654285341645
2022,1610612737,off_3pa_rate,0.05680652167358191
2022,1610612737,off_3p_pct,0.02290419161676649
2022,1610612737,def_3pa_rate,0.061080603790103605
2022,1610612737,def_3p_pct,0.049723808457432905
2022,1610612738,off_rating,-1.1963820766343076
2022,1610612738,def_rating,1.8175231636142257
2022,1610612738,net_rating,-3.0139052402485396
2022,1610612738,pace,-3.2820243902439046
2022,1610612738,off_efg,-0.005804563621199188
2022,1610612738,off_tov_pct,-0.0035471723915695696
2022,1610612738,off_oreb_pct,0.009744599109884622
2022,1610612738,off_ft_rate,-0.009143151916614856
2022,1610612738,def_efg,-0.0009140017476126916
2022,1610612738,def_tov_pct,0.0013109918430847661
2022,1610612738,def_oreb_pct,0.010128548573129448
2022,1610612738,def_ft_rate,-0.015896625144792176
2022,1610612738,off_3pa_rate,-0.027755359820270664
2022,1610612738,off_3p_pct,-0.013056270551502658
2022,1610612738,def_3pa_rate,0.007950125608698011
2022,1610612738,def_3p_pct,0.032899509696518225
2022,1610612739,off_rating,-13.51858126820494
2022,1610612739,def_rating,-2.1425639087455437
2022,1610612739,net_rating,-11.376017359459407
2022,1610612739,pace,-3.6726829268292676
2022,1610612739,off_efg,-0.04323000677934408
2022,1610612739,off_tov_pct,0.03440116859078485
2022,1610612739,off_oreb_pct,-0.0032323232323232254
2022,1610612739,off_ft_rate,-0.026787175351240144
2022,1610612739,def_efg,-0.05526521902350484
2022,1610612739,def_tov_pct,0.001939761195489026
2022,1610612739,def_oreb_pct,0.11150387596899225
2022,1610612739,def_ft_rate,0.03466389300681483
2022,1610612739,off_3pa_rate,0.019601655095027704
2022,1610612739,off_3p_pct,-0.04013965570778333
2022,1610612739,def_3pa_rate,-0.01068321474519962
2022,1610612739,def_3p_pct,-0.08654185800070646
2022,1610612743,off_rating,1.4346310352137692
2022,1610612743,def_rating,-3.857361022762774
2022,1610612743,net_rating,5.2919920579765405
2022,1610612743,pace,-3.545280487804874
2022,1610612743,off_efg,-0.015577582312673255
2022,1610612743,off_tov_pct,-0.025015995414477965
2022,1610612743,off_oreb_pct,0.0042720437457279825
2022,1610612743,off_ft_rate,-0.0016209421457433204
2022,1610612743,def_efg,-0.027283401894751758
2022,1610612743,def_tov_pct,-0.021384616672922005
2022,1610612743,def_oreb_pct,-0.042604045233908316
2022,1610612743,def_ft_rate,-0.015396998587230815
2022,1610612743,off_3pa_rate,-0.011992591760919324
2022,1610612743,off_3p_pct,-0.0036635404454865017
2022,1610612743,def_3pa_rate,-0.026473233153571307
2022,1610612743,def_3p_pct,-0.0019607578819402782
2022,1610612744,off_rating,-4.17700037415149
2022,1610612744,def_rating,-2.27912591088068
2022,1610612744,net_rating,-1.8978744632707965
2022,1610612744,pace,-0.6054596622889363
2022,1610612744,off_efg,-0.045680967394482797
2022,1610612744,off_tov_pct,-0.017325732501349778
2022,1610612744,off_oreb_pct,0.021630574200216662
2022,1610612744,off_ft_rate,-0.013507080639139774
2022,1610612744,def_efg,-0.028954408113777697
2022,1610612744,def_tov_pct,-0.014374764232411547
2022,1610612744,def_oreb_pct,0.007058125958152833
2022,1610612744,def_ft_rate,0.008946058656418343
2022,1610612744,off_3pa_rate,-0.024435271055777807
2022,1610612744,off_3p_pct,-0.045064414952850906
2022,1610612744,def_3pa_rate,-0.015690762154456084
2022,1610612744,def_3p_pct,-0.038524256013045266
2022,1610612746,off_rating,2.2674243305080353
2022,1610612746,def_rating,9.208014985111461
2022,1610612746,net_rating,-6.9405906546034295
2022,1610612746,pace,0.6821951219512243
2022,1610612746,off_efg,-0.021795015696466136
2022,1610612746,off_tov_pct,-0.004137820908050843
2022,1610612746,off_oreb_pct,0.03888427392139557
2022,1610612746,off_ft_rate,0.020025345867482003
2022,1610612746,def_efg,0.027845950808919828
2022,1610612746,def_tov_pct,-0.007738754827006936
2022,1610612746,def_oreb_pct,0.03911766399815697
2022,1610612746,def_ft_rate,0.07962964321050281
2022,1610612746,off_3pa_rate,-0.005958805130699463
2022,1610612746,off_3p_pct,-0.01967482664993564
2022,1610612746,def_3pa_rate,-0.10550283637717905
2022,1610612746,def_3p_pct,0.04154956605712451
2022,1610612747,off_rating,-1.2282634061218403
2022,1610612747,def_rating,-3.0535724637358044
2022,1610612747,net_rating,1.825309057613958
2022,1610612747,pace,-2.8910518292682923
2022,1610612747,off_efg,-0.012997114439088908
2022,1610612747,off_tov_pct,-0.01598878799479174
2022,1610612747,off_oreb_pct,-0.016611900374100902
2022,1610612747,off_ft_rate,-0.014194058001386345
2022,1610612747,def_efg,-0.02231649647351741
2022,1610612747,def_tov_pct,0.0076529902585985715
2022,1610612747,def_oreb_pct,0.023496470514890816
2022,1610612747,def_ft_rate,-0.03737034327574898
2022,1610612747,off_3pa_rate,-0.0033046926635822427
2022,1610612747,off_3p_pct,-0.01126267293016886
2022,1610612747,def_3pa_rate,0.03735872303627491
2022,1610612747,def_3p_pct,0.0058320206177571166
2022,1610612748,off_rating,1.5030557161182685
2022,1610612748,def_rating,-0.42121392962697257
2022,1610612748,net_rating,1.9242696457452504
2022,1610612748,pace,-1.9143849416755074
2022,1610612748,off_efg,0.0013298448602671042
2022,1610612748,off_tov_pct,-0.01669986652573259
2022,1610612748,off_oreb_pct,-0.01298370613167038
2022,1610612748,off_ft_rate,-0.04179062185038396
2022,1610612748,def_efg,-0.026755736287157772
2022,1610612748,def_tov_pct,-0.019034581245328197
2022,1610612748,def_oreb_pct,0.027304462399869278
2022,1610612748,def_ft_rate,0.029287874077273734
2022,1610612748,off_3pa_rate,-0.020371710476600302
2022,1610612748,off_3p_pct,0.0362264479163269
2022,1610612748,def_3pa_rate,-0.006053530426159137
2022,1610612748,def_3p_pct,-0.04124755874220859
2022,1610612749,off_rating,-0.07367706795528761
2022,1610612749,def_rating,8.478593762894633
2022,1610612749,net_rating,-8.552270830849922
2022,1610612749,pace,0.49585365853658914
2022,1610612749,off_efg,0.004476883786957209
2022,1610612749,off_tov_pct,-0.005415036950169316
2022,1610612749,off_oreb_pct,-0.02519370976171953
2022,1610612749,off_ft_rate,-0.01677326885229563
2022,1610612749,def_efg,0.08420348608862771
2022,1610612749,def_tov_pct,0.02504200369830946
2022,1610612749,def_oreb_pct,-0.04447814707427658
2022,1610612749,def_ft_rate,0.004516403100558369
2022,1610612749,off_3pa_rate,-0.0011692385348613388
2022,1610612749,off_3p_pct,0.010522204406228142
2022,1610612749,def_3pa_rate,0.014676780426064573
2022,1610612749,def_3p_pct,0.09623737801094373
2022,1610612750,off_rating,-3.689602484783208
2022,1610612750,def_rating,5.422219951624697
2022,1610612750,net_rating,-9.111822436407907
2022,1610612750,pace,-6.673682926829258
2022,1610612750,off_efg,-0.034573480618560026
2022,1610612750,off_tov_pct,-0.016388111779628095
2022,1610612750,off_oreb_pct,-0.019695664656904976
2022,1610612750,off_ft_rate,0.02201406702971076
2022,1610612750,def_efg,0.012127954553351361
2022,1610612750,def_tov_pct,-0.0266331279082911
2022,1610612750,def_oreb_pct,-0.00799870422611254
2022,1610612750,def_ft_rate,-0.04482372301033963
2022,1610612750,off_3pa_rate,0.008778464383603801
2022,1610612750,off_3p_pct,-0.0172416537977807
2022,1610612750,def_3pa_rate,-0.005859257003139329
2022,1610612750,def_3p_pct,0.019753991528185078
2022,1610612751,off_rating,-12.104385446937599
2022,1610612751,def_rating,1.2240140351787971
2022,1610612751,net_rating,-13.328399482116383
2022,1610612751,pace,-8.268658536585377
2022,1610612751,off_efg,-0.04925048766302975
2022,1610612751,off_tov_pct,-0.003502636501031997
2022,1610612751,off_oreb_pct,-0.056143043947921994
2022,1610612751,off_ft_rate,-0.023283996582880467
2022,1610612751,def_efg,-0.0004557003643185231
2022,1610612751,def_tov_pct,0.008378672338984788
2022,1610612751,def_oreb_pct,0.04916375907087983
2022,1610612751,def_ft_rate,-0.09764679716377897
2022,1610612751,off_3pa_rate,0.04949675401469811
2022,1610612751,off_3p_pct,-0.05211585834653948
2022,1610612751,def_3pa_rate,0.02510220017454412
2022,1610612751,def_3p_pct,0.0393483709273183
2022,1610612752,off_rating,-9.23588118198262
2022,1610612752,def_rating,-6.676692792977889
2022,1610612752,net_rating,-2.559188389004719
2022,1610612752,pace,-5.043946784922383
2022,1610612752,off_efg,-0.04910470601996253
2022,1610612752,off_tov_pct,0.025477638818333537
2022,1610612752,off_oreb_pct,0.02540541633367588
2022,1610612752,off_ft_rate,0.04444303649407366
2022,1610612752,def_efg,-0.03465827261048737
2022,1610612752,def_tov_pct,0.009263510912478873
2022,1610612752,def_oreb_pct,0.00297629656032794
2022,1610612752,def_ft_rate,-0.008580074467304688
2022,1610612752,off_3pa_rate,0.0019494697442296038
2022,1610612752,off_3p_pct,-0.062258248009101236
2022,1610612752,def_3pa_rate,0.007280183348246816
2022,1610612752,def_3p_pct,-0.042815746003303734
2022,1610612755,off_rating,-6.890330773042621
2022,1610612755,def_rating,-0.844644295094156
2022,1610612755,net_rating,-6.045686477948464
2022,1610612755,pace,-5.315121951219524
2022,1610612755,off_efg,-0.05277793531068642
2022,1610612755,off_tov_pct,-0.006547954164819875
2022,1610612755,off_oreb_pct,0.018398893423708873
2022,1610612755,off_ft_rate,-0.07229059150456532
2022,1610612755,def_efg,-0.0011802367635157518
2022,1610612755,def_tov_pct,-0.01873887856884071
2022,1610612755,def_oreb_pct,-0.04235591730433402
2022,1610612755,def_ft_rate,-0.03211132038987921
2022,1610612755,off_3pa_rate,0.014305563432201018
2022,1610612755,off_3p_pct,-0.027666558091754112
2022,1610612755,def_3pa_rate,0.06664374944795765
2022,1610612755,def_3p_pct,0.017773219779729788
2022,1610612756,off_rating,1.611364034220344
2022,1610612756,def_rating,6.0100956319544565
2022,1610612756,net_rating,-4.3987315977341135
2022,1610612756,pace,-0.43505543237250777
2022,1610612756,off_efg,0.015137253845914023
2022,1610612756,off_tov_pct,-0.012663422564142546
2022,1610612756,off_oreb_pct,-0.0377394424475829
2022,1610612756,off_ft_rate,0.028043353166447932
2022,1610612756,def_efg,0.010425585061276887
2022,1610612756,def_tov_pct,-0.019283742484221378
2022,1610612756,def_oreb_pct,0.02602787547025462
2022,1610612756,def_ft_rate,-0.01974798841870773
2022,1610612756,off_3pa_rate,-0.06455607933623791
2022,1610612756,off_3p_pct,-0.011669493400191688
2022,1610612756,def_3pa_rate,-0.029815232749307974
2022,1610612756,def_3p_pct,0.00834404250859011
2022,1610612758,off_rating,-9.29772013914409
2022,1610612758,def_rating,-4.636297718821993
2022,1610612758,net_rating,-4.661422420322097
2022,1610612758,pace,2.9569860627177746
2022,1610612758,off_efg,-0.07951477075809882
2022,1610612758,off_tov_pct,0.0014111803652397115
2022,1610612758,off_oreb_pct,0.06222160606504054
2022,1610612758,off_ft_rate,-0.015095465097821337
2022,1610612758,def_efg,-0.03539469288407382
2022,1610612758,def_tov_pct,-0.0004071485786511231
2022,1610612758,def_oreb_pct,0.034967086433886685
2022,1610612758,def_ft_rate,0.015059214159581669
2022,1610612758,off_3pa_rate,-0.0075738785930658525
2022,1610612758,off_3p_pct,-0.06287205529693896
2022,1610612758,def_3pa_rate,0.07435007602048122
2022,1610612758,def_3p_pct,-0.045406493833375305
2022,1610612763,off_rating,-11.894709433903174
2022,1610612763,def_rating,-0.6660976201849564
2022,1610612763,net_rating,-11.228611813718198
2022,1610612763,pace,-1.3171951219512152
2022,1610612763,off_efg,-0.07495973765342062
2022,1610612763,off_tov_pct,-0.00521550867268511
2022,1610612763,off_oreb_pct,-0.00950028401836478
2022,1610612763,off_ft_rate,-0.05772472131232559
2022,1610612763,def_efg,-0.0028197506090013036
2022,1610612763,def_tov_pct,-0.0019436497441414624
2022,1610612763,def_oreb_pct,0.012361260329340734
2022,1610612763,def_ft_rate,-0.023215426700211622
2022,1610612763,off_3pa_rate,0.032107311308741615
2022,1610612763,off_3p_pct,-0.03922013148945819
2022,1610612763,def_3pa_rate,-0.021031009145002166
2022,1610612763,def_3p_pct,-0.04571301502589026
2023,1610612738,off_rating,-5.366932635325725
2023,1610612738,def_rating,-2.5202131755455923
2023,1610612738,net_rating,-2.8467194597801306
2023,1610612738,pace,-5.444711168164304
2023,1610612738,off_efg,-0.02297627329137719
2023,1610612738,off_tov_pct,0.0028893234977935556
2023,1610612738,off_oreb_pct,-0.011679554484580024
2023,1610612738,off_ft_rate,0.006748528326843667
2023,1610612738,def_efg,0.005125840556893246
2023,1610612738,def_tov_pct,0.0024870919514129314
2023,1610612738,def_oreb_pct,-0.04240547274410211
2023,1610612738,def_ft_rate,-0.023687276466215185
2023,1610612738,off_3pa_rate,0.008803217972627009
2023,1610612738,off_3p_pct,-0.028047760960632218
2023,1610612738,def_3pa_rate,-0.01607836416933478
2023,1610612738,def_3p_pct,-0.019263742560032826
2023,1610612739,off_rating,-9.974875082471868
2023,1610612739,def_rating,-1.5553099505809627
2023,1610612739,net_rating,-8.419565131890902
2023,1610612739,pace,-4.136097560975614
2023,1610612739,off_efg,-0.04616969488262157
2023,1610612739,off_tov_pct,-0.008266869839513663
2023,1610612739,off_oreb_pct,-0.04583822723357606
2023,1610612739,off_ft_rate,-0.029975480591037384
2023,1610612739,def_efg,-0.016732601211341236
2023,1610612739,def_tov_pct,0.0031620868710605654
2023,1610612739,def_oreb_pct,0.031990309830422003
2023,1610612739,def_ft_rate,0.024283796131840035
2023,1610612739,off_3pa_rate,-0.028329812325335546
2023,1610612739,off_3p_pct,-0.05265319312229866
2023,1610612739,def_3pa_rate,0.0374207165724984
2023,1610612739,def_3p_pct,-0.03538085507072164
2023,1610612740,off_rating,-23.006862125457232
2023,1610612740,def_rating,-2.0891918381607013
2023,1610612740,net_rating,-20.91767028729651
2023,1610612740,pace,-2.8248780487804765
2023,1610612740,off_efg,-0.10941645986200177
2023,1610612740,off_tov_pct,0.054957270335276975
2023,1610612740,off_oreb_pct,0.01283740879629075
2023,1610612740,off_ft_rate,-0.07206051772051023
2023,1610612740,def_efg,0.021409853249475863
2023,1610612740,def_tov_pct,-0.005114551521337246
2023,1610612740,def_oreb_pct,-0.04674164391122723
2023,1610612740,def_ft_rate,-0.02404169010243562
2023,1610612740,off_3pa_rate,0.01451046135677625
2023,1610612740,off_3p_pct,-0.11554047686363206
2023,1610612740,def_3pa_rate,-0.026202467999522805
2023,1610612740,def_3p_pct,0.037679953667101806
2023,1610612742,off_rating,-3.6897949304373867
2023,1610612742,def_rating,-4.268986514403139
2023,1610612742,net_rating,0.5791915839657555
2023,1610612742,pace,-7.118946784922386
2023,1610612742,off_efg,-0.022545425497003335
2023,1610612742,off_tov_pct,0.010094131392653152
2023,1610612742,off_oreb_pct,0.03991443148892007
2023,1610612742,off_ft_rate,0.02258127244994529
2023,1610612742,def_efg,-0.03231292517006812
2023,1610612742,def_tov_pct,-0.011498071895717665
2023,1610612742,def_oreb_pct,-0.010700033898506683
2023,1610612742,def_ft_rate,-0.0005862491112443025
2023,1610612742,off_3pa_rate,-0.042501011010635414
2023,1610612742,off_3p_pct,-0.009326423114208449
2023,1610612742,def_3pa_rate,0.01734810518810176
2023,1610612742,def_3p_pct,-0.016849714366927893
2023,1610612743,off_rating,-8.319606231687274
2023,1610612743,def_rating,-0.6972682769956435
2023,1610612743,net_rating,-7.622337954691632
2023,1610612743,pace,-3.7691869918699155
2023,1610612743,off_efg,-0.043161990004755846
2023,1610612743,off_tov_pct,-0.00023932683727387327
2023,1610612743,off_oreb_pct,-0.026659679672626335
2023,1610612743,off_ft_rate,-0.027962379512249946
2023,1610612743,def_efg,0.015249899674028677
2023,1610612743,def_tov_pct,-0.0033499004382691044
2023,1610612743,def_oreb_pct,-0.03917812147768729
2023,1610612743,def_ft_rate,-0.0035575237438132123
2023,1610612743,off_3pa_rate,0.019144825650498742
2023,1610612743,off_3p_pct,-0.041764924142480175
2023,1610612743,def_3pa_rate,0.014796848708435117
2023,1610612743,def_3p_pct,-0.023715987966588803
2023,1610612746,off_rating,-8.468340117593854
2023,1610612746,def_rating,2.150158299412041
2023,1610612746,net_rating,-10.61849841700588
2023,1610612746,pace,-5.928902439024398
2023,1610612746,off_efg,-0.05539482981207933
2023,1610612746,off_tov_pct,0.01151458426320806
2023,1610612746,off_oreb_pct,0.025376334868081885
2023,1610612746,off_ft_rate,0.008064221555348361
2023,1610612746,def_efg,-0.005117751707216067
2023,1610612746,def_tov_pct,-0.0068865199157819995
2023,1610612746,def_oreb_pct,0.028355088006725815
2023,1610612746,def_ft_rate,0.08272845078074381
2023,1610612746,off_3pa_rate,0.002868807080785518
2023,1610612746,off_3p_pct,-0.007338224192330767
2023,1610612746,def_3pa_rate,0.025746287765266995
2023,1610612746,def_3p_pct,-0.028269564959325144
2023,1610612747,off_rating,-5.714071482743918
2023,1610612747,def_rating,-2.861792735197696
2023,1610612747,net_rating,-2.852278747546215
2023,1610612747,pace,-4.96890243902439
2023,1610612747,off_efg,-0.022587751587600402
2023,1610612747,off_tov_pct,-0.020491898923294352
2023,1610612747,off_oreb_pct,-0.023760897332988973
2023,1610612747,off_ft_rate,-0.054077067174461646
2023,1610612747,def_efg,-0.029186180130956973
2023,1610612747,def_tov_pct,-0.014645027950942024
2023,1610612747,def_oreb_pct,0.0142458556637661
2023,1610612747,def_ft_rate,-0.018766874582058113
2023,1610612747,off_3pa_rate,-0.010849275216239407
2023,1610612747,off_3p_pct,-0.0774298833063552
2023,1610612747,def_3pa_rate,-0.027256087402061813
2023,1610612747,def_3p_pct,-0.06818725829736627
2023,1610612748,off_rating,-12.59889666123668
2023,1610612748,def_rating,6.23731365758168
2023,1610612748,net_rating,-18.83621031881836
2023,1610612748,pace,-5.299268292682925
2023,1610612748,off_efg,-0.030491783037967846
2023,1610612748,off_tov_pct,-0.0028955984302919957
2023,1610612748,off_oreb_pct,-0.08515978411486555
2023,1610612748,off_ft_rate,-0.10940843204958936
2023,1610612748,def_efg,0.02368033618033627
2023,1610612748,def_tov_pct,-0.01782229273377478
2023,1610612748,def_oreb_pct,0.008423348839654121
2023,1610612748,def_ft_rate,0.029573520644949197
2023,1610612748,off_3pa_rate,0.02495675098529182
2023,1610612748,off_3p_pct,-0.04020848845867464
2023,1610612748,def_3pa_rate,0.051394390680104984
2023,1610612748,def_3p_pct,0.032064026099811405
2023,1610612749,off_rating,-0.828567594681104
2023,1610612749,def_rating,4.7668888193108785
2023,1610612749,net_rating,-5.595456413991996
2023,1610612749,pace,-7.557357723577226
2023,1610612749,off_efg,-0.029935813071663153
2023,1610612749,off_tov_pct,-0.015782801922154255
2023,1610612749,off_oreb_pct,0.002666166965829664
2023,1610612749,off_ft_rate,-0.024873099687098
2023,1610612749,def_efg,0.01783389253803236
2023,1610612749,def_tov_pct,-0.015760478165352754
2023,1610612749,def_oreb_pct,0.00927819328894991
2023,1610612749,def_ft_rate,-0.03626349074694232
2023,1610612749,off_3pa_rate,-0.06528118087776397
2023,1610612749,off_3p_pct,-0.01802026241488125
2023,1610612749,def_3pa_rate,0.06664619669274219
2023,1610612749,def_3p_pct,-0.011968288280131523
2023,1610612750,off_rating,0.1804823624090517
2023,1610612750,def_rating,2.2540717161305253
2023,1610612750,net_rating,-2.0735893537214736
2023,1610612750,pace,-4.436219512195123
2023,1610612750,off_efg,-0.02135057989576461
2023,1610612750,off_tov_pct,-0.013301244160154213
2023,1610612750,off_oreb_pct,0.0311722118278695
2023,1610612750,off_ft_rate,0.015351784975091709
2023,1610612750,def_efg,0.02270679436518197
2023,1610612750,def_tov_pct,-0.0019102202617617414
2023,1610612750,def_oreb_pct,-0.015242417206661474
2023,1610612750,def_ft_rate,0.020405643828561526
2023,1610612750,off_3pa_rate,0.00848313559391678
2023,1610612750,off_3p_pct,-0.027870827698433742
2023,1610612750,def_3pa_rate,-0.0033810277732566063
2023,1610612750,def_3p_pct,0.012484431743523816
2023,1610612752,off_rating,0.7707452903675005
2023,1610612752,def_rating,7.771907955502115
2023,1610612752,net_rating,-7.001162665134618
2023,1610612752,pace,-3.739896810506565
2023,1610612752,off_efg,-0.019369811324389974
2023,1610612752,off_tov_pct,-0.017296612459975005
2023,1610612752,off_oreb_pct,0.019369151265443085
2023,1610612752,off_ft_rate,0.03157108618042187
2023,1610612752,def_efg,0.02386253655254511
2023,1610612752,def_tov_pct,-0.011655703502702938
2023,1610612752,def_oreb_pct,0.018811787915059608
2023,1610612752,def_ft_rate,0.006700566726185853
2023,1610612752,off_3pa_rate,-0.042094139361396776
2023,1610612752,off_3p_pct,0.006433453628992336
2023,1610612752,def_3pa_rate,-0.024006417721191442
2023,1610612752,def_3p_pct,0.03552004066695175
2023,1610612753,off_rating,-7.981749739785087
2023,1610612753,def_rating,-10.546222104459375
2023,1610612753,net_rating,2.564472364674276
2023,1610612753,pace,-1.673763066202099
2023,1610612753,off_efg,-0.05999122796735007
2023,1610612753,off_tov_pct,0.0007434539963098175
2023,1610612753,off_oreb_pct,0.01328232293505982
2023,1610612753,off_ft_rate,0.011841267236360364
2023,1610612753,def_efg,-0.04982261377679209
2023,1610612753,def_tov_pct,0.001143512635423033
2023,1610612753,def_oreb_pct,-0.021011156034740963
2023,1610612753,def_ft_rate,-0.007193655833899415
2023,1610612753,off_3pa_rate,0.027504913510493223
2023,1610612753,off_3p_pct,-0.04262263848221087
2023,1610612753,def_3pa_rate,-0.014959162295095363
2023,1610612753,def_3p_pct,-0.07141638411105705
2023,1610612754,off_rating,-0.4901615546648088
2023,1610612754,def_rating,1.3739983802187652
2023,1610612754,net_rating,-1.8641599348835827
2023,1610612754,pace,-8.415373027259662
2023,1610612754,off_efg,-0.0025983690824831207
2023,1610612754,off_tov_pct,-8.2197602525938e-05
2023,1610612754,off_oreb_pct,0.016785055751154104
2023,1610612754,off_ft_rate,-0.037984709250236004
2023,1610612754,def_efg,-0.013662065512500599
2023,1610612754,def_tov_pct,-0.017232499134570423
2023,1610612754,def_oreb_pct,0.00564148920582791
2023,1610612754,def_ft_rate,-0.0262049635704531
2023,1610612754,off_3pa_rate,-0.008274355953697021
2023,1610612754,off_3p_pct,-0.0021719369655627263
2023,1610612754,def_3pa_rate,0.0661264889308848
2023,1610612754,def_3p_pct,-0.002265696919795779
2023,1610612755,off_rating,0.7811891001013294
2023,1610612755,def_rating,4.051604138130713
2023,1610612755,net_rating,-3.270415038029377
2023,1610612755,pace,-7.0904878048780375
2023,1610612755,off_efg,-0.0069874505524485375
2023,1610612755,off_tov_pct,0.004970933001324229
2023,1610612755,off_oreb_pct,0.00764473684210526
2023,1610612755,off_ft_rate,0.03218878734142683
2023,1610612755,def_efg,-0.02953345894901549
2023,1610612755,def_tov_pct,-0.03330485573799098
2023,1610612755,def_oreb_pct,0.06561523159988636
2023,1610612755,def_ft_rate,-0.003187615993804238
2023,1610612755,off_3pa_rate,0.055199563497476456
2023,1610612755,off_3p_pct,0.015533578861338215
2023,1610612755,def_3pa_rate,-0.03200445164347182
2023,1610612755,def_3p_pct,0.01572295057263412
2023,1610612756,off_rating,-7.583104065084953
2023,1610612756,def_rating,11.366646301679395
2023,1610612756,net_rating,-18.94975036676434
2023,1610612756,pace,-3.7678048780487785
2023,1610612756,off_efg,-0.03714611868945639
2023,1610612756,off_tov_pct,0.002703094772486092
2023,1610612756,off_oreb_pct,-0.06783589848477103
2023,1610612756,off_ft_rate,0.09850571635104893
2023,1610612756,def_efg,0.012300541337187942
2023,1610612756,def_tov_pct,0.014936498155073585
2023,1610612756,def_oreb_pct,0.10860865567467037
2023,1610612756,def_ft_rate,0.10379644588045234
2023,1610612756,off_3pa_rate,-0.03493359388324507
2023,1610612756,off_3p_pct,-0.016494830515796477
2023,1610612756,def_3pa_rate,-0.005198443065121072
2023,1610612756,def_3p_pct,0.001480390519427277
2023,1610612760,off_rating,-7.383585460416612
2023,1610612760,def_rating,-6.690107821074406
2023,1610612760,net_rating,-0.6934776393422126
2023,1610612760,pace,-5.67548780487806
2023,1610612760,off_efg,-0.04346377271008628
2023,1610612760,off_tov_pct,-0.007336196892329672
2023,1610612760,off_oreb_pct,-0.003162487590194246
2023,1610612760,off_ft_rate,-0.024551590772235232
2023,1610612760,def_efg,-0.0291160704834873
2023,1610612760,def_tov_pct,0.010535229548051528
2023,1610612760,def_oreb_pct,0.008993591479375396
2023,1610612760,def_ft_rate,-0.023271750849127915
2023,1610612760,off_3pa_rate,0.013282957712231369
2023,1610612760,off_3p_pct,-0.03270944741532977
2023,1610612760,def_3pa_rate,-0.016354861303479296
2023,1610612760,def_3p_pct,-0.013688227584611856
2024,1610612738,off_rating,-5.132708857308941
2024,1610612738,def_rating,-1.7686668409195505
2024,1610612738,net_rating,-3.3640420163893845
2024,1610612738,pace,-4.922527716186224
2024,1610612738,off_efg,-0.03309692057558089
2024,1610612738,off_tov_pct,0.018318422298636755
2024,1610612738,off_oreb_pct,0.003295220279682487
2024,1610612738,off_ft_rate,0.060725105292973064
2024,1610612738,def_efg,-0.031422937504512416
2024,1610612738,def_tov_pct,-4.7068768393832006e-05
2024,1610612738,def_oreb_pct,0.037160559005001814
2024,1610612738,def_ft_rate,0.07044399401552251
2024,1610612738,off_3pa_rate,-0.06150198686423236
2024,1610612738,off_3p_pct,-0.008117301162325563
2024,1610612738,def_3pa_rate,-0.03355714837526724
2024,1610612738,def_3p_pct,-0.03407619149096425
2024,1610612739,off_rating,1.6261988185362526
2024,1610612739,def_rating,-0.8871391648100513
2024,1610612739,net_rating,2.513337983346295
2024,1610612739,pace,-2.9123306233062465
2024,1610612739,off_efg,-0.02748369258395167
2024,1610612739,off_tov_pct,-0.007520025860622864
2024,1610612739,off_oreb_pct,0.023476354417499734
2024,1610612739,off_ft_rate,0.07685639271114614
2024,1610612739,def_efg,0.032977338893500074
2024,1610612739,def_tov_pct,0.013856681401743953
2024,1610612739,def_oreb_pct,-0.04741343537192105
2024,1610612739,def_ft_rate,-0.0013838324097634191
2024,1610612739,off_3pa_rate,0.010210585026425134
2024,1610612739,off_3p_pct,-0.019978979560451304
2024,1610612739,def_3pa_rate,0.01871147040522325
2024,1610612739,def_3p_pct,0.024876538548667226
2024,1610612743,off_rating,-9.557030368048686
2024,1610612743,def_rating,-0.7630752294607248
2024,1610612743,net_rating,-8.793955138587966
2024,1610612743,pace,-4.432020905923352
2024,1610612743,off_efg,-0.058375219904498565
2024,1610612743,off_tov_pct,0.018929135903404476
2024,1610612743,off_oreb_pct,0.011383886573276103
2024,1610612743,off_ft_rate,0.013127064409578837
2024,1610612743,def_efg,-0.00498305157728296
2024,1610612743,def_tov_pct,-0.008539193675298526
2024,1610612743,def_oreb_pct,-0.010084054635513068
2024,1610612743,def_ft_rate,0.028767042615800514
2024,1610612743,off_3pa_rate,0.03969848400531362
2024,1610612743,off_3p_pct,-0.02916059851686048
2024,1610612743,def_3pa_rate,-0.01777415569752594
2024,1610612743,def_3p_pct,-0.022563506558193558
2024,1610612744,off_rating,-5.564565309424253
2024,1610612744,def_rating,0.911897855924451
2024,1610612744,net_rating,-6.4764631653487195
2024,1610612744,pace,-4.551056910569102
2024,1610612744,off_efg,-0.02543633473562179
2024,1610612744,off_tov_pct,0.01058571854666665
2024,1610612744,off_oreb_pct,-0.00017088174982909932
2024,1610612744,off_ft_rate,-0.004567431350457479
2024,1610612744,def_efg,-0.007210153614351733
2024,1610612744,def_tov_pct,0.0053865079842332075
2024,1610612744,def_oreb_pct,0.05118572009894673
2024,1610612744,def_ft_rate,0.056771348804230626
2024,1610612744,off_3pa_rate,-0.015617948450907804
2024,1610612744,off_3p_pct,-0.011052835151233897
2024,1610612744,def_3pa_rate,-0.050216689524930636
2024,1610612744,def_3p_pct,0.014507242513107588
2024,1610612745,off_rating,-3.3815662558112223
2024,1610612745,def_rating,1.1533032134864811
2024,1610612745,net_rating,-4.534869469297708
2024,1610612745,pace,-5.822543554006984
2024,1610612745,off_efg,-0.01223642120381252
2024,1610612745,off_tov_pct,0.007462417902195179
2024,1610612745,off_oreb_pct,-0.0012700133377969713
2024,1610612745,off_ft_rate,0.1055457631544588
2024,1610612745,def_efg,-0.006058754981683512
2024,1610612745,def_tov_pct,-0.012048174472523071
2024,1610612745,def_oreb_pct,-0.00033637893444815603
2024,1610612745,def_ft_rate,-0.044179947365404704
2024,1610612745,off_3pa_rate,-0.03985099229664446
2024,1610612745,off_3p_pct,0.020435808046427528
2024,1610612745,def_3pa_rate,0.10644655532681935
2024,1610612745,def_3p_pct,0.0011033631537484823
2024,1610612746,off_rating,1.6164263870685858
2024,1610612746,def_rating,5.721437274885361
2024,1610612746,net_rating,-4.105010887816784
2024,1610612746,pace,-6.2001219512194865
2024,1610612746,off_efg,0.0033688281921497865
2024,1610612746,off_tov_pct,-0.022067110533446593
2024,1610612746,off_oreb_pct,-0.005955835613409621
2024,1610612746,off_ft_rate,-0.019605816063413217
2024,1610612746,def_efg,0.012171208717077997
2024,1610612746,def_tov_pct,-0.0063560444203413224
2024,1610612746,def_oreb_pct,0.05227753713483255
2024,1610612746,def_ft_rate,-0.013866974234082813
2024,1610612746,off_3pa_rate,0.0032062362716072657
2024,1610612746,off_3p_pct,-0.009628793412577163
2024,1610612746,def_3pa_rate,-0.09199152760388979
2024,1610612746,def_3p_pct,0.03893214682981094
2024,1610612747,off_rating,-5.886883376718359
2024,1610612747,def_rating,2.958823655960245
2024,1610612747,net_rating,-8.845707032678614
2024,1610612747,pace,-6.332804878048776
2024,1610612747,off_efg,-0.0314909890689441
2024,1610612747,off_tov_pct,0.017086177415367804
2024,1610612747,off_oreb_pct,0.004751077871680137
2024,1610612747,off_ft_rate,-0.00240730987649046
2024,1610612747,def_efg,-0.02907312568609799
2024,1610612747,def_tov_pct,-0.01896650340277535
2024,1610612747,def_oreb_pct,0.05175075084502767
2024,1610612747,def_ft_rate,0.050920215530983
2024,1610612747,off_3pa_rate,0.06695407565603356
2024,1610612747,off_3p_pct,-0.015804562919106258
2024,1610612747,def_3pa_rate,0.0007519399201888488
2024,1610612747,def_3p_pct,-0.03337326008838959
2024,1610612748,off_rating,-9.746739933185623
2024,1610612748,def_rating,23.619254057253457
2024,1610612748,net_rating,-33.365993990439094
2024,1610612748,pace,-4.346463414634144
2024,1610612748,off_efg,-0.01442852305211706
2024,1610612748,off_tov_pct,0.03527817031649308
2024,1610612748,off_oreb_pct,0.009715358188890966
2024,1610612748,off_ft_rate,-0.06914088082963898
2024,1610612748,def_efg,0.08729129120423385
2024,1610612748,def_tov_pct,-0.03300108164466485
2024,1610612748,def_oreb_pct,0.03157509157509156
2024,1610612748,def_ft_rate,0.04346586653911008
2024,1610612748,off_3pa_rate,0.059038551122738925
2024,1610612748,off_3p_pct,-0.021408311752373954
2024,1610612748,def_3pa_rate,0.0835769309439025
2024,1610612748,def_3p_pct,0.08039884207140557
2024,1610612749,off_rating,-4.030395816017688
2024,1610612749,def_rating,6.098079727758872
2024,1610612749,net_rating,-10.128475543776561
2024,1610612749,pace,-2.475804878048777
2024,1610612749,off_efg,-0.03310536063387626
2024,1610612749,off_tov_pct,-0.00188565097976226
2024,1610612749,off_oreb_pct,0.036743687772582106
2024,1610612749,off_ft_rate,-0.012454494985201015
2024,1610612749,def_efg,0.04811646871529274
2024,1610612749,def_tov_pct,-0.016774016257228977
2024,1610612749,def_oreb_pct,-0.07214018266902997
2024,1610612749,def_ft_rate,0.004277795180881533
2024,1610612749,off_3pa_rate,0.00876906321586568
2024,1610612749,off_3p_pct,-0.007666018192333979
2024,1610612749,def_3pa_rate,-0.01372599634810412
2024,1610612749,def_3p_pct,0.04071985067359196
2024,1610612750,off_rating,-2.1354616936313846
2024,1610612750,def_rating,0.1503643324688113
2024,1610612750,net_rating,-2.285826026100202
2024,1610612750,pace,-1.8136178861788466
2024,1610612750,off_efg,-0.014841228569777654
2024,1610612750,off_tov_pct,0.01440798451168207
2024,1610612750,off_oreb_pct,0.030496741343246758
2024,1610612750,off_ft_rate,0.006755274388084959
2024,1610612750,def_efg,-0.0051202297110635175
2024,1610612750,def_tov_pct,0.009176405191491072
2024,1610612750,def_oreb_pct,0.02051871191116242
2024,1610612750,def_ft_rate,0.03984885963696155
2024,1610612750,off_3pa_rate,-0.021468344113881543
2024,1610612750,off_3p_pct,-0.01926589655164823
2024,1610612750,def_3pa_rate,0.011410042694930345
2024,1610612750,def_3p_pct,0.004074323589574325
2024,1610612752,off_rating,-4.62554235582779
2024,1610612752,def_rating,-0.47380628762070387
2024,1610612752,net_rating,-4.151736068207093
2024,1610612752,pace,-1.7524119241192437
2024,1610612752,off_efg,-0.036918096607783335
2024,1610612752,off_tov_pct,0.006162972907244824
2024,1610612752,off_oreb_pct,0.014984794529658174
2024,1610612752,off_ft_rate,0.06808341575606558
2024,1610612752,def_efg,-0.018987713157330832
2024,1610612752,def_tov_pct,-0.003500430169583263
2024,1610612752,def_oreb_pct,-0.006157742122559429
2024,1610612752,def_ft_rate,0.07134674904546626
2024,1610612752,off_3pa_rate,-0.01586625523345936
2024,1610612752,off_3p_pct,-0.019882203719750358
2024,1610612752,def_3pa_rate,0.02069796497345966
2024,1610612752,def_3p_pct,-0.012326588503856373
2024,1610612753,off_rating,-5.178298732635042
2024,1610612753,def_rating,8.886364684234564
2024,1610612753,net_rating,-14.064663416869605
2024,1610612753,pace,-6.1217073170731595
2024,1610612753,off_efg,-0.04007009959748653
2024,1610612753,off_tov_pct,-0.019686064169562922
2024,1610612753,off_oreb_pct,0.001768681622496937
2024,1610612753,off_ft_rate,-0.024619081051143604
2024,1610612753,def_efg,0.00684784277598649
2024,1610612753,def_tov_pct,-0.025092859973134818
2024,1610612753,def_oreb_pct,0.006754978218238783
2024,1610612753,def_ft_rate,0.043942883463841564
2024,1610612753,off_3pa_rate,-0.04147761650588139
2024,1610612753,off_3p_pct,-0.05564421746994358
2024,1610612753,def_3pa_rate,0.015119760479041955
2024,1610612753,def_3p_pct,0.013366543996648994
2024,1610612754,off_rating,-0.5961969056709222
2024,1610612754,def_rating,-0.45820836955984134
2024,1610612754,net_rating,-0.1379885361110822
2024,1610612754,pace,-2.220137857900312
2024,1610612754,off_efg,-3.187348548172597e-05
2024,1610612754,off_tov_pct,0.013128211558532138
2024,1610612754,off_oreb_pct,-0.008366546802576452
2024,1610612754,off_ft_rate,0.0509357999048721
2024,1610612754,def_efg,-0.031019629249499414
2024,1610612754,def_tov_pct,-0.007101827315202369
2024,1610612754,def_oreb_pct,0.009219792996260467
2024,1610612754,def_ft_rate,0.09173073193479292
2024,1610612754,off_3pa_rate,-0.0004914004914004511
2024,1610612754,off_3p_pct,0.02202492638739556
2024,1610612754,def_3pa_rate,-0.013900692297132089
2024,1610612754,def_3p_pct,-0.01807765743292944
2024,1610612760,off_rating,-4.951242642263523
2024,1610612760,def_rating,-0.5378138816345199
2024,1610612760,net_rating,-4.413428760629003
2024,1610612760,pace,-0.8525185577942551
2024,1610612760,off_efg,-0.03773475314617625
2024,1610612760,off_tov_pct,0.006766195953269369
2024,1610612760,off_oreb_pct,0.013509016725089168
2024,1610612760,off_ft_rate,0.06993223620522751
2024,1610612760,def_efg,-0.006100091388470896
2024,1610612760,def_tov_pct,0.01010833422477822
2024,1610612760,def_oreb_pct,0.015376818228898581
2024,1610612760,def_ft_rate,0.015593166735166475
2024,1610612760,off_3pa_rate,-0.029305548479135857
2024,1610612760,off_3p_pct,-0.03648366053871843
2024,1610612760,def_3pa_rate,-0.015036359505006425
2024,1610612760,def_3p_pct,-0.0008621667612024875
2024,1610612763,off_rating,-19.659652456152145
2024,1610612763,def_rating,3.947589010069123
2024,1610612763,net_rating,-23.60724146622128
2024,1610612763,pace,-1.0574390243902343
2024,1610612763,off_efg,-0.07851971695122395
2024,1610612763,off_tov_pct,0.03641599098625542
2024,1610612763,off_oreb_pct,-0.05124638169912599
2024,1610612763,off_ft_rate,-0.012970182285881676
2024,1610612763,def_efg,-0.008599992994884564
2024,1610612763,def_tov_pct,-0.04174075409254824
2024,1610612763,def_oreb_pct,0.025533045424740552
2024,1610612763,def_ft_rate,-0.008880544401508261
2024,1610612763,off_3pa_rate,-0.008106363928676086
2024,1610612763,off_3p_pct,-0.06300568324981098
2024,1610612763,def_3pa_rate,0.004412529169196766
2024,1610612763,def_3p_pct,-0.04649930993323137
2024,1610612765,off_rating,-5.148363167231096
2024,1610612765,def_rating,-1.8940493468795268
2024,1610612765,net_rating,-3.2543138203515563
2024,1610612765,pace,-2.367235772357702
2024,1610612765,off_efg,-0.0360388198621705
2024,1610612765,off_tov_pct,0.020136213199282493
2024,1610612765,off_oreb_pct,0.01039985655370268
2024,1610612765,off_ft_rate,0.08869680792804474
2024,1610612765,def_efg,-0.02657033373950901
2024,1610612765,def_tov_pct,-0.016591012153156393
2024,1610612765,def_oreb_pct,0.005621610812213712
2024,1610612765,def_ft_rate,-0.010212202638650247
2024,1610612765,off_3pa_rate,-0.014964754022948223
2024,1610612765,off_3p_pct,-0.037820780801924525
2024,1610612765,def_3pa_rate,-0.08012485294775601
2024,1610612765,def_3p_pct,-0.0017638311498008319
