team_id,team_abbreviation,season_start_year,season_label,season_type,top_handler_name,catch_shoot_share_raw_pct,pull_up_three_share_raw_pct,restricted_area_share_raw_pct,midrange_share_raw_pct,inv_catch_shoot_share_raw,inv_catch_shoot_share_z,pull_up_fg3a_share_raw,pull_up_fg3a_share_z,inv_restricted_area_share_raw,inv_restricted_area_share_z,midrange_share_raw,midrange_share_z,raw_score,z_score,percentile_rank
1610612737,ATL,2025,2025-26,Regular Season,Jalen Johnson,0.6188224166469615,0.22288215067208503,0.2877602439994696,0.07943243601644344,-0.6188224166469615,-0.9432957094145831,0.22288215067208503,-0.8427385379551569,-0.2877602439994696,-0.10705187648964941,0.07943243601644344,-0.8173734058813984,-0.6776148824351969,-0.6776148824351969,17.272727272727273
1610612738,BOS,2025,2025-26,Regular Season,Payton Pritchard,0.480865224625624,0.35088740180389877,0.2101919437685861,0.12368207623682076,-0.480865224625624,1.2177026534434543,0.35088740180389877,1.3384115447392995,-0.2101919437685861,2.05438365636591,0.12368207623682076,0.8905773947622894,1.3752688123277381,1.3752688123277381,98.48484848484848
1610612751,BKN,2025,2025-26,Regular Season,Nolan Traore,0.6566855962829117,0.2188895979578813,0.29381220250973605,0.07240732727534978,-0.6566855962829117,-1.5363946845896717,0.2188895979578813,-0.9107697835935096,-0.29381220250973605,-0.27568929832978173,0.07240732727534978,-1.088529059107127,-0.9528457064050224,-0.9528457064050224,7.878787878787878
1610612766,CHA,2025,2025-26,Regular Season,LaMelo Ball,0.5712661968629233,0.31076487252124646,0.2605595172792101,0.06006582556226001,-0.5712661968629233,-0.19836236022660897,0.31076487252124646,0.654742263292003,-0.2605595172792101,0.650894566550422,0.06006582556226001,-1.5648872312196815,-0.11440319040096636,-0.11440319040096636,42.12121212121212
1610612741,CHI,2025,2025-26,Regular Season,Josh Giddey,0.7171346103384938,0.18890274314214464,0.3521639476877444,0.044896858568154244,-0.7171346103384938,-2.483284212395451,0.18890274314214464,-1.4217318752481622,-0.3521639476877444,-1.9016568012461952,0.044896858568154244,-2.1503801119186265,-1.9892632502021088,-1.9892632502021088,0.30303030303030304
1610612739,CLE,2025,2025-26,Regular Season,James Harden,0.5830713422007255,0.3018809744064138,0.2879013683782685,0.07465113128302397,-0.5830713422007255,-0.3832813149727017,0.3018809744064138,0.5033647616935513,-0.2879013683782685,-0.11098429792959642,0.07465113128302397,-1.0019225503918348,-0.2482058504001454,-0.2482058504001454,34.24242424242424
1610612742,DAL,2025,2025-26,Regular Season,Cooper Flagg,0.4997492477432297,0.28097259745272096,0.2883518870486017,0.1285636709204453,-0.4997492477432297,0.9218982633757905,0.28097259745272096,0.14709572024154968,-0.2883518870486017,-0.12353797074922195,0.1285636709204453,1.078997537994889,0.5061133877157518,0.5061133877157518,78.18181818181819
1610612743,DEN,2025,2025-26,Regular Season,Jamal Murray,0.5661691542288557,0.27583798882681565,0.268621456364647,0.1160366870483602,-0.5661691542288557,-0.11852092081883857,0.27583798882681565,0.05960437180097297,-0.268621456364647,0.42624916951176767,0.1160366870483602,0.5954801121486669,0.24070318316064226,0.24070318316064226,64.54545454545455
1610612765,DET,2025,2025-26,Regular Season,Cade Cunningham,0.5576923076923077,0.25961538461538464,0.34005449591280656,0.09155313351498638,-0.5576923076923077,0.014262671100354783,0.25961538461538464,-0.21682127640033003,-0.34005449591280656,-1.5642277320021272,0.09155313351498638,-0.3495378507470286,-0.5290810470122828,-0.5290810470122828,23.636363636363637
1610612744,GSW,2025,2025-26,Regular Season,Brandin Podziemski,0.6574902500573526,0.22406989853438558,0.2571428571428571,0.07857142857142857,-0.6574902500573526,-1.5489989965777373,0.22406989853438558,-0.8224998655165606,-0.2571428571428571,0.7460995742716591,0.07857142857142857,-0.8506066332647053,-0.619001480271836,-0.619001480271836,19.090909090909093
1610612745,HOU,2025,2025-26,Regular Season,Amen Thompson,0.5308941119457233,0.20554455445544553,0.2728878022276555,0.13528932355338225,-0.5308941119457233,0.43403677846955324,0.20554455445544553,-1.1381631325501496,-0.2728878022276555,0.307367725464262,0.13528932355338225,1.3385947627873767,0.2354590335427606,0.2354590335427606,63.93939393939394
1610612754,IND,2025,2025-26,Regular Season,Andrew Nembhard,0.5921478060046189,0.20144356955380577,0.2706736035049288,0.12075575027382256,-0.5921478060046189,-0.5254574721803674,0.20144356955380577,-1.2080420123480518,-0.2706736035049288,0.36906622577765996,0.12075575027382256,0.7776268544515557,-0.1467016010748009,-0.1467016010748009,39.696969696969695
1610612746,LAC,2025,2025-26,Regular Season,Kawhi Leonard,0.5080020650490449,0.3249084249084249,0.269068105585533,0.09829371445238443,-0.5080020650490449,0.792623925260278,0.3249084249084249,0.8957418331230923,-0.269068105585533,0.41380331864392983,0.09829371445238443,-0.08936442218362681,0.5032011637109183,0.5032011637109183,77.57575757575758
1610612747,LAL,2025,2025-26,Regular Season,Luka Dončić,0.4489795918367347,0.37805336339721907,0.268104327553548,0.11277866822089465,-0.4489795918367347,1.7171677356613133,0.37805336339721907,1.801306924825926,-0.268104327553548,0.4406589294787355,0.11277866822089465,0.46972686676251596,1.1072151141821227,1.1072151141821227,94.24242424242424
1610612763,MEM,2025,2025-26,Regular Season,Cam Spencer,0.5626151012891344,0.28633540372670807,0.2524559278697349,0.08410711882653747,-0.5626151012891344,-0.0628492847720517,0.28633540372670807,0.23847545071788948,-0.2524559278697349,0.8767005471014566,0.08410711882653747,-0.6369396620477338,0.10384676274989016,0.10384676274989016,55.757575757575765
1610612748,MIA,2025,2025-26,Regular Season,Jaime Jaquez Jr.,0.6385334645669292,0.19825637713916694,0.28844142259414224,0.07505230125523013,-0.6385334645669292,-1.2520548372364828,0.19825637713916694,-1.2623502921825567,-0.28844142259414224,-0.12603287277761344,0.07505230125523013,-0.9864381629072969,-0.9067190412759876,-0.9067190412759876,10.303030303030303
1610612755,PHI,2023,2023-24,Regular Season,Tyrese Maxey,0.4946319018404908,0.3374905517762661,0.31319056063292866,0.11403628427226845,-0.4946319018404908,1.2670051491607477,0.3374905517762661,1.255357334818051,-0.31319056063292866,-0.7560338219408247,0.11403628427226845,0.07317365445532208,0.459875579123324,0.459875579123324,76.66666666666667
1610612737,ATL,2024,2024-25,Regular Season,Trae Young,0.5876765083440308,0.29494290375203913,0.3016737513283741,0.06044102019128587,-0.5876765083440308,-0.6890135123138807,0.29494290375203913,0.04343493772740523,-0.3016737513283741,-0.716393326045706,0.06044102019128587,-1.5227478411905253,-0.7211799354556767,-0.7211799354556767,16.060606060606062
1610612738,BOS,2024,2024-25,Regular Season,Derrick White,0.5446353730092205,0.35393690689920493,0.22852885396911407,0.08683283662963967,-0.5446353730092205,0.2006905573176697,0.35393690689920493,1.344964462614449,-0.22852885396911407,1.5531009257944366,0.08683283662963967,-0.4423413394378263,0.6641036515721823,0.6641036515721823,84.24242424242424
1610612751,BKN,2024,2024-25,Regular Season,D'Angelo Russell,0.6577029404372958,0.22000623247117482,0.2839943342776204,0.06388101983002833,-0.6577029404372958,-2.1365311284388127,0.22000623247117482,-1.609822765864889,-0.2839943342776204,-0.16784740116048097,0.06388101983002833,-1.3819239617729964,-1.3240313143092948,-1.3240313143092948,2.1212121212121215
1610612753,ORL,2024,2024-25,Regular Season,Anthony Black,0.5605759682224429,0.2603694667131405,0.2829115723628092,0.11771396076201308,-0.5605759682224429,-0.12881776822324412,0.2603694667131405,-0.7193264733044498,-0.2829115723628092,-0.1342521398300027,0.11771396076201308,0.8218447529435253,-0.040137907103542814,-0.040137907103542814,46.96969696969697
1610612755,PHI,2024,2024-25,Regular Season,Tyrese Maxey,0.5099951243295954,0.3360982083609821,0.30496651785714285,0.09974888392857142,-0.5099951243295954,0.9167397503412906,0.3360982083609821,0.9514059381125937,-0.30496651785714285,-0.8185592320690365,0.09974888392857142,0.0864051949777365,0.28399791284064607,0.28399791284064607,66.36363636363637
1610612756,PHX,2024,2024-25,Regular Season,Devin Booker,0.5423800465017966,0.23955972806733572,0.1869964664310954,0.13696113074204946,-0.5423800465017966,0.24731045143510216,0.23955972806733572,-1.1784322774169993,-0.1869964664310954,2.8417419408986526,0.13696113074204946,1.6097695869671038,0.8800974254709648,0.8800974254709648,89.39393939393939
1610612757,POR,2024,2024-25,Regular Season,Anfernee Simons,0.5916374561842764,0.28706727629000656,0.32828555976203355,0.0839643050297458,-0.5916374561842764,-0.7708903351637334,0.28706727629000656,-0.13031766630043418,-0.32828555976203355,-1.5420879192669135,0.0839643050297458,-0.5597709297143232,-0.7507667126113511,-0.7507667126113511,14.84848484848485
1610612758,SAC,2024,2024-25,Regular Season,Zach LaVine,0.517992003553976,0.25934987766515205,0.22572782667569397,0.16614759647935004,-0.517992003553976,0.7514361184798612,0.25934987766515205,-0.7418207130307832,-0.22572782667569397,1.6400094535409657,0.16614759647935004,2.8045811460508645,1.113551501260227,1.113551501260227,94.84848484848484
1610612737,ATL,2023,2023-24,Regular Season,Dejounte Murray,0.5108669691903511,0.3322324966974901,0.2928533755274262,0.09717827004219409,-0.5108669691903511,0.8879605835760661,0.3322324966974901,1.1436238207740426,-0.2928533755274262,0.1256242218334427,0.09717827004219409,-0.7411260398444127,0.3540206465847847,0.3540206465847847,69.6969696969697
1610612738,BOS,2023,2023-24,Regular Season,Jayson Tatum,0.5481955230698949,0.32399764150943394,0.266901027582477,0.10073012439156301,-0.5481955230698949,0.0164406086806267,0.32399764150943394,0.9686333929409353,-0.266901027582477,1.2507109141064183,0.10073012439156301,-0.5695593374193706,0.41655639457715243,0.41655639457715243,73.93939393939394
1610612751,BKN,2023,2023-24,Regular Season,Dennis Schröder,0.542198847983972,0.2735816219979116,0.29369098125085535,0.10455727384699603,-0.542198847983972,0.1564466249116401,0.2735816219979116,-0.1027055222544974,-0.29369098125085535,0.08931232223958564,0.10455727384699603,-0.3846949406365732,-0.06041037893496122,-0.06041037893496122,44.54545454545455
1610612766,CHA,2023,2023-24,Regular Season,Brandon Miller,0.5164531524742527,0.29857299670691545,0.303378662554325,0.12070657507360157,-0.5164531524742527,0.7575384319155064,0.29857299670691545,0.4283604470425758,-0.303378662554325,-0.33066822582626526,0.12070657507360157,0.39537149379075226,0.3126505367306423,0.3126505367306423,68.18181818181817
1610612741,CHI,2023,2023-24,Regular Season,DeMar DeRozan,0.5724690458849235,0.20265003897116135,0.3049461779533996,0.16269246491347594,-0.5724690458849235,-0.5502799790668278,0.20265003897116135,-1.6099995519945045,-0.3049461779533996,-0.39862318385830153,0.16269246491347594,2.4234334466938052,-0.03386731705645718,-0.03386731705645718,47.27272727272727
1610612739,CLE,2023,2023-24,Regular Season,Darius Garland,0.5768033212247016,0.30566666666666664,0.3143976493633692,0.07961382398209038,-0.5768033212247016,-0.6514734929517392,0.30566666666666664,0.5791007227142279,-0.3143976493633692,-0.808363556032405,0.07961382398209038,-1.5895488055442344,-0.6175712829535377,-0.6175712829535377,19.393939393939394
1610612742,DAL,2023,2023-24,Regular Season,Luka Dončić,0.47984513778182647,0.3580952380952381,0.26292165397170836,0.1251360174102285,-0.47984513778182647,1.6122357809922692,0.3580952380952381,1.6932063062915839,-0.26292165397170836,1.4232247961858016,0.1251360174102285,0.6093286948826221,1.3344988945880694,1.3344988945880694,97.87878787878788
1610612743,DEN,2023,2023-24,Regular Season,Nikola Jokić,0.5332439678284182,0.27847588163761655,0.3220222558043687,0.1383431790081055,-0.5332439678284182,0.36551866540760813,0.27847588163761655,0.0012973495289037315,-0.3220222558043687,-1.138905642582106,0.1383431790081055,1.2472797314010553,0.11879752593886528,0.11879752593886528,57.57575757575758
1610612765,DET,2023,2023-24,Regular Season,Cade Cunningham,0.4977180527383367,0.28083267871170464,0.29850746268656714,0.1290768380320619,-0.4977180527383367,1.1949519385891978,0.28083267871170464,0.05137921725969997,-0.29850746268656714,-0.119491874528815,0.1290768380320619,0.7996837974381902,0.4816307696895683,0.4816307696895683,76.96969696969697
1610612744,GSW,2023,2023-24,Regular Season,Stephen Curry,0.5619542128864763,0.27710843373493976,0.24963406520292747,0.12308715901530273,-0.5619542128864763,-0.3047872921439004,0.27710843373493976,-0.02776087773366706,-0.24963406520292747,1.999268602621463,0.12308715901530273,0.5103618330754266,0.5442705664548305,0.5442705664548305,80.60606060606061
1610612745,HOU,2023,2023-24,Regular Season,Fred VanVleet,0.514792899408284,0.35288065843621397,0.30929078965008716,0.10899584394690977,-0.514792899408284,0.7963008151313768,0.35288065843621397,1.5823966436242987,-0.30929078965008716,-0.5869708745337411,0.10899584394690977,-0.17029683738667728,0.4053574367088143,0.4053574367088143,73.63636363636363
1610612754,IND,2023,2023-24,Regular Season,Tyrese Haliburton,0.5546579146680132,0.2853641456582633,0.3221476510067114,0.10369785498091855,-0.5546579146680132,-0.13443861856002232,0.2853641456582633,0.14767275510357067,-0.3221476510067114,-1.1443417778300566,0.10369785498091855,-0.4262078086630962,-0.3893288624874011,-0.3893288624874011,30.0
1610612746,LAC,2023,2023-24,Regular Season,James Harden,0.4438301080673536,0.3877706038739081,0.28559369724254363,0.1257737760270118,-0.4438301080673536,2.4530885473196706,0.3877706038739081,2.3238069465123377,-0.28559369724254363,0.4403459358698819,0.1257737760270118,0.6401346154137129,1.4643440112789006,1.4643440112789006,98.7878787878788
1610612747,LAL,2023,2023-24,Regular Season,LeBron James,0.544386779568424,0.27746365105008075,0.3250661836421903,0.1191305559425944,-0.544386779568424,0.10536438674865942,0.27746365105008075,-0.020212520351450384,-0.3250661836421903,-1.2708660613402414,0.1191305559425944,0.31924438421101353,-0.2166174526830047,-0.2166174526830047,34.84848484848485
1610612763,MEM,2023,2023-24,Regular Season,Desmond Bane,0.6216492213428645,0.23795572916666666,0.28897496195877714,0.07137916724304882,-0.6216492213428645,-1.6985030101215153,0.23795572916666666,-0.8597546853676561,-0.28897496195877714,0.2937612822055548,0.07137916724304882,-1.9873108654019342,-1.0629518196713876,-1.0629518196713876,5.151515151515151
1610612748,MIA,2023,2023-24,Regular Season,Terry Rozier,0.5912483912483912,0.24263883712262393,0.24935915693534605,0.11577898034747935,-0.5912483912483912,-0.9887265005296135,0.24263883712262393,-0.7602387805840246,-0.24935915693534605,2.0111864311781606,0.11577898034747935,0.15735183000638944,0.10489324501772795,0.10489324501772795,56.060606060606055
1610612749,MIL,2023,2023-24,Regular Season,Damian Lillard,0.5373448841020838,0.2969912649627952,0.2871314411683659,0.1350234224304216,-0.5373448841020838,0.26977344957614446,0.2969912649627952,0.39474869452235406,-0.2871314411683659,0.3736816313246368,0.1350234224304216,1.0869241444698883,0.5312819799732559,0.5312819799732559,80.0
1610612750,MIN,2023,2023-24,Regular Season,Anthony Edwards,0.5393474088291746,0.29500187899285985,0.3054201319185546,0.09693145970748494,-0.5393474088291746,0.22301995611070105,0.29500187899285985,0.35247430182761813,-0.3054201319185546,-0.4191700453629717,0.09693145970748494,-0.7530478224079329,-0.14918090245814636,-0.14918090245814636,39.09090909090909
1610612740,NOP,2023,2023-24,Regular Season,CJ McCollum,0.5979926043317485,0.21134805788271135,0.30565247732030704,0.11207257501744591,-0.5979926043317485,-1.1461854912010423,0.21134805788271135,-1.4251669088121202,-0.30565247732030704,-0.4292426877334033,0.11207257501744591,-0.021680212914351824,-0.7555688251652294,-0.7555688251652294,14.242424242424242
1610612752,NYK,2023,2023-24,Regular Season,Jalen Brunson,0.5003634601405379,0.3130615065653075,0.28974147414741475,0.10396039603960396,-0.5003634601405379,1.1331888871676414,0.3130615065653075,0.7362408506301811,-0.28974147414741475,0.260531430913081,0.10396039603960396,-0.41352617837669714,0.42910874758355166,0.42910874758355166,75.45454545454545
1610612760,OKC,2023,2023-24,Regular Season,Shai Gilgeous-Alexander,0.5557408289661744,0.20223101835192514,0.2998361551064992,0.12165483342435827,-0.5557408289661744,-0.15972171538163704,0.20223101835192514,-1.6189037276911686,-0.2998361551064992,-0.1770933741295656,0.12165483342435827,0.44117561250841414,-0.3786358011734893,-0.3786358011734893,30.303030303030305
1610612750,MIN,2024,2024-25,Regular Season,Anthony Edwards,0.5048332527791204,0.372,0.2869674185463659,0.07282094124199387,-0.5048332527791204,1.0234408884420463,0.372,1.7434735945142004,-0.2869674185463659,-0.2600944054185319,0.07282094124199387,-1.0159488027229662,0.37271781870368703,0.37271781870368703,71.51515151515152
1610612740,NOP,2024,2024-25,Regular Season,Jose Alvarado,0.5064586887643188,0.30796460176991153,0.3010314875135722,0.1005700325732899,-0.5064586887643188,0.98984147244832,0.30796460176991153,0.33072048422855405,-0.3010314875135722,-0.6964655650058824,0.1005700325732899,0.12002070366132908,0.18602927383308018,0.18602927383308018,61.51515151515151
1610612752,NYK,2024,2024-25,Regular Season,Jalen Brunson,0.5082212257100149,0.2972873900293255,0.31278195488721805,0.11442241968557758,-0.5082212257100149,0.9534080400756942,0.2972873900293255,0.0951591460841211,-0.31278195488721805,-1.0610517374348776,0.11442241968557758,0.6870983481981907,0.16865344923078213,0.16865344923078213,59.696969696969695
1610612760,OKC,2024,2024-25,Regular Season,Shai Gilgeous-Alexander,0.5450828491499893,0.2692186017083201,0.2619736842105263,0.10907894736842105,-0.5450828491499893,0.191440770098813,0.2692186017083201,-0.5240962829204159,-0.2619736842105263,0.5153955939536058,0.10907894736842105,0.468351667882481,0.16277293725362096,0.16277293725362096,59.09090909090909
1610612753,ORL,2023,2023-24,Regular Season,Paolo Banchero,0.5726736013494518,0.23700787401574802,0.34304997128087306,0.11157380815623205,-0.5726736013494518,-0.55505579154233,0.23700787401574802,-0.8798965791344874,-0.34304997128087306,-2.0504995724146413,0.11157380815623205,-0.04577235669061761,-0.882806074945519,-0.882806074945519,11.515151515151516
1610612756,PHX,2023,2023-24,Regular Season,Devin Booker,0.513774770420493,0.24525377760557923,0.2678748407192411,0.1605550049554014,-0.513774770420493,0.8200713515615641,0.24525377760557923,-0.7046713730922514,-0.2678748407192411,1.208494148083631,0.1605550049554014,2.320186826618414,0.9110202382928394,0.9110202382928394,90.0
1610612757,POR,2023,2023-24,Regular Season,Scoot Henderson,0.5667870036101083,0.27115456938698757,0.30573681348559,0.12098966829798803,-0.5667870036101083,-0.4176197812814655,0.27115456938698757,-0.15428031805358497,-0.30573681348559,-0.43289883080910807,0.12098966829798803,0.4090458639111059,-0.1489382665582632,-0.1489382665582632,39.39393939393939
1610612758,SAC,2023,2023-24,Regular Season,De'Aaron Fox,0.5674918262494162,0.27566718995290423,0.2574111334674715,0.0971160295103957,-0.5674918262494162,-0.4340754685523299,0.27566718995290423,-0.05838726523784552,-0.2574111334674715,1.662116988135657,0.0971160295103957,-0.7441324702178113,0.10638044603191757,0.10638044603191757,56.36363636363636
1610612759,SAS,2023,2023-24,Regular Season,Tre Jones,0.6245019920318725,0.2186110160793705,0.3072888649811727,0.10637439483593329,-0.6245019920318725,-1.7651074290146134,0.2186110160793705,-1.2708292631409808,-0.3072888649811727,-0.500183397396552,0.10637439483593329,-0.29692178742867525,-0.9582604692452054,-0.9582604692452054,7.575757575757576
1610612761,TOR,2023,2023-24,Regular Season,Immanuel Quickley,0.6036470903727541,0.210188679245283,0.3174279499728113,0.10304513322457858,-0.6036470903727541,-1.2782023260456512,0.210188679245283,-1.4498036703763562,-0.3174279499728113,-0.9397332069211028,0.10304513322457858,-0.45773649996661997,-1.0313689258274326,-1.0313689258274326,6.363636363636363
1610612762,UTA,2023,2023-24,Regular Season,Keyonte George,0.6164346895074947,0.24678402166553826,0.27106227106227104,0.07434540767874101,-0.6164346895074947,-1.5767579066568083,0.24678402166553826,-0.6721537323291588,-0.27106227106227104,1.070312605931951,0.07434540767874101,-1.8440313161597335,-0.7556575873034374,-0.7556575873034374,13.939393939393941
1610612764,WAS,2023,2023-24,Regular Season,Tyus Jones,0.5659453889747553,0.2763661677688827,0.31202455625250236,0.09208594688375818,-0.5659453889747553,-0.3979703737999619,0.2763661677688827,-0.04353400743662479,-0.31202455625250236,-0.7054851773891883,0.09208594688375818,-0.9871026498173855,-0.5335230521107901,-0.5335230521107901,23.333333333333332
1610612766,CHA,2024,2024-25,Regular Season,LaMelo Ball,0.521157064307913,0.3402889245585875,0.2740831964969896,0.08470169677066229,-0.521157064307913,0.686011091665307,0.3402889245585875,1.0438617907523862,-0.2740831964969896,0.13966919992050544,0.08470169677066229,-0.5295841923563316,0.3349894724954668,0.3349894724954668,69.0909090909091
1610612741,CHI,2024,2024-25,Regular Season,Josh Giddey,0.6529550827423168,0.23636363636363636,0.30417495029821073,0.06998011928429423,-0.6529550827423168,-2.0383880780663035,0.23636363636363636,-1.2489446599422915,-0.30417495029821073,-0.7939989675831073,0.06998011928429423,-1.1322440384294465,-1.303393936005287,-1.303393936005287,2.4242424242424243
1610612739,CLE,2024,2024-25,Regular Season,Darius Garland,0.5479195885928003,0.3337271116361488,0.27794196668457816,0.07818377216550242,-0.5479195885928003,0.13280247891247196,0.3337271116361488,0.8990946483356475,-0.27794196668457816,0.019941685410627154,0.07818377216550242,-0.7964096356825762,0.0638572942440426,0.0638572942440426,52.72727272727272
1610612742,DAL,2024,2024-25,Regular Season,Spencer Dinwiddie,0.4818639798488665,0.346782988004362,0.27522935779816515,0.11301084236864054,-0.4818639798488665,1.4982391353646087,0.346782988004362,1.1871342398194622,-0.27522935779816515,0.10410682197466707,0.11301084236864054,0.6293123555399097,0.8546981381746619,0.8546981381746619,89.0909090909091
1610612743,DEN,2024,2024-25,Regular Season,Jamal Murray,0.5650236702868282,0.254739336492891,0.33559782608695654,0.10855978260869566,-0.5650236702868282,-0.22075629624789436,0.254739336492891,-0.8435387714991275,-0.33559782608695654,-1.7689683578411572,0.10855978260869566,0.44709852741758077,-0.5965412245426496,-0.5965412245426496,21.515151515151516
1610612765,DET,2024,2024-25,Regular Season,Cade Cunningham,0.527027027027027,0.2973254602292463,0.2952600842048078,0.09493413011000951,-0.527027027027027,0.5646729884959564,0.2973254602292463,0.09599905330471775,-0.2952600842048078,-0.5173940629985889,0.09493413011000951,-0.11069724175917954,0.00814518426072643,0.00814518426072643,50.0
1610612744,GSW,2024,2024-25,Regular Season,Stephen Curry,0.5974086071263304,0.28325554259043173,0.2462223421478683,0.0854020507285483,-0.5974086071263304,-0.8901858983421197,0.28325554259043173,-0.21441238248078376,-0.2462223421478683,1.004118410726341,0.0854020507285483,-0.5009136773352945,-0.1503483868579642,-0.1503483868579642,38.78787878787879
1610612745,HOU,2024,2024-25,Regular Season,Jalen Green,0.5180694246314789,0.3296778615490062,0.29063846455150805,0.1105888497192845,-0.5180694246314789,0.7498357460177101,0.3296778615490062,0.8097598302030224,-0.29063846455150805,-0.37399733108660677,0.1105888497192845,0.5301628100103816,0.4289402637861268,0.4289402637861268,75.15151515151514
1610612754,IND,2024,2024-25,Regular Season,Tyrese Haliburton,0.5256229431123648,0.30398899587345257,0.27545727545727544,0.12530712530712532,-0.5256229431123648,0.5936968319253096,0.30398899587345257,0.24301040900873158,-0.27545727545727544,0.0970351350092307,0.12530712530712532,1.1326874856739384,0.5166074654043026,0.5166074654043026,78.78787878787878
1610612746,LAC,2024,2024-25,Regular Season,James Harden,0.4540051679586563,0.40286975717439294,0.2763250883392226,0.09088339222614841,-0.4540051679586563,2.074109128593472,0.40286975717439294,2.424524180085393,-0.2763250883392226,0.07010917819807455,0.09088339222614841,-0.27652302176344806,1.073054866278373,1.073054866278373,93.03030303030303
1610612747,LAL,2024,2024-25,Regular Season,Austin Reaves,0.5392156862745098,0.29976182374957466,0.2754388468674183,0.10132724418438704,-0.5392156862745098,0.3127209976508835,0.29976182374957466,0.14975026335830222,-0.2754388468674183,0.09760692580066263,0.10132724418438704,0.15101881058371164,0.17777424934838998,0.17777424934838998,61.212121212121204
1610612763,MEM,2024,2024-25,Regular Season,Ja Morant,0.62883202432227,0.23147540983606557,0.2620851842174027,0.065847922654821,-0.62883202432227,-1.5397399108810583,0.23147540983606557,-1.3567890307353438,-0.2620851842174027,0.5119360412872975,0.065847922654821,-1.3014045096471651,-0.9214993524940674,-0.9214993524940674,10.0
1610612748,MIA,2024,2024-25,Regular Season,Tyler Herro,0.5733821733821733,0.29591836734693877,0.25847576351919305,0.08517792098627067,-0.5733821733821733,-0.39353506154087187,0.29591836734693877,0.06495567884489167,-0.25847576351919305,0.6239268953700609,0.08517792098627067,-0.510088916612914,-0.053685350984708335,-0.053685350984708335,45.75757575757576
1610612749,MIL,2024,2024-25,Regular Season,Damian Lillard,0.5379761626548258,0.27712462210278804,0.27647557187235244,0.14840440553515957,-0.5379761626548258,0.3383432123127098,0.27712462210278804,-0.349673148045334,-0.27647557187235244,0.06544006899477126,0.14840440553515957,2.0782249703507154,0.5330837759032157,0.5330837759032157,80.3030303030303
1610612759,SAS,2024,2024-25,Regular Season,Chris Paul,0.5893402207090866,0.2599009900990099,0.30290681879923936,0.1017386579733768,-0.5893402207090866,-0.7234041400325072,0.2599009900990099,-0.7296620347595525,-0.30290681879923936,-0.754652174417793,0.1017386579733768,0.167860930320847,-0.5099643547222514,-0.5099643547222514,25.454545454545453
1610612761,TOR,2024,2024-25,Regular Season,Scottie Barnes,0.6347352024922118,0.2026685899747566,0.32940230501206114,0.0859019029750737,-0.6347352024922118,-1.6617646112218418,0.2026685899747566,-1.9923269594645858,-0.32940230501206114,-1.57673759432571,0.0859019029750737,-0.48045113667147993,-1.4278200754209043,-1.4278200754209043,1.2121212121212122
1610612762,UTA,2024,2024-25,Regular Season,Keyonte George,0.5869995056846268,0.29095958037642705,0.23143564356435645,0.07178217821782178,-0.5869995056846268,-0.6750191783694405,0.29095958037642705,-0.04444540101819346,-0.23143564356435645,1.4629108713151797,0.07178217821782178,-1.058472830112944,-0.07875663454634957,-0.07875663454634957,43.63636363636363
1610612764,WAS,2024,2024-25,Regular Season,Bub Carrington,0.57159990405373,0.30459408432976715,0.26455026455026454,0.09483109483109484,-0.57159990405373,-0.3566937407355373,0.30459408432976715,0.25635990978929657,-0.26455026455026454,0.435451066289299,0.09483109483109484,-0.11491521536889052,0.05505050499354195,0.05505050499354195,52.42424242424243
1610612737,ATL,2021,2021-22,Regular Season,Trae Young,0.4557678697806086,0.36748732802317163,0.28076232564562903,0.14832205496478387,-0.4557678697806086,1.8091799162946545,0.36748732802317163,1.7353166095039356,-0.28076232564562903,0.3490381161184934,0.14832205496478387,0.5867239071850209,1.120064637275526,1.120064637275526,95.45454545454545
1610612738,BOS,2021,2021-22,Regular Season,Jayson Tatum,0.576808721506442,0.2745762711864407,0.2754290498116367,0.1233431003209153,-0.576808721506442,-0.8857929030184278,0.2745762711864407,-0.20090911672551232,-0.2754290498116367,0.5395008667360917,0.1233431003209153,-0.1327622188384696,-0.1699908429615795,-0.1699908429615795,37.27272727272727
1610612751,BKN,2021,2021-22,Regular Season,Kevin Durant,0.4651592062759575,0.344140625,0.28147841677010066,0.18066473589849677,-0.4651592062759575,1.6000819445675887,0.344140625,1.248781545162348,-0.28147841677010066,0.323464961924888,0.18066473589849677,1.518312540175428,1.1726602479575632,1.1726602479575632,96.36363636363636
1610612766,CHA,2021,2021-22,Regular Season,LaMelo Ball,0.565121412803532,0.2753433616742969,0.33960250766973454,0.08496732026143791,-0.565121412803532,-0.6255751431780827,0.2753433616742969,-0.1849232869706844,-0.33960250766973454,-1.7522713349552468,0.08496732026143791,-1.2381263832631955,-0.9502240370918023,-0.9502240370918023,8.787878787878787
1610612741,CHI,2021,2021-22,Regular Season,DeMar DeRozan,0.4982738780207135,0.2266325224071703,0.29170759085169073,0.21790374631682335,-0.4982738780207135,0.8627842553978641,0.2266325224071703,-1.2000358402696376,-0.29170759085169073,-0.041840845006808555,0.21790374631682335,2.590933541527336,0.5529602779121885,0.5529602779121885,80.9090909090909
1610612739,CLE,2021,2021-22,Regular Season,Darius Garland,0.586677367576244,0.24261922785768358,0.31815561959654176,0.11354466858789625,-0.586677367576244,-1.1055181655420139,0.24261922785768358,-0.8668799014094176,-0.31815561959654176,-0.9863568347951707,0.11354466858789625,-0.41499323247402214,-0.8434370335551561,-0.8434370335551561,12.121212121212121
1610612742,DAL,2021,2021-22,Regular Season,Luka Dončić,0.5242785158039396,0.2891526541378173,0.2450587224291034,0.1354912632483529,-0.5242785158039396,0.28379136991638354,0.2891526541378173,0.10285631902260621,-0.2450587224291034,1.6240905767913087,0.1354912632483529,0.21714972934266527,0.556971998768241,0.556971998768241,81.51515151515152
1610612743,DEN,2021,2021-22,Regular Season,Nikola Jokić,0.6086622245002563,0.24338440111420612,0.2996185901963554,0.11880209069077553,-0.6086622245002563,-1.5950106881235857,0.24338440111420612,-0.8509340259157704,-0.2996185901963554,-0.32435964625000924,0.11880209069077553,-0.2635600634082625,-0.758466105924407,-0.758466105924407,13.636363636363635
1610612765,DET,2021,2021-22,Regular Season,Cade Cunningham,0.5927318295739349,0.20846905537459284,0.3147103343883308,0.12439796339617448,-0.5927318295739349,-1.2403206746676045,0.20846905537459284,-1.5785545370034106,-0.3147103343883308,-0.8633182900351908,0.12439796339617448,-0.10237826729509512,-0.9461429422503254,-0.9461429422503254,9.090909090909092
1610612744,GSW,2021,2021-22,Regular Season,Stephen Curry,0.5728667305848514,0.287758346581876,0.26710879074361504,0.11598701848454918,-0.5728667305848514,-0.7980245319586399,0.287758346581876,0.07379956031159746,-0.26710879074361504,0.8366352129189992,0.11598701848454918,-0.3446445373188377,-0.05805857401172021,-0.05805857401172021,45.45454545454545
1610612745,HOU,2021,2021-22,Regular Season,Kevin Porter Jr.,0.5889164598842018,0.33021907216494845,0.35860511082874486,0.053367217280813214,-0.5889164598842018,-1.1553715235103423,0.33021907216494845,0.9586624822002645,-0.35860511082874486,-2.4308951637645033,0.053367217280813214,-2.1483260293101867,-1.193982558596192,-1.193982558596192,3.3333333333333335
1610612754,IND,2021,2021-22,Regular Season,Tyrese Haliburton,0.5275018173007027,0.27981811822315494,0.3209321340964841,0.12401199236849278,-0.5275018173007027,0.21202460854309327,0.27981811822315494,-0.09167132059021586,-0.3209321340964841,-1.0855121391989178,0.12401199236849278,-0.11349565805156457,-0.26966362732440124,-0.26966362732440124,33.939393939393945
1610612746,LAC,2021,2021-22,Regular Season,Reggie Jackson,0.4747358750574185,0.30505952380952384,0.2539748953974895,0.16736401673640167,-0.4747358750574185,1.3868575521611273,0.30505952380952384,0.43434851522331824,-0.2539748953974895,1.30567486355979,0.16736401673640167,1.1352027167380718,1.0655209119205769,1.0655209119205769,92.42424242424242
1610612747,LAL,2021,2021-22,Regular Season,Russell Westbrook,0.5253819615574175,0.29352153456387986,0.34111828547877454,0.1442505838714109,-0.5253819615574175,0.2592231661173464,0.29352153456387986,0.19390187338141066,-0.34111828547877454,-1.8064030205873327,0.1442505838714109,0.4694505061979785,-0.22095686872264925,-0.22095686872264925,34.54545454545455
1610612763,MEM,2021,2021-22,Regular Season,Ja Morant,0.5243748421318515,0.2612197928653625,0.30727484171081537,0.09096782530042641,-0.5243748421318515,0.28164666561361795,0.2612197928653625,-0.47925227433852147,-0.30727484171081537,-0.5977808545756638,0.09096782530042641,-1.0652896818784159,-0.4651690362947458,-0.4651690362947458,26.969696969696972
1610612748,MIA,2021,2021-22,Regular Season,Kyle Lowry,0.5460941290635614,0.2972972972972973,0.26718435432844406,0.1368996261144665,-0.5460941290635614,-0.20193294491656355,0.2972972972972973,0.27258711483150155,-0.26718435432844406,0.8339366747857695,0.1368996261144665,0.25771578012510415,0.2905766562064529,0.2905766562064529,66.66666666666666
1610612749,MIL,2021,2021-22,Regular Season,Jrue Holiday,0.5277588941762973,0.2969502407704655,0.2740417405538126,0.13954440049106534,-0.5277588941762973,0.206300795612805,0.2969502407704655,0.2653546088350577,-0.2740417405538126,0.5890446640994921,0.13954440049106534,0.33389504773478323,0.3486487790705345,0.3486487790705345,69.39393939393939
1610612750,MIN,2021,2021-22,Regular Season,D'Angelo Russell,0.5864825581395349,0.3004524886877828,0.30638240815231965,0.08849557522123894,-0.5864825581395349,-1.101180736241153,0.3004524886877828,0.33833992132654606,-0.30638240815231965,-0.5659101327931553,0.08849557522123894,-1.1364996126940146,-0.6163126401004442,-0.6163126401004442,19.696969696969695
1610612740,NOP,2021,2021-22,Regular Season,Devonte' Graham,0.5698027314112292,0.23394316854807318,0.30809761508596784,0.1471159179145868,-0.5698027314112292,-0.729804634514319,0.23394316854807318,-1.047685177008425,-0.30809761508596784,-0.6271638613887871,0.1471159179145868,0.5519827065994832,-0.463167741578012,-0.463167741578012,27.575757575757574
1610612752,NYK,2021,2021-22,Regular Season,Immanuel Quickley,0.4719127755392273,0.3723835246455098,0.2899985853727543,0.12278964492856133,-0.4719127755392273,1.4497138222489672,0.3723835246455098,1.837351202410439,-0.2899985853727543,0.019191416303238274,0.12278964492856133,-0.14870377771668783,0.7893881658114892,0.7893881658114892,86.96969696969697
1610612760,OKC,2021,2021-22,Regular Season,Shai Gilgeous-Alexander,0.6017964071856288,0.2652589904322006,0.27236662106703147,0.08030095759233927,-0.6017964071856288,-1.4421433645591293,0.2652589904322006,-0.39507716635348955,-0.27236662106703147,0.6488667837491034,0.08030095759233927,-1.3725348582085044,-0.6402221513430049,-0.6402221513430049,18.181818181818183
1610612753,ORL,2021,2021-22,Regular Season,Cole Anthony,0.6081215744892875,0.2290409121395037,0.2871546961325967,0.10994475138121547,-0.6081215744892875,-1.582973123420864,0.2290409121395037,-1.1498460532055939,-0.2871546961325967,0.12075281758683563,0.10994475138121547,-0.5186841403589857,-0.7826876248496519,-0.7826876248496519,13.333333333333334
1610612755,PHI,2021,2021-22,Regular Season,James Harden,0.4986416399110892,0.27072037180480246,0.28130409694171954,0.15233698788228506,-0.4986416399110892,0.8545960422085964,0.27072037180480246,-0.28126437082190753,-0.28130409694171954,0.3296902979161454,0.15233698788228506,0.7023687999454226,0.40134769231206424,0.40134769231206424,73.03030303030303
1610612756,PHX,2021,2021-22,Regular Season,Chris Paul,0.4908722109533469,0.27141181071568243,0.22925971038029502,0.17986195696305318,-0.4908722109533469,1.0275822659847353,0.27141181071568243,-0.2668550867932643,-0.22925971038029502,2.188307276906006,0.17986195696305318,1.4951895426540986,1.111055999687894,1.111055999687894,94.54545454545455
1610612757,POR,2021,2021-22,Regular Season,Anfernee Simons,0.5360900415953022,0.318242790073776,0.3061310190369541,0.11282194848824188,-0.5360900415953022,0.02080791839177872,0.318242790073776,0.7090820094449293,-0.3061310190369541,-0.5569324868062977,0.11282194848824188,-0.4358102399154151,-0.0657131997212512,-0.0657131997212512,44.24242424242424
1610612758,SAC,2021,2021-22,Regular Season,De'Aaron Fox,0.49447236180904525,0.32944277108433734,0.2918454935622318,0.12349439291153261,-0.49447236180904525,0.9474249590656605,0.32944277108433734,0.9424847077269822,-0.2918454935622318,-0.04676564739558863,0.12349439291153261,-0.12840443359600268,0.42868489645026286,0.42868489645026286,74.54545454545455
1610612759,SAS,2021,2021-22,Regular Season,Dejounte Murray,0.5597424278559504,0.18646674356016918,0.2852256282068149,0.14077095119063282,-0.5597424278559504,-0.5058121208386362,0.18646674356016918,-2.0370730774444166,-0.2852256282068149,0.189643982174801,0.14077095119063282,0.369224236797538,-0.49600424482767846,-0.49600424482767846,25.757575757575758
1610612761,TOR,2021,2021-22,Regular Season,Fred VanVleet,0.4974548819990745,0.29492257832193014,0.26839364401121646,0.14888503137935638,-0.4974548819990745,0.8810191900168143,0.29492257832193014,0.223099011593681,-0.26839364401121646,0.7907503393244928,0.14888503137935638,0.6029397066585507,0.6244520618983846,0.6244520618983846,83.03030303030303
1610612762,UTA,2021,2021-22,Regular Season,Donovan Mitchell,0.5048399106478034,0.3967043027158987,0.26616669025045986,0.061978208575067216,-0.5048399106478034,0.7165916335811292,0.3967043027158987,2.344185564057561,-0.26616669025045986,0.870279647759755,0.061978208575067216,-1.9002976848155708,0.5076897901457187,0.5076897901457187,78.48484848484848
1610612764,WAS,2021,2021-22,Regular Season,Raul Neto,0.52939672801636,0.23387096774193547,0.2869897959183674,0.14994331065759636,-0.52939672801636,0.16983444876721354,0.23387096774193547,-1.049189810181891,-0.2869897959183674,0.12664175889742177,0.14994331065759636,0.6334220574617585,-0.029822886263874304,-0.029822886263874304,47.57575757575758
1610612737,ATL,2019,2019-20,Regular Season,Trae Young,0.5138761817627325,0.33848725449226913,0.32272952035602437,0.09840118674798087,-0.5138761817627325,0.34291283662003524,0.33848725449226913,0.7729535646958029,-0.32272952035602437,-0.024846425609212124,0.09840118674798087,-0.7921082893467147,0.07472792158997785,0.07472792158997785,53.63636363636364
1610612738,BOS,2019,2019-20,Regular Season,Kemba Walker,0.4359977641140302,0.4375,0.32366625310173697,0.1262406947890819,-0.4359977641140302,1.9573673567432304,0.4375,2.4449419309517006,-0.32366625310173697,-0.06006442869216158,0.1262406947890819,-0.14968246151540188,1.0481405993718418,1.0481405993718418,92.12121212121212
1610612751,BKN,2019,2019-20,Regular Season,Spencer Dinwiddie,0.523645743766122,0.34623893805309736,0.35995690981840567,0.07756232686980609,-0.523645743766122,0.14038543541957138,0.34623893805309736,0.9038531237994328,-0.35995690981840567,-1.424471156202925,0.07756232686980609,-1.2729868231387835,-0.4133048550306761,-0.4133048550306761,29.09090909090909
1610612766,CHA,2019,2019-20,Regular Season,Devonte' Graham,0.5212803376714737,0.34608294930875577,0.35123523093447906,0.073218761188686,-0.5212803376714737,0.1894213644578078,0.34608294930875577,0.9012190046820548,-0.35123523093447906,-1.0965653418407322,0.073218761188686,-1.3732191539081922,-0.3447860316522654,-0.3447860316522654,31.212121212121215
1610612741,CHI,2019,2019-20,Regular Season,Tomas Satoransky,0.5804811928159945,0.2732142857142857,0.3727872266574106,0.08556056924678931,-0.5804811928159945,-1.0378389095549967,0.2732142857142857,-0.329284777127084,-0.3727872266574106,-1.9068479494339048,0.08556056924678931,-1.0884189969888742,-1.090597658276215,-1.090597658276215,4.848484848484849
1610612739,CLE,2019,2019-20,Regular Season,Collin Sexton,0.5201900237529691,0.31161195492405686,0.3305336832895888,0.1237095363079615,-0.5201900237529691,0.21202406090733472,0.31161195492405686,0.3191212021320908,-0.3305336832895888,-0.3182567238101456,0.1237095363079615,-0.2080915964830653,0.001199235686553668,0.001199235686553668,49.3939393939394
1610612742,DAL,2019,2019-20,Regular Season,Luka Dončić,0.5551628376672557,0.3101010101010101,0.2768753691671589,0.10986414648552864,-0.5551628376672557,-0.512978054056518,0.3101010101010101,0.2936064852819101,-0.2768753691671589,1.699115553222864,0.10986414648552864,-0.52758847858285,0.23803887646635152,0.23803887646635152,64.24242424242425
1610612743,DEN,2019,2019-20,Regular Season,Jamal Murray,0.515774647887324,0.27161611588954276,0.31966707768187425,0.15844636251541308,-0.515774647887324,0.3035567825464523,0.27161611588954276,-0.3562724274600682,-0.31966707768187425,0.0902911267323879,0.15844636251541308,0.5934970774119048,0.1577681398076692,0.1577681398076692,58.78787878787879
1610612765,DET,2019,2019-20,Regular Season,Derrick Rose,0.6027542372881356,0.2285577383804504,0.33898904206433367,0.09579356663131848,-0.6027542372881356,-1.4995691091483916,0.2285577383804504,-1.083381911152103,-0.33898904206433367,-0.6361497971113012,0.09579356663131848,-0.8522818566972307,-1.0178456685272566,-1.0178456685272566,6.666666666666667
1610612744,GSW,2019,2019-20,Regular Season,Andrew Wiggins,0.503345498783455,0.2839321357285429,0.2870855148342059,0.1794066317626527,-0.503345498783455,0.5612186169527749,0.2839321357285429,-0.14829675944087095,-0.2870855148342059,1.3152483902297711,0.1794066317626527,1.0771772596495137,0.7013368768477972,0.7013368768477972,85.75757575757575
1610612745,HOU,2019,2019-20,Regular Season,James Harden,0.5362124463519313,0.38607990012484394,0.3347665847665848,0.06111793611793612,-0.5362124463519313,-0.1201279443491518,0.38607990012484394,1.5766314084820003,-0.3347665847665848,-0.47739959348025607,0.06111793611793612,-1.6524583758097209,-0.16833862628928212,-0.16833862628928212,37.57575757575757
1610612754,IND,2019,2019-20,Regular Season,Malcolm Brogdon,0.5101529902642559,0.25800098473658295,0.3345206752361778,0.19591141396933562,-0.5101529902642559,0.42009626593820987,0.25800098473658295,-0.5861856651555084,-0.3345206752361778,-0.4681542215856165,0.19591141396933562,1.4580424084391348,0.20594969690905496,0.20594969690905496,62.727272727272734
1610612746,LAC,2019,2019-20,Regular Season,Lou Williams,0.4970076169749728,0.27888277613203555,0.31237354085603114,0.1509727626459144,-0.4970076169749728,0.6926057488776513,0.27888277613203555,-0.2335632618402385,-0.31237354085603114,0.36450359938673554,0.1509727626459144,0.4210359270225244,0.3111455033616682,0.3111455033616682,67.57575757575758
1610612747,LAL,2019,2019-20,Regular Season,LeBron James,0.5339922132374962,0.2813497492020064,0.3614611580794385,0.15169883553995853,-0.5339922132374962,-0.07410151628925074,0.2813497492020064,-0.19190448092565623,-0.3614611580794385,-1.4810258353652035,0.15169883553995853,0.43779082008074727,-0.3273102531248408,-0.3273102531248408,32.121212121212125
1610612763,MEM,2019,2019-20,Regular Season,Ja Morant,0.5479015918958032,0.2497797356828194,0.31956587277660536,0.10491407898703647,-0.5479015918958032,-0.3624491731240966,0.2497797356828194,-0.725014587669446,-0.31956587277660536,0.09409609104273413,0.10491407898703647,-0.6418164744886978,-0.4087960360598766,-0.4087960360598766,29.393939393939394
1610612748,MIA,2019,2019-20,Regular Season,Goran Dragic,0.5715889949466592,0.2536057692307692,0.29464285714285715,0.13262987012987013,-0.5715889949466592,-0.8534996602813882,0.2536057692307692,-0.660405899684146,-0.29464285714285715,1.0311177180149202,0.13262987012987013,-0.002245543757894099,-0.12125834642712702,-0.12125834642712702,40.909090909090914
1610612749,MIL,2019,2019-20,Regular Season,Giannis Antetokounmpo,0.5421558164354322,0.3102946526009458,0.31726423621572764,0.11554685146128352,-0.5421558164354322,-0.24333667130808795,0.3102946526009458,0.2968764482088538,-0.31726423621572764,0.1806298904298338,0.11554685146128352,-0.3964541049803894,-0.040571109412447445,-0.040571109412447445,46.36363636363636
1610612750,MIN,2019,2019-20,Regular Season,D'Angelo Russell,0.6049222797927462,0.2754032258064516,0.3474850809889173,0.07144075021312873,-0.6049222797927462,-1.5445136024632997,0.2754032258064516,-0.2923210271596946,-0.3474850809889173,-0.9555723073292228,0.07144075021312873,-1.41424862077877,-1.0516638894327466,-1.0516638894327466,5.454545454545454
1610612740,NOP,2019,2019-20,Regular Season,Lonzo Ball,0.5607450653322213,0.27195027195027194,0.34889360412246134,0.11473173688996666,-0.5607450653322213,-0.6287001367356168,0.27195027195027194,-0.3506296686092953,-0.34889360412246134,-1.0085280434093404,0.11473173688996666,-0.4152637280700829,-0.6007803942060839,-0.6007803942060839,20.909090909090907
1610612752,NYK,2019,2019-20,Regular Season,Elfrid Payton,0.5206797050336647,0.24620390455531455,0.34905020352781546,0.17944369063772048,-0.5206797050336647,0.20187274837547442,0.24620390455531455,-0.7853982081238146,-0.34905020352781546,-1.0144156547539764,0.17944369063772048,1.0780324320346997,-0.12997717061690423,-0.12997717061690423,40.60606060606061
1610612760,OKC,2019,2019-20,Regular Season,Chris Paul,0.47550845030077343,0.29820415879017015,0.300682261208577,0.1608187134502924,-0.47550845030077343,1.1382931146971786,0.29820415879017015,0.0927091474210231,-0.300682261208577,0.8040564222726694,0.1608187134502924,0.6482415617970518,0.6708250615469808,0.6708250615469808,84.84848484848484
1610612753,ORL,2019,2019-20,Regular Season,Markelle Fultz,0.5474607817069929,0.2573149741824441,0.29669140383426096,0.1683673469387755,-0.5474607817069929,-0.3533109802418081,0.2573149741824441,-0.5977700491635186,-0.29669140383426096,0.9540992471398128,0.1683673469387755,0.8224341915904533,0.20636310233123484,0.20636310233123484,63.030303030303024
1610612755,PHI,2019,2019-20,Regular Season,Ben Simmons,0.5976197223009351,0.17484662576687116,0.30575035063113604,0.16316035530621786,-0.5976197223009351,-1.3931283110428294,0.17484662576687116,-1.990379843267348,-0.30575035063113604,0.6135132927351543,0.16316035530621786,0.7022774019978357,-0.516929364894297,-0.516929364894297,24.545454545454547
1610612756,PHX,2019,2019-20,Regular Season,Ricky Rubio,0.5889536497363308,0.19619131975199292,0.3277337066417794,0.1616114481256805,-0.5889536497363308,-1.2134767407354798,0.19619131975199292,-1.629940590306432,-0.3277337066417794,-0.2129870119674974,0.1616114481256805,0.6665347453308604,-0.5974673994196371,-0.5974673994196371,21.21212121212121
1610612757,POR,2019,2019-20,Regular Season,Damian Lillard,0.402834008097166,0.4278668310727497,0.30374870351163136,0.17706326863239,-0.402834008097166,2.6448668902751793,0.4278668310727497,2.2822704860387555,-0.30374870351163136,0.6887684973261563,0.17706326863239,1.0231016992392568,1.6597518932198372,1.6597518932198372,99.0909090909091
1610612758,SAC,2019,2019-20,Regular Season,De'Aaron Fox,0.5322128851540616,0.30040983606557375,0.3001257071024513,0.12790697674418605,-0.5322128851540616,-0.037215247232768124,0.30040983606557375,0.12995553146257952,-0.3001257071024513,0.8249809862052054,0.12790697674418605,-0.11123125889976006,0.2016225028838142,0.2016225028838142,62.42424242424243
1610612759,SAS,2019,2019-20,Regular Season,DeMar DeRozan,0.483712512926577,0.23275862068965517,0.25921259842519684,0.2447244094488189,-0.483712512926577,0.9682192175958158,0.23275862068965517,-1.0124433030670241,-0.25921259842519684,2.3631763723742645,0.2447244094488189,2.5844534421232264,1.2258514322565706,1.2258514322565706,96.66666666666667
1610612761,TOR,2019,2019-20,Regular Season,Kyle Lowry,0.6122387155407453,0.29037267080745344,0.355394092560417,0.09714105196651397,-0.6122387155407453,-1.6961865963578402,0.29037267080745344,-0.039538036822068384,-0.355394092560417,-1.2529245619429619,0.09714105196651397,-0.8211872202303974,-0.952459103838317,-0.952459103838317,8.181818181818182
1610612762,UTA,2019,2019-20,Regular Season,Donovan Mitchell,0.46910688140556367,0.3759968102073365,0.3029363784665579,0.08874388254486133,-0.46910688140556367,1.2710005084885017,0.3759968102073365,1.4063623289656844,-0.3029363784665579,0.7193091889724065,0.08874388254486133,-1.014960706068606,0.5954278300894966,0.5954278300894966,82.12121212121211
1610612764,WAS,2019,2019-20,Regular Season,Ish Smith,0.5050158394931362,0.26856649395509496,0.30623471882640585,0.18566625916870416,-0.5050158394931362,0.5265917050263546,0.26856649395509496,-0.4077701651475602,-0.30623471882640585,0.5953026764495902,0.18566625916870416,1.2216247230282216,0.4839372348391515,0.4839372348391515,77.27272727272727
1610612760,OKC,2018,2018-19,Regular Season,Russell Westbrook,0.5239734447996066,0.2661259173426033,0.36140669608097586,0.15079159096807682,-0.5239734447996066,0.0719270997035798,0.2661259173426033,-0.3282491932151869,-0.36140669608097586,-1.0031367877921527,0.15079159096807682,-0.019802406536371702,-0.3198153219600329,-0.3198153219600329,32.42424242424242
1610612752,NYK,2018,2018-19,Regular Season,Emmanuel Mudiay,0.4745175655616032,0.27222458528285837,0.33917967131611654,0.1856097224140312,-0.4745175655616032,1.2001765047106039,0.27222458528285837,-0.20740370256316332,-0.33917967131611654,-0.2971289729607227,0.1856097224140312,0.7562094295723395,0.36296331468976434,0.36296331468976434,70.60606060606061
1610612737,ATL,2018,2018-19,Regular Season,Trae Young,0.5814606741573034,0.2891846921797005,0.3646996278575226,0.08452950558213716,-0.5814606741573034,-1.2395435144612037,0.2891846921797005,0.1286618874210565,-0.3646996278575226,-1.1077317838630736,0.08452950558213716,-1.496623832882899,-0.9288093109465299,-0.9288093109465299,9.696969696969697
1610612738,BOS,2018,2018-19,Regular Season,Kyrie Irving,0.5389882924674178,0.2520587182241318,0.2868112622928735,0.18563922942206654,-0.5389882924674178,-0.2706103944930943,0.2520587182241318,-0.6069916327486823,-0.2868112622928735,1.366274312536644,0.18563922942206654,0.7568670693287727,0.31138483865591005,0.31138483865591005,67.87878787878789
1610612751,BKN,2018,2018-19,Regular Season,D'Angelo Russell,0.523542886230593,0.3286784741144414,0.3435716227235662,0.09132916553411254,-0.523542886230593,0.08174954056996375,0.3286784741144414,0.9112336723358132,-0.3435716227235662,-0.43663266492230246,0.09132916553411254,-1.3450758782651222,-0.19718133257041193,-0.19718133257041193,35.45454545454545
1610612766,CHA,2018,2018-19,Regular Season,Kemba Walker,0.4883495145631068,0.33792104310032595,0.3292583537082315,0.13433849497419179,-0.4883495145631068,0.8846247751390479,0.33792104310032595,1.0943757608912503,-0.3292583537082315,0.018006671089379724,0.13433849497419179,-0.3865020742570853,0.4026262832156482,0.4026262832156482,73.33333333333333
1610612741,CHI,2018,2018-19,Regular Season,Zach LaVine,0.4981879007527181,0.2506012506012506,0.3473976405274115,0.16516308119361556,-0.4981879007527181,0.6601791978753326,0.2506012506012506,-0.6358714458032605,-0.3473976405274115,-0.5581603321551009,0.16516308119361556,0.3005033093188813,-0.05833731769103685,-0.05833731769103685,45.151515151515156
1610612739,CLE,2018,2018-19,Regular Season,Collin Sexton,0.4504950495049505,0.3381787088499359,0.30818485523385303,0.17831291759465479,-0.4504950495049505,1.7482082021607015,0.3381787088499359,1.0994814240034043,-0.30818485523385303,0.6873744684506998,0.17831291759465479,0.593581319720996,1.0321613535839504,1.0321613535839504,91.81818181818183
1610612742,DAL,2018,2018-19,Regular Season,Luka Dončić,0.539859462078992,0.30865028609895656,0.3037068239258635,0.12384161752316765,-0.539859462078992,-0.29048460583182656,0.30865028609895656,0.5143738610929948,-0.3037068239258635,0.829612358224357,0.12384161752316765,-0.6204520539342354,0.10826238988782247,0.10826238988782247,56.666666666666664
1610612743,DEN,2018,2018-19,Regular Season,Jamal Murray,0.5525778458397141,0.22901064249113126,0.32191224268689056,0.13312567713976164,-0.5525778458397141,-0.5806322916434478,0.22901064249113126,-1.0636907099611022,-0.32191224268689056,0.2513447738968073,0.13312567713976164,-0.4135328468883628,-0.4516277686490263,-0.4516277686490263,28.18181818181818
1610612765,DET,2018,2018-19,Regular Season,Reggie Jackson,0.5461083996917544,0.2926481084939329,0.31555678364189005,0.1219950262503454,-0.5461083996917544,-0.4330431904157888,0.2926481084939329,0.1972897005641568,-0.31555678364189005,0.45321631541348206,0.1219950262503454,-0.6616081017936507,-0.11103631905795017,-0.11103631905795017,42.42424242424242
1610612744,GSW,2018,2018-19,Regular Season,Stephen Curry,0.5271750805585392,0.28333935670401156,0.27686455644613506,0.2179051759271838,-0.5271750805585392,-0.0011126216747670533,0.28333935670401156,0.012836195564193489,-0.27686455644613506,1.6822163755845625,0.2179051759271838,1.4759968833478654,0.7924842082054635,0.7924842082054635,87.27272727272727
1610612745,HOU,2018,2018-19,Regular Season,James Harden,0.47480482611781405,0.46888646288209607,0.30238726790450926,0.05528409884126763,-0.47480482611781405,1.193623157431766,0.46888646288209607,3.6894638304532728,-0.30238726790450926,0.8715260589125771,0.05528409884126763,-2.1484331299428425,0.9015449792136933,0.9015449792136933,89.6969696969697
1610612754,IND,2018,2018-19,Regular Season,Darren Collison,0.5409054805401112,0.26072124756335285,0.348843728100911,0.21163279607568325,-0.5409054805401112,-0.3143476879277809,0.26072124756335285,-0.43534306644849075,-0.348843728100911,-0.6040931161701429,0.21163279607568325,1.3362007253349175,-0.004395786302874238,-0.004395786302874238,48.78787878787879
1610612746,LAC,2018,2018-19,Regular Season,Lou Williams,0.47462277091906724,0.25711529184756393,0.3549735302312622,0.16104764558372806,-0.47462277091906724,1.1977764284448247,0.25711529184756393,-0.5067953068414572,-0.3549735302312622,-0.7987970071848466,0.16104764558372806,0.20878021530468338,0.02524108243080106,0.02524108243080106,50.60606060606061
1610612747,LAL,2018,2018-19,Regular Season,LeBron James,0.5421974522292994,0.27447063523771476,0.3956902356902357,0.12323232323232323,-0.5421974522292994,-0.34382176284206,0.27447063523771476,-0.16289808076467185,-0.3956902356902357,-2.0921015565941055,0.12323232323232323,-0.6340317482409977,-0.8082132871104588,-0.8082132871104588,13.030303030303031
1610612763,MEM,2018,2018-19,Regular Season,Mike Conley,0.5497975708502024,0.27276613937580163,0.3128249566724437,0.1474581166955517,-0.5497975708502024,-0.5172051794172827,0.27276613937580163,-0.19667277398704486,-0.3128249566724437,0.5399886661711788,0.1474581166955517,-0.09409747589868624,-0.06699669078295875,-0.06699669078295875,43.93939393939394
1610612748,MIA,2018,2018-19,Regular Season,Josh Richardson,0.5777719390436153,0.2511450381679389,0.3318093654752009,0.12441119423663065,-0.5777719390436153,-1.1553914730584294,0.2511450381679389,-0.6250962608037354,-0.3318093654752009,-0.0630223583133662,0.12441119423663065,-0.6077575682492333,-0.6128169151061911,-0.6128169151061911,20.0
1610612749,MIL,2018,2018-19,Regular Season,Giannis Antetokounmpo,0.5904242123542546,0.26954265325981186,0.3738455360728149,0.09182171061437558,-0.5904242123542546,-1.444030964553824,0.26954265325981186,-0.26054635508916324,-0.3738455360728149,-1.3982377216589377,0.09182171061437558,-1.3340982411482503,-1.109228320612544,-1.109228320612544,3.939393939393939
1610612750,MIN,2018,2018-19,Regular Season,Tyus Jones,0.5429222587996961,0.21370449678800857,0.3220633435787786,0.18896164639850327,-0.5429222587996961,-0.3603569573304622,0.21370449678800857,-1.3669829543668326,-0.3220633435787786,0.24654528266352269,0.18896164639850327,0.8309156983370646,-0.1624697326741769,-0.1624697326741769,38.18181818181819
1610612740,NOP,2018,2018-19,Regular Season,Jrue Holiday,0.548509485094851,0.2588769611890999,0.36004231125214864,0.12666931111992596,-0.548509485094851,-0.4878197552884455,0.2588769611890999,-0.4718877175071803,-0.36004231125214864,-0.959799167855166,0.12666931111992596,-0.5574296110619247,-0.6192340629281791,-0.6192340629281791,18.787878787878785
1610612753,ORL,2018,2018-19,Regular Season,D.J. Augustin,0.5756484149855908,0.25853275794429187,0.2863008074449158,0.19597646092787738,-0.5756484149855908,-1.106946984922766,0.25853275794429187,-0.47870812655557127,-0.2863008074449158,1.382488138525019,0.19597646092787738,0.9872589274776442,0.19602298863108147,0.19602298863108147,62.121212121212125
1610612755,PHI,2018,2018-19,Regular Season,Ben Simmons,0.5474137931034483,0.21065675340768278,0.3264205723766072,0.1708834508502696,-0.5474137931034483,-0.46282345845947104,0.21065675340768278,-1.4273741820554031,-0.3264205723766072,0.10814450186540776,0.1708834508502696,0.42799649680859786,-0.33851416046021715,-0.33851416046021715,31.515151515151512
1610612756,PHX,2018,2018-19,Regular Season,Devin Booker,0.5024440442500643,0.30438448566610454,0.3327749860413177,0.15940815187046342,-0.5024440442500643,0.5630827263841268,0.30438448566610454,0.42984675593139465,-0.3327749860413177,-0.09369383472789024,0.15940815187046342,0.17223987055085813,0.26786887953462235,0.26786887953462235,65.75757575757576
1610612757,POR,2018,2018-19,Regular Season,Damian Lillard,0.44193548387096776,0.3696969696969697,0.36057627575063955,0.16843947758179614,-0.44193548387096776,1.9434797246258932,0.3696969696969697,1.7240177545383935,-0.36057627575063955,-0.9767597423254449,0.16843947758179614,0.3735262508560667,0.7660659969237271,0.7660659969237271,86.66666666666667
1610612758,SAC,2018,2018-19,Regular Season,De'Aaron Fox,0.47071905114899926,0.3276999175597692,0.3226397800183318,0.16393871939243157,-0.47071905114899926,1.28683296885527,0.3276999175597692,0.8918435123634091,-0.3226397800183318,0.22823565124035505,0.16393871939243157,0.27321524962294513,0.6700318455204948,0.6700318455204948,84.54545454545455
1610612759,SAS,2018,2018-19,Regular Season,DeMar DeRozan,0.45076438848920863,0.26152353226589037,0.24268763796909493,0.28131898454746135,-0.45076438848920863,1.742063704207849,0.26152353226589037,-0.4194457443659403,-0.24268763796909493,2.7677944854265495,0.28131898454746135,2.8893371178303746,1.7449373907747083,1.7449373907747083,100.0
1610612761,TOR,2018,2018-19,Regular Season,Kyle Lowry,0.602113541410666,0.24635568513119532,0.3215605749486653,0.14414784394250513,-0.602113541410666,-1.7107025667178202,0.24635568513119532,-0.7199975938982597,-0.3215605749486653,0.26251496757039583,0.14414784394250513,-0.16787543957544712,-0.5840151581552828,-0.5840151581552828,22.12121212121212
1610612762,UTA,2018,2018-19,Regular Season,Donovan Mitchell,0.5747967479674797,0.2881854987118145,0.35922055916407797,0.1022310081897769,-0.5747967479674797,-1.0875176911511653,0.2881854987118145,0.10886280570913545,-0.35922055916407797,-0.9336974559900147,0.1022310081897769,-1.1021002048197468,-0.7536131365629479,-0.7536131365629479,14.545454545454545
1610612764,WAS,2018,2018-19,Regular Season,Bradley Beal,0.5607617138561763,0.23786039453717756,0.34154595911736835,0.16095844050358737,-0.5607617138561763,-0.7673329299193159,0.23786039453717756,-0.888332313893306,-0.34154595911736835,-0.37229052505766763,0.16095844050358737,0.20679205008284643,-0.4552909296968608,-0.4552909296968608,27.878787878787882
1610612737,ATL,2017,2017-18,Regular Season,Dennis Schröder,0.5778645833333333,0.24481496543310288,0.3156094084105488,0.185032074126871,-0.5778645833333333,-0.8866422583139636,0.24481496543310288,-0.2555433633900647,-0.3156094084105488,0.011401194909412845,0.185032074126871,-0.12881629103934716,-0.31490017945849064,-0.31490017945849064,32.72727272727273
1610612738,BOS,2017,2017-18,Regular Season,Kyrie Irving,0.5471204188481675,0.258974358974359,0.29706093189964156,0.19297491039426523,-0.5471204188481675,-0.21806353221695632,0.258974358974359,0.002630255702825605,-0.29706093189964156,0.7434137174870378,0.19297491039426523,0.05860025195038875,0.14664517323082396,0.14664517323082396,57.878787878787875
1610612751,BKN,2017,2017-18,Regular Season,Spencer Dinwiddie,0.5976221928665786,0.25026699893200427,0.30601630587573797,0.11568737700309249,-0.5976221928665786,-1.3163015980183435,0.25026699893200427,-0.15613435863814398,-0.30601630587573797,0.3899913816410998,0.11568737700309249,-1.7650508767829243,-0.711873862949578,-0.711873862949578,16.666666666666664
1610612766,CHA,2017,2017-18,Regular Season,Kemba Walker,0.46559006211180126,0.3203089504770559,0.3056571911061075,0.21756262313537855,-0.46559006211180126,1.5549383677480064,0.3203089504770559,1.1209672393947507,-0.3056571911061075,0.4041637859492109,0.21756262313537855,0.6387638064832731,0.9297082998938102,0.9297082998938102,90.30303030303031
1610612741,CHI,2017,2017-18,Regular Season,Jerian Grant,0.5320606950562897,0.26645135244247076,0.2901853122855182,0.2001372683596431,-0.5320606950562897,0.1094331201316416,0.26645135244247076,0.13896112735858063,-0.2901853122855182,1.014758895354288,0.2001372683596431,0.22760088652679508,0.3726885073428264,0.3726885073428264,71.21212121212122
1610612739,CLE,2017,2017-18,Regular Season,LeBron James,0.5454779695954651,0.27048216385731083,0.31971223021582734,0.18834532374100718,-0.5454779695954651,-0.1823459693090231,0.27048216385731083,0.21245644817285592,-0.31971223021582734,-0.1505159812857514,0.18834532374100718,-0.050637946699990194,-0.042760862280477194,-0.042760862280477194,46.06060606060606
1610612742,DAL,2017,2017-18,Regular Season,Dennis Smith Jr.,0.5238095238095238,0.28668427008675973,0.2712297642715138,0.2029253053109912,-0.5238095238095238,0.2888674177731584,0.28668427008675973,0.5078756262609878,-0.2712297642715138,1.7628364267037326,0.2029253053109912,0.29338648622426017,0.7132414892405348,0.7132414892405348,86.06060606060606
1610612743,DEN,2017,2017-18,Regular Season,Jamal Murray,0.56842400448682,0.2594859241126071,0.3307519008729935,0.13489157983666572,-0.56842400448682,-0.6813424791683722,0.2594859241126071,0.011957817844414133,-0.3307519008729935,-0.5861947369736555,0.13489157983666572,-1.3119148451720453,-0.6418735608674146,-0.6418735608674146,17.87878787878788
1610612765,DET,2017,2017-18,Regular Season,Ish Smith,0.5395886889460154,0.20576840292724924,0.29807827184738395,0.1836162154579885,-0.5395886889460154,-0.05427458339978236,0.20576840292724924,-0.9674942196114604,-0.29807827184738395,0.7032645666374799,0.1836162154579885,-0.1622244248785533,-0.12018216531307904,-0.12018216531307904,41.21212121212121
1610612744,GSW,2017,2017-18,Regular Season,Kevin Durant,0.5221875749580235,0.3156989247311828,0.29273534890385444,0.236423556383436,-0.5221875749580235,0.32413916820416583,0.3156989247311828,1.0369108829232945,-0.29273534890385444,0.9141221268004953,0.236423556383436,1.0838001622522893,0.8397430850450611,0.8397430850450611,88.7878787878788
1610612745,HOU,2017,2017-18,Regular Season,James Harden,0.5240904621435595,0.39226190476190476,0.31957717926440776,0.08152331306110629,-0.5240904621435595,0.2827579854100837,0.39226190476190476,2.432912878734384,-0.31957717926440776,-0.14518621808029233,0.08152331306110629,-2.5711748535255445,-0.0001725518653423741,-0.0001725518653423741,49.09090909090909
1610612754,IND,2017,2017-18,Regular Season,Darren Collison,0.5203376822716808,0.2558494404883011,0.31935620499788225,0.2558238034731046,-0.5203376822716808,0.3643679048233688,0.2558494404883011,-0.054347574072521616,-0.31935620499788225,-0.13646550561806078,0.2558238034731046,1.541561989424537,0.4287792036393308,0.4287792036393308,74.84848484848486
1610612746,LAC,2017,2017-18,Regular Season,Lou Williams,0.46525215252152524,0.3586075345731998,0.385208452312964,0.14106225014277557,-0.46525215252152524,1.5622867269305014,0.3586075345731998,1.8192799201903813,-0.385208452312964,-2.7353134296603603,0.14106225014277557,-1.1663137452918981,-0.13001513195784398,-0.13001513195784398,40.303030303030305
1610612747,LAL,2017,2017-18,Regular Season,Lonzo Ball,0.5741881298992161,0.22727272727272727,0.366583885209713,0.14693708609271522,-0.5741881298992161,-0.8066921736491784,0.22727272727272727,-0.5753976777473593,-0.366583885209713,-2.0002980045848817,0.14693708609271522,-1.0276930552382273,-1.1025202278049118,-1.1025202278049118,4.242424242424243
1610612763,MEM,2017,2017-18,Regular Season,Tyreke Evans,0.5746518105849582,0.26479007633587787,0.34192692987625223,0.19563936358279316,-0.5746518105849582,-0.8167756170401613,0.26479007633587787,0.10867044693487768,-0.34192692987625223,-1.0272153871463652,0.19563936358279316,0.12146980996983246,-0.4034626868204541,-0.4034626868204541,29.6969696969697
1610612748,MIA,2017,2017-18,Regular Season,Goran Dragic,0.6249669399629728,0.1724702990577632,0.3202801200514506,0.16921537801915107,-0.6249669399629728,-1.910954810597052,0.1724702990577632,-1.5746312385712111,-0.3202801200514506,-0.17292765864784315,0.16921537801915107,-0.5020218320117499,-1.040133884956964,-1.040133884956964,6.0606060606060606
1610612749,MIL,2017,2017-18,Regular Season,Eric Bledsoe,0.5038888888888889,0.20452209660842754,0.34743646246510945,0.207874247098575,-0.5038888888888889,0.7220719930579371,0.20452209660842754,-0.9902185977347899,-0.34743646246510945,-1.2446481690905544,0.207874247098575,0.4101600832193148,-0.2756586726370231,-0.2756586726370231,33.33333333333333
1610612750,MIN,2017,2017-18,Regular Season,Jeff Teague,0.4711328976034858,0.2894156560088203,0.29845674642503184,0.24238991929774883,-0.4711328976034858,1.4344009599487537,0.2894156560088203,0.5576780268075292,-0.29845674642503184,0.6883281307446119,0.24238991929774883,1.224580492348344,0.9762469024623097,0.9762469024623097,91.51515151515152
1610612740,NOP,2017,2017-18,Regular Season,Jrue Holiday,0.5546286329386437,0.21336874723328905,0.33406987985084935,0.174975832067394,-0.5546286329386437,-0.38134109385946785,0.21336874723328905,-0.8289142451143134,-0.33406987985084935,-0.7171382222788535,0.174975832067394,-0.3661000595581548,-0.5733734052026974,-0.5733734052026974,22.424242424242426
1610612752,NYK,2017,2017-18,Regular Season,Jarrett Jack,0.5082181059222541,0.2300163132137031,0.30724315306548033,0.2570554705964132,-0.5082181059222541,0.6279265687917699,0.2300163132137031,-0.5253728296060688,-0.30724315306548033,0.34157406253392253,0.2570554705964132,1.570624000347788,0.5036879505168529,0.5036879505168529,77.87878787878788
1610612760,OKC,2017,2017-18,Regular Season,Russell Westbrook,0.5018523092121512,0.24444444444444444,0.33554909292341784,0.21423625536629276,-0.5018523092121512,0.7663605228869188,0.24444444444444444,-0.2622992137951761,-0.33554909292341784,-0.7755151187341459,0.21423625536629276,0.5602759304894425,0.07220553021175982,0.07220553021175982,53.333333333333336
1610612753,ORL,2017,2017-18,Regular Season,D.J. Augustin,0.6003717472118959,0.22008547008547008,0.30275489917637033,0.17466628798636752,-0.6003717472118959,-1.37609484894288,0.22008547008547008,-0.7064456773653545,-0.30275489917637033,0.5187022514395866,0.17466628798636752,-0.3734039595273721,-0.4843105585990049,-0.4843105585990049,26.060606060606062
1610612755,PHI,2017,2017-18,Regular Season,Ben Simmons,0.6289459604066345,0.13670886075949368,0.3120597351366582,0.17399267399267399,-0.6289459604066345,-1.9974846761466882,0.13670886075949368,-2.2266831730364975,-0.3120597351366582,0.15148845684809956,0.17399267399267399,-0.38929833299265426,-1.115494431331935,-1.115494431331935,3.6363636363636362
1610612756,PHX,2017,2017-18,Regular Season,Elfrid Payton,0.515029522275899,0.27527839643652563,0.3422489847360314,0.18162722307800028,-0.515029522275899,0.47980193620227335,0.27527839643652563,0.2999079848067662,-0.3422489847360314,-1.039925228311848,0.18162722307800028,-0.2091560325991559,-0.11734283497549111,-0.11734283497549111,41.515151515151516
1610612757,POR,2017,2017-18,Regular Season,Damian Lillard,0.45359510453850077,0.35315315315315315,0.31870443073471677,0.20344924284913068,-0.45359510453850077,1.8157870064486734,0.35315315315315315,1.7198281048973414,-0.31870443073471677,-0.1107433433558189,0.20344924284913068,0.3057491434458056,0.9326552278590005,0.9326552278590005,90.9090909090909
1610612758,SAC,2017,2017-18,Regular Season,De'Aaron Fox,0.48552456839309427,0.2915800415800416,0.2787767237717684,0.23644343763273395,-0.48552456839309427,1.1214321385788781,0.2915800415800416,0.5971420938529501,-0.2787767237717684,1.464996932536979,0.23644343763273395,1.0842692736488104,1.0669601096544044,1.0669601096544044,92.72727272727272
1610612759,SAS,2017,2017-18,Regular Season,Dejounte Murray,0.5254540803274494,0.19177377892030847,0.28989855693670524,0.24946420917273895,-0.5254540803274494,0.2531040291704284,0.19177377892030847,-1.2226635329855713,-0.28989855693670524,1.026075647224651,0.24946420917273895,1.3915031013313064,0.36200481118520367,0.36200481118520367,70.0
1610612761,TOR,2017,2017-18,Regular Season,DeMar DeRozan,0.6034663865546218,0.23719165085388993,0.3311479983261264,0.14172130004184685,-0.6034663865546218,-1.4433924992168914,0.23719165085388993,-0.3945421636327764,-0.3311479983261264,-0.6018266566994556,0.14172130004184685,-1.1507630213963649,-0.897631085236372,-0.897631085236372,10.909090909090908
1610612762,UTA,2017,2017-18,Regular Season,Ricky Rubio,0.5182501341921631,0.30972338642078795,0.322200971016625,0.16154185670148594,-0.5182501341921631,0.4097648202719432,0.30972338642078795,0.9279566154168637,-0.322200971016625,-0.24873372065439733,0.16154185670148594,-0.6830837083365212,0.1014760016744721,0.1014760016744721,55.45454545454545
1610612764,WAS,2017,2017-18,Regular Season,Bradley Beal,0.5391959798994975,0.21745283018867925,0.2764320319179253,0.24750641208321458,-0.5391959798994975,-0.045734526499735945,0.21745283018867925,-0.7544476039974837,-0.2764320319179253,1.557529804311628,0.24750641208321458,1.3453075673883161,0.5256638103006811,0.5256638103006811,79.6969696969697
1610612737,ATL,2016,2016-17,Regular Season,Dennis Schröder,0.581081081081081,0.20781696854146806,0.35310284970345723,0.22522783162158252,-0.581081081081081,-0.6445514219914756,0.20781696854146806,-0.7015791664267715,-0.35310284970345723,-1.0116474665839008,0.22522783162158252,0.06944293089732645,-0.5720837810262054,-0.5720837810262054,22.727272727272727
1610612738,BOS,2016,2016-17,Regular Season,Isaiah Thomas,0.6129196337741607,0.25447093889716843,0.32076283338112993,0.16676225982219672,-0.6129196337741607,-1.2893753546671118,0.25447093889716843,0.3457051205231304,-0.32076283338112993,-0.010134299604121868,0.16676225982219672,-1.130501096061301,-0.5210764074523511,-0.5210764074523511,23.939393939393938
1610612751,BKN,2016,2016-17,Regular Season,Spencer Dinwiddie,0.6166288308740068,0.22727272727272727,0.34860415175375803,0.1309949892627058,-0.6166288308740068,-1.36449745849037,0.22727272727272727,-0.26483797902970485,-0.34860415175375803,-0.8723307394065517,0.1309949892627058,-1.864586496196311,-1.0915631682807343,-1.0915631682807343,4.545454545454546
1610612766,CHA,2016,2016-17,Regular Season,Kemba Walker,0.5166747220879652,0.28347826086956524,0.29894255501571876,0.23078022292083453,-0.5166747220879652,0.6598659645528189,0.28347826086956524,0.9968589725226953,-0.29894255501571876,0.665601169182143,0.23078022292083453,0.1833998900071403,0.6264314990661994,0.6264314990661994,83.63636363636363
1610612741,CHI,2016,2016-17,Regular Season,Jimmy Butler III,0.5173566469529443,0.22115925717501406,0.30989072569347154,0.2811711964135612,-0.5173566469529443,0.6460549889891999,0.22115925717501406,-0.40207262644039055,-0.30989072569347154,0.32655566658165835,0.2811711964135612,1.217621326559705,0.4470398389225432,0.4470398389225432,75.75757575757575
1610612739,CLE,2016,2016-17,Regular Season,Kyrie Irving,0.551622418879056,0.24598130841121496,0.2995974698102358,0.2005462909718229,-0.551622418879056,-0.047927241376579305,0.24598130841121496,0.15513063046017303,-0.2995974698102358,0.6453196151030928,0.2005462909718229,-0.4371195873046552,0.07885085422050782,0.07885085422050782,54.24242424242425
1610612742,DAL,2016,2016-17,Regular Season,Seth Curry,0.5424746075715605,0.24916247906197656,0.22551489109497702,0.2753000444510298,-0.5424746075715605,0.13734272737913153,0.24916247906197656,0.22654127378266026,-0.22551489109497702,2.9395261883979895,0.2753000444510298,1.0971221419630017,1.1001330828806957,1.1001330828806957,93.63636363636364
1610612743,DEN,2016,2016-17,Regular Season,Jameer Nelson,0.5768051296347924,0.23301393728222997,0.3689847009735744,0.1678720445062587,-0.5768051296347924,-0.557950882887032,0.23301393728222997,-0.13595979384654344,-0.3689847009735744,-1.5034803402752956,0.1678720445062587,-1.1077239391488576,-0.8262787390394322,-0.8262787390394322,12.424242424242424
1610612765,DET,2016,2016-17,Regular Season,Ish Smith,0.45364558184451953,0.22885835095137422,0.2709535586699643,0.27878538059906566,-0.45364558184451953,1.936390638168928,0.22885835095137422,-0.22924403598473195,-0.2709535586699643,1.532370934894023,0.27878538059906566,1.168654980248226,1.1020431293316113,1.1020431293316113,93.93939393939394
1610612744,GSW,2016,2016-17,Regular Season,Stephen Curry,0.5842424242424242,0.2674880763116057,0.3260960918896204,0.20212914974086008,-0.5842424242424242,-0.7085778791450269,0.2674880763116057,0.6379126940966009,-0.3260960918896204,-0.17529589278094843,0.20212914974086008,-0.4046330851296228,-0.16264854073974933,-0.16264854073974933,37.878787878787875
1610612745,HOU,2016,2016-17,Regular Season,James Harden,0.6040061633281972,0.3072158563022608,0.3567529741077677,0.08103568929321203,-0.6040061633281972,-1.1088514746352314,0.3072158563022608,1.5297184594451905,-0.3567529741077677,-1.124685370325072,0.08103568929321203,-2.889948290230081,-0.8984416689362984,-0.8984416689362984,10.606060606060606
1610612754,IND,2016,2016-17,Regular Season,Jeff Teague,0.5805592543275633,0.21173889193636863,0.2860653368025441,0.2782596126047991,-0.5805592543275633,-0.6339829020395051,0.21173889193636863,-0.6135401696428947,-0.2860653368025441,1.0643858657026102,0.2782596126047991,1.1578641482274432,0.24368173556191342,0.24368173556191342,64.84848484848484
1610612746,LAC,2016,2016-17,Regular Season,Chris Paul,0.47601476014760147,0.3210550250113688,0.31138606569450583,0.25688613934305493,-0.47601476014760147,1.4833492683816951,0.3210550250113688,1.840378920344778,-0.31138606569450583,0.28024762872474884,0.25688613934305493,0.7191962144938462,1.080793007986267,1.080793007986267,93.33333333333333
1610612747,LAL,2016,2016-17,Regular Season,D'Angelo Russell,0.4664691624023701,0.3564837299660029,0.3365546218487395,0.19705882352941176,-0.4664691624023701,1.6766755774371211,0.3564837299660029,2.6356794215257873,-0.3365546218487395,-0.49917808742532355,0.19705882352941176,-0.508696168152837,0.8261201858461868,0.8261201858461868,88.18181818181819
1610612763,MEM,2016,2016-17,Regular Season,Mike Conley,0.6014954306286348,0.2596972563859981,0.3194160583941606,0.21007299270072993,-0.6014954306286348,-1.0580017846748868,0.2596972563859981,0.46302504298486413,-0.3194160583941606,0.03157294225269806,0.21007299270072993,-0.24159410992724029,-0.20124947734114124,-0.20124947734114124,35.15151515151515
1610612748,MIA,2016,2016-17,Regular Season,Goran Dragic,0.6020353508302089,0.17094408799266728,0.31763869132290184,0.20327169274537696,-0.6020353508302089,-1.0689367499374791,0.17094408799266728,-1.5292983962998068,-0.31763869132290184,0.08661486018744531,0.20327169274537696,-0.3811835983356221,-0.7232009710963657,-0.7232009710963657,15.757575757575756
1610612749,MIL,2016,2016-17,Regular Season,Giannis Antetokounmpo,0.6308745720510427,0.12219321148825066,0.38292792120579017,0.1801223697955529,-0.6308745720510427,-1.6530154366223404,0.12219321148825066,-2.6236538509127376,-0.38292792120579017,-1.9352772359071044,0.1801223697955529,-0.8562989687469906,-1.7670613730472935,-1.7670613730472935,0.6060606060606061
1610612750,MIN,2016,2016-17,Regular Season,Ricky Rubio,0.5187074829931972,0.2,0.3323219187978616,0.274960265857535,-0.5187074829931972,0.6186966031896706,0.2,-0.8770537994032317,-0.3323219187978616,-0.36809875230318667,0.274960265857535,1.0901485456873774,0.1159231492926574,0.1159231492926574,57.27272727272727
1610612740,NOP,2016,2016-17,Regular Season,Jrue Holiday,0.5484120836560805,0.25313516024152344,0.312140350877193,0.22708771929824562,-0.5484120836560805,0.01709144850049387,0.25313516024152344,0.3157196769213484,-0.312140350877193,0.25688874929222977,0.22708771929824562,0.10761515841070349,0.17432875828119387,0.17432875828119387,60.60606060606061
1610612752,NYK,2016,2016-17,Regular Season,Derrick Rose,0.5184834123222749,0.2137826961770624,0.314722911497105,0.28646264130135096,-0.5184834123222749,0.6232346904769366,0.2137826961770624,-0.5676610290132565,-0.314722911497105,0.17691140977618036,0.28646264130135096,1.3262226365558007,0.3896769269489153,0.3896769269489153,72.12121212121212
1610612760,OKC,2016,2016-17,Regular Season,Russell Westbrook,0.5388038942976356,0.25556631171345595,0.37681361607142855,0.19126674107142858,-0.5388038942976356,0.2116854210258617,0.25556631171345595,0.370293954658869,-0.37681361607142855,-1.7459280086846194,0.19126674107142858,-0.6275725347939956,-0.44788029194847107,-0.44788029194847107,28.484848484848484
1610612753,ORL,2016,2016-17,Regular Season,Elfrid Payton,0.5903462218852666,0.2142515542802487,0.28962131837307153,0.2474053295932679,-0.5903462218852666,-0.8321976566598953,0.2142515542802487,-0.5571361429096205,-0.28962131837307153,0.9542633991916106,0.2474053295932679,0.5246126214516996,0.022385555268448598,0.022385555268448598,50.303030303030305
1610612755,PHI,2016,2016-17,Regular Season,T.J. McConnell,0.6183889340927583,0.20091704877032096,0.344704027518991,0.17615020782571306,-0.6183889340927583,-1.4001447032119272,0.20091704877032096,-0.8564679680109306,-0.344704027518991,-0.7515507826172462,0.17615020782571306,-0.937823392149134,-0.9864967114973094,-0.9864967114973094,7.2727272727272725
1610612756,PHX,2016,2016-17,Regular Season,Eric Bledsoe,0.46062681063997896,0.2618510158013544,0.33521631303389365,0.256131165610361,-0.46062681063997896,1.7950003102167718,0.2618510158013544,0.5113724478547145,-0.33521631303389365,-0.45773302796108684,0.256131165610361,0.7037011771038879,0.6380852268035717,0.6380852268035717,83.93939393939394
1610612757,POR,2016,2016-17,Regular Season,Damian Lillard,0.4963337547408344,0.28054298642533937,0.3274762647017146,0.21708941476548108,-0.4963337547408344,1.071830122774574,0.28054298642533937,0.9309681859532783,-0.3274762647017146,-0.21803740627441964,0.21708941476548108,-0.09758946774041227,0.4217928586782551,0.4217928586782551,74.24242424242425
1610612758,SAC,2016,2016-17,Regular Season,Darren Collison,0.5508998875140607,0.19811320754716982,0.3151479114018136,0.22565779693771368,-0.5508998875140607,-0.03329386526966044,0.19811320754716982,-0.9194083530139788,-0.3151479114018136,0.16374991361957758,0.22565779693771368,0.07826751427198825,-0.17767119759801836,-0.17767119759801836,36.06060606060606
1610612759,SAS,2016,2016-17,Regular Season,Tony Parker,0.5588013094938302,0.22021276595744682,0.2771786651122122,0.2951034683765666,-0.5588013094938302,-0.19332080003143193,0.22021276595744682,-0.4233193793391636,-0.2771786651122122,1.3395903869306742,0.2951034683765666,1.503566473582916,0.5566291702857487,0.5566291702857487,81.21212121212122
1610612761,TOR,2016,2016-17,Regular Season,Kyle Lowry,0.5127039315324953,0.2261048304213772,0.2973676598206538,0.24110500433902227,-0.5127039315324953,0.7402861019407192,0.2261048304213772,-0.2910548264249395,-0.2973676598206538,0.7143728908396187,0.24110500433902227,0.39530510894383347,0.389727318824808,0.389727318824808,72.42424242424242
1610612762,UTA,2016,2016-17,Regular Season,George Hill,0.5151515151515151,0.26235011990407675,0.3315934909425852,0.1960392999692969,-0.5151515151515151,0.6907153657962996,0.26235011990407675,0.5225762935370464,-0.3315934909425852,-0.34554062861570806,0.1960392999692969,-0.5296208109580286,0.08453255493990233,0.08453255493990233,54.54545454545454
1610612764,WAS,2016,2016-17,Regular Season,John Wall,0.5351145038167939,0.21726041144004013,0.3255716089213073,0.25459391218964794,-0.5351145038167939,0.2864063828097026,0.21726041144004013,-0.48959357791244323,-0.3255716089213073,-0.15905358191174981,0.25459391218964794,0.672150676470185,0.07747747486392365,0.07747747486392365,53.939393939393945
1610612737,ATL,2014,2014-15,Regular Season,Jeff Teague,0.7089531293853494,0.1557454890788224,0.3213912524257352,0.21465890431407672,-0.7089531293853494,-2.56872805479158,0.1557454890788224,-1.4623160958937391,-0.3213912524257352,0.016665201006652246,0.21465890431407672,-0.868691171108573,-1.22076753019681,-1.22076753019681,3.0303030303030303
1610612738,BOS,2014,2014-15,Regular Season,Evan Turner,0.5758544381608065,0.20586747597369753,0.3097516992648079,0.2767374115688722,-0.5758544381608065,-0.2481650441264183,0.20586747597369753,-0.42987591514162776,-0.3097516992648079,0.41166455653978057,0.2767374115688722,0.27844114288770133,0.003016185039858954,0.003016185039858954,49.696969696969695
1610612751,BKN,2014,2014-15,Regular Season,Deron Williams,0.5420693575895396,0.1865671641791045,0.30188124632569074,0.2495590828924162,-0.5420693575895396,0.3408746193347319,0.1865671641791045,-0.8274343247788001,-0.30188124632569074,0.6787558955046705,0.2495590828924162,-0.22378000326857764,-0.007895953301993823,-0.007895953301993823,48.484848484848484
1610612766,CHA,2014,2014-15,Regular Season,Kemba Walker,0.4753529848897696,0.27680311890838205,0.28447778418926717,0.3381419503750721,-0.4753529848897696,1.5040682260370717,0.27680311890838205,1.031295370163928,-0.28447778418926717,1.269359008260663,0.3381419503750721,1.4131193722065734,1.304460494167059,1.304460494167059,97.57575757575758
1610612741,CHI,2014,2014-15,Regular Season,Aaron Brooks,0.579788752497859,0.25875706214689265,0.3464763866411652,0.25011034279829336,-0.579788752497859,-0.31675944005095263,0.25875706214689265,0.6595727937271186,-0.3464763866411652,-0.8346227918880412,0.25011034279829336,-0.2135934172921023,-0.17635071387599438,-0.17635071387599438,36.36363636363637
1610612739,CLE,2014,2014-15,Regular Season,Kyrie Irving,0.5252610781823314,0.2624476500697999,0.3201246660730187,0.20822202433956663,-0.5252610781823314,0.6339253706714961,0.2624476500697999,0.735593548255458,-0.3201246660730187,0.059648018829034,0.20822202433956663,-0.9876365734161588,0.11038259108495732,0.11038259108495732,56.96969696969697
1610612742,DAL,2014,2014-15,Regular Season,Rajon Rondo,0.5743260590500642,0.21296296296296297,0.31864695849914726,0.2617964752700398,-0.5743260590500642,-0.22151789983047226,0.21296296296296297,-0.28371918186834066,-0.31864695849914726,0.10979543697091239,0.2617964752700398,0.002351533332430089,-0.09827252784886763,-0.09827252784886763,43.333333333333336
1610612743,DEN,2014,2014-15,Regular Season,Ty Lawson,0.5617886178861788,0.21587462082912032,0.33738474434199495,0.22198938250908076,-0.5617886178861788,-0.0029288066873965767,0.21587462082912032,-0.2237432559353012,-0.33738474434199495,-0.5260892254135806,0.22198938250908076,-0.7332332036671179,-0.37149862292584906,-0.37149862292584906,30.606060606060602
1610612765,DET,2014,2014-15,Regular Season,Reggie Jackson,0.5515942028985508,0.2509940357852883,0.3537936913895993,0.187411196362603,-0.5515942028985508,0.1748098481258976,0.2509940357852883,0.49966571828000145,-0.3537936913895993,-1.0829425185914252,0.187411196362603,-1.3721943585350744,-0.44516532768015016,-0.44516532768015016,28.78787878787879
1610612744,GSW,2014,2014-15,Regular Season,Stephen Curry,0.5584810126582278,0.27092916283348667,0.31301667367241137,0.23020877119237776,-0.5584810126582278,0.054738975581904624,0.27092916283348667,0.9103004007423341,-0.31301667367241137,0.3008645310572913,0.23020877119237776,-0.5813492944550949,0.17113865323160882,0.17113865323160882,60.0
1610612745,HOU,2014,2014-15,Regular Season,James Harden,0.6494388659184879,0.20998080614203454,0.346362172449129,0.10701215049041136,-0.6494388659184879,-1.531102536932893,0.20998080614203454,-0.3451472839443438,-0.346362172449129,-0.8307468241749086,0.10701215049041136,-2.857867059328557,-1.3912159260951755,-1.3912159260951755,1.5151515151515151
1610612754,IND,2014,2014-15,Regular Season,George Hill,0.639874739039666,0.21524926686217008,0.2769636576787808,0.3155041031652989,-0.639874739039666,-1.364352895293967,0.21524926686217008,-0.23662463998789887,-0.2769636576787808,1.5243580694789252,0.3155041031652989,0.9948005819841301,0.22954527904529737,0.22954527904529737,63.63636363636363
1610612746,LAC,2014,2014-15,Regular Season,Chris Paul,0.5256052141527002,0.26435185185185184,0.27054343049655777,0.29295444558371175,-0.5256052141527002,0.6279253927894439,0.26435185185185184,0.7748173411225199,-0.27054343049655777,1.7422346120138559,0.29295444558371175,0.5781114245722228,0.9307721926245105,0.9307721926245105,90.6060606060606
1610612747,LAL,2014,2014-15,Regular Season,Jeremy Lin,0.46337180130456596,0.36357571714476317,0.30113960113960114,0.34074074074074073,-0.46337180130456596,1.7129590212508827,0.36357571714476317,2.8186849482227303,-0.30113960113960114,0.7039243333724606,0.34074074074074073,1.4611417319183622,1.674177508691109,1.674177508691109,99.39393939393939
1610612763,MEM,2014,2014-15,Regular Season,Mike Conley,0.5517884914463452,0.2,0.3365370397752477,0.27620878308443,-0.5517884914463452,0.17142244579113636,0.2,-0.5507374038840531,-0.3365370397752477,-0.49732156114690673,0.27620878308443,0.26867275696125453,-0.15199094056964224,-0.15199094056964224,38.484848484848484
1610612748,MIA,2014,2014-15,Regular Season,Goran Dragic,0.5558216102963185,0.16729088639200998,0.3197472353870458,0.28056872037914693,-0.5558216102963185,0.10110540258989877,0.16729088639200998,-1.2244976687455307,-0.3197472353870458,0.07245648970901453,0.28056872037914693,0.34923888490050137,-0.175424222886529,-0.175424222886529,36.96969696969697
1610612749,MIL,2014,2014-15,Regular Season,Michael Carter-Williams,0.5696779709318894,0.16277472527472528,0.36387979767926215,0.2856292770008926,-0.5696779709318894,-0.14047892598247386,0.16277472527472528,-1.317524032804371,-0.36387979767926215,-1.4252241705735065,0.2856292770008926,0.44275157204978544,-0.6101188893276415,-0.6101188893276415,20.303030303030305
1610612750,MIN,2014,2014-15,Regular Season,Zach LaVine,0.5110400929692039,0.2514817950889077,0.31588209414870216,0.3475582930048394,-0.5110400929692039,0.8818668940417463,0.2514817950889077,0.5097128519790023,-0.31588209414870216,0.20362374991925306,0.3475582930048394,1.5871214767663977,0.7955812431765998,0.7955812431765998,87.57575757575758
1610612740,NOP,2014,2014-15,Regular Season,Tyreke Evans,0.5722560975609756,0.21903520208604954,0.38937141174738704,0.24849109377300163,-0.5722560975609756,-0.18542831832604842,0.21903520208604954,-0.15863986945084824,-0.38937141174738704,-2.2903064455709408,0.24849109377300163,-0.243515091692152,-0.7194724312599974,-0.7194724312599974,16.363636363636363
1610612752,NYK,2014,2014-15,Regular Season,Shane Larkin,0.6021860701576004,0.21135029354207435,0.27386262265834077,0.3551888195063931,-0.6021860701576004,-0.7072545412509381,0.21135029354207435,-0.3169378312384813,-0.27386262265834077,1.6295946552502196,0.3551888195063931,1.7281239574931064,0.5833815600634766,0.5833815600634766,81.81818181818183
1610612760,OKC,2014,2014-15,Regular Season,Russell Westbrook,0.5145042194092827,0.2772877618522602,0.335300730747611,0.2536537380550871,-0.5145042194092827,0.8214701793396287,0.2772877618522602,1.041278311375481,-0.335300730747611,-0.455366233274392,0.2536537380550871,-0.14811595367259414,0.3148165759420309,0.3148165759420309,68.48484848484848
1610612753,ORL,2014,2014-15,Regular Season,Elfrid Payton,0.6065170611743006,0.1892063492063492,0.34467020023557127,0.24469964664310953,-0.6065170611743006,-0.7827649573219893,0.1892063492063492,-0.7730709438481569,-0.34467020023557127,-0.7733281308028331,0.24469964664310953,-0.3135762402577319,-0.6606850680576778,-0.6606850680576778,17.575757575757574
1610612755,PHI,2014,2014-15,Regular Season,Ish Smith,0.6854034451495921,0.17796610169491525,0.3661452184179457,0.18078512396694216,-0.6854034451495921,-2.1581415520426637,0.17796610169491525,-1.004603727988243,-0.3661452184179457,-1.5021033874488805,0.18078512396694216,-1.494635797546224,-1.5398711162565029,-1.5398711162565029,0.9090909090909091
1610612756,PHX,2014,2014-15,Regular Season,Eric Bledsoe,0.5197317513541398,0.24001996007984033,0.3211139528275078,0.25973287865870986,-0.5197317513541398,0.7303286575357756,0.24001996007984033,0.2736156870096227,-0.3211139528275078,0.026075627770893974,0.25973287865870986,-0.035781122567199494,0.24855971243727318,0.24855971243727318,65.15151515151516
1610612757,POR,2014,2014-15,Regular Season,Damian Lillard,0.5546802594995366,0.27256069628950985,0.2744819755889867,0.2900936701674709,-0.5546802594995366,0.1210047450765731,0.27256069628950985,0.9439076218561469,-0.2744819755889867,1.6085763218940963,0.2900936701674709,0.5252479124135517,0.7996841503100919,0.7996841503100919,87.87878787878788
1610612758,SAC,2014,2014-15,Regular Season,Darren Collison,0.5137732222934016,0.22297297297297297,0.3587728577905395,0.2631101707722533,-0.5137732222934016,0.8342150444649725,0.22297297297297297,-0.07752750463613017,-0.3587728577905395,-1.2519152868988728,0.2631101707722533,0.026626965007283277,-0.11715019551568677,-0.11715019551568677,41.81818181818181
1610612759,SAS,2014,2014-15,Regular Season,Tony Parker,0.5679186670432081,0.17197802197802198,0.3092527729130181,0.2466433158201985,-0.5679186670432081,-0.10980563016692223,0.17197802197802198,-1.1279494787908608,-0.3092527729130181,0.4285960989014768,0.2466433158201985,-0.2776596916911576,-0.27170467543686594,-0.27170467543686594,33.63636363636363
1610612761,TOR,2014,2014-15,Regular Season,Kyle Lowry,0.44570196712476423,0.32639920752847945,0.29452255418863504,0.23271821909783247,-0.44570196712476423,2.0210308980288407,0.32639920752847945,2.0529028097677777,-0.29452255418863504,0.9284801427774182,0.23271821909783247,-0.5349778704319279,1.116858995035527,1.116858995035527,95.15151515151516
1610612762,UTA,2014,2014-15,Regular Season,Trey Burke,0.5862271924661565,0.19463470319634704,0.3393407270486753,0.24075785582255083,-0.5862271924661565,-0.4290130279665066,0.19463470319634704,-0.6612547306087562,-0.3393407270486753,-0.59246736707337,0.24075785582255083,-0.3864155501128747,-0.5172876689403768,-0.5172876689403768,24.242424242424242
1610612764,WAS,2014,2014-15,Regular Season,John Wall,0.5596306068601583,0.1670362158167036,0.31163475699558174,0.3491899852724595,-0.5596306068601583,0.034695910111226656,0.1670362158167036,-1.2297435129566356,-0.31163475699558174,0.3477611936010534,0.3491899852724595,1.6172730865498341,0.19249666932636966,0.19249666932636966,61.81818181818181
1610612737,ATL,2022,2022-23,Regular Season,Trae Young,0.45290199809705045,0.3163841807909605,0.2936361235806707,0.15936097174544495,-0.45290199809705045,2.2630442970389137,0.3163841807909605,0.9147647370830136,-0.2936361235806707,0.17582252458688657,0.15936097174544495,1.3122607081795008,1.1664730667220786,1.1664730667220786,96.06060606060606
1610612738,BOS,2022,2022-23,Regular Season,Jayson Tatum,0.6022940074906367,0.2825072886297376,0.2697169552074746,0.08189062929376202,-0.6022940074906367,-1.7497060422368762,0.2825072886297376,0.11103489266284179,-0.2697169552074746,0.9515963839134324,0.08189062929376202,-1.1908825759924522,-0.46948933541326354,-0.46948933541326354,26.36363636363636
1610612751,BKN,2022,2022-23,Regular Season,Spencer Dinwiddie,0.49244213509683515,0.28655400440852313,0.2636858698767555,0.16021782745772428,-0.49244213509683515,1.2009747873981313,0.28655400440852313,0.2070432935461692,-0.2636858698767555,1.1472034497586925,0.16021782745772428,1.3399465625828693,0.9737920233214656,0.9737920233214656,91.21212121212122
1610612766,CHA,2022,2022-23,Regular Season,Terry Rozier,0.50564681724846,0.30492424242424243,0.3348172130041818,0.1062997436935114,-0.50564681724846,0.8462898681775708,0.30492424242424243,0.6428775038411738,-0.3348172130041818,-1.159809725451912,0.1062997436935114,-0.4021999801923315,-0.018210583406374714,-0.018210583406374714,47.878787878787875
1610612741,CHI,2022,2022-23,Regular Season,DeMar DeRozan,0.5183284457478006,0.20661512027491408,0.3129567172568859,0.20545250140528387,-0.5183284457478006,0.5056544535401706,0.20661512027491408,-1.6895080961757778,-0.3129567172568859,-0.450805094184072,0.20545250140528387,2.8015235573426502,0.29171620513074276,0.29171620513074276,66.96969696969697
1610612739,CLE,2022,2022-23,Regular Season,Darius Garland,0.5024630541871922,0.3417770849571317,0.31715349369988544,0.10609965635738831,-0.5024630541871922,0.9318074695281051,0.3417770849571317,1.517211821594925,-0.31715349369988544,-0.5869197536537919,0.10609965635738831,-0.40866499965415637,0.3633586344537706,0.3633586344537706,70.9090909090909
1610612742,DAL,2022,2022-23,Regular Season,Luka Dončić,0.5485252140818269,0.32174175990323556,0.26154291503835575,0.09668548270371978,-0.5485252140818269,-0.30544710985173784,0.32174175990323556,1.0418733929149828,-0.26154291503835575,1.2167062150475905,0.09668548270371978,-0.7128462490387977,0.3100715622680094,0.3100715622680094,67.27272727272727
1610612743,DEN,2022,2022-23,Regular Season,Jamal Murray,0.5369272237196766,0.28731492597038816,0.33535553047404065,0.12626975169300225,-0.5369272237196766,0.006081197114282985,0.28731492597038816,0.2250961705817365,-0.33535553047404065,-1.177269054079878,0.12626975169300225,0.24305070318966496,-0.1757602457985484,-0.1757602457985484,36.666666666666664
1610612765,DET,2022,2022-23,Regular Season,Killian Hayes,0.48857426726279185,0.2865971417535728,0.2803921568627451,0.1380952380952381,-0.48857426726279185,1.304867813714153,0.2865971417535728,0.2080667277933392,-0.2803921568627451,0.6053660192959626,0.1380952380952381,0.6251438491995079,0.6858611025007407,0.6858611025007407,85.15151515151516
1610612744,GSW,2022,2022-23,Regular Season,Jordan Poole,0.5959347777529596,0.280046336518969,0.23657513864466387,0.10969836331665088,-0.5959347777529596,-1.5788936849295512,0.280046336518969,0.052648761854254406,-0.23657513864466387,2.0264897304912926,0.10969836331665088,-0.2923872232599296,0.051964396039016536,0.051964396039016536,51.81818181818182
1610612745,HOU,2022,2022-23,Regular Season,Kevin Porter Jr.,0.5108757870635375,0.33605283605283603,0.3385480993550158,0.08151502675998354,-0.5108757870635375,0.7058369049656288,0.33605283605283603,1.3814039186923635,-0.3385480993550158,-1.280814103946048,0.08151502675998354,-1.2030186648516432,-0.09914798628492483,-0.09914798628492483,43.03030303030303
1610612754,IND,2022,2022-23,Regular Season,Tyrese Haliburton,0.5557244174265451,0.3053230666220288,0.32484683458134783,0.09707283866575903,-0.5557244174265451,-0.49882161349017534,0.3053230666220288,0.6523396147370708,-0.32484683458134783,-0.8364389950256973,0.09707283866575903,-0.7003303953033216,-0.34581284727053085,-0.34581284727053085,30.909090909090907
1610612746,LAC,2022,2022-23,Regular Season,Russell Westbrook,0.5020300931454502,0.2653817642698295,0.2790368271954674,0.15254957507082154,-0.5020300931454502,0.9434370377640205,0.2653817642698295,-0.2952684649148668,-0.2790368271954674,0.6493236230988613,0.15254957507082154,1.0921777538212116,0.5974174874423066,0.5974174874423066,82.42424242424242
1610612747,LAL,2022,2022-23,Regular Season,D'Angelo Russell,0.5483701366982124,0.23163841807909605,0.33420115100027403,0.1392162236229104,-0.5483701366982124,-0.3012816472795509,0.23163841807909605,-1.0958299289070594,-0.33420115100027403,-1.13982889706778,0.1392162236229104,0.6613639988264041,-0.4688941186069966,-0.4688941186069966,26.666666666666668
1610612763,MEM,2022,2022-23,Regular Season,Ja Morant,0.5488372093023256,0.28329123060267053,0.3216792477817508,0.06979208051913653,-0.5488372093023256,-0.31382747056842347,0.28329123060267053,0.1296339293436926,-0.3216792477817508,-0.7337041926306057,0.06979208051913653,-1.5817986369653145,-0.6249240927051628,-0.6249240927051628,18.484848484848484
1610612748,MIA,2022,2022-23,Regular Season,Jimmy Butler III,0.5393806388685687,0.2899535216303182,0.2490344728937205,0.1174367043341439,-0.5393806388685687,-0.05981886347840709,0.2899535216303182,0.2876968976245428,-0.2490344728937205,1.622394334521699,0.1174367043341439,-0.04235378161545916,0.4519796467630939,0.4519796467630939,76.06060606060606
1610612749,MIL,2022,2022-23,Regular Season,Jrue Holiday,0.5584180790960452,0.2867240319606638,0.2775603832141411,0.12994197814060182,-0.5584180790960452,-0.5711748258343753,0.2867240319606638,0.211077200121153,-0.2775603832141411,0.6972093450270731,0.12994197814060182,0.36170396686925266,0.17470392154577585,0.17470392154577585,60.909090909090914
1610612750,MIN,2022,2022-23,Regular Season,Mike Conley,0.5191666666666667,0.3263993948562784,0.3344495604855588,0.09864657457792661,-0.5191666666666667,0.48313938536335554,0.3263993948562784,1.1523758616290416,-0.3344495604855588,-1.1478855979566214,0.09864657457792661,-0.64948143355955,-0.04046294613094359,-0.04046294613094359,46.666666666666664
1610612740,NOP,2022,2022-23,Regular Season,CJ McCollum,0.5892857142857143,0.18671015083571138,0.3193593314763231,0.12632311977715877,-0.5892857142857143,-1.4002962365629446,0.18671015083571138,-2.161753835673423,-0.3193593314763231,-0.6584620103985103,0.12632311977715877,0.24477507870186585,-0.993934250983253,-0.993934250983253,6.969696969696971
1610612752,NYK,2022,2022-23,Regular Season,Jalen Brunson,0.5163270316719862,0.30513176144244103,0.30540393013100436,0.09579694323144104,-0.5163270316719862,0.5594135203360157,0.30513176144244103,0.6478008960879367,-0.30540393013100436,-0.2058444531660147,0.09579694323144104,-0.7415558370226558,0.06495353155882044,0.06495353155882044,53.03030303030303
1610612760,OKC,2022,2022-23,Regular Season,Shai Gilgeous-Alexander,0.5909661229611042,0.20122832369942195,0.33504611330698286,0.08735177865612648,-0.5909661229611042,-1.445432924325993,0.20122832369942195,-1.8173099368209829,-0.33504611330698286,-1.167233682193818,0.08735177865612648,-1.0144274459691363,-1.3611009973274824,-1.3611009973274824,1.8181818181818181
1610612753,ORL,2022,2022-23,Regular Season,Markelle Fultz,0.54075652637187,0.24295355299722113,0.31283573649985863,0.13740458015267176,-0.54075652637187,-0.09677594751582606,0.24295355299722113,-0.8273781599532438,-0.31283573649985863,-0.4468813077330153,0.13740458015267176,0.6028280088936103,-0.1920518515771187,-0.1920518515771187,35.75757575757576
1610612755,PHI,2022,2022-23,Regular Season,James Harden,0.5227331107115335,0.3016171493042497,0.30393013100436683,0.11251819505094614,-0.5227331107115335,0.38734276538923573,0.3016171493042497,0.5644166631546939,-0.30393013100436683,-0.15804451219378118,0.11251819505094614,-0.20127567470057772,0.14810981041239268,0.14810981041239268,58.18181818181818
1610612756,PHX,2022,2022-23,Regular Season,Chris Paul,0.5097267759562841,0.2673716012084592,0.23132106118029236,0.17433676231727124,-0.5097267759562841,0.7366999660435173,0.2673716012084592,-0.24805954960187998,-0.23132106118029236,2.1968959874372347,0.17433676231727124,1.7961432935496693,1.1204199243571353,1.1204199243571353,95.75757575757575
1610612757,POR,2022,2022-23,Regular Season,Damian Lillard,0.512988716872212,0.3471045197740113,0.3346664762176832,0.10255677760319955,-0.512988716872212,0.6490824651462488,0.3471045197740113,1.6436053035044143,-0.3346664762176832,-1.1549208573784064,0.10255677760319955,-0.5231389115994166,0.15365699991821,0.15365699991821,58.484848484848484
1610612758,SAC,2022,2022-23,Regular Season,De'Aaron Fox,0.5992092908327156,0.24770039421813403,0.3019911504424779,0.09333517699115045,-0.5992092908327156,-1.6668488809610607,0.24770039421813403,-0.7147592710122262,-0.3019911504424779,-0.09515727421851056,0.09333517699115045,-0.8210979357997187,-0.824465840497879,-0.824465840497879,12.727272727272727
1610612759,SAS,2022,2022-23,Regular Season,Tre Jones,0.5767847971237802,0.1920031670625495,0.31370999604899247,0.11234031344659555,-0.5767847971237802,-1.0645148263895876,0.1920031670625495,-2.036176935399803,-0.31370999604899247,-0.47523629457464256,0.11234031344659555,-0.20702320503562963,-0.9457378153499159,-0.9457378153499159,9.393939393939393
1610612761,TOR,2022,2022-23,Regular Season,Fred VanVleet,0.5055872858207102,0.27935533384497313,0.2934971291227133,0.1344638803578582,-0.5055872858207102,0.8478889145915656,0.27935533384497313,0.03625471162610727,-0.2934971291227133,0.18033055201460618,0.1344638803578582,0.5078110939142508,0.3930713180366325,0.3930713180366325,72.72727272727273
1610612762,UTA,2022,2022-23,Regular Season,Talen Horton-Tucker,0.5862506341958397,0.2744140625,0.27807196198234896,0.07169042769857434,-0.5862506341958397,-1.318772340406712,0.2744140625,-0.08097703532496102,-0.27807196198234896,0.6806172365904415,0.07169042769857434,-1.5204611645486905,-0.5598983259224806,-0.5598983259224806,23.03030303030303
1610612764,WAS,2022,2022-23,Regular Season,Monte Morris,0.5371517027863777,0.25,0.2766942612599972,0.13806650764697628,-0.5371517027863777,5.1567720304303985e-05,0.25,-0.6602010846092105,-0.2766942612599972,0.7253004040693529,0.13806650764697628,0.6242155400383257,0.17234160680469313,0.17234160680469313,60.303030303030305
1610612737,ATL,2015,2015-16,Regular Season,Jeff Teague,0.6629938188658963,0.20234986945169714,0.35,0.19739884393063584,-0.6629938188658963,-2.5332802920143265,0.20234986945169714,-0.6499678211881491,-0.35,-0.8462653326668003,0.19739884393063584,-1.0774509383134323,-1.276741096045677,-1.276741096045677,2.727272727272727
1610612738,BOS,2015,2015-16,Regular Season,Isaiah Thomas,0.587248322147651,0.22393822393822393,0.3426735921268453,0.22785675232367414,-0.587248322147651,-0.8495362310391843,0.22393822393822393,-0.20970703221682124,-0.3426735921268453,-0.6044437373882492,0.22785675232367414,-0.4038736876862649,-0.5168901720826299,-0.5168901720826299,24.848484848484848
1610612751,BKN,2015,2015-16,Regular Season,Shane Larkin,0.5512265512265512,0.2132701421800948,0.3162763804567794,0.26525007227522407,-0.5512265512265512,-0.048809514838253645,0.2132701421800948,-0.42726590612616805,-0.3162763804567794,0.26684488692530045,0.26525007227522407,0.4230803276637848,0.05346244840616589,0.05346244840616589,52.121212121212125
1610612766,CHA,2015,2015-16,Regular Season,Kemba Walker,0.5683046683046683,0.2292539815590947,0.2930212397052449,0.22988007513365122,-0.5683046683046683,-0.42843839640569653,0.2292539815590947,-0.10130045377169242,-0.2930212397052449,1.034423669369178,0.22988007513365122,-0.3591278634527433,0.036389238934761425,0.036389238934761425,51.21212121212121
1610612741,CHI,2015,2015-16,Regular Season,Derrick Rose,0.5564432989690722,0.20011634671320536,0.32315202231520224,0.2889818688981869,-0.5564432989690722,-0.1647724223329174,0.20011634671320536,-0.6955170307699857,-0.32315202231520224,0.039901654777367714,0.2889818688981869,0.9479094825571684,0.03188042105790828,0.03188042105790828,50.90909090909091
1610612739,CLE,2015,2015-16,Regular Season,LeBron James,0.5356227575602255,0.24608879492600422,0.2985616736887985,0.21313380793258754,-0.5356227575602255,0.29804668193455,0.24608879492600422,0.24201928464219422,-0.2985616736887985,0.8515514340753054,0.21313380793258754,-0.7294718960764215,0.16553637614390704,0.16553637614390704,59.3939393939394
1610612742,DAL,2015,2015-16,Regular Season,Deron Williams,0.5912659470068695,0.2421875,0.27123804001159757,0.25152218034212814,-0.5912659470068695,-0.9388438768930116,0.2421875,0.1624584647934932,-0.27123804001159757,1.753418324238268,0.25152218034212814,0.1194877241967935,0.27413015908388577,0.27413015908388577,66.06060606060606
1610612743,DEN,2015,2015-16,Regular Season,Emmanuel Mudiay,0.5523947750362844,0.2591029023746702,0.38303341902313626,0.20765495572693515,-0.5523947750362844,-0.07477792202746034,0.2591029023746702,0.5074216902161413,-0.38303341902313626,-1.9365942119733788,0.20765495572693515,-0.8506368217060304,-0.5886468163726821,-0.5886468163726821,21.818181818181817
1610612765,DET,2015,2015-16,Regular Season,Reggie Jackson,0.4938666666666667,0.2641330166270784,0.31512071156289706,0.20866864323026965,-0.4938666666666667,1.2262414010620926,0.2641330166270784,0.6100030180687687,-0.31512071156289706,0.30498986880058526,0.20866864323026965,-0.8282191023840025,0.32825379638686103,0.32825379638686103,68.78787878787878
1610612744,GSW,2015,2015-16,Regular Season,Stephen Curry,0.578248031496063,0.2757137270238561,0.326764500349406,0.1875611460517121,-0.578248031496063,-0.649469077370217,0.2757137270238561,0.8461735283925541,-0.326764500349406,-0.07933484096030785,0.1875611460517121,-1.2950118228061036,-0.2944105531860186,-0.2944105531860186,33.03030303030303
1610612745,HOU,2015,2015-16,Regular Season,James Harden,0.5530259365994237,0.27849636216653195,0.36135067972518636,0.13141353603274375,-0.5530259365994237,-0.0888079908697644,0.27849636216653195,0.9029210282586686,-0.36135067972518636,-1.220915437624521,0.13141353603274375,-2.536717336455474,-0.7358799341727728,-0.7358799341727728,15.454545454545453
1610612754,IND,2015,2015-16,Regular Season,George Hill,0.5280478683620045,0.25849973016729627,0.30043041606886656,0.3035868005738881,-0.5280478683620045,0.4664286353527422,0.25849973016729627,0.4951209346365644,-0.30043041606886656,0.7898701475107737,0.3035868005738881,1.2708978373965636,0.755579388724161,0.755579388724161,86.36363636363636
1610612746,LAC,2015,2015-16,Regular Season,Chris Paul,0.4794520547945205,0.2927170868347339,0.2796610169491525,0.28441867380315194,-0.4794520547945205,1.5466633163248342,0.2927170868347339,1.192930508419557,-0.2796610169491525,1.4754024458843746,0.28441867380315194,0.8469943321625487,1.2654976506978286,1.2654976506978286,96.96969696969697
1610612747,LAL,2015,2015-16,Regular Season,D'Angelo Russell,0.4404968944099379,0.3737687921202696,0.2877501079602706,0.2668777889736577,-0.4404968944099379,2.41259624677819,0.3737687921202696,2.845853510899975,-0.2877501079602706,1.2084070879232736,0.2668777889736577,0.4590773148627306,1.7314835401160422,1.7314835401160422,99.69696969696969
1610612763,MEM,2015,2015-16,Regular Season,Mike Conley,0.5856622114216282,0.20121130551816957,0.3479148439778361,0.2554680664916885,-0.5856622114216282,-0.8142786298523598,0.20121130551816957,-0.6731870552424158,-0.3479148439778361,-0.7774409149692879,0.2554680664916885,0.2067510749696324,-0.5145388812736078,-0.5145388812736078,25.151515151515152
1610612748,MIA,2015,2015-16,Regular Season,Goran Dragic,0.5418245409501603,0.13904109589041097,0.3319886448528313,0.2773046466457493,-0.5418245409501603,0.160187450657745,0.13904109589041097,-1.9410514289866971,-0.3319886448528313,-0.25176735900410674,0.2773046466457493,0.6896674799133786,-0.33574096435492,-0.33574096435492,31.818181818181817
1610612749,MIL,2015,2015-16,Regular Season,Michael Carter-Williams,0.53555479216764,0.1740176423416199,0.40202200416294975,0.24591138864109427,-0.53555479216764,0.29955748232633167,0.1740176423416199,-1.2277593647067693,-0.40202200416294975,-2.5633474626922843,0.24591138864109427,-0.00459504600051758,-0.8740360977683099,-0.8740360977683099,11.818181818181818
1610612750,MIN,2015,2015-16,Regular Season,Ricky Rubio,0.5258092738407699,0.2343987823439878,0.32943294329432943,0.324032403240324,-0.5258092738407699,0.5161902765507758,0.2343987823439878,0.003619726878062708,-0.32943294329432943,-0.1674117186093976,0.324032403240324,1.7230527475026414,0.5188627580805205,0.5188627580805205,79.0909090909091
1610612740,NOP,2015,2015-16,Regular Season,Jrue Holiday,0.48948475289169296,0.287434554973822,0.33034825870646767,0.2594171997157072,-0.48948475289169296,1.3236468127892291,0.287434554973822,1.0852015174812844,-0.33034825870646767,-0.19762339082018937,0.2594171997157072,0.29408623485877666,0.6263277935772752,0.6263277935772752,83.33333333333334
1610612752,NYK,2015,2015-16,Regular Season,Jose Calderon,0.5478004423691325,0.1946542707728065,0.2740482417901773,0.3308631211857018,-0.5478004423691325,0.02734934200298067,0.1946542707728065,-0.8069075429297751,-0.2740482417901773,1.6606624350062709,0.3308631211857018,1.8741142108862823,0.6888046112414397,0.6888046112414397,85.45454545454545
1610612760,OKC,2015,2015-16,Regular Season,Russell Westbrook,0.5167750325097529,0.30913838120104437,0.35706214689265536,0.23954802259887006,-0.5167750325097529,0.7170121187138633,0.30913838120104437,1.527817172345437,-0.35706214689265536,-1.0793645072201317,0.23954802259887006,-0.14532101273943362,0.2550359427749338,0.2550359427749338,65.45454545454545
1610612753,ORL,2015,2015-16,Regular Season,Elfrid Payton,0.626313025210084,0.17690557451649602,0.3164254601658002,0.2810172825628776,-0.626313025210084,-1.717904181939234,0.17690557451649602,-1.168864496244231,-0.3164254601658002,0.26192423635776046,0.2810172825628776,0.7717724971512192,-0.4632679861686213,-0.4632679861686213,27.27272727272727
1610612755,PHI,2015,2015-16,Regular Season,Ish Smith,0.6088425795550549,0.20799640610961365,0.34829339143064636,0.17632534495279592,-0.6088425795550549,-1.3295542418277626,0.20799640610961365,-0.534815520649388,-0.34829339143064636,-0.7899355713564414,0.17632534495279592,-1.5434917878496488,-1.0494492804208102,-1.0494492804208102,5.757575757575758
1610612756,PHX,2015,2015-16,Regular Season,Brandon Knight,0.5495519240906694,0.26430649854510185,0.33252531013831454,0.2378440039925852,-0.5495519240906694,-0.01158428539818452,0.26430649854510185,0.6135409109706541,-0.33252531013831454,-0.26948098588825875,0.2378440039925852,-0.1830054181499259,0.03736755538357122,0.03736755538357122,51.515151515151516
1610612757,POR,2015,2015-16,Regular Season,Damian Lillard,0.4970845481049563,0.27201394943330426,0.312677657760091,0.23564525298465036,-0.4970845481049563,1.1547112244128293,0.27201394943330426,0.7707223400191483,-0.312677657760091,0.3856273623955888,0.23564525298465036,-0.23163084047462443,0.5198575215882354,0.5198575215882354,79.39393939393939
1610612758,SAC,2015,2015-16,Regular Season,Rajon Rondo,0.6003633060853769,0.1864501679731243,0.3518780005648122,0.2106749505789325,-0.6003633060853769,-1.141068761310536,0.1864501679731243,-0.9742174124079775,-0.3518780005648122,-0.908252202682729,0.2106749505789325,-0.7838495754162775,-0.95184698795438,-0.95184698795438,8.484848484848486
1610612759,SAS,2015,2015-16,Regular Season,Tony Parker,0.5490402313962661,0.17156208277703605,0.29063604240282687,0.32332155477031804,-0.5490402313962661,-0.00020988596093809745,0.17156208277703605,-1.2778366687432803,-0.29063604240282687,1.1131515025325893,0.32332155477031804,1.7073323194331753,0.38560931681538657,0.38560931681538657,71.81818181818181
1610612761,TOR,2015,2015-16,Regular Season,Kyle Lowry,0.5254576659038902,0.21440085975282105,0.32246920997296485,0.2270952237909282,-0.5254576659038902,0.5240061573775278,0.21440085975282105,-0.4042066863517805,-0.32246920997296485,0.06243913463577872,0.2270952237909282,-0.42071490635242903,-0.05961907517272576,-0.05961907517272576,44.84848484848485
1610612762,UTA,2015,2015-16,Regular Season,Gordon Hayward,0.5272676683361157,0.2567287784679089,0.32170483846503867,0.2158349764902169,-0.5272676683361157,0.48377167509607255,0.2567287784679089,0.4590051392947294,-0.32170483846503867,0.08766862508081326,0.2158349764902169,-0.669735499635476,0.0901774849590348,0.0901774849590348,54.848484848484844
1610612764,WAS,2015,2015-16,Regular Season,John Wall,0.5654540955209106,0.17674180327868852,0.31236658602533085,0.2790664579479152,-0.5654540955209106,-0.3650731112999322,0.17674180327868852,-1.1722043549820955,-0.31236658602533085,0.3958948583428724,0.2790664579479152,0.7286299719441192,-0.103188158998759,-0.103188158998759,42.72727272727273
1610612749,MIL,2025,2025-26,Regular Season,Ryan Rollins,0.563880664996584,0.2671491504090623,0.25484883057615515,0.13106103822019396,-0.563880664996584,-0.08267341325582128,0.2671491504090623,-0.0884494030702313,-0.25484883057615515,0.8100224721542417,0.13106103822019396,1.1753911009225004,0.4535726891876724,0.4535726891876724,76.36363636363637
1610612750,MIN,2025,2025-26,Regular Season,Anthony Edwards,0.478679836184052,0.360694027360694,0.2953168044077135,0.09972451790633609,-0.478679836184052,1.2519351626388824,0.360694027360694,1.5055118937877252,-0.2953168044077135,-0.31761493026203336,0.09972451790633609,-0.0341381674034776,0.601423489690274,0.601423489690274,82.72727272727273
1610612740,NOP,2025,2025-26,Regular Season,Jeremiah Fears,0.532636337948573,0.31077981651376146,0.38409703504043125,0.06913746630727763,-0.532636337948573,0.40674608427142445,0.31077981651376146,0.6549969019901946,-0.38409703504043125,-2.7914701589249717,0.06913746630727763,-1.2147393882894317,-0.7361166402381961,-0.7361166402381961,15.151515151515152
1610612752,NYK,2025,2025-26,Regular Season,Jalen Brunson,0.5354969574036511,0.2690453230472517,0.2816593886462882,0.11381004366812227,-0.5354969574036511,0.36193657583907324,0.2690453230472517,-0.0561395011715121,-0.2816593886462882,0.062948052629954,0.11381004366812227,0.5095359705672843,0.21957027446619987,0.21957027446619987,63.33333333333333
1610612760,OKC,2025,2025-26,Regular Season,Shai Gilgeous-Alexander,0.5676954268979499,0.2266839378238342,0.2797317640618585,0.10756808539756398,-0.5676954268979499,-0.14242886422404677,0.2266839378238342,-0.7779578489825971,-0.2797317640618585,0.11666118361762272,0.10756808539756398,0.2686084156156609,-0.1337792784933401,-0.1337792784933401,40.0
1610612753,ORL,2025,2025-26,Regular Season,Paolo Banchero,0.526247737264029,0.3122286541244573,0.31267255659856436,0.10008282716731087,-0.526247737264029,0.5068188345062808,0.3122286541244573,0.6796844225914077,-0.31267255659856436,-0.8012318120691836,0.10008282716731087,-0.020308120738417666,0.09124083107252183,0.09124083107252183,55.15151515151515
1610612755,PHI,2025,2025-26,Regular Season,Tyrese Maxey,0.4970873786407767,0.3311212015368495,0.31834143706104806,0.11210156672069152,-0.4970873786407767,0.9635944931138799,0.3311212015368495,1.0016046640384917,-0.31834143706104806,-0.9591947895567899,0.11210156672069152,0.4435920542842799,0.36239910546996545,0.36239910546996545,70.3030303030303
1610612756,PHX,2025,2025-26,Regular Season,Devin Booker,0.4637897885067293,0.37073170731707317,0.23372580863445663,0.122208688591149,-0.4637897885067293,1.485176852920573,0.37073170731707317,1.6765493025919298,-0.23372580863445663,1.398614075298551,0.122208688591149,0.8337074722826769,1.3485119257734328,1.3485119257734328,98.18181818181819
1610612757,POR,2025,2025-26,Regular Season,Deni Avdija,0.60679970436068,0.29012345679012347,0.3176343212884017,0.06482609284070916,-0.60679970436068,-0.7549687277828527,0.29012345679012347,0.3030221171980899,-0.3176343212884017,-0.939491055527667,0.06482609284070916,-1.3811500919115727,-0.6931469395060006,-0.6931469395060006,16.969696969696972
1610612758,SAC,2025,2025-26,Regular Season,Russell Westbrook,0.49014358724750545,0.27986906710310966,0.22578435402109878,0.16015892588025757,-0.49014358724750545,1.072363899137786,0.27986906710310966,0.12829207514083457,-0.22578435402109878,1.6199021805268414,0.16015892588025757,2.2985134648227494,1.279767904907053,1.279767904907053,97.27272727272728
1610612759,SAS,2025,2025-26,Regular Season,De'Aaron Fox,0.6342469075915595,0.19019607843137254,0.3120336453669787,0.09550942884276217,-0.6342469075915595,-1.1849090620119571,0.19019607843137254,-1.399694042049068,-0.3120336453669787,-0.7834285930457,0.09550942884276217,-0.19683247870321663,-0.8912160439524854,-0.8912160439524854,11.212121212121213
1610612761,TOR,2025,2025-26,Regular Season,Immanuel Quickley,0.6005968664511315,0.15423076923076923,0.3019310344827586,0.11972413793103448,-0.6005968664511315,-0.657805815351765,0.15423076923076923,-2.0125262223183595,-0.3019310344827586,-0.5019200119014573,0.11972413793103448,0.7378086069348806,-0.6086108606591754,-0.6086108606591754,20.606060606060606
1610612762,UTA,2025,2025-26,Regular Season,Isaiah Collier,0.5789345063538612,0.24974789915966386,0.25813361895836123,0.09907618155040836,-0.5789345063538612,-0.31848081155926944,0.24974789915966386,-0.3849586498864294,-0.25813361895836123,0.7184920621017009,0.09907618155040836,-0.05916270077094318,-0.011027525028735295,-0.011027525028735295,48.18181818181818
1610612764,WAS,2025,2025-26,Regular Season,Bub Carrington,0.49173072443512694,0.3283531409168082,0.2734512079902821,0.12714266432716967,-0.49173072443512694,1.0475025576315695,0.3283531409168082,0.9544381954997191,-0.2734512079902821,0.2916684613172845,0.12714266432716967,1.024149423148807,0.829439659399345,0.829439659399345,88.48484848484848
