player_id,player_name,possessions_before,off_rapm_before,def_rapm_before,net_rapm_before,box_net_bpm_before,reliable_before,possessions_after,off_rapm_after,def_rapm_after,net_rapm_after,box_net_bpm_after,reliable_after,d_off_rapm,d_def_rapm,d_net_rapm,and_ones,made_fg,and_one_rate,fta
1641705,Victor Wembanyama,24823,1.81,-7.06,8.87,4.81,True,24727,2.11,-7.77,9.88,5.55,True,0.2999999999999998,-0.71,1.0100000000000016,121.0,1688.0,0.0716824644549763,1163.0
1628983,Shai Gilgeous-Alexander,37420,6.81,-0.01,6.82,4.23,True,36663,7.92,-1.24,9.16,5.06,True,1.1100000000000003,-1.23,2.34,238.0,2863.0,0.0831295843520782,2378.0
203999,Nikola Jokić,30364,5.93,-0.7,6.63,4.81,True,29795,6.45,-1.63,8.08,5.43,True,0.5200000000000005,-0.9299999999999999,1.4500000000000002,185.0,2570.0,0.0719844357976653,1584.0
203507,Giannis Antetokounmpo,22118,4.13,-2.41,6.54,3.42,True,21713,5.08,-2.99,8.07,3.88,True,0.9500000000000002,-0.5800000000000001,1.5300000000000002,249.0,2063.0,0.1206980126030053,1909.0
1641744,Zach Edey,7241,2.29,-4.04,6.32,2.01,True,7075,1.63,-3.48,5.11,1.79,True,-0.6600000000000001,0.56,-1.21,28.0,323.0,0.0866873065015479,166.0
1631217,Moussa Diabaté,10786,3.31,-2.98,6.3,0.51,True,10571,2.76,-2.29,5.05,0.27,True,-0.5500000000000003,0.69,-1.25,30.0,406.0,0.0738916256157635,306.0
202695,Kawhi Leonard,23329,3.74,-2.2,5.94,2.48,True,22880,4.73,-3.29,8.02,3.18,True,0.9900000000000002,-1.0899999999999999,2.079999999999999,120.0,1632.0,0.0735294117647058,862.0
203497,Rudy Gobert,33548,-0.76,-6.52,5.76,0.77,True,33083,-1.46,-6.47,5.01,0.78,True,-0.7,0.04999999999999982,-0.75,112.0,1226.0,0.0913539967373572,1132.0
1641726,Dereck Lively II,10821,1.94,-3.22,5.17,1.53,True,10624,2.09,-3.18,5.27,1.49,True,0.1499999999999999,0.040000000000000036,0.09999999999999964,25.0,430.0,0.0581395348837209,225.0
1629674,Neemias Queta,12078,1.2,-3.77,4.97,1.61,True,11730,1.17,-4.01,5.18,1.51,True,-0.030000000000000027,-0.23999999999999977,0.20999999999999996,29.0,557.0,0.052064631956912,283.0
202710,Jimmy Butler III,18015,3.31,-1.5,4.8,1.89,True,17743,3.81,-2.18,5.98,2.39,True,0.5,-0.6800000000000002,1.1800000000000006,125.0,1005.0,0.1243781094527363,1218.0
1631096,Chet Holmgren,30933,1.37,-3.41,4.78,2.51,True,30400,2.03,-4.36,6.39,2.95,True,0.6599999999999997,-0.9500000000000002,1.6099999999999994,77.0,1371.0,0.0561633843909555,875.0
1630532,Franz Wagner,20793,1.66,-3.11,4.77,0.58,True,20393,1.9,-3.34,5.24,0.78,True,0.24,-0.22999999999999998,0.47000000000000064,77.0,1427.0,0.0539593552908199,913.0
1629731,Dean Wade,16627,1.95,-2.78,4.73,0.24,True,16303,1.73,-2.55,4.28,0.15,True,-0.21999999999999997,0.22999999999999998,-0.4500000000000002,16.0,370.0,0.0432432432432432,97.0
1628392,Isaiah Hartenstein,24440,1.76,-2.93,4.68,1.36,True,24050,1.26,-2.91,4.17,1.27,True,-0.5,0.020000000000000018,-0.5099999999999998,65.0,883.0,0.07361268403171,461.0
1629029,Luka Dončić,28264,4.21,-0.42,4.63,2.98,True,27736,4.08,-0.61,4.69,3.52,True,-0.1299999999999999,-0.19,0.0600000000000005,208.0,2230.0,0.0932735426008968,1847.0
1630169,Tyrese Haliburton,23923,5.3,0.73,4.57,3.76,True,23462,6.56,-0.5,7.06,4.59,True,1.2599999999999998,-1.23,2.4899999999999993,78.0,1227.0,0.0635696821515892,533.0
1628401,Derrick White,34187,1.7,-2.81,4.52,1.59,True,33488,2.27,-3.26,5.53,1.96,True,0.5700000000000001,-0.44999999999999973,1.0100000000000007,55.0,1451.0,0.0379048931771192,604.0
1628374,Lauri Markkanen,19286,3.11,-1.33,4.43,1.98,True,19004,3.34,-1.5,4.84,2.37,True,0.22999999999999998,-0.16999999999999993,0.41000000000000014,65.0,1107.0,0.058717253839205,730.0
1627936,Alex Caruso,21281,1.04,-3.18,4.22,1.89,True,20771,1.37,-4.04,5.41,2.18,True,0.33000000000000007,-0.8599999999999999,1.1900000000000004,19.0,647.0,0.0293663060278207,264.0
203500,Steven Adams,7157,1.95,-2.25,4.19,0.2,True,6994,1.46,-1.88,3.34,-0.18,True,-0.49,0.3700000000000001,-0.8500000000000005,12.0,173.0,0.0693641618497109,204.0
1642844,Dylan Harper,8520,2.27,-1.88,4.15,0.9,True,8557,2.69,-2.37,5.05,1.11,True,0.41999999999999993,-0.4900000000000002,0.8999999999999995,25.0,451.0,0.0554323725055432,194.0
1642851,Kon Knueppel,10074,3.19,-0.91,4.1,0.9,True,9854,2.99,-1.12,4.11,1.14,True,-0.19999999999999973,-0.21000000000000008,0.010000000000000675,23.0,515.0,0.0446601941747572,226.0
1628369,Jayson Tatum,27912,3.5,-0.56,4.05,1.8,True,27371,3.75,-1.1,4.85,2.25,True,0.25,-0.54,0.7999999999999998,114.0,1733.0,0.0657818811309867,1239.0
1630700,Dyson Daniels,26566,1.56,-2.45,4.01,1.22,True,26298,1.45,-2.96,4.41,1.57,True,-0.1100000000000001,-0.5099999999999998,0.40000000000000036,38.0,1016.0,0.0374015748031496,321.0
203991,Clint Capela,15997,0.63,-3.3,3.93,1.81,True,15564,0.04,-3.62,3.66,1.67,True,-0.59,-0.3200000000000003,-0.27,38.0,692.0,0.0549132947976878,381.0
1629655,Daniel Gafford,18931,1.03,-2.87,3.9,2.81,True,18548,0.67,-2.64,3.31,2.96,True,-0.36,0.22999999999999998,-0.5899999999999999,69.0,916.0,0.0753275109170305,597.0
1626157,Karl-Anthony Towns,33296,2.08,-1.78,3.85,1.18,True,32893,2.34,-1.25,3.59,1.18,True,0.2599999999999998,0.53,-0.26000000000000023,194.0,1985.0,0.0977329974811083,1360.0
1630540,Miles McBride,18664,2.35,-1.48,3.83,0.11,True,18187,2.52,-1.55,4.07,0.16,True,0.16999999999999993,-0.07000000000000006,0.2400000000000002,14.0,721.0,0.0194174757281553,198.0
1627832,Fred VanVleet,20278,2.7,-1.09,3.78,1.34,True,19923,3.19,-1.73,4.93,1.64,True,0.48999999999999977,-0.6399999999999999,1.15,31.0,750.0,0.0413333333333333,390.0
1627783,Pascal Siakam,34405,2.22,-1.53,3.76,1.23,True,33828,2.7,-1.78,4.48,1.48,True,0.48,-0.25,0.7200000000000006,178.0,2185.0,0.0814645308924485,1267.0
1628378,Donovan Mitchell,31627,2.94,-0.75,3.69,2.27,True,31199,3.4,-1.35,4.75,2.78,True,0.45999999999999996,-0.6000000000000001,1.06,124.0,2130.0,0.0582159624413145,1356.0
1631106,Tari Eason,15866,2.15,-1.54,3.69,1.38,True,15553,2.1,-1.59,3.69,1.4,True,-0.04999999999999982,-0.050000000000000044,0.0,29.0,653.0,0.0444104134762634,225.0
1629057,Robert Williams III,6714,0.66,-3.03,3.69,3.23,True,6576,1.04,-3.73,4.77,3.51,True,0.38,-0.7000000000000002,1.0799999999999996,10.0,266.0,0.037593984962406,86.0
1630194,Paul Reed,11888,0.83,-2.84,3.67,2.57,True,11697,0.81,-2.98,3.78,2.41,True,-0.019999999999999907,-0.14000000000000012,0.10999999999999988,38.0,577.0,0.0658578856152513,257.0
203932,Aaron Gordon,23373,1.68,-1.96,3.64,0.5,True,23054,1.83,-2.05,3.87,0.69,True,0.15000000000000013,-0.08999999999999986,0.22999999999999998,83.0,1022.0,0.0812133072407045,699.0
203081,Damian Lillard,20003,2.83,-0.78,3.61,1.73,True,19720,3.4,-1.34,4.74,2.27,True,0.5699999999999998,-0.56,1.1300000000000003,66.0,1025.0,0.064390243902439,952.0
1641709,Ausar Thompson,21715,0.84,-2.73,3.57,1.13,True,21191,1.12,-3.23,4.35,1.16,True,0.28000000000000014,-0.5,0.7799999999999998,47.0,854.0,0.0550351288056206,519.0
203954,Joel Embiid,14567,1.87,-1.69,3.56,2.58,True,14241,2.31,-1.94,4.25,2.96,True,0.43999999999999995,-0.25,0.69,86.0,1047.0,0.0821394460362941,1093.0
1642382,Branden Carlson,2719,2.99,-0.56,3.55,2.78,False,2494,3.0,-0.36,3.36,3.06,False,0.009999999999999787,0.20000000000000007,-0.18999999999999995,4.0,141.0,0.0283687943262411,44.0
1626164,Devin Booker,30713,4.24,0.72,3.52,0.98,True,29997,4.49,1.14,3.35,1.25,True,0.25,0.41999999999999993,-0.16999999999999993,158.0,1903.0,0.0830267997898055,1529.0
1628389,Bam Adebayo,31094,0.98,-2.54,3.52,0.81,True,30572,0.95,-2.99,3.94,1.0,True,-0.030000000000000027,-0.4500000000000002,0.41999999999999993,111.0,1652.0,0.0671912832929782,1170.0
1628436,Luke Kornet,17657,1.46,-2.05,3.51,1.72,True,17332,0.93,-2.11,3.04,1.73,True,-0.5299999999999999,-0.06000000000000005,-0.46999999999999975,25.0,572.0,0.0437062937062937,308.0
1630572,Sandro Mamukelashvili,11754,2.0,-1.44,3.44,2.12,True,11429,2.04,-1.2,3.24,2.22,True,0.040000000000000036,0.24,-0.19999999999999973,33.0,558.0,0.0591397849462365,257.0
1630596,Evan Mobley,27714,-0.19,-3.63,3.43,1.94,True,27441,-0.7,-3.86,3.17,2.26,True,-0.51,-0.22999999999999998,-0.26000000000000023,115.0,1540.0,0.0746753246753246,921.0
1630549,Day'Ron Sharpe,12018,0.73,-2.67,3.4,1.51,True,11684,1.02,-2.83,3.85,1.08,True,0.29000000000000004,-0.16000000000000014,0.4500000000000002,41.0,547.0,0.0749542961608775,349.0
202681,Kyrie Irving,18673,3.64,0.25,3.39,1.55,True,18309,4.39,-0.52,4.91,2.01,True,0.7499999999999996,-0.77,1.52,60.0,1195.0,0.0502092050209205,497.0
1630595,Cade Cunningham,30366,2.26,-1.08,3.35,0.99,True,29653,2.26,-0.65,2.9,1.31,True,0.0,0.43000000000000005,-0.4500000000000002,116.0,1938.0,0.0598555211558307,1183.0
1626172,Kevon Looney,11849,1.28,-2.04,3.32,0.96,True,11603,0.43,-1.18,1.61,0.45,True,-0.8500000000000001,0.8600000000000001,-1.7099999999999997,23.0,317.0,0.0725552050473186,200.0
203935,Marcus Smart,13546,0.06,-3.21,3.27,-0.17,True,13273,0.66,-3.42,4.08,-0.07,True,0.6000000000000001,-0.20999999999999996,0.81,26.0,430.0,0.0604651162790697,299.0
1629675,Naz Reid,29463,0.55,-2.72,3.27,0.87,True,28945,0.62,-2.11,2.72,0.97,True,0.06999999999999995,0.6100000000000003,-0.5499999999999998,62.0,1409.0,0.0440028388928318,487.0
1631128,Christian Braun,26413,1.02,-2.21,3.23,0.05,True,25880,1.21,-2.03,3.24,0.21,True,0.18999999999999995,0.18000000000000016,0.010000000000000231,60.0,1005.0,0.0597014925373134,515.0
201939,Stephen Curry,25543,5.56,2.37,3.19,2.27,True,25174,6.5,1.69,4.81,2.92,True,0.9400000000000004,-0.6800000000000002,1.6199999999999997,96.0,1650.0,0.0581818181818181,872.0
1628386,Jarrett Allen,28565,1.72,-1.46,3.17,1.71,True,28236,2.4,-2.68,5.07,2.09,True,0.6799999999999999,-1.2200000000000002,1.9000000000000004,83.0,1464.0,0.0566939890710382,1008.0
1642270,Donovan Clingan,14334,0.48,-2.68,3.16,2.52,True,14104,0.38,-2.23,2.62,2.21,True,-0.09999999999999998,0.4500000000000002,-0.54,41.0,550.0,0.0745454545454545,311.0
1627827,Dorian Finney-Smith,17674,1.36,-1.78,3.14,-0.82,True,17321,0.65,-1.72,2.37,-1.07,True,-0.7100000000000001,0.06000000000000005,-0.77,6.0,468.0,0.0128205128205128,102.0
1641708,Amen Thompson,28927,0.69,-2.42,3.11,1.09,True,28337,1.39,-2.74,4.13,1.31,True,0.7,-0.3200000000000003,1.02,113.0,1268.0,0.0891167192429022,869.0
1630202,Payton Pritchard,28044,4.05,0.97,3.07,0.86,True,27327,4.06,0.44,3.62,1.06,True,0.009999999999999787,-0.53,0.5500000000000003,24.0,1340.0,0.017910447761194,313.0
203994,Jusuf Nurkić,14586,-0.99,-4.06,3.07,0.95,True,14330,-1.2,-4.0,2.8,0.76,True,-0.20999999999999996,0.05999999999999961,-0.27,55.0,681.0,0.0807635829662261,513.0
202699,Tobias Harris,29161,1.31,-1.71,3.02,0.24,True,28597,1.8,-1.99,3.79,0.54,True,0.49,-0.28,0.77,82.0,1303.0,0.0629316960859554,619.0
1642352,Keshad Johnson,1282,1.63,-1.32,2.95,2.66,False,1208,1.69,-1.87,3.56,2.86,False,0.06000000000000005,-0.55,0.6099999999999999,3.0,70.0,0.0428571428571428,38.0
1629634,Brandon Clarke,5703,1.48,-1.46,2.94,1.89,True,5623,2.46,-2.38,4.84,1.89,True,0.98,-0.9199999999999999,1.9,24.0,272.0,0.088235294117647,98.0
1642349,Ajay Mitchell,9940,0.77,-2.16,2.93,0.83,True,9612,1.15,-2.4,3.55,1.11,True,0.3799999999999999,-0.23999999999999977,0.6199999999999997,35.0,456.0,0.0767543859649122,232.0
1631117,Walker Kessler,13513,0.07,-2.85,2.92,2.2,True,13228,-0.87,-2.79,1.92,2.32,True,-0.94,0.06000000000000005,-1.0,41.0,533.0,0.0769230769230769,265.0
1629001,De'Anthony Melton,8885,2.21,-0.71,2.92,0.83,True,8807,2.09,-0.76,2.85,1.02,True,-0.1200000000000001,-0.050000000000000044,-0.06999999999999984,19.0,376.0,0.050531914893617,208.0
1629661,Cameron Johnson,18808,2.55,-0.3,2.85,0.55,True,18473,2.62,-0.15,2.76,0.73,True,0.07000000000000028,0.15,-0.0900000000000003,43.0,890.0,0.048314606741573,463.0
1629660,Ty Jerome,7882,3.48,0.65,2.83,2.75,True,7674,4.93,0.01,4.91,3.26,True,1.4499999999999997,-0.64,2.08,38.0,460.0,0.0826086956521739,224.0
201143,Al Horford,21421,1.95,-0.88,2.83,1.0,True,21079,2.01,-1.09,3.11,1.16,True,0.05999999999999983,-0.21000000000000008,0.2799999999999998,10.0,647.0,0.0154559505409582,112.0
1642866,Joan Beringer,1156,2.19,-0.63,2.82,3.62,False,1009,2.47,-1.08,3.55,3.56,False,0.28000000000000025,-0.45000000000000007,0.73,7.0,70.0,0.1,45.0
1628384,OG Anunoby,32031,0.88,-1.93,2.82,0.61,True,31666,1.83,-3.39,5.21,0.89,True,0.9500000000000001,-1.4600000000000002,2.39,68.0,1430.0,0.0475524475524475,696.0
202685,Jonas Valanciunas,17101,1.13,-1.63,2.77,1.21,True,16779,0.57,-1.14,1.71,0.97,True,-0.5599999999999999,0.49,-1.06,46.0,1001.0,0.0459540459540459,525.0
1628988,Aaron Holiday,12101,0.78,-1.99,2.76,-0.16,True,11729,0.58,-1.65,2.23,-0.14,True,-0.20000000000000007,0.3400000000000001,-0.5299999999999998,14.0,418.0,0.0334928229665071,149.0
1631131,Oscar Tshiebwe,2888,2.35,-0.4,2.75,2.05,False,2781,1.9,-0.45,2.35,1.89,False,-0.4500000000000002,-0.04999999999999999,-0.3999999999999999,16.0,144.0,0.1111111111111111,88.0
1628973,Jalen Brunson,36515,5.32,2.57,2.75,1.16,True,36185,5.81,2.42,3.38,1.55,True,0.4899999999999993,-0.1499999999999999,0.6299999999999999,231.0,2588.0,0.089258114374034,1757.0
1627736,Malik Beasley,19822,1.84,-0.89,2.74,0.22,True,19508,1.67,-1.0,2.67,0.39,True,-0.17000000000000015,-0.10999999999999999,-0.07000000000000028,17.0,830.0,0.0204819277108433,183.0
204001,Kristaps Porziņģis,13894,0.16,-2.57,2.73,2.85,True,13594,0.09,-2.72,2.81,3.15,True,-0.07,-0.15000000000000036,0.08000000000000007,56.0,891.0,0.0628507295173961,726.0
203076,Anthony Davis,21588,1.42,-1.28,2.7,3.38,True,21181,1.77,-1.91,3.68,3.92,True,0.3500000000000001,-0.6299999999999999,0.98,117.0,1411.0,0.0829199149539333,992.0
203496,Robert Covington,1961,-0.01,-2.69,2.69,1.9,False,1913,-0.23,-2.94,2.72,1.87,False,-0.22,-0.25,0.03000000000000025,2.0,43.0,0.0465116279069767,26.0
1631243,Mouhamed Gueye,7608,0.17,-2.52,2.68,1.36,True,7422,-0.45,-2.04,1.59,1.19,True,-0.62,0.48,-1.09,11.0,215.0,0.0511627906976744,112.0
1628371,Jonathan Isaac,11819,-0.41,-3.08,2.67,1.98,True,11544,-0.9,-3.33,2.42,2.07,True,-0.49000000000000005,-0.25,-0.25,23.0,349.0,0.0659025787965616,254.0
1628991,Jaren Jackson Jr.,24416,-0.62,-3.25,2.63,1.61,True,24060,-1.27,-3.05,1.79,1.83,True,-0.65,0.20000000000000018,-0.8399999999999999,127.0,1472.0,0.0862771739130434,1038.0
201567,Kevin Love,8771,2.51,-0.11,2.62,1.81,True,8556,2.66,-0.14,2.8,1.67,True,0.15000000000000036,-0.030000000000000013,0.17999999999999972,12.0,282.0,0.0425531914893617,175.0
1627826,Ivica Zubac,24588,0.12,-2.49,2.61,0.67,True,24161,0.11,-2.73,2.84,0.68,True,-0.009999999999999995,-0.23999999999999977,0.22999999999999998,77.0,1313.0,0.0586443259710586,590.0
1629162,Jordan McLaughlin,4462,1.43,-1.14,2.57,1.59,True,4351,2.09,-1.59,3.68,2.08,True,0.6599999999999999,-0.4500000000000002,1.1100000000000003,3.0,143.0,0.0209790209790209,51.0
1629750,Javonte Green,12133,0.39,-2.17,2.56,0.95,True,11773,0.47,-2.31,2.78,1.11,True,0.07999999999999996,-0.14000000000000012,0.21999999999999975,24.0,366.0,0.0655737704918032,226.0
1630529,Herbert Jones,18424,0.14,-2.41,2.55,0.06,True,18276,0.54,-2.42,2.95,0.07,True,0.4,-0.009999999999999787,0.40000000000000036,21.0,567.0,0.037037037037037,272.0
1630577,Julian Champagnie,24840,1.9,-0.65,2.54,0.65,True,24608,1.78,-0.34,2.12,0.84,True,-0.11999999999999988,0.31,-0.41999999999999993,30.0,828.0,0.036231884057971,351.0
202331,Paul George,22107,0.54,-2.0,2.53,0.92,True,21781,0.68,-2.39,3.07,1.21,True,0.14,-0.3900000000000001,0.54,53.0,1156.0,0.0458477508650519,544.0
1630188,Jalen Smith,15055,2.17,-0.35,2.52,2.66,True,14664,2.02,0.27,1.75,2.64,True,-0.1499999999999999,0.62,-0.77,51.0,622.0,0.0819935691318328,294.0
1642853,Rasheer Fleming,2472,0.8,-1.71,2.51,-0.08,False,2292,0.68,-1.65,2.34,-0.36,False,-0.12,0.06000000000000005,-0.16999999999999993,2.0,90.0,0.0222222222222222,34.0
1629011,Mitchell Robinson,11805,0.73,-1.77,2.5,1.53,True,11720,-0.01,-1.88,1.87,1.17,True,-0.74,-0.10999999999999988,-0.6299999999999999,21.0,332.0,0.0632530120481927,310.0
1641739,Toumani Camara,28102,0.61,-1.88,2.5,-0.23,True,27562,0.19,-1.8,2.0,-0.39,True,-0.42,0.07999999999999985,-0.5,34.0,928.0,0.0366379310344827,368.0
1641764,Brandin Podziemski,25263,0.46,-2.04,2.5,0.28,True,24920,0.06,-1.74,1.8,0.43,True,-0.4,0.30000000000000004,-0.7,44.0,993.0,0.0443101711983887,439.0
1630543,Isaiah Jackson,7056,0.57,-1.9,2.48,2.34,True,6953,0.54,-1.72,2.27,2.09,True,-0.029999999999999916,0.17999999999999994,-0.20999999999999996,29.0,343.0,0.0845481049562682,239.0
1630568,Luka Garza,6030,3.83,1.34,2.48,2.31,True,5785,4.05,1.41,2.64,1.88,True,0.21999999999999975,0.06999999999999984,0.16000000000000014,27.0,320.0,0.084375,193.0
1630619,Moussa Cisse,2124,-0.46,-2.92,2.46,1.61,False,2076,-0.54,-2.54,2.01,1.23,False,-0.08000000000000002,0.3799999999999999,-0.4500000000000002,6.0,66.0,0.0909090909090909,81.0
1629007,Jontay Porter,1428,0.54,-1.9,2.44,2.48,False,1405,0.07,-1.79,1.86,2.55,False,-0.47000000000000003,0.10999999999999988,-0.5799999999999998,0.0,40.0,0.0,18.0
1642066,Myron Gardner,1538,1.59,-0.81,2.4,3.16,False,1427,2.14,-0.77,2.9,2.7,False,0.55,0.040000000000000036,0.5,4.0,59.0,0.0677966101694915,26.0
1630591,Jalen Suggs,20560,-0.59,-2.98,2.39,0.56,True,20076,-0.13,-3.35,3.22,0.69,True,0.45999999999999996,-0.3700000000000001,0.8300000000000001,41.0,874.0,0.0469107551487414,427.0
1628449,Chris Boucher,7190,1.7,-0.69,2.39,1.71,True,7043,2.03,-0.48,2.51,1.71,True,0.32999999999999985,0.20999999999999996,0.11999999999999966,23.0,300.0,0.0766666666666666,183.0
1628368,De'Aaron Fox,31481,1.95,-0.43,2.38,1.4,True,31321,2.73,-1.1,3.82,1.8,True,0.78,-0.6700000000000002,1.44,98.0,1893.0,0.051769677760169,1049.0
1630578,Alperen Sengun,29974,1.2,-1.18,2.37,1.45,True,29429,1.16,-0.84,2.0,1.47,True,-0.040000000000000036,0.33999999999999997,-0.3700000000000001,137.0,1782.0,0.0768799102132435,1238.0
1630692,Jordan Goodwin,12783,0.94,-1.42,2.36,0.78,True,12420,0.92,-0.91,1.83,0.69,True,-0.019999999999999907,0.5099999999999999,-0.5299999999999998,12.0,435.0,0.0275862068965517,128.0
1629627,Zion Williamson,19992,1.83,-0.49,2.32,1.68,True,19679,2.37,-0.38,2.75,2.09,True,0.54,0.10999999999999999,0.43000000000000016,177.0,1396.0,0.1267908309455587,1200.0
1630178,Tyrese Maxey,31485,3.0,0.69,2.31,1.7,True,30824,3.65,0.39,3.25,2.15,True,0.6499999999999999,-0.29999999999999993,0.94,147.0,1971.0,0.0745814307458143,1160.0
1628989,Kevin Huerter,19161,1.77,-0.54,2.31,0.51,True,18769,1.89,-0.77,2.66,0.65,True,0.11999999999999988,-0.22999999999999998,0.3500000000000001,17.0,776.0,0.0219072164948453,167.0
1626181,Norman Powell,24782,1.38,-0.91,2.29,0.44,True,24210,1.36,-1.14,2.5,0.83,True,-0.019999999999999796,-0.22999999999999987,0.20999999999999996,67.0,1319.0,0.0507960576194086,788.0
1642396,Blake Hinson,1117,2.76,0.5,2.26,2.0,False,1066,3.29,0.55,2.75,2.24,False,0.5300000000000002,0.050000000000000044,0.4900000000000002,3.0,59.0,0.0508474576271186,16.0
1642883,Sion James,6859,0.62,-1.61,2.24,-1.1,True,6637,0.08,-1.09,1.17,-1.26,True,-0.54,0.52,-1.0700000000000003,7.0,138.0,0.0507246376811594,98.0
1629020,Jarred Vanderbilt,9889,1.33,-0.89,2.22,-0.35,True,9678,0.87,-0.42,1.29,-0.58,True,-0.4600000000000001,0.47000000000000003,-0.9300000000000002,11.0,242.0,0.0454545454545454,135.0
1627780,Gary Payton II,12536,1.96,-0.25,2.21,1.49,True,12380,1.92,-0.13,2.05,1.47,True,-0.040000000000000036,0.12,-0.16000000000000014,19.0,537.0,0.0353817504655493,101.0
1629626,Bol Bol,3597,0.71,-1.48,2.19,2.09,True,3451,0.89,-1.62,2.5,2.47,True,0.18000000000000005,-0.14000000000000012,0.31000000000000005,7.0,190.0,0.0368421052631578,45.0
1629632,Coby White,25785,2.98,0.9,2.07,0.06,True,25285,3.12,1.04,2.08,0.31,True,0.14000000000000012,0.14,0.010000000000000231,85.0,1327.0,0.0640542577241899,808.0
1631221,Collin Gillespie,12152,1.76,-0.31,2.07,1.23,True,11743,1.98,-0.56,2.54,1.44,True,0.21999999999999997,-0.25000000000000006,0.4700000000000002,18.0,468.0,0.0384615384615384,122.0
1627739,Kris Dunn,21351,0.9,-1.15,2.05,0.43,True,20828,0.96,-1.22,2.19,0.5,True,0.05999999999999994,-0.07000000000000006,0.14000000000000012,15.0,583.0,0.0257289879931389,135.0
1630241,Sam Merrill,16988,2.2,0.19,2.01,0.79,True,16685,2.61,-0.03,2.64,0.78,True,0.4099999999999997,-0.22,0.6300000000000003,14.0,619.0,0.0226171243941841,157.0
1627734,Domantas Sabonis,23843,1.63,-0.37,1.99,1.37,True,23472,1.44,-0.06,1.5,1.35,True,-0.18999999999999995,0.31,-0.49,100.0,1281.0,0.078064012490242,781.0
1631169,Josh Minott,4535,0.37,-1.61,1.98,2.03,True,4324,0.85,-2.33,3.18,2.23,True,0.48,-0.72,1.2000000000000002,12.0,191.0,0.06282722513089,94.0
1642864,Hugo González,3542,0.7,-1.26,1.97,-0.46,True,3259,0.26,-0.91,1.17,-0.76,True,-0.43999999999999995,0.35,-0.8,3.0,117.0,0.0256410256410256,28.0
1630611,Gui Santos,9334,1.28,-0.69,1.97,0.39,True,9116,0.72,-0.37,1.09,0.21,True,-0.56,0.31999999999999995,-0.8799999999999999,22.0,349.0,0.0630372492836676,185.0
1630198,Isaiah Joe,21455,2.19,0.23,1.97,1.26,True,20956,2.35,-0.08,2.43,1.48,True,0.16000000000000014,-0.31,0.4600000000000002,26.0,811.0,0.032059186189889,246.0
1627750,Jamal Murray,32711,4.46,2.49,1.97,1.44,True,32124,4.94,2.05,2.89,1.96,True,0.4800000000000004,-0.4400000000000004,0.9200000000000002,93.0,1919.0,0.0484627410109432,942.0
1630163,LaMelo Ball,17304,4.18,2.23,1.95,1.89,True,17038,5.1,1.24,3.86,1.98,True,0.9199999999999999,-0.99,1.91,46.0,1095.0,0.0420091324200913,512.0
1630573,Sam Hauser,22179,2.26,0.32,1.94,0.53,True,21612,2.39,0.08,2.31,0.62,True,0.13000000000000034,-0.24,0.3700000000000001,6.0,780.0,0.0076923076923076,55.0
1631157,Ryan Rollins,12906,1.06,-0.88,1.93,0.79,True,12642,0.94,-0.66,1.6,1.01,True,-0.1200000000000001,0.21999999999999997,-0.32999999999999985,21.0,636.0,0.0330188679245283,219.0
1631114,Jalen Williams,24660,-0.65,-2.57,1.91,1.64,True,24304,-0.58,-2.17,1.59,2.13,True,0.07000000000000006,0.3999999999999999,-0.31999999999999984,84.0,1599.0,0.0525328330206379,816.0
201950,Jrue Holiday,26989,0.53,-1.36,1.9,0.38,True,26552,0.6,-1.95,2.55,0.61,True,0.06999999999999995,-0.5899999999999999,0.6499999999999999,31.0,1062.0,0.0291902071563088,298.0
1626167,Myles Turner,29565,0.46,-1.43,1.89,1.38,True,29062,0.32,-1.73,2.06,1.56,True,-0.14,-0.30000000000000004,0.17000000000000015,100.0,1362.0,0.0734214390602055,878.0
1641772,Nae'Qwan Tomlin,4050,0.67,-1.2,1.88,0.98,True,3982,0.19,-0.75,0.95,0.69,True,-0.48000000000000004,0.44999999999999996,-0.9299999999999999,6.0,167.0,0.0359281437125748,74.0
1642914,Javon Small,3327,2.54,0.65,1.88,1.5,True,3265,2.21,0.67,1.54,1.75,True,-0.33000000000000007,0.020000000000000018,-0.33999999999999986,10.0,134.0,0.0746268656716417,82.0
1642928,Dylan Cardwell,3656,-0.14,-2.0,1.86,1.46,True,3546,-0.32,-1.97,1.65,0.75,True,-0.18,0.030000000000000027,-0.2100000000000002,2.0,105.0,0.019047619047619,51.0
1631099,Keegan Murray,23888,0.67,-1.19,1.86,0.04,True,23510,-0.05,-0.95,0.91,0.05,True,-0.7200000000000001,0.24,-0.9500000000000001,30.0,933.0,0.0321543408360128,245.0
1642867,Collin Murray-Boyles,5678,0.14,-1.71,1.85,1.23,True,5585,0.26,-2.11,2.37,1.13,True,0.12,-0.3999999999999999,0.52,12.0,240.0,0.05,130.0
1629013,Landry Shamet,11457,0.58,-1.25,1.83,-0.5,True,11325,0.16,-0.46,0.62,-0.51,True,-0.41999999999999993,0.79,-1.21,20.0,431.0,0.0464037122969837,153.0
1642907,Cedric Coward,6531,1.43,-0.39,1.82,0.67,True,6364,1.94,-0.19,2.13,0.8,True,0.51,0.2,0.30999999999999983,21.0,305.0,0.0688524590163934,166.0
1630567,Scottie Barnes,28956,-0.29,-2.11,1.82,1.71,True,28446,0.1,-2.73,2.83,2.09,True,0.39,-0.6200000000000001,1.01,97.0,1549.0,0.0626210458360232,904.0
1630180,Saddiq Bey,17438,2.78,0.98,1.8,0.46,True,17016,2.71,1.41,1.3,0.62,True,-0.06999999999999984,0.42999999999999994,-0.5,60.0,726.0,0.0826446280991735,498.0
1642346,Ryan Dunn,10743,-0.33,-2.1,1.77,-0.06,True,10402,-0.62,-1.62,1.0,-0.36,True,-0.29,0.48,-0.77,5.0,369.0,0.013550135501355,86.0
202696,Nikola Vučević,24603,1.09,-0.69,1.77,1.22,True,24181,-0.01,0.05,-0.06,1.29,True,-1.1,0.74,-1.83,44.0,1544.0,0.0284974093264248,375.0
1629637,Jaxson Hayes,13826,0.13,-1.64,1.76,0.59,True,13472,0.12,-1.79,1.91,0.5,True,-0.010000000000000009,-0.15000000000000013,0.1499999999999999,48.0,507.0,0.0946745562130177,361.0
1629006,Josh Okogie,11736,0.79,-0.98,1.76,0.25,True,11399,0.48,-0.98,1.46,0.24,True,-0.31000000000000005,0.0,-0.30000000000000004,28.0,321.0,0.087227414330218,264.0
1642845,VJ Edgecombe,12002,0.66,-1.09,1.74,0.23,True,11784,0.78,-1.54,2.32,0.28,True,0.12,-0.44999999999999996,0.5799999999999998,21.0,511.0,0.0410958904109589,199.0
1629611,Terance Mann,19208,2.3,0.57,1.73,-0.82,True,18736,1.2,1.72,-0.52,-0.99,True,-1.0999999999999999,1.15,-2.25,24.0,646.0,0.0371517027863777,251.0
1631119,Jaylin Williams,9600,-0.67,-2.39,1.72,1.76,True,9374,-1.07,-2.48,1.41,1.73,True,-0.4,-0.08999999999999986,-0.31000000000000005,22.0,398.0,0.0552763819095477,184.0
1630166,Deni Avdija,27677,2.56,0.85,1.71,0.56,True,27027,3.1,0.52,2.58,0.79,True,0.54,-0.32999999999999996,0.8700000000000001,171.0,1335.0,0.1280898876404494,1302.0
1630631,Jose Alvarado,15370,0.6,-1.1,1.7,0.8,True,15266,0.72,-1.16,1.89,0.93,True,0.12,-0.05999999999999983,0.18999999999999995,13.0,565.0,0.0230088495575221,178.0
1642276,Kel'el Ware,13071,0.67,-1.04,1.7,2.36,True,12856,0.48,-1.63,2.1,2.54,True,-0.19000000000000006,-0.5899999999999999,0.40000000000000013,21.0,609.0,0.0344827586206896,163.0
1630539,Kai Jones,1710,0.42,-1.28,1.69,2.07,False,1625,0.64,-1.41,2.05,2.28,False,0.22000000000000003,-0.1299999999999999,0.3599999999999999,8.0,87.0,0.0919540229885057,32.0
1628366,Lonzo Ball,6217,0.41,-1.28,1.68,1.31,True,6109,0.3,-1.83,2.13,1.53,True,-0.10999999999999999,-0.55,0.44999999999999996,1.0,142.0,0.0070422535211267,48.0
1631200,Kris Murray,14252,-0.84,-2.51,1.67,-1.15,True,13726,-1.27,-2.11,0.85,-1.31,True,-0.43000000000000005,0.3999999999999999,-0.82,22.0,393.0,0.0559796437659033,172.0
1628404,Josh Hart,35827,0.87,-0.77,1.65,-0.05,True,35303,1.06,-0.53,1.59,-0.02,True,0.19000000000000006,0.24,-0.05999999999999983,78.0,1209.0,0.064516129032258,593.0
1630174,Aaron Nesmith,22349,2.17,0.52,1.65,0.23,True,21929,2.47,0.63,1.85,0.14,True,0.30000000000000027,0.10999999999999999,0.20000000000000018,54.0,880.0,0.0613636363636363,401.0
1631105,Jalen Duren,25781,1.71,0.06,1.65,1.44,True,25278,1.6,0.01,1.59,1.38,True,-0.10999999999999988,-0.049999999999999996,-0.05999999999999983,118.0,1331.0,0.0886551465063861,922.0
1641989,Elijah Harkless,2790,0.12,-1.52,1.64,-0.03,False,2644,0.13,-1.23,1.36,-0.12,False,0.010000000000000009,0.29000000000000004,-0.2799999999999998,6.0,65.0,0.0923076923076923,70.0
201572,Brook Lopez,27124,-0.05,-1.69,1.64,1.0,True,26710,-0.44,-1.62,1.18,1.18,True,-0.39,0.06999999999999984,-0.45999999999999996,58.0,1044.0,0.0555555555555555,366.0
1631246,Vince Williams Jr.,11000,0.77,-0.86,1.63,-0.08,True,10756,0.48,-0.36,0.83,-0.18,True,-0.29000000000000004,0.5,-0.7999999999999999,11.0,343.0,0.032069970845481,206.0
1642364,Jamir Watkins,4002,0.0,-1.61,1.62,0.73,True,3840,-0.45,-1.29,0.84,0.56,True,-0.45,0.32000000000000006,-0.7800000000000001,4.0,132.0,0.0303030303030303,82.0
1629646,Charles Bassey,3279,-0.28,-1.89,1.61,2.52,True,3128,-1.12,-1.28,0.16,2.37,True,-0.8400000000000001,0.6099999999999999,-1.4500000000000002,10.0,128.0,0.078125,59.0
1629048,Goga Bitadze,14171,-0.12,-1.71,1.59,1.83,True,13873,-0.2,-1.71,1.51,1.68,True,-0.08000000000000002,0.0,-0.08000000000000007,38.0,492.0,0.0772357723577235,324.0
1629680,Matisse Thybulle,9132,-1.38,-2.97,1.58,1.48,True,8916,-1.42,-3.19,1.77,1.83,True,-0.040000000000000036,-0.21999999999999975,0.18999999999999995,4.0,228.0,0.0175438596491228,71.0
1629004,Svi Mykhailiuk,8568,2.03,0.45,1.57,-0.24,True,8300,2.59,0.15,2.45,-0.09,True,0.56,-0.30000000000000004,0.8800000000000001,12.0,351.0,0.0341880341880341,72.0
1627884,Derrick Jones Jr.,22315,-0.08,-1.64,1.56,-0.17,True,21875,0.2,-1.82,2.02,-0.09,True,0.28,-0.18000000000000016,0.45999999999999996,65.0,836.0,0.0777511961722488,385.0
1631199,Ron Harper Jr.,1191,0.87,-0.69,1.56,1.11,False,1083,0.79,-1.47,2.26,1.14,False,-0.07999999999999996,-0.78,0.6999999999999997,0.0,51.0,0.0,6.0
1628976,Wendell Carter Jr.,24728,-0.37,-1.9,1.54,-0.15,True,24253,-0.87,-1.68,0.8,-0.45,True,-0.5,0.21999999999999997,-0.74,56.0,840.0,0.0666666666666666,611.0
1629659,Talen Horton-Tucker,6998,1.67,0.14,1.53,0.67,True,6770,1.65,0.59,1.07,0.84,True,-0.020000000000000018,0.44999999999999996,-0.45999999999999996,23.0,317.0,0.0725552050473186,207.0
203484,Kentavious Caldwell-Pope,23646,0.07,-1.43,1.51,-0.58,True,23230,0.18,-1.71,1.88,-0.41,True,0.10999999999999999,-0.28,0.3699999999999999,19.0,701.0,0.0271041369472182,303.0
1627751,Jakob Poeltl,16688,0.08,-1.41,1.49,1.34,True,16432,0.16,-2.34,2.5,1.32,True,0.08,-0.9299999999999999,1.01,52.0,848.0,0.0613207547169811,363.0
1642264,Stephon Castle,19685,0.6,-0.89,1.49,0.23,True,19637,0.5,-0.16,0.65,0.3,True,-0.09999999999999998,0.73,-0.84,99.0,944.0,0.1048728813559322,864.0
1629130,Duncan Robinson,23161,1.03,-0.45,1.48,-0.06,True,22814,1.7,-0.81,2.51,-0.02,True,0.6699999999999999,-0.36000000000000004,1.0299999999999998,24.0,973.0,0.0246659815005138,275.0
201599,DeAndre Jordan,6620,-1.01,-2.48,1.47,0.52,True,6511,-1.58,-1.75,0.17,0.24,True,-0.5700000000000001,0.73,-1.3,17.0,174.0,0.0977011494252873,140.0
204456,T.J. McConnell,18387,1.19,-0.28,1.47,1.92,True,18114,1.24,-0.51,1.75,2.49,True,0.050000000000000044,-0.22999999999999998,0.28,26.0,1080.0,0.024074074074074,210.0
1630598,Aaron Wiggins,20040,1.13,-0.34,1.47,0.51,True,19519,1.01,-0.19,1.2,0.78,True,-0.11999999999999988,0.15000000000000002,-0.27,28.0,877.0,0.0319270239452679,260.0
1628969,Mikal Bridges,37523,0.34,-1.08,1.42,0.05,True,37099,0.2,-1.24,1.43,0.37,True,-0.14,-0.15999999999999992,0.010000000000000009,58.0,1853.0,0.0313005936319481,574.0
1630217,Desmond Bane,27526,2.0,0.58,1.42,1.03,True,27049,2.3,0.65,1.65,1.27,True,0.2999999999999998,0.07000000000000006,0.22999999999999998,81.0,1499.0,0.0540360240160106,740.0
1642345,Oso Ighodaro,11742,-0.37,-1.77,1.4,-0.8,True,11294,0.29,-1.71,2.0,-0.96,True,0.6599999999999999,0.06000000000000005,0.6000000000000001,24.0,365.0,0.0657534246575342,173.0
1642854,Asa Newell,2011,0.96,-0.44,1.4,1.19,False,1893,1.01,0.37,0.64,0.96,False,0.050000000000000044,0.81,-0.7599999999999999,8.0,92.0,0.0869565217391304,29.0
1626171,Bobby Portis Jr.,23848,1.2,-0.19,1.4,0.76,True,23602,1.08,0.08,1.0,0.81,True,-0.11999999999999988,0.27,-0.3999999999999999,34.0,1183.0,0.0287404902789518,279.0
203468,CJ McCollum,26200,1.5,0.12,1.38,0.8,True,25894,1.55,-0.3,1.85,1.1,True,0.050000000000000044,-0.42,0.4700000000000002,60.0,1530.0,0.0392156862745098,575.0
1630541,Moses Moody,17708,-0.24,-1.61,1.37,0.68,True,17487,-0.27,-1.55,1.29,0.81,True,-0.030000000000000027,0.06000000000000005,-0.08000000000000007,36.0,713.0,0.0504908835904628,356.0
1630228,Jonathan Kuminga,17935,-1.16,-2.53,1.37,0.07,True,17628,-0.98,-2.8,1.82,0.21,True,0.17999999999999994,-0.27,0.44999999999999996,71.0,945.0,0.0751322751322751,714.0
1631159,Leonard Miller,2981,1.17,-0.19,1.35,1.82,False,2830,1.62,-0.63,2.24,2.01,False,0.4500000000000002,-0.44,0.8900000000000001,12.0,170.0,0.0705882352941176,63.0
1628372,Dennis Smith Jr.,4584,-0.01,-1.35,1.34,0.56,True,4468,0.1,-1.44,1.53,0.46,True,0.11,-0.08999999999999986,0.18999999999999995,5.0,147.0,0.0340136054421768,58.0
1630167,Obi Toppin,19183,2.58,1.24,1.34,1.36,True,18823,2.7,1.49,1.22,1.65,True,0.1200000000000001,0.25,-0.1200000000000001,41.0,905.0,0.0453038674033149,321.0
1631165,Keon Ellis,17335,0.46,-0.86,1.32,1.11,True,16857,0.75,-0.87,1.62,1.23,True,0.29,-0.010000000000000009,0.30000000000000004,20.0,508.0,0.0393700787401574,196.0
201587,Nicolas Batum,17479,0.66,-0.63,1.29,0.19,True,17108,0.6,-0.68,1.28,0.13,True,-0.06000000000000005,-0.050000000000000044,-0.010000000000000009,3.0,341.0,0.0087976539589442,61.0
1631230,Dominick Barlow,10136,-0.15,-1.43,1.28,0.32,True,9867,-0.14,-1.17,1.03,0.22,True,0.009999999999999981,0.26,-0.25,34.0,341.0,0.0997067448680351,213.0
1630559,Austin Reaves,30344,2.37,1.09,1.28,0.68,True,29797,2.95,0.74,2.21,1.04,True,0.5800000000000001,-0.3500000000000001,0.9299999999999999,109.0,1404.0,0.0776353276353276,1078.0
1642949,Yanic Konan Niederhäuser,1261,-0.25,-1.52,1.27,0.85,False,1207,-0.29,-1.23,0.94,0.62,False,-0.03999999999999998,0.29000000000000004,-0.33000000000000007,3.0,64.0,0.046875,62.0
1630581,Josh Giddey,25428,1.52,0.24,1.27,1.38,True,24953,1.56,-0.09,1.65,1.8,True,0.040000000000000036,-0.32999999999999996,0.3799999999999999,64.0,1128.0,0.0567375886524822,584.0
2544,LeBron James,28286,-0.18,-1.45,1.27,1.53,True,27829,0.24,-1.64,1.88,2.1,True,0.42,-0.18999999999999995,0.6099999999999999,155.0,1992.0,0.0778112449799196,1177.0
1630643,Jay Huff,10286,-0.48,-1.69,1.22,2.9,True,10034,-0.78,-1.66,0.88,3.12,True,-0.30000000000000004,0.030000000000000027,-0.33999999999999997,20.0,459.0,0.0435729847494553,161.0
1630558,Davion Mitchell,20005,1.49,0.27,1.21,-0.4,True,19597,2.35,0.01,2.34,-0.33,True,0.8600000000000001,-0.26,1.13,24.0,655.0,0.0366412213740458,198.0
1629628,RJ Barrett,23107,1.71,0.51,1.21,0.15,True,22685,2.15,0.25,1.9,0.35,True,0.43999999999999995,-0.26,0.69,102.0,1360.0,0.075,922.0
1630551,Justin Champagnie,11920,1.34,0.15,1.19,1.72,True,11634,1.32,0.62,0.71,1.77,True,-0.020000000000000018,0.47,-0.48,27.0,474.0,0.0569620253164556,190.0
1630162,Anthony Edwards,36887,3.39,2.21,1.18,1.11,True,36276,4.15,2.02,2.14,1.58,True,0.7600000000000002,-0.18999999999999995,0.9600000000000002,190.0,2409.0,0.078870900788709,1681.0
1641706,Brandon Miller,20772,0.55,-0.63,1.18,0.01,True,20342,0.68,-0.74,1.42,0.09,True,0.13,-0.10999999999999999,0.24,52.0,1128.0,0.0460992907801418,475.0
203957,Danté Exum,6839,1.75,0.59,1.16,-0.17,True,6598,1.93,0.29,1.65,-0.0,True,0.17999999999999994,-0.3,0.49,8.0,241.0,0.0331950207468879,105.0
1628978,Donte DiVincenzo,29092,0.82,-0.34,1.16,1.05,True,28394,0.95,-0.37,1.31,1.24,True,0.13,-0.02999999999999997,0.15000000000000013,23.0,1176.0,0.0195578231292517,327.0
1627763,Malcolm Brogdon,6763,1.19,0.04,1.15,0.3,True,6628,1.32,-0.19,1.51,0.51,True,0.13000000000000012,-0.23,0.3600000000000001,19.0,322.0,0.0590062111801242,208.0
1630193,Immanuel Quickley,20531,1.31,0.17,1.15,1.31,True,20156,1.64,-0.15,1.78,1.66,True,0.32999999999999985,-0.32,0.6300000000000001,56.0,973.0,0.0575539568345323,580.0
1626153,Delon Wright,5672,-1.26,-2.4,1.14,0.53,True,5510,-1.68,-2.39,0.71,0.86,True,-0.41999999999999993,0.009999999999999787,-0.42999999999999994,4.0,133.0,0.0300751879699248,74.0
1631132,Christian Koloko,2785,-1.45,-2.58,1.13,-0.32,False,2705,-2.36,-2.03,-0.33,-0.72,False,-0.9099999999999999,0.5500000000000003,-1.46,1.0,71.0,0.0140845070422535,29.0
1631197,Jared Rhoden,1737,0.96,-0.16,1.12,0.69,False,1693,0.78,0.04,0.75,0.72,False,-0.17999999999999994,0.2,-0.3700000000000001,1.0,75.0,0.0133333333333333,33.0
1630205,Lamar Stevens,2547,-0.86,-1.96,1.11,0.55,False,2529,-0.7,-2.16,1.46,0.68,False,0.16000000000000003,-0.20000000000000018,0.34999999999999987,8.0,139.0,0.0575539568345323,65.0
1630168,Onyeka Okongwu,25644,0.92,-0.19,1.11,1.53,True,25190,0.89,-0.12,1.02,1.51,True,-0.030000000000000027,0.07,-0.09000000000000008,60.0,1052.0,0.0570342205323193,546.0
1630183,Jaden McDaniels,32476,0.04,-1.07,1.11,-0.29,True,32084,-0.21,-1.2,0.98,-0.31,True,-0.25,-0.1299999999999999,-0.13000000000000012,65.0,1359.0,0.0478292862398822,481.0
1626156,D'Angelo Russell,19074,0.83,-0.27,1.1,0.65,True,18715,1.24,-0.76,2.0,0.94,True,0.41000000000000003,-0.49,0.8999999999999999,31.0,863.0,0.0359212050984936,399.0
1641771,Jalen Slawson,1295,-1.32,-2.41,1.09,1.14,False,1218,-1.39,-2.53,1.15,1.31,False,-0.06999999999999984,-0.11999999999999966,0.05999999999999983,3.0,38.0,0.0789473684210526,17.0
201580,JaVale McGee,1521,-0.84,-1.9,1.06,2.28,False,1518,-0.9,-2.11,1.21,2.29,False,-0.06000000000000005,-0.20999999999999996,0.1499999999999999,6.0,79.0,0.0759493670886076,45.0
1641871,Duop Reath,7484,1.32,0.26,1.06,0.77,True,7299,0.86,1.34,-0.48,0.46,True,-0.4600000000000001,1.08,-1.54,15.0,333.0,0.045045045045045,121.0
1630200,Tre Jones,19302,1.15,0.08,1.06,1.34,True,18917,1.05,0.01,1.04,1.88,True,-0.09999999999999987,-0.07,-0.020000000000000018,33.0,772.0,0.0427461139896373,412.0
1630256,Jae'Sean Tate,8455,-0.6,-1.66,1.06,-0.58,True,8312,-0.64,-1.49,0.85,-1.04,True,-0.040000000000000036,0.16999999999999993,-0.21000000000000008,13.0,237.0,0.0548523206751054,103.0
1626158,Richaun Holmes,4272,1.11,0.07,1.04,0.87,True,4132,1.02,0.01,1.01,0.65,True,-0.09000000000000008,-0.060000000000000005,-0.030000000000000027,13.0,172.0,0.0755813953488372,107.0
1629638,Nickeil Alexander-Walker,30065,1.87,0.83,1.04,0.16,True,29723,2.4,-0.06,2.46,0.37,True,0.5299999999999998,-0.8899999999999999,1.42,54.0,1166.0,0.04631217838765,532.0
201142,Kevin Durant,32027,3.02,2.0,1.02,1.07,True,31434,4.42,1.06,3.36,1.72,True,1.4,-0.94,2.34,135.0,2103.0,0.0641940085592011,1294.0
203992,Bogdan Bogdanović,12254,-0.88,-1.89,1.01,0.21,True,12036,-1.21,-1.78,0.57,0.28,True,-0.32999999999999996,0.10999999999999988,-0.44000000000000006,20.0,756.0,0.0264550264550264,262.0
201144,Mike Conley,21894,0.29,-0.66,0.94,0.91,True,21649,0.87,-1.28,2.15,1.12,True,0.5800000000000001,-0.62,1.21,11.0,663.0,0.0165912518853695,295.0
1642377,Jaylen Wells,15325,1.68,0.74,0.93,-0.34,True,15029,1.01,1.34,-0.33,-0.32,True,-0.6699999999999999,0.6000000000000001,-1.26,32.0,588.0,0.0544217687074829,306.0
1642271,Kyle Filipowski,13540,1.2,0.31,0.89,0.75,True,13204,0.98,0.52,0.45,0.54,True,-0.21999999999999997,0.21000000000000002,-0.44,36.0,583.0,0.0617495711835334,355.0
1631248,Baylor Scheierman,6988,0.54,-0.35,0.89,0.02,True,6624,0.28,-0.15,0.44,-0.05,True,-0.26,0.19999999999999998,-0.45,1.0,204.0,0.0049019607843137,43.0
1629060,Rui Hachimura,25455,1.05,0.2,0.85,-0.37,True,24985,1.35,-0.26,1.61,-0.18,True,0.30000000000000004,-0.46,0.7600000000000001,35.0,1073.0,0.0326188257222739,341.0
1628960,Grayson Allen,22029,2.37,1.53,0.84,0.83,True,21491,2.69,1.02,1.67,1.08,True,0.31999999999999984,-0.51,0.83,37.0,835.0,0.0443113772455089,437.0
203469,Cody Zeller,1202,0.69,-0.14,0.84,-0.05,False,1180,0.44,0.16,0.28,-0.73,False,-0.24999999999999994,0.30000000000000004,-0.5599999999999999,3.0,26.0,0.1153846153846153,38.0
1629639,Tyler Herro,21993,1.98,1.15,0.83,0.33,True,21635,1.99,1.0,0.99,0.7,True,0.010000000000000009,-0.1499999999999999,0.16000000000000003,59.0,1279.0,0.0461297888975762,566.0
201935,James Harden,34906,3.24,2.42,0.82,1.31,True,34278,3.73,2.54,1.19,1.77,True,0.48999999999999977,0.1200000000000001,0.37,138.0,1556.0,0.0886889460154241,1635.0
1631120,JD Davison,1108,-0.63,-1.43,0.8,0.1,False,1004,-1.01,-1.5,0.49,0.33,False,-0.38,-0.07000000000000006,-0.31000000000000005,1.0,42.0,0.0238095238095238,34.0
1630170,Devin Vassell,27551,1.19,0.39,0.8,0.59,True,27462,1.47,-0.19,1.65,0.97,True,0.28,-0.5800000000000001,0.8499999999999999,69.0,1327.0,0.0519969856819894,490.0
1629650,Moses Brown,1220,-0.37,-1.17,0.8,1.04,False,1268,-1.3,-0.63,-0.67,0.62,False,-0.93,0.5399999999999999,-1.4700000000000002,6.0,67.0,0.0895522388059701,42.0
1628467,Maxi Kleber,8816,0.36,-0.44,0.8,-1.39,True,8635,0.42,-0.39,0.81,-1.74,True,0.06,0.04999999999999999,0.010000000000000009,4.0,149.0,0.0268456375838926,104.0
1631116,Patrick Baldwin Jr.,2445,-0.57,-1.37,0.8,0.66,False,2219,-0.59,-0.81,0.22,0.49,False,-0.020000000000000018,0.56,-0.5800000000000001,9.0,89.0,0.1011235955056179,39.0
1629684,Grant Williams,12380,0.29,-0.5,0.79,-0.52,True,12119,0.06,-0.57,0.63,-0.71,True,-0.22999999999999998,-0.06999999999999995,-0.16000000000000003,22.0,408.0,0.0539215686274509,231.0
1629021,Moritz Wagner,8250,-0.04,-0.82,0.78,0.8,True,8042,0.1,-0.54,0.64,0.7,True,0.14,0.2799999999999999,-0.14,61.0,572.0,0.1066433566433566,405.0
201152,Thaddeus Young,1833,0.92,0.15,0.77,1.14,False,1841,0.93,0.13,0.81,1.0,False,0.010000000000000009,-0.01999999999999999,0.040000000000000036,3.0,65.0,0.0461538461538461,15.0
1641717,Cason Wallace,27323,-1.43,-2.19,0.76,0.82,True,26671,-0.92,-2.68,1.75,1.02,True,0.5099999999999999,-0.4900000000000002,0.99,16.0,814.0,0.0196560196560196,161.0
1628963,Marvin Bagley III,10465,0.52,-0.24,0.76,1.42,True,10273,0.64,-0.31,0.96,1.42,True,0.12,-0.07,0.19999999999999996,33.0,556.0,0.0593525179856115,305.0
1642868,Carter Bryant,3703,-0.23,-0.99,0.76,-0.19,True,3653,-0.37,-0.71,0.34,-0.58,True,-0.13999999999999999,0.28,-0.42,5.0,130.0,0.0384615384615384,48.0
1641763,Julian Phillips,7557,0.14,-0.61,0.75,-0.32,True,7169,-0.22,-0.6,0.39,-0.54,True,-0.36,0.010000000000000009,-0.36,19.0,213.0,0.0892018779342723,118.0
1642948,Ryan Nembhard,4407,0.58,-0.15,0.73,-0.6,True,4323,0.97,-0.25,1.22,-0.45,True,0.39,-0.1,0.49,3.0,162.0,0.0185185185185185,31.0
1642278,Tyler Kolek,3598,0.02,-0.68,0.7,0.55,True,3407,0.1,-1.31,1.41,0.73,True,0.08,-0.63,0.71,3.0,147.0,0.0204081632653061,39.0
204060,Joe Ingles,6797,1.41,0.71,0.69,-0.21,True,6535,1.64,0.61,1.03,-0.1,True,0.22999999999999998,-0.09999999999999998,0.3400000000000001,1.0,127.0,0.0078740157480314,40.0
1629631,De'Andre Hunter,20184,2.46,1.79,0.66,-0.15,True,19759,2.17,2.22,-0.05,-0.06,True,-0.29000000000000004,0.43000000000000016,-0.7100000000000001,62.0,897.0,0.0691192865105908,619.0
1641737,Adem Bona,8879,-0.79,-1.45,0.66,0.0,True,8690,-1.18,-0.95,-0.22,-0.24,True,-0.3899999999999999,0.5,-0.88,22.0,274.0,0.0802919708029197,229.0
1631222,Jake LaRavia,17444,1.53,0.89,0.64,0.09,True,17161,1.77,1.03,0.74,0.02,True,0.24,0.14,0.09999999999999998,26.0,527.0,0.0493358633776091,382.0
1641796,Pelle Larsson,10727,0.42,-0.2,0.62,-0.14,True,10538,0.59,-0.04,0.63,-0.09,True,0.16999999999999998,0.16,0.010000000000000009,35.0,374.0,0.0935828877005347,295.0
1629630,Ja Morant,10415,0.61,-0.0,0.61,1.16,True,10231,1.78,-0.83,2.61,1.63,True,1.17,-0.83,2.0,57.0,638.0,0.0893416927899686,511.0
202709,Cory Joseph,3654,0.62,0.02,0.6,-0.42,True,3692,0.77,0.02,0.76,-0.53,True,0.15000000000000002,0.0,0.16000000000000003,3.0,95.0,0.031578947368421,25.0
1631245,Quenton Jackson,4948,0.22,-0.37,0.6,0.64,True,4873,0.69,-0.13,0.82,0.78,True,0.47,0.24,0.21999999999999997,17.0,212.0,0.080188679245283,161.0
1626166,Cameron Payne,11373,-0.29,-0.88,0.59,0.84,True,11143,0.38,-0.76,1.14,0.9,True,0.6699999999999999,0.12,0.5499999999999999,12.0,465.0,0.0258064516129032,146.0
1628380,Zach Collins,11830,-0.38,-0.97,0.59,0.7,True,11591,-0.26,-0.7,0.43,0.41,True,0.12,0.27,-0.15999999999999998,33.0,488.0,0.0676229508196721,260.0
1631260,AJ Green,18114,0.53,-0.06,0.59,-0.44,True,17850,1.09,-0.48,1.57,-0.56,True,0.56,-0.42,0.9800000000000001,11.0,551.0,0.0199637023593466,113.0
1642950,Lachlan Olbrich,1314,-0.24,-0.84,0.59,0.67,False,1230,-0.53,-0.5,-0.02,0.06,False,-0.29000000000000004,0.33999999999999997,-0.61,0.0,36.0,0.0,40.0
1642366,Quinten Post,7765,-0.67,-1.26,0.59,0.6,True,7556,-0.55,-1.33,0.78,0.32,True,0.12,-0.07000000000000006,0.19000000000000006,7.0,332.0,0.0210843373493975,74.0
1630647,Eugene Omoruyi,1649,0.19,-0.39,0.58,2.01,False,1546,0.12,0.1,0.02,1.72,False,-0.07,0.49,-0.5599999999999999,7.0,81.0,0.0864197530864197,49.0
1630552,Jalen Johnson,24934,-0.34,-0.91,0.57,1.35,True,24523,0.23,-1.05,1.29,1.77,True,0.5700000000000001,-0.14,0.7200000000000001,93.0,1270.0,0.0732283464566929,687.0
1641775,Jordan Walsh,6353,0.86,0.29,0.57,-0.02,True,6040,1.07,-0.31,1.38,-0.26,True,0.21000000000000008,-0.6,0.8099999999999999,12.0,177.0,0.0677966101694915,77.0
1628418,Thomas Bryant,9366,0.1,-0.46,0.56,1.68,True,9130,-0.06,-0.6,0.54,1.69,True,-0.16,-0.13999999999999996,-0.020000000000000018,27.0,411.0,0.0656934306569343,197.0
1629652,Luguentz Dort,28989,0.76,0.22,0.55,-0.2,True,28525,0.87,0.5,0.38,-0.39,True,0.10999999999999999,0.28,-0.17000000000000004,32.0,871.0,0.0367393800229621,304.0
1631218,Trayce Jackson-Davis,10399,0.13,-0.41,0.54,1.91,True,10221,-0.7,0.06,-0.75,1.94,True,-0.83,0.47,-1.29,47.0,494.0,0.0951417004048583,323.0
203486,Mason Plumlee,9319,0.68,0.16,0.53,0.02,True,9073,0.2,0.08,0.12,-0.18,True,-0.48000000000000004,-0.08,-0.41000000000000003,20.0,232.0,0.0862068965517241,249.0
1642863,Khaman Maluach,1590,-1.42,-1.95,0.53,-0.69,False,1468,-1.94,-1.45,-0.49,-1.03,False,-0.52,0.5,-1.02,1.0,60.0,0.0166666666666666,31.0
1628370,Malik Monk,21945,1.99,1.47,0.52,0.46,True,21527,2.04,1.47,0.57,0.71,True,0.050000000000000044,0.0,0.04999999999999993,40.0,1085.0,0.0368663594470046,490.0
1630288,Jeff Dowtin Jr.,2829,1.39,0.89,0.49,1.14,False,2911,1.7,0.02,1.68,1.65,False,0.31000000000000005,-0.87,1.19,9.0,132.0,0.0681818181818181,49.0
1641750,Ryan Kalkbrenner,6575,-1.25,-1.71,0.46,1.29,True,6431,-1.4,-2.03,0.64,1.52,True,-0.1499999999999999,-0.31999999999999984,0.18,15.0,219.0,0.0684931506849315,116.0
203939,Dwight Powell,9666,-0.14,-0.58,0.45,-0.07,True,9439,0.57,-0.97,1.54,-0.5,True,0.71,-0.39,1.09,24.0,180.0,0.1333333333333333,250.0
1626174,Christian Wood,3568,-0.97,-1.41,0.44,-0.06,True,3481,-1.05,-1.42,0.37,-0.02,True,-0.08000000000000007,-0.010000000000000009,-0.07,10.0,123.0,0.08130081300813,94.0
203944,Julius Randle,29399,1.6,1.17,0.44,-0.02,True,28825,2.43,0.43,1.99,0.02,True,0.8300000000000001,-0.74,1.55,140.0,1612.0,0.086848635235732,1273.0
1631311,Lester Quinones,2210,0.33,-0.09,0.42,-0.39,False,2211,-0.04,0.94,-0.98,-0.66,False,-0.37,1.03,-1.4,4.0,87.0,0.0459770114942528,42.0
1641740,Jaylen Clark,5903,0.46,0.05,0.41,0.19,True,5547,0.99,0.06,0.93,0.05,True,0.53,0.009999999999999995,0.52,10.0,162.0,0.0617283950617283,110.0
1641710,Anthony Black,20339,-0.21,-0.62,0.4,-0.77,True,19890,-0.21,-0.29,0.08,-0.78,True,0.0,0.33,-0.32,67.0,760.0,0.0881578947368421,542.0
1626220,Royce O'Neale,24482,0.21,-0.18,0.39,0.54,True,23955,-0.24,0.03,-0.27,0.5,True,-0.44999999999999996,0.21,-0.66,3.0,734.0,0.0040871934604904,105.0
1629618,Jalen Pickett,5865,0.12,-0.27,0.38,-0.64,True,5738,0.18,0.3,-0.12,-0.6,True,0.06,0.5700000000000001,-0.5,6.0,197.0,0.0304568527918781,33.0
1629026,Kenrich Williams,8422,-0.07,-0.44,0.37,0.5,True,8236,-0.95,0.05,-0.99,0.45,True,-0.8799999999999999,0.49,-1.3599999999999999,17.0,472.0,0.0360169491525423,115.0
202684,Tristan Thompson,3063,-0.99,-1.36,0.37,-0.85,True,2924,-2.2,-0.62,-1.58,-1.33,False,-1.2100000000000002,0.7400000000000001,-1.9500000000000002,6.0,114.0,0.0526315789473684,87.0
1628426,Sasha Vezenkov,2060,1.01,0.65,0.36,0.96,False,1999,0.78,0.41,0.37,0.93,False,-0.22999999999999998,-0.24000000000000005,0.010000000000000009,1.0,84.0,0.0119047619047619,15.0
1629726,Garrison Mathews,9023,0.27,-0.06,0.33,0.3,True,8715,0.35,0.26,0.09,0.18,True,0.07999999999999996,0.32,-0.24000000000000002,14.0,226.0,0.0619469026548672,143.0
1642259,Alex Sarr,12709,-1.52,-1.85,0.32,1.26,True,12463,-1.86,-2.32,0.46,1.36,True,-0.3400000000000001,-0.46999999999999975,0.14,29.0,642.0,0.0451713395638629,311.0
1630649,Stanley Umude,1442,-0.98,-1.28,0.31,0.19,False,1409,-1.46,-0.68,-0.78,0.0,False,-0.48,0.6,-1.09,3.0,43.0,0.0697674418604651,36.0
1629002,Chimezie Metu,3663,-0.77,-1.05,0.29,-0.09,True,3553,-0.9,-1.29,0.39,0.01,True,-0.13,-0.24,0.10000000000000003,6.0,123.0,0.048780487804878,64.0
1631255,Karlo Matković,5855,-1.35,-1.63,0.28,1.56,True,5728,-0.8,-2.39,1.58,1.49,True,0.55,-0.7600000000000002,1.3,12.0,277.0,0.0433212996389891,85.0
1627732,Ben Simmons,6035,-0.47,-0.75,0.28,-1.19,True,5946,-0.24,-1.02,0.77,-1.33,True,0.22999999999999998,-0.27,0.49,6.0,161.0,0.0372670807453416,48.0
1629636,Darius Garland,23932,1.96,1.69,0.27,0.64,True,23689,1.96,1.8,0.17,1.03,True,0.0,0.1100000000000001,-0.1,53.0,1340.0,0.0395522388059701,597.0
1628379,Luke Kennard,18114,2.16,1.9,0.26,0.31,True,17706,2.14,2.06,0.08,0.65,True,-0.020000000000000018,0.16000000000000014,-0.18,14.0,630.0,0.0222222222222222,194.0
1627742,Brandon Ingram,21968,1.03,0.78,0.26,-0.2,True,21775,1.45,0.61,0.84,0.08,True,0.41999999999999993,-0.17000000000000004,0.58,75.0,1307.0,0.0573833205814843,760.0
203482,Kelly Olynyk,11932,0.17,-0.1,0.26,1.04,True,11663,0.25,0.52,-0.27,0.96,True,0.07999999999999999,0.62,-0.53,24.0,465.0,0.0516129032258064,333.0
1642266,Ja'Kobe Walter,10954,-1.01,-1.27,0.26,0.17,True,10634,-1.3,-0.33,-0.97,0.06,True,-0.29000000000000004,0.94,-1.23,21.0,364.0,0.0576923076923076,185.0
1642285,Cam Spencer,7586,1.38,1.13,0.25,2.02,True,7391,1.94,0.78,1.16,2.39,True,0.56,-0.34999999999999987,0.9099999999999999,16.0,297.0,0.0538720538720538,153.0
1642859,Jase Richardson,2174,0.62,0.38,0.24,-0.33,False,2178,0.24,0.93,-0.69,-0.36,False,-0.38,0.55,-0.9299999999999999,8.0,91.0,0.0879120879120879,46.0
1631323,Simone Fontecchio,16530,0.39,0.16,0.23,0.16,True,16128,0.45,0.23,0.23,0.18,True,0.06,0.07,0.0,25.0,596.0,0.0419463087248322,252.0
1630182,Josh Green,17666,-0.01,-0.23,0.22,-1.1,True,17259,0.22,-0.65,0.87,-1.21,True,0.23,-0.42000000000000004,0.65,13.0,478.0,0.0271966527196652,176.0
1630592,Jalen Wilson,13990,1.24,1.03,0.2,-1.49,True,13528,0.9,1.51,-0.61,-1.76,True,-0.33999999999999997,0.48,-0.81,25.0,432.0,0.0578703703703703,307.0
203083,Andre Drummond,16215,-0.86,-1.04,0.18,1.16,True,15897,-1.12,-0.96,-0.16,0.74,True,-0.2600000000000001,0.08000000000000007,-0.33999999999999997,34.0,559.0,0.0608228980322003,402.0
1643052,Chaney Johnson,1264,0.18,0.03,0.16,0.53,False,1199,-0.13,0.45,-0.58,0.06,False,-0.31,0.42000000000000004,-0.74,1.0,51.0,0.0196078431372549,35.0
1631095,Jabari Smith Jr.,28572,-0.38,-0.53,0.15,-0.11,True,28132,-0.74,-0.53,-0.21,-0.12,True,-0.36,0.0,-0.36,45.0,1114.0,0.0403949730700179,556.0
1630214,Xavier Tillman,5271,-1.76,-1.89,0.14,-0.34,True,5082,-1.97,-2.15,0.17,-0.48,True,-0.20999999999999996,-0.26,0.03,5.0,160.0,0.03125,59.0
1641842,Ronald Holland II,11574,-2.15,-2.28,0.14,-0.43,True,11213,-1.66,-2.28,0.62,-0.57,True,0.49,0.0,0.48,44.0,436.0,0.1009174311926605,286.0
202083,Wesley Matthews,1975,0.07,-0.06,0.13,-0.05,False,1896,0.26,-0.12,0.38,-0.25,False,0.19,-0.06,0.25,1.0,34.0,0.0294117647058823,24.0
1642450,Daniss Jenkins,6955,-0.33,-0.45,0.12,-0.09,True,6661,0.14,-0.48,0.61,0.03,True,0.47000000000000003,-0.02999999999999997,0.49,12.0,279.0,0.043010752688172,194.0
1642843,Cooper Flagg,9497,-0.12,-0.21,0.1,1.06,True,9310,-0.02,-0.5,0.47,1.47,True,0.09999999999999999,-0.29000000000000004,0.37,41.0,559.0,0.073345259391771,342.0
1629622,Max Strus,18776,0.75,0.65,0.1,0.11,True,18622,0.76,0.1,0.66,0.01,True,0.010000000000000009,-0.55,0.56,13.0,651.0,0.0199692780337941,175.0
1631123,Jamaree Bouyea,2842,-1.67,-1.76,0.09,-0.48,False,2641,-1.3,-2.55,1.25,-0.31,False,0.3699999999999999,-0.7899999999999998,1.16,4.0,126.0,0.0317460317460317,43.0
1626168,Trey Lyles,10287,0.62,0.53,0.09,0.07,True,10036,0.6,0.35,0.25,-0.02,True,-0.020000000000000018,-0.18000000000000005,0.16,16.0,300.0,0.0533333333333333,150.0
1630171,Isaac Okoro,19181,0.22,0.14,0.08,-0.46,True,18847,0.05,0.42,-0.37,-0.53,True,-0.16999999999999998,0.27999999999999997,-0.45,37.0,610.0,0.060655737704918,312.0
1630590,Scotty Pippen Jr.,10427,-1.24,-1.33,0.08,1.51,True,10299,-1.01,-1.35,0.34,1.66,True,0.22999999999999998,-0.020000000000000018,0.26,32.0,450.0,0.0711111111111111,268.0
1642877,Micah Peavy,3602,0.29,0.23,0.07,-0.86,True,3539,0.12,0.24,-0.12,-1.17,True,-0.16999999999999998,0.009999999999999981,-0.19,3.0,106.0,0.0283018867924528,29.0
1628396,Tony Bradley,2671,0.03,-0.04,0.07,-0.13,False,2585,-0.48,0.64,-1.12,-0.7,False,-0.51,0.68,-1.1900000000000002,2.0,100.0,0.02,67.0
1629723,John Konchar,11190,-2.11,-2.18,0.07,1.1,True,10908,-3.0,-2.28,-0.72,1.2,True,-0.8900000000000001,-0.09999999999999964,-0.79,10.0,226.0,0.0442477876106194,81.0
202722,Davis Bertans,2660,0.33,0.26,0.07,0.62,False,2538,0.56,0.06,0.5,0.67,False,0.23000000000000004,-0.2,0.43,2.0,92.0,0.0217391304347826,33.0
201988,Patty Mills,3229,-0.99,-1.05,0.06,-1.22,True,3176,-1.48,-0.68,-0.81,-1.31,True,-0.49,0.37,-0.8700000000000001,2.0,89.0,0.0224719101123595,29.0
1631094,Paolo Banchero,30310,0.43,0.4,0.04,-0.4,True,29689,0.79,0.5,0.29,-0.26,True,0.36000000000000004,0.09999999999999998,0.24999999999999997,171.0,1763.0,0.0969937606352807,1698.0
1629008,Michael Porter Jr.,30681,1.36,1.34,0.03,0.48,True,30146,2.09,0.39,1.69,0.67,True,0.7299999999999998,-0.9500000000000001,1.66,77.0,1609.0,0.0478558110627719,571.0
1628420,Monte Morris,4631,-0.48,-0.49,0.0,0.26,True,4455,-0.68,-0.72,0.04,0.55,True,-0.20000000000000007,-0.22999999999999998,0.04,3.0,161.0,0.0186335403726708,67.0
1630322,Lindy Waters III,4607,0.38,0.39,-0.01,0.17,True,4270,-0.02,0.21,-0.24,0.1,True,-0.4,-0.18000000000000002,-0.22999999999999998,3.0,180.0,0.0166666666666666,16.0
1641854,Craig Porter Jr.,8618,0.86,0.87,-0.01,0.62,True,8401,0.89,0.9,-0.01,0.94,True,0.030000000000000027,0.030000000000000027,0.0,15.0,311.0,0.0482315112540192,128.0
1642272,Jared McCain,7998,0.34,0.35,-0.01,-0.56,True,7886,0.24,0.53,-0.29,-0.47,True,-0.10000000000000003,0.18000000000000005,-0.27999999999999997,9.0,386.0,0.0233160621761658,130.0
203915,Spencer Dinwiddie,17307,1.07,1.09,-0.02,-0.05,True,16942,1.48,0.99,0.49,0.14,True,0.4099999999999999,-0.10000000000000009,0.51,54.0,540.0,0.1,459.0
1629023,P.J. Washington,26179,-0.84,-0.82,-0.02,-0.17,True,25682,-0.86,-1.17,0.31,-0.08,True,-0.020000000000000018,-0.35,0.33,68.0,1051.0,0.0647002854424357,580.0
203110,Draymond Green,22896,-1.63,-1.61,-0.02,0.18,True,22607,-1.4,-2.03,0.63,0.15,True,0.22999999999999998,-0.4199999999999997,0.65,34.0,648.0,0.0524691358024691,318.0
1641794,Dillon Jones,2169,-0.79,-0.76,-0.03,-1.18,False,2101,-0.89,-0.72,-0.17,-1.54,False,-0.09999999999999998,0.040000000000000036,-0.14,2.0,62.0,0.032258064516129,34.0
1642347,Jamal Shead,14218,0.44,0.47,-0.03,-0.29,True,13810,0.77,0.84,-0.07,-0.27,True,0.33,0.37,-0.04000000000000001,27.0,412.0,0.0655339805825242,191.0
1630679,Ethan Thompson,2557,-0.26,-0.22,-0.04,-0.78,False,2500,-0.21,-0.22,0.01,-1.0,False,0.05000000000000002,0.0,0.05,4.0,74.0,0.054054054054054,47.0
203200,Justin Holiday,4040,-0.43,-0.38,-0.05,-0.1,True,4012,-0.01,-0.55,0.54,-0.08,True,0.42,-0.17000000000000004,0.5900000000000001,0.0,99.0,0.0,8.0
1631321,Sidy Cissoko,6407,-0.97,-0.89,-0.07,-1.2,True,6156,-1.5,-0.38,-1.12,-1.65,True,-0.53,0.51,-1.05,12.0,166.0,0.072289156626506,113.0
1642857,Kasparas Jakučionis,3629,1.56,1.63,-0.07,0.93,True,3532,2.2,1.4,0.79,0.93,True,0.6400000000000001,-0.22999999999999998,0.8600000000000001,3.0,102.0,0.0294117647058823,66.0
1630230,Naji Marshall,22043,0.36,0.44,-0.08,-0.05,True,21527,0.62,0.49,0.13,0.19,True,0.26,0.04999999999999999,0.21000000000000002,62.0,963.0,0.0643821391484942,552.0
1630197,Aleksej Pokusevski,1612,-0.94,-0.83,-0.11,0.05,False,1405,-1.21,-1.24,0.03,0.19,False,-0.27,-0.41000000000000003,0.14,3.0,49.0,0.0612244897959183,41.0
1630191,Isaiah Stewart,17914,-0.88,-0.77,-0.11,0.32,True,17432,-0.93,-0.75,-0.18,0.17,True,-0.050000000000000044,0.020000000000000018,-0.06999999999999999,39.0,604.0,0.064569536423841,320.0
1629052,Oshae Brissett,2986,0.04,0.15,-0.11,-0.08,False,2898,0.17,0.12,0.05,-0.27,False,0.13,-0.03,0.16,8.0,93.0,0.086021505376344,101.0
1642363,Nique Clifford,7513,-0.49,-0.38,-0.12,-1.56,True,7106,-0.49,-0.55,0.07,-1.64,True,0.0,-0.17000000000000004,0.19,8.0,249.0,0.0321285140562249,97.0
1628981,Bruno Fernando,3556,-0.71,-0.58,-0.13,-0.08,True,3387,-1.14,0.04,-1.18,-0.55,True,-0.42999999999999994,0.62,-1.0499999999999998,10.0,135.0,0.074074074074074,104.0
1630538,Bones Hyland,7968,-0.38,-0.24,-0.13,0.96,True,7558,-0.31,-0.44,0.13,1.07,True,0.07,-0.2,0.26,10.0,374.0,0.0267379679144385,143.0
1630215,Jared Butler,6075,0.05,0.21,-0.16,0.76,True,5923,0.07,0.87,-0.79,0.92,True,0.020000000000000004,0.66,-0.63,25.0,301.0,0.0830564784053156,127.0
1629234,Drew Eubanks,11892,-1.37,-1.21,-0.16,-0.16,True,11541,-1.63,-0.7,-0.93,-0.18,True,-0.2599999999999998,0.51,-0.77,19.0,367.0,0.0517711171662125,230.0
1631133,Jabari Walker,12148,0.68,0.86,-0.17,-0.48,True,11776,0.82,0.82,-0.01,-0.89,True,0.1399999999999999,-0.040000000000000036,0.16,36.0,450.0,0.08,312.0
1642856,Egor Dëmin,4300,-0.62,-0.44,-0.17,-0.51,True,4212,-0.77,-0.41,-0.37,-0.51,True,-0.15000000000000002,0.030000000000000027,-0.19999999999999998,1.0,179.0,0.0055865921787709,65.0
1631109,Mark Williams,13631,-1.52,-1.36,-0.17,2.08,True,13346,-1.59,-1.41,-0.18,2.16,True,-0.07000000000000006,-0.04999999999999982,-0.009999999999999981,56.0,650.0,0.0861538461538461,402.0
1641783,Tristan da Silva,13737,-0.35,-0.17,-0.18,-0.95,True,13483,-0.02,-0.31,0.29,-0.96,True,0.32999999999999996,-0.13999999999999999,0.47,16.0,489.0,0.032719836400818,162.0
1642281,Jaylon Tyson,9507,0.54,0.72,-0.18,0.28,True,9159,0.17,1.42,-1.25,0.16,True,-0.37,0.7,-1.07,25.0,426.0,0.0586854460093896,152.0
1631367,Jacob Gilyard,2598,0.45,0.65,-0.19,0.44,False,2574,-0.11,0.46,-0.58,0.53,False,-0.56,-0.19,-0.38999999999999996,1.0,60.0,0.0166666666666666,2.0
1628964,Mo Bamba,4378,-2.27,-2.07,-0.2,1.12,True,4343,-2.58,-2.05,-0.53,0.74,True,-0.31000000000000005,0.020000000000000018,-0.33,8.0,154.0,0.0519480519480519,77.0
1631212,Peyton Watson,21119,-0.54,-0.34,-0.2,0.13,True,20730,-0.04,-0.63,0.59,0.29,True,0.5,-0.29,0.79,38.0,727.0,0.0522696011004126,454.0
1630811,Keaton Wallace,4031,-1.31,-1.08,-0.23,0.24,True,3886,-1.75,-0.98,-0.77,0.36,True,-0.43999999999999995,0.10000000000000009,-0.54,2.0,135.0,0.0148148148148148,31.0
1630249,Vít Krejčí,8329,-0.82,-0.59,-0.23,0.45,True,8188,-0.85,-0.65,-0.19,0.45,True,-0.030000000000000027,-0.06000000000000005,0.04000000000000001,11.0,389.0,0.0282776349614395,102.0
1642269,Devin Carter,4176,0.2,0.44,-0.24,-0.03,True,3933,0.7,0.11,0.59,-0.05,True,0.49999999999999994,-0.33,0.83,8.0,168.0,0.0476190476190476,138.0
203967,Dario Saric,3467,-0.66,-0.42,-0.24,-0.03,True,3456,-1.13,-0.12,-1.01,-0.24,True,-0.46999999999999986,0.3,-0.77,11.0,203.0,0.0541871921182266,105.0
1629111,Jock Landale,11637,1.2,1.44,-0.24,1.02,True,11371,1.1,1.01,0.1,0.79,True,-0.09999999999999987,-0.42999999999999994,0.33999999999999997,22.0,470.0,0.0468085106382978,231.0
1627777,Georges Niang,14922,0.86,1.11,-0.25,-0.68,True,14672,0.84,1.33,-0.48,-0.88,True,-0.020000000000000018,0.21999999999999997,-0.22999999999999998,14.0,579.0,0.0241796200345423,126.0
101108,Chris Paul,15516,0.96,1.23,-0.26,1.57,True,15407,1.7,0.87,0.83,1.92,True,0.74,-0.36,1.0899999999999999,7.0,473.0,0.014799154334038,146.0
203897,Zach LaVine,18726,1.15,1.42,-0.27,-0.04,True,18383,1.18,1.3,-0.12,0.37,True,0.030000000000000027,-0.11999999999999988,0.15000000000000002,55.0,1057.0,0.0520340586565752,530.0
1627747,Caris LeVert,21696,0.72,1.02,-0.3,0.46,True,21398,1.36,0.6,0.76,0.74,True,0.6400000000000001,-0.42000000000000004,1.06,46.0,861.0,0.0534262485481997,476.0
1641890,Tyler Smith,1028,0.17,0.47,-0.3,0.56,False,1002,0.5,0.15,0.35,0.51,False,0.32999999999999996,-0.31999999999999995,0.6499999999999999,1.0,45.0,0.0222222222222222,14.0
201976,Patrick Beverley,6564,0.02,0.33,-0.31,-0.27,True,6532,0.35,0.04,0.32,-0.34,True,0.32999999999999996,-0.29000000000000004,0.63,11.0,174.0,0.0632183908045977,105.0
202066,Garrett Temple,2013,-1.15,-0.82,-0.32,-0.13,False,1894,-1.46,-0.42,-1.04,-0.23,False,-0.31000000000000005,0.39999999999999997,-0.72,0.0,51.0,0.0,43.0
1628966,Keita Bates-Diop,2526,-0.37,-0.03,-0.33,-0.04,False,2413,-0.71,0.01,-0.73,0.09,False,-0.33999999999999997,0.04,-0.39999999999999997,8.0,72.0,0.1111111111111111,42.0
1631204,Marcus Sasser,10682,0.73,1.08,-0.35,-0.05,True,10343,0.25,1.66,-1.41,0.05,True,-0.48,0.5799999999999998,-1.06,13.0,436.0,0.0298165137614678,135.0
1641810,Antonio Reeves,2573,0.59,0.99,-0.4,-0.6,False,2472,0.3,1.05,-0.75,-0.45,False,-0.29,0.06000000000000005,-0.35,5.0,123.0,0.040650406504065,35.0
1629312,Haywood Highsmith,13611,-1.09,-0.69,-0.4,-0.44,True,13404,-1.5,-0.39,-1.11,-0.6,True,-0.4099999999999999,0.29999999999999993,-0.7100000000000001,11.0,365.0,0.0301369863013698,87.0
1627741,Buddy Hield,21406,0.8,1.21,-0.41,0.58,True,20937,0.21,1.59,-1.39,0.72,True,-0.5900000000000001,0.3800000000000001,-0.98,12.0,905.0,0.0132596685082872,176.0
1628995,Kevin Knox II,2832,0.2,0.62,-0.42,-0.8,False,2641,-0.1,0.61,-0.71,-0.88,False,-0.30000000000000004,-0.010000000000000009,-0.29,6.0,112.0,0.0535714285714285,35.0
1642484,RayJ Dennis,1124,-0.93,-0.51,-0.42,-0.08,False,1026,-1.1,-0.27,-0.83,-0.19,False,-0.17000000000000004,0.24,-0.41,0.0,37.0,0.0,11.0
1630530,Trey Murphy III,24139,0.43,0.85,-0.42,1.39,True,23799,0.42,0.23,0.19,1.78,True,-0.010000000000000009,-0.62,0.61,62.0,1168.0,0.0530821917808219,627.0
202692,Alec Burks,9057,0.53,0.96,-0.43,0.29,True,8925,0.44,1.14,-0.7,0.51,True,-0.09000000000000002,0.17999999999999994,-0.26999999999999996,18.0,352.0,0.0511363636363636,248.0
1628464,Daniel Theis,7038,-0.82,-0.36,-0.46,0.19,True,6902,-0.91,0.27,-1.18,-0.08,True,-0.09000000000000008,0.63,-0.72,7.0,218.0,0.0321100917431192,87.0
201568,Danilo Gallinari,2968,0.74,1.21,-0.46,0.04,False,2917,0.62,1.57,-0.95,0.12,False,-0.12,0.3600000000000001,-0.48999999999999994,6.0,87.0,0.0689655172413793,102.0
1629645,Kevin Porter Jr.,11450,-1.67,-1.19,-0.48,0.57,True,11273,-0.95,-1.82,0.87,0.84,True,0.72,-0.6300000000000001,1.35,35.0,551.0,0.0635208711433756,338.0
1629014,Anfernee Simons,20942,0.88,1.37,-0.48,-0.21,True,20424,0.37,1.91,-1.54,-0.05,True,-0.51,0.5399999999999998,-1.06,47.0,1124.0,0.041814946619217,449.0
1629027,Trae Young,22329,3.38,3.86,-0.48,1.68,True,21861,3.88,3.82,0.05,2.31,True,0.5,-0.040000000000000036,0.53,84.0,1080.0,0.0777777777777777,1065.0
1630696,Dru Smith,6592,-2.59,-2.1,-0.49,2.19,True,6386,-2.44,-2.41,-0.03,2.43,True,0.1499999999999999,-0.31000000000000005,0.45999999999999996,13.0,181.0,0.0718232044198895,119.0
1642273,Kyshawn George,12984,-0.48,0.07,-0.55,-0.11,True,12729,-0.39,-0.11,-0.27,-0.25,True,0.08999999999999997,-0.18,0.28,26.0,456.0,0.0570175438596491,224.0
1642353,Cam Christie,1663,-1.66,-1.12,-0.55,-1.31,False,1612,-1.81,-1.4,-0.41,-1.21,False,-0.15000000000000013,-0.2799999999999998,0.14000000000000007,5.0,62.0,0.0806451612903225,54.0
1629022,Lonnie Walker IV,6063,-0.09,0.47,-0.56,0.03,True,5890,-0.45,0.59,-1.03,0.22,True,-0.36,0.12,-0.47,9.0,297.0,0.0303030303030303,89.0
1642885,Mohamed Diawara,2305,-0.55,0.01,-0.56,-0.73,False,2193,-0.36,-0.32,-0.04,-0.74,False,0.19000000000000006,-0.33,0.52,2.0,93.0,0.021505376344086,24.0
1627788,Furkan Korkmaz,1203,-0.4,0.17,-0.57,-0.41,False,1164,-0.19,0.03,-0.22,-0.15,False,0.21000000000000002,-0.14,0.35,6.0,30.0,0.2,20.0
1642862,Liam McNeeley,1396,0.73,1.32,-0.59,-0.94,False,1339,0.76,1.62,-0.86,-1.25,False,0.030000000000000027,0.30000000000000004,-0.27,3.0,38.0,0.0789473684210526,39.0
1642878,Tyrese Proctor,2028,0.43,1.03,-0.59,0.23,False,1930,0.73,0.82,-0.09,0.25,False,0.3,-0.21000000000000008,0.5,5.0,93.0,0.053763440860215,47.0
1641732,Colby Jones,2425,-1.79,-1.19,-0.61,-0.38,False,2293,-2.16,-0.93,-1.22,-0.52,False,-0.3700000000000001,0.2599999999999999,-0.61,4.0,88.0,0.0454545454545454,46.0
201942,DeMar DeRozan,32325,0.75,1.37,-0.62,0.58,True,31756,1.6,1.09,0.51,1.02,True,0.8500000000000001,-0.28,1.13,178.0,1773.0,0.1003948110547095,1484.0
1628975,Jevon Carter,8688,-0.16,0.48,-0.63,-0.01,True,8449,0.27,0.38,-0.11,0.12,True,0.43000000000000005,-0.09999999999999998,0.52,3.0,317.0,0.0094637223974763,36.0
1641715,Cam Whitmore,9161,0.37,1.0,-0.63,0.83,True,8949,-0.42,1.48,-1.91,1.11,True,-0.79,0.48,-1.2799999999999998,23.0,468.0,0.0491452991452991,215.0
1629003,Shake Milton,5717,0.0,0.63,-0.63,-1.0,True,5489,-0.38,0.89,-1.26,-1.06,True,-0.38,0.26,-0.63,16.0,194.0,0.0824742268041237,114.0
1630531,Jaden Springer,3190,-1.12,-0.47,-0.65,-0.24,True,3047,-1.84,-0.46,-1.38,-0.5,True,-0.72,0.009999999999999953,-0.7299999999999999,4.0,96.0,0.0416666666666666,80.0
1630537,Chris Duarte,2917,-0.47,0.18,-0.65,-0.33,False,2839,-0.55,0.39,-0.93,-0.6,False,-0.08000000000000007,0.21000000000000002,-0.28,5.0,92.0,0.0543478260869565,41.0
1630604,E.J. Liddell,1415,0.31,0.96,-0.65,-0.18,False,1334,1.04,0.93,0.12,-0.53,False,0.73,-0.029999999999999916,0.77,3.0,63.0,0.0476190476190476,30.0
1631170,Jaime Jaquez Jr.,24125,0.2,0.86,-0.66,-0.31,True,23806,0.67,0.54,0.13,-0.16,True,0.47000000000000003,-0.31999999999999995,0.79,71.0,1040.0,0.0682692307692307,542.0
203084,Harrison Barnes,25949,0.53,1.19,-0.66,-0.23,True,25593,0.67,1.06,-0.39,-0.0,True,0.14,-0.1299999999999999,0.27,46.0,969.0,0.0474716202270381,535.0
1630583,Santi Aldama,19287,0.48,1.15,-0.67,1.11,True,18938,0.94,0.71,0.23,1.37,True,0.45999999999999996,-0.43999999999999995,0.9,48.0,809.0,0.0593325092707045,295.0
1631101,Shaedon Sharpe,19498,-0.11,0.56,-0.67,-0.55,True,19033,0.37,0.35,0.01,-0.37,True,0.48,-0.21000000000000008,0.68,80.0,1081.0,0.0740055504162812,566.0
1630243,Trevelin Queen,2145,-0.96,-0.28,-0.68,-0.09,False,2065,-1.42,-0.4,-1.02,-0.21,False,-0.45999999999999996,-0.12,-0.33999999999999997,3.0,70.0,0.0428571428571428,33.0
1642869,Noah Penda,2745,-0.21,0.48,-0.69,-0.13,False,2747,-0.65,0.78,-1.43,-0.41,False,-0.44000000000000006,0.30000000000000004,-0.74,6.0,82.0,0.073170731707317,48.0
1630219,Skylar Mays,1629,-0.13,0.56,-0.69,0.08,False,1545,-0.43,0.53,-0.97,0.26,False,-0.3,-0.030000000000000027,-0.28,2.0,63.0,0.0317460317460317,17.0
1630245,Ayo Dosunmu,23394,-0.07,0.63,-0.7,0.29,True,22909,-0.52,1.07,-1.6,0.51,True,-0.45,0.44000000000000006,-0.9000000000000001,49.0,1024.0,0.0478515625,356.0
1642261,Dalton Knecht,8187,1.2,1.91,-0.72,-0.48,True,7975,1.02,1.76,-0.73,-0.46,True,-0.17999999999999994,-0.1499999999999999,-0.010000000000000009,8.0,349.0,0.0229226361031518,108.0
1630224,Jalen Green,21038,-0.63,0.12,-0.75,-0.34,True,20623,-0.11,-0.42,0.3,-0.01,True,0.52,-0.54,1.05,92.0,1451.0,0.0634045485871812,819.0
203937,Kyle Anderson,16017,-2.62,-1.85,-0.76,0.16,True,15683,-3.03,-1.98,-1.06,0.26,True,-0.4099999999999997,-0.1299999999999999,-0.30000000000000004,28.0,480.0,0.0583333333333333,290.0
1628365,Markelle Fultz,5037,-0.83,-0.06,-0.77,-1.33,True,4884,-1.03,-0.47,-0.56,-1.34,True,-0.20000000000000007,-0.41,0.20999999999999996,9.0,204.0,0.0441176470588235,43.0
1631213,Tyrese Martin,8712,-0.55,0.24,-0.79,-1.28,True,8446,-1.12,1.1,-2.22,-1.4,True,-0.5700000000000001,0.8600000000000001,-1.4300000000000002,7.0,298.0,0.023489932885906,86.0
1641741,Ricky Council IV,5807,0.8,1.59,-0.79,-0.47,True,5744,0.91,1.6,-0.69,-0.39,True,0.10999999999999999,0.010000000000000009,0.10000000000000009,25.0,231.0,0.1082251082251082,224.0
202704,Reggie Jackson,9809,-0.68,0.11,-0.79,-0.75,True,9662,-0.89,0.46,-1.35,-0.76,True,-0.20999999999999996,0.35000000000000003,-0.56,9.0,394.0,0.0228426395939086,109.0
1628998,Cody Martin,7979,-1.59,-0.78,-0.81,-0.52,True,7787,-1.55,-1.11,-0.44,-0.51,True,0.040000000000000036,-0.33000000000000007,0.37000000000000005,6.0,220.0,0.0272727272727272,100.0
201145,Jeff Green,4310,-0.63,0.19,-0.82,-0.64,True,4162,-1.28,0.77,-2.06,-0.67,True,-0.65,0.5800000000000001,-1.2400000000000002,20.0,254.0,0.0787401574803149,180.0
1626204,Larry Nance Jr.,9840,-1.2,-0.39,-0.82,0.51,True,9673,-1.51,-0.58,-0.92,0.44,True,-0.31000000000000005,-0.18999999999999995,-0.10000000000000009,12.0,280.0,0.0428571428571428,93.0
1628381,John Collins,20496,-0.41,0.41,-0.82,0.72,True,20141,-0.49,0.26,-0.75,0.75,True,-0.08000000000000002,-0.14999999999999997,0.06999999999999995,77.0,1041.0,0.073967339097022,503.0
1631288,Jamal Cain,4997,-0.15,0.68,-0.82,-0.28,True,4966,-0.48,1.07,-1.55,-0.44,True,-0.32999999999999996,0.39,-0.7300000000000001,13.0,188.0,0.0691489361702127,130.0
1641824,Matas Buzelis,15817,-1.37,-0.54,-0.83,0.85,True,15495,-1.58,-0.81,-0.77,1.09,True,-0.20999999999999996,-0.27,0.05999999999999994,34.0,698.0,0.0487106017191977,346.0
1642874,Danny Wolf,4447,-1.6,-0.76,-0.84,-0.68,True,4343,-2.27,-0.5,-1.77,-1.06,True,-0.6699999999999999,0.26,-0.93,5.0,178.0,0.0280898876404494,109.0
1631113,Kennedy Chandler,1433,0.94,1.79,-0.85,0.24,False,1344,1.22,1.96,-0.74,0.65,False,0.28,0.16999999999999993,0.10999999999999999,8.0,61.0,0.1311475409836065,43.0
1630579,Jericho Sims,9777,0.16,1.01,-0.85,-1.67,True,9511,-0.58,1.5,-2.09,-2.06,True,-0.74,0.49,-1.2399999999999998,17.0,236.0,0.0720338983050847,115.0
1630175,Cole Anthony,15353,-0.15,0.71,-0.85,-0.44,True,15005,-0.24,1.15,-1.39,-0.62,True,-0.09,0.43999999999999995,-0.5399999999999999,31.0,677.0,0.0457902511078286,370.0
1630311,Pat Spencer,6092,0.24,1.1,-0.85,-0.43,True,5819,-0.22,1.51,-1.73,-0.38,True,-0.45999999999999996,0.4099999999999999,-0.88,7.0,245.0,0.0285714285714285,75.0
1642461,Spencer Jones,6028,-1.13,-0.27,-0.86,-0.36,True,5909,-1.64,-0.03,-1.61,-0.7,True,-0.51,0.24000000000000002,-0.7500000000000001,2.0,156.0,0.0128205128205128,59.0
1630542,Marcus Bagley,1044,-1.68,-0.79,-0.89,0.16,False,1025,-2.29,-0.99,-1.3,0.04,False,-0.6100000000000001,-0.19999999999999996,-0.41000000000000003,0.0,27.0,0.0,10.0
203501,Tim Hardaway Jr.,28844,1.6,2.5,-0.9,-0.34,True,28129,1.92,2.96,-1.05,-0.13,True,0.31999999999999984,0.45999999999999996,-0.15000000000000002,60.0,1081.0,0.0555041628122109,552.0
201569,Eric Gordon,11019,0.38,1.28,-0.91,-0.37,True,10852,1.41,0.1,1.31,-0.05,True,1.0299999999999998,-1.18,2.22,12.0,382.0,0.031413612565445,122.0
1631466,Nate Williams,1888,0.15,1.06,-0.91,-0.92,False,1800,-0.11,1.43,-1.54,-1.1,False,-0.26,0.3699999999999999,-0.63,4.0,97.0,0.0412371134020618,36.0
200768,Kyle Lowry,10167,-1.36,-0.44,-0.92,-0.3,True,9913,-1.03,-0.7,-0.33,-0.42,True,0.33000000000000007,-0.25999999999999995,0.5900000000000001,6.0,219.0,0.0273972602739726,129.0
1641869,Malachi Smith,1374,0.03,0.96,-0.93,-0.14,False,1321,0.11,0.8,-0.69,0.09,False,0.08,-0.15999999999999992,0.2400000000000001,4.0,48.0,0.0833333333333333,8.0
1630192,Zeke Nnaji,8019,-1.59,-0.65,-0.94,0.27,True,7781,-1.68,-0.4,-1.28,0.07,True,-0.08999999999999986,0.25,-0.3400000000000001,12.0,215.0,0.055813953488372,165.0
1630314,Brandon Williams,8318,-0.07,0.88,-0.95,0.61,True,8037,0.48,0.72,-0.24,1.02,True,0.55,-0.16000000000000003,0.71,38.0,409.0,0.0929095354523227,387.0
1643018,LJ Cryer,1163,0.44,1.4,-0.96,-0.92,False,1130,0.72,1.59,-0.87,-1.11,False,0.27999999999999997,0.19000000000000017,0.08999999999999997,2.0,47.0,0.0425531914893617,19.0
1628415,Dillon Brooks,25700,0.07,1.03,-0.97,-0.85,True,25156,0.56,0.75,-0.18,-1.01,True,0.49000000000000005,-0.28,0.79,42.0,1197.0,0.0350877192982456,506.0
1641757,Jordan Miller,6444,0.48,1.46,-0.98,-0.29,True,6245,1.03,1.68,-0.66,-0.01,True,0.55,0.21999999999999997,0.31999999999999995,12.0,278.0,0.0431654676258992,214.0
1630346,Matt Ryan,1595,-0.73,0.26,-0.99,-1.25,False,1547,-1.04,0.44,-1.48,-1.26,False,-0.31000000000000005,0.18,-0.49,2.0,59.0,0.0338983050847457,16.0
1641778,Leaky Black,2684,-0.87,0.12,-0.99,-0.56,False,2612,-0.91,-0.36,-0.55,-0.59,False,-0.040000000000000036,-0.48,0.43999999999999995,1.0,65.0,0.0153846153846153,23.0
1630699,MarJon Beauchamp,3617,-0.69,0.31,-1.0,-0.75,True,3454,-0.53,0.54,-1.07,-0.79,True,0.15999999999999992,0.23000000000000004,-0.07000000000000006,2.0,142.0,0.0140845070422535,69.0
203458,Alex Len,3317,-2.13,-1.14,-1.0,0.28,True,3196,-2.12,-1.41,-0.71,-0.16,True,0.009999999999999787,-0.27,0.29000000000000004,5.0,82.0,0.0609756097560975,51.0
1628470,Torrey Craig,5437,-0.0,1.01,-1.01,0.08,True,5332,-0.26,0.85,-1.11,-0.27,True,-0.26,-0.16000000000000003,-0.10000000000000009,6.0,148.0,0.0405405405405405,48.0
1630553,Keon Johnson,6225,-1.31,-0.28,-1.03,-0.95,True,6076,-1.65,0.17,-1.82,-1.24,True,-0.33999999999999986,0.45000000000000007,-0.79,13.0,311.0,0.0418006430868167,151.0
1641707,Taylor Hendricks,7833,-0.46,0.57,-1.03,0.41,True,7757,-0.94,0.41,-1.34,0.36,True,-0.4799999999999999,-0.15999999999999998,-0.31000000000000005,22.0,275.0,0.08,105.0
1641816,Hunter Tyson,2112,-1.69,-0.65,-1.04,-0.58,False,2113,-2.29,-0.43,-1.86,-1.01,False,-0.6000000000000001,0.22000000000000003,-0.8200000000000001,4.0,72.0,0.0555555555555555,47.0
1630550,JT Thor,3755,-1.35,-0.31,-1.04,-1.13,True,3587,-1.91,-0.19,-1.72,-1.34,True,-0.5599999999999998,0.12,-0.6799999999999999,2.0,105.0,0.019047619047619,42.0
1630173,Precious Achiuwa,19213,-0.77,0.27,-1.05,0.06,True,18538,-1.43,0.41,-1.84,-0.05,True,-0.6599999999999999,0.13999999999999996,-0.79,38.0,742.0,0.0512129380053908,337.0
1631232,Keion Brooks Jr.,1191,-0.72,0.33,-1.06,-0.15,False,1160,-1.17,0.88,-2.04,-0.15,False,-0.44999999999999996,0.55,-0.98,4.0,53.0,0.0754716981132075,30.0
1629216,Gabe Vincent,12327,-0.05,1.01,-1.06,-1.39,True,12040,-0.4,1.43,-1.83,-1.68,True,-0.35000000000000003,0.41999999999999993,-0.77,2.0,275.0,0.0072727272727272,51.0
1641748,Andre Jackson Jr.,7405,-0.41,0.66,-1.07,-1.5,True,7222,-1.0,1.01,-2.0,-2.03,True,-0.5900000000000001,0.35,-0.9299999999999999,4.0,188.0,0.0212765957446808,67.0
1627752,Taurean Prince,20141,0.28,1.38,-1.1,-0.77,True,19762,0.18,1.49,-1.3,-0.71,True,-0.10000000000000003,0.1100000000000001,-0.19999999999999996,15.0,588.0,0.0255102040816326,130.0
1629642,Nassir Little,1897,-1.06,0.04,-1.11,-0.29,False,1823,-1.4,-0.13,-1.27,-0.36,False,-0.33999999999999986,-0.17,-0.15999999999999992,3.0,60.0,0.05,20.0
203488,Mike Muscala,2358,-1.03,0.08,-1.11,-1.29,False,2304,-1.11,0.01,-1.13,-1.71,False,-0.08000000000000007,-0.07,-0.019999999999999796,1.0,56.0,0.0178571428571428,25.0
1630574,Ariel Hukporti,2509,-2.06,-0.93,-1.12,-1.35,False,2339,-3.09,-0.77,-2.32,-1.95,False,-1.0299999999999998,0.16000000000000003,-1.1999999999999997,5.0,73.0,0.0684931506849315,63.0
1642277,Johnny Furphy,3961,-1.19,-0.06,-1.13,-0.77,True,3992,-1.27,-0.43,-0.84,-1.08,True,-0.08000000000000007,-0.37,0.2899999999999999,9.0,106.0,0.0849056603773584,58.0
1631342,Daeqwon Plowden,3580,0.83,1.96,-1.14,-0.31,True,3392,0.72,2.35,-1.63,-0.47,True,-0.10999999999999999,0.3900000000000001,-0.49,10.0,136.0,0.0735294117647058,51.0
201565,Derrick Rose,1499,-0.75,0.4,-1.14,-1.24,False,1496,-0.76,0.19,-0.95,-1.11,False,-0.010000000000000009,-0.21000000000000002,0.18999999999999995,3.0,76.0,0.0394736842105263,27.0
203095,Evan Fournier,2277,-2.3,-1.15,-1.15,-0.59,False,2243,-2.8,-0.95,-1.84,-0.62,False,-0.5,0.19999999999999996,-0.6900000000000002,3.0,79.0,0.0379746835443038,36.0
1630209,Omer Yurtseven,2498,-0.99,0.18,-1.16,-0.81,False,2360,-1.81,0.65,-2.47,-1.28,False,-0.8200000000000001,0.47000000000000003,-1.3100000000000003,5.0,110.0,0.0454545454545454,46.0
1626192,Pat Connaughton,11102,-0.56,0.61,-1.17,-0.5,True,10954,-1.31,1.3,-2.61,-0.48,True,-0.75,0.6900000000000001,-1.44,13.0,285.0,0.0456140350877193,113.0
202691,Klay Thompson,23593,-0.75,0.43,-1.18,0.22,True,23245,-0.98,0.31,-1.29,0.53,True,-0.22999999999999998,-0.12,-0.1100000000000001,22.0,1137.0,0.0193491644678979,258.0
1631108,Max Christie,21417,-0.94,0.25,-1.19,-0.79,True,20909,-0.69,0.06,-0.76,-0.57,True,0.25,-0.19,0.42999999999999994,28.0,675.0,0.0414814814814814,337.0
1642848,Tre Johnson,5335,-0.68,0.52,-1.2,-1.05,True,5207,-0.89,0.44,-1.33,-1.04,True,-0.20999999999999996,-0.08000000000000002,-0.13000000000000012,6.0,271.0,0.022140221402214,87.0
1642920,Kobe Sanders,5123,-0.38,0.82,-1.2,-1.13,True,4998,-0.14,0.73,-0.87,-1.27,True,0.24,-0.08999999999999997,0.32999999999999996,13.0,179.0,0.0726256983240223,69.0
1631216,Caleb Houstan,6250,-0.54,0.68,-1.22,-0.67,True,6032,-0.58,0.93,-1.5,-0.93,True,-0.039999999999999925,0.25,-0.28,3.0,177.0,0.0169491525423728,46.0
1627824,Guerschon Yabusele,11715,-0.51,0.73,-1.23,-0.13,True,11425,-0.51,0.89,-1.4,-0.31,True,0.0,0.16000000000000003,-0.16999999999999993,19.0,407.0,0.0466830466830466,210.0
1641767,Ben Sheppard,15853,-0.07,1.18,-1.24,-0.55,True,15548,-0.26,1.4,-1.66,-0.75,True,-0.19,0.21999999999999997,-0.41999999999999993,16.0,433.0,0.0369515011547344,117.0
1641787,Tosan Evbuomwan,4151,-1.55,-0.3,-1.25,-1.33,True,4051,-1.92,-0.15,-1.77,-1.47,True,-0.3699999999999999,0.15,-0.52,7.0,130.0,0.0538461538461538,98.0
1630639,A.J. Lawson,4086,-0.11,1.14,-1.25,0.37,True,3857,0.21,0.56,-0.36,0.37,True,0.32,-0.5799999999999998,0.89,9.0,176.0,0.0511363636363636,108.0
202330,Gordon Hayward,5244,-0.62,0.64,-1.26,-0.98,True,5128,-0.82,0.89,-1.7,-0.76,True,-0.19999999999999996,0.25,-0.43999999999999995,16.0,187.0,0.0855614973262032,120.0
1629643,Chuma Okeke,2118,-0.56,0.71,-1.27,-0.69,False,2077,-0.71,0.61,-1.32,-0.78,False,-0.1499999999999999,-0.09999999999999998,-0.050000000000000044,2.0,63.0,0.0317460317460317,11.0
1630534,Ochai Agbaji,16866,-1.52,-0.24,-1.28,-0.83,True,16467,-1.78,-0.07,-1.71,-0.89,True,-0.26,0.16999999999999998,-0.42999999999999994,21.0,566.0,0.0371024734982332,147.0
1641774,Tristan Vukcevic,5367,-1.41,-0.12,-1.29,1.61,True,5166,-0.79,-0.74,-0.06,1.68,True,0.6199999999999999,-0.62,1.23,26.0,301.0,0.0863787375415282,200.0
1627749,Dejounte Murray,17060,0.72,2.01,-1.29,0.87,True,16671,1.52,1.63,-0.12,1.28,True,0.8,-0.3799999999999999,1.17,47.0,954.0,0.0492662473794549,431.0
1631107,Nikola Jović,10958,-1.81,-0.5,-1.3,-0.02,True,10839,-1.6,-0.78,-0.82,0.05,True,0.20999999999999996,-0.28,0.4800000000000001,26.0,443.0,0.0586907449209932,248.0
1628970,Miles Bridges,28827,0.68,2.01,-1.33,0.17,True,28205,1.16,1.77,-0.61,0.42,True,0.47999999999999987,-0.23999999999999977,0.7200000000000001,96.0,1507.0,0.0637027206370272,718.0
1642263,Reed Sheppard,12130,-0.7,0.64,-1.33,1.38,True,11893,-0.54,0.22,-0.76,1.72,True,0.15999999999999992,-0.42000000000000004,0.5700000000000001,10.0,518.0,0.0193050193050193,106.0
1629614,Andrew Nembhard,25943,-0.66,0.68,-1.34,-0.13,True,25508,-0.52,0.67,-1.19,0.04,True,0.14,-0.010000000000000009,0.15000000000000013,43.0,1047.0,0.041069723018147,498.0
1629028,Deandre Ayton,20570,-1.66,-0.32,-1.35,-0.04,True,20273,-2.01,-0.29,-1.72,-0.03,True,-0.34999999999999987,0.030000000000000027,-0.3699999999999999,35.0,1141.0,0.0306748466257668,293.0
1630533,Ziaire Williams,15774,-2.03,-0.67,-1.36,-0.43,True,15485,-2.53,-0.3,-2.23,-0.5,True,-0.5,0.37000000000000005,-0.8699999999999999,27.0,548.0,0.0492700729927007,338.0
1631209,Isaiah Wong,1161,-1.47,-0.08,-1.39,-1.58,False,1130,-1.62,-0.18,-1.44,-1.78,False,-0.15000000000000013,-0.09999999999999999,-0.050000000000000044,2.0,42.0,0.0476190476190476,34.0
201959,Taj Gibson,3231,-2.69,-1.26,-1.43,-1.41,True,3150,-2.99,-0.95,-2.04,-2.08,True,-0.30000000000000027,0.31000000000000005,-0.6100000000000001,1.0,74.0,0.0135135135135135,30.0
1629012,Collin Sexton,21802,1.26,2.7,-1.43,0.74,True,21356,2.01,2.39,-0.38,1.03,True,0.7499999999999998,-0.31000000000000005,1.0499999999999998,105.0,1282.0,0.0819032761310452,876.0
1630658,Colin Castleton,1875,-1.34,0.14,-1.48,-1.33,False,1832,-2.22,0.23,-2.45,-1.95,False,-0.8800000000000001,0.09,-0.9700000000000002,5.0,57.0,0.087719298245614,45.0
1642419,Jamison Battle,6246,-0.34,1.15,-1.49,-0.27,True,6045,-0.67,1.24,-1.91,-0.41,True,-0.33,0.09000000000000008,-0.41999999999999993,3.0,234.0,0.0128205128205128,32.0
1642502,Malevy Leons,1094,-0.81,0.68,-1.49,-0.47,False,1042,-1.83,0.95,-2.78,-0.94,False,-1.02,0.2699999999999999,-1.2899999999999998,2.0,32.0,0.0625,23.0
1629640,Keldon Johnson,25698,0.1,1.61,-1.51,0.45,True,25449,-0.09,2.03,-2.12,0.51,True,-0.19,0.4199999999999997,-0.6100000000000001,86.0,1242.0,0.0692431561996779,652.0
1642258,Zaccharie Risacher,14117,-1.29,0.24,-1.53,-0.0,True,13815,-1.51,0.82,-2.32,-0.0,True,-0.21999999999999997,0.58,-0.7899999999999998,28.0,606.0,0.0462046204620462,239.0
1629677,Luka Samanic,1450,-1.46,0.09,-1.55,-1.76,False,1354,-1.85,0.16,-2.01,-1.98,False,-0.3900000000000001,0.07,-0.45999999999999974,10.0,60.0,0.1666666666666666,56.0
1630560,Cam Thomas,14963,2.05,3.62,-1.57,-0.69,True,14736,1.93,3.84,-1.92,-0.49,True,-0.11999999999999988,0.21999999999999975,-0.34999999999999987,73.0,914.0,0.0798687089715536,654.0
1629656,Quentin Grimes,21719,-0.66,0.92,-1.58,-0.13,True,21267,-0.57,0.77,-1.35,0.01,True,0.09000000000000008,-0.15000000000000002,0.22999999999999998,52.0,869.0,0.0598388952819332,512.0
1631207,Dalen Terry,9150,-1.96,-0.36,-1.6,-0.09,True,8750,-1.89,-0.5,-1.38,-0.2,True,0.07000000000000006,-0.14,0.2200000000000002,18.0,261.0,0.0689655172413793,149.0
1630536,Sharife Cooper,2668,0.21,1.81,-1.6,-0.71,False,2597,0.12,1.53,-1.41,-0.61,False,-0.09,-0.28,0.19000000000000017,8.0,127.0,0.0629921259842519,60.0
1630695,Micah Potter,7097,-0.95,0.66,-1.61,0.37,True,6939,-0.55,-0.04,-0.51,0.33,True,0.3999999999999999,-0.7000000000000001,1.1,10.0,227.0,0.0440528634361233,129.0
203493,Reggie Bullock Jr.,1709,-1.23,0.4,-1.63,-0.78,False,1648,-1.3,0.27,-1.57,-0.86,False,-0.07000000000000006,-0.13,0.05999999999999983,1.0,34.0,0.0294117647058823,1.0
203552,Seth Curry,7623,-0.85,0.79,-1.64,-0.45,True,7476,-0.67,0.41,-1.08,-0.31,True,0.17999999999999994,-0.38000000000000006,0.5599999999999998,13.0,268.0,0.0485074626865671,82.0
1641736,Reece Beekman,1849,-2.11,-0.47,-1.64,-1.48,False,1774,-2.69,-0.3,-2.39,-1.6,False,-0.5800000000000001,0.16999999999999998,-0.7500000000000002,2.0,35.0,0.0571428571428571,21.0
1642954,Will Richard,5267,-0.97,0.7,-1.67,0.19,True,5182,-1.08,0.94,-2.01,0.11,True,-0.1100000000000001,0.24,-0.33999999999999986,7.0,162.0,0.0432098765432098,54.0
1631111,Wendell Moore Jr.,2148,-1.75,-0.06,-1.7,-0.94,False,2101,-2.05,-0.02,-2.03,-0.88,False,-0.2999999999999998,0.039999999999999994,-0.32999999999999985,4.0,75.0,0.0533333333333333,24.0
203114,Khris Middleton,16624,0.43,2.14,-1.7,0.3,True,16395,1.08,1.83,-0.75,0.44,True,0.6500000000000001,-0.31000000000000005,0.95,35.0,759.0,0.0461133069828722,370.0
1626162,Kelly Oubre Jr.,24974,-0.29,1.42,-1.71,-0.29,True,24487,-0.31,1.83,-2.14,-0.29,True,-0.020000000000000018,0.41000000000000014,-0.43000000000000016,85.0,1068.0,0.0795880149812734,600.0
1630201,Malachi Flynn,4097,-1.11,0.61,-1.72,-0.09,True,3985,-1.21,1.09,-2.3,0.01,True,-0.09999999999999987,0.4800000000000001,-0.5799999999999998,6.0,141.0,0.0425531914893617,77.0
201566,Russell Westbrook,25196,-0.68,1.04,-1.72,0.32,True,24743,-0.69,1.15,-1.84,0.47,True,-0.009999999999999898,0.10999999999999988,-0.1200000000000001,56.0,1097.0,0.0510483135824977,629.0
1628972,Troy Brown Jr.,3141,-0.99,0.74,-1.73,-1.43,True,3091,-1.67,1.02,-2.69,-1.5,True,-0.6799999999999999,0.28,-0.96,1.0,84.0,0.0119047619047619,37.0
200782,P.J. Tucker,2034,-1.33,0.41,-1.74,-2.0,False,2020,-1.96,0.69,-2.65,-2.72,False,-0.6299999999999999,0.27999999999999997,-0.9099999999999999,1.0,25.0,0.04,3.0
1629673,Jordan Poole,21918,-0.81,0.95,-1.76,0.19,True,21524,-0.65,1.14,-1.79,0.27,True,0.16000000000000003,0.18999999999999995,-0.030000000000000027,63.0,1112.0,0.0566546762589928,607.0
203903,Jordan Clarkson,16175,0.07,1.85,-1.77,-0.82,True,15967,0.82,0.94,-0.12,-0.75,True,0.75,-0.9100000000000001,1.65,46.0,810.0,0.0567901234567901,457.0
1630625,Dalano Banton,8442,-1.38,0.41,-1.79,-0.33,True,8260,-0.97,-0.09,-0.88,-0.16,True,0.4099999999999999,-0.5,0.91,28.0,405.0,0.0691358024691358,249.0
1630570,Trendon Watford,10677,-0.89,0.9,-1.79,-0.67,True,10352,-1.15,0.76,-1.91,-0.84,True,-0.2599999999999999,-0.14,-0.11999999999999988,39.0,473.0,0.0824524312896406,304.0
1641723,Kobe Bufkin,1633,-1.63,0.16,-1.79,-0.88,False,1624,-2.27,0.09,-2.36,-1.05,False,-0.6400000000000001,-0.07,-0.5699999999999998,4.0,67.0,0.0597014925373134,38.0
1627759,Jaylen Brown,32763,0.26,2.05,-1.8,0.46,True,32132,1.0,1.67,-0.66,0.7,True,0.74,-0.3799999999999999,1.1400000000000001,166.0,2207.0,0.0752152242863615,1373.0
1630204,Ashton Hagans,1086,-2.1,-0.29,-1.81,-2.01,False,1083,-1.96,-0.08,-1.88,-2.45,False,0.14000000000000012,0.20999999999999996,-0.06999999999999984,1.0,29.0,0.0344827586206896,17.0
1626179,Terry Rozier,14493,-1.17,0.66,-1.83,-0.27,True,14309,-1.52,0.64,-2.16,-0.09,True,-0.3500000000000001,-0.020000000000000018,-0.33000000000000007,28.0,690.0,0.0405797101449275,306.0
1629670,Jordan Nwora,2595,-1.3,0.53,-1.83,0.17,False,2501,-1.31,0.5,-1.8,0.39,False,-0.010000000000000009,-0.030000000000000027,0.030000000000000027,9.0,138.0,0.0652173913043478,53.0
1630231,KJ Martin,5860,-1.23,0.61,-1.85,-1.48,True,5788,-1.22,0.62,-1.84,-1.81,True,0.010000000000000009,0.010000000000000009,0.010000000000000009,16.0,208.0,0.0769230769230769,88.0
202693,Markieff Morris,1397,-1.28,0.61,-1.88,-1.51,False,1255,-1.72,0.87,-2.59,-1.65,False,-0.43999999999999995,0.26,-0.71,0.0,45.0,0.0,12.0
203952,Andrew Wiggins,24496,-0.88,1.02,-1.9,0.52,True,24110,-0.2,0.22,-0.42,0.71,True,0.6799999999999999,-0.8,1.48,61.0,1135.0,0.0537444933920704,618.0
1627863,Danuel House Jr.,1946,-1.62,0.29,-1.91,-1.72,False,1854,-1.66,0.57,-2.23,-1.91,False,-0.039999999999999813,0.27999999999999997,-0.32000000000000006,8.0,47.0,0.1702127659574468,46.0
1630703,Scoot Henderson,17629,-0.07,1.88,-1.95,-1.39,True,17220,0.02,1.86,-1.84,-1.56,True,0.09000000000000001,-0.019999999999999796,0.10999999999999988,36.0,765.0,0.0470588235294117,518.0
203914,Gary Harris,10810,-1.38,0.58,-1.96,-1.01,True,10565,-0.64,0.13,-0.77,-1.12,True,0.7399999999999999,-0.44999999999999996,1.19,6.0,239.0,0.0251046025104602,68.0
1626196,Josh Richardson,5051,-0.85,1.13,-1.98,-0.88,True,4924,-1.16,1.78,-2.94,-0.93,True,-0.30999999999999994,0.6500000000000001,-0.96,5.0,165.0,0.0303030303030303,58.0
1643007,Taelon Peter,1938,-1.61,0.37,-1.98,-0.15,False,1830,-1.7,0.29,-1.99,-0.12,False,-0.08999999999999986,-0.08000000000000002,-0.010000000000000009,1.0,60.0,0.0166666666666666,16.0
1631172,Ousmane Dieng,7619,-1.73,0.25,-1.99,-0.89,True,7217,-2.11,0.59,-2.7,-0.9,True,-0.3799999999999999,0.33999999999999997,-0.7100000000000002,10.0,276.0,0.036231884057971,79.0
1630264,Anthony Gill,6791,-0.87,1.11,-1.99,-0.35,True,6493,-0.93,1.1,-2.03,-0.42,True,-0.06000000000000005,-0.010000000000000009,-0.039999999999999813,13.0,253.0,0.0513833992094861,132.0
1642847,Jeremiah Fears,8507,-0.57,1.43,-2.0,-0.15,True,8289,-0.35,1.33,-1.68,0.13,True,0.21999999999999997,-0.09999999999999987,0.32000000000000006,31.0,437.0,0.0709382151029748,246.0
1631250,Pete Nance,3172,0.1,2.11,-2.01,-0.62,True,2993,0.93,1.63,-0.7,-0.79,False,0.8300000000000001,-0.48,1.3099999999999998,1.0,115.0,0.008695652173913,15.0
1641713,GG Jackson,11571,-0.58,1.45,-2.03,-0.04,True,11373,-0.38,1.21,-1.6,0.17,True,0.19999999999999996,-0.24,0.4299999999999997,36.0,570.0,0.0631578947368421,344.0
1642274,Yves Missi,13413,-1.0,1.03,-2.03,0.12,True,13201,-1.57,1.0,-2.58,-0.05,True,-0.5700000000000001,-0.030000000000000027,-0.5500000000000003,34.0,429.0,0.0792540792540792,306.0
1631126,Caleb Love,4190,0.02,2.05,-2.03,-0.59,True,4123,-0.03,2.44,-2.48,-0.46,True,-0.05,0.3900000000000001,-0.4500000000000002,1.0,190.0,0.0052631578947368,49.0
1630527,Brandon Boston,3977,-1.92,0.12,-2.04,-0.48,True,3915,-1.28,-0.34,-0.94,-0.44,True,0.6399999999999999,-0.46,1.1,5.0,233.0,0.0214592274678111,120.0
203924,Jerami Grant,20715,-0.11,1.94,-2.05,-0.28,True,20444,0.42,1.73,-1.31,-0.09,True,0.53,-0.20999999999999996,0.7399999999999998,76.0,943.0,0.080593849416755,818.0
1630165,Killian Hayes,6289,-1.67,0.39,-2.06,-0.42,True,6046,-1.32,0.32,-1.64,-0.28,True,0.34999999999999987,-0.07,0.42000000000000015,8.0,177.0,0.0451977401129943,90.0
1626145,Tyus Jones,19949,-0.39,1.68,-2.07,0.88,True,19586,-0.82,1.3,-2.12,1.35,True,-0.42999999999999994,-0.3799999999999999,-0.050000000000000266,10.0,712.0,0.0140449438202247,108.0
1641730,Noah Clowney,12809,-0.32,1.77,-2.09,-0.72,True,12509,-0.07,1.4,-1.47,-0.91,True,0.25,-0.3700000000000001,0.6199999999999999,25.0,433.0,0.0577367205542725,334.0
1630526,Jeremiah Robinson-Earl,7404,-0.08,2.01,-2.1,-0.37,True,7275,-0.41,1.84,-2.25,-0.54,True,-0.32999999999999996,-0.1699999999999997,-0.1499999999999999,10.0,241.0,0.0414937759336099,91.0
1631121,Bryce McGowens,6928,0.18,2.3,-2.11,-0.89,True,6697,0.84,2.27,-1.42,-0.93,True,0.6599999999999999,-0.029999999999999805,0.69,20.0,219.0,0.091324200913242,186.0
1629629,Cam Reddish,6058,-1.88,0.23,-2.11,-1.27,True,5928,-1.74,-0.14,-1.6,-1.26,True,0.1399999999999999,-0.37,0.5099999999999998,6.0,129.0,0.0465116279069767,80.0
1629669,Jaylen Nowell,1490,-1.37,0.76,-2.12,-2.0,False,1484,-1.4,0.72,-2.12,-2.18,False,-0.029999999999999805,-0.040000000000000036,0.0,2.0,60.0,0.0333333333333333,20.0
1631093,Jaden Ivey,15104,-0.66,1.46,-2.12,-0.62,True,14868,-0.91,1.62,-2.53,-0.59,True,-0.25,0.16000000000000014,-0.4099999999999997,51.0,721.0,0.0707350901525658,466.0
1629610,DaQuan Jeffries,4330,-0.32,1.83,-2.14,-1.28,True,4279,-0.75,2.35,-3.1,-1.54,True,-0.43,0.52,-0.96,3.0,138.0,0.0217391304347826,37.0
1631097,Bennedict Mathurin,23168,-1.38,0.76,-2.14,-0.65,True,22736,-1.23,1.32,-2.54,-0.57,True,0.1499999999999999,0.56,-0.3999999999999999,97.0,1046.0,0.0927342256214149,995.0
1631124,Julian Strawther,11582,-1.37,0.76,-2.14,-0.63,True,11450,-1.81,1.6,-3.41,-0.7,True,-0.43999999999999995,0.8400000000000001,-1.27,16.0,458.0,0.0349344978165938,204.0
1642882,Julian Reese,1588,-1.37,0.77,-2.15,-1.02,False,1544,-1.72,1.09,-2.82,-1.39,False,-0.34999999999999987,0.32000000000000006,-0.6699999999999999,4.0,63.0,0.0634920634920634,44.0
1631303,Justin Minaya,1645,-2.22,-0.04,-2.18,-1.98,False,1574,-2.81,0.07,-2.88,-2.63,False,-0.5899999999999999,0.11000000000000001,-0.6999999999999997,1.0,30.0,0.0333333333333333,11.0
1630544,Tre Mann,7823,-1.13,1.06,-2.19,-0.94,True,7509,-1.83,1.38,-3.22,-0.97,True,-0.7000000000000002,0.31999999999999984,-1.0300000000000002,16.0,324.0,0.0493827160493827,107.0
1630545,Terrence Shannon Jr,4484,0.23,2.44,-2.21,-0.86,True,4279,0.14,2.58,-2.43,-0.89,True,-0.09,0.14000000000000012,-0.2200000000000002,13.0,183.0,0.0710382513661202,127.0
1641765,Olivier-Maxence Prosper,7453,-1.38,0.85,-2.23,0.74,True,7120,-1.58,0.98,-2.55,0.87,True,-0.20000000000000018,0.13,-0.31999999999999984,26.0,302.0,0.086092715231788,231.0
1631166,Drew Timme,1689,-0.97,1.27,-2.24,-1.26,False,1672,-0.93,1.04,-1.97,-1.46,False,0.039999999999999925,-0.22999999999999998,0.27000000000000024,5.0,83.0,0.0602409638554216,25.0
1630235,Trent Forrest,1593,-1.22,1.04,-2.25,-2.08,False,1507,-1.64,0.99,-2.63,-2.13,False,-0.41999999999999993,-0.050000000000000044,-0.3799999999999999,1.0,34.0,0.0294117647058823,17.0
1631115,Orlando Robinson,4254,-1.24,1.02,-2.26,-0.46,True,4149,-0.99,1.1,-2.1,-0.99,True,0.25,0.08000000000000007,0.1599999999999997,5.0,155.0,0.032258064516129,95.0
1630548,Johnny Juzang,6595,-0.83,1.45,-2.28,-0.15,True,6411,-0.28,0.96,-1.24,-0.29,True,0.5499999999999999,-0.49,1.0399999999999998,8.0,271.0,0.029520295202952,75.0
1630556,Kessler Edwards,3028,-0.96,1.32,-2.29,-0.19,True,2841,-1.34,1.2,-2.54,-0.33,False,-0.3800000000000001,-0.1200000000000001,-0.25,2.0,101.0,0.0198019801980198,22.0
1643016,Bez Mbeng,1963,-2.02,0.28,-2.3,-0.02,False,1886,-2.29,0.36,-2.65,0.1,False,-0.27,0.07999999999999996,-0.3500000000000001,3.0,50.0,0.06,25.0
1642275,Tidjane Salaün,4691,-3.57,-1.28,-2.3,-1.4,True,4579,-4.0,-0.82,-3.18,-1.67,True,-0.43000000000000016,0.4600000000000001,-0.8800000000000003,12.0,194.0,0.0618556701030927,134.0
1630702,Jaden Hardy,11796,-1.14,1.16,-2.3,-1.02,True,11402,-1.17,1.56,-2.72,-1.04,True,-0.030000000000000027,0.40000000000000013,-0.4200000000000004,22.0,586.0,0.0375426621160409,252.0
1628997,Caleb Martin,15135,-2.42,-0.11,-2.32,-1.23,True,14856,-2.7,-0.14,-2.55,-1.32,True,-0.28000000000000025,-0.030000000000000013,-0.22999999999999998,26.0,476.0,0.0546218487394958,263.0
1630172,Patrick Williams,17210,-2.35,-0.01,-2.34,-0.96,True,16909,-2.82,-0.16,-2.66,-0.89,True,-0.46999999999999975,-0.15,-0.3200000000000003,20.0,542.0,0.03690036900369,224.0
1628971,Bruce Brown,20071,-1.13,1.22,-2.34,-0.92,True,19682,-1.16,0.73,-1.89,-0.94,True,-0.030000000000000027,-0.49,0.44999999999999996,41.0,671.0,0.0611028315946348,342.0
1631223,David Roddy,6724,-1.18,1.16,-2.34,-1.26,True,6551,-1.23,1.15,-2.38,-1.3,True,-0.050000000000000044,-0.010000000000000009,-0.040000000000000036,11.0,237.0,0.0464135021097046,101.0
1641998,Trey Jemison III,2669,-2.83,-0.46,-2.37,-1.88,False,2611,-3.55,-0.13,-3.41,-2.51,False,-0.7199999999999998,0.33,-1.04,6.0,122.0,0.0491803278688524,59.0
203901,Elfrid Payton,2006,-3.22,-0.84,-2.38,-1.93,False,1922,-3.54,-0.75,-2.79,-1.8,False,-0.31999999999999984,0.08999999999999997,-0.41000000000000014,1.0,40.0,0.025,7.0
1630623,Tyson Etienne,1940,-0.36,2.02,-2.38,-0.5,False,1865,-0.42,2.81,-3.23,-0.84,False,-0.06,0.79,-0.8500000000000001,4.0,75.0,0.0533333333333333,46.0
1631104,Blake Wesley,7629,-1.61,0.78,-2.39,-0.73,True,7411,-1.8,0.91,-2.71,-0.59,True,-0.18999999999999995,0.13,-0.31999999999999984,19.0,239.0,0.0794979079497908,188.0
1641711,Gradey Dick,15333,-1.65,0.74,-2.39,-0.91,True,14947,-1.57,0.43,-2.0,-0.92,True,0.07999999999999985,-0.31,0.3900000000000001,16.0,615.0,0.0260162601626016,294.0
203471,Dennis Schröder,20931,-1.59,0.81,-2.4,-0.44,True,20507,-1.64,1.24,-2.87,-0.33,True,-0.04999999999999982,0.42999999999999994,-0.4700000000000002,50.0,1052.0,0.0475285171102661,674.0
203109,Jae Crowder,5037,-1.03,1.4,-2.43,-1.05,True,4938,-1.38,1.4,-2.78,-1.17,True,-0.34999999999999987,0.0,-0.34999999999999964,1.0,124.0,0.0080645161290322,44.0
1630587,Isaiah Livers,3437,-1.4,1.04,-2.44,-1.7,True,3266,-1.84,1.38,-3.23,-2.06,True,-0.44000000000000017,0.33999999999999986,-0.79,1.0,62.0,0.0161290322580645,30.0
1641731,Bilal Coulibaly,20821,-1.63,0.81,-2.44,-0.54,True,20395,-1.16,0.89,-2.05,-0.47,True,0.47,0.07999999999999996,0.3900000000000001,59.0,681.0,0.0866372980910425,493.0
1642852,Derik Queen,8644,-1.08,1.4,-2.48,0.47,True,8437,-0.57,1.09,-1.66,0.55,True,0.5100000000000001,-0.30999999999999983,0.8200000000000001,26.0,354.0,0.0734463276836158,273.0
203995,Vasilije Micic,5919,-2.63,-0.13,-2.5,-2.2,True,5660,-2.56,-0.12,-2.44,-2.21,True,0.06999999999999984,0.010000000000000009,0.06000000000000005,11.0,254.0,0.0433070866141732,116.0
1626224,Cedi Osman,5695,-0.62,1.91,-2.52,-0.03,True,5522,-0.62,1.72,-2.34,0.02,True,0.0,-0.18999999999999995,0.18000000000000016,10.0,184.0,0.0543478260869565,52.0
1642964,Brooks Barnhizer,1151,-2.53,-0.0,-2.53,-1.78,False,1078,-3.22,-0.06,-3.16,-2.1,False,-0.6900000000000004,-0.06,-0.6300000000000003,4.0,27.0,0.1481481481481481,10.0
1641733,Nick Smith Jr.,9436,-2.09,0.48,-2.57,-2.03,True,9131,-3.31,1.25,-4.56,-2.12,True,-1.2200000000000002,0.77,-1.9899999999999998,6.0,411.0,0.0145985401459854,78.0
1630208,Nick Richards,14917,-1.59,1.0,-2.59,-0.46,True,14538,-1.65,1.22,-2.87,-0.7,True,-0.05999999999999983,0.21999999999999997,-0.28000000000000025,43.0,568.0,0.0757042253521126,440.0
1642846,Ace Bailey,7787,-1.34,1.24,-2.59,-0.18,True,7579,-1.31,1.14,-2.45,-0.28,True,0.030000000000000027,-0.10000000000000009,0.13999999999999968,7.0,395.0,0.0177215189873417,88.0
1641729,Brice Sensabaugh,15455,-0.38,2.21,-2.59,-0.23,True,15133,-0.07,2.7,-2.77,-0.11,True,0.31,0.4900000000000002,-0.18000000000000016,45.0,754.0,0.059681697612732,315.0
1629139,Yuta Watanabe,1865,-1.76,0.84,-2.6,-2.21,False,1769,-1.85,0.56,-2.42,-2.52,False,-0.09000000000000008,-0.2799999999999999,0.18000000000000016,1.0,41.0,0.024390243902439,17.0
1641727,Dariq Whitehead,1824,-0.78,1.83,-2.6,-1.38,False,1771,-0.78,2.28,-3.07,-1.48,False,0.0,0.44999999999999973,-0.46999999999999975,2.0,77.0,0.0259740259740259,14.0
1631174,Tyler Burton,1198,-1.45,1.22,-2.67,-0.85,False,1206,-1.2,1.06,-2.26,-1.08,False,0.25,-0.15999999999999992,0.41000000000000014,5.0,42.0,0.119047619047619,27.0
1631110,Jeremy Sochan,16162,-1.25,1.43,-2.68,-0.36,True,15884,-1.87,1.66,-3.53,-0.49,True,-0.6200000000000001,0.22999999999999998,-0.8499999999999996,33.0,662.0,0.0498489425981873,303.0
1630557,Corey Kispert,19929,-0.77,1.93,-2.7,-0.28,True,19538,-0.57,2.09,-2.66,-0.13,True,0.20000000000000007,0.15999999999999992,0.040000000000000036,48.0,829.0,0.0579010856453558,345.0
1642265,Rob Dillingham,5828,-2.62,0.1,-2.73,-1.41,True,5568,-2.86,0.26,-3.12,-1.41,True,-0.23999999999999977,0.16,-0.3900000000000001,9.0,259.0,0.0347490347490347,72.0
1631241,Javon Freeman-Liberty,1559,-1.57,1.19,-2.76,-1.74,False,1523,-1.3,1.31,-2.6,-1.82,False,0.27,0.1200000000000001,0.1599999999999997,1.0,55.0,0.0181818181818181,36.0
203078,Bradley Beal,14722,-1.41,1.37,-2.77,-0.13,True,14496,-1.13,1.22,-2.35,0.06,True,0.28,-0.15000000000000013,0.41999999999999993,24.0,766.0,0.031331592689295,284.0
202687,Bismack Biyombo,5227,-1.88,0.9,-2.78,-1.66,True,5066,-2.01,0.95,-2.96,-1.97,True,-0.1299999999999999,0.04999999999999993,-0.18000000000000016,8.0,153.0,0.0522875816993464,86.0
202711,Bojan Bogdanovic,5127,-0.45,2.36,-2.82,-1.25,True,4946,-0.45,2.53,-2.98,-1.12,True,0.0,0.16999999999999993,-0.16000000000000014,15.0,316.0,0.0474683544303797,156.0
1642942,Jahmai Mashack,2637,-2.39,0.44,-2.84,-1.78,False,2604,-2.22,0.64,-2.87,-1.96,False,0.16999999999999993,0.2,-0.03000000000000025,3.0,77.0,0.0389610389610389,35.0
1629651,Nic Claxton,23131,-2.88,-0.04,-2.84,0.48,True,22714,-2.89,-0.4,-2.49,0.48,True,-0.010000000000000231,-0.36000000000000004,0.34999999999999964,71.0,1019.0,0.0696761530912659,579.0
1642354,KJ Simpson,4278,-2.43,0.45,-2.88,-1.74,True,4140,-2.66,0.47,-3.13,-1.89,True,-0.22999999999999998,0.019999999999999962,-0.25,7.0,138.0,0.0507246376811594,68.0
1642358,AJ Johnson,3780,-1.63,1.27,-2.9,-2.49,True,3683,-2.11,1.87,-3.99,-2.65,True,-0.48,0.6000000000000001,-1.0900000000000003,7.0,139.0,0.0503597122302158,77.0
1629599,Amir Coffey,14330,-0.97,1.93,-2.9,-1.15,True,14057,-0.52,1.27,-1.78,-1.12,True,0.44999999999999996,-0.6599999999999999,1.1199999999999999,28.0,468.0,0.0598290598290598,228.0
1630610,DeJon Jarreau,1424,-2.82,0.09,-2.91,-1.33,False,1459,-2.88,-0.15,-2.73,-1.7,False,-0.06000000000000005,-0.24,0.18000000000000016,4.0,50.0,0.08,34.0
202694,Marcus Morris Sr.,3588,-1.58,1.36,-2.94,-1.37,True,3540,-1.44,1.17,-2.62,-1.53,True,0.14000000000000012,-0.19000000000000017,0.31999999999999984,5.0,138.0,0.036231884057971,47.0
1631098,Johnny Davis,3122,-2.89,0.11,-3.0,-1.42,True,2916,-2.81,0.28,-3.09,-1.56,False,0.08000000000000007,0.17000000000000004,-0.08999999999999986,1.0,94.0,0.0106382978723404,39.0
1642880,Kam Jones,2481,-1.31,1.72,-3.03,-1.44,False,2424,-1.54,1.75,-3.29,-1.45,False,-0.22999999999999998,0.030000000000000027,-0.26000000000000023,0.0,68.0,0.0,8.0
1642849,Nolan Traore,4754,-1.85,1.2,-3.05,-2.29,True,4669,-1.88,1.26,-3.14,-2.44,True,-0.029999999999999805,0.06000000000000005,-0.0900000000000003,7.0,182.0,0.0384615384615384,94.0
1629018,Gary Trent Jr.,21749,0.74,3.78,-3.05,-0.25,True,21310,0.87,3.76,-2.89,-0.06,True,0.13,-0.020000000000000018,0.1599999999999997,31.0,859.0,0.0360884749708963,250.0
1642355,Bronny James,1633,-1.88,1.21,-3.09,-1.33,False,1563,-2.02,0.75,-2.76,-1.35,False,-0.14000000000000012,-0.45999999999999996,0.33000000000000007,1.0,73.0,0.0136986301369863,21.0
1641722,Jordan Hawkins,12366,-1.14,2.03,-3.17,-1.09,True,12109,-1.21,2.31,-3.52,-1.0,True,-0.07000000000000006,0.28000000000000025,-0.3500000000000001,7.0,475.0,0.0147368421052631,205.0
1642348,Justin Edwards,8779,0.13,3.3,-3.18,-0.35,True,8540,0.07,2.85,-2.78,-0.41,True,-0.06,-0.44999999999999973,0.40000000000000036,8.0,326.0,0.0245398773006134,92.0
1641738,Kobe Brown,5861,-0.37,2.86,-3.23,-0.62,True,5610,-1.07,3.56,-4.63,-0.85,True,-0.7000000000000001,0.7000000000000002,-1.4,7.0,204.0,0.034313725490196,69.0
1642383,Walter Clayton Jr.,5535,-0.15,3.07,-3.23,-0.71,True,5482,0.1,2.41,-2.3,-0.7,True,0.25,-0.6599999999999997,0.9300000000000002,11.0,177.0,0.0621468926553672,121.0
1629667,Jalen McDaniels,1776,-2.98,0.27,-3.25,-2.44,False,1780,-3.28,-0.04,-3.25,-2.77,False,-0.2999999999999998,-0.31,0.0,5.0,65.0,0.0769230769230769,37.0
1641720,Jalen Hood-Schifino,1539,-1.64,1.66,-3.3,-2.59,False,1504,-1.98,1.85,-3.83,-2.81,False,-0.3400000000000001,0.19000000000000017,-0.5300000000000002,1.0,47.0,0.0212765957446808,41.0
1642875,Maxime Raynaud,7988,-0.89,2.61,-3.5,-0.43,True,7621,-0.6,2.28,-2.89,-0.47,True,0.29000000000000004,-0.33000000000000007,0.6099999999999999,18.0,383.0,0.0469973890339425,168.0
1642367,Jonathan Mogbo,6177,-3.43,0.08,-3.51,-0.3,True,5924,-3.34,0.15,-3.49,-0.55,True,0.0900000000000003,0.06999999999999999,0.019999999999999574,14.0,184.0,0.0760869565217391,96.0
1641721,Maxwell Lewis,1463,-2.85,0.75,-3.6,-2.74,False,1437,-3.09,0.56,-3.65,-3.13,False,-0.23999999999999977,-0.18999999999999995,-0.04999999999999982,0.0,49.0,0.0,13.0
1641712,Rayan Rupert,7762,-2.75,0.93,-3.68,-1.84,True,7550,-3.81,1.71,-5.52,-2.18,True,-1.06,0.7799999999999999,-1.8399999999999994,8.0,235.0,0.0340425531914893,109.0
1630164,James Wiseman,4684,-2.56,1.14,-3.71,-1.04,True,4606,-2.57,1.36,-3.93,-1.46,True,-0.009999999999999787,0.2200000000000002,-0.2200000000000002,18.0,195.0,0.0923076923076923,106.0
1642860,Will Riley,6503,-0.83,2.89,-3.72,-0.83,True,6220,-0.67,2.36,-3.03,-0.66,True,0.15999999999999992,-0.5300000000000002,0.6900000000000004,20.0,271.0,0.07380073800738,180.0
1641724,Jett Howard,5427,-0.68,3.05,-3.73,-0.9,True,5287,-0.09,3.11,-3.19,-1.15,True,0.5900000000000001,0.06000000000000005,0.54,6.0,217.0,0.0276497695852534,66.0
1642262,Cody Williams,10896,-2.46,1.37,-3.82,-2.03,True,10709,-2.89,1.53,-4.42,-2.17,True,-0.43000000000000016,0.15999999999999992,-0.6000000000000001,14.0,321.0,0.043613707165109,159.0
1641718,Keyonte George,23043,0.61,4.44,-3.83,-0.53,True,22720,1.24,4.04,-2.8,-0.27,True,0.63,-0.40000000000000036,1.0300000000000002,94.0,1080.0,0.087037037037037,886.0
202397,Ish Smith,3020,-2.21,1.76,-3.97,-3.39,True,2921,-2.62,2.28,-4.91,-3.48,False,-0.41000000000000014,0.5199999999999998,-0.94,0.0,66.0,0.0,4.0
1631103,Malaki Branham,8972,-2.24,1.76,-4.0,-1.4,True,8722,-2.85,1.36,-4.21,-1.31,True,-0.6099999999999999,-0.3999999999999999,-0.20999999999999996,10.0,401.0,0.0249376558603491,130.0
1641878,Damion Baugh,1462,-3.09,1.01,-4.1,-2.69,False,1412,-3.47,0.87,-4.34,-2.93,False,-0.38000000000000034,-0.14,-0.2400000000000002,1.0,42.0,0.0238095238095238,15.0
203926,Doug McDermott,6564,-0.91,3.32,-4.23,-0.55,True,6259,-0.56,2.88,-3.44,-0.58,True,0.35,-0.43999999999999995,0.7900000000000005,1.0,232.0,0.0043103448275862,33.0
1628398,Kyle Kuzma,24890,-1.9,2.37,-4.26,-0.8,True,24471,-2.18,2.03,-4.21,-0.68,True,-0.28000000000000025,-0.3400000000000003,0.04999999999999982,84.0,1329.0,0.0632054176072234,634.0
1642268,Isaiah Collier,13183,-1.76,2.51,-4.27,-0.83,True,12921,-2.15,2.44,-4.58,-0.69,True,-0.3899999999999999,-0.06999999999999984,-0.3100000000000005,36.0,489.0,0.0736196319018405,363.0
1641877,Nathan Mensah,1140,-4.46,-0.1,-4.36,-3.59,False,1095,-5.16,0.89,-6.05,-4.87,False,-0.7000000000000002,0.99,-1.6899999999999995,0.0,12.0,0.0,12.0
1641716,Jarace Walker,14539,-3.03,1.41,-4.44,-0.35,True,14187,-3.46,1.64,-5.1,-0.22,True,-0.43000000000000016,0.22999999999999998,-0.6599999999999993,28.0,538.0,0.0520446096654275,268.0
1642267,Bub Carrington,19225,-1.27,3.54,-4.81,-1.17,True,18828,-2.14,3.76,-5.9,-1.2,True,-0.8700000000000001,0.21999999999999975,-1.0900000000000007,20.0,614.0,0.0325732899022801,196.0
1642962,Drake Powell,5205,-3.68,1.99,-5.68,-2.28,True,5033,-3.15,1.45,-4.6,-2.42,True,0.5300000000000002,-0.54,1.08,5.0,144.0,0.0347222222222222,77.0
1642879,Ben Saraf,3491,-4.42,1.38,-5.8,-3.03,True,3385,-4.47,1.07,-5.53,-3.26,True,-0.04999999999999982,-0.30999999999999983,0.2699999999999996,7.0,120.0,0.0583333333333333,88.0
