player_id,player_name,hc_ppp_rs,hc_pctile_rs,hc_poss_rs,hc_reliance_rs,hc_ppp_po,hc_poss_po,rs_to_po_delta,spotup_ppp_rs,spotup_pctile_rs,translation_read,caveat,source
1628983,Shai Gilgeous-Alexander,1.061,0.861,5010,0.626,1.001,1124,-0.06,1.019,0.763,slips,,"Synergy player play types (RS+PO 2023-24..2025-26, pooled)"
1630162,Anthony Edwards,0.961,0.691,4890,0.656,0.93,860,-0.031,1.11,0.668,neutral,,"Synergy player play types (RS+PO 2023-24..2025-26, pooled)"
1628973,Jalen Brunson,0.977,0.745,4842,0.683,0.976,1380,-0.001,1.21,0.726,neutral,,"Synergy player play types (RS+PO 2023-24..2025-26, pooled)"
1629029,Luka Dončić,1.037,0.779,4578,0.709,0.93,787,-0.107,1.039,0.765,slips,,"Synergy player play types (RS+PO 2023-24..2025-26, pooled)"
1630595,Cade Cunningham,0.926,0.586,4519,0.65,0.851,503,-0.075,0.986,0.681,slips,,"Synergy player play types (RS+PO 2023-24..2025-26, pooled)"
203999,Nikola Jokić,0.959,0.753,4386,0.52,0.922,720,-0.037,1.138,0.507,neutral,,"Synergy player play types (RS+PO 2023-24..2025-26, pooled)"
201935,James Harden,0.968,0.697,4316,0.675,0.949,607,-0.019,1.062,0.675,neutral,,"Synergy player play types (RS+PO 2023-24..2025-26, pooled)"
1627750,Jamal Murray,1.004,0.685,4262,0.637,0.908,721,-0.096,1.007,0.637,slips,,"Synergy player play types (RS+PO 2023-24..2025-26, pooled)"
1626164,Devin Booker,0.972,0.668,4219,0.595,0.851,87,-0.121,1.124,0.474,slips,,"Synergy player play types (RS+PO 2023-24..2025-26, pooled)"
1630578,Alperen Sengun,0.919,0.513,4038,0.549,0.929,212,0.011,1.05,0.218,neutral,,"Synergy player play types (RS+PO 2023-24..2025-26, pooled)"
201942,DeMar DeRozan,1.059,0.724,3863,0.641,,0,,1.003,0.588,insufficient_po_sample,PO half-court poss=0 (< 50),"Synergy player play types (RS+PO 2023-24..2025-26, pooled)"
201142,Kevin Durant,0.954,0.665,3845,0.557,1.172,58,0.218,1.156,0.683,holds_up,,"Synergy player play types (RS+PO 2023-24..2025-26, pooled)"
1631094,Paolo Banchero,0.91,0.487,3823,0.553,0.819,430,-0.092,0.986,0.539,slips,,"Synergy player play types (RS+PO 2023-24..2025-26, pooled)"
1630178,Tyrese Maxey,0.932,0.68,3802,0.608,0.997,336,0.065,1.099,0.651,holds_up,,"Synergy player play types (RS+PO 2023-24..2025-26, pooled)"
1628368,De'Aaron Fox,0.944,0.636,3773,0.556,0.91,278,-0.033,1.061,0.377,neutral,,"Synergy player play types (RS+PO 2023-24..2025-26, pooled)"
1630224,Jalen Green,0.891,0.581,3745,0.64,0.942,139,0.052,1.027,0.491,holds_up,,"Synergy player play types (RS+PO 2023-24..2025-26, pooled)"
1627759,Jaylen Brown,0.949,0.601,3690,0.544,0.962,691,0.013,1.03,0.439,neutral,,"Synergy player play types (RS+PO 2023-24..2025-26, pooled)"
201939,Stephen Curry,1.013,0.665,3681,0.622,1.097,134,0.084,1.148,0.581,holds_up,,"Synergy player play types (RS+PO 2023-24..2025-26, pooled)"
1626157,Karl-Anthony Towns,0.934,0.439,3662,0.522,0.915,796,-0.02,1.096,0.54,neutral,,"Synergy player play types (RS+PO 2023-24..2025-26, pooled)"
1628378,Donovan Mitchell,0.959,0.741,3635,0.599,1.012,779,0.052,1.122,0.514,holds_up,,"Synergy player play types (RS+PO 2023-24..2025-26, pooled)"
1628369,Jayson Tatum,0.957,0.687,3541,0.687,0.929,729,-0.028,1.058,0.749,neutral,,"Synergy player play types (RS+PO 2023-24..2025-26, pooled)"
1628969,Mikal Bridges,0.915,0.49,3513,0.565,0.833,437,-0.083,1.043,0.551,slips,,"Synergy player play types (RS+PO 2023-24..2025-26, pooled)"
1629027,Trae Young,0.946,0.585,3462,0.686,,0,,1.071,0.477,insufficient_po_sample,PO half-court poss=0 (< 50),"Synergy player play types (RS+PO 2023-24..2025-26, pooled)"
1630559,Austin Reaves,0.967,0.686,3434,0.642,0.81,253,-0.157,1.127,0.764,slips,,"Synergy player play types (RS+PO 2023-24..2025-26, pooled)"
1641718,Keyonte George,0.933,0.474,3332,0.603,,0,,1.09,0.538,insufficient_po_sample,PO half-court poss=0 (< 50),"Synergy player play types (RS+PO 2023-24..2025-26, pooled)"
1641705,Victor Wembanyama,0.892,0.488,3323,0.51,0.859,290,-0.033,0.989,0.612,neutral,,"Synergy player play types (RS+PO 2023-24..2025-26, pooled)"
1628401,Derrick White,0.944,0.609,3231,0.524,0.937,457,-0.007,1.06,0.764,neutral,,"Synergy player play types (RS+PO 2023-24..2025-26, pooled)"
203944,Julius Randle,0.931,0.442,3203,0.531,0.914,372,-0.017,1.043,0.377,neutral,,"Synergy player play types (RS+PO 2023-24..2025-26, pooled)"
1628389,Bam Adebayo,0.89,0.512,3190,0.473,1.104,115,0.214,1.004,0.624,holds_up,,"Synergy player play types (RS+PO 2023-24..2025-26, pooled)"
1627783,Pascal Siakam,0.978,0.555,3135,0.468,0.98,496,0.002,1.041,0.501,neutral,,"Synergy player play types (RS+PO 2023-24..2025-26, pooled)"
1630567,Scottie Barnes,0.878,0.534,3132,0.483,0.958,119,0.08,0.98,0.471,holds_up,,"Synergy player play types (RS+PO 2023-24..2025-26, pooled)"
203497,Rudy Gobert,0.872,0.606,3082,0.519,0.909,549,0.037,0.861,0.857,holds_up,,"Synergy player play types (RS+PO 2023-24..2025-26, pooled)"
203507,Giannis Antetokounmpo,0.97,0.622,2917,0.473,1.057,87,0.087,0.964,0.504,holds_up,,"Synergy player play types (RS+PO 2023-24..2025-26, pooled)"
1629636,Darius Garland,0.956,0.577,2909,0.638,0.983,299,0.027,1.108,0.476,neutral,,"Synergy player play types (RS+PO 2023-24..2025-26, pooled)"
1629014,Anfernee Simons,0.965,0.566,2905,0.647,,0,,1.106,0.603,insufficient_po_sample,PO half-court poss=0 (< 50),"Synergy player play types (RS+PO 2023-24..2025-26, pooled)"
2544,LeBron James,0.93,0.554,2885,0.486,0.902,264,-0.028,1.017,0.611,neutral,,"Synergy player play types (RS+PO 2023-24..2025-26, pooled)"
202695,Kawhi Leonard,0.992,0.732,2862,0.58,0.867,60,-0.126,1.16,0.66,slips,,"Synergy player play types (RS+PO 2023-24..2025-26, pooled)"
1630532,Franz Wagner,0.915,0.611,2845,0.553,0.886,264,-0.029,0.993,0.34,neutral,,"Synergy player play types (RS+PO 2023-24..2025-26, pooled)"
1628991,Jaren Jackson Jr.,0.916,0.567,2800,0.498,0.844,45,-0.072,1.045,0.554,insufficient_po_sample,PO half-court poss=45 (< 50),"Synergy player play types (RS+PO 2023-24..2025-26, pooled)"
203471,Dennis Schröder,0.882,0.481,2794,0.667,0.815,184,-0.067,1.134,0.49,slips,,"Synergy player play types (RS+PO 2023-24..2025-26, pooled)"
203468,CJ McCollum,0.94,0.663,2777,0.563,0.818,148,-0.122,1.105,0.593,slips,,"Synergy player play types (RS+PO 2023-24..2025-26, pooled)"
1629673,Jordan Poole,0.932,0.473,2766,0.6,,0,,1.014,0.423,insufficient_po_sample,PO half-court poss=0 (< 50),"Synergy player play types (RS+PO 2023-24..2025-26, pooled)"
1630217,Desmond Bane,0.946,0.572,2758,0.538,0.818,110,-0.128,1.095,0.589,slips,,"Synergy player play types (RS+PO 2023-24..2025-26, pooled)"
1629632,Coby White,0.937,0.502,2748,0.536,,0,,1.088,0.461,insufficient_po_sample,PO half-court poss=0 (< 50),"Synergy player play types (RS+PO 2023-24..2025-26, pooled)"
1630166,Deni Avdija,0.934,0.553,2735,0.496,0.943,87,0.008,1.073,0.578,neutral,,"Synergy player play types (RS+PO 2023-24..2025-26, pooled)"
1630163,LaMelo Ball,0.938,0.545,2715,0.612,,0,,1.068,0.513,insufficient_po_sample,PO half-court poss=0 (< 50),"Synergy player play types (RS+PO 2023-24..2025-26, pooled)"
1627826,Ivica Zubac,0.926,0.573,2707,0.518,0.945,199,0.019,1.106,0.341,neutral,,"Synergy player play types (RS+PO 2023-24..2025-26, pooled)"
203081,Damian Lillard,0.987,0.767,2705,0.693,0.934,106,-0.053,1.079,0.639,slips,,"Synergy player play types (RS+PO 2023-24..2025-26, pooled)"
1631114,Jalen Williams,0.9,0.722,2686,0.637,0.918,596,0.018,1.0,0.703,neutral,,"Synergy player play types (RS+PO 2023-24..2025-26, pooled)"
1629639,Tyler Herro,0.974,0.574,2685,0.616,0.994,172,0.02,1.147,0.586,neutral,,"Synergy player play types (RS+PO 2023-24..2025-26, pooled)"
1628970,Miles Bridges,0.932,0.459,2679,0.46,,0,,1.011,0.589,insufficient_po_sample,PO half-court poss=0 (< 50),"Synergy player play types (RS+PO 2023-24..2025-26, pooled)"
1627742,Brandon Ingram,0.93,0.624,2660,0.575,0.838,99,-0.092,1.106,0.445,slips,,"Synergy player play types (RS+PO 2023-24..2025-26, pooled)"
201572,Brook Lopez,0.917,0.502,2649,0.524,1.08,75,0.163,1.08,0.598,holds_up,,"Synergy player play types (RS+PO 2023-24..2025-26, pooled)"
1641706,Brandon Miller,0.904,0.525,2625,0.572,,0,,1.087,0.632,insufficient_po_sample,PO half-court poss=0 (< 50),"Synergy player play types (RS+PO 2023-24..2025-26, pooled)"
1630202,Payton Pritchard,0.96,0.615,2620,0.565,0.902,266,-0.057,1.158,0.691,slips,,"Synergy player play types (RS+PO 2023-24..2025-26, pooled)"
1629638,Nickeil Alexander-Walker,0.863,0.561,2592,0.497,0.897,262,0.034,1.161,0.621,holds_up,,"Synergy player play types (RS+PO 2023-24..2025-26, pooled)"
203076,Anthony Davis,0.885,0.639,2569,0.49,0.944,90,0.06,1.014,0.253,holds_up,,"Synergy player play types (RS+PO 2023-24..2025-26, pooled)"
1630183,Jaden McDaniels,0.923,0.493,2562,0.454,0.886,483,-0.037,0.997,0.543,neutral,,"Synergy player play types (RS+PO 2023-24..2025-26, pooled)"
1641708,Amen Thompson,0.87,0.601,2531,0.5,1.015,135,0.144,0.869,0.513,holds_up,,"Synergy player play types (RS+PO 2023-24..2025-26, pooled)"
1628415,Dillon Brooks,0.97,0.499,2504,0.47,1.167,78,0.197,1.041,0.38,holds_up,,"Synergy player play types (RS+PO 2023-24..2025-26, pooled)"
1629627,Zion Williamson,0.98,0.613,2494,0.54,,0,,1.012,0.533,insufficient_po_sample,PO half-court poss=0 (< 50),"Synergy player play types (RS+PO 2023-24..2025-26, pooled)"
202691,Klay Thompson,0.943,0.563,2492,0.566,,0,,1.049,0.632,insufficient_po_sample,PO half-court poss=0 (< 50),"Synergy player play types (RS+PO 2023-24..2025-26, pooled)"
1629012,Collin Sexton,0.956,0.575,2475,0.58,,0,,1.159,0.708,insufficient_po_sample,PO half-court poss=0 (< 50),"Synergy player play types (RS+PO 2023-24..2025-26, pooled)"
202331,Paul George,0.972,0.634,2460,0.617,0.908,295,-0.063,1.123,0.751,slips,,"Synergy player play types (RS+PO 2023-24..2025-26, pooled)"
202699,Tobias Harris,0.908,0.572,2425,0.501,0.884,345,-0.024,1.074,0.612,neutral,,"Synergy player play types (RS+PO 2023-24..2025-26, pooled)"
1631101,Shaedon Sharpe,0.916,0.396,2403,0.559,0.727,11,-0.189,1.009,0.394,insufficient_po_sample,PO half-court poss=11 (< 50),"Synergy player play types (RS+PO 2023-24..2025-26, pooled)"
1630170,Devin Vassell,0.883,0.618,2394,0.518,0.796,225,-0.087,1.136,0.549,slips,,"Synergy player play types (RS+PO 2023-24..2025-26, pooled)"
1629628,RJ Barrett,0.92,0.467,2380,0.465,0.934,136,0.014,1.016,0.409,neutral,,"Synergy player play types (RS+PO 2023-24..2025-26, pooled)"
1627734,Domantas Sabonis,0.918,0.454,2379,0.452,,0,,1.051,0.529,insufficient_po_sample,PO half-court poss=0 (< 50),"Synergy player play types (RS+PO 2023-24..2025-26, pooled)"
1627832,Fred VanVleet,0.897,0.666,2357,0.72,1.235,81,0.338,0.985,0.525,holds_up,,"Synergy player play types (RS+PO 2023-24..2025-26, pooled)"
1630700,Dyson Daniels,0.874,0.578,2341,0.46,0.774,31,-0.1,0.981,0.319,insufficient_po_sample,PO half-court poss=31 (< 50),"Synergy player play types (RS+PO 2023-24..2025-26, pooled)"
1628978,Donte DiVincenzo,0.903,0.46,2316,0.504,0.863,234,-0.04,1.122,0.811,neutral,,"Synergy player play types (RS+PO 2023-24..2025-26, pooled)"
1631105,Jalen Duren,0.931,0.519,2314,0.467,0.81,179,-0.121,1.101,0.421,slips,,"Synergy player play types (RS+PO 2023-24..2025-26, pooled)"
1630169,Tyrese Haliburton,1.034,0.733,2300,0.611,0.958,642,-0.076,1.073,0.663,slips,,"Synergy player play types (RS+PO 2023-24..2025-26, pooled)"
1629614,Andrew Nembhard,0.924,0.521,2290,0.591,0.981,644,0.057,1.059,0.329,holds_up,,"Synergy player play types (RS+PO 2023-24..2025-26, pooled)"
202696,Nikola Vučević,0.903,0.551,2286,0.408,1.022,46,0.118,1.062,0.422,insufficient_po_sample,PO half-court poss=46 (< 50),"Synergy player play types (RS+PO 2023-24..2025-26, pooled)"
1628370,Malik Monk,0.886,0.561,2257,0.546,,0,,1.066,0.295,insufficient_po_sample,PO half-court poss=0 (< 50),"Synergy player play types (RS+PO 2023-24..2025-26, pooled)"
1629008,Michael Porter Jr.,0.952,0.563,2249,0.423,1.018,112,0.065,1.118,0.637,holds_up,,"Synergy player play types (RS+PO 2023-24..2025-26, pooled)"
1630703,Scoot Henderson,0.899,0.388,2227,0.588,0.969,32,0.07,1.052,0.473,insufficient_po_sample,PO half-court poss=32 (< 50),"Synergy player play types (RS+PO 2023-24..2025-26, pooled)"
1642264,Stephon Castle,0.848,0.424,2205,0.532,0.912,354,0.065,1.029,0.409,holds_up,,"Synergy player play types (RS+PO 2023-24..2025-26, pooled)"
203924,Jerami Grant,0.9,0.445,2200,0.551,1.389,18,0.488,1.122,0.652,insufficient_po_sample,PO half-court poss=18 (< 50),"Synergy player play types (RS+PO 2023-24..2025-26, pooled)"
1630596,Evan Mobley,0.884,0.517,2191,0.424,0.738,370,-0.146,1.008,0.406,slips,,"Synergy player play types (RS+PO 2023-24..2025-26, pooled)"
1630581,Josh Giddey,0.876,0.452,2190,0.434,0.308,13,-0.568,1.011,0.41,insufficient_po_sample,PO half-court poss=13 (< 50),"Synergy player play types (RS+PO 2023-24..2025-26, pooled)"
1630560,Cam Thomas,0.959,0.597,2168,0.711,,0,,1.161,0.673,insufficient_po_sample,PO half-court poss=0 (< 50),"Synergy player play types (RS+PO 2023-24..2025-26, pooled)"
1630193,Immanuel Quickley,0.964,0.64,2158,0.506,,0,,1.03,0.58,insufficient_po_sample,PO half-court poss=0 (< 50),"Synergy player play types (RS+PO 2023-24..2025-26, pooled)"
203954,Joel Embiid,0.991,0.647,2148,0.551,0.981,318,-0.01,1.047,0.712,neutral,,"Synergy player play types (RS+PO 2023-24..2025-26, pooled)"
1629675,Naz Reid,0.898,0.514,2134,0.439,1.012,248,0.114,1.055,0.498,holds_up,,"Synergy player play types (RS+PO 2023-24..2025-26, pooled)"
1628384,OG Anunoby,0.874,0.519,2122,0.415,1.003,399,0.129,1.06,0.53,holds_up,,"Synergy player play types (RS+PO 2023-24..2025-26, pooled)"
203952,Andrew Wiggins,0.935,0.441,2116,0.483,0.714,14,-0.22,1.078,0.54,insufficient_po_sample,PO half-court poss=14 (< 50),"Synergy player play types (RS+PO 2023-24..2025-26, pooled)"
1627749,Dejounte Murray,0.908,0.517,2104,0.633,,0,,1.075,0.498,insufficient_po_sample,PO half-court poss=0 (< 50),"Synergy player play types (RS+PO 2023-24..2025-26, pooled)"
1631096,Chet Holmgren,0.881,0.586,2095,0.432,0.9,409,0.019,1.048,0.507,neutral,,"Synergy player play types (RS+PO 2023-24..2025-26, pooled)"
202681,Kyrie Irving,0.99,0.753,2089,0.685,0.914,397,-0.076,1.258,0.664,slips,,"Synergy player play types (RS+PO 2023-24..2025-26, pooled)"
1641710,Anthony Black,0.871,0.372,2086,0.531,0.755,53,-0.116,0.991,0.393,slips,,"Synergy player play types (RS+PO 2023-24..2025-26, pooled)"
203501,Tim Hardaway Jr.,0.958,0.505,2085,0.463,0.881,67,-0.077,1.154,0.676,slips,,"Synergy player play types (RS+PO 2023-24..2025-26, pooled)"
1641764,Brandin Podziemski,0.89,0.556,2083,0.472,0.807,109,-0.083,1.062,0.543,slips,,"Synergy player play types (RS+PO 2023-24..2025-26, pooled)"
1629028,Deandre Ayton,0.906,0.459,2078,0.465,0.69,84,-0.215,0.993,0.455,slips,,"Synergy player play types (RS+PO 2023-24..2025-26, pooled)"
1630552,Jalen Johnson,0.839,0.442,2063,0.441,0.852,54,0.013,1.01,0.511,neutral,,"Synergy player play types (RS+PO 2023-24..2025-26, pooled)"
201566,Russell Westbrook,0.79,0.415,2055,0.551,0.808,78,0.017,0.921,0.367,neutral,,"Synergy player play types (RS+PO 2023-24..2025-26, pooled)"
1630591,Jalen Suggs,0.885,0.53,2043,0.521,0.682,132,-0.203,1.078,0.396,slips,,"Synergy player play types (RS+PO 2023-24..2025-26, pooled)"
1626181,Norman Powell,0.979,0.672,2041,0.472,0.875,16,-0.104,1.206,0.62,insufficient_po_sample,PO half-court poss=16 (< 50),"Synergy player play types (RS+PO 2023-24..2025-26, pooled)"
1631097,Bennedict Mathurin,0.914,0.498,2026,0.547,1.013,159,0.098,1.083,0.303,holds_up,,"Synergy player play types (RS+PO 2023-24..2025-26, pooled)"
203897,Zach LaVine,0.968,0.629,2015,0.589,,0,,1.115,0.507,insufficient_po_sample,PO half-court poss=0 (< 50),"Synergy player play types (RS+PO 2023-24..2025-26, pooled)"
1628386,Jarrett Allen,0.841,0.78,2014,0.388,0.885,234,0.044,0.99,0.421,holds_up,,"Synergy player play types (RS+PO 2023-24..2025-26, pooled)"
1629130,Duncan Robinson,0.921,0.552,2003,0.528,1.019,108,0.098,1.184,0.735,holds_up,,"Synergy player play types (RS+PO 2023-24..2025-26, pooled)"
1630168,Onyeka Okongwu,0.928,0.484,1984,0.406,0.865,52,-0.063,1.138,0.493,slips,,"Synergy player play types (RS+PO 2023-24..2025-26, pooled)"
1628398,Kyle Kuzma,0.865,0.43,1981,0.469,1.286,14,0.421,0.985,0.452,insufficient_po_sample,PO half-court poss=14 (< 50),"Synergy player play types (RS+PO 2023-24..2025-26, pooled)"
1626162,Kelly Oubre Jr.,0.896,0.551,1976,0.426,0.912,147,0.016,1.003,0.464,neutral,,"Synergy player play types (RS+PO 2023-24..2025-26, pooled)"
204456,T.J. McConnell,0.968,0.659,1958,0.641,0.893,403,-0.075,0.982,0.52,slips,,"Synergy player play types (RS+PO 2023-24..2025-26, pooled)"
1628374,Lauri Markkanen,0.973,0.495,1946,0.482,,0,,1.116,0.632,insufficient_po_sample,PO half-court poss=0 (< 50),"Synergy player play types (RS+PO 2023-24..2025-26, pooled)"
1631095,Jabari Smith Jr.,0.911,0.458,1941,0.418,0.333,15,-0.578,1.048,0.618,insufficient_po_sample,PO half-court poss=15 (< 50),"Synergy player play types (RS+PO 2023-24..2025-26, pooled)"
201950,Jrue Holiday,0.903,0.471,1930,0.468,0.947,396,0.044,1.061,0.704,holds_up,,"Synergy player play types (RS+PO 2023-24..2025-26, pooled)"
1630530,Trey Murphy III,0.891,0.408,1917,0.416,0.735,34,-0.156,1.134,0.763,insufficient_po_sample,PO half-court poss=34 (< 50),"Synergy player play types (RS+PO 2023-24..2025-26, pooled)"
1642267,Bub Carrington,0.965,0.394,1911,0.567,,0,,1.045,0.274,insufficient_po_sample,PO half-court poss=0 (< 50),"Synergy player play types (RS+PO 2023-24..2025-26, pooled)"
1631099,Keegan Murray,0.973,0.395,1905,0.479,,0,,1.061,0.449,insufficient_po_sample,PO half-court poss=0 (< 50),"Synergy player play types (RS+PO 2023-24..2025-26, pooled)"
1627736,Malik Beasley,0.975,0.352,1870,0.586,1.043,70,0.068,1.171,0.63,holds_up,,"Synergy player play types (RS+PO 2023-24..2025-26, pooled)"
1627747,Caris LeVert,0.842,0.564,1863,0.553,0.887,186,0.045,0.972,0.501,holds_up,,"Synergy player play types (RS+PO 2023-24..2025-26, pooled)"
1629656,Quentin Grimes,0.873,0.542,1845,0.527,1.0,47,0.127,1.047,0.654,insufficient_po_sample,PO half-court poss=47 (< 50),"Synergy player play types (RS+PO 2023-24..2025-26, pooled)"
1629023,P.J. Washington,0.934,0.418,1833,0.42,1.046,153,0.112,0.979,0.315,holds_up,,"Synergy player play types (RS+PO 2023-24..2025-26, pooled)"
1628404,Josh Hart,0.974,0.367,1823,0.357,0.885,330,-0.089,0.996,0.444,slips,,"Synergy player play types (RS+PO 2023-24..2025-26, pooled)"
202710,Jimmy Butler III,0.941,0.641,1822,0.542,0.984,128,0.043,1.163,0.426,holds_up,,"Synergy player play types (RS+PO 2023-24..2025-26, pooled)"
1631170,Jaime Jaquez Jr.,0.905,0.488,1817,0.4,0.529,17,-0.375,0.986,0.404,insufficient_po_sample,PO half-court poss=17 (< 50),"Synergy player play types (RS+PO 2023-24..2025-26, pooled)"
1630175,Cole Anthony,0.891,0.469,1816,0.563,1.154,52,0.263,1.053,0.497,holds_up,,"Synergy player play types (RS+PO 2023-24..2025-26, pooled)"
1626156,D'Angelo Russell,0.901,0.612,1801,0.648,0.826,23,-0.075,1.153,0.579,insufficient_po_sample,PO half-court poss=23 (< 50),"Synergy player play types (RS+PO 2023-24..2025-26, pooled)"
203084,Harrison Barnes,0.983,0.501,1788,0.436,0.5,12,-0.483,1.145,0.667,insufficient_po_sample,PO half-court poss=12 (< 50),"Synergy player play types (RS+PO 2023-24..2025-26, pooled)"
1630200,Tre Jones,0.941,0.565,1772,0.55,,0,,1.023,0.592,insufficient_po_sample,PO half-court poss=0 (< 50),"Synergy player play types (RS+PO 2023-24..2025-26, pooled)"
1626167,Myles Turner,0.941,0.459,1758,0.361,0.953,471,0.012,1.025,0.604,neutral,,"Synergy player play types (RS+PO 2023-24..2025-26, pooled)"
1628960,Grayson Allen,0.951,0.444,1741,0.439,0.667,12,-0.285,1.176,0.706,insufficient_po_sample,PO half-court poss=12 (< 50),"Synergy player play types (RS+PO 2023-24..2025-26, pooled)"
203484,Kentavious Caldwell-Pope,0.901,0.476,1723,0.53,1.114,132,0.213,1.057,0.635,holds_up,,"Synergy player play types (RS+PO 2023-24..2025-26, pooled)"
1641739,Toumani Camara,0.941,0.345,1720,0.384,1.0,16,0.059,1.014,0.452,insufficient_po_sample,PO half-court poss=16 (< 50),"Synergy player play types (RS+PO 2023-24..2025-26, pooled)"
1629652,Luguentz Dort,0.875,0.549,1710,0.392,0.94,369,0.065,1.081,0.524,holds_up,,"Synergy player play types (RS+PO 2023-24..2025-26, pooled)"
1641731,Bilal Coulibaly,0.871,0.407,1708,0.504,,0,,0.929,0.41,insufficient_po_sample,PO half-court poss=0 (< 50),"Synergy player play types (RS+PO 2023-24..2025-26, pooled)"
1631128,Christian Braun,0.935,0.472,1701,0.465,0.852,196,-0.083,1.134,0.364,slips,,"Synergy player play types (RS+PO 2023-24..2025-26, pooled)"
1627741,Buddy Hield,0.906,0.409,1701,0.479,0.849,93,-0.056,1.064,0.587,slips,,"Synergy player play types (RS+PO 2023-24..2025-26, pooled)"
1630230,Naji Marshall,0.978,0.411,1697,0.42,0.909,22,-0.069,1.008,0.521,insufficient_po_sample,PO half-court poss=22 (< 50),"Synergy player play types (RS+PO 2023-24..2025-26, pooled)"
203915,Spencer Dinwiddie,0.973,0.468,1697,0.591,,0,,1.104,0.503,insufficient_po_sample,PO half-court poss=0 (< 50),"Synergy player play types (RS+PO 2023-24..2025-26, pooled)"
1629651,Nic Claxton,0.898,0.562,1694,0.393,,0,,1.023,0.436,insufficient_po_sample,PO half-court poss=0 (< 50),"Synergy player play types (RS+PO 2023-24..2025-26, pooled)"
1641717,Cason Wallace,0.844,0.528,1693,0.44,0.733,307,-0.111,1.026,0.581,slips,,"Synergy player play types (RS+PO 2023-24..2025-26, pooled)"
1628392,Isaiah Hartenstein,0.874,0.595,1667,0.451,0.899,426,0.025,1.107,0.199,neutral,,"Synergy player play types (RS+PO 2023-24..2025-26, pooled)"
203994,Jusuf Nurkić,0.938,0.364,1659,0.495,0.816,38,-0.122,1.02,0.329,insufficient_po_sample,PO half-court poss=38 (< 50),"Synergy player play types (RS+PO 2023-24..2025-26, pooled)"
1629640,Keldon Johnson,0.957,0.637,1652,0.377,0.767,86,-0.19,0.999,0.55,slips,,"Synergy player play types (RS+PO 2023-24..2025-26, pooled)"
1629018,Gary Trent Jr.,0.896,0.483,1635,0.45,1.0,26,0.104,1.137,0.55,insufficient_po_sample,PO half-court poss=26 (< 50),"Synergy player play types (RS+PO 2023-24..2025-26, pooled)"
1628976,Wendell Carter Jr.,0.88,0.529,1635,0.409,0.842,196,-0.038,0.983,0.335,neutral,,"Synergy player play types (RS+PO 2023-24..2025-26, pooled)"
1631108,Max Christie,0.887,0.467,1634,0.526,,0,,1.088,0.644,insufficient_po_sample,PO half-court poss=0 (< 50),"Synergy player play types (RS+PO 2023-24..2025-26, pooled)"
1627751,Jakob Poeltl,0.913,0.508,1628,0.457,0.882,51,-0.03,1.014,0.54,neutral,,"Synergy player play types (RS+PO 2023-24..2025-26, pooled)"
1630558,Davion Mitchell,0.921,0.486,1620,0.539,1.085,59,0.164,1.064,0.547,holds_up,,"Synergy player play types (RS+PO 2023-24..2025-26, pooled)"
1641709,Ausar Thompson,0.893,0.56,1616,0.428,0.802,106,-0.091,0.935,0.416,slips,,"Synergy player play types (RS+PO 2023-24..2025-26, pooled)"
203932,Aaron Gordon,0.884,0.579,1616,0.477,0.894,216,0.009,1.013,0.738,neutral,,"Synergy player play types (RS+PO 2023-24..2025-26, pooled)"
1626179,Terry Rozier,0.957,0.527,1606,0.559,,0,,1.071,0.344,insufficient_po_sample,PO half-court poss=0 (< 50),"Synergy player play types (RS+PO 2023-24..2025-26, pooled)"
203078,Bradley Beal,0.955,0.515,1595,0.525,0.87,46,-0.085,1.137,0.54,insufficient_po_sample,PO half-court poss=46 (< 50),"Synergy player play types (RS+PO 2023-24..2025-26, pooled)"
1629631,De'Andre Hunter,0.967,0.525,1593,0.512,1.064,47,0.096,1.091,0.436,insufficient_po_sample,PO half-court poss=47 (< 50),"Synergy player play types (RS+PO 2023-24..2025-26, pooled)"
1631157,Ryan Rollins,0.918,0.532,1580,0.566,,0,,1.172,0.679,insufficient_po_sample,PO half-court poss=0 (< 50),"Synergy player play types (RS+PO 2023-24..2025-26, pooled)"
1630191,Isaiah Stewart,0.946,0.401,1580,0.481,0.702,57,-0.244,1.016,0.39,slips,,"Synergy player play types (RS+PO 2023-24..2025-26, pooled)"
203903,Jordan Clarkson,0.91,0.522,1576,0.513,1.0,14,0.09,1.023,0.335,insufficient_po_sample,PO half-court poss=14 (< 50),"Synergy player play types (RS+PO 2023-24..2025-26, pooled)"
1626171,Bobby Portis,0.934,0.425,1556,0.394,0.904,104,-0.031,1.103,0.551,neutral,,"Synergy player play types (RS+PO 2023-24..2025-26, pooled)"
1630174,Aaron Nesmith,0.978,0.41,1550,0.494,0.937,430,-0.041,0.99,0.611,neutral,,"Synergy player play types (RS+PO 2023-24..2025-26, pooled)"
1631212,Peyton Watson,0.866,0.558,1549,0.406,0.84,25,-0.026,1.039,0.524,insufficient_po_sample,PO half-court poss=25 (< 50),"Synergy player play types (RS+PO 2023-24..2025-26, pooled)"
1630540,Miles McBride,0.931,0.541,1541,0.514,0.988,260,0.058,1.071,0.59,holds_up,,"Synergy player play types (RS+PO 2023-24..2025-26, pooled)"
1629661,Cameron Johnson,0.909,0.553,1541,0.433,0.667,27,-0.242,1.163,0.653,insufficient_po_sample,PO half-court poss=27 (< 50),"Synergy player play types (RS+PO 2023-24..2025-26, pooled)"
1630577,Julian Champagnie,0.975,0.339,1535,0.386,0.961,103,-0.013,1.079,0.489,neutral,,"Synergy player play types (RS+PO 2023-24..2025-26, pooled)"
1630573,Sam Hauser,0.981,0.478,1527,0.47,1.0,103,0.019,1.182,0.828,neutral,,"Synergy player play types (RS+PO 2023-24..2025-26, pooled)"
1631110,Jeremy Sochan,0.857,0.49,1501,0.48,,0,,0.901,0.287,insufficient_po_sample,PO half-court poss=0 (< 50),"Synergy player play types (RS+PO 2023-24..2025-26, pooled)"
1629655,Daniel Gafford,0.956,0.439,1500,0.418,0.857,105,-0.099,0.976,0.678,slips,,"Synergy player play types (RS+PO 2023-24..2025-26, pooled)"
1630228,Jonathan Kuminga,0.888,0.428,1494,0.449,0.8,85,-0.088,0.978,0.501,slips,,"Synergy player play types (RS+PO 2023-24..2025-26, pooled)"
201144,Mike Conley,0.912,0.613,1474,0.525,0.853,258,-0.06,1.068,0.754,slips,,"Synergy player play types (RS+PO 2023-24..2025-26, pooled)"
1629630,Ja Morant,0.894,0.529,1463,0.578,0.816,38,-0.078,1.091,0.601,insufficient_po_sample,PO half-court poss=38 (< 50),"Synergy player play types (RS+PO 2023-24..2025-26, pooled)"
1628381,John Collins,0.963,0.488,1447,0.366,,0,,1.055,0.482,insufficient_po_sample,PO half-court poss=0 (< 50),"Synergy player play types (RS+PO 2023-24..2025-26, pooled)"
1626145,Tyus Jones,0.943,0.516,1440,0.538,,0,,1.065,0.627,insufficient_po_sample,PO half-court poss=0 (< 50),"Synergy player play types (RS+PO 2023-24..2025-26, pooled)"
1627884,Derrick Jones Jr.,0.889,0.597,1437,0.399,0.918,183,0.029,0.987,0.664,neutral,,"Synergy player play types (RS+PO 2023-24..2025-26, pooled)"
1626220,Royce O'Neale,0.941,0.392,1434,0.387,0.909,11,-0.032,1.108,0.6,insufficient_po_sample,PO half-court poss=11 (< 50),"Synergy player play types (RS+PO 2023-24..2025-26, pooled)"
203992,Bogdan Bogdanović,0.899,0.606,1421,0.516,0.5,10,-0.399,1.11,0.351,insufficient_po_sample,PO half-court poss=10 (< 50),"Synergy player play types (RS+PO 2023-24..2025-26, pooled)"
1627739,Kris Dunn,0.895,0.527,1404,0.415,1.276,29,0.381,1.012,0.518,insufficient_po_sample,PO half-court poss=29 (< 50),"Synergy player play types (RS+PO 2023-24..2025-26, pooled)"
101108,Chris Paul,0.919,0.575,1391,0.588,,0,,1.104,0.479,insufficient_po_sample,PO half-court poss=0 (< 50),"Synergy player play types (RS+PO 2023-24..2025-26, pooled)"
1642263,Reed Sheppard,0.869,0.574,1386,0.567,0.707,58,-0.162,1.068,0.584,slips,,"Synergy player play types (RS+PO 2023-24..2025-26, pooled)"
1631093,Jaden Ivey,0.924,0.45,1383,0.454,,0,,0.979,0.362,insufficient_po_sample,PO half-court poss=0 (< 50),"Synergy player play types (RS+PO 2023-24..2025-26, pooled)"
1630541,Moses Moody,0.867,0.565,1382,0.437,1.3,20,0.433,1.177,0.631,insufficient_po_sample,PO half-court poss=20 (< 50),"Synergy player play types (RS+PO 2023-24..2025-26, pooled)"
203114,Khris Middleton,0.941,0.554,1380,0.591,1.172,116,0.232,1.112,0.613,holds_up,,"Synergy player play types (RS+PO 2023-24..2025-26, pooled)"
1630557,Corey Kispert,0.961,0.539,1374,0.489,,0,,1.036,0.577,insufficient_po_sample,PO half-court poss=0 (< 50),"Synergy player play types (RS+PO 2023-24..2025-26, pooled)"
1629645,Kevin Porter Jr.,0.894,0.641,1367,0.611,0.698,63,-0.196,1.082,0.44,slips,,"Synergy player play types (RS+PO 2023-24..2025-26, pooled)"
1630245,Ayo Dosunmu,0.965,0.596,1361,0.409,1.141,85,0.176,1.057,0.565,holds_up,,"Synergy player play types (RS+PO 2023-24..2025-26, pooled)"
1628971,Bruce Brown,0.895,0.37,1361,0.449,0.769,26,-0.126,1.013,0.441,insufficient_po_sample,PO half-court poss=26 (< 50),"Synergy player play types (RS+PO 2023-24..2025-26, pooled)"
1628436,Luke Kornet,0.858,0.607,1352,0.478,0.876,210,0.018,1.176,0.182,neutral,,"Synergy player play types (RS+PO 2023-24..2025-26, pooled)"
203110,Draymond Green,0.773,0.746,1348,0.359,0.776,76,0.003,1.012,0.416,neutral,,"Synergy player play types (RS+PO 2023-24..2025-26, pooled)"
1642377,Jaylen Wells,0.938,0.453,1347,0.434,,0,,1.02,0.443,insufficient_po_sample,PO half-court poss=0 (< 50),"Synergy player play types (RS+PO 2023-24..2025-26, pooled)"
1642268,Isaiah Collier,0.875,0.319,1338,0.509,,0,,1.014,0.194,insufficient_po_sample,PO half-court poss=0 (< 50),"Synergy player play types (RS+PO 2023-24..2025-26, pooled)"
1642347,Jamal Shead,0.873,0.311,1333,0.545,0.5,56,-0.373,1.057,0.26,slips,,"Synergy player play types (RS+PO 2023-24..2025-26, pooled)"
1642273,Kyshawn George,0.869,0.427,1321,0.478,,0,,1.078,0.421,insufficient_po_sample,PO half-court poss=0 (< 50),"Synergy player play types (RS+PO 2023-24..2025-26, pooled)"
1630172,Patrick Williams,0.823,0.511,1319,0.452,,0,,1.093,0.397,insufficient_po_sample,PO half-court poss=0 (< 50),"Synergy player play types (RS+PO 2023-24..2025-26, pooled)"
1628989,Kevin Huerter,0.935,0.396,1317,0.464,,0,,1.013,0.444,insufficient_po_sample,PO half-court poss=0 (< 50),"Synergy player play types (RS+PO 2023-24..2025-26, pooled)"
1629048,Goga Bitadze,0.942,0.444,1311,0.491,0.947,19,0.005,0.98,0.346,insufficient_po_sample,PO half-court poss=19 (< 50),"Synergy player play types (RS+PO 2023-24..2025-26, pooled)"
1630598,Aaron Wiggins,0.866,0.668,1309,0.367,0.735,83,-0.131,1.064,0.498,slips,,"Synergy player play types (RS+PO 2023-24..2025-26, pooled)"
1630182,Josh Green,0.934,0.327,1303,0.475,1.266,79,0.332,1.093,0.514,holds_up,,"Synergy player play types (RS+PO 2023-24..2025-26, pooled)"
1631260,AJ Green,0.957,0.451,1303,0.467,1.034,29,0.077,1.145,0.757,insufficient_po_sample,PO half-court poss=29 (< 50),"Synergy player play types (RS+PO 2023-24..2025-26, pooled)"
1629622,Max Strus,0.882,0.479,1301,0.588,0.917,373,0.035,1.105,0.696,holds_up,,"Synergy player play types (RS+PO 2023-24..2025-26, pooled)"
1630198,Isaiah Joe,0.92,0.538,1285,0.395,0.829,111,-0.091,1.168,0.747,slips,,"Synergy player play types (RS+PO 2023-24..2025-26, pooled)"
1630171,Isaac Okoro,0.862,0.701,1282,0.405,0.757,70,-0.105,1.065,0.383,slips,,"Synergy player play types (RS+PO 2023-24..2025-26, pooled)"
1642259,Alex Sarr,0.947,0.363,1272,0.387,,0,,0.976,0.306,insufficient_po_sample,PO half-court poss=0 (< 50),"Synergy player play types (RS+PO 2023-24..2025-26, pooled)"
1641729,Brice Sensabaugh,0.94,0.5,1261,0.417,,0,,1.106,0.383,insufficient_po_sample,PO half-court poss=0 (< 50),"Synergy player play types (RS+PO 2023-24..2025-26, pooled)"
202685,Jonas Valančiūnas,1.007,0.514,1258,0.392,1.105,38,0.098,1.134,0.266,insufficient_po_sample,PO half-court poss=38 (< 50),"Synergy player play types (RS+PO 2023-24..2025-26, pooled)"
1641824,Matas Buzelis,0.919,0.444,1252,0.38,,0,,0.973,0.417,insufficient_po_sample,PO half-court poss=0 (< 50),"Synergy player play types (RS+PO 2023-24..2025-26, pooled)"
1627936,Alex Caruso,0.855,0.623,1238,0.515,0.934,226,0.079,0.985,0.536,holds_up,,"Synergy player play types (RS+PO 2023-24..2025-26, pooled)"
204001,Kristaps Porziņģis,1.052,0.574,1230,0.399,0.961,231,-0.091,1.078,0.632,slips,,"Synergy player play types (RS+PO 2023-24..2025-26, pooled)"
1630241,Sam Merrill,0.891,0.579,1229,0.46,0.9,80,0.009,1.177,0.737,neutral,,"Synergy player play types (RS+PO 2023-24..2025-26, pooled)"
203083,Andre Drummond,0.881,0.576,1220,0.425,0.965,57,0.084,0.97,0.572,holds_up,,"Synergy player play types (RS+PO 2023-24..2025-26, pooled)"
1630631,Jose Alvarado,0.843,0.501,1200,0.504,0.738,42,-0.105,1.072,0.503,insufficient_po_sample,PO half-court poss=42 (< 50),"Synergy player play types (RS+PO 2023-24..2025-26, pooled)"
1631165,Keon Ellis,1.007,0.409,1189,0.456,,0,,1.035,0.749,insufficient_po_sample,PO half-court poss=0 (< 50),"Synergy player play types (RS+PO 2023-24..2025-26, pooled)"
1631204,Marcus Sasser,0.906,0.564,1185,0.595,0.8,10,-0.106,0.977,0.612,insufficient_po_sample,PO half-court poss=10 (< 50),"Synergy player play types (RS+PO 2023-24..2025-26, pooled)"
1641711,Gradey Dick,0.918,0.325,1183,0.445,,0,,1.079,0.594,insufficient_po_sample,PO half-court poss=0 (< 50),"Synergy player play types (RS+PO 2023-24..2025-26, pooled)"
1629060,Rui Hachimura,0.922,0.621,1178,0.335,0.868,114,-0.053,1.161,0.655,slips,,"Synergy player play types (RS+PO 2023-24..2025-26, pooled)"
1631109,Mark Williams,0.929,0.447,1175,0.414,,0,,1.099,0.356,insufficient_po_sample,PO half-court poss=0 (< 50),"Synergy player play types (RS+PO 2023-24..2025-26, pooled)"
1628988,Aaron Holiday,0.975,0.522,1157,0.634,0.6,10,-0.375,1.106,0.88,insufficient_po_sample,PO half-court poss=10 (< 50),"Synergy player play types (RS+PO 2023-24..2025-26, pooled)"
1628997,Caleb Martin,0.886,0.496,1153,0.508,1.136,22,0.25,0.95,0.418,insufficient_po_sample,PO half-court poss=22 (< 50),"Synergy player play types (RS+PO 2023-24..2025-26, pooled)"
1642843,Cooper Flagg,0.859,0.55,1153,0.536,,0,,1.036,0.386,insufficient_po_sample,PO half-court poss=0 (< 50),"Synergy player play types (RS+PO 2023-24..2025-26, pooled)"
1630534,Ochai Agbaji,0.905,0.461,1143,0.427,,0,,0.943,0.562,insufficient_po_sample,PO half-court poss=0 (< 50),"Synergy player play types (RS+PO 2023-24..2025-26, pooled)"
1630529,Herbert Jones,0.939,0.413,1143,0.382,0.955,22,0.016,0.975,0.584,insufficient_po_sample,PO half-court poss=22 (< 50),"Synergy player play types (RS+PO 2023-24..2025-26, pooled)"
1641716,Jarace Walker,0.922,0.435,1110,0.439,0.905,21,-0.017,1.03,0.652,insufficient_po_sample,PO half-court poss=21 (< 50),"Synergy player play types (RS+PO 2023-24..2025-26, pooled)"
1642845,VJ Edgecombe,0.794,0.572,1094,0.503,0.911,146,0.117,1.045,0.688,holds_up,,"Synergy player play types (RS+PO 2023-24..2025-26, pooled)"
1630180,Saddiq Bey,0.918,0.579,1091,0.393,,0,,1.005,0.499,insufficient_po_sample,PO half-court poss=0 (< 50),"Synergy player play types (RS+PO 2023-24..2025-26, pooled)"
1631221,Collin Gillespie,0.929,0.555,1082,0.551,1.176,34,0.248,1.143,0.638,insufficient_po_sample,PO half-court poss=34 (< 50),"Synergy player play types (RS+PO 2023-24..2025-26, pooled)"
1630583,Santi Aldama,0.895,0.539,1076,0.307,0.895,19,-0.0,1.038,0.425,insufficient_po_sample,PO half-court poss=19 (< 50),"Synergy player play types (RS+PO 2023-24..2025-26, pooled)"
1642851,Kon Knueppel,0.951,0.623,1075,0.486,,0,,1.135,0.751,insufficient_po_sample,PO half-court poss=0 (< 50),"Synergy player play types (RS+PO 2023-24..2025-26, pooled)"
1631117,Walker Kessler,0.932,0.398,1071,0.415,,0,,0.992,0.463,insufficient_po_sample,PO half-court poss=0 (< 50),"Synergy player play types (RS+PO 2023-24..2025-26, pooled)"
1630188,Jalen Smith,0.966,0.318,1068,0.394,,0,,1.147,0.535,insufficient_po_sample,PO half-court poss=0 (< 50),"Synergy player play types (RS+PO 2023-24..2025-26, pooled)"
1629637,Jaxson Hayes,0.843,0.728,1060,0.458,0.565,46,-0.278,0.934,0.701,insufficient_po_sample,PO half-court poss=46 (< 50),"Synergy player play types (RS+PO 2023-24..2025-26, pooled)"
201143,Al Horford,0.972,0.333,1046,0.377,0.89,326,-0.083,1.048,0.79,slips,,"Synergy player play types (RS+PO 2023-24..2025-26, pooled)"
1641722,Jordan Hawkins,0.884,0.424,1042,0.438,,0,,0.971,0.482,insufficient_po_sample,PO half-court poss=0 (< 50),"Synergy player play types (RS+PO 2023-24..2025-26, pooled)"
1630702,Jaden Hardy,0.9,0.426,1040,0.568,0.793,29,-0.107,0.944,0.427,insufficient_po_sample,PO half-court poss=29 (< 50),"Synergy player play types (RS+PO 2023-24..2025-26, pooled)"
1629674,Neemias Queta,0.882,0.494,1038,0.409,0.96,75,0.078,0.995,0.618,holds_up,,"Synergy player play types (RS+PO 2023-24..2025-26, pooled)"
1642271,Kyle Filipowski,0.925,0.446,1036,0.365,,0,,1.076,0.461,insufficient_po_sample,PO half-court poss=0 (< 50),"Synergy player play types (RS+PO 2023-24..2025-26, pooled)"
1631323,Simone Fontecchio,0.922,0.487,1034,0.364,,0,,1.055,0.553,insufficient_po_sample,PO half-court poss=0 (< 50),"Synergy player play types (RS+PO 2023-24..2025-26, pooled)"
1629021,Moritz Wagner,0.9,0.556,1029,0.42,0.767,30,-0.133,1.027,0.663,insufficient_po_sample,PO half-court poss=30 (< 50),"Synergy player play types (RS+PO 2023-24..2025-26, pooled)"
1626166,Cameron Payne,0.94,0.544,1020,0.632,,0,,0.989,0.532,insufficient_po_sample,PO half-court poss=0 (< 50),"Synergy player play types (RS+PO 2023-24..2025-26, pooled)"
1628380,Zach Collins,0.949,0.417,1016,0.501,,0,,1.011,0.467,insufficient_po_sample,PO half-court poss=0 (< 50),"Synergy player play types (RS+PO 2023-24..2025-26, pooled)"
1642274,Yves Missi,0.913,0.496,1013,0.408,,0,,1.037,0.52,insufficient_po_sample,PO half-court poss=0 (< 50),"Synergy player play types (RS+PO 2023-24..2025-26, pooled)"
1642276,Kel'el Ware,0.934,0.312,1006,0.388,1.421,19,0.487,0.986,0.767,insufficient_po_sample,PO half-court poss=19 (< 50),"Synergy player play types (RS+PO 2023-24..2025-26, pooled)"
1642847,Jeremiah Fears,0.864,0.433,999,0.488,,0,,1.035,0.326,insufficient_po_sample,PO half-court poss=0 (< 50),"Synergy player play types (RS+PO 2023-24..2025-26, pooled)"
1631217,Moussa Diabaté,0.961,0.312,986,0.432,,0,,1.036,0.526,insufficient_po_sample,PO half-court poss=0 (< 50),"Synergy player play types (RS+PO 2023-24..2025-26, pooled)"
1642258,Zaccharie Risacher,0.946,0.332,986,0.358,,0,,0.972,0.423,insufficient_po_sample,PO half-court poss=0 (< 50),"Synergy player play types (RS+PO 2023-24..2025-26, pooled)"
1627752,Taurean Prince,0.947,0.465,984,0.386,,0,,1.106,0.642,insufficient_po_sample,PO half-court poss=0 (< 50),"Synergy player play types (RS+PO 2023-24..2025-26, pooled)"
1628379,Luke Kennard,0.929,0.556,981,0.455,1.136,59,0.207,1.131,0.765,holds_up,,"Synergy player play types (RS+PO 2023-24..2025-26, pooled)"
1641767,Ben Sheppard,0.987,0.394,978,0.477,0.993,143,0.006,1.003,0.511,neutral,,"Synergy player play types (RS+PO 2023-24..2025-26, pooled)"
1641733,Nick Smith Jr.,0.914,0.426,972,0.525,,0,,1.063,0.546,insufficient_po_sample,PO half-court poss=0 (< 50),"Synergy player play types (RS+PO 2023-24..2025-26, pooled)"
1641783,Tristan da Silva,0.897,0.441,972,0.413,,0,,1.03,0.618,insufficient_po_sample,PO half-court poss=0 (< 50),"Synergy player play types (RS+PO 2023-24..2025-26, pooled)"
1630167,Obi Toppin,1.03,0.437,964,0.382,0.993,148,-0.037,1.068,0.392,neutral,,"Synergy player play types (RS+PO 2023-24..2025-26, pooled)"
1641713,GG Jackson,0.929,0.432,963,0.42,,0,,0.984,0.243,insufficient_po_sample,PO half-court poss=0 (< 50),"Synergy player play types (RS+PO 2023-24..2025-26, pooled)"
1630549,Day'Ron Sharpe,0.857,0.669,958,0.39,,0,,0.981,0.502,insufficient_po_sample,PO half-court poss=0 (< 50),"Synergy player play types (RS+PO 2023-24..2025-26, pooled)"
202704,Reggie Jackson,0.873,0.458,956,0.549,0.778,18,-0.096,1.087,0.639,insufficient_po_sample,PO half-court poss=18 (< 50),"Synergy player play types (RS+PO 2023-24..2025-26, pooled)"
1631124,Julian Strawther,0.963,0.429,954,0.456,,0,,1.07,0.393,insufficient_po_sample,PO half-court poss=0 (< 50),"Synergy player play types (RS+PO 2023-24..2025-26, pooled)"
1629001,De'Anthony Melton,0.855,0.563,950,0.495,,0,,1.12,0.459,insufficient_po_sample,PO half-court poss=0 (< 50),"Synergy player play types (RS+PO 2023-24..2025-26, pooled)"
1631106,Tari Eason,0.868,0.475,947,0.365,0.81,58,-0.058,0.958,0.332,slips,,"Synergy player play types (RS+PO 2023-24..2025-26, pooled)"
1631222,Jake LaRavia,0.907,0.442,938,0.367,0.722,18,-0.185,0.954,0.476,insufficient_po_sample,PO half-court poss=18 (< 50),"Synergy player play types (RS+PO 2023-24..2025-26, pooled)"
203935,Marcus Smart,0.867,0.596,938,0.461,0.944,125,0.077,0.997,0.527,holds_up,,"Synergy player play types (RS+PO 2023-24..2025-26, pooled)"
1630314,Brandon Williams,0.966,0.659,937,0.539,,0,,0.915,0.583,insufficient_po_sample,PO half-court poss=0 (< 50),"Synergy player play types (RS+PO 2023-24..2025-26, pooled)"
1631119,Jaylin Williams,0.789,0.813,933,0.396,0.765,162,-0.023,1.075,0.774,neutral,,"Synergy player play types (RS+PO 2023-24..2025-26, pooled)"
1630173,Precious Achiuwa,0.93,0.394,930,0.371,0.904,52,-0.026,0.882,0.394,neutral,,"Synergy player play types (RS+PO 2023-24..2025-26, pooled)"
1629111,Jock Landale,0.864,0.639,928,0.451,,0,,1.118,0.464,insufficient_po_sample,PO half-court poss=0 (< 50),"Synergy player play types (RS+PO 2023-24..2025-26, pooled)"
1629599,Amir Coffey,0.91,0.546,922,0.478,0.828,29,-0.082,1.174,0.522,insufficient_po_sample,PO half-court poss=29 (< 50),"Synergy player play types (RS+PO 2023-24..2025-26, pooled)"
1631246,Vince Williams Jr.,0.909,0.311,922,0.498,1.167,12,0.258,1.05,0.4,insufficient_po_sample,PO half-court poss=12 (< 50),"Synergy player play types (RS+PO 2023-24..2025-26, pooled)"
1630533,Ziaire Williams,0.872,0.464,913,0.326,,0,,1.046,0.38,insufficient_po_sample,PO half-court poss=0 (< 50),"Synergy player play types (RS+PO 2023-24..2025-26, pooled)"
1642345,Oso Ighodaro,0.839,0.688,912,0.481,1.22,41,0.381,1.093,0.3,insufficient_po_sample,PO half-court poss=41 (< 50),"Synergy player play types (RS+PO 2023-24..2025-26, pooled)"
1629660,Ty Jerome,1.034,0.712,911,0.565,0.854,89,-0.18,1.155,0.732,slips,,"Synergy player play types (RS+PO 2023-24..2025-26, pooled)"
1629013,Landry Shamet,0.979,0.456,906,0.492,0.721,61,-0.258,1.082,0.391,slips,,"Synergy player play types (RS+PO 2023-24..2025-26, pooled)"
1630544,Tre Mann,0.852,0.406,890,0.63,,0,,1.207,0.31,insufficient_po_sample,PO half-court poss=0 (< 50),"Synergy player play types (RS+PO 2023-24..2025-26, pooled)"
1630643,Jay Huff,0.914,0.436,884,0.386,,0,,1.036,0.462,insufficient_po_sample,PO half-court poss=0 (< 50),"Synergy player play types (RS+PO 2023-24..2025-26, pooled)"
1630249,Vít Krejčí,0.94,0.565,880,0.496,,0,,1.225,0.653,insufficient_po_sample,PO half-court poss=0 (< 50),"Synergy player play types (RS+PO 2023-24..2025-26, pooled)"
1626172,Kevon Looney,0.856,0.666,878,0.474,1.091,22,0.234,0.994,0.587,insufficient_po_sample,PO half-court poss=22 (< 50),"Synergy player play types (RS+PO 2023-24..2025-26, pooled)"
1630625,Dalano Banton,0.838,0.328,869,0.514,,0,,0.96,0.544,insufficient_po_sample,PO half-court poss=0 (< 50),"Synergy player play types (RS+PO 2023-24..2025-26, pooled)"
1641854,Craig Porter Jr.,0.89,0.497,865,0.535,,0,,1.095,0.349,insufficient_po_sample,PO half-court poss=0 (< 50),"Synergy player play types (RS+PO 2023-24..2025-26, pooled)"
1630592,Jalen Wilson,0.858,0.527,858,0.371,,0,,1.02,0.342,insufficient_po_sample,PO half-court poss=0 (< 50),"Synergy player play types (RS+PO 2023-24..2025-26, pooled)"
1630538,Bones Hyland,0.898,0.645,854,0.559,0.8,40,-0.098,1.122,0.619,insufficient_po_sample,PO half-court poss=40 (< 50),"Synergy player play types (RS+PO 2023-24..2025-26, pooled)"
1629684,Grant Williams,0.886,0.61,854,0.37,,0,,0.979,0.597,insufficient_po_sample,PO half-court poss=0 (< 50),"Synergy player play types (RS+PO 2023-24..2025-26, pooled)"
1629731,Dean Wade,0.822,0.714,849,0.408,0.89,136,0.068,1.028,0.766,holds_up,,"Synergy player play types (RS+PO 2023-24..2025-26, pooled)"
1641842,Ronald Holland II,0.937,0.307,844,0.379,,0,,0.829,0.435,insufficient_po_sample,PO half-court poss=0 (< 50),"Synergy player play types (RS+PO 2023-24..2025-26, pooled)"
1630692,Jordan Goodwin,0.818,0.518,844,0.418,,0,,1.053,0.419,insufficient_po_sample,PO half-court poss=0 (< 50),"Synergy player play types (RS+PO 2023-24..2025-26, pooled)"
1629216,Gabe Vincent,0.88,0.526,842,0.543,1.0,40,0.12,1.13,0.474,insufficient_po_sample,PO half-court poss=40 (< 50),"Synergy player play types (RS+PO 2023-24..2025-26, pooled)"
1629659,Talen Horton-Tucker,0.938,0.501,839,0.579,,0,,0.925,0.441,insufficient_po_sample,PO half-court poss=0 (< 50),"Synergy player play types (RS+PO 2023-24..2025-26, pooled)"
1630590,Scotty Pippen Jr.,0.803,0.549,833,0.406,0.953,64,0.15,1.154,0.501,holds_up,,"Synergy player play types (RS+PO 2023-24..2025-26, pooled)"
1630194,Paul Reed,0.813,0.77,831,0.397,0.84,25,0.027,1.022,0.578,insufficient_po_sample,PO half-court poss=25 (< 50),"Synergy player play types (RS+PO 2023-24..2025-26, pooled)"
1641730,Noah Clowney,0.892,0.46,830,0.336,,0,,1.04,0.376,insufficient_po_sample,PO half-court poss=0 (< 50),"Synergy player play types (RS+PO 2023-24..2025-26, pooled)"
1642852,Derik Queen,0.892,0.504,827,0.43,,0,,0.989,0.301,insufficient_po_sample,PO half-court poss=0 (< 50),"Synergy player play types (RS+PO 2023-24..2025-26, pooled)"
1627763,Malcolm Brogdon,0.874,0.546,825,0.67,,0,,0.995,0.671,insufficient_po_sample,PO half-court poss=0 (< 50),"Synergy player play types (RS+PO 2023-24..2025-26, pooled)"
1642349,Ajay Mitchell,0.862,0.815,821,0.532,0.878,164,0.016,1.047,0.373,neutral,,"Synergy player play types (RS+PO 2023-24..2025-26, pooled)"
1629312,Haywood Highsmith,0.932,0.538,809,0.377,1.15,40,0.218,1.107,0.467,insufficient_po_sample,PO half-court poss=40 (< 50),"Synergy player play types (RS+PO 2023-24..2025-26, pooled)"
1629234,Drew Eubanks,0.867,0.584,807,0.446,,0,,1.162,0.241,insufficient_po_sample,PO half-court poss=0 (< 50),"Synergy player play types (RS+PO 2023-24..2025-26, pooled)"
1642846,Ace Bailey,0.947,0.418,807,0.474,,0,,1.014,0.506,insufficient_po_sample,PO half-court poss=0 (< 50),"Synergy player play types (RS+PO 2023-24..2025-26, pooled)"
203995,Vasilije Micic,0.83,0.464,806,0.66,,0,,1.022,0.385,insufficient_po_sample,PO half-court poss=0 (< 50),"Synergy player play types (RS+PO 2023-24..2025-26, pooled)"
1641796,Pelle Larsson,0.936,0.438,796,0.402,1.182,11,0.246,1.028,0.575,insufficient_po_sample,PO half-court poss=11 (< 50),"Synergy player play types (RS+PO 2023-24..2025-26, pooled)"
203482,Kelly Olynyk,1.023,0.321,788,0.507,,0,,0.972,0.5,insufficient_po_sample,PO half-court poss=0 (< 50),"Synergy player play types (RS+PO 2023-24..2025-26, pooled)"
1642270,Donovan Clingan,0.899,0.484,786,0.299,1.208,24,0.309,1.137,0.329,insufficient_po_sample,PO half-court poss=24 (< 50),"Synergy player play types (RS+PO 2023-24..2025-26, pooled)"
1642262,Cody Williams,0.909,0.369,778,0.409,,0,,0.961,0.203,insufficient_po_sample,PO half-court poss=0 (< 50),"Synergy player play types (RS+PO 2023-24..2025-26, pooled)"
1642346,Ryan Dunn,0.933,0.39,777,0.376,,0,,0.941,0.393,insufficient_po_sample,PO half-court poss=0 (< 50),"Synergy player play types (RS+PO 2023-24..2025-26, pooled)"
1641744,Zach Edey,0.96,0.366,766,0.497,0.794,34,-0.165,1.011,0.533,insufficient_po_sample,PO half-court poss=34 (< 50),"Synergy player play types (RS+PO 2023-24..2025-26, pooled)"
1631133,Jabari Walker,0.925,0.457,765,0.371,,0,,0.955,0.255,insufficient_po_sample,PO half-court poss=0 (< 50),"Synergy player play types (RS+PO 2023-24..2025-26, pooled)"
1642266,Ja'Kobe Walter,0.95,0.39,761,0.406,0.981,53,0.031,1.018,0.599,holds_up,,"Synergy player play types (RS+PO 2023-24..2025-26, pooled)"
202692,Alec Burks,0.934,0.56,760,0.505,0.75,28,-0.184,1.146,0.642,insufficient_po_sample,PO half-court poss=28 (< 50),"Synergy player play types (RS+PO 2023-24..2025-26, pooled)"
1630551,Justin Champagnie,0.935,0.428,755,0.349,,0,,1.016,0.655,insufficient_po_sample,PO half-court poss=0 (< 50),"Synergy player play types (RS+PO 2023-24..2025-26, pooled)"
203486,Mason Plumlee,1.009,0.272,751,0.501,1.32,25,0.311,0.995,0.507,insufficient_po_sample,PO half-court poss=25 (< 50),"Synergy player play types (RS+PO 2023-24..2025-26, pooled)"
1629611,Terance Mann,0.93,0.545,747,0.36,0.98,49,0.049,1.029,0.507,insufficient_po_sample,PO half-court poss=49 (< 50),"Synergy player play types (RS+PO 2023-24..2025-26, pooled)"
1631104,Blake Wesley,0.905,0.376,746,0.541,,0,,0.968,0.273,insufficient_po_sample,PO half-court poss=0 (< 50),"Synergy player play types (RS+PO 2023-24..2025-26, pooled)"
1631200,Kris Murray,0.857,0.551,742,0.385,,0,,0.855,0.302,insufficient_po_sample,PO half-court poss=0 (< 50),"Synergy player play types (RS+PO 2023-24..2025-26, pooled)"
1631218,Trayce Jackson-Davis,0.85,0.561,741,0.401,1.1,10,0.25,0.985,0.47,insufficient_po_sample,PO half-court poss=10 (< 50),"Synergy player play types (RS+PO 2023-24..2025-26, pooled)"
1629004,Svi Mykhailiuk,0.916,0.485,738,0.464,,0,,1.068,0.625,insufficient_po_sample,PO half-court poss=0 (< 50),"Synergy player play types (RS+PO 2023-24..2025-26, pooled)"
1630570,Trendon Watford,0.977,0.533,737,0.388,,0,,0.949,0.461,insufficient_po_sample,PO half-court poss=0 (< 50),"Synergy player play types (RS+PO 2023-24..2025-26, pooled)"
1627827,Dorian Finney-Smith,0.901,0.557,730,0.363,0.923,13,0.022,0.992,0.401,insufficient_po_sample,PO half-court poss=13 (< 50),"Synergy player play types (RS+PO 2023-24..2025-26, pooled)"
1630572,Sandro Mamukelashvili,0.939,0.412,725,0.348,1.0,19,0.061,1.14,0.618,insufficient_po_sample,PO half-court poss=19 (< 50),"Synergy player play types (RS+PO 2023-24..2025-26, pooled)"
203914,Gary Harris,0.921,0.487,718,0.492,0.872,47,-0.048,1.086,0.571,insufficient_po_sample,PO half-court poss=47 (< 50),"Synergy player play types (RS+PO 2023-24..2025-26, pooled)"
1630208,Nick Richards,0.882,0.655,714,0.367,,0,,1.176,0.191,insufficient_po_sample,PO half-court poss=0 (< 50),"Synergy player play types (RS+PO 2023-24..2025-26, pooled)"
1627777,Georges Niang,0.923,0.616,714,0.419,1.043,23,0.121,1.131,0.43,insufficient_po_sample,PO half-court poss=23 (< 50),"Synergy player play types (RS+PO 2023-24..2025-26, pooled)"
203939,Dwight Powell,0.972,0.334,706,0.476,,0,,1.042,0.547,insufficient_po_sample,PO half-court poss=0 (< 50),"Synergy player play types (RS+PO 2023-24..2025-26, pooled)"
1641737,Adem Bona,0.847,0.668,695,0.431,0.806,36,-0.042,1.19,0.295,insufficient_po_sample,PO half-court poss=36 (< 50),"Synergy player play types (RS+PO 2023-24..2025-26, pooled)"
1642285,Cam Spencer,1.004,0.791,692,0.534,,0,,1.108,0.522,insufficient_po_sample,PO half-court poss=0 (< 50),"Synergy player play types (RS+PO 2023-24..2025-26, pooled)"
1641726,Dereck Lively II,0.891,0.637,686,0.489,0.864,88,-0.027,1.098,0.315,neutral,,"Synergy player play types (RS+PO 2023-24..2025-26, pooled)"
1642875,Maxime Raynaud,0.948,0.315,678,0.377,,0,,1.037,0.446,insufficient_po_sample,PO half-court poss=0 (< 50),"Synergy player play types (RS+PO 2023-24..2025-26, pooled)"
1631107,Nikola Jović,0.856,0.615,675,0.319,0.741,27,-0.116,0.966,0.582,insufficient_po_sample,PO half-court poss=27 (< 50),"Synergy player play types (RS+PO 2023-24..2025-26, pooled)"
1630553,Keon Johnson,0.883,0.351,675,0.425,,0,,1.057,0.287,insufficient_po_sample,PO half-court poss=0 (< 50),"Synergy player play types (RS+PO 2023-24..2025-26, pooled)"
1642450,Daniss Jenkins,0.775,0.444,666,0.545,0.705,95,-0.07,1.038,0.907,slips,,"Synergy player play types (RS+PO 2023-24..2025-26, pooled)"
203991,Clint Capela,0.968,0.46,652,0.265,,0,,1.094,0.291,insufficient_po_sample,PO half-court poss=0 (< 50),"Synergy player play types (RS+PO 2023-24..2025-26, pooled)"
1642261,Dalton Knecht,0.868,0.479,650,0.44,,0,,1.148,0.572,insufficient_po_sample,PO half-court poss=0 (< 50),"Synergy player play types (RS+PO 2023-24..2025-26, pooled)"
1642348,Justin Edwards,0.923,0.536,649,0.421,1.316,19,0.393,1.078,0.41,insufficient_po_sample,PO half-court poss=19 (< 50),"Synergy player play types (RS+PO 2023-24..2025-26, pooled)"
203937,Kyle Anderson,0.838,0.547,647,0.384,0.979,47,0.141,0.962,0.43,insufficient_po_sample,PO half-court poss=47 (< 50),"Synergy player play types (RS+PO 2023-24..2025-26, pooled)"
1628371,Jonathan Isaac,0.847,0.634,641,0.406,0.778,27,-0.069,0.865,0.403,insufficient_po_sample,PO half-court poss=27 (< 50),"Synergy player play types (RS+PO 2023-24..2025-26, pooled)"
1642907,Cedric Coward,0.987,0.351,637,0.452,,0,,0.913,0.606,insufficient_po_sample,PO half-court poss=0 (< 50),"Synergy player play types (RS+PO 2023-24..2025-26, pooled)"
1630215,Jared Butler,0.868,0.376,634,0.687,,0,,1.059,0.586,insufficient_po_sample,PO half-court poss=0 (< 50),"Synergy player play types (RS+PO 2023-24..2025-26, pooled)"
1642363,Nique Clifford,0.891,0.353,626,0.435,,0,,1.006,0.174,insufficient_po_sample,PO half-court poss=0 (< 50),"Synergy player play types (RS+PO 2023-24..2025-26, pooled)"
1642844,Dylan Harper,0.869,0.75,625,0.504,0.766,192,-0.103,1.027,0.701,slips,,"Synergy player play types (RS+PO 2023-24..2025-26, pooled)"
1627824,Guerschon Yabusele,0.929,0.303,624,0.38,,0,,1.021,0.498,insufficient_po_sample,PO half-court poss=0 (< 50),"Synergy player play types (RS+PO 2023-24..2025-26, pooled)"
1641871,Duop Reath,0.927,0.44,619,0.43,,0,,1.088,0.553,insufficient_po_sample,PO half-court poss=0 (< 50),"Synergy player play types (RS+PO 2023-24..2025-26, pooled)"
1628998,Cody Martin,0.837,0.389,614,0.507,,0,,0.931,0.181,insufficient_po_sample,PO half-court poss=0 (< 50),"Synergy player play types (RS+PO 2023-24..2025-26, pooled)"
1629026,Kenrich Williams,0.939,0.479,610,0.336,0.6,15,-0.339,1.08,0.469,insufficient_po_sample,PO half-court poss=15 (< 50),"Synergy player play types (RS+PO 2023-24..2025-26, pooled)"
1642883,Sion James,0.88,0.478,609,0.526,,0,,1.02,0.594,insufficient_po_sample,PO half-court poss=0 (< 50),"Synergy player play types (RS+PO 2023-24..2025-26, pooled)"
1641715,Cam Whitmore,0.825,0.56,604,0.364,,0,,1.062,0.485,insufficient_po_sample,PO half-court poss=0 (< 50),"Synergy player play types (RS+PO 2023-24..2025-26, pooled)"
201587,Nicolas Batum,0.892,0.563,603,0.369,0.685,54,-0.207,1.054,0.845,slips,,"Synergy player play types (RS+PO 2023-24..2025-26, pooled)"
1642272,Jared McCain,0.97,0.547,594,0.562,0.873,63,-0.097,1.103,0.407,slips,,"Synergy player play types (RS+PO 2023-24..2025-26, pooled)"
1641757,Jordan Miller,0.899,0.524,594,0.466,,0,,1.022,0.635,insufficient_po_sample,PO half-court poss=0 (< 50),"Synergy player play types (RS+PO 2023-24..2025-26, pooled)"
1627780,Gary Payton II,0.901,0.503,588,0.303,1.0,19,0.099,0.983,0.436,insufficient_po_sample,PO half-court poss=19 (< 50),"Synergy player play types (RS+PO 2023-24..2025-26, pooled)"
1631207,Dalen Terry,0.882,0.526,583,0.444,,0,,0.932,0.474,insufficient_po_sample,PO half-court poss=0 (< 50),"Synergy player play types (RS+PO 2023-24..2025-26, pooled)"
1628467,Maxi Kleber,0.856,0.565,578,0.482,1.139,36,0.282,1.009,0.413,insufficient_po_sample,PO half-court poss=36 (< 50),"Synergy player play types (RS+PO 2023-24..2025-26, pooled)"
1630611,Gui Santos,0.913,0.446,578,0.357,,0,,1.084,0.337,insufficient_po_sample,PO half-court poss=0 (< 50),"Synergy player play types (RS+PO 2023-24..2025-26, pooled)"
1642366,Quinten Post,0.934,0.5,575,0.366,1.167,42,0.233,0.982,0.449,insufficient_po_sample,PO half-court poss=42 (< 50),"Synergy player play types (RS+PO 2023-24..2025-26, pooled)"
1628464,Daniel Theis,0.904,0.51,572,0.458,,0,,0.869,0.734,insufficient_po_sample,PO half-court poss=0 (< 50),"Synergy player play types (RS+PO 2023-24..2025-26, pooled)"
201569,Eric Gordon,0.794,0.564,568,0.371,0.6,10,-0.194,1.153,0.682,insufficient_po_sample,PO half-court poss=10 (< 50),"Synergy player play types (RS+PO 2023-24..2025-26, pooled)"
1630165,Killian Hayes,0.891,0.326,568,0.666,,0,,0.916,0.4,insufficient_po_sample,PO half-court poss=0 (< 50),"Synergy player play types (RS+PO 2023-24..2025-26, pooled)"
203500,Steven Adams,0.832,0.672,564,0.442,0.647,17,-0.185,1.051,0.507,insufficient_po_sample,PO half-court poss=17 (< 50),"Synergy player play types (RS+PO 2023-24..2025-26, pooled)"
1641750,Ryan Kalkbrenner,0.911,0.524,561,0.457,,0,,0.982,0.732,insufficient_po_sample,PO half-court poss=0 (< 50),"Synergy player play types (RS+PO 2023-24..2025-26, pooled)"
1629750,Javonte Green,0.903,0.542,558,0.33,0.625,32,-0.278,1.095,0.494,insufficient_po_sample,PO half-court poss=32 (< 50),"Synergy player play types (RS+PO 2023-24..2025-26, pooled)"
1631213,Tyrese Martin,0.853,0.455,558,0.41,,0,,1.084,0.404,insufficient_po_sample,PO half-court poss=0 (< 50),"Synergy player play types (RS+PO 2023-24..2025-26, pooled)"
1631245,Quenton Jackson,0.887,0.588,548,0.475,,0,,1.056,0.391,insufficient_po_sample,PO half-court poss=0 (< 50),"Synergy player play types (RS+PO 2023-24..2025-26, pooled)"
1642849,Nolan Traore,0.846,0.268,544,0.5,,0,,0.97,0.284,insufficient_po_sample,PO half-court poss=0 (< 50),"Synergy player play types (RS+PO 2023-24..2025-26, pooled)"
1631103,Malaki Branham,0.902,0.21,543,0.467,,0,,1.105,0.388,insufficient_po_sample,PO half-court poss=0 (< 50),"Synergy player play types (RS+PO 2023-24..2025-26, pooled)"
202711,Bojan Bogdanovic,0.974,0.498,539,0.513,,0,,1.027,0.592,insufficient_po_sample,PO half-court poss=0 (< 50),"Synergy player play types (RS+PO 2023-24..2025-26, pooled)"
1631248,Baylor Scheierman,0.895,0.489,532,0.473,,0,,1.173,0.64,insufficient_po_sample,PO half-court poss=0 (< 50),"Synergy player play types (RS+PO 2023-24..2025-26, pooled)"
1630164,James Wiseman,0.989,0.351,530,0.532,,0,,1.0,0.337,insufficient_po_sample,PO half-court poss=0 (< 50),"Synergy player play types (RS+PO 2023-24..2025-26, pooled)"
1628963,Marvin Bagley III,0.945,0.4,528,0.552,,0,,0.74,0.654,insufficient_po_sample,PO half-court poss=0 (< 50),"Synergy player play types (RS+PO 2023-24..2025-26, pooled)"
1642265,Rob Dillingham,0.75,0.405,527,0.633,,0,,0.909,0.662,insufficient_po_sample,PO half-court poss=0 (< 50),"Synergy player play types (RS+PO 2023-24..2025-26, pooled)"
1626204,Larry Nance Jr.,0.912,0.547,525,0.396,0.667,15,-0.246,1.142,0.532,insufficient_po_sample,PO half-court poss=15 (< 50),"Synergy player play types (RS+PO 2023-24..2025-26, pooled)"
1642281,Jaylon Tyson,0.815,0.611,523,0.35,0.898,59,0.084,1.231,0.63,holds_up,,"Synergy player play types (RS+PO 2023-24..2025-26, pooled)"
1626168,Trey Lyles,1.017,0.336,521,0.371,,0,,1.085,0.575,insufficient_po_sample,PO half-court poss=0 (< 50),"Synergy player play types (RS+PO 2023-24..2025-26, pooled)"
1629011,Mitchell Robinson,0.847,0.7,511,0.41,0.826,207,-0.021,0.927,0.832,neutral,,"Synergy player play types (RS+PO 2023-24..2025-26, pooled)"
1642948,Ryan Nembhard,0.794,0.433,509,0.593,,0,,0.972,0.388,insufficient_po_sample,PO half-court poss=0 (< 50),"Synergy player play types (RS+PO 2023-24..2025-26, pooled)"
1631230,Dominick Barlow,0.947,0.445,506,0.319,0.958,24,0.012,0.907,0.431,insufficient_po_sample,PO half-court poss=24 (< 50),"Synergy player play types (RS+PO 2023-24..2025-26, pooled)"
1642848,Tre Johnson,0.911,0.498,492,0.474,,0,,0.944,0.501,insufficient_po_sample,PO half-court poss=0 (< 50),"Synergy player play types (RS+PO 2023-24..2025-26, pooled)"
1630579,Jericho Sims,0.913,0.536,492,0.444,0.6,10,-0.313,1.093,0.395,insufficient_po_sample,PO half-court poss=10 (< 50),"Synergy player play types (RS+PO 2023-24..2025-26, pooled)"
1642383,Walter Clayton Jr.,0.906,0.419,490,0.589,,0,,0.836,0.602,insufficient_po_sample,PO half-court poss=0 (< 50),"Synergy player play types (RS+PO 2023-24..2025-26, pooled)"
1630311,Pat Spencer,0.869,0.48,487,0.531,,0,,1.108,0.223,insufficient_po_sample,PO half-court poss=0 (< 50),"Synergy player play types (RS+PO 2023-24..2025-26, pooled)"
1629057,Robert Williams III,0.837,0.658,484,0.442,0.853,34,0.016,1.067,0.448,insufficient_po_sample,PO half-court poss=34 (< 50),"Synergy player play types (RS+PO 2023-24..2025-26, pooled)"
1629022,Lonnie Walker IV,0.954,0.347,481,0.714,,0,,1.047,0.536,insufficient_po_sample,PO half-court poss=0 (< 50),"Synergy player play types (RS+PO 2023-24..2025-26, pooled)"
1629006,Josh Okogie,0.887,0.62,476,0.319,1.2,15,0.313,1.008,0.458,insufficient_po_sample,PO half-court poss=15 (< 50),"Synergy player play types (RS+PO 2023-24..2025-26, pooled)"
201976,Patrick Beverley,0.895,0.662,475,0.579,1.034,58,0.14,0.978,0.689,holds_up,,"Synergy player play types (RS+PO 2023-24..2025-26, pooled)"
1629680,Matisse Thybulle,0.825,0.65,473,0.434,,0,,1.005,0.58,insufficient_po_sample,PO half-court poss=0 (< 50),"Synergy player play types (RS+PO 2023-24..2025-26, pooled)"
1642860,Will Riley,0.889,0.424,468,0.436,,0,,1.042,0.361,insufficient_po_sample,PO half-court poss=0 (< 50),"Synergy player play types (RS+PO 2023-24..2025-26, pooled)"
1641724,Jett Howard,0.884,0.377,467,0.505,,0,,1.144,0.646,insufficient_po_sample,PO half-court poss=0 (< 50),"Synergy player play types (RS+PO 2023-24..2025-26, pooled)"
1642275,Tidjane Salaün,0.802,0.549,464,0.379,,0,,1.093,0.229,insufficient_po_sample,PO half-court poss=0 (< 50),"Synergy player play types (RS+PO 2023-24..2025-26, pooled)"
1628372,Dennis Smith Jr.,0.844,0.523,462,0.751,,0,,0.829,0.149,insufficient_po_sample,PO half-court poss=0 (< 50),"Synergy player play types (RS+PO 2023-24..2025-26, pooled)"
1630256,Jae'Sean Tate,0.946,0.502,460,0.455,,0,,1.043,0.467,insufficient_po_sample,PO half-court poss=0 (< 50),"Synergy player play types (RS+PO 2023-24..2025-26, pooled)"
1629629,Cam Reddish,0.906,0.563,457,0.491,,0,,1.01,0.164,insufficient_po_sample,PO half-court poss=0 (< 50),"Synergy player play types (RS+PO 2023-24..2025-26, pooled)"
1642920,Kobe Sanders,0.86,0.477,456,0.459,,0,,1.224,0.594,insufficient_po_sample,PO half-court poss=0 (< 50),"Synergy player play types (RS+PO 2023-24..2025-26, pooled)"
1629020,Jarred Vanderbilt,0.985,0.328,456,0.356,,0,,0.873,0.482,insufficient_po_sample,PO half-court poss=0 (< 50),"Synergy player play types (RS+PO 2023-24..2025-26, pooled)"
1630548,Johnny Juzang,0.98,0.338,453,0.424,,0,,1.184,0.571,insufficient_po_sample,PO half-court poss=0 (< 50),"Synergy player play types (RS+PO 2023-24..2025-26, pooled)"
1630696,Dru Smith,0.892,0.6,452,0.409,,0,,0.985,0.537,insufficient_po_sample,PO half-court poss=0 (< 50),"Synergy player play types (RS+PO 2023-24..2025-26, pooled)"
1642354,KJ Simpson,0.821,0.365,442,0.555,,0,,0.923,0.202,insufficient_po_sample,PO half-court poss=0 (< 50),"Synergy player play types (RS+PO 2023-24..2025-26, pooled)"
200768,Kyle Lowry,0.89,0.577,438,0.385,,0,,1.161,0.285,insufficient_po_sample,PO half-court poss=0 (< 50),"Synergy player play types (RS+PO 2023-24..2025-26, pooled)"
1629618,Jalen Pickett,0.858,0.646,436,0.502,,0,,0.98,0.611,insufficient_po_sample,PO half-court poss=0 (< 50),"Synergy player play types (RS+PO 2023-24..2025-26, pooled)"
1641765,Olivier-Maxence Prosper,0.924,0.446,435,0.343,,0,,0.99,0.492,insufficient_po_sample,PO half-court poss=0 (< 50),"Synergy player play types (RS+PO 2023-24..2025-26, pooled)"
1628366,Lonzo Ball,0.952,0.378,434,0.432,,0,,0.975,0.508,insufficient_po_sample,PO half-court poss=0 (< 50),"Synergy player play types (RS+PO 2023-24..2025-26, pooled)"
203552,Seth Curry,0.972,0.532,434,0.481,,0,,1.109,0.595,insufficient_po_sample,PO half-court poss=0 (< 50),"Synergy player play types (RS+PO 2023-24..2025-26, pooled)"
202330,Gordon Hayward,0.855,0.427,433,0.544,,0,,1.07,0.539,insufficient_po_sample,PO half-court poss=0 (< 50),"Synergy player play types (RS+PO 2023-24..2025-26, pooled)"
1641774,Tristan Vukcevic,1.012,0.342,432,0.319,,0,,1.055,0.317,insufficient_po_sample,PO half-court poss=0 (< 50),"Synergy player play types (RS+PO 2023-24..2025-26, pooled)"
1641740,Jaylen Clark,0.937,0.38,426,0.457,,0,,1.03,0.6,insufficient_po_sample,PO half-court poss=0 (< 50),"Synergy player play types (RS+PO 2023-24..2025-26, pooled)"
1629726,Garrison Mathews,0.986,0.421,421,0.448,,0,,1.27,0.41,insufficient_po_sample,PO half-court poss=0 (< 50),"Synergy player play types (RS+PO 2023-24..2025-26, pooled)"
201567,Kevin Love,0.935,0.55,416,0.306,,0,,1.007,0.681,insufficient_po_sample,PO half-court poss=0 (< 50),"Synergy player play types (RS+PO 2023-24..2025-26, pooled)"
1642856,Egor Dëmin,0.932,0.345,410,0.464,,0,,1.08,0.78,insufficient_po_sample,PO half-court poss=0 (< 50),"Synergy player play types (RS+PO 2023-24..2025-26, pooled)"
1630527,Brandon Boston,0.827,0.333,410,0.737,,0,,0.891,0.221,insufficient_po_sample,PO half-court poss=0 (< 50),"Synergy player play types (RS+PO 2023-24..2025-26, pooled)"
1642879,Ben Saraf,0.795,0.423,405,0.527,,0,,0.986,0.106,insufficient_po_sample,PO half-court poss=0 (< 50),"Synergy player play types (RS+PO 2023-24..2025-26, pooled)"
1631255,Karlo Matković,0.888,0.547,403,0.332,,0,,1.072,0.488,insufficient_po_sample,PO half-court poss=0 (< 50),"Synergy player play types (RS+PO 2023-24..2025-26, pooled)"
1628418,Thomas Bryant,1.005,0.545,398,0.334,0.972,72,-0.033,1.123,0.134,neutral,,"Synergy player play types (RS+PO 2023-24..2025-26, pooled)"
1631121,Bryce McGowens,0.962,0.546,396,0.36,,0,,0.99,0.664,insufficient_po_sample,PO half-court poss=0 (< 50),"Synergy player play types (RS+PO 2023-24..2025-26, pooled)"
1642874,Danny Wolf,0.822,0.338,394,0.401,,0,,0.979,0.462,insufficient_po_sample,PO half-court poss=0 (< 50),"Synergy player play types (RS+PO 2023-24..2025-26, pooled)"
203957,Dante Exum,0.923,0.379,392,0.426,,0,,1.308,0.606,insufficient_po_sample,PO half-court poss=0 (< 50),"Synergy player play types (RS+PO 2023-24..2025-26, pooled)"
1626192,Pat Connaughton,0.99,0.437,392,0.331,1.273,11,0.283,1.069,0.584,insufficient_po_sample,PO half-court poss=11 (< 50),"Synergy player play types (RS+PO 2023-24..2025-26, pooled)"
1631172,Ousmane Dieng,0.796,0.288,383,0.51,,0,,0.801,0.514,insufficient_po_sample,PO half-court poss=0 (< 50),"Synergy player play types (RS+PO 2023-24..2025-26, pooled)"
1642367,Jonathan Mogbo,0.762,0.746,383,0.394,,0,,0.803,0.498,insufficient_po_sample,PO half-court poss=0 (< 50),"Synergy player play types (RS+PO 2023-24..2025-26, pooled)"
1626158,Richaun Holmes,0.901,0.503,382,0.495,,0,,1.265,0.119,insufficient_po_sample,PO half-court poss=0 (< 50),"Synergy player play types (RS+PO 2023-24..2025-26, pooled)"
1631126,Caleb Love,0.845,0.399,380,0.474,,0,,0.949,0.197,insufficient_po_sample,PO half-court poss=0 (< 50),"Synergy player play types (RS+PO 2023-24..2025-26, pooled)"
1642269,Devin Carter,0.905,0.298,379,0.451,,0,,1.096,0.083,insufficient_po_sample,PO half-court poss=0 (< 50),"Synergy player play types (RS+PO 2023-24..2025-26, pooled)"
1629723,John Konchar,0.794,0.606,369,0.426,1.1,10,0.306,0.877,0.288,insufficient_po_sample,PO half-court poss=10 (< 50),"Synergy player play types (RS+PO 2023-24..2025-26, pooled)"
1631243,Mouhamed Gueye,0.858,0.647,366,0.33,,0,,0.848,0.488,insufficient_po_sample,PO half-court poss=0 (< 50),"Synergy player play types (RS+PO 2023-24..2025-26, pooled)"
1642954,Will Richard,0.932,0.3,365,0.396,,0,,1.023,0.329,insufficient_po_sample,PO half-court poss=0 (< 50),"Synergy player play types (RS+PO 2023-24..2025-26, pooled)"
1642867,Collin Murray-Boyles,0.896,0.657,364,0.359,0.583,36,-0.312,0.976,0.657,insufficient_po_sample,PO half-court poss=36 (< 50),"Synergy player play types (RS+PO 2023-24..2025-26, pooled)"
1628975,Jevon Carter,0.779,0.58,362,0.408,,0,,0.955,0.436,insufficient_po_sample,PO half-court poss=0 (< 50),"Synergy player play types (RS+PO 2023-24..2025-26, pooled)"
1642962,Drake Powell,0.847,0.455,352,0.452,,0,,0.945,0.291,insufficient_po_sample,PO half-court poss=0 (< 50),"Synergy player play types (RS+PO 2023-24..2025-26, pooled)"
1626196,Josh Richardson,0.89,0.668,345,0.416,,0,,1.101,0.281,insufficient_po_sample,PO half-court poss=0 (< 50),"Synergy player play types (RS+PO 2023-24..2025-26, pooled)"
1641707,Taylor Hendricks,1.058,0.225,344,0.361,,0,,1.179,0.428,insufficient_po_sample,PO half-court poss=0 (< 50),"Synergy player play types (RS+PO 2023-24..2025-26, pooled)"
1641775,Jordan Walsh,0.896,0.442,338,0.431,0.957,23,0.06,1.085,0.55,insufficient_po_sample,PO half-court poss=23 (< 50),"Synergy player play types (RS+PO 2023-24..2025-26, pooled)"
1630201,Malachi Flynn,0.923,0.448,338,0.592,,0,,0.979,0.403,insufficient_po_sample,PO half-court poss=0 (< 50),"Synergy player play types (RS+PO 2023-24..2025-26, pooled)"
1630568,Luka Garza,0.878,0.553,337,0.345,,0,,1.134,0.694,insufficient_po_sample,PO half-court poss=0 (< 50),"Synergy player play types (RS+PO 2023-24..2025-26, pooled)"
1630811,Keaton Wallace,0.78,0.552,336,0.462,,0,,1.107,0.444,insufficient_po_sample,PO half-court poss=0 (< 50),"Synergy player play types (RS+PO 2023-24..2025-26, pooled)"
1628420,Monte Morris,0.765,0.704,327,0.58,,0,,1.076,0.565,insufficient_po_sample,PO half-court poss=0 (< 50),"Synergy player play types (RS+PO 2023-24..2025-26, pooled)"
203926,Doug McDermott,1.022,0.563,321,0.43,,0,,1.19,0.532,insufficient_po_sample,PO half-court poss=0 (< 50),"Synergy player play types (RS+PO 2023-24..2025-26, pooled)"
1627732,Ben Simmons,0.83,0.438,318,0.447,,0,,1.171,0.27,insufficient_po_sample,PO half-court poss=0 (< 50),"Synergy player play types (RS+PO 2023-24..2025-26, pooled)"
1630192,Zeke Nnaji,0.826,0.609,317,0.372,,0,,1.046,0.438,insufficient_po_sample,PO half-court poss=0 (< 50),"Synergy player play types (RS+PO 2023-24..2025-26, pooled)"
1641748,Andre Jackson Jr.,1.06,0.228,315,0.391,0.636,11,-0.424,1.184,0.118,insufficient_po_sample,PO half-court poss=11 (< 50),"Synergy player play types (RS+PO 2023-24..2025-26, pooled)"
1630288,Jeff Dowtin Jr.,0.968,0.556,308,0.658,,0,,1.046,0.859,insufficient_po_sample,PO half-court poss=0 (< 50),"Synergy player play types (RS+PO 2023-24..2025-26, pooled)"
1642864,Hugo González,0.935,0.402,308,0.424,,0,,1.042,0.604,insufficient_po_sample,PO half-court poss=0 (< 50),"Synergy player play types (RS+PO 2023-24..2025-26, pooled)"
1630214,Xavier Tillman,0.967,0.39,304,0.562,,0,,0.903,0.249,insufficient_po_sample,PO half-court poss=0 (< 50),"Synergy player play types (RS+PO 2023-24..2025-26, pooled)"
201145,Jeff Green,0.974,0.485,302,0.307,,0,,1.039,0.676,insufficient_po_sample,PO half-court poss=0 (< 50),"Synergy player play types (RS+PO 2023-24..2025-26, pooled)"
1631216,Caleb Houstan,0.914,0.406,301,0.368,,0,,1.105,0.735,insufficient_po_sample,PO half-court poss=0 (< 50),"Synergy player play types (RS+PO 2023-24..2025-26, pooled)"
1642914,Javon Small,0.92,0.726,300,0.456,,0,,0.916,0.75,insufficient_po_sample,PO half-court poss=0 (< 50),"Synergy player play types (RS+PO 2023-24..2025-26, pooled)"
1642461,Spencer Jones,0.933,0.549,297,0.368,0.588,17,-0.344,1.055,0.683,insufficient_po_sample,PO half-court poss=17 (< 50),"Synergy player play types (RS+PO 2023-24..2025-26, pooled)"
1631288,Jamal Cain,0.912,0.645,297,0.349,1.048,21,0.135,0.957,0.627,insufficient_po_sample,PO half-court poss=21 (< 50),"Synergy player play types (RS+PO 2023-24..2025-26, pooled)"
202687,Bismack Biyombo,0.959,0.306,296,0.555,,0,,1.0,0.625,insufficient_po_sample,PO half-court poss=0 (< 50),"Synergy player play types (RS+PO 2023-24..2025-26, pooled)"
1629634,Brandon Clarke,0.912,0.367,294,0.306,,0,,0.945,0.288,insufficient_po_sample,PO half-court poss=0 (< 50),"Synergy player play types (RS+PO 2023-24..2025-26, pooled)"
1630526,Jeremiah Robinson-Earl,0.887,0.432,293,0.329,,0,,1.035,0.301,insufficient_po_sample,PO half-court poss=0 (< 50),"Synergy player play types (RS+PO 2023-24..2025-26, pooled)"
1631321,Sidy Cissoko,1.01,0.231,291,0.328,,0,,0.837,0.489,insufficient_po_sample,PO half-court poss=0 (< 50),"Synergy player play types (RS+PO 2023-24..2025-26, pooled)"
1629610,DaQuan Jeffries,0.907,0.352,289,0.449,,0,,0.958,0.319,insufficient_po_sample,PO half-court poss=0 (< 50),"Synergy player play types (RS+PO 2023-24..2025-26, pooled)"
1626174,Christian Wood,0.819,0.702,287,0.444,,0,,1.048,0.145,insufficient_po_sample,PO half-court poss=0 (< 50),"Synergy player play types (RS+PO 2023-24..2025-26, pooled)"
1630543,Isaiah Jackson,0.954,0.538,285,0.304,0.816,38,-0.139,1.156,0.173,insufficient_po_sample,PO half-court poss=38 (< 50),"Synergy player play types (RS+PO 2023-24..2025-26, pooled)"
1641741,Ricky Council IV,0.837,0.261,282,0.305,,0,,0.89,0.498,insufficient_po_sample,PO half-court poss=0 (< 50),"Synergy player play types (RS+PO 2023-24..2025-26, pooled)"
202397,Ish Smith,0.841,0.238,277,0.647,,0,,1.173,0.196,insufficient_po_sample,PO half-court poss=0 (< 50),"Synergy player play types (RS+PO 2023-24..2025-26, pooled)"
1628470,Torrey Craig,0.993,0.463,270,0.452,,0,,1.157,0.398,insufficient_po_sample,PO half-court poss=0 (< 50),"Synergy player play types (RS+PO 2023-24..2025-26, pooled)"
1641712,Rayan Rupert,0.951,0.311,268,0.427,,0,,0.809,0.355,insufficient_po_sample,PO half-court poss=0 (< 50),"Synergy player play types (RS+PO 2023-24..2025-26, pooled)"
1642278,Tyler Kolek,0.76,0.569,267,0.527,,0,,1.145,0.363,insufficient_po_sample,PO half-court poss=0 (< 50),"Synergy player play types (RS+PO 2023-24..2025-26, pooled)"
1641998,Trey Jemison III,1.019,0.225,264,0.483,,0,,0.859,0.614,insufficient_po_sample,PO half-court poss=0 (< 50),"Synergy player play types (RS+PO 2023-24..2025-26, pooled)"
1626224,Cedi Osman,1.049,0.276,264,0.328,,0,,1.119,0.26,insufficient_po_sample,PO half-court poss=0 (< 50),"Synergy player play types (RS+PO 2023-24..2025-26, pooled)"
1630537,Chris Duarte,0.938,0.395,258,0.512,,0,,1.015,0.178,insufficient_po_sample,PO half-court poss=0 (< 50),"Synergy player play types (RS+PO 2023-24..2025-26, pooled)"
1628449,Chris Boucher,1.047,0.276,256,0.256,,0,,1.21,0.563,insufficient_po_sample,PO half-court poss=0 (< 50),"Synergy player play types (RS+PO 2023-24..2025-26, pooled)"
1642857,Kasparas Jakučionis,0.941,0.343,255,0.376,,0,,1.136,0.723,insufficient_po_sample,PO half-court poss=0 (< 50),"Synergy player play types (RS+PO 2023-24..2025-26, pooled)"
1642419,Jamison Battle,1.004,0.665,252,0.378,1.417,12,0.413,1.099,0.445,insufficient_po_sample,PO half-court poss=12 (< 50),"Synergy player play types (RS+PO 2023-24..2025-26, pooled)"
1631342,Daeqwon Plowden,1.028,0.306,249,0.367,,0,,1.036,0.348,insufficient_po_sample,PO half-court poss=0 (< 50),"Synergy player play types (RS+PO 2023-24..2025-26, pooled)"
1642928,Dylan Cardwell,0.919,0.436,248,0.402,,0,,0.775,0.969,insufficient_po_sample,PO half-court poss=0 (< 50),"Synergy player play types (RS+PO 2023-24..2025-26, pooled)"
1641763,Julian Phillips,0.963,0.397,245,0.34,,0,,0.888,0.467,insufficient_po_sample,PO half-court poss=0 (< 50),"Synergy player play types (RS+PO 2023-24..2025-26, pooled)"
201599,DeAndre Jordan,0.872,0.6,243,0.34,,0,,0.958,0.691,insufficient_po_sample,PO half-court poss=0 (< 50),"Synergy player play types (RS+PO 2023-24..2025-26, pooled)"
1630545,Terrence Shannon Jr.,1.045,0.37,242,0.433,0.922,77,-0.123,0.99,0.534,slips,,"Synergy player play types (RS+PO 2023-24..2025-26, pooled)"
1631223,David Roddy,0.838,0.387,241,0.343,,0,,0.957,0.713,insufficient_po_sample,PO half-court poss=0 (< 50),"Synergy player play types (RS+PO 2023-24..2025-26, pooled)"
203967,Dario Saric,0.966,0.552,233,0.278,,0,,1.05,0.473,insufficient_po_sample,PO half-court poss=0 (< 50),"Synergy player play types (RS+PO 2023-24..2025-26, pooled)"
1642877,Micah Peavy,0.9,0.672,229,0.389,,0,,0.895,0.366,insufficient_po_sample,PO half-court poss=0 (< 50),"Synergy player play types (RS+PO 2023-24..2025-26, pooled)"
1626153,Delon Wright,0.773,0.414,220,0.473,,0,,0.987,0.629,insufficient_po_sample,PO half-court poss=0 (< 50),"Synergy player play types (RS+PO 2023-24..2025-26, pooled)"
1629003,Shake Milton,0.836,0.449,219,0.384,,0,,1.13,0.348,insufficient_po_sample,PO half-court poss=0 (< 50),"Synergy player play types (RS+PO 2023-24..2025-26, pooled)"
1628365,Markelle Fultz,1.0,0.256,219,0.402,1.243,37,0.243,0.988,0.324,insufficient_po_sample,PO half-court poss=37 (< 50),"Synergy player play types (RS+PO 2023-24..2025-26, pooled)"
1630264,Anthony Gill,0.886,0.442,219,0.349,,0,,1.032,0.708,insufficient_po_sample,PO half-court poss=0 (< 50),"Synergy player play types (RS+PO 2023-24..2025-26, pooled)"
1630536,Sharife Cooper,0.921,0.694,215,0.576,,0,,1.167,0.776,insufficient_po_sample,PO half-court poss=0 (< 50),"Synergy player play types (RS+PO 2023-24..2025-26, pooled)"
1641772,Nae'Qwan Tomlin,1.028,0.245,214,0.296,,0,,0.912,0.236,insufficient_po_sample,PO half-court poss=0 (< 50),"Synergy player play types (RS+PO 2023-24..2025-26, pooled)"
1642868,Carter Bryant,0.879,0.471,214,0.323,1.091,44,0.212,0.955,0.288,insufficient_po_sample,PO half-court poss=44 (< 50),"Synergy player play types (RS+PO 2023-24..2025-26, pooled)"
1642880,Kam Jones,0.869,0.562,214,0.531,,0,,0.957,0.086,insufficient_po_sample,PO half-court poss=0 (< 50),"Synergy player play types (RS+PO 2023-24..2025-26, pooled)"
1630695,Micah Potter,0.868,0.772,212,0.324,,0,,1.126,0.37,insufficient_po_sample,PO half-court poss=0 (< 50),"Synergy player play types (RS+PO 2023-24..2025-26, pooled)"
1630243,Trevelin Queen,0.896,0.237,212,0.586,,0,,1.153,0.365,insufficient_po_sample,PO half-court poss=0 (< 50),"Synergy player play types (RS+PO 2023-24..2025-26, pooled)"
1641810,Antonio Reeves,0.872,0.383,211,0.463,,0,,1.148,0.538,insufficient_po_sample,PO half-court poss=0 (< 50),"Synergy player play types (RS+PO 2023-24..2025-26, pooled)"
1642878,Tyrese Proctor,0.836,0.691,207,0.494,,0,,1.053,0.199,insufficient_po_sample,PO half-court poss=0 (< 50),"Synergy player play types (RS+PO 2023-24..2025-26, pooled)"
1642859,Jase Richardson,0.83,0.325,194,0.52,,0,,1.054,0.749,insufficient_po_sample,PO half-court poss=0 (< 50),"Synergy player play types (RS+PO 2023-24..2025-26, pooled)"
1642869,Noah Penda,0.859,0.532,191,0.358,,0,,0.995,0.197,insufficient_po_sample,PO half-court poss=0 (< 50),"Synergy player play types (RS+PO 2023-24..2025-26, pooled)"
202709,Cory Joseph,0.869,0.461,191,0.425,0.962,26,0.092,0.896,0.548,insufficient_po_sample,PO half-court poss=26 (< 50),"Synergy player play types (RS+PO 2023-24..2025-26, pooled)"
203095,Evan Fournier,0.874,0.403,190,0.621,,0,,0.808,0.699,insufficient_po_sample,PO half-court poss=0 (< 50),"Synergy player play types (RS+PO 2023-24..2025-26, pooled)"
1642277,Johnny Furphy,1.063,0.195,189,0.418,,0,,0.891,0.305,insufficient_po_sample,PO half-court poss=0 (< 50),"Synergy player play types (RS+PO 2023-24..2025-26, pooled)"
1630209,Omer Yurtseven,0.894,0.562,188,0.45,,0,,1.543,0.008,insufficient_po_sample,PO half-court poss=0 (< 50),"Synergy player play types (RS+PO 2023-24..2025-26, pooled)"
1629646,Charles Bassey,0.978,0.304,185,0.413,,0,,1.0,0.667,insufficient_po_sample,PO half-court poss=0 (< 50),"Synergy player play types (RS+PO 2023-24..2025-26, pooled)"
1630322,Lindy Waters III,0.859,0.478,185,0.459,,0,,1.122,0.31,insufficient_po_sample,PO half-court poss=0 (< 50),"Synergy player play types (RS+PO 2023-24..2025-26, pooled)"
1629670,Jordan Nwora,0.82,0.737,183,0.384,,0,,0.985,0.643,insufficient_po_sample,PO half-court poss=0 (< 50),"Synergy player play types (RS+PO 2023-24..2025-26, pooled)"
201568,Danilo Gallinari,0.933,0.443,179,0.526,,0,,0.976,0.371,insufficient_po_sample,PO half-court poss=0 (< 50),"Synergy player play types (RS+PO 2023-24..2025-26, pooled)"
201959,Taj Gibson,0.955,0.303,178,0.497,,0,,0.953,0.794,insufficient_po_sample,PO half-court poss=0 (< 50),"Synergy player play types (RS+PO 2023-24..2025-26, pooled)"
1641989,Elijah Harkless,0.977,0.574,177,0.427,,0,,0.844,0.378,insufficient_po_sample,PO half-court poss=0 (< 50),"Synergy player play types (RS+PO 2023-24..2025-26, pooled)"
1642358,AJ Johnson,0.812,0.438,176,0.718,,0,,1.057,0.003,insufficient_po_sample,PO half-court poss=0 (< 50),"Synergy player play types (RS+PO 2023-24..2025-26, pooled)"
1643007,Taelon Peter,0.943,0.276,176,0.485,,0,,0.919,0.457,insufficient_po_sample,PO half-court poss=0 (< 50),"Synergy player play types (RS+PO 2023-24..2025-26, pooled)"
1631131,Oscar Tshiebwe,0.926,0.43,175,0.311,,0,,1.093,0.384,insufficient_po_sample,PO half-court poss=0 (< 50),"Synergy player play types (RS+PO 2023-24..2025-26, pooled)"
1630619,Moussa Cisse,0.837,0.689,172,0.415,,0,,1.053,0.516,insufficient_po_sample,PO half-court poss=0 (< 50),"Synergy player play types (RS+PO 2023-24..2025-26, pooled)"
1631123,Jamaree Bouyea,0.784,0.277,171,0.94,,0,,,,insufficient_po_sample,PO half-court poss=0 (< 50),"Synergy player play types (RS+PO 2023-24..2025-26, pooled)"
1629002,Chimezie Metu,1.036,0.363,168,0.322,,0,,0.917,0.585,insufficient_po_sample,PO half-court poss=0 (< 50),"Synergy player play types (RS+PO 2023-24..2025-26, pooled)"
202684,Tristan Thompson,0.916,0.584,167,0.578,,0,,0.9,0.236,insufficient_po_sample,PO half-court poss=0 (< 50),"Synergy player play types (RS+PO 2023-24..2025-26, pooled)"
1631169,Josh Minott,0.939,0.557,165,0.419,,0,,1.169,0.36,insufficient_po_sample,PO half-court poss=0 (< 50),"Synergy player play types (RS+PO 2023-24..2025-26, pooled)"
1628964,Mo Bamba,0.877,0.422,163,0.275,,0,,0.976,0.528,insufficient_po_sample,PO half-court poss=0 (< 50),"Synergy player play types (RS+PO 2023-24..2025-26, pooled)"
204060,Joe Ingles,0.626,0.281,163,0.474,,0,,1.143,0.948,insufficient_po_sample,PO half-court poss=0 (< 50),"Synergy player play types (RS+PO 2023-24..2025-26, pooled)"
1630231,KJ Martin,1.006,0.297,161,0.266,,0,,0.973,0.543,insufficient_po_sample,PO half-court poss=0 (< 50),"Synergy player play types (RS+PO 2023-24..2025-26, pooled)"
203200,Justin Holiday,0.938,0.534,161,0.492,,0,,1.152,0.792,insufficient_po_sample,PO half-court poss=0 (< 50),"Synergy player play types (RS+PO 2023-24..2025-26, pooled)"
1642364,Jamir Watkins,0.873,0.44,157,0.251,,0,,1.055,0.12,insufficient_po_sample,PO half-court poss=0 (< 50),"Synergy player play types (RS+PO 2023-24..2025-26, pooled)"
1630699,MarJon Beauchamp,1.121,0.175,157,0.51,,0,,1.015,0.459,insufficient_po_sample,PO half-court poss=0 (< 50),"Synergy player play types (RS+PO 2023-24..2025-26, pooled)"
1642949,Yanic Konan Niederhäuser,0.831,0.767,154,0.43,,0,,1.361,0.024,insufficient_po_sample,PO half-court poss=0 (< 50),"Synergy player play types (RS+PO 2023-24..2025-26, pooled)"
1641787,Tosan Evbuomwan,0.902,0.541,153,0.52,,0,,1.354,0.413,insufficient_po_sample,PO half-court poss=0 (< 50),"Synergy player play types (RS+PO 2023-24..2025-26, pooled)"
1642382,Branden Carlson,0.875,0.624,152,0.339,,0,,1.092,0.445,insufficient_po_sample,PO half-court poss=0 (< 50),"Synergy player play types (RS+PO 2023-24..2025-26, pooled)"
1642853,Rasheer Fleming,0.919,0.44,148,0.312,,0,,0.936,0.51,insufficient_po_sample,PO half-court poss=0 (< 50),"Synergy player play types (RS+PO 2023-24..2025-26, pooled)"
1641778,Leaky Black,0.892,0.609,148,0.437,,0,,0.965,0.423,insufficient_po_sample,PO half-court poss=0 (< 50),"Synergy player play types (RS+PO 2023-24..2025-26, pooled)"
202694,Marcus Morris Sr.,0.916,0.637,143,0.416,0.889,18,-0.027,1.127,0.355,insufficient_po_sample,PO half-court poss=18 (< 50),"Synergy player play types (RS+PO 2023-24..2025-26, pooled)"
1630531,Jaden Springer,1.05,0.185,141,0.376,,0,,0.913,0.317,insufficient_po_sample,PO half-court poss=0 (< 50),"Synergy player play types (RS+PO 2023-24..2025-26, pooled)"
1631250,Pete Nance,0.986,0.505,141,0.305,,0,,1.094,0.714,insufficient_po_sample,PO half-court poss=0 (< 50),"Synergy player play types (RS+PO 2023-24..2025-26, pooled)"
1629626,Bol Bol,1.007,0.306,140,0.22,,0,,1.0,0.605,insufficient_po_sample,PO half-court poss=0 (< 50),"Synergy player play types (RS+PO 2023-24..2025-26, pooled)"
1629667,Jalen McDaniels,0.957,0.229,140,0.334,,0,,0.89,0.075,insufficient_po_sample,PO half-court poss=0 (< 50),"Synergy player play types (RS+PO 2023-24..2025-26, pooled)"
1631098,Johnny Davis,1.022,0.177,138,0.395,,0,,0.966,0.318,insufficient_po_sample,PO half-court poss=0 (< 50),"Synergy player play types (RS+PO 2023-24..2025-26, pooled)"
203109,Jae Crowder,0.897,0.779,136,0.245,,0,,1.021,0.379,insufficient_po_sample,PO half-court poss=0 (< 50),"Synergy player play types (RS+PO 2023-24..2025-26, pooled)"
1628396,Tony Bradley,0.971,0.348,136,0.41,0.778,18,-0.193,1.41,0.056,insufficient_po_sample,PO half-court poss=18 (< 50),"Synergy player play types (RS+PO 2023-24..2025-26, pooled)"
1629162,Jordan McLaughlin,0.867,0.675,135,0.549,,0,,1.068,0.438,insufficient_po_sample,PO half-court poss=0 (< 50),"Synergy player play types (RS+PO 2023-24..2025-26, pooled)"
1628972,Troy Brown Jr.,0.993,0.381,134,0.353,,0,,1.146,0.402,insufficient_po_sample,PO half-court poss=0 (< 50),"Synergy player play types (RS+PO 2023-24..2025-26, pooled)"
1641723,Kobe Bufkin,0.88,0.604,133,0.583,,0,,0.788,0.298,insufficient_po_sample,PO half-court poss=0 (< 50),"Synergy player play types (RS+PO 2023-24..2025-26, pooled)"
1628966,Keita Bates-Diop,0.91,0.483,133,0.454,,0,,1.021,0.686,insufficient_po_sample,PO half-court poss=0 (< 50),"Synergy player play types (RS+PO 2023-24..2025-26, pooled)"
1630205,Lamar Stevens,0.939,0.605,132,0.392,,0,,1.074,0.513,insufficient_po_sample,PO half-court poss=0 (< 50),"Synergy player play types (RS+PO 2023-24..2025-26, pooled)"
1631367,Jacob Gilyard,0.863,0.611,131,0.799,,0,,0.6,0.982,insufficient_po_sample,PO half-court poss=0 (< 50),"Synergy player play types (RS+PO 2023-24..2025-26, pooled)"
201565,Derrick Rose,0.732,0.651,127,0.57,,0,,1.065,0.592,insufficient_po_sample,PO half-court poss=0 (< 50),"Synergy player play types (RS+PO 2023-24..2025-26, pooled)"
203901,Elfrid Payton,0.568,0.149,125,0.791,,0,,0.556,0.018,insufficient_po_sample,PO half-court poss=0 (< 50),"Synergy player play types (RS+PO 2023-24..2025-26, pooled)"
1630556,Kessler Edwards,1.128,0.103,125,0.355,,0,,1.235,0.352,insufficient_po_sample,PO half-court poss=0 (< 50),"Synergy player play types (RS+PO 2023-24..2025-26, pooled)"
202722,Davis Bertans,0.976,0.739,124,0.302,,0,,1.107,0.665,insufficient_po_sample,PO half-court poss=0 (< 50),"Synergy player play types (RS+PO 2023-24..2025-26, pooled)"
1630623,Tyson Etienne,0.939,0.64,114,0.407,,0,,1.027,0.18,insufficient_po_sample,PO half-court poss=0 (< 50),"Synergy player play types (RS+PO 2023-24..2025-26, pooled)"
1627863,Danuel House Jr.,0.938,0.448,112,0.434,,0,,0.935,0.675,insufficient_po_sample,PO half-court poss=0 (< 50),"Synergy player play types (RS+PO 2023-24..2025-26, pooled)"
1630679,Ethan Thompson,0.855,0.522,110,0.797,,0,,,,insufficient_po_sample,PO half-court poss=0 (< 50),"Synergy player play types (RS+PO 2023-24..2025-26, pooled)"
1641794,Dillon Jones,0.882,0.187,110,0.329,,0,,0.85,0.532,insufficient_po_sample,PO half-court poss=0 (< 50),"Synergy player play types (RS+PO 2023-24..2025-26, pooled)"
201988,Patty Mills,0.954,0.237,109,0.341,,0,,0.858,0.493,insufficient_po_sample,PO half-court poss=0 (< 50),"Synergy player play types (RS+PO 2023-24..2025-26, pooled)"
1629052,Oshae Brissett,0.78,0.766,109,0.359,,0,,0.947,0.315,insufficient_po_sample,PO half-court poss=0 (< 50),"Synergy player play types (RS+PO 2023-24..2025-26, pooled)"
1629007,Jontay Porter,0.78,0.847,109,0.464,,0,,1.024,0.477,insufficient_po_sample,PO half-court poss=0 (< 50),"Synergy player play types (RS+PO 2023-24..2025-26, pooled)"
1631116,Patrick Baldwin Jr.,1.065,0.2,108,0.441,,0,,1.027,0.483,insufficient_po_sample,PO half-court poss=0 (< 50),"Synergy player play types (RS+PO 2023-24..2025-26, pooled)"
1631311,Lester Quinones,0.907,0.364,107,0.582,,0,,1.033,0.525,insufficient_po_sample,PO half-court poss=0 (< 50),"Synergy player play types (RS+PO 2023-24..2025-26, pooled)"
1629642,Nassir Little,1.076,0.228,105,0.386,,0,,0.968,0.612,insufficient_po_sample,PO half-court poss=0 (< 50),"Synergy player play types (RS+PO 2023-24..2025-26, pooled)"
1642942,Jahmai Mashack,0.779,0.433,104,0.615,,0,,,,insufficient_po_sample,PO half-court poss=0 (< 50),"Synergy player play types (RS+PO 2023-24..2025-26, pooled)"
1641877,Nathan Mensah,1.067,0.425,104,0.819,,0,,,,insufficient_po_sample,PO half-court poss=0 (< 50),"Synergy player play types (RS+PO 2023-24..2025-26, pooled)"
201152,Thaddeus Young,1.048,0.197,104,0.547,,0,,0.625,0.969,insufficient_po_sample,PO half-court poss=0 (< 50),"Synergy player play types (RS+PO 2023-24..2025-26, pooled)"
200782,P.J. Tucker,1.031,0.19,98,0.544,,0,,0.707,0.7,insufficient_po_sample,PO half-court poss=0 (< 50),"Synergy player play types (RS+PO 2023-24..2025-26, pooled)"
1643018,LJ Cryer,0.948,0.503,97,0.542,,0,,1.313,0.475,insufficient_po_sample,PO half-court poss=0 (< 50),"Synergy player play types (RS+PO 2023-24..2025-26, pooled)"
1642854,Asa Newell,0.856,0.572,97,0.255,,0,,1.215,0.552,insufficient_po_sample,PO half-court poss=0 (< 50),"Synergy player play types (RS+PO 2023-24..2025-26, pooled)"
1630610,DeJon Jarreau,0.768,0.311,95,0.411,,0,,0.703,0.352,insufficient_po_sample,PO half-court poss=0 (< 50),"Synergy player play types (RS+PO 2023-24..2025-26, pooled)"
1630587,Isaiah Livers,0.874,0.448,95,0.497,,0,,0.769,0.104,insufficient_po_sample,PO half-court poss=0 (< 50),"Synergy player play types (RS+PO 2023-24..2025-26, pooled)"
202083,Wesley Matthews,0.883,0.613,94,0.537,,0,,1.102,0.685,insufficient_po_sample,PO half-court poss=0 (< 50),"Synergy player play types (RS+PO 2023-24..2025-26, pooled)"
1642504,Cormac Ryan,0.885,0.83,87,0.465,,0,,1.328,0.499,insufficient_po_sample,PO half-court poss=0 (< 50),"Synergy player play types (RS+PO 2023-24..2025-26, pooled)"
1630219,Skylar Mays,0.736,0.451,87,0.527,,0,,0.923,0.729,insufficient_po_sample,PO half-court poss=0 (< 50),"Synergy player play types (RS+PO 2023-24..2025-26, pooled)"
1630346,Matt Ryan,0.756,0.582,82,0.358,,0,,1.008,0.853,insufficient_po_sample,PO half-court poss=0 (< 50),"Synergy player play types (RS+PO 2023-24..2025-26, pooled)"
203458,Alex Len,0.938,0.283,81,0.583,,0,,1.125,0.238,insufficient_po_sample,PO half-court poss=0 (< 50),"Synergy player play types (RS+PO 2023-24..2025-26, pooled)"
1641738,Kobe Brown,0.934,0.21,76,0.376,,0,,0.9,0.433,insufficient_po_sample,PO half-court poss=0 (< 50),"Synergy player play types (RS+PO 2023-24..2025-26, pooled)"
1629669,Jaylen Nowell,0.861,0.347,72,0.605,,0,,0.944,0.843,insufficient_po_sample,PO half-court poss=0 (< 50),"Synergy player play types (RS+PO 2023-24..2025-26, pooled)"
1630649,Stanley Umude,1.069,0.182,72,0.514,,0,,1.432,0.021,insufficient_po_sample,PO half-court poss=0 (< 50),"Synergy player play types (RS+PO 2023-24..2025-26, pooled)"
1630235,Trent Forrest,0.746,0.083,71,0.447,,0,,0.813,0.752,insufficient_po_sample,PO half-court poss=0 (< 50),"Synergy player play types (RS+PO 2023-24..2025-26, pooled)"
1631199,Ron Harper Jr.,0.812,0.607,69,0.408,,0,,0.865,0.402,insufficient_po_sample,PO half-court poss=0 (< 50),"Synergy player play types (RS+PO 2023-24..2025-26, pooled)"
203496,Robert Covington,0.841,0.719,69,0.411,,0,,0.828,0.556,insufficient_po_sample,PO half-court poss=0 (< 50),"Synergy player play types (RS+PO 2023-24..2025-26, pooled)"
1631303,Justin Minaya,0.71,0.869,69,0.381,,0,,0.778,0.551,insufficient_po_sample,PO half-court poss=0 (< 50),"Synergy player play types (RS+PO 2023-24..2025-26, pooled)"
1630604,E.J. Liddell,0.794,0.812,68,0.313,,0,,0.953,0.292,insufficient_po_sample,PO half-court poss=0 (< 50),"Synergy player play types (RS+PO 2023-24..2025-26, pooled)"
1631232,Keion Brooks Jr.,0.955,0.339,66,0.319,,0,,1.381,0.386,insufficient_po_sample,PO half-court poss=0 (< 50),"Synergy player play types (RS+PO 2023-24..2025-26, pooled)"
1631209,Isaiah Wong,0.908,0.639,65,0.855,,0,,,,insufficient_po_sample,PO half-court poss=0 (< 50),"Synergy player play types (RS+PO 2023-24..2025-26, pooled)"
203488,Mike Muscala,0.815,0.584,65,0.274,,0,,0.879,0.614,insufficient_po_sample,PO half-court poss=0 (< 50),"Synergy player play types (RS+PO 2023-24..2025-26, pooled)"
1630197,Aleksej Pokusevski,0.635,0.722,63,0.261,,0,,1.083,0.328,insufficient_po_sample,PO half-court poss=0 (< 50),"Synergy player play types (RS+PO 2023-24..2025-26, pooled)"
1629139,Yuta Watanabe,0.902,0.573,61,0.303,,0,,0.948,0.299,insufficient_po_sample,PO half-court poss=0 (< 50),"Synergy player play types (RS+PO 2023-24..2025-26, pooled)"
1631254,Kenneth Lofton Jr.,1.098,0.065,61,0.663,,0,,1.429,0.196,insufficient_po_sample,PO half-court poss=0 (< 50),"Synergy player play types (RS+PO 2023-24..2025-26, pooled)"
1631197,Jared Rhoden,0.678,0.695,59,0.285,,0,,1.21,0.608,insufficient_po_sample,PO half-court poss=0 (< 50),"Synergy player play types (RS+PO 2023-24..2025-26, pooled)"
1628995,Kevin Knox II,1.068,0.429,59,0.202,,0,,1.143,0.462,insufficient_po_sample,PO half-court poss=0 (< 50),"Synergy player play types (RS+PO 2023-24..2025-26, pooled)"
1630539,Kai Jones,0.596,0.998,57,0.528,,0,,1.917,0.0,insufficient_po_sample,PO half-court poss=0 (< 50),"Synergy player play types (RS+PO 2023-24..2025-26, pooled)"
1641878,Damion Baugh,0.464,0.08,56,1.0,,0,,,,insufficient_po_sample,PO half-court poss=0 (< 50),"Synergy player play types (RS+PO 2023-24..2025-26, pooled)"
1631241,Javon Freeman-Liberty,1.0,0.726,56,0.354,,0,,1.141,0.121,insufficient_po_sample,PO half-court poss=0 (< 50),"Synergy player play types (RS+PO 2023-24..2025-26, pooled)"
1630550,JT Thor,0.855,0.647,55,0.155,,0,,0.962,0.351,insufficient_po_sample,PO half-court poss=0 (< 50),"Synergy player play types (RS+PO 2023-24..2025-26, pooled)"
1631174,Tyler Burton,1.074,0.144,54,0.29,,0,,1.071,0.546,insufficient_po_sample,PO half-court poss=0 (< 50),"Synergy player play types (RS+PO 2023-24..2025-26, pooled)"
1641732,Colby Jones,0.741,0.568,54,0.806,,0,,1.154,0.758,insufficient_po_sample,PO half-court poss=0 (< 50),"Synergy player play types (RS+PO 2023-24..2025-26, pooled)"
1630639,A.J. Lawson,0.759,0.723,54,0.701,,0,,,,insufficient_po_sample,PO half-court poss=0 (< 50),"Synergy player play types (RS+PO 2023-24..2025-26, pooled)"
1641736,Reece Beekman,0.481,0.25,52,0.839,,0,,,,insufficient_po_sample,PO half-court poss=0 (< 50),"Synergy player play types (RS+PO 2023-24..2025-26, pooled)"
1642260,Nikola Topić,0.846,0.014,52,0.542,,0,,1.12,0.59,insufficient_po_sample,PO half-court poss=0 (< 50),"Synergy player play types (RS+PO 2023-24..2025-26, pooled)"
1642862,Liam McNeeley,1.0,0.228,51,0.302,,0,,1.09,0.553,insufficient_po_sample,PO half-court poss=0 (< 50),"Synergy player play types (RS+PO 2023-24..2025-26, pooled)"
1628984,Devonte' Graham,0.6,0.772,50,0.676,,0,,0.792,0.932,insufficient_po_sample,PO half-court poss=0 (< 50),"Synergy player play types (RS+PO 2023-24..2025-26, pooled)"
1630285,Zavier Simpson,0.729,0.454,48,0.539,,0,,0.7,0.424,insufficient_po_sample,PO half-court poss=0 (< 50),"Synergy player play types (RS+PO 2023-24..2025-26, pooled)"
1641771,Jalen Slawson,0.872,0.369,47,0.266,,0,,0.949,0.589,insufficient_po_sample,PO half-court poss=0 (< 50),"Synergy player play types (RS+PO 2023-24..2025-26, pooled)"
1641727,Dariq Whitehead,0.689,0.659,45,0.302,,0,,1.224,0.544,insufficient_po_sample,PO half-court poss=0 (< 50),"Synergy player play types (RS+PO 2023-24..2025-26, pooled)"
1642530,Yuki Kawamura,0.733,0.297,45,0.36,,0,,1.115,0.241,insufficient_po_sample,PO half-court poss=0 (< 50),"Synergy player play types (RS+PO 2023-24..2025-26, pooled)"
1628426,Sasha Vezenkov,0.886,0.547,44,0.149,,0,,1.114,0.421,insufficient_po_sample,PO half-court poss=0 (< 50),"Synergy player play types (RS+PO 2023-24..2025-26, pooled)"
1630177,Theo Maledon,0.727,0.294,44,0.543,,0,,0.622,0.045,insufficient_po_sample,PO half-court poss=0 (< 50),"Synergy player play types (RS+PO 2023-24..2025-26, pooled)"
1642484,RayJ Dennis,0.907,0.088,43,0.43,,0,,0.744,0.334,insufficient_po_sample,PO half-court poss=0 (< 50),"Synergy player play types (RS+PO 2023-24..2025-26, pooled)"
1631111,Wendell Moore Jr.,0.881,0.886,42,0.477,,0,,0.75,0.208,insufficient_po_sample,PO half-court poss=0 (< 50),"Synergy player play types (RS+PO 2023-24..2025-26, pooled)"
1629716,Marques Bolden,0.538,0.987,39,0.765,,0,,,,insufficient_po_sample,PO half-court poss=0 (< 50),"Synergy player play types (RS+PO 2023-24..2025-26, pooled)"
1631338,Mouhamadou Gueye,0.821,0.787,39,0.443,,0,,0.862,0.031,insufficient_po_sample,PO half-court poss=0 (< 50),"Synergy player play types (RS+PO 2023-24..2025-26, pooled)"
1630204,Ashton Hagans,0.632,0.421,38,0.342,,0,,1.164,0.339,insufficient_po_sample,PO half-court poss=0 (< 50),"Synergy player play types (RS+PO 2023-24..2025-26, pooled)"
1641720,Jalen Hood-Schifino,0.833,0.44,36,1.0,,0,,,,insufficient_po_sample,PO half-court poss=0 (< 50),"Synergy player play types (RS+PO 2023-24..2025-26, pooled)"
202066,Garrett Temple,0.943,0.616,35,0.22,,0,,0.875,0.704,insufficient_po_sample,PO half-court poss=0 (< 50),"Synergy player play types (RS+PO 2023-24..2025-26, pooled)"
1628981,Bruno Fernando,0.9,0.69,30,0.085,,0,,1.187,0.271,insufficient_po_sample,PO half-court poss=0 (< 50),"Synergy player play types (RS+PO 2023-24..2025-26, pooled)"
1631115,Orlando Robinson,0.724,0.448,29,0.24,,0,,,,insufficient_po_sample,PO half-court poss=0 (< 50),"Synergy player play types (RS+PO 2023-24..2025-26, pooled)"
1642967,John Poulakidas,1.036,0.574,28,1.0,,0,,,,insufficient_po_sample,PO half-court poss=0 (< 50),"Synergy player play types (RS+PO 2023-24..2025-26, pooled)"
1628427,Vlatko Čančar,0.308,0.996,26,0.394,,0,,0.893,0.621,insufficient_po_sample,PO half-court poss=0 (< 50),"Synergy player play types (RS+PO 2023-24..2025-26, pooled)"
203490,Otto Porter Jr.,0.808,0.817,26,0.722,,0,,,,insufficient_po_sample,PO half-court poss=0 (< 50),"Synergy player play types (RS+PO 2023-24..2025-26, pooled)"
1629650,Moses Brown,0.8,0.8,25,0.658,,0,,,,insufficient_po_sample,PO half-court poss=0 (< 50),"Synergy player play types (RS+PO 2023-24..2025-26, pooled)"
1630562,Matt Hurt,0.708,0.803,24,0.632,,0,,1.357,0.039,insufficient_po_sample,PO half-court poss=0 (< 50),"Synergy player play types (RS+PO 2023-24..2025-26, pooled)"
203925,Joe Harris,1.0,0.193,22,0.647,,0,,1.0,0.625,insufficient_po_sample,PO half-court poss=0 (< 50),"Synergy player play types (RS+PO 2023-24..2025-26, pooled)"
1642013,Malik Williams,1.286,0.005,21,0.457,,0,,1.091,0.381,insufficient_po_sample,PO half-court poss=0 (< 50),"Synergy player play types (RS+PO 2023-24..2025-26, pooled)"
1630186,Jahmi'us Ramsey,0.85,0.71,20,0.282,,0,,1.179,0.153,insufficient_po_sample,PO half-court poss=0 (< 50),"Synergy player play types (RS+PO 2023-24..2025-26, pooled)"
1641725,Trey Alexander,0.7,0.981,20,0.417,,0,,1.429,0.538,insufficient_po_sample,PO half-court poss=0 (< 50),"Synergy player play types (RS+PO 2023-24..2025-26, pooled)"
1643133,Lawson Lovering,1.105,0.034,19,1.0,,0,,,,insufficient_po_sample,PO half-court poss=0 (< 50),"Synergy player play types (RS+PO 2023-24..2025-26, pooled)"
203933,T.J. Warren,1.0,0.193,18,0.367,,0,,0.9,0.236,insufficient_po_sample,PO half-court poss=0 (< 50),"Synergy player play types (RS+PO 2023-24..2025-26, pooled)"
1642490,Josh Oduro,0.706,0.976,17,1.0,,0,,,,insufficient_po_sample,PO half-court poss=0 (< 50),"Synergy player play types (RS+PO 2023-24..2025-26, pooled)"
1630554,Jason Preston,1.118,0.051,17,1.0,,0,,,,insufficient_po_sample,PO half-court poss=0 (< 50),"Synergy player play types (RS+PO 2023-24..2025-26, pooled)"
1642368,N'Faly Dante,1.375,0.0,16,1.0,,0,,,,insufficient_po_sample,PO half-court poss=0 (< 50),"Synergy player play types (RS+PO 2023-24..2025-26, pooled)"
1641798,Jaylen Martin,0.8,0.353,15,1.0,,0,,,,insufficient_po_sample,PO half-court poss=0 (< 50),"Synergy player play types (RS+PO 2023-24..2025-26, pooled)"
1642882,Julian Reese,0.933,0.378,15,1.0,,0,,,,insufficient_po_sample,PO half-court poss=0 (< 50),"Synergy player play types (RS+PO 2023-24..2025-26, pooled)"
1630644,Mac McClung,1.286,0.988,14,1.0,,0,,,,insufficient_po_sample,PO half-court poss=0 (< 50),"Synergy player play types (RS+PO 2023-24..2025-26, pooled)"
1629717,Armoni Brooks,0.923,0.473,13,0.481,,0,,1.0,0.412,insufficient_po_sample,PO half-court poss=0 (< 50),"Synergy player play types (RS+PO 2023-24..2025-26, pooled)"
1631301,Jaylen Sims,0.846,0.672,13,0.236,,0,,0.903,0.958,insufficient_po_sample,PO half-court poss=0 (< 50),"Synergy player play types (RS+PO 2023-24..2025-26, pooled)"
1629647,Darius Bazley,0.615,0.957,13,0.542,,0,,0.909,0.262,insufficient_po_sample,PO half-court poss=0 (< 50),"Synergy player play types (RS+PO 2023-24..2025-26, pooled)"
1629117,Wenyen Gabriel,1.077,0.069,13,1.0,,0,,,,insufficient_po_sample,PO half-court poss=0 (< 50),"Synergy player play types (RS+PO 2023-24..2025-26, pooled)"
1631159,Leonard Miller,0.583,0.095,12,0.207,,0,,0.793,0.159,insufficient_po_sample,PO half-court poss=0 (< 50),"Synergy player play types (RS+PO 2023-24..2025-26, pooled)"
1643052,Chaney Johnson,1.417,0.993,12,1.0,,0,,,,insufficient_po_sample,PO half-court poss=0 (< 50),"Synergy player play types (RS+PO 2023-24..2025-26, pooled)"
1630585,Marcus Garrett,1.0,0.826,12,1.0,,0,,,,insufficient_po_sample,PO half-court poss=0 (< 50),"Synergy player play types (RS+PO 2023-24..2025-26, pooled)"
1631166,Drew Timme,0.583,0.049,12,1.0,,0,,,,insufficient_po_sample,PO half-court poss=0 (< 50),"Synergy player play types (RS+PO 2023-24..2025-26, pooled)"
1641970,Maozinha Pereira,0.5,0.995,12,0.4,,0,,0.833,0.155,insufficient_po_sample,PO half-court poss=0 (< 50),"Synergy player play types (RS+PO 2023-24..2025-26, pooled)"
1642396,Blake Hinson,1.25,0.844,12,1.0,,0,,,,insufficient_po_sample,PO half-court poss=0 (< 50),"Synergy player play types (RS+PO 2023-24..2025-26, pooled)"
1630561,David Duke Jr.,0.545,0.985,11,0.524,,0,,1.3,0.957,insufficient_po_sample,PO half-court poss=0 (< 50),"Synergy player play types (RS+PO 2023-24..2025-26, pooled)"
1631132,Christian Koloko,0.7,0.926,10,0.286,,0,,,,insufficient_po_sample,PO half-court poss=0 (< 50),"Synergy player play types (RS+PO 2023-24..2025-26, pooled)"
