player_id,player_name,possessions,off_rapm,off_sd,def_rapm,def_sd,net_rapm,net_sd,box_off_prior,box_def_prior,box_net_bpm,reliable,translation_read,rs_to_po_delta,hc_poss_po,bbr_bpm,bbr_obpm,bbr_dbpm,bbr_mp,consensus_off,consensus_def,consensus_net,impact_divergence,def_divergence,externally_corroborated
1641705,Victor Wembanyama,24823,1.81,1.1,-7.07,1.1,8.89,1.55,1.11,-3.74,4.84,True,neutral,-0.033,290.0,7.796861039343298,4.2412362233050995,3.555624816038199,5499.0,2.55,-6.5,9.04,0.72,1.56,TRUE
1628983,Shai Gilgeous-Alexander,37420,6.81,1.1,-0.01,1.1,6.82,1.55,3.4,-0.82,4.23,True,slips,-0.06,1124.0,10.860177661646357,8.199446810784032,2.6607308508623246,7410.0,6.62,-0.92,7.54,1.38,2.49,FALSE
203999,Nikola Jokić,30364,5.93,1.1,-0.7,1.1,6.63,1.55,3.76,-1.05,4.81,True,neutral,-0.037,720.0,,,,,5.93,-0.7,6.63,,,no_external
203507,Giannis Antetokounmpo,22118,4.13,1.11,-2.41,1.11,6.54,1.57,2.56,-0.85,3.42,True,holds_up,0.087,87.0,9.311975329610837,7.00126196896032,2.3079822084456807,5895.0,4.69,-2.61,7.29,0.94,0.54,TRUE
1641744,Zach Edey,7241,2.28,1.41,-4.04,1.41,6.32,1.99,0.35,-1.65,2.01,True,insufficient_po_sample,-0.165,34.0,0.016769913930157334,-0.2778466092867716,0.29461652321692894,1700.0,1.6,-3.19,4.8,2.41,2.32,FALSE
1631217,Moussa Diabaté,10786,3.31,1.3,-2.98,1.31,6.3,1.85,-0.12,-0.63,0.51,True,insufficient_po_sample,,0.0,,,,,3.31,-2.98,6.29,,,no_external
202695,Kawhi Leonard,23329,3.74,1.09,-2.2,1.09,5.94,1.54,1.8,-0.68,2.49,True,slips,-0.126,60.0,6.112559662678452,5.478149012221484,0.5999999999999999,5595.0,4.04,-1.91,5.95,0.03,0.79,TRUE
203497,Rudy Gobert,33548,-0.76,1.09,-6.52,1.09,5.76,1.54,-0.25,-1.02,0.77,True,holds_up,0.037,549.0,1.5227402617668284,0.22246913219029785,1.261584775131501,7362.0,-0.08,-5.36,5.28,1.59,3.17,FALSE
1641726,Dereck Lively II,10821,1.94,1.3,-3.22,1.3,5.16,1.84,0.28,-1.25,1.52,True,neutral,-0.027,88.0,1.6460303074885978,0.08690363395615716,1.5591266735324407,2242.0,1.5,-2.98,4.48,1.26,0.66,FALSE
1629674,Neemias Queta,12078,1.2,1.28,-3.77,1.28,4.97,1.81,0.38,-1.23,1.61,True,holds_up,0.078,75.0,1.8230997959652653,0.21156069162900498,1.6785989847008769,3122.0,1.09,-3.43,4.52,1.11,0.93,FALSE
202710,Jimmy Butler III,18015,3.31,1.12,-1.5,1.12,4.8,1.58,2.02,0.13,1.89,True,holds_up,0.043,128.0,4.970914518236901,4.2576883093738855,0.7490955803730545,4970.0,3.45,-1.43,4.88,0.14,0.19,TRUE
1631096,Chet Holmgren,30933,1.37,1.06,-3.41,1.06,4.78,1.5,0.77,-1.73,2.51,True,neutral,0.019,409.0,3.5981124768786397,1.8573858510938799,1.7482901582731194,5287.0,1.64,-3.18,4.82,0.36,0.63,TRUE
1630532,Franz Wagner,20793,1.66,1.13,-3.11,1.13,4.77,1.59,0.85,0.27,0.58,True,neutral,-0.029,264.0,2.247406405575068,1.9640587664883473,0.2597083482190497,5379.0,1.84,-2.48,4.32,0.86,1.71,TRUE
1629731,Dean Wade,16627,1.94,1.14,-2.78,1.14,4.73,1.62,0.12,-0.12,0.24,True,holds_up,0.068,136.0,0.2087978268112042,-1.0869929012582968,1.262502242382307,3678.0,1.18,-2.55,3.74,1.6,0.62,FALSE
1628392,Isaiah Hartenstein,24440,1.76,1.03,-2.93,1.03,4.69,1.45,0.28,-1.08,1.36,True,neutral,0.025,426.0,3.6062407369041742,0.755546701939473,2.8506940349647003,4623.0,1.57,-3.17,4.74,0.32,0.66,TRUE
1629029,Luka Dončić,28264,4.21,1.02,-0.42,1.02,4.63,1.44,2.46,-0.51,2.97,True,slips,-0.107,787.0,,,,,4.21,-0.42,4.63,,,no_external
1630169,Tyrese Haliburton,23923,5.3,1.18,0.73,1.19,4.57,1.68,3.57,-0.2,3.77,True,slips,-0.076,642.0,6.272980674663551,6.38797189041971,-0.057989458907391364,4675.0,5.22,0.5,4.72,0.73,0.64,TRUE
1628401,Derrick White,34187,1.71,1.09,-2.81,1.09,4.52,1.54,1.32,-0.27,1.59,True,neutral,-0.007,457.0,3.453994575528043,2.4181012474411765,1.0358933280868665,7580.0,1.99,-2.51,4.5,0.3,0.83,TRUE
1628374,Lauri Markkanen,19286,3.11,1.15,-1.33,1.15,4.43,1.63,2.19,0.22,1.97,True,insufficient_po_sample,,0.0,2.0146273586348205,3.8858283127924396,-1.8712009541576196,4739.0,3.23,-0.47,3.7,0.79,2.34,TRUE
1627936,Alex Caruso,21281,1.04,1.06,-3.18,1.06,4.22,1.5,0.41,-1.49,1.89,True,holds_up,0.079,226.0,2.707813454124552,-0.3220522962787433,3.0298657504032955,4101.0,0.85,-3.41,4.26,0.43,0.64,TRUE
203500,Steven Adams,7157,1.95,1.38,-2.25,1.38,4.19,1.95,-0.39,-0.59,0.2,True,insufficient_po_sample,-0.185,17.0,-0.12044031043469497,-0.05255503880433687,-0.015330232826021232,1524.0,1.47,-1.75,3.22,1.47,1.36,FALSE
1642844,Dylan Harper,8520,2.25,1.36,-1.9,1.36,4.16,1.92,0.76,-0.15,0.92,True,slips,-0.103,192.0,1.4,0.3,1.1,1558.0,1.74,-1.84,3.59,0.89,0.16,TRUE
1642851,Kon Knueppel,10074,3.19,1.37,-0.91,1.37,4.1,1.94,1.58,0.68,0.89,True,insufficient_po_sample,,0.0,2.8,3.1,-0.4,2551.0,3.07,-0.63,3.69,0.34,0.78,TRUE
1628369,Jayson Tatum,27912,3.5,1.14,-0.56,1.14,4.05,1.61,1.53,-0.28,1.8,True,neutral,-0.028,729.0,5.113523183579117,4.267293042826804,0.8346941526684154,5791.0,3.57,-0.75,4.32,0.54,0.53,TRUE
1630700,Dyson Daniels,26566,1.56,1.07,-2.45,1.07,4.01,1.52,-0.07,-1.29,1.23,True,insufficient_po_sample,-0.1,31.0,1.2590180559654442,-1.0087124728355648,2.222657687870577,6449.0,0.97,-2.61,3.59,0.87,0.44,TRUE
203991,Clint Capela,15997,0.62,1.2,-3.3,1.2,3.93,1.7,0.45,-1.35,1.81,True,insufficient_po_sample,,0.0,-0.14861011760663467,0.0782863479469599,-0.26748153122901275,3985.0,0.71,-2.46,3.16,1.36,2.3,FALSE
1629655,Daniel Gafford,18931,1.03,1.12,-2.87,1.12,3.89,1.59,0.86,-1.95,2.81,True,slips,-0.099,105.0,2.2971355842686574,0.8734984545142326,1.423637129754425,4236.0,1.17,-2.67,3.84,0.43,0.54,TRUE
1626157,Karl-Anthony Towns,33296,2.09,1.02,-1.77,1.02,3.86,1.45,1.1,-0.1,1.21,True,neutral,-0.02,796.0,3.2153701551888867,2.7229906783381104,0.49237947685077604,6865.0,2.3,-1.55,3.86,0.08,0.59,TRUE
1630540,Miles McBride,18664,2.36,1.11,-1.48,1.11,3.84,1.57,0.64,0.51,0.14,True,holds_up,0.058,260.0,0.3629243244709222,0.055626169576104945,0.3349105472034136,4001.0,1.74,-1.29,3.03,1.13,0.53,FALSE
1627832,Fred VanVleet,20278,2.7,1.2,-1.09,1.2,3.78,1.7,1.33,-0.01,1.34,True,holds_up,0.338,81.0,2.1846238578947803,1.1415486294737367,1.0430752284210438,4795.0,2.24,-1.22,3.46,0.42,0.35,TRUE
1627783,Pascal Siakam,34405,2.22,1.02,-1.53,1.02,3.76,1.44,1.47,0.24,1.23,True,neutral,0.002,496.0,1.4185202084204107,2.1851015042038777,-0.7323274778232757,7262.0,2.24,-0.98,3.22,0.7,1.49,TRUE
1628378,Donovan Mitchell,31627,2.94,1.07,-0.75,1.07,3.69,1.52,2.13,-0.14,2.27,True,holds_up,0.052,779.0,4.800860776143997,4.58611483519859,0.1389571671719781,6516.0,3.32,-0.68,3.99,0.59,0.2,TRUE
1629057,Robert Williams III,6714,0.66,1.41,-3.03,1.41,3.69,1.99,0.49,-2.73,3.22,True,insufficient_po_sample,0.016,34.0,3.9578027275886027,1.3074943537178596,2.59842989923558,1478.0,1.06,-3.17,4.23,0.28,0.37,TRUE
1631106,Tari Eason,15866,2.14,1.17,-1.54,1.17,3.69,1.65,-0.03,-1.41,1.38,True,slips,-0.058,58.0,0.7501242317248594,-0.5695305348502682,1.3196547665751275,3449.0,1.44,-1.64,3.08,0.91,0.28,TRUE
1630194,Paul Reed,11888,0.83,1.25,-2.84,1.25,3.66,1.76,0.56,-2.01,2.57,True,insufficient_po_sample,0.027,25.0,2.654259751697973,0.45218238173472686,2.18668382988093,2929.0,0.93,-2.89,3.82,0.19,0.14,TRUE
203932,Aaron Gordon,23373,1.68,1.13,-1.96,1.13,3.64,1.6,1.09,0.58,0.51,True,neutral,0.009,216.0,1.3743612402201038,2.1258956881406723,-0.7515344479205686,4749.0,1.9,-1.3,3.2,0.66,1.8,TRUE
203081,Damian Lillard,20003,2.83,1.23,-0.78,1.23,3.61,1.74,2.17,0.44,1.73,True,slips,-0.053,106.0,3.0385676913015045,4.042177894048398,-0.9542119032047089,4672.0,3.1,-0.35,3.46,0.03,1.17,TRUE
1641709,Ausar Thompson,21715,0.84,1.12,-2.73,1.12,3.57,1.59,-0.58,-1.71,1.13,True,slips,-0.091,106.0,1.3075176444990968,-1.241348389320647,2.5025148453371338,4807.0,0.48,-2.91,3.39,0.65,0.49,TRUE
203954,Joel Embiid,14567,1.87,1.24,-1.69,1.24,3.56,1.75,1.8,-0.78,2.58,True,neutral,-0.01,318.0,6.986513370766053,6.031526797719936,0.9365251895854889,3084.0,3.07,-1.63,4.7,1.46,0.15,FALSE
1642382,Branden Carlson,2719,2.99,1.6,-0.55,1.6,3.55,2.26,1.52,-1.26,2.78,False,insufficient_po_sample,,0.0,0.9474905371435177,0.5,0.44749053714351766,734.0,2.24,-0.62,2.87,0.77,0.2,TRUE
1628436,Luke Kornet,17657,1.47,1.13,-2.05,1.12,3.52,1.59,0.82,-0.92,1.74,True,neutral,0.018,210.0,3.4534411192439545,1.6,1.8976055468050281,3774.0,1.63,-2.21,3.84,0.17,0.43,TRUE
1626164,Devin Booker,30713,4.24,1.06,0.72,1.06,3.52,1.49,1.75,0.78,0.97,True,slips,-0.121,87.0,1.7409721364643793,3.2687008065931353,-1.527728670128756,7388.0,3.74,0.95,2.79,0.47,0.64,TRUE
1628389,Bam Adebayo,31094,0.98,1.09,-2.54,1.09,3.52,1.54,0.4,-0.41,0.81,True,holds_up,0.214,115.0,2.1066656429058175,1.1358229917491274,0.9596778992427368,7455.0,1.21,-2.28,3.49,0.33,0.71,TRUE
1630572,Sandro Mamukelashvili,11754,2.0,1.25,-1.45,1.25,3.44,1.77,1.68,-0.43,2.11,True,insufficient_po_sample,0.061,19.0,2.301586347062898,2.0975862252704176,0.20400012179248075,2883.0,2.08,-1.22,3.3,0.22,0.62,TRUE
1630596,Evan Mobley,27714,-0.19,1.1,-3.63,1.09,3.43,1.55,0.83,-1.11,1.94,True,slips,-0.146,370.0,3.562320957301575,2.0813201235777505,1.4810008337238245,5773.0,0.76,-3.26,4.02,0.25,1.01,TRUE
1630549,Day'Ron Sharpe,12018,0.73,1.26,-2.67,1.26,3.4,1.78,0.39,-1.12,1.51,True,insufficient_po_sample,,0.0,0.9031614707763039,0.0823041586737436,0.8208573121025603,2989.0,0.77,-2.33,3.1,0.72,0.92,TRUE
202681,Kyrie Irving,18673,3.64,1.18,0.25,1.18,3.39,1.67,1.75,0.21,1.55,True,slips,-0.076,397.0,4.124994996583875,4.334996997950325,-0.2100020013664502,3834.0,3.67,0.18,3.48,0.48,0.18,TRUE
1630595,Cade Cunningham,30366,2.26,1.11,-1.08,1.12,3.35,1.58,1.01,0.02,0.99,True,slips,-0.075,503.0,3.910816179574405,3.7283624973839267,0.20783509689228166,6698.0,2.68,-0.95,3.62,0.42,0.37,TRUE
1626172,Kevon Looney,11849,1.28,1.26,-2.04,1.26,3.32,1.78,0.14,-0.82,0.96,True,insufficient_po_sample,0.234,22.0,0.10800178810907465,-0.9503415192197692,1.0583433073288437,2645.0,0.82,-1.93,2.76,0.98,0.29,TRUE
203935,Marcus Smart,13546,0.06,1.2,-3.21,1.2,3.27,1.7,-0.68,-0.51,-0.17,True,holds_up,0.077,125.0,-2.086729556318956,-2.693976407292291,0.5429394550775215,3054.0,-0.38,-2.65,2.27,1.77,1.53,FALSE
1629675,Naz Reid,29463,0.55,1.04,-2.72,1.04,3.27,1.47,0.32,-0.55,0.87,True,holds_up,0.114,248.0,1.3030901128723864,0.34736091408129277,0.9557291987910937,6171.0,0.74,-2.41,3.15,0.51,0.84,TRUE
1631128,Christian Braun,26413,1.02,1.09,-2.21,1.09,3.23,1.54,0.29,0.24,0.05,True,slips,-0.083,196.0,-0.6684092245652355,-0.1522126774762664,-0.545579895824582,5729.0,0.88,-1.55,2.44,1.22,1.79,FALSE
201939,Stephen Curry,25543,5.56,1.12,2.37,1.12,3.19,1.58,2.58,0.31,2.27,True,holds_up,0.084,134.0,5.676903453729474,6.33839175130683,-0.650393640947696,6002.0,5.36,1.91,3.45,1.15,1.25,FALSE
1628386,Jarrett Allen,28565,1.72,1.09,-1.46,1.09,3.17,1.54,0.93,-0.78,1.71,True,holds_up,0.044,234.0,3.328635564792961,2.4653886951382282,0.8632468696547324,6257.0,2.01,-1.44,3.45,0.28,0.06,TRUE
1642270,Donovan Clingan,14334,0.48,1.25,-2.68,1.25,3.16,1.77,0.99,-1.52,2.51,True,insufficient_po_sample,0.309,24.0,1.8642258496924446,0.9888866617390977,0.8753391879533466,3418.0,0.87,-2.36,3.22,0.25,0.88,TRUE
1627827,Dorian Finney-Smith,17674,1.36,1.11,-1.78,1.11,3.14,1.58,-0.41,0.42,-0.83,True,insufficient_po_sample,0.022,13.0,-1.9760524340243693,-2.019620604030721,-0.012863659987295729,4372.0,0.58,-1.4,1.98,1.67,1.04,FALSE
1641708,Amen Thompson,28927,0.69,1.07,-2.42,1.07,3.11,1.51,0.36,-0.73,1.09,True,holds_up,0.144,135.0,2.9480606933253672,1.2530639325953936,1.662921039970682,6566.0,1.07,-2.41,3.48,0.17,0.02,TRUE
1630202,Payton Pritchard,28044,4.05,1.06,0.97,1.06,3.07,1.5,1.73,0.87,0.86,True,slips,-0.057,266.0,2.4096265381093223,2.5773549256339274,-0.11256907676599685,6652.0,3.44,0.69,2.75,0.01,0.75,TRUE
203994,Jusuf Nurkić,14586,-0.99,1.19,-4.06,1.19,3.07,1.68,-0.48,-1.43,0.95,True,insufficient_po_sample,-0.122,38.0,,,,,-0.99,-4.06,3.07,,,no_external
202699,Tobias Harris,29161,1.31,1.03,-1.71,1.03,3.02,1.46,0.15,-0.09,0.24,True,neutral,-0.024,345.0,0.775671244262264,0.32575794782674394,0.4499132964355202,6420.0,1.19,-1.49,2.68,0.59,0.59,TRUE
1642352,Keshad Johnson,1282,1.63,1.71,-1.32,1.71,2.95,2.42,0.82,-1.83,2.65,False,,,,-1.0298721425803954,-1.2324680356450988,0.20259589306470357,378.0,0.96,-1.12,2.08,1.23,0.54,FALSE
1629634,Brandon Clarke,5703,1.48,1.45,-1.46,1.46,2.94,2.06,0.78,-1.1,1.88,True,insufficient_po_sample,,0.0,0.7142864835273318,-0.02627549875703376,0.7405619822843655,1361.0,1.19,-1.4,2.59,0.58,0.17,TRUE
1642349,Ajay Mitchell,9940,0.78,1.28,-2.16,1.28,2.93,1.81,0.68,-0.15,0.83,True,neutral,0.016,164.0,1.0189859335233247,-0.40481125318134026,1.423797186704665,2070.0,0.67,-2.14,2.81,0.46,0.05,TRUE
1629001,De'Anthony Melton,8885,2.21,1.32,-0.71,1.32,2.92,1.87,0.01,-0.82,0.83,True,insufficient_po_sample,,0.0,-1.315129187593849,-1.8535685807487186,0.5384393931548698,2269.0,1.14,-0.77,1.91,1.32,0.17,FALSE
1631117,Walker Kessler,13513,0.07,1.24,-2.85,1.24,2.92,1.76,0.07,-2.12,2.19,True,insufficient_po_sample,,0.0,1.5351388883604666,0.5413819211146071,0.9937569672458596,3387.0,0.5,-2.52,3.02,0.26,0.9,TRUE
1629661,Cameron Johnson,18808,2.55,1.1,-0.3,1.1,2.85,1.55,1.07,0.52,0.55,True,insufficient_po_sample,-0.242,27.0,0.9623528912826822,1.582372399754024,-0.6200195084713418,5046.0,2.27,-0.1,2.37,0.44,0.55,TRUE
201143,Al Horford,21421,1.95,1.11,-0.88,1.1,2.83,1.56,0.61,-0.38,1.0,True,slips,-0.083,326.0,2.121746927312868,0.6962831693720974,1.459316184369687,4368.0,1.67,-1.19,2.86,0.0,0.85,TRUE
1629660,Ty Jerome,7882,3.48,1.34,0.65,1.34,2.83,1.9,2.59,-0.15,2.75,True,slips,-0.18,89.0,5.002326075693771,4.5060443428935795,0.473764894987845,1747.0,3.62,0.27,3.35,1.06,1.04,FALSE
1642866,Joan Beringer,1156,2.19,1.72,-0.63,1.72,2.82,2.43,1.74,-1.87,3.61,False,,,,0.4,0.2,0.2,314.0,1.68,-0.61,2.29,0.64,0.07,TRUE
1628384,OG Anunoby,32031,0.87,1.04,-1.93,1.04,2.81,1.47,0.22,-0.36,0.59,True,holds_up,0.129,399.0,0.9417468056608721,0.42509797390669624,0.5772466674698283,6632.0,0.95,-1.7,2.65,0.43,0.63,TRUE
202685,Jonas Valančiūnas,17101,1.13,1.12,-1.63,1.12,2.77,1.58,0.72,-0.49,1.21,True,insufficient_po_sample,0.098,38.0,,,,,1.13,-1.63,2.76,,,no_external
1628988,Aaron Holiday,12101,0.78,1.24,-1.99,1.24,2.76,1.75,0.37,0.52,-0.16,True,insufficient_po_sample,-0.375,10.0,-1.4344555028803312,-1.5372895932099382,0.0744257704291758,2842.0,0.36,-1.59,1.95,1.29,1.11,FALSE
1631131,Oscar Tshiebwe,2888,2.34,1.6,-0.4,1.59,2.75,2.26,1.42,-0.62,2.05,False,insufficient_po_sample,,0.0,-1.508726021230559,1.0243527002889796,-2.5330787215195385,745.0,1.99,0.43,1.56,1.31,2.28,FALSE
1627736,Malik Beasley,19822,1.84,1.11,-0.89,1.11,2.74,1.57,0.95,0.73,0.22,True,holds_up,0.068,70.0,-0.3953452965427579,0.6207554270660486,-1.0161007236088064,4620.0,1.58,-0.41,2.0,0.9,1.3,TRUE
1628973,Jalen Brunson,36515,5.32,1.08,2.57,1.08,2.74,1.53,2.18,1.03,1.15,True,neutral,-0.001,1380.0,3.9557750867058368,4.887517180528369,-0.8723328062287153,7617.0,4.83,2.13,2.69,0.72,1.19,TRUE
204001,Kristaps Porziņģis,13894,0.16,1.2,-2.57,1.2,2.73,1.69,1.66,-1.19,2.85,True,slips,-0.091,231.0,,,,,0.16,-2.57,2.73,,,no_external
203076,Anthony Davis,21588,1.42,1.17,-1.28,1.16,2.7,1.65,1.49,-1.89,3.38,True,holds_up,0.06,90.0,4.775950709094541,3.3244272697939556,1.4992317502266337,5032.0,2.06,-1.5,3.57,1.04,0.61,FALSE
203496,Robert Covington,1961,-0.01,1.66,-2.7,1.66,2.69,2.34,-0.41,-2.31,1.9,False,insufficient_po_sample,,0.0,2.2,-1.1,3.2,488.0,0.01,-3.11,3.12,0.09,1.12,TRUE
1631243,Mouhamed Gueye,7608,0.17,1.37,-2.52,1.37,2.68,1.93,-0.16,-1.52,1.36,True,insufficient_po_sample,,0.0,-1.1207882710436905,-2.320309733454563,1.1995214624108723,1785.0,-0.21,-2.34,2.13,1.14,0.49,FALSE
1628371,Jonathan Isaac,11819,-0.41,1.25,-3.08,1.25,2.67,1.77,-0.15,-2.12,1.97,True,insufficient_po_sample,-0.069,27.0,1.0680026843548796,-0.7893296893540043,1.857332373708884,2525.0,-0.15,-2.97,2.82,0.32,0.31,TRUE
1628991,Jaren Jackson Jr.,24416,-0.62,1.09,-3.25,1.09,2.63,1.55,0.41,-1.2,1.61,True,insufficient_po_sample,-0.072,45.0,0.8264957264957264,0.2802341219479856,0.5848149060165805,5785.0,0.02,-2.69,2.71,0.39,1.52,TRUE
1627826,Ivica Zubac,24588,0.12,1.16,-2.49,1.16,2.61,1.63,0.43,-0.24,0.67,True,neutral,0.019,199.0,1.5031613935636743,1.4422092320096753,0.09069435474250176,5864.0,0.77,-1.97,2.74,0.13,1.43,TRUE
201567,Kevin Love,8771,2.51,1.32,-0.11,1.32,2.61,1.87,1.48,-0.34,1.81,True,insufficient_po_sample,,0.0,1.7144184962540012,1.5993070073823252,0.15881320730144147,1788.0,2.25,-0.2,2.45,0.05,0.25,TRUE
1629162,Jordan McLaughlin,4462,1.43,1.49,-1.14,1.48,2.57,2.1,1.06,-0.53,1.6,True,insufficient_po_sample,,0.0,1.6072442948612709,-0.3571622065342309,2.0087280413725166,1222.0,1.07,-1.56,2.63,0.07,1.15,TRUE
1629750,Javonte Green,12133,0.39,1.22,-2.17,1.22,2.56,1.72,-0.13,-1.08,0.95,True,insufficient_po_sample,-0.278,32.0,0.3595830627746487,-1.1536604702435782,1.5132435330182268,2934.0,0.23,-2.18,2.41,0.53,0.02,TRUE
1630529,Herbert Jones,18424,0.14,1.16,-2.41,1.16,2.55,1.64,-0.39,-0.46,0.06,True,insufficient_po_sample,0.016,22.0,-1.58240080701199,-2.525807213206236,0.9289767742593223,4557.0,-0.29,-2.17,1.88,1.25,0.65,FALSE
1630577,Julian Champagnie,24840,1.9,1.07,-0.64,1.07,2.54,1.52,0.52,-0.13,0.66,True,neutral,-0.013,103.0,-0.17138339532368804,-0.23990349166816857,0.054952401238714824,5666.0,1.39,-0.57,1.95,0.72,0.2,TRUE
202331,Paul George,22107,0.54,1.08,-2.0,1.08,2.53,1.53,0.51,-0.4,0.92,True,slips,-0.063,295.0,1.7666250062994509,1.4080260041324397,0.31509801945270377,4971.0,1.02,-1.67,2.69,0.0,0.9,TRUE
1630188,Jalen Smith,15055,2.17,1.16,-0.35,1.16,2.52,1.64,1.88,-0.77,2.66,True,insufficient_po_sample,,0.0,0.6445018712560543,1.4253145201059676,-0.7808126488499134,3104.0,2.0,-0.08,2.08,0.41,0.73,TRUE
1642853,Rasheer Fleming,2472,0.8,1.62,-1.71,1.62,2.51,2.3,-0.47,-0.39,-0.08,False,insufficient_po_sample,,0.0,-3.8000000000000003,-3.0,-0.7,673.0,-0.02,-1.13,1.11,2.05,1.58,FALSE
1641764,Brandin Podziemski,25263,0.46,1.06,-2.04,1.06,2.5,1.5,0.43,0.15,0.28,True,slips,-0.083,109.0,0.25958007507037845,-0.02375039099155457,0.2833304660619331,6017.0,0.58,-1.69,2.27,0.54,0.96,TRUE
1629011,Mitchell Robinson,11805,0.73,1.26,-1.77,1.25,2.5,1.77,-0.05,-1.6,1.55,True,neutral,-0.021,207.0,2.521977570131886,1.2513101222232503,1.237511949918278,2233.0,1.09,-1.79,2.88,0.3,0.05,TRUE
1641739,Toumani Camara,28102,0.61,1.1,-1.89,1.1,2.5,1.55,-0.26,-0.03,-0.24,True,insufficient_po_sample,0.059,16.0,-1.1019650167473019,-1.3818098664350988,0.2798448496877972,7018.0,0.3,-1.58,1.88,1.05,0.86,FALSE
1630543,Isaiah Jackson,7056,0.57,1.38,-1.9,1.38,2.48,1.95,0.42,-1.92,2.34,True,insufficient_po_sample,-0.139,38.0,-0.08573898298348684,-1.0832033966788321,1.0576084148611322,1763.0,0.36,-1.83,2.19,0.66,0.19,TRUE
1630568,Luka Garza,6030,3.82,1.44,1.35,1.43,2.48,2.03,2.61,0.31,2.3,True,insufficient_po_sample,,0.0,1.5089786480725458,1.7611907944651184,-0.2522121463925719,1459.0,3.08,1.02,2.06,0.07,0.89,TRUE
1630619,Moussa Cisse,2124,-0.47,1.65,-2.92,1.64,2.45,2.33,-1.21,-2.82,1.61,False,insufficient_po_sample,,0.0,-2.9,-3.6,0.7,530.0,-0.94,-2.48,1.54,1.69,1.2,FALSE
1629007,Jontay Porter,1428,0.54,1.7,-1.9,1.7,2.44,2.4,0.36,-2.12,2.48,False,insufficient_po_sample,,0.0,1.7,-0.3,1.9,360.0,0.55,-2.1,2.65,0.02,0.54,TRUE
1642066,Myron Gardner,1538,1.59,1.69,-0.81,1.69,2.4,2.39,2.01,-1.15,3.16,False,,,,0.9000000000000001,-1.1,1.9,411.0,0.97,-1.28,2.25,0.26,1.28,TRUE
1630591,Jalen Suggs,20560,-0.59,1.15,-2.98,1.15,2.39,1.62,-0.23,-0.79,0.56,True,slips,-0.203,132.0,1.4896261021165371,-0.10567644251375918,1.617171587021518,4601.0,-0.07,-2.82,2.75,0.03,0.45,TRUE
1628449,Chris Boucher,7190,1.7,1.37,-0.69,1.37,2.39,1.94,1.21,-0.5,1.71,True,insufficient_po_sample,,0.0,0.4068129731231334,1.0604895401686847,-0.6609301571868418,1661.0,1.62,-0.38,2.0,0.44,0.85,TRUE
1628368,De'Aaron Fox,31481,1.96,1.01,-0.43,1.01,2.38,1.43,1.3,-0.12,1.43,True,neutral,-0.033,278.0,1.7898066739343947,1.777800747248445,-0.05703237064062886,7131.0,1.97,-0.37,2.34,0.08,0.15,TRUE
1630578,Alperen Sengun,29974,1.19,1.13,-1.18,1.12,2.37,1.59,0.85,-0.6,1.45,True,neutral,0.011,212.0,,,,,1.19,-1.18,2.37,,,no_external
1630692,Jordan Goodwin,12783,0.94,1.2,-1.42,1.2,2.36,1.7,0.04,-0.74,0.78,True,insufficient_po_sample,,0.0,0.6329792339237414,-0.5040637815199372,1.1206581013873136,3170.0,0.74,-1.49,2.23,0.34,0.19,TRUE
1629627,Zion Williamson,19992,1.83,1.12,-0.49,1.12,2.32,1.59,1.47,-0.21,1.68,True,insufficient_po_sample,,0.0,3.951968275936532,3.84417909568751,0.12770309731690196,4905.0,2.45,-0.48,2.93,0.91,0.03,TRUE
1628989,Kevin Huerter,19161,1.77,1.09,-0.54,1.09,2.31,1.54,0.49,-0.02,0.51,True,insufficient_po_sample,,0.0,-1.138896862213489,-1.1817916350566493,0.016086659121718253,4790.0,1.05,-0.48,1.53,0.97,0.17,TRUE
1630178,Tyrese Maxey,31485,3.0,1.09,0.69,1.09,2.31,1.54,1.82,0.13,1.69,True,holds_up,0.065,336.0,3.8100007541305043,4.252593389226426,-0.37229783564545377,7247.0,3.26,0.57,2.7,0.86,0.34,TRUE
1626181,Norman Powell,24782,1.38,1.05,-0.91,1.05,2.29,1.48,0.93,0.49,0.44,True,insufficient_po_sample,-0.104,16.0,0.8666430552845668,1.3578477447595456,-0.5276185305519974,5665.0,1.51,-0.58,2.09,0.22,0.89,TRUE
1642396,Blake Hinson,1117,2.76,1.73,0.5,1.73,2.26,2.44,3.11,1.1,2.0,False,insufficient_po_sample,,0.0,-0.6,2.5,-3.0,285.0,2.64,1.26,1.39,0.75,2.07,TRUE
1642883,Sion James,6859,0.62,1.42,-1.61,1.42,2.24,2.01,-0.76,0.35,-1.11,True,insufficient_po_sample,,0.0,-2.0,-3.0,1.1,1843.0,-0.13,-1.63,1.5,1.26,0.04,FALSE
1629020,Jarred Vanderbilt,9889,1.33,1.28,-0.89,1.28,2.22,1.8,-1.21,-0.86,-0.35,True,insufficient_po_sample,,0.0,-1.400042762241935,-2.4756901626954138,1.0756474004534788,2290.0,0.44,-1.08,1.52,1.03,0.51,FALSE
1627780,Gary Payton II,12536,1.96,1.22,-0.25,1.22,2.21,1.72,0.61,-0.88,1.49,True,insufficient_po_sample,0.099,19.0,1.5413083201364357,-0.08202309492104966,1.7036221808696093,2749.0,1.47,-0.8,2.26,0.07,1.49,TRUE
1629626,Bol Bol,3597,0.71,1.54,-1.47,1.54,2.19,2.18,0.89,-1.2,2.09,True,insufficient_po_sample,,0.0,1.4049219929542023,1.5604026170105685,-0.10894816305988933,917.0,1.16,-1.14,2.3,0.03,0.91,TRUE
1631221,Collin Gillespie,12152,1.76,1.27,-0.31,1.27,2.07,1.8,1.34,0.11,1.23,True,insufficient_po_sample,0.248,34.0,2.213711221754117,1.645965076528079,0.5622405917982325,2968.0,1.81,-0.48,2.29,0.38,0.46,TRUE
1629632,Coby White,25785,2.98,1.06,0.9,1.07,2.07,1.51,0.87,0.82,0.06,True,insufficient_po_sample,,0.0,-0.9193575807482938,0.5991345991473118,-1.4807740983115103,6580.0,2.26,1.07,1.19,0.78,0.48,TRUE
1627739,Kris Dunn,21351,0.9,1.09,-1.15,1.09,2.05,1.54,-0.33,-0.76,0.43,True,insufficient_po_sample,0.381,29.0,-0.21485377430715055,-2.3110455629197015,2.0961917886125514,5262.0,0.23,-1.6,1.82,0.51,1.22,TRUE
1630241,Sam Merrill,16988,2.2,1.13,0.19,1.13,2.01,1.6,1.58,0.79,0.79,True,neutral,0.009,80.0,0.26098235207967196,0.5707994654364382,-0.3518316124780317,3847.0,1.79,0.18,1.6,0.31,0.01,TRUE
1627734,Domantas Sabonis,23843,1.62,1.18,-0.37,1.19,1.99,1.68,1.55,0.18,1.37,True,insufficient_po_sample,,0.0,5.206959409963069,3.683073391603756,1.5115338047426414,5921.0,2.28,-0.83,3.11,1.53,1.25,FALSE
1642864,Hugo González,3542,0.7,1.55,-1.26,1.56,1.97,2.2,-1.05,-0.59,-0.46,True,insufficient_po_sample,,0.0,,,,,0.7,-1.26,1.96,,,no_external
1630611,Gui Santos,9334,1.28,1.31,-0.69,1.31,1.97,1.86,0.29,-0.1,0.39,True,insufficient_po_sample,,0.0,-0.9159615544876245,-1.2254562626739633,0.3094947081863385,2349.0,0.75,-0.68,1.43,0.73,0.01,TRUE
1627750,Jamal Murray,32711,4.46,1.07,2.49,1.07,1.97,1.51,1.78,0.34,1.44,True,slips,-0.096,721.0,2.985601788986426,4.034456666044088,-1.0488548770576627,6931.0,4.08,2.13,1.95,0.71,0.98,TRUE
1631169,Josh Minott,4535,0.37,1.49,-1.61,1.48,1.97,2.1,0.64,-1.39,2.03,True,insufficient_po_sample,,0.0,2.5839617362572946,0.9950225159210211,1.5889392203362733,1201.0,0.8,-1.78,2.58,0.57,0.47,TRUE
1630198,Isaiah Joe,21455,2.19,1.08,0.23,1.08,1.97,1.52,1.61,0.35,1.26,True,slips,-0.091,111.0,1.6675212560978472,1.5577644399366946,0.08376062804892359,4556.0,2.05,0.08,1.97,0.23,0.42,TRUE
1630163,LaMelo Ball,17304,4.18,1.18,2.23,1.18,1.95,1.67,1.93,0.04,1.89,True,insufficient_po_sample,,0.0,4.018411441835209,4.436654386515968,-0.41824294468076045,4233.0,4.02,1.74,2.29,1.11,1.35,FALSE
1630573,Sam Hauser,22179,2.26,1.09,0.32,1.09,1.94,1.54,1.08,0.55,0.53,True,neutral,0.019,103.0,0.8212299969191177,0.8502045615179689,-0.028974564598851015,5216.0,1.9,0.18,1.72,0.07,0.38,TRUE
1631157,Ryan Rollins,12906,1.06,1.27,-0.88,1.27,1.94,1.79,0.27,-0.51,0.79,True,insufficient_po_sample,,0.0,0.14199818674005438,0.23876261083712164,-0.09676442409706726,3274.0,1.01,-0.7,1.71,0.32,0.5,TRUE
1631114,Jalen Williams,24660,-0.65,1.07,-2.57,1.06,1.91,1.51,1.28,-0.37,1.64,True,neutral,0.018,596.0,2.986271142565259,2.1056947982008887,0.9234903780815332,5396.0,0.49,-2.29,2.78,0.74,0.77,TRUE
201950,Jrue Holiday,26989,0.53,1.06,-1.36,1.06,1.9,1.49,0.56,0.18,0.38,True,holds_up,0.044,396.0,1.5643084885466918,1.0294380371234146,0.5348704514232772,5719.0,0.91,-1.26,2.17,0.22,0.28,TRUE
1626167,Myles Turner,29565,0.46,1.08,-1.43,1.08,1.89,1.53,0.36,-1.02,1.38,True,neutral,0.012,471.0,0.05635499897064593,-0.05600463015114028,0.1123596291217862,6162.0,0.57,-1.18,1.75,0.33,0.69,TRUE
1642914,Javon Small,3327,2.54,1.58,0.65,1.58,1.88,2.23,1.59,0.09,1.5,True,insufficient_po_sample,,0.0,1.0,1.7,-0.6,830.0,2.3,0.61,1.69,0.02,0.11,TRUE
1641772,Nae'Qwan Tomlin,4050,0.67,1.53,-1.2,1.53,1.87,2.17,0.31,-0.67,0.98,True,insufficient_po_sample,,0.0,-2.2683117325734408,-2.2396027606055156,-0.023758626892236026,1067.0,0.11,-0.96,1.07,1.19,0.65,FALSE
1642928,Dylan Cardwell,3656,-0.14,1.56,-2.0,1.56,1.86,2.2,-0.24,-1.7,1.46,True,insufficient_po_sample,,0.0,-1.9,-2.5,0.6,907.0,-0.45,-1.76,1.31,1.04,0.66,FALSE
1631099,Keegan Murray,23888,0.66,1.13,-1.19,1.13,1.86,1.6,0.08,0.04,0.04,True,insufficient_po_sample,,0.0,-1.5872489473173983,-0.8500128555833274,-0.7205238334084999,5991.0,0.48,-0.73,1.21,0.93,1.25,TRUE
1629013,Landry Shamet,11457,0.59,1.22,-1.26,1.23,1.85,1.73,0.31,0.76,-0.45,True,slips,-0.258,61.0,-1.6806821732338137,-1.3116698489845513,-0.3964580801944107,2659.0,0.31,-0.89,1.2,0.96,1.01,TRUE
1642867,Collin Murray-Boyles,5678,0.14,1.46,-1.71,1.47,1.85,2.07,0.35,-0.88,1.23,True,insufficient_po_sample,-0.312,36.0,1.0,-0.5,1.5,1246.0,0.26,-1.83,2.09,0.03,0.32,TRUE
1630567,Scottie Barnes,28956,-0.29,1.06,-2.11,1.06,1.82,1.5,0.73,-0.98,1.71,True,holds_up,0.08,119.0,3.5368538327443413,2.0248706139309625,1.5119832188133788,6909.0,0.69,-2.13,2.82,0.99,0.06,TRUE
1642907,Cedric Coward,6531,1.43,1.42,-0.39,1.42,1.82,2.01,0.65,-0.01,0.67,True,insufficient_po_sample,,0.0,-0.2,0.4,-0.6,1598.0,1.28,-0.17,1.45,0.4,0.6,TRUE
1630180,Saddiq Bey,17438,2.78,1.18,0.98,1.18,1.8,1.66,1.11,0.65,0.46,True,insufficient_po_sample,,0.0,-0.39195699932947736,1.4468237397718042,-1.8775614782025636,4308.0,2.37,1.26,1.11,0.46,0.77,TRUE
202696,Nikola Vučević,24603,1.08,1.1,-0.69,1.1,1.77,1.55,1.05,-0.16,1.22,True,insufficient_po_sample,0.118,46.0,,,,,1.08,-0.69,1.77,,,no_external
1642346,Ryan Dunn,10743,-0.33,1.28,-2.1,1.28,1.77,1.81,-0.46,-0.39,-0.06,True,insufficient_po_sample,,0.0,-2.3829762800459346,-2.4707440700114836,0.08776778996554868,2765.0,-0.55,-1.67,1.12,1.18,1.17,FALSE
1629637,Jaxson Hayes,13826,0.13,1.21,-1.63,1.21,1.76,1.71,-0.17,-0.76,0.58,True,insufficient_po_sample,-0.278,46.0,0.009743612373681692,-0.801769560037068,0.8115131724107498,3177.0,0.17,-1.55,1.72,0.29,0.22,TRUE
1629006,Josh Okogie,11736,0.79,1.23,-0.98,1.22,1.76,1.73,-0.5,-0.76,0.25,True,insufficient_po_sample,0.313,15.0,-0.46461747825572447,-1.5885430842356467,1.1239256059799223,2939.0,0.36,-1.16,1.52,0.47,0.49,TRUE
1642845,VJ Edgecombe,12002,0.66,1.31,-1.09,1.31,1.74,1.85,0.23,0.0,0.23,True,holds_up,0.117,146.0,-0.5,-0.4,-0.1,2623.0,0.6,-0.86,1.45,0.47,0.64,TRUE
1629611,Terance Mann,19208,2.3,1.09,0.57,1.09,1.73,1.54,-0.06,0.76,-0.82,True,insufficient_po_sample,0.049,49.0,-2.168431210090638,-1.7034495705871606,-0.4943589345655433,4816.0,1.23,0.51,0.72,1.08,0.15,FALSE
1631119,Jaylin Williams,9600,-0.67,1.3,-2.39,1.29,1.72,1.83,0.75,-1.01,1.75,True,neutral,-0.023,162.0,2.719972905581843,0.18885045059195413,2.555714762531169,2958.0,-0.04,-2.67,2.63,0.73,0.77,TRUE
1630166,Deni Avdija,27677,2.56,1.03,0.85,1.03,1.71,1.45,0.62,0.06,0.56,True,neutral,0.008,87.0,2.1298758909974125,1.7543575088829468,0.37551838211446564,6617.0,2.32,0.45,1.87,0.52,1.1,TRUE
1630631,Jose Alvarado,15370,0.6,1.15,-1.11,1.15,1.71,1.63,0.38,-0.44,0.82,True,insufficient_po_sample,-0.105,42.0,-0.9424617970184558,-1.0971485481310883,0.17676262799165915,3764.0,0.38,-0.96,1.33,0.62,0.42,TRUE
1642276,Kel'el Ware,13071,0.67,1.25,-1.04,1.25,1.7,1.76,0.73,-1.62,2.35,True,insufficient_po_sample,0.487,19.0,1.1997441284766284,0.9542197998793451,0.3046036071644026,3126.0,0.97,-0.95,1.92,0.18,0.26,TRUE
1628366,Lonzo Ball,6217,0.41,1.41,-1.28,1.41,1.69,1.99,0.11,-1.2,1.31,True,insufficient_po_sample,,0.0,-0.4893387039208689,-2.242364758068628,1.7530260541477596,1505.0,-0.05,-1.58,1.54,0.44,0.83,TRUE
1630539,Kai Jones,1710,0.42,1.67,-1.27,1.67,1.69,2.36,0.77,-1.29,2.07,False,insufficient_po_sample,,0.0,2.9,1.3999999999999997,1.5,468.0,0.94,-1.5,2.44,0.81,0.62,TRUE
1631200,Kris Murray,14252,-0.84,1.19,-2.51,1.19,1.67,1.68,-1.09,0.06,-1.15,True,insufficient_po_sample,,0.0,-2.5389377926763737,-2.8779011745438727,0.30921210880524075,3721.0,-0.97,-2.05,1.08,1.19,1.26,FALSE
1630174,Aaron Nesmith,22349,2.17,1.11,0.52,1.12,1.65,1.58,0.42,0.19,0.23,True,neutral,-0.041,430.0,-1.5627784594859462,-0.7363724707025621,-0.789758455697662,4452.0,1.41,0.57,0.84,0.82,0.14,TRUE
1628404,Josh Hart,35827,0.87,1.05,-0.77,1.05,1.64,1.49,0.03,0.07,-0.05,True,slips,-0.089,330.0,2.0290357688858247,0.352802752483906,1.7444122087215181,7598.0,0.93,-1.2,2.13,0.51,1.17,TRUE
201572,Brook Lopez,27124,-0.05,1.08,-1.68,1.08,1.64,1.52,0.18,-0.81,1.0,True,holds_up,0.163,75.0,0.3478776814240073,-0.1750831982881756,0.522960879712183,6592.0,0.23,-1.5,1.73,0.11,0.51,TRUE
1641989,Elijah Harkless,2790,0.12,1.6,-1.52,1.6,1.64,2.26,-0.59,-0.56,-0.02,False,insufficient_po_sample,,0.0,-5.287400309306487,-4.95209994844892,-0.3179337113745944,683.0,-0.96,-1.11,0.15,2.2,1.12,FALSE
1631105,Jalen Duren,25781,1.71,1.14,0.06,1.14,1.64,1.62,0.87,-0.57,1.44,True,slips,-0.121,179.0,3.065397977649861,2.2800670708640487,0.7449248008833722,5787.0,1.96,-0.26,2.22,0.9,0.88,TRUE
1631246,Vince Williams Jr.,11000,0.77,1.27,-0.86,1.27,1.63,1.79,-0.2,-0.12,-0.08,True,insufficient_po_sample,0.258,12.0,-1.2014615664648698,-1.7752068530029081,0.573745286538038,2755.0,0.29,-0.9,1.19,0.68,0.1,TRUE
1629646,Charles Bassey,3279,-0.28,1.56,-1.89,1.56,1.61,2.2,0.08,-2.44,2.51,True,insufficient_po_sample,,0.0,0.2164723921322935,-0.9413318384910886,1.1578042306233822,734.0,-0.11,-1.85,1.74,0.14,0.1,TRUE
1642364,Jamir Watkins,4002,0.0,1.55,-1.61,1.55,1.61,2.19,-0.17,-0.9,0.73,True,insufficient_po_sample,,0.0,-3.3,-2.9,-0.5,1032.0,-0.47,-1.12,0.65,1.45,1.34,FALSE
1629048,Goga Bitadze,14171,-0.12,1.25,-1.71,1.25,1.59,1.76,0.22,-1.6,1.82,True,insufficient_po_sample,0.005,19.0,2.509743085878059,-0.014436920719487205,2.524180006597546,3359.0,0.24,-2.15,2.39,0.72,1.21,TRUE
1629680,Matisse Thybulle,9132,-1.38,1.31,-2.97,1.31,1.58,1.85,-0.69,-2.18,1.48,True,insufficient_po_sample,,0.0,2.279003280471844,-2.090031104992096,4.3837064232658545,2279.0,-1.08,-3.69,2.6,0.63,1.96,TRUE
1629004,Svi Mykhailiuk,8568,2.03,1.33,0.45,1.33,1.57,1.88,0.59,0.82,-0.24,True,insufficient_po_sample,,0.0,-2.261808019229934,-0.3826645814931194,-1.8791434377368146,2329.0,1.43,0.86,0.56,1.04,1.13,FALSE
1627884,Derrick Jones Jr.,22315,-0.08,1.05,-1.64,1.05,1.56,1.48,-0.27,-0.1,-0.17,True,neutral,0.029,183.0,-0.7876402103094181,-0.9586638967220172,0.14127007927717022,5006.0,0.0,-1.34,1.35,0.49,0.81,TRUE
1631199,Ron Harper Jr.,1191,0.87,1.72,-0.69,1.72,1.56,2.43,0.96,-0.15,1.11,False,insufficient_po_sample,,0.0,0.3526592408994536,-0.13825365067040937,0.4900886911338728,339.0,0.8,-0.74,1.54,0.07,0.14,TRUE
1628976,Wendell Carter Jr.,24728,-0.37,1.17,-1.9,1.17,1.54,1.66,-0.05,0.1,-0.15,True,neutral,-0.038,196.0,-0.4771058745717871,-1.0626967235355969,0.6031615676830717,5452.0,-0.2,-1.69,1.49,0.37,0.59,TRUE
1629659,Talen Horton-Tucker,6998,1.67,1.37,0.15,1.37,1.53,1.94,0.51,-0.16,0.67,True,insufficient_po_sample,,0.0,-1.755922690863676,-1.1316344545265318,-0.7242882363371445,1733.0,1.01,0.27,0.74,0.84,0.34,TRUE
203484,Kentavious Caldwell-Pope,23646,0.07,1.04,-1.43,1.04,1.51,1.47,-0.46,0.12,-0.58,True,holds_up,0.213,132.0,-1.658100691187095,-2.5140680835462965,0.8559673923592016,5769.0,-0.33,-1.41,1.09,0.79,0.05,TRUE
1642264,Stephon Castle,19685,0.61,1.15,-0.89,1.15,1.5,1.63,0.44,0.17,0.28,True,holds_up,0.065,354.0,-0.4879560386801167,-0.17056668562750807,-0.31738935305260835,4200.0,0.63,-0.64,1.27,0.35,0.69,TRUE
1627751,Jakob Poeltl,16688,0.08,1.19,-1.41,1.19,1.49,1.68,0.39,-0.95,1.34,True,neutral,-0.03,51.0,1.5250114934552361,0.2707346269614774,1.2542768664937591,4154.0,0.43,-1.52,1.96,0.4,0.31,TRUE
1629130,Duncan Robinson,23161,1.03,1.05,-0.45,1.05,1.48,1.48,0.82,0.89,-0.06,True,holds_up,0.098,108.0,-0.4099227468160811,-0.0009146956208259263,-0.48223624850554914,5804.0,0.93,-0.25,1.18,0.32,0.54,TRUE
201599,DeAndre Jordan,6620,-1.01,1.41,-2.48,1.41,1.47,1.99,-0.66,-1.17,0.51,True,insufficient_po_sample,,0.0,-1.1403501726000935,-1.2880939403501723,0.12161565162511835,1286.0,-0.64,-1.97,1.33,0.58,1.4,TRUE
204456,T.J. McConnell,18387,1.19,1.17,-0.28,1.17,1.47,1.66,1.44,-0.48,1.92,True,slips,-0.075,403.0,2.1428981850844058,1.7535799672416985,0.38931821784270737,3669.0,1.5,-0.4,1.9,0.63,0.34,TRUE
1630598,Aaron Wiggins,20040,1.13,1.08,-0.34,1.08,1.47,1.53,0.3,-0.22,0.51,True,slips,-0.131,83.0,0.24611360964614273,-0.049367457210340575,0.28020189601061246,4386.0,0.98,-0.41,1.39,0.07,0.2,TRUE
1630217,Desmond Bane,27526,2.0,1.01,0.58,1.02,1.42,1.44,1.22,0.19,1.03,True,slips,-0.128,110.0,2.2399066970987955,2.195442884220559,0.04446381287823682,6404.0,2.11,0.35,1.75,0.69,0.62,TRUE
1628969,Mikal Bridges,37523,0.34,1.01,-1.09,1.01,1.42,1.43,0.4,0.33,0.06,True,slips,-0.083,437.0,0.7270093606307636,0.8196517544568133,-0.06521972834396772,8582.0,0.74,-0.87,1.6,0.13,0.61,TRUE
1642854,Asa Newell,2011,0.96,1.65,-0.44,1.65,1.4,2.33,0.85,-0.34,1.19,False,insufficient_po_sample,,0.0,-1.5,-1.0,-0.5,500.0,0.62,-0.24,0.86,0.68,0.54,TRUE
1626171,Bobby Portis,23848,1.2,1.08,-0.19,1.08,1.4,1.53,0.57,-0.19,0.76,True,neutral,-0.031,104.0,-0.22340923052533537,0.755011592652042,-1.0185244634682837,4871.0,1.24,0.11,1.13,0.21,0.82,TRUE
1642345,Oso Ighodaro,11742,-0.37,1.29,-1.77,1.3,1.4,1.83,-1.18,-0.38,-0.8,True,insufficient_po_sample,0.381,41.0,-0.7753415440970338,-2.4269404003214534,1.651598856224419,2853.0,-0.57,-1.92,1.35,0.41,0.41,TRUE
203468,CJ McCollum,26200,1.5,1.01,0.12,1.02,1.38,1.44,1.2,0.4,0.8,True,slips,-0.122,148.0,0.3431976368293622,1.8789927326435696,-1.5640399524483959,6255.0,1.72,0.52,1.2,0.01,1.08,TRUE
1630541,Moses Moody,17708,-0.24,1.14,-1.61,1.14,1.37,1.61,0.66,-0.02,0.68,True,insufficient_po_sample,0.433,20.0,-0.39542482954744745,-0.2922936829353184,-0.10313114661212905,4345.0,0.09,-1.24,1.33,0.26,1.0,TRUE
1630228,Jonathan Kuminga,17935,-1.16,1.12,-2.53,1.12,1.37,1.59,0.2,0.13,0.07,True,slips,-0.088,85.0,-0.8858334426901128,-0.5504412145964095,-0.3353922280937033,3923.0,-0.53,-1.86,1.33,0.44,1.83,TRUE
1631159,Leonard Miller,2981,1.17,1.59,-0.18,1.59,1.35,2.25,1.4,-0.42,1.82,False,insufficient_po_sample,,0.0,-0.8810964373464374,-0.028680384930384953,-0.8524160524160524,803.0,1.01,0.07,0.94,0.43,0.67,TRUE
1628372,Dennis Smith Jr.,4584,-0.01,1.51,-1.35,1.51,1.34,2.13,-0.21,-0.77,0.56,True,insufficient_po_sample,,0.0,-0.8,-2.6,1.7999999999999998,1059.0,-0.4,-1.65,1.25,0.4,0.83,TRUE
1630167,Obi Toppin,19183,2.58,1.15,1.24,1.15,1.34,1.62,1.41,0.06,1.36,True,neutral,-0.037,148.0,1.8077429699487941,2.0339270012585993,-0.226184031309805,3699.0,2.41,0.93,1.48,0.57,0.84,TRUE
1631165,Keon Ellis,17335,0.46,1.12,-0.86,1.12,1.32,1.59,0.1,-1.01,1.11,True,insufficient_po_sample,,0.0,0.833703835359157,-0.9097430537502056,1.7434468891093626,4404.0,0.34,-1.27,1.61,0.22,1.11,TRUE
201587,Nicolas Batum,17479,0.66,1.11,-0.63,1.11,1.29,1.57,-0.05,-0.24,0.19,True,slips,-0.207,54.0,-0.23225373211426212,-1.4160927159919876,1.1535627988130701,4191.0,0.32,-0.91,1.23,0.16,0.76,TRUE
1630559,Austin Reaves,30344,2.37,1.08,1.09,1.08,1.28,1.52,1.18,0.5,0.68,True,slips,-0.157,253.0,1.7005774254239343,2.2315303793932726,-0.49908634328266444,6941.0,2.34,0.91,1.43,0.56,0.5,TRUE
1631230,Dominick Barlow,10136,-0.15,1.29,-1.43,1.29,1.28,1.83,-0.14,-0.46,0.32,True,insufficient_po_sample,0.012,24.0,-1.3254339424903385,-1.5117180847579745,0.18628414226763607,2484.0,-0.19,-1.2,1.01,0.56,0.63,TRUE
2544,LeBron James,28286,-0.18,1.06,-1.45,1.06,1.27,1.5,1.31,-0.21,1.52,True,neutral,-0.028,264.0,5.143639996658126,4.526520552523115,0.5870467583825332,6937.0,1.43,-1.34,2.77,1.84,0.29,FALSE
1630581,Josh Giddey,25428,1.52,1.02,0.24,1.02,1.27,1.45,0.9,-0.48,1.38,True,insufficient_po_sample,-0.568,13.0,2.4666027442213427,1.7858766946284637,0.6522667514408188,5859.0,1.71,-0.1,1.8,0.85,0.92,TRUE
1642949,Yanic Konan Niederhäuser,1261,-0.25,1.71,-1.51,1.71,1.27,2.42,-0.52,-1.37,0.85,False,insufficient_po_sample,,0.0,,,,,-0.25,-1.51,1.26,,,no_external
1629628,RJ Barrett,23107,1.71,1.08,0.51,1.08,1.21,1.53,0.75,0.6,0.15,True,neutral,0.014,136.0,0.057504471465122595,0.9845534804828523,-0.9232049790011638,5433.0,1.6,0.61,1.0,0.02,0.26,TRUE
1630558,Davion Mitchell,20005,1.49,1.09,0.27,1.1,1.21,1.55,0.3,0.7,-0.4,True,holds_up,0.164,59.0,-1.9714126201571327,-2.0562355642601466,0.08482294410301434,5128.0,0.65,0.11,0.54,0.77,0.45,TRUE
1630643,Jay Huff,10286,-0.48,1.28,-1.69,1.28,1.21,1.81,1.07,-1.82,2.89,True,insufficient_po_sample,,0.0,1.223639963768879,-0.002166705285109539,1.225806669053989,2516.0,0.02,-1.73,1.75,0.42,0.1,TRUE
1630551,Justin Champagnie,11920,1.34,1.26,0.15,1.26,1.19,1.78,0.62,-1.1,1.72,True,insufficient_po_sample,,0.0,-0.5275689742961133,0.11849623776566653,-0.652180964414355,2952.0,1.15,0.25,0.9,0.22,0.27,TRUE
1630162,Anthony Edwards,36887,3.39,1.09,2.21,1.09,1.18,1.54,1.08,-0.03,1.11,True,neutral,-0.031,860.0,4.069266532218565,3.99446171261174,0.11536673389071764,7778.0,3.43,1.55,1.88,1.48,1.8,FALSE
1641706,Brandon Miller,20772,0.55,1.13,-0.63,1.14,1.18,1.61,0.23,0.22,0.0,True,insufficient_po_sample,,0.0,-0.2571941386420775,0.56615332972536,-0.7858001137196605,5275.0,0.8,-0.29,1.09,0.12,0.92,TRUE
203957,Danté Exum,6839,1.75,1.39,0.59,1.39,1.16,1.96,0.57,0.73,-0.17,True,insufficient_po_sample,,0.0,,,,,1.75,0.59,1.16,,,no_external
1628978,Donte DiVincenzo,29092,0.82,1.02,-0.34,1.02,1.16,1.45,0.9,-0.15,1.05,True,neutral,-0.04,234.0,1.8448617694826026,0.9417096517566146,0.8574357789924808,6460.0,1.06,-0.6,1.66,0.67,0.7,TRUE
1627763,Malcolm Brogdon,6763,1.19,1.4,0.04,1.39,1.15,1.97,1.04,0.74,0.3,True,insufficient_po_sample,,0.0,0.6804068910527459,1.644325512842197,-1.0016212820450867,1685.0,1.47,0.28,1.19,0.24,0.65,TRUE
1630193,Immanuel Quickley,20531,1.31,1.12,0.17,1.13,1.15,1.59,1.86,0.55,1.31,True,insufficient_po_sample,,0.0,2.019720624674792,2.221235091998102,-0.150375121200938,5134.0,1.7,0.11,1.59,0.74,0.18,TRUE
1626153,Delon Wright,5672,-1.26,1.43,-2.4,1.42,1.14,2.02,-0.27,-0.8,0.54,True,insufficient_po_sample,,0.0,-0.5130535210725387,-2.4058015649211284,1.9420228482334483,1377.0,-1.1,-2.48,1.39,0.2,0.23,TRUE
1631197,Jared Rhoden,1737,0.96,1.67,-0.16,1.67,1.12,2.37,0.5,-0.19,0.69,False,insufficient_po_sample,,0.0,-1.445840093996531,-1.6350081127958371,0.1891680187993062,472.0,0.45,-0.25,0.69,0.53,0.24,TRUE
1631132,Christian Koloko,2785,-1.45,1.59,-2.57,1.59,1.12,2.25,-1.73,-1.41,-0.33,False,insufficient_po_sample,,0.0,-3.858421496114596,-4.615485441438068,0.7570639453234715,699.0,-1.81,-2.24,0.43,1.43,0.91,FALSE
1630183,Jaden McDaniels,32476,0.04,1.1,-1.07,1.1,1.11,1.55,-0.46,-0.17,-0.29,True,neutral,-0.037,483.0,-0.7529668730749215,-1.6697265273060102,0.9167596542310885,7035.0,-0.12,-1.16,1.05,0.27,0.25,TRUE
1630205,Lamar Stevens,2547,-0.86,1.61,-1.96,1.61,1.1,2.28,-0.72,-1.27,0.55,False,insufficient_po_sample,,0.0,-2.700233299634497,-2.550163309744148,-0.2250583249086243,714.0,-0.89,-1.47,0.57,0.99,1.34,TRUE
1626156,D'Angelo Russell,19074,0.83,1.13,-0.27,1.13,1.1,1.6,1.01,0.36,0.65,True,insufficient_po_sample,-0.075,23.0,-0.025396234319361388,0.7468615449065561,-0.7722577792259175,4459.0,1.01,-0.03,1.04,0.0,0.66,TRUE
1630168,Onyeka Okongwu,25644,0.92,1.11,-0.19,1.11,1.1,1.57,0.99,-0.54,1.53,True,slips,-0.063,52.0,0.692263789845308,0.36670716547814364,0.3404910464156544,5766.0,0.96,-0.32,1.28,0.27,0.35,TRUE
1641771,Jalen Slawson,1295,-1.32,1.71,-2.41,1.71,1.09,2.42,-1.02,-2.16,1.14,False,insufficient_po_sample,,0.0,-0.8551748729682348,-2.6020711377886077,1.746896264820373,348.0,-1.18,-2.43,1.25,0.3,0.06,TRUE
1630200,Tre Jones,19302,1.15,1.09,0.08,1.09,1.07,1.55,1.47,0.13,1.34,True,insufficient_po_sample,,0.0,0.7073844313123214,0.4745378132250143,0.26992763367911987,4795.0,1.13,-0.09,1.23,0.29,0.48,TRUE
1630256,Jae'Sean Tate,8455,-0.6,1.33,-1.66,1.33,1.06,1.88,-0.68,-0.09,-0.59,True,insufficient_po_sample,,0.0,-2.2171892821749783,-3.0870944821525406,0.9142443110637423,2024.0,-0.88,-1.6,0.72,0.79,0.15,TRUE
1641871,Duop Reath,7484,1.32,1.38,0.26,1.38,1.06,1.96,0.91,0.14,0.77,True,insufficient_po_sample,,0.0,-0.7427117776595531,-0.21676307974113262,-0.5259486979184205,1941.0,1.05,0.29,0.75,0.24,0.09,TRUE
201580,JaVale McGee,1521,-0.85,1.69,-1.9,1.69,1.05,2.39,-0.35,-2.63,2.28,False,,,,-1.3,-1.9,0.6,339.0,-0.71,-1.68,0.97,0.45,0.59,TRUE
1629638,Nickeil Alexander-Walker,30065,1.87,0.99,0.83,0.99,1.04,1.39,0.43,0.27,0.16,True,holds_up,0.034,262.0,0.4780357155501427,0.23548772543493804,0.24254799011520461,6597.0,1.5,0.48,1.02,0.22,0.97,TRUE
1626158,Richaun Holmes,4272,1.11,1.51,0.07,1.51,1.04,2.13,0.41,-0.46,0.86,True,insufficient_po_sample,,0.0,-0.9395076073931514,-0.46868804241257855,-0.37081956498057306,1089.0,0.85,0.1,0.75,0.31,0.08,TRUE
201142,Kevin Durant,32027,3.02,1.03,2.0,1.03,1.02,1.45,1.01,-0.05,1.07,True,holds_up,0.218,58.0,3.987366342950522,4.142648523715945,-0.12630436941559553,7896.0,3.25,1.47,1.77,1.53,1.45,FALSE
203992,Bogdan Bogdanović,12254,-0.88,1.22,-1.89,1.22,1.01,1.72,0.58,0.37,0.21,True,insufficient_po_sample,-0.399,10.0,,,,,-0.88,-1.89,1.01,,,no_external
201144,Mike Conley,21894,0.29,1.12,-0.66,1.12,0.94,1.58,1.14,0.23,0.91,True,slips,-0.06,258.0,1.4149291330632436,0.15177817323589918,1.263150959827345,4940.0,0.53,-0.96,1.49,0.61,0.83,TRUE
1642377,Jaylen Wells,15325,1.68,1.2,0.74,1.21,0.93,1.7,0.4,0.74,-0.34,True,insufficient_po_sample,,0.0,-2.6660348225177657,-1.5106898816785104,-1.2071265877856734,3864.0,0.91,0.87,0.04,0.9,0.35,TRUE
1642271,Kyle Filipowski,13540,1.2,1.26,0.31,1.26,0.89,1.78,0.37,-0.38,0.75,True,insufficient_po_sample,,0.0,-1.0587743859855234,-0.6,-0.41754877197104684,3323.0,0.87,0.3,0.57,0.28,0.04,TRUE
1631248,Baylor Scheierman,6988,0.54,1.39,-0.35,1.39,0.89,1.97,0.24,0.22,0.02,True,insufficient_po_sample,,0.0,0.18056439246561234,-1.0282539537225641,1.2088183461881765,1813.0,0.36,-0.71,1.07,0.18,1.0,TRUE
1629060,Rui Hachimura,25455,1.05,1.08,0.2,1.07,0.85,1.52,0.25,0.62,-0.37,True,slips,-0.053,114.0,-1.363222609382024,-0.3580945124846725,-1.0457974635991227,5622.0,0.85,0.41,0.43,0.38,0.58,TRUE
1628960,Grayson Allen,22029,2.37,1.1,1.53,1.1,0.84,1.55,1.11,0.28,0.83,True,insufficient_po_sample,-0.285,12.0,1.1043872936693668,1.2474608978491866,-0.18175679142619391,5524.0,2.07,1.14,0.94,0.54,1.08,TRUE
203469,Cody Zeller,1202,0.7,1.72,-0.14,1.71,0.84,2.43,-0.1,-0.06,-0.04,False,,,,-2.6,-2.9,0.3,320.0,-0.05,-0.27,0.22,0.83,0.35,TRUE
1629639,Tyler Herro,21993,1.98,1.14,1.15,1.14,0.83,1.61,1.04,0.71,0.33,True,neutral,0.02,172.0,2.3101404732767876,2.9374891573947743,-0.6273486841179862,5165.0,2.3,0.99,1.3,0.99,0.43,TRUE
201935,James Harden,34906,3.24,1.03,2.42,1.03,0.82,1.45,1.25,-0.05,1.31,True,neutral,-0.019,607.0,4.096186254969282,3.9945030098324805,0.06392676667952053,7697.0,3.34,1.73,1.61,1.66,1.9,FALSE
1631120,JD Davison,1108,-0.63,1.72,-1.43,1.72,0.8,2.44,-0.49,-0.59,0.1,False,,,,-1.9545948463210183,-2.88787022663769,0.9249208320397393,350.0,-0.85,-1.43,0.59,0.57,0.01,TRUE
1628467,Maxi Kleber,8816,0.36,1.32,-0.44,1.31,0.8,1.86,-1.2,0.19,-1.39,True,insufficient_po_sample,0.282,36.0,-2.884443955491293,-3.4821518828188847,0.5977079273275916,1969.0,-0.41,-0.59,0.17,0.92,0.41,TRUE
1631116,Patrick Baldwin Jr.,2445,-0.57,1.62,-1.37,1.62,0.8,2.3,-0.27,-0.93,0.66,False,insufficient_po_sample,,0.0,-3.541314173791856,-2.7182492749256086,-0.8230648988662472,702.0,-0.77,-0.84,0.07,1.16,1.46,FALSE
1629684,Grant Williams,12380,0.29,1.23,-0.5,1.23,0.79,1.74,-0.14,0.38,-0.52,True,insufficient_po_sample,,0.0,-1.2875812075539026,-1.2722643477991056,-0.01531685975479673,3320.0,0.14,-0.44,0.58,0.32,0.17,TRUE
1629650,Moses Brown,1220,-0.37,1.71,-1.17,1.71,0.79,2.42,-0.48,-1.52,1.04,False,insufficient_po_sample,,0.0,-3.7467711280989997,-2.5148076192085145,-1.1902479199222875,319.0,-0.59,-0.57,-0.02,1.23,1.64,FALSE
1630170,Devin Vassell,27551,1.18,1.07,0.4,1.07,0.78,1.51,0.69,0.12,0.57,True,slips,-0.087,225.0,-0.15044409379108226,0.21115033171087252,-0.40059454189173466,6275.0,1.08,0.36,0.72,0.11,0.12,TRUE
1629021,Moritz Wagner,8250,-0.04,1.36,-0.82,1.36,0.78,1.93,0.87,0.07,0.8,True,insufficient_po_sample,-0.133,30.0,1.5419857117666862,1.2178164758184744,0.3241692359482118,2406.0,0.62,-0.79,1.4,0.73,0.09,TRUE
201152,Thaddeus Young,1833,0.92,1.66,0.15,1.66,0.77,2.35,0.54,-0.6,1.14,False,insufficient_po_sample,,0.0,0.3,-0.5,0.8,439.0,0.73,-0.21,0.94,0.28,0.98,TRUE
1642868,Carter Bryant,3703,-0.22,1.54,-0.98,1.54,0.76,2.18,-0.51,-0.33,-0.18,True,insufficient_po_sample,0.212,44.0,-3.0,-3.1,0.20000000000000004,818.0,-0.66,-0.87,0.21,0.94,0.31,TRUE
1641717,Cason Wallace,27323,-1.43,1.04,-2.2,1.04,0.76,1.47,-0.1,-0.92,0.82,True,slips,-0.111,307.0,0.8655227059297023,-1.610492688489402,2.508654749127985,5614.0,-0.98,-2.51,1.53,0.49,0.86,TRUE
1628963,Marvin Bagley III,10465,0.52,1.25,-0.24,1.25,0.76,1.77,1.12,-0.3,1.42,True,insufficient_po_sample,,0.0,0.18916331396215172,1.3859475115482047,-1.1967841975860527,2519.0,1.0,0.13,0.87,0.24,1.01,TRUE
1641763,Julian Phillips,7557,0.14,1.36,-0.61,1.36,0.75,1.93,-0.4,-0.07,-0.32,True,insufficient_po_sample,,0.0,-3.4860520796482537,-3.0849313943498258,-0.4011206852984283,1874.0,-0.44,-0.4,-0.04,1.12,0.57,FALSE
1642948,Ryan Nembhard,4407,0.58,1.52,-0.15,1.52,0.73,2.15,0.31,0.91,-0.6,True,insufficient_po_sample,,0.0,-4.1,-2.4,-1.7,1171.0,0.01,0.36,-0.35,1.33,1.38,FALSE
1642278,Tyler Kolek,3598,0.02,1.55,-0.68,1.55,0.71,2.19,0.82,0.27,0.55,True,insufficient_po_sample,,0.0,-1.1556770983262736,-1.2546448986305876,0.07370975038039233,1023.0,-0.02,-0.6,0.59,0.23,0.21,TRUE
204060,Joe Ingles,6797,1.41,1.41,0.71,1.41,0.7,2.0,0.07,0.28,-0.21,True,insufficient_po_sample,,0.0,-0.9818018838393899,-2.094149284311772,1.1123474004723826,1436.0,0.59,0.11,0.48,0.17,1.64,TRUE
1629631,De'Andre Hunter,20184,2.46,1.08,1.8,1.08,0.66,1.52,0.46,0.62,-0.15,True,insufficient_po_sample,0.096,47.0,-1.796903248335357,-0.5954516955945494,-1.2325619231288145,4597.0,1.63,1.67,-0.04,0.45,0.35,TRUE
1641737,Adem Bona,8879,-0.79,1.35,-1.45,1.35,0.66,1.91,-1.36,-1.35,-0.0,True,insufficient_po_sample,-0.042,36.0,-2.82432309901015,-3.0864846485152255,0.26216154950507514,2139.0,-1.0,-1.24,0.24,0.83,0.57,TRUE
1631222,Jake LaRavia,17444,1.53,1.11,0.89,1.11,0.64,1.57,-0.28,-0.36,0.09,True,insufficient_po_sample,-0.185,18.0,-0.9739901145629561,-1.3305284453852353,0.45653833082227885,4216.0,0.87,0.45,0.42,0.13,1.19,TRUE
1641796,Pelle Larsson,10727,0.42,1.29,-0.2,1.29,0.62,1.82,0.34,0.48,-0.14,True,insufficient_po_sample,0.246,11.0,-1.6936686869010351,-1.8755466241803638,0.18187793727932874,2631.0,0.06,-0.28,0.33,0.39,0.21,TRUE
1629630,Ja Morant,10415,0.61,1.3,-0.0,1.31,0.61,1.85,1.3,0.14,1.16,True,insufficient_po_sample,-0.078,38.0,1.3920378295814444,2.3352256257350463,-0.9431877961536022,2406.0,1.31,0.23,1.08,0.76,0.63,TRUE
202709,Cory Joseph,3654,0.62,1.54,0.02,1.54,0.6,2.18,-0.01,0.41,-0.42,True,insufficient_po_sample,0.092,26.0,-1.9184161752316768,-2.7875147430497047,0.7977759056444819,908.0,-0.07,-0.31,0.24,0.47,0.89,TRUE
1631245,Quenton Jackson,4948,0.22,1.48,-0.37,1.48,0.6,2.09,0.71,0.07,0.64,True,insufficient_po_sample,,0.0,-1.3797463999606823,-1.140824200127783,-0.338300486558215,1289.0,0.14,-0.24,0.37,0.27,0.36,TRUE
1642950,Lachlan Olbrich,1314,-0.24,1.71,-0.83,1.71,0.59,2.41,-0.23,-0.9,0.67,False,,,,-3.4,-3.3000000000000003,-0.19999999999999998,344.0,-0.73,-0.63,-0.1,1.01,0.55,FALSE
1626166,Cameron Payne,11373,-0.29,1.22,-0.88,1.23,0.59,1.73,0.97,0.13,0.84,True,insufficient_po_sample,,0.0,-0.48588268777025967,-0.3682188334878767,-0.1591931915206154,2768.0,0.04,-0.68,0.72,0.07,0.55,TRUE
1628380,Zach Collins,11830,-0.39,1.24,-0.97,1.24,0.59,1.76,0.37,-0.32,0.7,True,insufficient_po_sample,,0.0,-1.0103669702370777,-1.2552716263398198,0.2024728373660181,2687.0,-0.26,-0.86,0.6,0.12,0.3,TRUE
1631260,AJ Green,18114,0.53,1.15,-0.06,1.15,0.59,1.63,0.65,1.09,-0.44,True,insufficient_po_sample,0.077,29.0,-2.803010836160496,-1.4531689197986553,-1.3160149657424036,4543.0,0.24,0.3,-0.07,0.79,0.99,TRUE
1642366,Quinten Post,7765,-0.67,1.37,-1.26,1.38,0.59,1.95,0.56,-0.04,0.6,True,insufficient_po_sample,0.233,42.0,-0.7046841551047801,-0.6376271421793818,-0.06705701292539835,1845.0,-0.26,-0.99,0.73,0.01,0.73,TRUE
1630647,Eugene Omoruyi,1649,0.19,1.68,-0.39,1.68,0.58,2.38,0.82,-1.19,2.01,False,,,,-2.3,-1.8999999999999997,-0.4,393.0,-0.09,-0.24,0.15,0.6,0.42,TRUE
1641775,Jordan Walsh,6353,0.86,1.42,0.29,1.42,0.57,2.01,-0.63,-0.61,-0.02,True,insufficient_po_sample,0.06,23.0,-0.7979604180176584,-2.175679652815883,1.3777192347982241,1698.0,0.24,-0.29,0.53,0.04,1.58,TRUE
1630552,Jalen Johnson,24934,-0.34,1.08,-0.91,1.08,0.57,1.53,0.74,-0.61,1.35,True,neutral,0.013,54.0,2.8803129074315517,1.661621707647012,1.2404355730209156,5705.0,0.56,-1.14,1.7,1.33,0.64,FALSE
1628418,Thomas Bryant,9366,0.1,1.29,-0.46,1.29,0.56,1.82,1.0,-0.68,1.68,True,neutral,-0.033,72.0,0.23483476612296927,0.5243732226326284,-0.24599418167554668,2136.0,0.51,-0.34,0.85,0.35,0.34,TRUE
1629652,Luguentz Dort,28989,0.76,1.1,0.22,1.1,0.55,1.56,-0.1,0.1,-0.2,True,holds_up,0.065,369.0,-1.1394979421135187,-1.6367747341937322,0.49727679208021364,6168.0,0.32,-0.06,0.39,0.15,0.77,TRUE
1631218,Trayce Jackson-Davis,10399,0.13,1.28,-0.41,1.28,0.54,1.81,0.82,-1.08,1.9,True,insufficient_po_sample,0.25,10.0,1.4184082259143245,0.4876717140368857,0.8932204531566514,2593.0,0.52,-0.66,1.18,0.8,0.68,TRUE
203486,Mason Plumlee,9319,0.68,1.3,0.16,1.3,0.53,1.84,-0.67,-0.69,0.02,True,insufficient_po_sample,0.311,25.0,-0.5439483467944012,-1.4417129937181683,0.9977646469237672,2146.0,0.33,-0.27,0.6,0.08,1.16,TRUE
1642863,Khaman Maluach,1590,-1.43,1.69,-1.95,1.69,0.53,2.39,-1.61,-0.92,-0.69,False,,,,-3.7,-3.7,0.0,411.0,-1.55,-1.53,-0.02,1.09,1.14,FALSE
1628370,Malik Monk,21945,1.99,1.1,1.47,1.1,0.52,1.55,0.85,0.39,0.46,True,insufficient_po_sample,,0.0,-0.541692007797271,0.8118715743607385,-1.3831858731796811,5290.0,1.73,1.47,0.25,0.08,0.0,TRUE
1630288,Jeff Dowtin Jr.,2829,1.39,1.6,0.89,1.6,0.5,2.26,1.17,0.03,1.14,False,insufficient_po_sample,,0.0,0.6951631046119234,0.9076490438695163,-0.21248593925759277,763.0,1.39,0.67,0.73,0.55,0.61,TRUE
1642967,John Poulakidas,1039,0.85,1.73,0.38,1.73,0.47,2.45,1.3,0.24,1.06,False,insufficient_po_sample,,0.0,-2.2,-1.0,-1.2,253.0,0.55,0.6,-0.04,0.51,0.59,TRUE
1641750,Ryan Kalkbrenner,6575,-1.25,1.45,-1.71,1.45,0.46,2.05,0.13,-1.15,1.28,True,insufficient_po_sample,,0.0,1.8000000000000003,0.5,1.3,1479.0,-0.3,-1.76,1.46,0.98,0.15,TRUE
203939,Dwight Powell,9666,-0.14,1.3,-0.58,1.3,0.45,1.83,-0.48,-0.41,-0.07,True,insufficient_po_sample,,0.0,-0.742273381591914,-2.033938715386163,1.2916653337942494,2291.0,-0.32,-0.91,0.59,0.04,0.91,TRUE
203944,Julius Randle,29399,1.6,1.04,1.17,1.04,0.44,1.47,0.55,0.57,-0.02,True,neutral,-0.017,372.0,1.5143962681914918,1.6410337711472731,-0.1266375029557815,6466.0,1.72,0.85,0.87,0.88,0.88,TRUE
1626174,Christian Wood,3568,-0.97,1.55,-1.41,1.55,0.43,2.19,-0.9,-0.84,-0.07,True,insufficient_po_sample,,0.0,-2.8,-2.6,-0.2,872.0,-0.97,-1.06,0.09,0.71,0.95,TRUE
1631311,Lester Quinones,2210,0.33,1.63,-0.09,1.64,0.42,2.31,0.37,0.77,-0.4,False,insufficient_po_sample,,0.0,,,,,0.33,-0.09,0.42,,,no_external
1641740,Jaylen Clark,5903,0.46,1.43,0.04,1.43,0.41,2.02,-0.21,-0.39,0.19,True,insufficient_po_sample,,0.0,-1.6785886199536806,-3.1016257209027747,1.3558285273148358,1410.0,-0.25,-0.47,0.22,0.29,1.39,TRUE
1641710,Anthony Black,20339,-0.21,1.12,-0.62,1.12,0.4,1.59,-1.05,-0.28,-0.77,True,slips,-0.116,53.0,-1.5262244208843827,-2.383355260236904,0.9017635773490024,4961.0,-0.46,-0.82,0.36,0.23,0.55,TRUE
1626220,Royce O'Neale,24482,0.2,1.04,-0.18,1.04,0.38,1.47,0.42,-0.12,0.54,True,insufficient_po_sample,-0.032,11.0,0.3345617453504444,-0.335672054691632,0.6702338000420764,6004.0,0.34,-0.42,0.76,0.47,0.65,TRUE
1629618,Jalen Pickett,5865,0.11,1.43,-0.27,1.44,0.38,2.03,-0.01,0.63,-0.64,True,insufficient_po_sample,,0.0,-2.052040222720851,-1.0784301504196792,-0.9118922961854898,1595.0,0.09,0.02,0.07,0.41,0.78,TRUE
1629026,Kenrich Williams,8422,-0.07,1.32,-0.44,1.32,0.37,1.87,0.42,-0.08,0.5,True,insufficient_po_sample,-0.339,15.0,0.06656951093401262,-0.4960272621647629,0.5250829483703789,3016.0,0.14,-0.57,0.7,0.38,0.34,TRUE
202684,Tristan Thompson,3063,-0.99,1.58,-1.36,1.59,0.37,2.24,-1.44,-0.58,-0.86,True,insufficient_po_sample,,0.0,-2.7380969203594194,-3.2708348053144918,0.47455341371630444,877.0,-1.17,-1.24,0.07,0.66,0.33,TRUE
1628426,Sasha Vezenkov,2060,1.01,1.65,0.65,1.65,0.36,2.33,0.86,-0.1,0.96,False,insufficient_po_sample,,0.0,-0.8999999999999999,-0.2,-0.7,511.0,0.86,0.64,0.22,0.02,0.03,TRUE
1629726,Garrison Mathews,9023,0.27,1.31,-0.06,1.31,0.33,1.86,0.95,0.65,0.3,True,insufficient_po_sample,,0.0,-2.1731384368349285,-1.5611247753890072,-0.6120136614459214,2018.0,0.05,0.08,-0.03,0.44,0.38,TRUE
1642259,Alex Sarr,12709,-1.52,1.31,-1.85,1.31,0.32,1.85,-0.11,-1.37,1.26,True,insufficient_po_sample,,0.0,-1.442758537262241,-0.8070689029466809,-0.5821206708840042,3119.0,-0.82,-1.27,0.45,0.16,1.58,TRUE
1630649,Stanley Umude,1442,-0.98,1.69,-1.28,1.69,0.3,2.4,-0.53,-0.72,0.19,False,insufficient_po_sample,,0.0,-3.150497915302712,-3.101185348540712,-0.07390854898177185,400.0,-1.12,-1.01,-0.11,0.78,0.75,TRUE
1629002,Chimezie Metu,3663,-0.77,1.54,-1.06,1.55,0.29,2.19,-0.82,-0.73,-0.09,True,insufficient_po_sample,,0.0,-1.3,-2.1,0.8,859.0,-0.72,-1.12,0.4,0.09,0.16,TRUE
1631255,Karlo Matković,5855,-1.35,1.44,-1.62,1.43,0.28,2.03,0.45,-1.11,1.56,True,insufficient_po_sample,,0.0,,,,,-1.35,-1.62,0.27,,,no_external
1627732,Ben Simmons,6035,-0.47,1.42,-0.75,1.42,0.28,2.01,-1.28,-0.09,-1.19,True,insufficient_po_sample,,0.0,0.1101697938520865,-1.9212739210573253,2.0314437149094124,1479.0,-0.49,-1.28,0.79,0.43,1.44,TRUE
1629636,Darius Garland,23932,1.96,1.09,1.69,1.09,0.27,1.55,1.14,0.51,0.64,True,neutral,0.027,299.0,0.9505999316616729,2.336530121431951,-1.3859301897702783,5546.0,2.12,1.64,0.48,0.75,0.14,TRUE
1628379,Luke Kennard,18114,2.16,1.08,1.9,1.09,0.26,1.54,0.95,0.63,0.31,True,holds_up,0.207,59.0,0.36336791877663865,0.46805045558689007,-0.05788500780886788,4152.0,1.73,1.37,0.36,0.54,1.44,TRUE
203482,Kelly Olynyk,11932,0.17,1.23,-0.1,1.23,0.26,1.73,0.61,-0.43,1.04,True,insufficient_po_sample,,0.0,0.7050747004201899,-0.18670176894745044,0.9073390569071952,3010.0,0.36,-0.43,0.8,0.66,0.91,TRUE
1642266,Ja'Kobe Walter,10954,-1.01,1.28,-1.27,1.28,0.26,1.81,0.16,-0.01,0.17,True,holds_up,0.031,53.0,-1.3344563065758803,-1.6831319653984744,0.3869888553624414,2577.0,-0.75,-1.14,0.39,0.09,0.34,TRUE
1642285,Cam Spencer,7586,1.38,1.38,1.13,1.39,0.25,1.96,2.59,0.57,2.02,True,insufficient_po_sample,,0.0,2.01511054722436,2.70635204559163,-0.6912414983672704,1966.0,1.87,1.0,0.88,1.15,0.36,FALSE
1627742,Brandon Ingram,21968,1.03,1.08,0.78,1.09,0.25,1.53,0.18,0.38,-0.2,True,slips,-0.092,99.0,0.6364431557380653,1.1710225723908092,-0.5664786366873895,5302.0,1.25,0.7,0.55,0.64,0.23,TRUE
1642859,Jase Richardson,2174,0.62,1.64,0.38,1.64,0.24,2.32,0.34,0.67,-0.33,False,insufficient_po_sample,,0.0,-2.5,-1.9,-0.7,587.0,0.17,0.44,-0.27,0.51,0.16,TRUE
1631323,Simone Fontecchio,16530,0.39,1.12,0.16,1.12,0.23,1.59,0.5,0.34,0.16,True,insufficient_po_sample,,0.0,-1.0573620229929186,-0.4312033040698007,-0.6261587189231179,4054.0,0.43,0.25,0.18,0.02,0.24,TRUE
1630182,Josh Green,17666,-0.01,1.1,-0.23,1.1,0.22,1.56,-0.66,0.44,-1.1,True,holds_up,0.332,79.0,-2.896414113520808,-3.1553936333149237,0.2589795197941162,4300.0,-0.55,-0.32,-0.22,0.65,0.26,TRUE
1630592,Jalen Wilson,13990,1.24,1.21,1.04,1.21,0.2,1.71,-0.35,1.14,-1.5,True,insufficient_po_sample,,0.0,-4.233725178078451,-2.763999347295439,-1.4983316072183799,3554.0,0.31,1.19,-0.88,1.14,0.4,FALSE
203083,Andre Drummond,16215,-0.86,1.16,-1.04,1.16,0.18,1.64,-0.12,-1.28,1.15,True,holds_up,0.084,57.0,-0.9474315633837187,-0.4459469158663853,-0.5014846475173335,3333.0,-0.32,-0.69,0.37,0.09,0.96,TRUE
1643052,Chaney Johnson,1264,0.18,1.72,0.02,1.72,0.16,2.43,0.41,-0.12,0.53,False,insufficient_po_sample,,0.0,0.1,-0.3,0.4,348.0,0.34,-0.18,0.52,0.49,0.55,TRUE
1631095,Jabari Smith Jr.,28572,-0.38,1.08,-0.53,1.08,0.15,1.52,0.03,0.15,-0.11,True,insufficient_po_sample,-0.578,15.0,-0.6135157122568012,-0.5736462915213104,-0.03986942073549082,6845.0,-0.07,-0.45,0.38,0.23,0.21,TRUE
1641842,Ronald Holland II,11574,-2.15,1.27,-2.28,1.27,0.14,1.8,-1.15,-0.72,-0.43,True,insufficient_po_sample,,0.0,,,,,-2.15,-2.28,0.13,,,no_external
1630214,Xavier Tillman,5271,-1.76,1.45,-1.89,1.45,0.14,2.05,-1.62,-1.29,-0.34,True,insufficient_po_sample,,0.0,-2.568695726936635,-4.018301665090418,1.4496059381537842,1388.0,-1.83,-1.95,0.11,0.49,0.15,TRUE
202083,Wesley Matthews,1975,0.07,1.65,-0.06,1.65,0.13,2.34,-0.37,-0.32,-0.05,False,insufficient_po_sample,,0.0,-2.8,-3.1,0.3,413.0,-0.49,-0.21,-0.28,0.57,0.41,TRUE
1642450,Daniss Jenkins,6955,-0.34,1.41,-0.45,1.41,0.12,1.99,0.1,0.19,-0.09,True,slips,-0.07,95.0,-0.8955504752084337,-0.9217334084078992,0.02488789693980693,1478.0,-0.14,-0.41,0.27,0.14,0.1,TRUE
1629622,Max Strus,18776,0.75,1.15,0.66,1.15,0.1,1.62,0.65,0.54,0.1,True,holds_up,0.035,373.0,0.03496141200899814,-0.17593078387264233,0.21089219588164035,3800.0,0.71,0.36,0.36,0.49,0.82,TRUE
1642843,Cooper Flagg,9497,-0.12,1.36,-0.21,1.36,0.1,1.93,0.48,-0.58,1.06,True,insufficient_po_sample,,0.0,1.4,1.0,0.4,2344.0,0.51,-0.35,0.86,1.0,0.39,TRUE
1626168,Trey Lyles,10287,0.61,1.29,0.53,1.29,0.09,1.83,0.32,0.25,0.07,True,insufficient_po_sample,,0.0,-0.866576153521413,-0.39999999999999997,-0.4665761535214131,2507.0,0.57,0.48,0.09,0.16,0.15,TRUE
1631123,Jamaree Bouyea,2842,-1.67,1.6,-1.76,1.6,0.09,2.26,-0.9,-0.42,-0.48,False,insufficient_po_sample,,0.0,-1.7631161219957685,-2.3743787860869108,0.6977385316881514,801.0,-1.33,-1.61,0.28,0.17,0.41,TRUE
1630590,Scotty Pippen Jr.,10427,-1.24,1.29,-1.33,1.29,0.08,1.82,0.46,-1.06,1.51,True,holds_up,0.15,64.0,1.2842506032891934,-0.2871266197554398,1.5005596901425589,2422.0,-0.51,-1.54,1.03,0.96,0.58,TRUE
1630171,Isaac Okoro,19181,0.22,1.08,0.14,1.08,0.08,1.53,-0.1,0.36,-0.47,True,slips,-0.105,70.0,-2.1467799184711005,-2.1673985151200457,0.020618596648945255,4635.0,-0.14,0.03,-0.17,0.31,0.3,TRUE
1642877,Micah Peavy,3602,0.29,1.56,0.23,1.56,0.07,2.2,-1.01,-0.15,-0.86,True,insufficient_po_sample,,0.0,-5.2,-4.4,-0.8,913.0,-0.71,0.36,-1.06,1.44,0.35,FALSE
1629723,John Konchar,11190,-2.11,1.24,-2.18,1.24,0.07,1.76,-0.4,-1.5,1.1,True,insufficient_po_sample,0.306,10.0,0.6144853843544111,-1.6243115212082881,2.2193984527813497,2846.0,-1.39,-2.41,1.01,0.72,0.62,TRUE
202722,Davis Bertans,2660,0.33,1.61,0.26,1.62,0.07,2.28,0.78,0.16,0.62,False,insufficient_po_sample,,0.0,,,,,0.33,0.26,0.07,,,no_external
1628396,Tony Bradley,2671,0.02,1.6,-0.04,1.6,0.06,2.27,0.09,0.22,-0.13,False,insufficient_po_sample,-0.193,18.0,-3.2686367899372923,-1.8101013258794758,-1.4585354640578165,563.0,-0.17,0.36,-0.53,0.72,1.1,TRUE
201988,Patty Mills,3229,-0.99,1.56,-1.05,1.56,0.06,2.21,-0.95,0.27,-1.22,True,insufficient_po_sample,,0.0,-3.9252252252252253,-4.132432432432433,0.2072072072072072,736.0,-1.4,-0.92,-0.48,0.96,0.35,TRUE
1631094,Paolo Banchero,30310,0.43,1.11,0.4,1.11,0.04,1.57,-0.02,0.39,-0.41,True,slips,-0.092,430.0,1.8462460649070631,1.8233958133569539,0.04570050310021805,6883.0,1.06,0.22,0.85,1.19,0.5,FALSE
1629008,Michael Porter Jr.,30681,1.36,1.04,1.34,1.04,0.03,1.48,0.93,0.45,0.48,True,holds_up,0.065,112.0,0.8962270808976588,2.2564665373977015,-1.39178173743192,6847.0,1.74,1.38,0.36,0.84,0.1,TRUE
1628420,Monte Morris,4631,-0.48,1.48,-0.49,1.48,0.0,2.09,0.39,0.14,0.26,True,insufficient_po_sample,,0.0,-1.1605958241580872,-1.1865547574852717,0.025958933327184436,1112.0,-0.3,-0.45,0.15,0.09,0.12,TRUE
1641854,Craig Porter Jr.,8618,0.86,1.33,0.87,1.33,-0.01,1.88,-0.05,-0.67,0.63,True,insufficient_po_sample,,0.0,1.4781727344677484,-0.111845567867036,1.5332315987336762,2310.0,0.8,0.1,0.7,1.08,2.11,FALSE
1630322,Lindy Waters III,4607,0.38,1.47,0.39,1.48,-0.01,2.09,0.51,0.34,0.17,True,insufficient_po_sample,,0.0,-2.0935210064594196,-2.046408171254693,-0.04711283520472623,1343.0,-0.01,0.24,-0.25,0.25,0.42,TRUE
1642272,Jared McCain,7998,0.34,1.33,0.35,1.33,-0.01,1.88,0.28,0.84,-0.56,True,slips,-0.097,63.0,-1.6263734134289314,-0.5883344637147564,-1.038038949714175,1752.0,0.36,0.52,-0.17,0.07,0.47,TRUE
203110,Draymond Green,22896,-1.63,1.13,-1.61,1.13,-0.02,1.59,-0.61,-0.79,0.18,True,neutral,0.003,76.0,0.1483131153711541,-1.9564223121776623,2.104735427548817,5342.0,-1.2,-1.94,0.75,0.59,0.91,TRUE
203915,Spencer Dinwiddie,17307,1.07,1.11,1.09,1.11,-0.02,1.57,0.54,0.59,-0.05,True,insufficient_po_sample,,0.0,-1.7367393546485927,-1.082319139531457,-0.6544202151171356,4288.0,0.66,0.96,-0.29,0.11,0.37,TRUE
1642347,Jamal Shead,14218,0.44,1.23,0.47,1.24,-0.02,1.75,0.05,0.34,-0.29,True,slips,-0.373,56.0,-3.013998846759035,-2.656999423379517,-0.3569994233795173,3319.0,-0.14,0.4,-0.54,0.58,0.2,TRUE
1629023,P.J. Washington,26179,-0.84,1.02,-0.82,1.02,-0.02,1.45,-0.61,-0.44,-0.17,True,holds_up,0.112,153.0,-1.537412606385421,-1.5092826106011845,-0.02812999578423637,5792.0,-0.6,-0.68,0.07,0.04,0.39,TRUE
1641794,Dillon Jones,2169,-0.79,1.63,-0.76,1.64,-0.03,2.31,-1.23,-0.05,-1.18,False,insufficient_po_sample,,0.0,-3.8901762008206617,-4.386290127926623,0.4961139271059618,591.0,-1.35,-0.8,-0.55,0.9,0.1,TRUE
203200,Justin Holiday,4040,-0.43,1.52,-0.38,1.52,-0.04,2.15,0.06,0.15,-0.1,True,insufficient_po_sample,,0.0,-1.6,-2.5,0.9,862.0,-0.62,-0.64,0.02,0.05,0.71,TRUE
1630679,Ethan Thompson,2557,-0.26,1.62,-0.22,1.62,-0.04,2.29,-0.39,0.38,-0.78,False,insufficient_po_sample,,0.0,-4.9,-4.1,-0.7999999999999999,653.0,-0.95,0.02,-0.97,1.27,0.65,FALSE
1642857,Kasparas Jakučionis,3629,1.56,1.56,1.63,1.56,-0.07,2.2,1.25,0.33,0.93,True,insufficient_po_sample,,0.0,,,,,1.56,1.63,-0.07,,,no_external
1630230,Naji Marshall,22043,0.36,1.07,0.44,1.07,-0.08,1.51,0.09,0.14,-0.05,True,insufficient_po_sample,-0.069,22.0,-0.6872692233156047,-0.6748691888632888,-0.031075988889128145,5360.0,0.35,0.27,0.07,0.31,0.46,TRUE
1631321,Sidy Cissoko,6407,-0.97,1.41,-0.89,1.42,-0.08,2.0,-1.18,0.03,-1.21,True,insufficient_po_sample,,0.0,-3.9862346411295033,-4.575751578145073,0.5072929664210067,1690.0,-1.51,-0.9,-0.61,0.92,0.02,TRUE
1630191,Isaiah Stewart,17914,-0.88,1.17,-0.77,1.17,-0.11,1.65,-0.35,-0.66,0.31,True,slips,-0.244,57.0,-0.4425706989501559,-1.4112688408725482,0.9345855222995108,4174.0,-0.6,-0.94,0.35,0.41,0.47,TRUE
1629052,Oshae Brissett,2986,0.04,1.58,0.15,1.58,-0.11,2.23,-0.22,-0.13,-0.08,False,insufficient_po_sample,,0.0,-2.7598414651802523,-2.362606775734762,-0.3972346894454902,772.0,-0.3,0.17,-0.47,0.45,0.05,TRUE
1630197,Aleksej Pokusevski,1612,-0.94,1.69,-0.83,1.68,-0.11,2.38,-0.72,-0.77,0.05,False,insufficient_po_sample,,0.0,-1.9,-1.8,-0.1,405.0,-0.74,-0.66,-0.08,0.13,0.46,TRUE
1642363,Nique Clifford,7513,-0.49,1.41,-0.38,1.41,-0.12,2.0,-1.45,0.11,-1.56,True,insufficient_po_sample,,0.0,-4.9,-3.7,-1.2,1882.0,-0.98,0.03,-1.01,1.24,1.11,FALSE
1628981,Bruno Fernando,3556,-0.71,1.56,-0.58,1.56,-0.13,2.21,-0.88,-0.8,-0.08,True,insufficient_po_sample,,0.0,-1.9705715587505694,-3.079410722421911,1.1882498860932518,829.0,-0.95,-0.88,-0.07,0.15,0.82,TRUE
1630538,Bones Hyland,7968,-0.38,1.34,-0.24,1.34,-0.13,1.9,0.86,-0.1,0.96,True,insufficient_po_sample,-0.098,40.0,0.6837296978781101,0.3133080087186852,0.37042168915942497,1956.0,0.17,-0.37,0.54,0.84,0.35,TRUE
1629234,Drew Eubanks,11892,-1.37,1.23,-1.21,1.23,-0.16,1.74,-1.1,-0.94,-0.16,True,insufficient_po_sample,,0.0,-1.7412151947375605,-2.0286461151082773,0.31873758083517467,2467.0,-1.06,-1.08,0.02,0.05,0.36,TRUE
1630215,Jared Butler,6075,0.05,1.42,0.21,1.43,-0.16,2.02,0.67,-0.09,0.75,True,insufficient_po_sample,,0.0,-1.3417450241038615,-0.12135458927974795,-1.189322705360126,1610.0,0.31,0.46,-0.16,0.1,0.7,TRUE
1631109,Mark Williams,13631,-1.52,1.22,-1.36,1.22,-0.17,1.72,1.0,-1.08,2.08,True,insufficient_po_sample,,0.0,2.378780331939601,1.8677196954481547,0.47556866110390916,3095.0,-0.09,-1.24,1.15,1.48,0.33,FALSE
1631133,Jabari Walker,12148,0.68,1.23,0.86,1.23,-0.17,1.74,-0.32,0.16,-0.48,True,insufficient_po_sample,,0.0,-2.5132832942851446,-2.018799453977244,-0.4701682266385572,3211.0,0.17,0.72,-0.55,0.33,0.37,TRUE
1642856,Egor Dëmin,4300,-0.62,1.54,-0.44,1.54,-0.17,2.18,-0.02,0.49,-0.51,True,insufficient_po_sample,,0.0,,,,,-0.62,-0.44,-0.18,,,no_external
1642281,Jaylon Tyson,9507,0.54,1.31,0.72,1.31,-0.18,1.85,0.51,0.23,0.28,True,holds_up,0.084,59.0,-0.3889813700946127,0.07609138918434367,-0.4476091389184344,2230.0,0.66,0.61,0.04,0.46,0.29,TRUE
1641783,Tristan da Silva,13737,-0.35,1.21,-0.17,1.21,-0.18,1.71,-0.44,0.51,-0.95,True,insufficient_po_sample,,0.0,-1.4317692328987073,-1.3654153863189658,-0.06635384657974144,3528.0,-0.27,-0.18,-0.09,0.08,0.02,TRUE
1631212,Peyton Watson,21119,-0.54,1.09,-0.34,1.09,-0.2,1.54,-0.84,-0.98,0.13,True,insufficient_po_sample,-0.026,25.0,-1.6629445889177836,-1.811604320864173,0.10870174034806962,4742.0,-0.5,-0.36,-0.14,0.0,0.05,TRUE
1628964,Mo Bamba,4378,-2.27,1.5,-2.07,1.5,-0.2,2.12,-0.73,-1.85,1.12,True,insufficient_po_sample,,0.0,-1.3050189995431196,-2.5508563723687585,1.3458373728256388,1197.0,-1.74,-2.05,0.31,0.13,0.06,TRUE
1631367,Jacob Gilyard,2598,0.45,1.61,0.65,1.61,-0.2,2.28,0.65,0.21,0.44,False,insufficient_po_sample,,0.0,-1.4,-2.0,0.6,699.0,0.04,0.23,-0.19,0.1,1.15,TRUE
1628984,Devonte' Graham,1000,-0.21,1.73,0.01,1.73,-0.22,2.45,0.21,0.47,-0.26,False,insufficient_po_sample,,0.0,-3.9,-2.9999999999999996,-0.9000000000000001,313.0,-0.63,0.22,-0.85,0.82,0.58,TRUE
1630811,Keaton Wallace,4031,-1.31,1.52,-1.08,1.53,-0.23,2.16,-0.25,-0.49,0.24,True,insufficient_po_sample,,0.0,-2.5252503073027746,-3.1310622695229187,0.6058119622201444,1037.0,-1.32,-1.07,-0.25,0.31,0.02,TRUE
1630249,Vít Krejčí,8329,-0.82,1.32,-0.59,1.32,-0.23,1.87,0.78,0.33,0.45,True,insufficient_po_sample,,0.0,,,,,-0.82,-0.59,-0.23,,,no_external
203967,Dario Saric,3467,-0.67,1.55,-0.42,1.55,-0.24,2.19,0.24,0.27,-0.04,True,insufficient_po_sample,,0.0,,,,,-0.67,-0.42,-0.25,,,no_external
1629111,Jock Landale,11637,1.2,1.24,1.44,1.24,-0.24,1.75,1.02,0.0,1.02,True,insufficient_po_sample,,0.0,-0.015218572648490069,0.446242446281262,-0.461461018929752,2769.0,1.15,1.16,-0.0,0.63,0.77,TRUE
1642269,Devin Carter,4176,0.2,1.52,0.44,1.52,-0.24,2.15,-0.38,-0.35,-0.03,True,insufficient_po_sample,,0.0,-2.7917097639693584,-2.1390325465645295,-0.720725590076603,1096.0,-0.15,0.49,-0.64,0.4,0.13,TRUE
1627777,Georges Niang,14922,0.86,1.2,1.11,1.2,-0.25,1.7,0.09,0.77,-0.68,True,insufficient_po_sample,0.121,23.0,-2.5837059770200983,-1.7619806130468953,-0.8217253639732027,3528.0,0.35,1.02,-0.67,0.32,0.24,TRUE
101108,Chris Paul,15516,0.96,1.15,1.23,1.15,-0.26,1.63,1.43,-0.14,1.57,True,insufficient_po_sample,,0.0,0.5085676629795246,-0.17339609319839963,0.6819637561779243,4051.0,0.84,0.64,0.2,0.83,1.62,TRUE
203897,Zach LaVine,18726,1.15,1.11,1.42,1.11,-0.27,1.56,0.74,0.78,-0.04,True,insufficient_po_sample,,0.0,-0.06626034416135146,1.5514264780420237,-1.6483993837414126,4698.0,1.42,1.52,-0.1,0.62,0.27,TRUE
1627747,Caris LeVert,21696,0.72,1.07,1.02,1.07,-0.3,1.51,0.21,-0.26,0.46,True,holds_up,0.045,186.0,0.2613301302974123,-0.47733973940517543,0.7688027782855055,4708.0,0.61,0.45,0.16,0.76,1.55,TRUE
1641890,Tyler Smith,1028,0.17,1.73,0.47,1.73,-0.3,2.45,0.15,-0.4,0.55,False,,,,-3.322360248447205,-1.8981366459627327,-1.4484472049689443,288.0,-0.1,0.74,-0.84,0.57,0.74,TRUE
201976,Patrick Beverley,6564,0.02,1.4,0.33,1.4,-0.31,1.99,-0.2,0.07,-0.27,True,holds_up,0.14,58.0,-1.1,-1.5000000000000002,0.5,1462.0,-0.08,0.02,-0.1,0.26,0.85,TRUE
202066,Garrett Temple,2013,-1.15,1.65,-0.83,1.65,-0.32,2.33,-0.84,-0.72,-0.12,False,insufficient_po_sample,,0.0,-4.28193871793759,-4.736406839980904,0.49774098346425943,589.0,-1.66,-0.85,-0.81,0.91,0.05,TRUE
1628966,Keita Bates-Diop,2526,-0.37,1.62,-0.03,1.61,-0.33,2.28,-0.49,-0.45,-0.04,False,insufficient_po_sample,,0.0,-1.0,-1.5,0.4,665.0,-0.32,-0.22,-0.1,0.31,0.52,TRUE
1631204,Marcus Sasser,10682,0.73,1.26,1.08,1.26,-0.35,1.79,0.25,0.3,-0.06,True,insufficient_po_sample,-0.106,10.0,-1.7477753209977116,-1.163125509135343,-0.6068093215407891,2619.0,0.44,0.93,-0.5,0.04,0.4,TRUE
1629312,Haywood Highsmith,13611,-1.09,1.23,-0.69,1.23,-0.4,1.74,-0.43,0.0,-0.44,True,insufficient_po_sample,0.218,40.0,-1.2511264592051854,-2.173079040936409,0.9848809036845916,3275.0,-0.93,-0.9,-0.03,0.25,0.57,TRUE
1641810,Antonio Reeves,2573,0.59,1.62,0.99,1.62,-0.4,2.29,0.14,0.73,-0.6,False,insufficient_po_sample,,0.0,-2.7030854173432934,-0.9349788892497563,-1.7681065280935369,728.0,0.41,1.23,-0.82,0.29,0.67,TRUE
1627741,Buddy Hield,21406,0.8,1.03,1.21,1.03,-0.41,1.46,0.69,0.11,0.58,True,slips,-0.056,93.0,-0.45883616162087726,-0.08535515043999907,-0.3734810111808782,4842.0,0.77,0.96,-0.19,0.54,0.69,TRUE
1628995,Kevin Knox II,2832,0.2,1.6,0.62,1.59,-0.42,2.26,-0.08,0.72,-0.8,False,insufficient_po_sample,,0.0,-4.095580110497237,-2.4790055248618783,-1.616574585635359,644.0,-0.24,0.91,-1.15,0.8,0.79,TRUE
1642484,RayJ Dennis,1124,-0.93,1.72,-0.51,1.72,-0.42,2.44,-0.63,-0.55,-0.08,False,insufficient_po_sample,,0.0,-4.526050738356682,-4.150018932222642,-0.3540325634229459,276.0,-1.37,-0.34,-1.03,0.96,0.47,TRUE
1630530,Trey Murphy III,24139,0.43,1.1,0.85,1.1,-0.42,1.55,1.44,0.05,1.39,True,insufficient_po_sample,-0.156,34.0,1.935168611472239,2.6099843041506805,-0.7053120144592067,5885.0,1.28,0.79,0.49,1.44,0.16,FALSE
202692,Alec Burks,9057,0.53,1.3,0.96,1.3,-0.43,1.84,0.92,0.63,0.29,True,insufficient_po_sample,-0.184,28.0,-1.100470188139665,-0.16159271401611522,-0.93887747412355,2075.0,0.59,0.95,-0.36,0.32,0.03,TRUE
201568,Danilo Gallinari,2968,0.74,1.58,1.21,1.58,-0.46,2.24,0.75,0.71,0.04,False,insufficient_po_sample,,0.0,-1.9,-0.8,-1.0,630.0,0.54,1.15,-0.62,0.03,0.15,TRUE
1628464,Daniel Theis,7038,-0.82,1.39,-0.36,1.39,-0.46,1.97,-0.41,-0.6,0.19,True,insufficient_po_sample,,0.0,-2.3207150964812713,-2.3783200908059023,0.05760499432463111,1636.0,-0.82,-0.36,-0.47,0.12,0.01,TRUE
1629645,Kevin Porter Jr.,11450,-1.67,1.26,-1.19,1.25,-0.48,1.77,-0.24,-0.8,0.57,True,slips,-0.196,63.0,0.7667675607974115,-0.38509550151341193,1.0518630623108234,2743.0,-0.79,-1.3,0.5,1.03,0.29,FALSE
1629027,Trae Young,22329,3.38,1.12,3.86,1.12,-0.48,1.59,2.27,0.58,1.68,True,insufficient_po_sample,,0.0,1.4249022477391273,3.922804608052835,-2.4410304326616385,5065.0,3.4,3.6,-0.2,1.27,0.71,FALSE
1629014,Anfernee Simons,20942,0.88,1.08,1.37,1.08,-0.48,1.53,0.9,1.11,-0.21,True,insufficient_po_sample,,0.0,-0.02499347219613646,1.7057508806809074,-1.687171605656514,5246.0,1.3,1.49,-0.19,0.74,0.34,TRUE
1630696,Dru Smith,6592,-2.59,1.42,-2.1,1.42,-0.49,2.01,0.3,-1.89,2.19,True,insufficient_po_sample,,0.0,2.1349607588232464,-1.4880515603612525,3.5445299656768676,1540.0,-1.64,-2.77,1.12,1.54,1.82,FALSE
1642273,Kyshawn George,12984,-0.48,1.26,0.07,1.26,-0.55,1.78,-0.63,-0.52,-0.11,True,insufficient_po_sample,,0.0,-2.7025718304199313,-2.209823117374405,-0.444561534784145,3193.0,-0.57,0.12,-0.7,0.22,0.15,TRUE
1642353,Cam Christie,1663,-1.67,1.68,-1.12,1.68,-0.55,2.38,-1.55,-0.24,-1.31,False,,,,-4.4055901090799106,-3.685152277066752,-0.7204378320131577,539.0,-1.69,-0.68,-1.01,0.85,1.2,TRUE
1627788,Furkan Korkmaz,1203,-0.4,1.72,0.17,1.72,-0.56,2.43,-0.5,-0.09,-0.41,False,,,,-2.7,-3.2,0.4,300.0,-0.79,-0.07,-0.73,0.22,0.65,TRUE
1629022,Lonnie Walker IV,6063,-0.09,1.42,0.47,1.42,-0.56,2.01,0.27,0.25,0.03,True,insufficient_po_sample,,0.0,-1.762057613168724,-0.2551769547325103,-1.506880658436214,1488.0,0.19,0.76,-0.57,0.13,0.79,TRUE
1642885,Mohamed Diawara,2305,-0.55,1.63,0.01,1.63,-0.56,2.3,-0.22,0.51,-0.73,False,,,,-1.7,-1.8,0.1,634.0,-0.51,-0.09,-0.41,0.15,0.28,TRUE
1642862,Liam McNeeley,1396,0.73,1.7,1.32,1.7,-0.59,2.4,0.02,0.96,-0.95,False,insufficient_po_sample,,0.0,-1.3,-1.3,0.0,368.0,0.4,0.92,-0.52,0.32,1.09,TRUE
1642878,Tyrese Proctor,2028,0.43,1.65,1.03,1.65,-0.6,2.34,0.33,0.1,0.23,False,insufficient_po_sample,,0.0,-2.8,-2.3,-0.5,545.0,-0.05,0.86,-0.91,0.24,0.46,TRUE
1641732,Colby Jones,2425,-1.8,1.62,-1.19,1.62,-0.61,2.3,-1.16,-0.78,-0.38,False,insufficient_po_sample,,0.0,-3.249889757112871,-3.7894925299419686,0.4654401777997284,714.0,-1.79,-1.11,-0.68,0.4,0.22,TRUE
201942,DeMar DeRozan,32325,0.75,1.0,1.37,1.0,-0.62,1.41,1.17,0.58,0.58,True,insufficient_po_sample,,0.0,0.47917024468470326,1.3676609738613772,-0.8545343157179067,8163.0,1.13,1.23,-0.1,0.99,0.39,TRUE
1629003,Shake Milton,5717,0.0,1.42,0.63,1.42,-0.63,2.01,-0.49,0.51,-1.0,True,insufficient_po_sample,,0.0,-2.7488636363636365,-2.6513636363636364,-0.09749999999999998,1418.0,-0.41,0.43,-0.84,0.2,0.54,TRUE
1641715,Cam Whitmore,9161,0.37,1.3,1.0,1.3,-0.63,1.84,0.58,-0.25,0.83,True,insufficient_po_sample,,0.0,-0.5471907793713319,0.42381813657358225,-0.9495232488270889,2061.0,0.65,0.98,-0.33,0.61,0.05,TRUE
1628975,Jevon Carter,8688,-0.16,1.31,0.48,1.31,-0.63,1.86,0.0,0.01,-0.01,True,insufficient_po_sample,,0.0,-2.3460006899610666,-2.062402050170026,-0.23612274735925615,2192.0,-0.34,0.37,-0.71,0.05,0.31,TRUE
1630537,Chris Duarte,2917,-0.47,1.59,0.18,1.59,-0.65,2.24,-0.27,0.06,-0.33,False,insufficient_po_sample,,0.0,-2.893243412910516,-2.8720624899108564,-0.021180922999659207,793.0,-0.75,0.07,-0.82,0.25,0.29,TRUE
1630604,E.J. Liddell,1415,0.31,1.71,0.96,1.7,-0.65,2.41,-0.04,0.14,-0.18,False,insufficient_po_sample,,0.0,-3.440414811916059,-2.5060949958420977,-1.0196791077630485,425.0,-0.18,0.97,-1.15,0.45,0.04,TRUE
1630531,Jaden Springer,3190,-1.12,1.56,-0.47,1.56,-0.65,2.21,-1.44,-1.2,-0.24,True,insufficient_po_sample,,0.0,-3.075135574006557,-4.6215447777199055,1.5464092037133492,872.0,-1.61,-0.91,-0.7,0.31,1.21,TRUE
1631170,Jaime Jaquez Jr.,24125,0.2,1.07,0.86,1.07,-0.66,1.51,-0.14,0.18,-0.31,True,insufficient_po_sample,-0.375,17.0,-0.7593609804832417,-0.8825812774026865,0.1682100199176567,5602.0,0.19,0.52,-0.33,0.55,0.92,TRUE
1631101,Shaedon Sharpe,19498,-0.11,1.13,0.56,1.13,-0.67,1.59,-0.15,0.4,-0.55,True,insufficient_po_sample,-0.189,11.0,-1.605380668014454,-0.4855839169514133,-1.0836619690631242,4782.0,0.11,0.69,-0.58,0.24,0.37,TRUE
203084,Harrison Barnes,25949,0.52,1.04,1.19,1.04,-0.67,1.47,0.73,0.96,-0.23,True,insufficient_po_sample,-0.483,12.0,-0.5758983464694815,0.3218364207387509,-0.8977347672082323,6597.0,0.71,1.11,-0.4,0.62,0.23,TRUE
1630583,Santi Aldama,19287,0.48,1.12,1.15,1.12,-0.67,1.58,0.83,-0.28,1.11,True,insufficient_po_sample,-0.0,19.0,1.685239774444643,1.1430537725270977,0.5119489087865836,4476.0,0.91,0.63,0.28,1.46,1.42,FALSE
1630243,Trevelin Queen,2145,-0.96,1.64,-0.29,1.64,-0.68,2.32,-1.05,-0.96,-0.09,False,insufficient_po_sample,,0.0,-1.0497291556027615,-3.107881040892193,2.082336696760488,595.0,-1.11,-0.95,-0.16,0.45,1.79,TRUE
1642869,Noah Penda,2745,-0.21,1.6,0.48,1.6,-0.69,2.27,-0.6,-0.46,-0.14,False,insufficient_po_sample,,0.0,-1.5,-2.0,0.6,757.0,-0.36,0.1,-0.46,0.29,1.04,TRUE
1630219,Skylar Mays,1629,-0.13,1.68,0.56,1.68,-0.69,2.38,-0.02,-0.11,0.08,False,insufficient_po_sample,,0.0,-2.0,-2.1,0.1,433.0,-0.33,0.32,-0.65,0.1,0.66,TRUE
1630245,Ayo Dosunmu,23394,-0.07,1.05,0.63,1.05,-0.7,1.48,0.64,0.36,0.29,True,holds_up,0.176,85.0,-0.2609942378897093,-0.019783099270424778,-0.24121113861928445,5487.0,0.26,0.48,-0.21,0.75,0.41,TRUE
1642261,Dalton Knecht,8187,1.2,1.34,1.91,1.34,-0.72,1.89,0.37,0.85,-0.48,True,insufficient_po_sample,,0.0,-2.3551527590322476,-0.7168363989247192,-1.6691581800537643,2047.0,0.84,1.89,-1.05,0.01,0.05,TRUE
1630224,Jalen Green,21038,-0.63,1.11,0.12,1.11,-0.75,1.58,0.07,0.41,-0.34,True,holds_up,0.052,139.0,-0.1417119229819798,0.6201425573932363,-0.7158059738336212,6126.0,0.1,0.25,-0.15,0.82,0.35,TRUE
203937,Kyle Anderson,16017,-2.62,1.12,-1.85,1.12,-0.76,1.58,-0.43,-0.59,0.16,True,insufficient_po_sample,0.141,47.0,1.009260733501702,-1.2268117931261668,2.2646103272208196,3637.0,-1.59,-2.17,0.58,1.25,0.89,FALSE
1628365,Markelle Fultz,5037,-0.83,1.48,-0.06,1.48,-0.77,2.09,-1.43,-0.1,-1.33,True,insufficient_po_sample,0.243,37.0,-2.6740025960667144,-3.382944331512821,0.7089417354461071,1130.0,-1.1,-0.34,-0.76,0.11,0.76,TRUE
1641741,Ricky Council IV,5807,0.8,1.44,1.59,1.44,-0.79,2.04,0.1,0.57,-0.47,True,insufficient_po_sample,,0.0,-3.3971889628186362,-1.3390133477779305,-2.0581756150407062,1539.0,0.43,1.78,-1.35,0.37,0.51,TRUE
202704,Reggie Jackson,9809,-0.68,1.31,0.11,1.31,-0.79,1.85,0.01,0.76,-0.75,True,insufficient_po_sample,-0.096,18.0,-3.362152055709244,-2.0837660974911763,-1.358116951254412,2201.0,-0.66,0.44,-1.1,0.36,0.91,TRUE
1631213,Tyrese Martin,8712,-0.55,1.35,0.24,1.35,-0.79,1.91,-0.53,0.75,-1.28,True,insufficient_po_sample,,0.0,-2.9326821697128636,-1.6495116272846475,-1.2831705424282158,2092.0,-0.46,0.52,-0.98,0.2,0.76,TRUE
1628998,Cody Martin,7979,-1.59,1.35,-0.78,1.35,-0.81,1.91,-1.29,-0.77,-0.52,True,insufficient_po_sample,,0.0,-2.5279028007441093,-3.4956264210417523,0.9677236202976438,1981.0,-1.59,-0.96,-0.63,0.04,0.49,TRUE
201145,Jeff Green,4310,-0.63,1.5,0.19,1.51,-0.82,2.13,0.11,0.75,-0.64,True,insufficient_po_sample,,0.0,-1.9511572311829868,-1.3798009263541346,-0.530577512788952,1878.0,-0.44,0.24,-0.68,0.18,0.14,TRUE
1631288,Jamal Cain,4997,-0.15,1.46,0.68,1.46,-0.82,2.07,-0.12,0.16,-0.28,True,insufficient_po_sample,0.135,21.0,-2.3193513783441375,-1.5561972312899377,-0.7246233943978473,1247.0,-0.2,0.67,-0.87,0.04,0.03,TRUE
1626204,Larry Nance Jr.,9840,-1.21,1.29,-0.39,1.29,-0.82,1.82,-0.02,-0.54,0.51,True,insufficient_po_sample,-0.246,15.0,0.5042079015505312,-0.8946733001261712,1.3988812016767027,2128.0,-0.66,-0.81,0.15,1.09,1.13,FALSE
1628381,John Collins,20496,-0.41,1.1,0.41,1.1,-0.82,1.55,0.4,-0.31,0.72,True,insufficient_po_sample,,0.0,-0.2630707124626754,0.49412338041460424,-0.7571940928772796,4993.0,0.2,0.48,-0.28,0.81,0.19,TRUE
1641824,Matas Buzelis,15817,-1.37,1.19,-0.54,1.2,-0.83,1.69,0.04,-0.81,0.84,True,insufficient_po_sample,,0.0,-1.5371573870758652,-1.1013468946041407,-0.4358104924717243,3759.0,-0.81,-0.34,-0.47,0.34,0.56,TRUE
1631113,Kennedy Chandler,1433,0.94,1.71,1.79,1.71,-0.84,2.42,0.9,0.66,0.24,False,,,,-5.7,-2.5,-3.1,355.0,0.2,2.26,-2.06,1.2,1.27,FALSE
1642874,Danny Wolf,4447,-1.6,1.52,-0.76,1.52,-0.84,2.15,-0.66,0.03,-0.69,True,insufficient_po_sample,,0.0,-2.5,-2.2,-0.3,1187.0,-1.24,-0.54,-0.7,0.01,0.59,TRUE
1630311,Pat Spencer,6092,0.24,1.43,1.1,1.43,-0.85,2.03,-0.1,0.33,-0.43,True,insufficient_po_sample,,0.0,-2.250705426143395,-1.9064354665713261,-0.34550342399823986,1505.0,-0.06,0.87,-0.93,0.08,0.64,TRUE
1630579,Jericho Sims,9777,0.16,1.29,1.01,1.29,-0.85,1.82,-1.23,0.44,-1.67,True,insufficient_po_sample,-0.313,10.0,-2.843033376220389,-2.3874419577866717,-0.3789445332359842,2535.0,-0.24,0.81,-1.05,0.14,0.55,TRUE
1630175,Cole Anthony,15353,-0.15,1.19,0.71,1.19,-0.85,1.69,-0.55,-0.11,-0.44,True,holds_up,0.263,52.0,-0.801834257295139,-1.2930405176562862,0.4724180466674984,3578.0,-0.13,0.31,-0.44,0.62,1.08,TRUE
1642461,Spencer Jones,6028,-1.13,1.44,-0.27,1.44,-0.86,2.03,-0.51,-0.15,-0.36,True,insufficient_po_sample,-0.344,17.0,-2.816159789577511,-2.761581456518165,-0.054578333059345716,1542.0,-1.11,-0.25,-0.86,0.12,0.04,TRUE
1630542,Marcus Bagley,1044,-1.68,1.73,-0.79,1.74,-0.89,2.45,-1.05,-1.21,0.16,False,,,,-4.3,-3.4,-0.9,253.0,-1.62,-0.38,-1.24,0.66,1.13,TRUE
203501,Tim Hardaway Jr.,28844,1.6,0.97,2.5,0.97,-0.9,1.38,0.67,1.01,-0.34,True,slips,-0.077,67.0,-1.7638217226263255,-0.0689684737547868,-1.6220590724205333,6400.0,1.25,2.32,-1.07,0.29,0.49,TRUE
1631466,Nate Williams,1888,0.15,1.66,1.06,1.66,-0.91,2.35,-0.51,0.41,-0.92,False,,,,-4.51729478689836,-2.7646837918314744,-1.752610995066886,515.0,-0.35,1.28,-1.63,0.73,0.6,TRUE
201569,Eric Gordon,11019,0.38,1.26,1.28,1.26,-0.91,1.79,-0.1,0.27,-0.37,True,insufficient_po_sample,-0.194,10.0,-1.5180302437041848,-1.0173289188693555,-0.5654398025386472,2735.0,0.26,1.07,-0.81,0.38,0.57,TRUE
200768,Kyle Lowry,10167,-1.36,1.27,-0.44,1.27,-0.92,1.79,-0.13,0.16,-0.3,True,insufficient_po_sample,,0.0,-1.6953808428951378,-2.5748365709667027,0.8794557280715649,2467.0,-1.2,-0.68,-0.52,0.32,0.65,TRUE
1641869,Malachi Smith,1374,0.03,1.72,0.95,1.71,-0.93,2.43,0.51,0.65,-0.14,False,,,,-0.7999999999999999,-0.09999999999999999,-0.7999999999999999,359.0,0.3,0.9,-0.59,0.66,0.15,TRUE
1630192,Zeke Nnaji,8019,-1.59,1.35,-0.65,1.35,-0.94,1.91,-0.94,-1.21,0.26,True,insufficient_po_sample,,0.0,-2.825480341343385,-3.156651484215486,0.2571802523428093,1810.0,-1.5,-0.64,-0.86,0.09,0.03,TRUE
1630314,Brandon Williams,8318,-0.07,1.36,0.88,1.36,-0.95,1.92,0.51,-0.09,0.61,True,insufficient_po_sample,,0.0,0.28818669737505015,0.17478639508940047,0.09262022023668762,2063.0,0.32,0.56,-0.24,1.07,0.87,FALSE
1643018,LJ Cryer,1163,0.44,1.72,1.4,1.72,-0.96,2.43,0.72,1.64,-0.92,False,insufficient_po_sample,,0.0,-4.7,-1.8,-2.9,292.0,0.09,1.9,-1.81,0.77,1.37,TRUE
1628415,Dillon Brooks,25700,0.07,1.09,1.03,1.09,-0.97,1.54,-0.12,0.73,-0.85,True,holds_up,0.197,78.0,-2.340949341751154,-1.8288332723577623,-0.512116069393392,6317.0,-0.14,0.87,-1.01,0.11,0.45,TRUE
1641757,Jordan Miller,6444,0.48,1.42,1.46,1.42,-0.98,2.01,-0.05,0.24,-0.29,True,insufficient_po_sample,,0.0,-0.46339815230489323,-0.1435815041466814,-0.3198166481582118,1773.0,0.56,1.13,-0.57,0.81,0.91,TRUE
1641778,Leaky Black,2684,-0.87,1.61,0.12,1.61,-0.99,2.28,-0.92,-0.36,-0.56,False,insufficient_po_sample,,0.0,-4.396470363775121,-3.701500890358687,-0.6638132790638513,717.0,-1.21,0.23,-1.44,0.65,0.3,TRUE
203458,Alex Len,3317,-2.14,1.57,-1.13,1.57,-1.0,2.21,-1.17,-1.44,0.27,True,insufficient_po_sample,,0.0,-1.2203551209469892,-3.3087236232629955,2.0376415337107563,824.0,-1.87,-1.56,-0.31,0.54,1.18,TRUE
1630699,MarJon Beauchamp,3617,-0.69,1.54,0.31,1.54,-1.0,2.18,-0.56,0.19,-0.75,True,insufficient_po_sample,,0.0,-2.970238926174497,-1.922271140939597,-1.0479677852348994,960.0,-0.62,0.5,-1.12,0.11,0.51,TRUE
1630346,Matt Ryan,1595,-0.73,1.68,0.26,1.68,-1.0,2.38,-0.3,0.95,-1.25,False,insufficient_po_sample,,0.0,-3.5321926644959145,-2.041481845548934,-1.4733734717699822,458.0,-0.68,0.59,-1.27,0.32,0.91,TRUE
1628470,Torrey Craig,5437,-0.0,1.45,1.01,1.45,-1.01,2.05,0.09,0.01,0.08,True,insufficient_po_sample,,0.0,-1.7087837631929137,-1.5882063732312102,-0.12057738996170374,1363.0,-0.12,0.73,-0.84,0.36,0.78,TRUE
1641707,Taylor Hendricks,7833,-0.46,1.35,0.57,1.35,-1.03,1.91,-0.23,-0.65,0.41,True,insufficient_po_sample,,0.0,-2.171845230364393,-1.5492955519541023,-0.6559023993585147,2049.0,-0.38,0.57,-0.95,0.2,0.01,TRUE
1630553,Keon Johnson,6225,-1.31,1.44,-0.28,1.44,-1.03,2.03,-1.02,-0.07,-0.95,True,insufficient_po_sample,,0.0,-3.2845997170455656,-3.061499292613914,-0.12566713825739098,1986.0,-1.3,-0.24,-1.06,0.22,0.11,TRUE
1630550,JT Thor,3755,-1.35,1.53,-0.31,1.54,-1.04,2.17,-1.08,0.05,-1.13,True,insufficient_po_sample,,0.0,-4.749480927088364,-3.721760824078545,-1.1,1030.0,-1.51,0.05,-1.55,0.75,0.97,TRUE
1641816,Hunter Tyson,2112,-1.69,1.65,-0.65,1.65,-1.05,2.33,-0.46,0.13,-0.58,False,,,,-5.672271968432235,-4.103839732888146,-1.5684322355440885,610.0,-1.81,-0.06,-1.75,1.09,1.61,FALSE
1630173,Precious Achiuwa,19213,-0.78,1.09,0.27,1.09,-1.05,1.54,-0.57,-0.63,0.06,True,neutral,-0.026,52.0,-1.617519926185797,-1.2554570902816513,-0.3620628359041459,4539.0,-0.5,0.25,-0.74,0.41,0.06,TRUE
1631232,Keion Brooks Jr.,1191,-0.73,1.72,0.33,1.72,-1.06,2.44,-0.43,-0.28,-0.15,False,insufficient_po_sample,,0.0,-3.5,-2.2,-1.3,332.0,-0.72,0.59,-1.31,0.28,0.71,TRUE
1629216,Gabe Vincent,12327,-0.05,1.21,1.01,1.21,-1.06,1.72,-0.65,0.74,-1.39,True,insufficient_po_sample,0.12,40.0,-4.278536069278092,-4.003019814265749,-0.22033541881636864,2624.0,-0.8,0.76,-1.56,0.57,0.69,TRUE
1641748,Andre Jackson Jr.,7405,-0.41,1.37,0.66,1.37,-1.07,1.93,-1.32,0.18,-1.5,True,insufficient_po_sample,-0.424,11.0,-4.382956289292609,-4.1301717736745704,-0.25278451561803866,1960.0,-1.05,0.51,-1.56,0.6,0.42,TRUE
1627752,Taurean Prince,20141,0.28,1.09,1.38,1.09,-1.1,1.54,-0.4,0.37,-0.77,True,insufficient_po_sample,,0.0,-2.3355633784588306,-2.11518960474206,-0.22037377371677064,4885.0,-0.09,1.04,-1.13,0.17,0.94,TRUE
1629642,Nassir Little,1897,-1.06,1.66,0.05,1.66,-1.11,2.35,-0.28,0.02,-0.3,False,insufficient_po_sample,,0.0,-3.0,-2.4,-0.6,458.0,-0.97,0.16,-1.13,0.07,0.3,TRUE
203488,Mike Muscala,2358,-1.03,1.62,0.08,1.62,-1.11,2.29,-0.85,0.44,-1.29,False,insufficient_po_sample,,0.0,-5.300000000000001,-3.9,-1.4,600.0,-1.36,0.43,-1.8,0.92,0.97,TRUE
1642277,Johnny Furphy,3961,-1.19,1.52,-0.06,1.52,-1.13,2.15,-0.99,-0.22,-0.77,True,insufficient_po_sample,,0.0,-3.3057896550643817,-3.604342241298286,0.3314034483118728,1022.0,-1.38,-0.22,-1.16,0.18,0.44,TRUE
1631342,Daeqwon Plowden,3580,0.83,1.57,1.96,1.57,-1.14,2.22,0.57,0.88,-0.31,True,insufficient_po_sample,,0.0,-4.115667876427371,-1.8619545011950076,-2.247101000265557,916.0,0.31,2.11,-1.81,0.47,0.42,TRUE
203095,Evan Fournier,2277,-2.3,1.64,-1.15,1.64,-1.15,2.32,-0.89,-0.3,-0.59,False,insufficient_po_sample,,0.0,-4.3,-4.7,0.3,580.0,-2.34,-1.03,-1.31,0.54,0.34,TRUE
201565,Derrick Rose,1499,-0.75,1.69,0.4,1.69,-1.15,2.39,-0.3,0.95,-1.25,False,insufficient_po_sample,,0.0,-2.8,-1.3,-1.5,399.0,-0.49,0.71,-1.2,0.02,0.84,TRUE
1630209,Omer Yurtseven,2498,-0.99,1.62,0.18,1.62,-1.17,2.29,-0.89,-0.08,-0.81,False,insufficient_po_sample,,0.0,-3.996562858035621,-2.4665763982918447,-1.6083220497864805,649.0,-0.95,0.58,-1.52,0.41,1.08,TRUE
1626192,Pat Connaughton,11102,-0.56,1.28,0.61,1.28,-1.17,1.8,0.02,0.52,-0.51,True,insufficient_po_sample,0.283,11.0,-1.5208994180958377,-1.3359690469975896,-0.15931584038322769,2576.0,-0.39,0.44,-0.82,0.5,0.47,TRUE
202691,Klay Thompson,23593,-0.75,1.02,0.43,1.02,-1.18,1.45,0.76,0.55,0.22,True,insufficient_po_sample,,0.0,-0.9262792017704421,0.6748898256981957,-1.5346722194939952,5746.0,0.04,0.74,-0.69,0.73,0.85,TRUE
1631108,Max Christie,21417,-0.94,1.08,0.25,1.08,-1.19,1.53,-0.34,0.45,-0.79,True,insufficient_po_sample,,0.0,-2.1722635959294276,-1.7241170450376226,-0.5341711777238525,5315.0,-0.72,0.29,-1.01,0.27,0.1,TRUE
1630574,Ariel Hukporti,2509,-2.07,1.61,-0.88,1.62,-1.19,2.28,-2.49,-1.06,-1.43,False,,,,-3.1764993880048955,-4.443696450428397,1.2671970624235005,715.0,-2.13,-1.13,-1.0,0.1,0.69,TRUE
1642920,Kobe Sanders,5123,-0.38,1.48,0.82,1.48,-1.2,2.09,-0.83,0.3,-1.13,True,insufficient_po_sample,,0.0,-2.9,-2.7,-0.19999999999999998,1351.0,-0.65,0.61,-1.26,0.01,0.58,TRUE
1642848,Tre Johnson,5335,-0.68,1.47,0.52,1.47,-1.2,2.08,-0.36,0.69,-1.05,True,insufficient_po_sample,,0.0,-5.0,-2.1,-2.9,1443.0,-0.66,1.24,-1.9,0.77,1.97,TRUE
1631216,Caleb Houstan,6250,-0.54,1.41,0.68,1.42,-1.22,2.0,0.27,0.94,-0.68,True,insufficient_po_sample,,0.0,-1.92416930594166,-1.7322311617714246,-0.18613044858640687,1678.0,-0.48,0.5,-0.98,0.38,0.49,TRUE
1627824,Guerschon Yabusele,11715,-0.51,1.24,0.73,1.24,-1.23,1.75,0.22,0.35,-0.14,True,insufficient_po_sample,,0.0,-1.4683993255421828,-0.602598988313274,-0.8658003372289088,2902.0,-0.16,0.75,-0.91,0.55,0.06,TRUE
1641767,Ben Sheppard,15853,-0.07,1.17,1.18,1.17,-1.24,1.66,-0.03,0.52,-0.56,True,neutral,0.006,143.0,-2.7323424402620695,-2.5014493241310616,-0.23089311613100788,3433.0,-0.41,0.89,-1.3,0.09,0.8,TRUE
1641787,Tosan Evbuomwan,4151,-1.56,1.52,-0.3,1.52,-1.25,2.15,-0.86,0.48,-1.34,True,insufficient_po_sample,,0.0,-3.219373324479205,-2.867264320322684,-0.4511252121301557,1040.0,-1.4,-0.15,-1.25,0.09,0.41,TRUE
1630639,A.J. Lawson,4086,-0.11,1.52,1.14,1.52,-1.25,2.15,0.37,-0.0,0.37,True,insufficient_po_sample,,0.0,-2.632278398521274,-1.8532637416021895,-0.7522364539023899,1023.0,-0.26,1.02,-1.28,0.13,0.32,TRUE
202330,Gordon Hayward,5244,-0.62,1.46,0.64,1.46,-1.26,2.07,-0.58,0.39,-0.97,True,insufficient_po_sample,,0.0,-2.1,-1.6,-0.5,1245.0,-0.49,0.57,-1.06,0.33,0.19,TRUE
1629643,Chuma Okeke,2118,-0.56,1.64,0.71,1.65,-1.27,2.33,-0.36,0.33,-0.69,False,,,,-2.270179703099227,-1.505269554648841,-0.7649101484503862,628.0,-0.43,0.71,-1.14,0.27,0.01,TRUE
1630534,Ochai Agbaji,16866,-1.52,1.12,-0.24,1.12,-1.28,1.59,-0.68,0.15,-0.83,True,insufficient_po_sample,,0.0,-2.7853992774737506,-2.442484768898683,-0.34291450857506783,4353.0,-1.26,-0.14,-1.12,0.09,0.27,TRUE
1627749,Dejounte Murray,17060,0.72,1.19,2.01,1.19,-1.29,1.68,0.71,-0.16,0.87,True,insufficient_po_sample,,0.0,0.7827700739545858,1.1545276146867647,-0.3841097665143543,4184.0,1.06,1.56,-0.5,1.41,1.23,FALSE
1641774,Tristan Vukcevic,5367,-1.41,1.46,-0.12,1.46,-1.29,2.06,0.45,-1.16,1.61,True,insufficient_po_sample,,0.0,-0.4931526331547955,0.2807985960943479,-0.7739512292491434,1337.0,-0.46,0.09,-0.54,0.94,0.56,TRUE
1631107,Nikola Jović,10958,-1.81,1.26,-0.5,1.26,-1.3,1.79,-0.09,-0.07,-0.02,True,insufficient_po_sample,-0.116,27.0,,,,,-1.81,-0.5,-1.31,,,no_external
1642263,Reed Sheppard,12130,-0.7,1.27,0.64,1.27,-1.33,1.8,0.4,-0.98,1.38,True,slips,-0.162,58.0,1.8120565688410382,0.35241763389371794,1.4596389349473202,2801.0,-0.01,-0.05,0.04,1.81,1.89,FALSE
1628970,Miles Bridges,28827,0.68,1.06,2.01,1.06,-1.33,1.5,0.52,0.36,0.17,True,insufficient_po_sample,,0.0,0.631933061743416,1.2122329954408437,-0.5802999336974277,6997.0,1.05,1.62,-0.57,1.38,1.06,FALSE
1629614,Andrew Nembhard,25943,-0.66,1.12,0.68,1.12,-1.34,1.59,0.38,0.52,-0.13,True,holds_up,0.057,644.0,-1.6811434300688777,-0.8782526515218584,-0.776974697664536,5364.0,-0.32,0.69,-1.01,0.52,0.02,TRUE
1629028,Deandre Ayton,20570,-1.66,1.11,-0.32,1.11,-1.35,1.57,-0.27,-0.23,-0.04,True,slips,-0.215,84.0,-0.4996725490102484,0.07522446622147333,-0.5748970152317218,4948.0,-0.66,-0.13,-0.54,0.97,0.53,TRUE
1630533,Ziaire Williams,15774,-2.03,1.15,-0.67,1.15,-1.36,1.62,-0.6,-0.17,-0.43,True,insufficient_po_sample,,0.0,-2.546343838229683,-2.515298283098054,0.0299149942769935,3860.0,-1.59,-0.58,-1.01,0.21,0.24,TRUE
1631209,Isaiah Wong,1161,-1.47,1.72,-0.08,1.72,-1.39,2.43,-1.09,0.49,-1.58,False,insufficient_po_sample,,0.0,-4.185891967132146,-3.004099501594001,-1.0830317453190248,269.0,-1.38,0.21,-1.6,0.38,0.8,TRUE
201959,Taj Gibson,3231,-2.69,1.56,-1.26,1.56,-1.43,2.21,-1.73,-0.32,-1.41,True,insufficient_po_sample,,0.0,-4.997520918871159,-4.585818477903089,-0.3873170140152106,710.0,-2.54,-0.89,-1.65,0.66,1.01,TRUE
1629012,Collin Sexton,21802,1.26,1.07,2.7,1.07,-1.44,1.51,1.28,0.54,0.74,True,insufficient_po_sample,,0.0,0.6244860584831151,2.152458328616237,-1.5279722701331222,5447.0,1.65,2.44,-0.79,1.42,0.71,FALSE
1630658,Colin Castleton,1875,-1.34,1.66,0.14,1.66,-1.48,2.35,-1.19,0.14,-1.33,False,,,,-5.154286530087801,-4.095245913341423,-1.0637304589906489,512.0,-1.6,0.37,-1.97,0.7,0.64,TRUE
1642502,Malevy Leons,1094,-0.81,1.73,0.68,1.73,-1.49,2.44,-1.02,-0.55,-0.47,False,,,,-3.370248440854718,-3.4395665064921785,0.07525815356303038,297.0,-1.11,0.42,-1.52,0.03,0.72,TRUE
1642419,Jamison Battle,6246,-0.34,1.42,1.15,1.42,-1.49,2.01,0.71,0.98,-0.27,True,insufficient_po_sample,0.413,12.0,-2.4122400243150532,-1.1618933900684585,-1.1877599756849462,1559.0,-0.21,1.17,-1.38,0.32,0.05,TRUE
1629640,Keldon Johnson,25698,0.1,1.05,1.62,1.05,-1.52,1.49,0.86,0.41,0.46,True,slips,-0.19,86.0,-0.642513360149997,0.3864189016180855,-1.0289322617680827,5787.0,0.48,1.47,-0.99,0.99,0.41,TRUE
1642258,Zaccharie Risacher,14117,-1.29,1.22,0.24,1.22,-1.53,1.72,0.05,0.05,-0.0,True,insufficient_po_sample,,0.0,-3.004400383817667,-1.9973597697094,-1.0070406141082668,3346.0,-1.0,0.43,-1.43,0.12,0.52,TRUE
1629677,Luka Samanic,1450,-1.46,1.7,0.09,1.7,-1.55,2.4,-1.56,0.2,-1.76,False,,,,,,,,-1.46,0.09,-1.55,,,no_external
1630560,Cam Thomas,14963,2.05,1.19,3.62,1.19,-1.57,1.68,0.43,1.12,-0.69,True,insufficient_po_sample,,0.0,-2.0617602955778156,0.5944211038237339,-2.6483201507608967,3737.0,1.7,3.48,-1.78,0.49,0.37,TRUE
1629656,Quentin Grimes,21719,-0.66,1.05,0.92,1.05,-1.58,1.48,0.14,0.27,-0.13,True,insufficient_po_sample,0.127,47.0,-0.9636115740700344,-0.3604294465144284,-0.5550586382317781,5244.0,-0.18,0.8,-0.98,0.9,0.34,TRUE
1631207,Dalen Terry,9150,-1.96,1.3,-0.36,1.3,-1.6,1.84,-0.68,-0.58,-0.09,True,insufficient_po_sample,,0.0,-2.788133797076245,-3.367678930492908,0.609489158197924,2219.0,-1.78,-0.53,-1.24,0.23,0.47,TRUE
1630536,Sharife Cooper,2668,0.21,1.62,1.81,1.62,-1.6,2.29,0.18,0.9,-0.71,False,insufficient_po_sample,,0.0,-3.9,-1.0,-2.9,700.0,0.17,2.21,-2.04,0.18,1.09,TRUE
1630695,Micah Potter,7097,-0.96,1.38,0.66,1.38,-1.61,1.95,0.41,0.04,0.37,True,insufficient_po_sample,,0.0,-1.053109794078286,-0.3173692098008621,-0.735740584277424,1799.0,-0.35,0.66,-1.01,0.88,0.0,TRUE
203493,Reggie Bullock Jr.,1709,-1.23,1.67,0.4,1.67,-1.63,2.37,-0.57,0.21,-0.78,False,,,,-2.4,-2.9,0.5,417.0,-1.21,0.07,-1.28,0.39,0.9,TRUE
1641736,Reece Beekman,1849,-2.11,1.67,-0.47,1.67,-1.64,2.36,-2.1,-0.61,-1.48,False,insufficient_po_sample,,0.0,-5.4,-6.7,1.3,469.0,-2.77,-0.83,-1.93,0.72,0.99,TRUE
203552,Seth Curry,7623,-0.85,1.35,0.79,1.36,-1.64,1.92,0.16,0.61,-0.45,True,insufficient_po_sample,,0.0,-1.9968836401528307,-1.1097408822507815,-0.8483765196248698,1811.0,-0.5,0.79,-1.29,0.55,0.01,TRUE
1642954,Will Richard,5267,-0.97,1.46,0.7,1.46,-1.67,2.07,-0.09,-0.28,0.19,True,insufficient_po_sample,,0.0,-1.7,-2.5,0.9,1377.0,-0.95,0.17,-1.12,0.67,1.45,TRUE
1631111,Wendell Moore Jr.,2148,-1.76,1.64,-0.06,1.64,-1.7,2.31,-1.21,-0.27,-0.94,False,insufficient_po_sample,,0.0,-2.550119790082142,-2.9900308031639793,0.4513195923334347,634.0,-1.55,-0.26,-1.3,0.37,0.54,TRUE
203114,Khris Middleton,16624,0.43,1.14,2.14,1.14,-1.7,1.61,0.45,0.15,0.3,True,holds_up,0.232,116.0,-1.4892894158092977,-0.8280956925099219,-0.615723665916732,3769.0,0.35,1.73,-1.38,0.76,1.12,TRUE
1626162,Kelly Oubre Jr.,24974,-0.28,1.1,1.42,1.1,-1.71,1.56,-0.39,-0.1,-0.29,True,neutral,0.016,147.0,-1.9996622631548817,-1.5063917705000753,-0.4632080972037594,5707.0,-0.26,1.14,-1.41,0.58,0.76,TRUE
1630201,Malachi Flynn,4097,-1.11,1.52,0.61,1.52,-1.72,2.15,-0.22,-0.12,-0.1,True,insufficient_po_sample,,0.0,-2.234186220668997,-2.136744882675986,-0.10313904143784325,920.0,-0.93,0.42,-1.35,0.49,0.52,TRUE
201566,Russell Westbrook,25196,-0.68,1.01,1.04,1.01,-1.72,1.42,-0.12,-0.44,0.32,True,neutral,0.017,78.0,-0.4572613723712796,-0.1425222366004431,-0.31473913577083656,5474.0,-0.13,0.81,-0.94,1.15,0.63,FALSE
1642380,Adama Bal,1018,-0.37,1.74,1.36,1.74,-1.73,2.46,0.18,0.61,-0.42,False,,,,,,,,-0.37,1.36,-1.73,,,no_external
1628972,Troy Brown Jr.,3141,-0.99,1.58,0.74,1.57,-1.73,2.23,-0.88,0.55,-1.43,True,insufficient_po_sample,,0.0,-2.6,-2.8,0.2,827.0,-1.04,0.42,-1.46,0.36,0.87,TRUE
200782,P.J. Tucker,2034,-1.33,1.65,0.41,1.64,-1.74,2.33,-1.59,0.42,-2.01,False,insufficient_po_sample,,0.0,-4.051924481068113,-4.10042766245958,0.0485031813914676,544.0,-1.6,0.22,-1.82,0.17,0.51,TRUE
1629673,Jordan Poole,21918,-0.81,1.09,0.95,1.09,-1.76,1.54,0.4,0.21,0.19,True,insufficient_po_sample,,0.0,-2.1161082189732157,-0.20149694841866123,-1.9367592704690961,5280.0,-0.23,1.26,-1.49,0.56,0.84,TRUE
203903,Jordan Clarkson,16175,0.08,1.14,1.84,1.14,-1.77,1.62,0.04,0.84,-0.8,True,insufficient_po_sample,0.09,14.0,-3.2862472359822608,-1.068479079937246,-2.2177681560450146,3923.0,0.07,2.01,-1.94,0.13,0.47,TRUE
1630625,Dalano Banton,8442,-1.38,1.34,0.41,1.34,-1.79,1.89,-0.57,-0.24,-0.34,True,insufficient_po_sample,,0.0,-1.1264907848754107,-0.8121567300455651,-0.31433405482984544,2229.0,-0.74,0.34,-1.07,0.94,0.2,TRUE
1630570,Trendon Watford,10677,-0.89,1.25,0.9,1.25,-1.79,1.77,-0.6,0.07,-0.68,True,insufficient_po_sample,,0.0,-1.937267619766501,-1.8871977870486298,-0.08912191572162735,2633.0,-0.73,0.63,-1.37,0.64,0.73,TRUE
1642403,Isaac Jones,1053,-0.9,1.73,0.89,1.73,-1.79,2.44,-0.23,0.19,-0.42,False,,,,-2.499112097669256,-1.5243063263041066,-0.9748057713651498,340.0,-0.64,0.91,-1.55,0.43,0.05,TRUE
1627759,Jaylen Brown,32763,0.26,1.08,2.05,1.08,-1.8,1.53,0.53,0.07,0.46,True,neutral,0.013,691.0,1.5713326872689424,1.832559765229088,-0.19184061694021856,6944.0,0.96,1.53,-0.56,1.94,1.42,FALSE
1641723,Kobe Bufkin,1633,-1.63,1.68,0.16,1.68,-1.8,2.37,-0.84,0.05,-0.89,False,insufficient_po_sample,,0.0,-5.988520551013552,-4.673703662224214,-1.2860006719677457,439.0,-1.93,0.46,-2.39,0.86,0.81,TRUE
1630204,Ashton Hagans,1086,-2.1,1.73,-0.29,1.73,-1.81,2.44,-2.07,-0.05,-2.02,False,insufficient_po_sample,,0.0,-3.5,-4.4,0.9,316.0,-2.14,-0.57,-1.57,0.07,0.77,TRUE
1629670,Jordan Nwora,2595,-1.3,1.61,0.53,1.61,-1.83,2.28,-0.26,-0.43,0.17,False,insufficient_po_sample,,0.0,-2.4999999999999996,-1.1,-1.5,712.0,-0.77,0.8,-1.57,0.45,0.75,TRUE
1626179,Terry Rozier,14493,-1.17,1.19,0.66,1.19,-1.83,1.68,0.36,0.63,-0.28,True,insufficient_po_sample,,0.0,-1.0706165087256714,-0.17287677728523487,-0.8483047985803271,3698.0,-0.44,0.69,-1.13,0.98,0.09,TRUE
1630231,KJ Martin,5860,-1.23,1.42,0.61,1.42,-1.85,2.01,-1.06,0.42,-1.48,True,insufficient_po_sample,,0.0,-3.802382637414485,-3.5238122198631756,-0.2190469450342062,1658.0,-1.38,0.46,-1.84,0.03,0.42,TRUE
202693,Markieff Morris,1397,-1.28,1.7,0.61,1.7,-1.89,2.4,-1.28,0.23,-1.51,False,,,,-6.401384663799433,-4.5746354767649215,-1.8746354767649216,381.0,-1.69,0.98,-2.68,0.97,1.02,TRUE
203952,Andrew Wiggins,24496,-0.88,1.05,1.02,1.05,-1.9,1.48,0.44,-0.08,0.52,True,insufficient_po_sample,-0.22,14.0,0.10974401321222127,0.2896299520406129,-0.20683106010991203,5825.0,-0.14,0.76,-0.9,1.45,0.71,FALSE
1627863,Danuel House Jr.,1946,-1.62,1.66,0.29,1.66,-1.91,2.35,-1.12,0.6,-1.72,False,insufficient_po_sample,,0.0,-4.0,-3.3999999999999995,-0.5,509.0,-1.58,0.31,-1.89,0.07,0.05,TRUE
1630703,Scoot Henderson,17629,-0.07,1.14,1.88,1.14,-1.95,1.62,-0.86,0.54,-1.4,True,insufficient_po_sample,0.07,32.0,-3.4797695150358168,-2.212034782913288,-1.267734732122528,4272.0,-0.33,1.74,-2.07,0.14,0.38,TRUE
203914,Gary Harris,10810,-1.38,1.26,0.58,1.26,-1.96,1.78,-0.7,0.31,-1.01,True,insufficient_po_sample,-0.048,47.0,-2.0128826780239137,-3.0171784572658735,1.0042957792419598,2669.0,-1.33,0.05,-1.38,0.69,1.46,TRUE
1626196,Josh Richardson,5051,-0.85,1.48,1.13,1.48,-1.98,2.1,-0.17,0.71,-0.88,True,insufficient_po_sample,,0.0,-2.0591720586740743,-2.1435245096378606,0.08435245096378605,1253.0,-0.78,0.75,-1.53,0.68,1.03,TRUE
1643007,Taelon Peter,1938,-1.61,1.67,0.37,1.67,-1.98,2.36,-0.6,-0.44,-0.15,False,insufficient_po_sample,,0.0,-4.6,-4.1,-0.4,492.0,-1.76,0.33,-2.1,0.26,0.1,TRUE
1630264,Anthony Gill,6791,-0.87,1.41,1.11,1.41,-1.99,2.0,-0.17,0.18,-0.35,True,insufficient_po_sample,,0.0,-3.291850441621672,-1.910573327923598,-1.3812771136980744,1814.0,-0.73,1.2,-1.93,0.23,0.25,TRUE
1631172,Ousmane Dieng,7619,-1.73,1.34,0.25,1.34,-1.99,1.9,-0.68,0.21,-0.89,True,insufficient_po_sample,,0.0,-3.1027178423236514,-2.4356579727326615,-0.6670598695909898,1869.0,-1.39,0.33,-1.71,0.3,0.22,TRUE
1642847,Jeremiah Fears,8507,-0.57,1.41,1.42,1.4,-2.0,1.99,-0.44,-0.29,-0.15,True,insufficient_po_sample,,0.0,-2.7,-1.4,-1.3,2112.0,-0.41,1.41,-1.82,0.45,0.03,TRUE
1631250,Pete Nance,3172,0.1,1.57,2.11,1.57,-2.01,2.22,-0.07,0.55,-0.62,True,insufficient_po_sample,,0.0,-2.9184205385154627,-1.5097865934242733,-1.308633945091189,902.0,-0.04,1.93,-1.96,0.38,0.5,TRUE
1631126,Caleb Love,4190,0.02,1.53,2.05,1.53,-2.03,2.16,0.07,0.67,-0.6,True,insufficient_po_sample,,0.0,-3.1,-1.5,-1.6,1013.0,-0.08,1.98,-2.06,0.32,0.2,TRUE
1641713,GG Jackson,11571,-0.58,1.24,1.45,1.24,-2.03,1.75,0.0,0.04,-0.04,True,insufficient_po_sample,,0.0,-2.1306369151858706,-0.5923273880169645,-1.5383095271689062,2870.0,-0.2,1.51,-1.7,0.68,0.15,TRUE
1630527,Brandon Boston,3977,-1.92,1.53,0.12,1.53,-2.04,2.16,-0.76,-0.28,-0.48,True,insufficient_po_sample,,0.0,-3.9566623361952096,-3.1739974017171257,-0.7602547446904654,1338.0,-1.7,0.26,-1.96,0.0,0.39,TRUE
1642274,Yves Missi,13413,-1.0,1.23,1.03,1.23,-2.04,1.74,-0.64,-0.76,0.12,True,insufficient_po_sample,,0.0,-2.4226633977976224,-1.5111789842765575,-0.9114844135210649,3253.0,-0.7,0.99,-1.69,0.57,0.1,TRUE
203924,Jerami Grant,20715,-0.11,1.12,1.94,1.12,-2.05,1.58,0.1,0.37,-0.28,True,insufficient_po_sample,0.488,18.0,-0.5091961862540318,0.24091961862540323,-0.7800716143058102,5049.0,0.31,1.63,-1.32,1.29,0.84,FALSE
1630165,Killian Hayes,6289,-1.67,1.42,0.39,1.42,-2.06,2.0,-0.52,-0.1,-0.42,True,insufficient_po_sample,,0.0,-3.55554296995097,-3.361573811873978,-0.19396915807699155,1576.0,-1.6,0.28,-1.88,0.16,0.29,TRUE
1626145,Tyus Jones,19949,-0.39,1.08,1.68,1.08,-2.07,1.53,1.39,0.51,0.88,True,insufficient_po_sample,,0.0,-0.30008792404528334,0.4099259446369976,-0.7424090216871216,5086.0,0.19,1.43,-1.24,1.37,0.69,FALSE
1641730,Noah Clowney,12809,-0.32,1.26,1.77,1.26,-2.09,1.78,-0.54,0.18,-0.72,True,insufficient_po_sample,,0.0,-3.371067803155688,-2.40652446761558,-0.9645433355401083,3192.0,-0.53,1.56,-2.1,0.24,0.56,TRUE
1630526,Jeremiah Robinson-Earl,7404,-0.08,1.37,2.01,1.36,-2.1,1.93,-0.15,0.23,-0.38,True,insufficient_po_sample,,0.0,-3.05904755437299,-1.6217177111178336,-1.4373298432551562,1934.0,-0.17,1.89,-2.07,0.37,0.32,TRUE
1629629,Cam Reddish,6058,-1.88,1.43,0.23,1.43,-2.11,2.02,-1.66,-0.39,-1.27,True,insufficient_po_sample,,0.0,-2.9906929946995713,-4.167445604240344,1.1348912084806866,1573.0,-1.94,-0.26,-1.69,0.4,1.33,TRUE
1631121,Bryce McGowens,6928,0.18,1.38,2.3,1.38,-2.11,1.96,-0.3,0.59,-0.89,True,insufficient_po_sample,,0.0,-3.8328194094275116,-2.8213168420079993,-1.0311693968874165,1794.0,-0.34,1.98,-2.33,0.08,0.87,TRUE
1631093,Jaden Ivey,15104,-0.66,1.18,1.46,1.19,-2.12,1.68,-0.19,0.43,-0.62,True,insufficient_po_sample,,0.0,-1.6102038321669774,-0.5702241372870592,-1.039979694879918,3785.0,-0.24,1.36,-1.59,0.91,0.29,TRUE
1629669,Jaylen Nowell,1490,-1.37,1.69,0.76,1.69,-2.13,2.39,-1.08,0.93,-2.0,False,insufficient_po_sample,,0.0,-5.545705329153605,-3.662884012539185,-1.9342528735632185,382.0,-1.5,1.11,-2.62,0.54,0.97,TRUE
1629610,DaQuan Jeffries,4330,-0.32,1.52,1.83,1.52,-2.14,2.15,-0.99,0.3,-1.28,True,insufficient_po_sample,,0.0,-4.534721160023249,-3.7519899660436233,-0.7827311939796262,1177.0,-0.9,1.55,-2.45,0.16,0.76,TRUE
1631097,Bennedict Mathurin,23168,-1.38,1.06,0.76,1.06,-2.14,1.5,-0.07,0.58,-0.65,True,holds_up,0.098,159.0,-2.873708198858203,-1.2036657118092495,-1.6538617972671221,5307.0,-0.84,1.02,-1.87,0.45,0.72,TRUE
1631124,Julian Strawther,11582,-1.37,1.24,0.76,1.24,-2.14,1.76,-0.25,0.39,-0.63,True,insufficient_po_sample,,0.0,-3.9424755948813166,-2.6507425275697156,-1.2917330673116016,2790.0,-1.23,0.91,-2.14,0.06,0.41,TRUE
1642882,Julian Reese,1588,-1.37,1.69,0.77,1.7,-2.15,2.4,-1.44,-0.43,-1.02,False,insufficient_po_sample,,0.0,-5.1,-2.9,-2.2,402.0,-1.3,1.21,-2.5,0.37,1.19,TRUE
1631303,Justin Minaya,1645,-2.22,1.68,-0.04,1.68,-2.18,2.38,-1.74,0.24,-1.98,False,insufficient_po_sample,,0.0,-5.551643977849562,-5.583560221504384,0.031916243654822346,482.0,-2.53,-0.11,-2.42,0.52,0.19,TRUE
1630544,Tre Mann,7823,-1.13,1.37,1.06,1.37,-2.19,1.94,-0.75,0.2,-0.95,True,insufficient_po_sample,,0.0,-3.1375322021302945,-2.679658781273223,-0.47426987862273967,1975.0,-1.09,0.88,-1.97,0.38,0.5,TRUE
1630545,Terrence Shannon Jr.,4484,0.23,1.49,2.44,1.49,-2.21,2.11,-0.13,0.74,-0.86,True,slips,-0.123,77.0,-3.0849030352587965,-2.3626408094023454,-0.7222622258564507,877.0,-0.19,1.99,-2.18,0.41,1.23,TRUE
1641765,Olivier-Maxence Prosper,7453,-1.38,1.36,0.85,1.36,-2.23,1.93,0.54,-0.2,0.74,True,insufficient_po_sample,,0.0,-1.051799407254081,-0.051324269652349666,-1.014108293738533,1904.0,-0.53,0.89,-1.42,1.17,0.11,FALSE
1631166,Drew Timme,1689,-0.97,1.68,1.27,1.68,-2.24,2.37,-0.45,0.81,-1.26,False,insufficient_po_sample,,0.0,-4.327966443856265,-2.2659324391009825,-2.062034004755282,489.0,-0.88,1.54,-2.42,0.04,0.73,TRUE
1630235,Trent Forrest,1593,-1.21,1.68,1.04,1.68,-2.25,2.38,-1.27,0.81,-2.07,False,insufficient_po_sample,,0.0,-4.4,-3.8,-0.7,414.0,-1.44,0.93,-2.38,0.06,0.29,TRUE
1631115,Orlando Robinson,4254,-1.24,1.51,1.02,1.51,-2.26,2.13,-0.39,0.07,-0.46,True,insufficient_po_sample,,0.0,-2.7105897969926533,-2.627244638729316,-0.0833451582633374,1099.0,-1.14,0.72,-1.87,0.57,0.81,TRUE
1630548,Johnny Juzang,6595,-0.84,1.4,1.45,1.4,-2.28,1.98,0.57,0.72,-0.16,True,insufficient_po_sample,,0.0,-2.6198158395172935,-1.0541400363173623,-1.5656758031999312,1730.0,-0.48,1.51,-1.99,0.61,0.18,TRUE
1630556,Kessler Edwards,3028,-0.96,1.58,1.32,1.58,-2.29,2.23,-0.24,-0.06,-0.18,True,insufficient_po_sample,,0.0,-1.4273261423695616,-1.8906954305217527,0.46336928815219114,883.0,-0.78,0.77,-1.55,1.06,1.49,FALSE
1642275,Tidjane Salaün,4691,-3.58,1.48,-1.28,1.49,-2.3,2.1,-1.1,0.3,-1.4,True,insufficient_po_sample,,0.0,,,,,-3.58,-1.28,-2.3,,,no_external
1643016,Bez Mbeng,1963,-2.02,1.67,0.28,1.67,-2.3,2.37,-0.86,-0.85,-0.02,False,,,,-4.9,-5.0,0.1,492.0,-2.25,0.11,-2.36,0.22,0.47,TRUE
1630702,Jaden Hardy,11796,-1.14,1.22,1.16,1.22,-2.3,1.72,-0.19,0.82,-1.02,True,insufficient_po_sample,-0.107,29.0,-4.563002202964144,-2.0656809045010758,-2.497321298463068,2794.0,-0.93,1.59,-2.52,0.1,1.18,TRUE
1628997,Caleb Martin,15135,-2.42,1.14,-0.11,1.14,-2.32,1.62,-1.11,0.12,-1.23,True,insufficient_po_sample,0.25,22.0,-2.4496644556906104,-2.9303555535344215,0.4857239376595704,3830.0,-1.93,-0.31,-1.63,0.69,0.54,TRUE
1630172,Patrick Williams,17210,-2.35,1.13,-0.01,1.13,-2.34,1.6,-1.01,-0.05,-0.96,True,insufficient_po_sample,,0.0,-3.7125596441118667,-2.9611780164470205,-0.7288307248603896,4224.0,-1.9,0.15,-2.05,0.23,0.45,TRUE
1628971,Bruce Brown,20071,-1.13,1.06,1.21,1.06,-2.34,1.5,-0.8,0.11,-0.92,True,insufficient_po_sample,-0.126,26.0,-2.950545571245186,-2.600456206181495,-0.3818741976893453,4786.0,-1.07,0.96,-2.03,0.52,0.69,TRUE
1631223,David Roddy,6724,-1.18,1.39,1.16,1.39,-2.34,1.97,-0.98,0.28,-1.26,True,insufficient_po_sample,,0.0,-3.730200827464645,-3.053540389903952,-0.676660437560693,1660.0,-1.22,1.02,-2.24,0.23,0.4,TRUE
203901,Elfrid Payton,2006,-3.22,1.65,-0.84,1.66,-2.37,2.34,-2.67,-0.74,-1.92,False,insufficient_po_sample,,0.0,-6.4,-5.1,-1.3,511.0,-3.0,-0.29,-2.71,0.75,1.51,TRUE
1641998,Trey Jemison III,2669,-2.83,1.6,-0.46,1.6,-2.37,2.26,-2.23,-0.34,-1.88,False,insufficient_po_sample,,0.0,-6.146568584704695,-5.716252039913795,-0.4303165447909011,1047.0,-2.93,-0.28,-2.66,0.65,0.5,TRUE
1631104,Blake Wesley,7629,-1.61,1.36,0.78,1.36,-2.39,1.92,-0.73,-0.0,-0.72,True,insufficient_po_sample,,0.0,-3.9797550136067303,-3.8923280233370092,-0.047981178988860104,1920.0,-1.71,0.53,-2.24,0.16,0.68,TRUE
1630623,Tyson Etienne,1940,-0.36,1.67,2.03,1.67,-2.39,2.36,0.59,1.09,-0.5,False,insufficient_po_sample,,0.0,-4.2880968871826335,-2.015279124532484,-2.2728177626501496,531.0,-0.45,2.17,-2.62,0.04,0.39,TRUE
1641711,Gradey Dick,15333,-1.65,1.17,0.74,1.17,-2.39,1.65,-0.34,0.57,-0.91,True,insufficient_po_sample,,0.0,-3.9215496160018164,-2.6745919923415147,-1.246957623660302,3922.0,-1.4,0.88,-2.28,0.18,0.38,TRUE
203471,Dennis Schröder,20931,-1.59,1.02,0.81,1.02,-2.4,1.45,0.24,0.67,-0.44,True,slips,-0.067,184.0,,,,,-1.59,0.81,-2.4,,,no_external
203109,Jae Crowder,5037,-1.03,1.48,1.4,1.48,-2.43,2.09,-0.59,0.46,-1.06,True,insufficient_po_sample,,0.0,-2.7645658057137683,-2.7161640981508954,-0.04840170756287296,1259.0,-1.04,1.0,-2.04,0.63,1.1,TRUE
1641731,Bilal Coulibaly,20821,-1.63,1.11,0.81,1.11,-2.44,1.58,-1.02,-0.48,-0.54,True,insufficient_po_sample,,0.0,-3.2883208104606405,-2.7192275882751233,-0.5413683552044308,5131.0,-1.4,0.71,-2.11,0.44,0.27,TRUE
1630587,Isaiah Livers,3437,-1.4,1.55,1.05,1.56,-2.45,2.2,-1.45,0.25,-1.7,True,insufficient_po_sample,,0.0,-4.4302426149326735,-4.327328849853119,-0.10291376507955444,816.0,-1.7,0.75,-2.45,0.02,0.82,TRUE
1642852,Derik Queen,8644,-1.08,1.41,1.4,1.41,-2.48,1.99,-0.74,-1.21,0.47,True,insufficient_po_sample,,0.0,-0.8,-1.5,0.7,2023.0,-0.74,0.76,-1.5,1.38,1.75,FALSE
203995,Vasilije Micic,5919,-2.63,1.43,-0.13,1.43,-2.5,2.02,-1.21,0.99,-2.2,True,insufficient_po_sample,,0.0,,,,,-2.63,-0.13,-2.5,,,no_external
1626224,Cedi Osman,5695,-0.62,1.46,1.91,1.46,-2.52,2.07,0.47,0.5,-0.03,True,insufficient_po_sample,,0.0,-2.1,-1.7,-0.29999999999999993,1269.0,-0.52,1.46,-1.98,0.92,1.23,TRUE
1642964,Brooks Barnhizer,1151,-2.53,1.72,-0.0,1.72,-2.53,2.43,-2.19,-0.41,-1.78,False,,,,-3.1,-4.1,1.0,348.0,-2.32,-0.39,-1.93,0.55,1.06,TRUE
1641733,Nick Smith Jr.,9436,-2.09,1.3,0.48,1.3,-2.57,1.84,-0.83,1.2,-2.03,True,insufficient_po_sample,,0.0,-5.563773656095478,-2.970239986496416,-2.6499443970053815,2473.0,-1.75,1.13,-2.88,0.34,1.78,TRUE
1642846,Ace Bailey,7787,-1.34,1.39,1.24,1.38,-2.59,1.96,-0.1,0.08,-0.18,True,insufficient_po_sample,,0.0,-4.4,-1.9,-2.5,1988.0,-1.01,1.65,-2.66,0.1,1.13,TRUE
1630208,Nick Richards,14917,-1.59,1.17,1.0,1.17,-2.59,1.65,-0.82,-0.36,-0.46,True,insufficient_po_sample,,0.0,-3.5533114206391883,-2.5232724309225993,-1.0300389897165891,3716.0,-1.33,1.01,-2.33,0.41,0.02,TRUE
1641729,Brice Sensabaugh,15455,-0.38,1.18,2.21,1.18,-2.59,1.67,0.29,0.53,-0.24,True,insufficient_po_sample,,0.0,-2.4522746248717766,-0.044593143920417876,-2.3956654500345906,3778.0,0.07,2.35,-2.28,0.82,0.38,TRUE
1629139,Yuta Watanabe,1865,-1.77,1.66,0.84,1.67,-2.6,2.35,-1.77,0.44,-2.21,False,insufficient_po_sample,,0.0,-6.4,-5.3,-1.1,464.0,-2.18,0.91,-3.09,0.64,0.19,TRUE
1641727,Dariq Whitehead,1824,-0.78,1.67,1.83,1.67,-2.6,2.36,-0.4,0.98,-1.39,False,insufficient_po_sample,,0.0,-5.821295883489374,-2.615916183682568,-3.205379699806806,453.0,-0.86,2.32,-3.18,0.43,1.34,TRUE
1641931,Onuralp Bitim,1005,-1.46,1.73,1.22,1.73,-2.67,2.45,-1.56,1.06,-2.62,False,,,,-7.4,-5.4,-2.0,268.0,-2.03,1.48,-3.51,0.98,0.71,TRUE
1631174,Tyler Burton,1198,-1.45,1.72,1.22,1.72,-2.67,2.44,-0.62,0.22,-0.85,False,insufficient_po_sample,,0.0,-5.3,-3.4,-1.9,307.0,-1.48,1.45,-2.93,0.2,0.62,TRUE
1631110,Jeremy Sochan,16162,-1.25,1.19,1.43,1.19,-2.68,1.68,-0.43,-0.07,-0.36,True,insufficient_po_sample,,0.0,-2.268935134492934,-1.9976533977246818,-0.2712817367682521,4026.0,-0.98,1.09,-2.07,0.93,0.93,TRUE
1630557,Corey Kispert,19929,-0.77,1.09,1.93,1.09,-2.7,1.54,0.64,0.92,-0.28,True,insufficient_po_sample,,0.0,-2.598308345651205,-0.5314985570493418,-2.0693273269045775,4749.0,-0.29,2.03,-2.33,0.81,0.28,TRUE
1642265,Rob Dillingham,5828,-2.62,1.43,0.1,1.43,-2.73,2.02,-1.54,-0.13,-1.41,True,insufficient_po_sample,,0.0,-6.350499184712647,-5.381128243270303,-0.9,1486.0,-2.72,0.29,-3.01,0.56,0.52,TRUE
1631241,Javon Freeman-Liberty,1559,-1.58,1.69,1.19,1.69,-2.76,2.39,-0.99,0.75,-1.74,False,insufficient_po_sample,,0.0,-5.2,-3.1,-2.0,403.0,-1.48,1.46,-2.93,0.12,0.73,TRUE
203078,Bradley Beal,14722,-1.41,1.22,1.37,1.22,-2.77,1.72,0.25,0.38,-0.13,True,insufficient_po_sample,-0.085,46.0,-0.8532247928540552,0.05279578915249066,-0.9503096745601896,3590.0,-0.52,1.26,-1.78,1.49,0.3,FALSE
202687,Bismack Biyombo,5227,-1.88,1.46,0.9,1.46,-2.78,2.07,-2.3,-0.64,-1.66,True,insufficient_po_sample,,0.0,-3.7786992346870747,-4.633348444041492,0.8546492093544171,1460.0,-2.07,0.33,-2.41,0.41,1.54,TRUE
202711,Bojan Bogdanovic,5127,-0.45,1.47,2.36,1.48,-2.82,2.08,-0.12,1.14,-1.25,True,insufficient_po_sample,,0.0,,,,,-0.45,2.36,-2.81,,,no_external
1642942,Jahmai Mashack,2637,-2.39,1.62,0.44,1.62,-2.84,2.29,-2.41,-0.63,-1.78,False,insufficient_po_sample,,0.0,-7.0,-6.1000000000000005,-0.9,673.0,-2.77,0.55,-3.32,0.75,0.29,TRUE
1629651,Nic Claxton,23131,-2.88,1.12,-0.04,1.12,-2.85,1.59,-0.33,-0.81,0.48,True,insufficient_po_sample,,0.0,0.8305926630379799,-0.319758402298618,1.1503510653365976,5918.0,-1.5,-0.46,-1.04,2.15,1.16,FALSE
1642354,KJ Simpson,4278,-2.43,1.52,0.45,1.52,-2.88,2.14,-1.68,0.07,-1.75,True,insufficient_po_sample,,0.0,-5.31933965225033,-4.7419810432490115,-0.5504718264180947,1099.0,-2.43,0.44,-2.87,0.11,0.02,TRUE
1629599,Amir Coffey,14330,-0.97,1.18,1.93,1.17,-2.9,1.66,-0.3,0.85,-1.15,True,insufficient_po_sample,-0.082,29.0,-2.103528885029713,-1.7530187501695926,-0.35051013486011995,3698.0,-0.74,1.49,-2.23,1.09,1.2,FALSE
1642358,AJ Johnson,3780,-1.64,1.54,1.27,1.54,-2.91,2.18,-1.64,0.85,-2.49,True,insufficient_po_sample,,0.0,-8.46896695348294,-5.968966953482939,-2.5,1093.0,-2.29,1.68,-3.96,1.26,1.11,FALSE
1630610,DeJon Jarreau,1424,-2.82,1.7,0.09,1.7,-2.92,2.4,-2.01,-0.68,-1.34,False,insufficient_po_sample,,0.0,-4.828699551569507,-4.807174887892376,0.009417040358744369,381.0,-2.68,-0.0,-2.68,0.09,0.26,TRUE
202694,Marcus Morris Sr.,3588,-1.58,1.55,1.36,1.55,-2.94,2.19,-0.74,0.64,-1.38,True,insufficient_po_sample,-0.027,18.0,-3.8,-2.5,-1.3,817.0,-1.31,1.36,-2.68,0.48,0.01,TRUE
1631098,Johnny Davis,3122,-2.89,1.58,0.11,1.58,-3.0,2.24,-1.58,-0.16,-1.42,True,insufficient_po_sample,,0.0,-5.376480772005194,-4.856042511581682,-0.5204382604235129,855.0,-2.74,0.18,-2.91,0.08,0.19,TRUE
1642880,Kam Jones,2481,-1.31,1.63,1.72,1.63,-3.03,2.31,-0.55,0.88,-1.44,False,insufficient_po_sample,,0.0,-6.2,-4.2,-1.8999999999999997,616.0,-1.61,1.82,-3.43,0.37,0.28,TRUE
1642849,Nolan Traore,4754,-1.85,1.5,1.2,1.5,-3.05,2.13,-2.04,0.25,-2.29,True,insufficient_po_sample,,0.0,,,,,-1.85,1.2,-3.05,,,no_external
1629018,Gary Trent Jr.,21749,0.74,1.04,3.78,1.04,-3.05,1.47,0.33,0.59,-0.25,True,insufficient_po_sample,0.104,26.0,-3.1283033267422904,-1.836902903527943,-1.291400423214348,5264.0,0.26,3.17,-2.92,0.78,1.65,TRUE
1642355,Bronny James,1633,-1.88,1.68,1.21,1.68,-3.09,2.37,-1.45,-0.12,-1.33,False,,,,-5.1294785141747425,-4.115067684633399,-1.0144108295413437,556.0,-1.93,1.16,-3.09,0.06,0.14,TRUE
1641722,Jordan Hawkins,12366,-1.14,1.22,2.03,1.22,-3.17,1.72,-0.4,0.69,-1.09,True,insufficient_po_sample,,0.0,-4.902740620280205,-2.2737499179165876,-2.598073260893917,3173.0,-0.99,2.28,-3.26,0.18,0.67,TRUE
1642348,Justin Edwards,8779,0.13,1.33,3.3,1.33,-3.18,1.88,-0.25,0.09,-0.35,True,insufficient_po_sample,0.393,19.0,-2.4886239764420224,-1.9485779970552528,-0.48957197840518696,2132.0,-0.14,2.56,-2.7,1.08,2.02,FALSE
1642383,Walter Clayton Jr.,5535,-0.15,1.46,3.07,1.45,-3.23,2.06,-0.25,0.46,-0.71,True,insufficient_po_sample,,0.0,-4.3,-2.2,-2.1,1410.0,-0.37,2.9,-3.27,0.43,0.47,TRUE
1641738,Kobe Brown,5861,-0.37,1.43,2.86,1.43,-3.23,2.02,-0.25,0.37,-0.62,True,insufficient_po_sample,,0.0,-2.8120003833988307,-1.9220878804891073,-0.8239815968561296,1629.0,-0.43,2.34,-2.77,0.98,1.43,TRUE
1629667,Jalen McDaniels,1776,-2.98,1.67,0.27,1.67,-3.25,2.36,-2.4,0.04,-2.44,False,insufficient_po_sample,,0.0,-8.7750152507758,-7.096753573986155,-1.6798026682226876,545.0,-3.4,0.67,-4.06,1.22,1.08,FALSE
1641720,Jalen Hood-Schifino,1539,-1.64,1.69,1.66,1.69,-3.3,2.39,-2.04,0.56,-2.6,False,insufficient_po_sample,,0.0,-8.955284263054716,-6.187203707004099,-2.768080556050615,424.0,-2.35,2.05,-4.4,1.26,1.07,FALSE
1642875,Maxime Raynaud,7988,-0.89,1.41,2.61,1.41,-3.5,1.99,-0.16,0.27,-0.43,True,insufficient_po_sample,,0.0,-2.4,-0.9,-1.6,1964.0,-0.47,2.4,-2.86,1.26,0.59,FALSE
1642367,Jonathan Mogbo,6177,-3.43,1.43,0.08,1.43,-3.51,2.03,-1.05,-0.75,-0.3,True,insufficient_po_sample,,0.0,-1.673013871374527,-2.8432534678436316,1.1702395964691046,1535.0,-2.52,-0.38,-2.14,1.53,1.26,FALSE
1641721,Maxwell Lewis,1463,-2.85,1.7,0.75,1.7,-3.6,2.4,-2.3,0.44,-2.74,False,,,,-6.288393482831115,-4.673361948142958,-1.5357831114225646,430.0,-2.66,0.98,-3.64,0.13,0.63,TRUE
1641712,Rayan Rupert,7762,-2.75,1.36,0.93,1.36,-3.68,1.92,-1.66,0.18,-1.84,True,insufficient_po_sample,,0.0,-5.388861031329176,-4.9568606293340105,-0.4551029583670533,2165.0,-2.68,0.77,-3.45,0.24,0.43,TRUE
1630164,James Wiseman,4684,-2.57,1.51,1.14,1.51,-3.71,2.13,-0.87,0.17,-1.04,True,insufficient_po_sample,,0.0,-3.865468623456942,-2.9405281370407637,-0.9249404864161779,1154.0,-2.03,1.08,-3.1,0.81,0.17,TRUE
1642860,Will Riley,6503,-0.83,1.45,2.89,1.45,-3.72,2.05,-0.24,0.59,-0.83,True,insufficient_po_sample,,0.0,-4.5,-1.9,-2.6,1633.0,-0.7,2.92,-3.62,0.58,0.09,TRUE
1641724,Jett Howard,5427,-0.68,1.45,3.06,1.45,-3.74,2.05,-0.01,0.89,-0.9,True,insufficient_po_sample,,0.0,-3.3391630009221047,-2.2721758650401345,-1.116022704941575,1463.0,-0.71,2.58,-3.29,1.02,1.31,FALSE
1642262,Cody Williams,10896,-2.46,1.28,1.37,1.28,-3.82,1.81,-1.56,0.47,-2.03,True,insufficient_po_sample,,0.0,-6.1307312410387125,-4.476015612553768,-1.654715628484945,2691.0,-2.38,1.48,-3.86,0.03,0.31,TRUE
1641718,Keyonte George,23043,0.61,1.1,4.44,1.1,-3.83,1.55,0.33,0.86,-0.53,True,insufficient_po_sample,,0.0,-1.8775463573070796,0.59081511006946,-2.4683614673765395,5918.0,0.84,4.04,-3.2,1.61,1.09,FALSE
202397,Ish Smith,3020,-2.21,1.59,1.76,1.59,-3.97,2.25,-2.38,1.01,-3.39,True,insufficient_po_sample,,0.0,-6.8,-5.6,-1.2,741.0,-2.53,1.63,-4.16,0.15,0.35,TRUE
1631103,Malaki Branham,8972,-2.24,1.33,1.76,1.33,-4.01,1.88,-0.47,0.93,-1.4,True,insufficient_po_sample,,0.0,-4.567434813534034,-2.5356456770776106,-2.02719702533439,2296.0,-1.72,1.89,-3.61,0.69,0.36,TRUE
1641878,Damion Baugh,1462,-3.1,1.7,1.01,1.7,-4.11,2.4,-2.44,0.25,-2.69,False,insufficient_po_sample,,0.0,-7.1000000000000005,-5.9,-1.2,370.0,-3.15,1.07,-4.21,0.2,0.16,TRUE
203926,Doug McDermott,6564,-0.91,1.39,3.32,1.39,-4.23,1.96,0.71,1.26,-0.55,True,insufficient_po_sample,,0.0,-3.683842509393891,-1.319843756961875,-2.363998752432015,1685.0,-0.59,3.17,-3.76,1.12,0.41,FALSE
1628398,Kyle Kuzma,24890,-1.9,1.05,2.37,1.05,-4.26,1.48,-0.38,0.42,-0.8,True,insufficient_po_sample,0.421,14.0,-2.759058669238806,-1.1388147037060061,-1.6202439655328,6023.0,-1.14,2.22,-3.36,1.48,0.41,FALSE
1642268,Isaiah Collier,13183,-1.76,1.25,2.51,1.25,-4.27,1.76,-0.74,0.09,-0.83,True,insufficient_po_sample,,0.0,-3.854464294515619,-2.2547721768960063,-1.6495381764294186,3356.0,-1.35,2.34,-3.69,1.08,0.48,FALSE
1641877,Nathan Mensah,1140,-4.46,1.72,-0.1,1.72,-4.37,2.44,-3.68,-0.09,-3.6,False,insufficient_po_sample,,0.0,-8.8,-8.7,-0.1,307.0,-4.72,-0.11,-4.61,0.71,0.03,TRUE
1641716,Jarace Walker,14539,-3.03,1.18,1.41,1.18,-4.44,1.67,-0.65,-0.3,-0.35,True,insufficient_po_sample,-0.017,21.0,-1.741979191946571,-1.7038770049262324,-0.13070811047620245,3480.0,-1.97,1.03,-3.0,1.94,1.04,FALSE
1642267,Bub Carrington,19225,-1.27,1.18,3.54,1.18,-4.81,1.66,-0.49,0.68,-1.17,True,insufficient_po_sample,,0.0,-4.65267748205811,-2.720547697360791,-1.9321297846973196,4729.0,-1.19,3.2,-4.38,1.03,0.93,FALSE
1642962,Drake Powell,5205,-3.68,1.48,1.99,1.48,-5.68,2.09,-1.6,0.68,-2.28,True,insufficient_po_sample,,0.0,-6.0,-4.6,-1.3,1320.0,-3.14,1.84,-4.98,0.94,0.42,TRUE
1642879,Ben Saraf,3491,-4.43,1.57,1.38,1.57,-5.8,2.22,-2.7,0.33,-3.04,True,insufficient_po_sample,,0.0,-7.3,-5.6,-1.7,916.0,-3.86,1.5,-5.37,0.51,0.34,TRUE
