team_abbr,season,scenario_id,scenario_label,assumptions,guaranteed_salary,player_option_salary_counted,team_option_salary_counted,team_option_declined_excluded,nonguaranteed_salary_counted,dead_money,incentives_likely,incentives_unlikely,incomplete_roster_charges,apron_team_salary,num_under_contract,num_guaranteed,cap_holds,cap_team_salary,cap_room,potential_cap_room_if_renounced,distance_to_cap,distance_to_tax,distance_to_first_apron,distance_to_second_apron,tier,is_taxpayer,full_mle_available,taxpayer_mle_available,room_exception_available,bae_available,min_exception_available,matching_rule,can_aggregate,can_take_back_more_than_send,can_acquire_sign_and_trade,can_use_prior_year_tpe,can_send_cash,can_sign_bought_out_above_mle,tpe_total_available,tpe_max_single_available,hard_capped,hard_cap_level,hard_cap_line,hard_cap_room,hard_cap_trigger,tradeable_firsts_count,tradeable_firsts,second_apron_pick_frozen,taxpayer_this_season,repeater_status,repeater_window,as_of_date,source,notes
ATL,2026-27,base,base case,"{""player_options"": ""counted at value (on books until declined)"", ""team_options"": ""counted at value (exercised) by default; only curated likely-declines (TEAM_OPTION_LIKELY_DECLINED, analyst input) excluded. Amount does not determine intent."", ""nonguaranteed"": ""treated as guaranteed (guarantee dates are Pass-2)"", ""own_free_agents"": ""approx cap hold (prior AAV) in cap basis only; not in apron salary"", ""roster_charges"": ""apron basis filled to 12 at rookie min; cap basis counts holds toward the 12"", ""repeater"": ""taxpayer flag projected forward in future seasons (apron salary > tax line)""}",126382766,0,2406205,24300000,0,0,0,0,4074000,132862971,9,8,47788640,176577611,0,32137029,-11577611,68137029,76237029,89137029,over_cap_under_tax,False,True,False,False,True,True,tiered_125,True,True,True,True,True,True,17700000,11000000,False,none,,,,5,"[{""year"": ""2027"", ""origin"": ""SAS"", ""type"": ""incoming"", ""tradeable"": null, ""condition"": """"}, {""year"": ""2027"", ""origin"": ""ATL"", ""type"": ""own_conditional_review"", ""tradeable"": null, ""condition"": ""Least favorable of MIL and NOP then other to NOP (via NOP)""}, {""year"": ""2028"", ""origin"": ""ATL"", ""type"": ""own_conditional_review"", ""tradeable"": null, ""condition"": ""More favorable of (i) ATL and less favorable (ii) CLE and UTA then other to CLE (via ATL swap for CLE or UTA)""}, {""year"": ""2029"", ""origin"": ""ATL"", ""type"": ""own_outright"", ""tradeable"": true, ""condition"": """"}, {""year"": ""2030"", ""origin"": ""ATL"", ""type"": ""own_outright"", ""tradeable"": true, ""condition"": """"}, {""year"": ""2031"", ""origin"": ""ATL"", ""type"": ""own_outright"", ""tradeable"": true, ""condition"": """"}, {""year"": ""2032"", ""origin"": ""ATL"", ""type"": ""own_outright"", ""tradeable"": true, ""condition"": """"}, {""year"": ""2033"", ""origin"": ""ATL"", ""type"": ""own_outright"", ""tradeable"": true, ""condition"": """"}]",False,False,False,"{""2022-23"": false, ""2023-24"": false, ""2024-25"": false, ""2025-26"": false}",2026-06-09,computed from contracts + constants,
ATL,2027-28,base,base case,"{""player_options"": ""counted at value (on books until declined)"", ""team_options"": ""counted at value (exercised) by default; only curated likely-declines (TEAM_OPTION_LIKELY_DECLINED, analyst input) excluded. Amount does not determine intent."", ""nonguaranteed"": ""treated as guaranteed (guarantee dates are Pass-2)"", ""own_free_agents"": ""approx cap hold (prior AAV) in cap basis only; not in apron salary"", ""roster_charges"": ""apron basis filled to 12 at rookie min; cap basis counts holds toward the 12"", ""repeater"": ""taxpayer flag projected forward in future seasons (apron salary > tax line)""}",100091800,10097560,20995516,0,0,0,0,0,5812000,136996876,8,5,0,136996876,39553124,39553124,39553124,78073124,86740124,100543124,under_cap,False,False,False,True,False,True,tiered_125,True,True,True,True,True,True,0,0,False,none,,,,5,"[{""year"": ""2027"", ""origin"": ""SAS"", ""type"": ""incoming"", ""tradeable"": null, ""condition"": """"}, {""year"": ""2027"", ""origin"": ""ATL"", ""type"": ""own_conditional_review"", ""tradeable"": null, ""condition"": ""Least favorable of MIL and NOP then other to NOP (via NOP)""}, {""year"": ""2028"", ""origin"": ""ATL"", ""type"": ""own_conditional_review"", ""tradeable"": null, ""condition"": ""More favorable of (i) ATL and less favorable (ii) CLE and UTA then other to CLE (via ATL swap for CLE or UTA)""}, {""year"": ""2029"", ""origin"": ""ATL"", ""type"": ""own_outright"", ""tradeable"": true, ""condition"": """"}, {""year"": ""2030"", ""origin"": ""ATL"", ""type"": ""own_outright"", ""tradeable"": true, ""condition"": """"}, {""year"": ""2031"", ""origin"": ""ATL"", ""type"": ""own_outright"", ""tradeable"": true, ""condition"": """"}, {""year"": ""2032"", ""origin"": ""ATL"", ""type"": ""own_outright"", ""tradeable"": true, ""condition"": """"}, {""year"": ""2033"", ""origin"": ""ATL"", ""type"": ""own_outright"", ""tradeable"": true, ""condition"": """"}]",False,False,False,"{""2023-24"": false, ""2024-25"": false, ""2025-26"": false, ""2026-27"": false}",2026-06-09,computed from contracts + constants,
ATL,2028-29,base,base case,"{""player_options"": ""counted at value (on books until declined)"", ""team_options"": ""counted at value (exercised) by default; only curated likely-declines (TEAM_OPTION_LIKELY_DECLINED, analyst input) excluded. Amount does not determine intent."", ""nonguaranteed"": ""treated as guaranteed (guarantee dates are Pass-2)"", ""own_free_agents"": ""approx cap hold (prior AAV) in cap basis only; not in apron salary"", ""roster_charges"": ""apron basis filled to 12 at rookie min; cap basis counts holds toward the 12"", ""repeater"": ""taxpayer flag projected forward in future seasons (apron salary > tax line)""}",85451304,15919890,13050000,0,0,0,0,0,9330000,123751194,6,4,0,123751194,65156806,65156806,65156806,106373806,115647806,130416806,under_cap,False,False,False,True,False,True,tiered_125,True,True,True,True,True,True,0,0,False,none,,,,5,"[{""year"": ""2027"", ""origin"": ""SAS"", ""type"": ""incoming"", ""tradeable"": null, ""condition"": """"}, {""year"": ""2027"", ""origin"": ""ATL"", ""type"": ""own_conditional_review"", ""tradeable"": null, ""condition"": ""Least favorable of MIL and NOP then other to NOP (via NOP)""}, {""year"": ""2028"", ""origin"": ""ATL"", ""type"": ""own_conditional_review"", ""tradeable"": null, ""condition"": ""More favorable of (i) ATL and less favorable (ii) CLE and UTA then other to CLE (via ATL swap for CLE or UTA)""}, {""year"": ""2029"", ""origin"": ""ATL"", ""type"": ""own_outright"", ""tradeable"": true, ""condition"": """"}, {""year"": ""2030"", ""origin"": ""ATL"", ""type"": ""own_outright"", ""tradeable"": true, ""condition"": """"}, {""year"": ""2031"", ""origin"": ""ATL"", ""type"": ""own_outright"", ""tradeable"": true, ""condition"": """"}, {""year"": ""2032"", ""origin"": ""ATL"", ""type"": ""own_outright"", ""tradeable"": true, ""condition"": """"}, {""year"": ""2033"", ""origin"": ""ATL"", ""type"": ""own_outright"", ""tradeable"": true, ""condition"": """"}]",False,False,False,"{""2024-25"": false, ""2025-26"": false, ""2026-27"": false, ""2027-28"": false}",2026-06-09,computed from contracts + constants,
ATL,2029-30,base,base case,"{""player_options"": ""counted at value (on books until declined)"", ""team_options"": ""counted at value (exercised) by default; only curated likely-declines (TEAM_OPTION_LIKELY_DECLINED, analyst input) excluded. Amount does not determine intent."", ""nonguaranteed"": ""treated as guaranteed (guarantee dates are Pass-2)"", ""own_free_agents"": ""approx cap hold (prior AAV) in cap basis only; not in apron salary"", ""roster_charges"": ""apron basis filled to 12 at rookie min; cap basis counts holds toward the 12"", ""repeater"": ""taxpayer flag projected forward in future seasons (apron salary > tax line)""}",64396576,0,0,0,0,0,0,0,14976000,79372576,3,3,0,79372576,122759424,122759424,122759424,166861424,176784424,192587424,under_cap,False,False,False,True,False,True,tiered_125,True,True,True,True,True,True,0,0,False,none,,,,5,"[{""year"": ""2027"", ""origin"": ""SAS"", ""type"": ""incoming"", ""tradeable"": null, ""condition"": """"}, {""year"": ""2027"", ""origin"": ""ATL"", ""type"": ""own_conditional_review"", ""tradeable"": null, ""condition"": ""Least favorable of MIL and NOP then other to NOP (via NOP)""}, {""year"": ""2028"", ""origin"": ""ATL"", ""type"": ""own_conditional_review"", ""tradeable"": null, ""condition"": ""More favorable of (i) ATL and less favorable (ii) CLE and UTA then other to CLE (via ATL swap for CLE or UTA)""}, {""year"": ""2029"", ""origin"": ""ATL"", ""type"": ""own_outright"", ""tradeable"": true, ""condition"": """"}, {""year"": ""2030"", ""origin"": ""ATL"", ""type"": ""own_outright"", ""tradeable"": true, ""condition"": """"}, {""year"": ""2031"", ""origin"": ""ATL"", ""type"": ""own_outright"", ""tradeable"": true, ""condition"": """"}, {""year"": ""2032"", ""origin"": ""ATL"", ""type"": ""own_outright"", ""tradeable"": true, ""condition"": """"}, {""year"": ""2033"", ""origin"": ""ATL"", ""type"": ""own_outright"", ""tradeable"": true, ""condition"": """"}]",False,False,False,"{""2025-26"": false, ""2026-27"": false, ""2027-28"": false, ""2028-29"": false}",2026-06-09,computed from contracts + constants,
BKN,2026-27,base,base case,"{""player_options"": ""counted at value (on books until declined)"", ""team_options"": ""counted at value (exercised) by default; only curated likely-declines (TEAM_OPTION_LIKELY_DECLINED, analyst input) excluded. Amount does not determine intent."", ""nonguaranteed"": ""treated as guaranteed (guarantee dates are Pass-2)"", ""own_free_agents"": ""approx cap hold (prior AAV) in cap basis only; not in apron salary"", ""roster_charges"": ""apron basis filled to 12 at rookie min; cap basis counts holds toward the 12"", ""repeater"": ""taxpayer flag projected forward in future seasons (apron salary > tax line)""}",114666352,0,17235456,0,0,0,0,0,0,131901808,14,10,14171273,146073081,18926919,33098192,18926919,69098192,77198192,90098192,under_cap,False,False,False,True,False,True,tiered_125,True,True,True,True,True,True,0,0,False,none,,,,8,"[{""year"": ""2027"", ""origin"": ""HOU BKN"", ""type"": ""incoming_swap"", ""tradeable"": null, ""condition"": ""Or swap with BKN (via HOU swap for BKN)""}, {""year"": ""2027"", ""origin"": ""BKN HOU"", ""type"": ""own_conditional_review"", ""tradeable"": null, ""condition"": ""Or swap with HOU (via HOU swap for BKN)""}, {""year"": ""2027"", ""origin"": ""BKN"", ""type"": ""own_outright"", ""tradeable"": false, ""condition"": """"}, {""year"": ""2028"", ""origin"": ""PHI"", ""type"": ""incoming"", ""tradeable"": null, ""condition"": ""If 1-8 and if PHI conveys 1st to OKC by 2026""}, {""year"": ""2028"", ""origin"": ""NYK BKN"", ""type"": ""incoming_swap"", ""tradeable"": null, ""condition"": ""Or swap with BKN (via BKN swap for NYK)""}, {""year"": ""2028"", ""origin"": ""BKN"", ""type"": ""own_conditional_review"", ""tradeable"": null, ""condition"": ""Two most favorable of BKN, PHI 9-30 (if PHI conveys 1st to OKC by 2026) and PHX (via BKN swap for PHX) Or swap with NYK""}, {""year"": ""2028"", ""origin"": ""BKN"", ""type"": ""own_conditional_review"", ""tradeable"": null, ""condition"": ""If 9-30 and if PHI conveys 1st to OKC by 2026""}, {""year"": ""2029"", ""origin"": ""BKN"", ""type"": ""own_conditional_review"", ""tradeable"": null, ""condition"": ""Least favorable of DAL HOU and PHX then others to HOU""}, {""year"": ""2029"", ""origin"": ""BKN"", ""type"": ""own_outright"", ""tradeable"": true, ""condition"": """"}, {""year"": ""2029"", ""origin"": ""BKN"", ""type"": ""own_outright"", ""tradeable"": true, ""condition"": """"}, {""year"": ""2030"", ""origin"": ""BKN"", ""type"": ""own_outright"", ""tradeable"": true, ""condition"": """"}, {""year"": ""2031"", ""origin"": ""BKN"", ""type"": ""own_outright"", ""tradeable"": true, ""condition"": """"}, {""year"": ""2031"", ""origin"": ""BKN"", ""type"": ""own_outright"", ""tradeable"": true, ""condition"": """"}, {""year"": ""2032"", ""origin"": ""BKN"", ""type"": ""own_outright"", ""tradeable"": true, ""condition"": """"}, {""year"": ""2032"", ""origin"": ""BKN"", ""type"": ""own_outright"", ""tradeable"": true, ""condition"": """"}, {""year"": ""2033"", ""origin"": ""BKN"", ""type"": ""own_outright"", ""tradeable"": true, ""condition"": """"}]",False,False,False,"{""2022-23"": true, ""2023-24"": false, ""2024-25"": false, ""2025-26"": false}",2026-06-09,computed from contracts + constants,
BKN,2027-28,base,base case,"{""player_options"": ""counted at value (on books until declined)"", ""team_options"": ""counted at value (exercised) by default; only curated likely-declines (TEAM_OPTION_LIKELY_DECLINED, analyst input) excluded. Amount does not determine intent."", ""nonguaranteed"": ""treated as guaranteed (guarantee dates are Pass-2)"", ""own_free_agents"": ""approx cap hold (prior AAV) in cap basis only; not in apron salary"", ""roster_charges"": ""apron basis filled to 12 at rookie min; cap basis counts holds toward the 12"", ""repeater"": ""taxpayer flag projected forward in future seasons (apron salary > tax line)""}",45442171,0,21735360,0,0,0,0,0,5812000,72989531,8,3,0,72989531,103560469,103560469,103560469,142080469,150747469,164550469,under_cap,False,False,False,True,False,True,tiered_125,True,True,True,True,True,True,0,0,False,none,,,,8,"[{""year"": ""2027"", ""origin"": ""HOU BKN"", ""type"": ""incoming_swap"", ""tradeable"": null, ""condition"": ""Or swap with BKN (via HOU swap for BKN)""}, {""year"": ""2027"", ""origin"": ""BKN HOU"", ""type"": ""own_conditional_review"", ""tradeable"": null, ""condition"": ""Or swap with HOU (via HOU swap for BKN)""}, {""year"": ""2027"", ""origin"": ""BKN"", ""type"": ""own_outright"", ""tradeable"": false, ""condition"": """"}, {""year"": ""2028"", ""origin"": ""PHI"", ""type"": ""incoming"", ""tradeable"": null, ""condition"": ""If 1-8 and if PHI conveys 1st to OKC by 2026""}, {""year"": ""2028"", ""origin"": ""NYK BKN"", ""type"": ""incoming_swap"", ""tradeable"": null, ""condition"": ""Or swap with BKN (via BKN swap for NYK)""}, {""year"": ""2028"", ""origin"": ""BKN"", ""type"": ""own_conditional_review"", ""tradeable"": null, ""condition"": ""Two most favorable of BKN, PHI 9-30 (if PHI conveys 1st to OKC by 2026) and PHX (via BKN swap for PHX) Or swap with NYK""}, {""year"": ""2028"", ""origin"": ""BKN"", ""type"": ""own_conditional_review"", ""tradeable"": null, ""condition"": ""If 9-30 and if PHI conveys 1st to OKC by 2026""}, {""year"": ""2029"", ""origin"": ""BKN"", ""type"": ""own_conditional_review"", ""tradeable"": null, ""condition"": ""Least favorable of DAL HOU and PHX then others to HOU""}, {""year"": ""2029"", ""origin"": ""BKN"", ""type"": ""own_outright"", ""tradeable"": true, ""condition"": """"}, {""year"": ""2029"", ""origin"": ""BKN"", ""type"": ""own_outright"", ""tradeable"": true, ""condition"": """"}, {""year"": ""2030"", ""origin"": ""BKN"", ""type"": ""own_outright"", ""tradeable"": true, ""condition"": """"}, {""year"": ""2031"", ""origin"": ""BKN"", ""type"": ""own_outright"", ""tradeable"": true, ""condition"": """"}, {""year"": ""2031"", ""origin"": ""BKN"", ""type"": ""own_outright"", ""tradeable"": true, ""condition"": """"}, {""year"": ""2032"", ""origin"": ""BKN"", ""type"": ""own_outright"", ""tradeable"": true, ""condition"": """"}, {""year"": ""2032"", ""origin"": ""BKN"", ""type"": ""own_outright"", ""tradeable"": true, ""condition"": """"}, {""year"": ""2033"", ""origin"": ""BKN"", ""type"": ""own_outright"", ""tradeable"": true, ""condition"": """"}]",False,False,False,"{""2023-24"": false, ""2024-25"": false, ""2025-26"": false, ""2026-27"": false}",2026-06-09,computed from contracts + constants,
BKN,2028-29,base,base case,"{""player_options"": ""counted at value (on books until declined)"", ""team_options"": ""counted at value (exercised) by default; only curated likely-declines (TEAM_OPTION_LIKELY_DECLINED, analyst input) excluded. Amount does not determine intent."", ""nonguaranteed"": ""treated as guaranteed (guarantee dates are Pass-2)"", ""own_free_agents"": ""approx cap hold (prior AAV) in cap basis only; not in apron salary"", ""roster_charges"": ""apron basis filled to 12 at rookie min; cap basis counts holds toward the 12"", ""repeater"": ""taxpayer flag projected forward in future seasons (apron salary > tax line)""}",33479052,0,0,0,0,0,0,0,10885000,44364052,5,5,0,44364052,144543948,144543948,144543948,185760948,195034948,209803948,under_cap,False,False,False,True,False,True,tiered_125,True,True,True,True,True,True,0,0,False,none,,,,8,"[{""year"": ""2027"", ""origin"": ""HOU BKN"", ""type"": ""incoming_swap"", ""tradeable"": null, ""condition"": ""Or swap with BKN (via HOU swap for BKN)""}, {""year"": ""2027"", ""origin"": ""BKN HOU"", ""type"": ""own_conditional_review"", ""tradeable"": null, ""condition"": ""Or swap with HOU (via HOU swap for BKN)""}, {""year"": ""2027"", ""origin"": ""BKN"", ""type"": ""own_outright"", ""tradeable"": false, ""condition"": """"}, {""year"": ""2028"", ""origin"": ""PHI"", ""type"": ""incoming"", ""tradeable"": null, ""condition"": ""If 1-8 and if PHI conveys 1st to OKC by 2026""}, {""year"": ""2028"", ""origin"": ""NYK BKN"", ""type"": ""incoming_swap"", ""tradeable"": null, ""condition"": ""Or swap with BKN (via BKN swap for NYK)""}, {""year"": ""2028"", ""origin"": ""BKN"", ""type"": ""own_conditional_review"", ""tradeable"": null, ""condition"": ""Two most favorable of BKN, PHI 9-30 (if PHI conveys 1st to OKC by 2026) and PHX (via BKN swap for PHX) Or swap with NYK""}, {""year"": ""2028"", ""origin"": ""BKN"", ""type"": ""own_conditional_review"", ""tradeable"": null, ""condition"": ""If 9-30 and if PHI conveys 1st to OKC by 2026""}, {""year"": ""2029"", ""origin"": ""BKN"", ""type"": ""own_conditional_review"", ""tradeable"": null, ""condition"": ""Least favorable of DAL HOU and PHX then others to HOU""}, {""year"": ""2029"", ""origin"": ""BKN"", ""type"": ""own_outright"", ""tradeable"": true, ""condition"": """"}, {""year"": ""2029"", ""origin"": ""BKN"", ""type"": ""own_outright"", ""tradeable"": true, ""condition"": """"}, {""year"": ""2030"", ""origin"": ""BKN"", ""type"": ""own_outright"", ""tradeable"": true, ""condition"": """"}, {""year"": ""2031"", ""origin"": ""BKN"", ""type"": ""own_outright"", ""tradeable"": true, ""condition"": """"}, {""year"": ""2031"", ""origin"": ""BKN"", ""type"": ""own_outright"", ""tradeable"": true, ""condition"": """"}, {""year"": ""2032"", ""origin"": ""BKN"", ""type"": ""own_outright"", ""tradeable"": true, ""condition"": """"}, {""year"": ""2032"", ""origin"": ""BKN"", ""type"": ""own_outright"", ""tradeable"": true, ""condition"": """"}, {""year"": ""2033"", ""origin"": ""BKN"", ""type"": ""own_outright"", ""tradeable"": true, ""condition"": """"}]",False,False,False,"{""2024-25"": false, ""2025-26"": false, ""2026-27"": false, ""2027-28"": false}",2026-06-09,computed from contracts + constants,
BKN,2029-30,base,base case,"{""player_options"": ""counted at value (on books until declined)"", ""team_options"": ""counted at value (exercised) by default; only curated likely-declines (TEAM_OPTION_LIKELY_DECLINED, analyst input) excluded. Amount does not determine intent."", ""nonguaranteed"": ""treated as guaranteed (guarantee dates are Pass-2)"", ""own_free_agents"": ""approx cap hold (prior AAV) in cap basis only; not in apron salary"", ""roster_charges"": ""apron basis filled to 12 at rookie min; cap basis counts holds toward the 12"", ""repeater"": ""taxpayer flag projected forward in future seasons (apron salary > tax line)""}",51074331,0,0,0,0,0,0,0,11648000,62722331,5,5,0,62722331,139409669,139409669,139409669,183511669,193434669,209237669,under_cap,False,False,False,True,False,True,tiered_125,True,True,True,True,True,True,0,0,False,none,,,,8,"[{""year"": ""2027"", ""origin"": ""HOU BKN"", ""type"": ""incoming_swap"", ""tradeable"": null, ""condition"": ""Or swap with BKN (via HOU swap for BKN)""}, {""year"": ""2027"", ""origin"": ""BKN HOU"", ""type"": ""own_conditional_review"", ""tradeable"": null, ""condition"": ""Or swap with HOU (via HOU swap for BKN)""}, {""year"": ""2027"", ""origin"": ""BKN"", ""type"": ""own_outright"", ""tradeable"": false, ""condition"": """"}, {""year"": ""2028"", ""origin"": ""PHI"", ""type"": ""incoming"", ""tradeable"": null, ""condition"": ""If 1-8 and if PHI conveys 1st to OKC by 2026""}, {""year"": ""2028"", ""origin"": ""NYK BKN"", ""type"": ""incoming_swap"", ""tradeable"": null, ""condition"": ""Or swap with BKN (via BKN swap for NYK)""}, {""year"": ""2028"", ""origin"": ""BKN"", ""type"": ""own_conditional_review"", ""tradeable"": null, ""condition"": ""Two most favorable of BKN, PHI 9-30 (if PHI conveys 1st to OKC by 2026) and PHX (via BKN swap for PHX) Or swap with NYK""}, {""year"": ""2028"", ""origin"": ""BKN"", ""type"": ""own_conditional_review"", ""tradeable"": null, ""condition"": ""If 9-30 and if PHI conveys 1st to OKC by 2026""}, {""year"": ""2029"", ""origin"": ""BKN"", ""type"": ""own_conditional_review"", ""tradeable"": null, ""condition"": ""Least favorable of DAL HOU and PHX then others to HOU""}, {""year"": ""2029"", ""origin"": ""BKN"", ""type"": ""own_outright"", ""tradeable"": true, ""condition"": """"}, {""year"": ""2029"", ""origin"": ""BKN"", ""type"": ""own_outright"", ""tradeable"": true, ""condition"": """"}, {""year"": ""2030"", ""origin"": ""BKN"", ""type"": ""own_outright"", ""tradeable"": true, ""condition"": """"}, {""year"": ""2031"", ""origin"": ""BKN"", ""type"": ""own_outright"", ""tradeable"": true, ""condition"": """"}, {""year"": ""2031"", ""origin"": ""BKN"", ""type"": ""own_outright"", ""tradeable"": true, ""condition"": """"}, {""year"": ""2032"", ""origin"": ""BKN"", ""type"": ""own_outright"", ""tradeable"": true, ""condition"": """"}, {""year"": ""2032"", ""origin"": ""BKN"", ""type"": ""own_outright"", ""tradeable"": true, ""condition"": """"}, {""year"": ""2033"", ""origin"": ""BKN"", ""type"": ""own_outright"", ""tradeable"": true, ""condition"": """"}]",False,False,False,"{""2025-26"": false, ""2026-27"": false, ""2027-28"": false, ""2028-29"": false}",2026-06-09,computed from contracts + constants,
BOS,2026-27,base,base case,"{""player_options"": ""counted at value (on books until declined)"", ""team_options"": ""counted at value (exercised) by default; only curated likely-declines (TEAM_OPTION_LIKELY_DECLINED, analyst input) excluded. Amount does not determine intent."", ""nonguaranteed"": ""treated as guaranteed (guarantee dates are Pass-2)"", ""own_free_agents"": ""approx cap hold (prior AAV) in cap basis only; not in apron salary"", ""roster_charges"": ""apron basis filled to 12 at rookie min; cap basis counts holds toward the 12"", ""repeater"": ""taxpayer flag projected forward in future seasons (apron salary > tax line)""}",172968312,0,14761868,0,0,0,0,0,0,187730180,14,8,20007315,207737495,0,0,-42737495,13269820,21369820,34269820,over_cap_under_tax,False,True,False,False,True,True,tiered_125,True,True,True,True,True,True,35878571,27678571,False,none,,,,3,"[{""year"": ""2027"", ""origin"": ""BOS"", ""type"": ""own_outright"", ""tradeable"": false, ""condition"": """"}, {""year"": ""2028"", ""origin"": ""SAS BOS"", ""type"": ""incoming_swap"", ""tradeable"": null, ""condition"": ""Or swap 2-30 with SAS (via SAS swap for BOS)""}, {""year"": ""2028"", ""origin"": ""SAS BOS"", ""type"": ""incoming_swap"", ""tradeable"": null, ""condition"": ""Or swap with BOS 2-30 (via SAS swap for BOS)""}, {""year"": ""2028"", ""origin"": ""BOS"", ""type"": ""own_conditional_review"", ""tradeable"": null, ""condition"": ""If 1""}, {""year"": ""2029"", ""origin"": ""POR"", ""type"": ""incoming"", ""tradeable"": null, ""condition"": ""Most and least favorable of BOS, MIL and POR to POR then other to WAS (via BOS to POR; via MIL to POR; via POR to WAS)""}, {""year"": ""2030"", ""origin"": ""BOS"", ""type"": ""own_outright"", ""tradeable"": true, ""condition"": """"}, {""year"": ""2031"", ""origin"": ""BOS"", ""type"": ""own_outright"", ""tradeable"": true, ""condition"": """"}, {""year"": ""2032"", ""origin"": ""BOS"", ""type"": ""frozen_untradeable"", ""tradeable"": false, ""condition"": ""FROZEN PICK""}, {""year"": ""2033"", ""origin"": ""BOS"", ""type"": ""own_outright"", ""tradeable"": true, ""condition"": """"}]",False,False,True,"{""2022-23"": true, ""2023-24"": true, ""2024-25"": true, ""2025-26"": false}",2026-06-09,computed from contracts + constants,
BOS,2027-28,base,base case,"{""player_options"": ""counted at value (on books until declined)"", ""team_options"": ""counted at value (exercised) by default; only curated likely-declines (TEAM_OPTION_LIKELY_DECLINED, analyst input) excluded. Amount does not determine intent."", ""nonguaranteed"": ""treated as guaranteed (guarantee dates are Pass-2)"", ""own_free_agents"": ""approx cap hold (prior AAV) in cap basis only; not in apron salary"", ""roster_charges"": ""apron basis filled to 12 at rookie min; cap basis counts holds toward the 12"", ""repeater"": ""taxpayer flag projected forward in future seasons (apron salary > tax line)""}",176353230,0,8015632,0,0,0,0,0,7265000,191633862,7,5,0,191633862,0,0,-15083862,23436138,32103138,45906138,over_cap_under_tax,False,True,False,False,True,True,tiered_125,True,True,True,True,True,True,0,0,False,none,,,,3,"[{""year"": ""2027"", ""origin"": ""BOS"", ""type"": ""own_outright"", ""tradeable"": false, ""condition"": """"}, {""year"": ""2028"", ""origin"": ""SAS BOS"", ""type"": ""incoming_swap"", ""tradeable"": null, ""condition"": ""Or swap 2-30 with SAS (via SAS swap for BOS)""}, {""year"": ""2028"", ""origin"": ""SAS BOS"", ""type"": ""incoming_swap"", ""tradeable"": null, ""condition"": ""Or swap with BOS 2-30 (via SAS swap for BOS)""}, {""year"": ""2028"", ""origin"": ""BOS"", ""type"": ""own_conditional_review"", ""tradeable"": null, ""condition"": ""If 1""}, {""year"": ""2029"", ""origin"": ""POR"", ""type"": ""incoming"", ""tradeable"": null, ""condition"": ""Most and least favorable of BOS, MIL and POR to POR then other to WAS (via BOS to POR; via MIL to POR; via POR to WAS)""}, {""year"": ""2030"", ""origin"": ""BOS"", ""type"": ""own_outright"", ""tradeable"": true, ""condition"": """"}, {""year"": ""2031"", ""origin"": ""BOS"", ""type"": ""own_outright"", ""tradeable"": true, ""condition"": """"}, {""year"": ""2032"", ""origin"": ""BOS"", ""type"": ""frozen_untradeable"", ""tradeable"": false, ""condition"": ""FROZEN PICK""}, {""year"": ""2033"", ""origin"": ""BOS"", ""type"": ""own_outright"", ""tradeable"": true, ""condition"": """"}]",False,False,False,"{""2023-24"": true, ""2024-25"": true, ""2025-26"": false, ""2026-27"": false}",2026-06-09,computed from contracts + constants,
BOS,2028-29,base,base case,"{""player_options"": ""counted at value (on books until declined)"", ""team_options"": ""counted at value (exercised) by default; only curated likely-declines (TEAM_OPTION_LIKELY_DECLINED, analyst input) excluded. Amount does not determine intent."", ""nonguaranteed"": ""treated as guaranteed (guarantee dates are Pass-2)"", ""own_free_agents"": ""approx cap hold (prior AAV) in cap basis only; not in apron salary"", ""roster_charges"": ""apron basis filled to 12 at rookie min; cap basis counts holds toward the 12"", ""repeater"": ""taxpayer flag projected forward in future seasons (apron salary > tax line)""}",157976662,34844000,0,0,0,0,0,0,9330000,202150662,6,5,0,202150662,0,0,-13242662,27974338,37248338,52017338,over_cap_under_tax,False,True,False,False,True,True,tiered_125,True,True,True,True,True,True,0,0,False,none,,,,3,"[{""year"": ""2027"", ""origin"": ""BOS"", ""type"": ""own_outright"", ""tradeable"": false, ""condition"": """"}, {""year"": ""2028"", ""origin"": ""SAS BOS"", ""type"": ""incoming_swap"", ""tradeable"": null, ""condition"": ""Or swap 2-30 with SAS (via SAS swap for BOS)""}, {""year"": ""2028"", ""origin"": ""SAS BOS"", ""type"": ""incoming_swap"", ""tradeable"": null, ""condition"": ""Or swap with BOS 2-30 (via SAS swap for BOS)""}, {""year"": ""2028"", ""origin"": ""BOS"", ""type"": ""own_conditional_review"", ""tradeable"": null, ""condition"": ""If 1""}, {""year"": ""2029"", ""origin"": ""POR"", ""type"": ""incoming"", ""tradeable"": null, ""condition"": ""Most and least favorable of BOS, MIL and POR to POR then other to WAS (via BOS to POR; via MIL to POR; via POR to WAS)""}, {""year"": ""2030"", ""origin"": ""BOS"", ""type"": ""own_outright"", ""tradeable"": true, ""condition"": """"}, {""year"": ""2031"", ""origin"": ""BOS"", ""type"": ""own_outright"", ""tradeable"": true, ""condition"": """"}, {""year"": ""2032"", ""origin"": ""BOS"", ""type"": ""frozen_untradeable"", ""tradeable"": false, ""condition"": ""FROZEN PICK""}, {""year"": ""2033"", ""origin"": ""BOS"", ""type"": ""own_outright"", ""tradeable"": true, ""condition"": """"}]",False,False,False,"{""2024-25"": true, ""2025-26"": false, ""2026-27"": false, ""2027-28"": false}",2026-06-09,computed from contracts + constants,
BOS,2029-30,base,base case,"{""player_options"": ""counted at value (on books until declined)"", ""team_options"": ""counted at value (exercised) by default; only curated likely-declines (TEAM_OPTION_LIKELY_DECLINED, analyst input) excluded. Amount does not determine intent."", ""nonguaranteed"": ""treated as guaranteed (guarantee dates are Pass-2)"", ""own_free_agents"": ""approx cap hold (prior AAV) in cap basis only; not in apron salary"", ""roster_charges"": ""apron basis filled to 12 at rookie min; cap basis counts holds toward the 12"", ""repeater"": ""taxpayer flag projected forward in future seasons (apron salary > tax line)""}",7739291,71446914,0,0,0,0,0,0,16640000,95826205,2,1,0,95826205,106305795,106305795,106305795,150407795,160330795,176133795,under_cap,False,False,False,True,False,True,tiered_125,True,True,True,True,True,True,0,0,False,none,,,,3,"[{""year"": ""2027"", ""origin"": ""BOS"", ""type"": ""own_outright"", ""tradeable"": false, ""condition"": """"}, {""year"": ""2028"", ""origin"": ""SAS BOS"", ""type"": ""incoming_swap"", ""tradeable"": null, ""condition"": ""Or swap 2-30 with SAS (via SAS swap for BOS)""}, {""year"": ""2028"", ""origin"": ""SAS BOS"", ""type"": ""incoming_swap"", ""tradeable"": null, ""condition"": ""Or swap with BOS 2-30 (via SAS swap for BOS)""}, {""year"": ""2028"", ""origin"": ""BOS"", ""type"": ""own_conditional_review"", ""tradeable"": null, ""condition"": ""If 1""}, {""year"": ""2029"", ""origin"": ""POR"", ""type"": ""incoming"", ""tradeable"": null, ""condition"": ""Most and least favorable of BOS, MIL and POR to POR then other to WAS (via BOS to POR; via MIL to POR; via POR to WAS)""}, {""year"": ""2030"", ""origin"": ""BOS"", ""type"": ""own_outright"", ""tradeable"": true, ""condition"": """"}, {""year"": ""2031"", ""origin"": ""BOS"", ""type"": ""own_outright"", ""tradeable"": true, ""condition"": """"}, {""year"": ""2032"", ""origin"": ""BOS"", ""type"": ""frozen_untradeable"", ""tradeable"": false, ""condition"": ""FROZEN PICK""}, {""year"": ""2033"", ""origin"": ""BOS"", ""type"": ""own_outright"", ""tradeable"": true, ""condition"": """"}]",False,False,False,"{""2025-26"": false, ""2026-27"": false, ""2027-28"": false, ""2028-29"": false}",2026-06-09,computed from contracts + constants,
CHA,2026-27,base,base case,"{""player_options"": ""counted at value (on books until declined)"", ""team_options"": ""counted at value (exercised) by default; only curated likely-declines (TEAM_OPTION_LIKELY_DECLINED, analyst input) excluded. Amount does not determine intent."", ""nonguaranteed"": ""treated as guaranteed (guarantee dates are Pass-2)"", ""own_free_agents"": ""approx cap hold (prior AAV) in cap basis only; not in apron salary"", ""roster_charges"": ""apron basis filled to 12 at rookie min; cap basis counts holds toward the 12"", ""repeater"": ""taxpayer flag projected forward in future seasons (apron salary > tax line)""}",144585652,0,3815861,0,0,0,0,0,0,148401513,13,12,14392183,162793696,2206304,16598487,2206304,52598487,60698487,73598487,under_cap,False,False,False,True,False,True,tiered_125,True,True,True,True,True,True,8200962,8200962,False,none,,,,6,"[{""year"": ""2027"", ""origin"": ""DAL"", ""type"": ""incoming"", ""tradeable"": null, ""condition"": ""If 1-2""}, {""year"": ""2027"", ""origin"": ""MIA"", ""type"": ""incoming"", ""tradeable"": null, ""condition"": ""If 1-14""}, {""year"": ""2027"", ""origin"": ""CHA"", ""type"": ""own_conditional_review"", ""tradeable"": null, ""condition"": ""If 3-30""}, {""year"": ""2027"", ""origin"": ""CHA"", ""type"": ""own_conditional_review"", ""tradeable"": null, ""condition"": ""If 15-30""}, {""year"": ""2027"", ""origin"": ""CHA"", ""type"": ""own_outright"", ""tradeable"": false, ""condition"": """"}, {""year"": ""2028"", ""origin"": ""MIA CHA"", ""type"": ""incoming"", ""tradeable"": null, ""condition"": ""If MIA conveys 1st to CHA in 2027 or If MIA does not convey 1st to OKC in 2025""}, {""year"": ""2028"", ""origin"": ""CHA"", ""type"": ""own_outright"", ""tradeable"": true, ""condition"": """"}, {""year"": ""2029"", ""origin"": ""CHA"", ""type"": ""own_conditional_review"", ""tradeable"": null, ""condition"": ""Least favorable of CLE, MIN 6-30 and UTA to PHX then others to UTA (via UTA to PHX)""}, {""year"": ""2029"", ""origin"": ""CHA"", ""type"": ""own_outright"", ""tradeable"": true, ""condition"": """"}, {""year"": ""2030"", ""origin"": ""CHA"", ""type"": ""own_outright"", ""tradeable"": true, ""condition"": """"}, {""year"": ""2031"", ""origin"": ""CHA"", ""type"": ""own_outright"", ""tradeable"": true, ""condition"": """"}, {""year"": ""2032"", ""origin"": ""CHA"", ""type"": ""own_outright"", ""tradeable"": true, ""condition"": """"}, {""year"": ""2033"", ""origin"": ""CHA"", ""type"": ""own_outright"", ""tradeable"": true, ""condition"": """"}]",False,False,False,"{""2022-23"": false, ""2023-24"": false, ""2024-25"": false, ""2025-26"": false}",2026-06-09,computed from contracts + constants,
CHA,2027-28,base,base case,"{""player_options"": ""counted at value (on books until declined)"", ""team_options"": ""counted at value (exercised) by default; only curated likely-declines (TEAM_OPTION_LIKELY_DECLINED, analyst input) excluded. Amount does not determine intent."", ""nonguaranteed"": ""treated as guaranteed (guarantee dates are Pass-2)"", ""own_free_agents"": ""approx cap hold (prior AAV) in cap basis only; not in apron salary"", ""roster_charges"": ""apron basis filled to 12 at rookie min; cap basis counts holds toward the 12"", ""repeater"": ""taxpayer flag projected forward in future seasons (apron salary > tax line)""}",69855372,0,32503512,0,0,0,0,0,5812000,108170884,8,4,0,108170884,68379116,68379116,68379116,106899116,115566116,129369116,under_cap,False,False,False,True,False,True,tiered_125,True,True,True,True,True,True,0,0,False,none,,,,6,"[{""year"": ""2027"", ""origin"": ""DAL"", ""type"": ""incoming"", ""tradeable"": null, ""condition"": ""If 1-2""}, {""year"": ""2027"", ""origin"": ""MIA"", ""type"": ""incoming"", ""tradeable"": null, ""condition"": ""If 1-14""}, {""year"": ""2027"", ""origin"": ""CHA"", ""type"": ""own_conditional_review"", ""tradeable"": null, ""condition"": ""If 3-30""}, {""year"": ""2027"", ""origin"": ""CHA"", ""type"": ""own_conditional_review"", ""tradeable"": null, ""condition"": ""If 15-30""}, {""year"": ""2027"", ""origin"": ""CHA"", ""type"": ""own_outright"", ""tradeable"": false, ""condition"": """"}, {""year"": ""2028"", ""origin"": ""MIA CHA"", ""type"": ""incoming"", ""tradeable"": null, ""condition"": ""If MIA conveys 1st to CHA in 2027 or If MIA does not convey 1st to OKC in 2025""}, {""year"": ""2028"", ""origin"": ""CHA"", ""type"": ""own_outright"", ""tradeable"": true, ""condition"": """"}, {""year"": ""2029"", ""origin"": ""CHA"", ""type"": ""own_conditional_review"", ""tradeable"": null, ""condition"": ""Least favorable of CLE, MIN 6-30 and UTA to PHX then others to UTA (via UTA to PHX)""}, {""year"": ""2029"", ""origin"": ""CHA"", ""type"": ""own_outright"", ""tradeable"": true, ""condition"": """"}, {""year"": ""2030"", ""origin"": ""CHA"", ""type"": ""own_outright"", ""tradeable"": true, ""condition"": """"}, {""year"": ""2031"", ""origin"": ""CHA"", ""type"": ""own_outright"", ""tradeable"": true, ""condition"": """"}, {""year"": ""2032"", ""origin"": ""CHA"", ""type"": ""own_outright"", ""tradeable"": true, ""condition"": """"}, {""year"": ""2033"", ""origin"": ""CHA"", ""type"": ""own_outright"", ""tradeable"": true, ""condition"": """"}]",False,False,False,"{""2023-24"": false, ""2024-25"": false, ""2025-26"": false, ""2026-27"": false}",2026-06-09,computed from contracts + constants,
CHA,2028-29,base,base case,"{""player_options"": ""counted at value (on books until declined)"", ""team_options"": ""counted at value (exercised) by default; only curated likely-declines (TEAM_OPTION_LIKELY_DECLINED, analyst input) excluded. Amount does not determine intent."", ""nonguaranteed"": ""treated as guaranteed (guarantee dates are Pass-2)"", ""own_free_agents"": ""approx cap hold (prior AAV) in cap basis only; not in apron salary"", ""roster_charges"": ""apron basis filled to 12 at rookie min; cap basis counts holds toward the 12"", ""repeater"": ""taxpayer flag projected forward in future seasons (apron salary > tax line)""}",80798068,0,5471396,0,0,0,0,0,9330000,95599464,6,4,0,95599464,93308536,93308536,93308536,134525536,143799536,158568536,under_cap,False,False,False,True,False,True,tiered_125,True,True,True,True,True,True,0,0,False,none,,,,6,"[{""year"": ""2027"", ""origin"": ""DAL"", ""type"": ""incoming"", ""tradeable"": null, ""condition"": ""If 1-2""}, {""year"": ""2027"", ""origin"": ""MIA"", ""type"": ""incoming"", ""tradeable"": null, ""condition"": ""If 1-14""}, {""year"": ""2027"", ""origin"": ""CHA"", ""type"": ""own_conditional_review"", ""tradeable"": null, ""condition"": ""If 3-30""}, {""year"": ""2027"", ""origin"": ""CHA"", ""type"": ""own_conditional_review"", ""tradeable"": null, ""condition"": ""If 15-30""}, {""year"": ""2027"", ""origin"": ""CHA"", ""type"": ""own_outright"", ""tradeable"": false, ""condition"": """"}, {""year"": ""2028"", ""origin"": ""MIA CHA"", ""type"": ""incoming"", ""tradeable"": null, ""condition"": ""If MIA conveys 1st to CHA in 2027 or If MIA does not convey 1st to OKC in 2025""}, {""year"": ""2028"", ""origin"": ""CHA"", ""type"": ""own_outright"", ""tradeable"": true, ""condition"": """"}, {""year"": ""2029"", ""origin"": ""CHA"", ""type"": ""own_conditional_review"", ""tradeable"": null, ""condition"": ""Least favorable of CLE, MIN 6-30 and UTA to PHX then others to UTA (via UTA to PHX)""}, {""year"": ""2029"", ""origin"": ""CHA"", ""type"": ""own_outright"", ""tradeable"": true, ""condition"": """"}, {""year"": ""2030"", ""origin"": ""CHA"", ""type"": ""own_outright"", ""tradeable"": true, ""condition"": """"}, {""year"": ""2031"", ""origin"": ""CHA"", ""type"": ""own_outright"", ""tradeable"": true, ""condition"": """"}, {""year"": ""2032"", ""origin"": ""CHA"", ""type"": ""own_outright"", ""tradeable"": true, ""condition"": """"}, {""year"": ""2033"", ""origin"": ""CHA"", ""type"": ""own_outright"", ""tradeable"": true, ""condition"": """"}]",False,False,False,"{""2024-25"": false, ""2025-26"": false, ""2026-27"": false, ""2027-28"": false}",2026-06-09,computed from contracts + constants,
CHA,2029-30,base,base case,"{""player_options"": ""counted at value (on books until declined)"", ""team_options"": ""counted at value (exercised) by default; only curated likely-declines (TEAM_OPTION_LIKELY_DECLINED, analyst input) excluded. Amount does not determine intent."", ""nonguaranteed"": ""treated as guaranteed (guarantee dates are Pass-2)"", ""own_free_agents"": ""approx cap hold (prior AAV) in cap basis only; not in apron salary"", ""roster_charges"": ""apron basis filled to 12 at rookie min; cap basis counts holds toward the 12"", ""repeater"": ""taxpayer flag projected forward in future seasons (apron salary > tax line)""}",28557352,0,0,0,0,0,0,0,16640000,45197352,2,2,0,45197352,156934648,156934648,156934648,201036648,210959648,226762648,under_cap,False,False,False,True,False,True,tiered_125,True,True,True,True,True,True,0,0,False,none,,,,6,"[{""year"": ""2027"", ""origin"": ""DAL"", ""type"": ""incoming"", ""tradeable"": null, ""condition"": ""If 1-2""}, {""year"": ""2027"", ""origin"": ""MIA"", ""type"": ""incoming"", ""tradeable"": null, ""condition"": ""If 1-14""}, {""year"": ""2027"", ""origin"": ""CHA"", ""type"": ""own_conditional_review"", ""tradeable"": null, ""condition"": ""If 3-30""}, {""year"": ""2027"", ""origin"": ""CHA"", ""type"": ""own_conditional_review"", ""tradeable"": null, ""condition"": ""If 15-30""}, {""year"": ""2027"", ""origin"": ""CHA"", ""type"": ""own_outright"", ""tradeable"": false, ""condition"": """"}, {""year"": ""2028"", ""origin"": ""MIA CHA"", ""type"": ""incoming"", ""tradeable"": null, ""condition"": ""If MIA conveys 1st to CHA in 2027 or If MIA does not convey 1st to OKC in 2025""}, {""year"": ""2028"", ""origin"": ""CHA"", ""type"": ""own_outright"", ""tradeable"": true, ""condition"": """"}, {""year"": ""2029"", ""origin"": ""CHA"", ""type"": ""own_conditional_review"", ""tradeable"": null, ""condition"": ""Least favorable of CLE, MIN 6-30 and UTA to PHX then others to UTA (via UTA to PHX)""}, {""year"": ""2029"", ""origin"": ""CHA"", ""type"": ""own_outright"", ""tradeable"": true, ""condition"": """"}, {""year"": ""2030"", ""origin"": ""CHA"", ""type"": ""own_outright"", ""tradeable"": true, ""condition"": """"}, {""year"": ""2031"", ""origin"": ""CHA"", ""type"": ""own_outright"", ""tradeable"": true, ""condition"": """"}, {""year"": ""2032"", ""origin"": ""CHA"", ""type"": ""own_outright"", ""tradeable"": true, ""condition"": """"}, {""year"": ""2033"", ""origin"": ""CHA"", ""type"": ""own_outright"", ""tradeable"": true, ""condition"": """"}]",False,False,False,"{""2025-26"": false, ""2026-27"": false, ""2027-28"": false, ""2028-29"": false}",2026-06-09,computed from contracts + constants,
CHI,2026-27,base,base case,"{""player_options"": ""counted at value (on books until declined)"", ""team_options"": ""counted at value (exercised) by default; only curated likely-declines (TEAM_OPTION_LIKELY_DECLINED, analyst input) excluded. Amount does not determine intent."", ""nonguaranteed"": ""treated as guaranteed (guarantee dates are Pass-2)"", ""own_free_agents"": ""approx cap hold (prior AAV) in cap basis only; not in apron salary"", ""roster_charges"": ""apron basis filled to 12 at rookie min; cap basis counts holds toward the 12"", ""repeater"": ""taxpayer flag projected forward in future seasons (apron salary > tax line)""}",90549265,0,4817295,0,0,0,0,0,2716000,98082560,10,8,70785848,166152408,0,66917440,-1152408,102917440,111017440,123917440,over_cap_under_tax,False,True,False,False,True,True,tiered_125,True,True,True,True,True,True,17991071,17991071,False,none,,,,6,"[{""year"": ""2027"", ""origin"": ""POR"", ""type"": ""incoming"", ""tradeable"": null, ""condition"": ""If 1-14 if not already settled with CHI""}, {""year"": ""2027"", ""origin"": ""CHI"", ""type"": ""own_conditional_review"", ""tradeable"": null, ""condition"": ""If 15-30 if not already settled""}, {""year"": ""2027"", ""origin"": ""CHI"", ""type"": ""own_outright"", ""tradeable"": false, ""condition"": """"}, {""year"": ""2028"", ""origin"": ""POR"", ""type"": ""incoming_swap"", ""tradeable"": null, ""condition"": ""If 1-14 if not already settled with CHI or swap with MIL""}, {""year"": ""2028"", ""origin"": ""CHI"", ""type"": ""own_conditional_review"", ""tradeable"": null, ""condition"": ""If 15-30 if not already settled""}, {""year"": ""2028"", ""origin"": ""CHI"", ""type"": ""own_outright"", ""tradeable"": true, ""condition"": """"}, {""year"": ""2029"", ""origin"": ""CHI"", ""type"": ""own_outright"", ""tradeable"": true, ""condition"": """"}, {""year"": ""2030"", ""origin"": ""CHI"", ""type"": ""own_outright"", ""tradeable"": true, ""condition"": """"}, {""year"": ""2031"", ""origin"": ""CHI"", ""type"": ""own_outright"", ""tradeable"": true, ""condition"": """"}, {""year"": ""2032"", ""origin"": ""CHI"", ""type"": ""own_outright"", ""tradeable"": true, ""condition"": """"}, {""year"": ""2033"", ""origin"": ""CHI"", ""type"": ""own_outright"", ""tradeable"": true, ""condition"": """"}]",False,False,False,"{""2022-23"": false, ""2023-24"": false, ""2024-25"": false, ""2025-26"": false}",2026-06-09,computed from contracts + constants,
CHI,2027-28,base,base case,"{""player_options"": ""counted at value (on books until declined)"", ""team_options"": ""counted at value (exercised) by default; only curated likely-declines (TEAM_OPTION_LIKELY_DECLINED, analyst input) excluded. Amount does not determine intent."", ""nonguaranteed"": ""treated as guaranteed (guarantee dates are Pass-2)"", ""own_free_agents"": ""approx cap hold (prior AAV) in cap basis only; not in apron salary"", ""roster_charges"": ""apron basis filled to 12 at rookie min; cap basis counts holds toward the 12"", ""repeater"": ""taxpayer flag projected forward in future seasons (apron salary > tax line)""}",51000000,0,22320258,0,0,0,0,0,8718000,82038258,6,3,0,82038258,94511742,94511742,94511742,133031742,141698742,155501742,under_cap,False,False,False,True,False,True,tiered_125,True,True,True,True,True,True,0,0,False,none,,,,6,"[{""year"": ""2027"", ""origin"": ""POR"", ""type"": ""incoming"", ""tradeable"": null, ""condition"": ""If 1-14 if not already settled with CHI""}, {""year"": ""2027"", ""origin"": ""CHI"", ""type"": ""own_conditional_review"", ""tradeable"": null, ""condition"": ""If 15-30 if not already settled""}, {""year"": ""2027"", ""origin"": ""CHI"", ""type"": ""own_outright"", ""tradeable"": false, ""condition"": """"}, {""year"": ""2028"", ""origin"": ""POR"", ""type"": ""incoming_swap"", ""tradeable"": null, ""condition"": ""If 1-14 if not already settled with CHI or swap with MIL""}, {""year"": ""2028"", ""origin"": ""CHI"", ""type"": ""own_conditional_review"", ""tradeable"": null, ""condition"": ""If 15-30 if not already settled""}, {""year"": ""2028"", ""origin"": ""CHI"", ""type"": ""own_outright"", ""tradeable"": true, ""condition"": """"}, {""year"": ""2029"", ""origin"": ""CHI"", ""type"": ""own_outright"", ""tradeable"": true, ""condition"": """"}, {""year"": ""2030"", ""origin"": ""CHI"", ""type"": ""own_outright"", ""tradeable"": true, ""condition"": """"}, {""year"": ""2031"", ""origin"": ""CHI"", ""type"": ""own_outright"", ""tradeable"": true, ""condition"": """"}, {""year"": ""2032"", ""origin"": ""CHI"", ""type"": ""own_outright"", ""tradeable"": true, ""condition"": """"}, {""year"": ""2033"", ""origin"": ""CHI"", ""type"": ""own_outright"", ""tradeable"": true, ""condition"": """"}]",False,False,False,"{""2023-24"": false, ""2024-25"": false, ""2025-26"": false, ""2026-27"": false}",2026-06-09,computed from contracts + constants,
CHI,2028-29,base,base case,"{""player_options"": ""counted at value (on books until declined)"", ""team_options"": ""counted at value (exercised) by default; only curated likely-declines (TEAM_OPTION_LIKELY_DECLINED, analyst input) excluded. Amount does not determine intent."", ""nonguaranteed"": ""treated as guaranteed (guarantee dates are Pass-2)"", ""own_free_agents"": ""approx cap hold (prior AAV) in cap basis only; not in apron salary"", ""roster_charges"": ""apron basis filled to 12 at rookie min; cap basis counts holds toward the 12"", ""repeater"": ""taxpayer flag projected forward in future seasons (apron salary > tax line)""}",57060910,18000000,0,0,0,0,0,0,10885000,85945910,5,4,0,85945910,102962090,102962090,102962090,144179090,153453090,168222090,under_cap,False,False,False,True,False,True,tiered_125,True,True,True,True,True,True,0,0,False,none,,,,6,"[{""year"": ""2027"", ""origin"": ""POR"", ""type"": ""incoming"", ""tradeable"": null, ""condition"": ""If 1-14 if not already settled with CHI""}, {""year"": ""2027"", ""origin"": ""CHI"", ""type"": ""own_conditional_review"", ""tradeable"": null, ""condition"": ""If 15-30 if not already settled""}, {""year"": ""2027"", ""origin"": ""CHI"", ""type"": ""own_outright"", ""tradeable"": false, ""condition"": """"}, {""year"": ""2028"", ""origin"": ""POR"", ""type"": ""incoming_swap"", ""tradeable"": null, ""condition"": ""If 1-14 if not already settled with CHI or swap with MIL""}, {""year"": ""2028"", ""origin"": ""CHI"", ""type"": ""own_conditional_review"", ""tradeable"": null, ""condition"": ""If 15-30 if not already settled""}, {""year"": ""2028"", ""origin"": ""CHI"", ""type"": ""own_outright"", ""tradeable"": true, ""condition"": """"}, {""year"": ""2029"", ""origin"": ""CHI"", ""type"": ""own_outright"", ""tradeable"": true, ""condition"": """"}, {""year"": ""2030"", ""origin"": ""CHI"", ""type"": ""own_outright"", ""tradeable"": true, ""condition"": """"}, {""year"": ""2031"", ""origin"": ""CHI"", ""type"": ""own_outright"", ""tradeable"": true, ""condition"": """"}, {""year"": ""2032"", ""origin"": ""CHI"", ""type"": ""own_outright"", ""tradeable"": true, ""condition"": """"}, {""year"": ""2033"", ""origin"": ""CHI"", ""type"": ""own_outright"", ""tradeable"": true, ""condition"": """"}]",False,False,False,"{""2024-25"": false, ""2025-26"": false, ""2026-27"": false, ""2027-28"": false}",2026-06-09,computed from contracts + constants,
CHI,2029-30,base,base case,"{""player_options"": ""counted at value (on books until declined)"", ""team_options"": ""counted at value (exercised) by default; only curated likely-declines (TEAM_OPTION_LIKELY_DECLINED, analyst input) excluded. Amount does not determine intent."", ""nonguaranteed"": ""treated as guaranteed (guarantee dates are Pass-2)"", ""own_free_agents"": ""approx cap hold (prior AAV) in cap basis only; not in apron salary"", ""roster_charges"": ""apron basis filled to 12 at rookie min; cap basis counts holds toward the 12"", ""repeater"": ""taxpayer flag projected forward in future seasons (apron salary > tax line)""}",12148165,0,0,0,0,0,0,0,18304000,30452165,1,1,0,30452165,171679835,171679835,171679835,215781835,225704835,241507835,under_cap,False,False,False,True,False,True,tiered_125,True,True,True,True,True,True,0,0,False,none,,,,6,"[{""year"": ""2027"", ""origin"": ""POR"", ""type"": ""incoming"", ""tradeable"": null, ""condition"": ""If 1-14 if not already settled with CHI""}, {""year"": ""2027"", ""origin"": ""CHI"", ""type"": ""own_conditional_review"", ""tradeable"": null, ""condition"": ""If 15-30 if not already settled""}, {""year"": ""2027"", ""origin"": ""CHI"", ""type"": ""own_outright"", ""tradeable"": false, ""condition"": """"}, {""year"": ""2028"", ""origin"": ""POR"", ""type"": ""incoming_swap"", ""tradeable"": null, ""condition"": ""If 1-14 if not already settled with CHI or swap with MIL""}, {""year"": ""2028"", ""origin"": ""CHI"", ""type"": ""own_conditional_review"", ""tradeable"": null, ""condition"": ""If 15-30 if not already settled""}, {""year"": ""2028"", ""origin"": ""CHI"", ""type"": ""own_outright"", ""tradeable"": true, ""condition"": """"}, {""year"": ""2029"", ""origin"": ""CHI"", ""type"": ""own_outright"", ""tradeable"": true, ""condition"": """"}, {""year"": ""2030"", ""origin"": ""CHI"", ""type"": ""own_outright"", ""tradeable"": true, ""condition"": """"}, {""year"": ""2031"", ""origin"": ""CHI"", ""type"": ""own_outright"", ""tradeable"": true, ""condition"": """"}, {""year"": ""2032"", ""origin"": ""CHI"", ""type"": ""own_outright"", ""tradeable"": true, ""condition"": """"}, {""year"": ""2033"", ""origin"": ""CHI"", ""type"": ""own_outright"", ""tradeable"": true, ""condition"": """"}]",False,False,False,"{""2025-26"": false, ""2026-27"": false, ""2027-28"": false, ""2028-29"": false}",2026-06-09,computed from contracts + constants,
CLE,2026-27,base,base case,"{""player_options"": ""counted at value (on books until declined)"", ""team_options"": ""counted at value (exercised) by default; only curated likely-declines (TEAM_OPTION_LIKELY_DECLINED, analyst input) excluded. Amount does not determine intent."", ""nonguaranteed"": ""treated as guaranteed (guarantee dates are Pass-2)"", ""own_free_agents"": ""approx cap hold (prior AAV) in cap basis only; not in apron salary"", ""roster_charges"": ""apron basis filled to 12 at rookie min; cap basis counts holds toward the 12"", ""repeater"": ""taxpayer flag projected forward in future seasons (apron salary > tax line)""}",175076156,42317307,4817295,0,0,0,0,0,0,222210758,12,9,14940097,237150855,0,0,-72150855,-21210758,-13110758,-210758,second_apron,True,False,False,False,False,True,pct_100,False,False,False,False,False,False,16897984,10000000,False,none,,,,4,"[{""year"": ""2027"", ""origin"": ""PHX"", ""type"": ""incoming"", ""tradeable"": null, ""condition"": ""Least favorable of CLE, MIN and UTA to PHX then others to UTA (via UTA)""}, {""year"": ""2028"", ""origin"": ""UTA CLE"", ""type"": ""incoming_swap"", ""tradeable"": null, ""condition"": ""Or swap with CLE""}, {""year"": ""2028"", ""origin"": ""CLE"", ""type"": ""own_conditional_review"", ""tradeable"": null, ""condition"": ""Least favorable of CLE, ATL and UTA (via UTH swap for CLE; via ATL swap for CLE or UTH)""}, {""year"": ""2029"", ""origin"": ""CHA"", ""type"": ""incoming"", ""tradeable"": null, ""condition"": ""Least favorable of CLE, MIN 6-30 and UTA to PHX then others to UTA (via UTA to PHX)""}, {""year"": ""2030"", ""origin"": ""CLE"", ""type"": ""own_outright"", ""tradeable"": true, ""condition"": """"}, {""year"": ""2031"", ""origin"": ""CLE"", ""type"": ""own_outright"", ""tradeable"": true, ""condition"": """"}, {""year"": ""2032"", ""origin"": ""CLE"", ""type"": ""own_outright"", ""tradeable"": true, ""condition"": """"}, {""year"": ""2033"", ""origin"": ""CLE"", ""type"": ""own_outright"", ""tradeable"": true, ""condition"": """"}]",False,True,False,"{""2022-23"": false, ""2023-24"": false, ""2024-25"": false, ""2025-26"": true}",2026-06-09,computed from contracts + constants,
CLE,2027-28,base,base case,"{""player_options"": ""counted at value (on books until declined)"", ""team_options"": ""counted at value (exercised) by default; only curated likely-declines (TEAM_OPTION_LIKELY_DECLINED, analyst input) excluded. Amount does not determine intent."", ""nonguaranteed"": ""treated as guaranteed (guarantee dates are Pass-2)"", ""own_free_agents"": ""approx cap hold (prior AAV) in cap basis only; not in apron salary"", ""roster_charges"": ""apron basis filled to 12 at rookie min; cap basis counts holds toward the 12"", ""repeater"": ""taxpayer flag projected forward in future seasons (apron salary > tax line)""}",111936742,53817156,5641500,0,0,0,0,0,7265000,178660398,7,5,0,178660398,0,0,-2110398,36409602,45076602,58879602,over_cap_under_tax,False,True,False,False,True,True,tiered_125,True,True,True,True,True,True,0,0,False,none,,,,4,"[{""year"": ""2027"", ""origin"": ""PHX"", ""type"": ""incoming"", ""tradeable"": null, ""condition"": ""Least favorable of CLE, MIN and UTA to PHX then others to UTA (via UTA)""}, {""year"": ""2028"", ""origin"": ""UTA CLE"", ""type"": ""incoming_swap"", ""tradeable"": null, ""condition"": ""Or swap with CLE""}, {""year"": ""2028"", ""origin"": ""CLE"", ""type"": ""own_conditional_review"", ""tradeable"": null, ""condition"": ""Least favorable of CLE, ATL and UTA (via UTH swap for CLE; via ATL swap for CLE or UTH)""}, {""year"": ""2029"", ""origin"": ""CHA"", ""type"": ""incoming"", ""tradeable"": null, ""condition"": ""Least favorable of CLE, MIN 6-30 and UTA to PHX then others to UTA (via UTA to PHX)""}, {""year"": ""2030"", ""origin"": ""CLE"", ""type"": ""own_outright"", ""tradeable"": true, ""condition"": """"}, {""year"": ""2031"", ""origin"": ""CLE"", ""type"": ""own_outright"", ""tradeable"": true, ""condition"": """"}, {""year"": ""2032"", ""origin"": ""CLE"", ""type"": ""own_outright"", ""tradeable"": true, ""condition"": """"}, {""year"": ""2033"", ""origin"": ""CLE"", ""type"": ""own_outright"", ""tradeable"": true, ""condition"": """"}]",False,False,False,"{""2023-24"": false, ""2024-25"": false, ""2025-26"": true, ""2026-27"": true}",2026-06-09,computed from contracts + constants,
CLE,2028-29,base,base case,"{""player_options"": ""counted at value (on books until declined)"", ""team_options"": ""counted at value (exercised) by default; only curated likely-declines (TEAM_OPTION_LIKELY_DECLINED, analyst input) excluded. Amount does not determine intent."", ""nonguaranteed"": ""treated as guaranteed (guarantee dates are Pass-2)"", ""own_free_agents"": ""approx cap hold (prior AAV) in cap basis only; not in apron salary"", ""roster_charges"": ""apron basis filled to 12 at rookie min; cap basis counts holds toward the 12"", ""repeater"": ""taxpayer flag projected forward in future seasons (apron salary > tax line)""}",109174959,0,2735698,0,0,0,0,0,10885000,122795657,5,4,0,122795657,66112343,66112343,66112343,107329343,116603343,131372343,under_cap,False,False,False,True,False,True,tiered_125,True,True,True,True,True,True,0,0,False,none,,,,4,"[{""year"": ""2027"", ""origin"": ""PHX"", ""type"": ""incoming"", ""tradeable"": null, ""condition"": ""Least favorable of CLE, MIN and UTA to PHX then others to UTA (via UTA)""}, {""year"": ""2028"", ""origin"": ""UTA CLE"", ""type"": ""incoming_swap"", ""tradeable"": null, ""condition"": ""Or swap with CLE""}, {""year"": ""2028"", ""origin"": ""CLE"", ""type"": ""own_conditional_review"", ""tradeable"": null, ""condition"": ""Least favorable of CLE, ATL and UTA (via UTH swap for CLE; via ATL swap for CLE or UTH)""}, {""year"": ""2029"", ""origin"": ""CHA"", ""type"": ""incoming"", ""tradeable"": null, ""condition"": ""Least favorable of CLE, MIN 6-30 and UTA to PHX then others to UTA (via UTA to PHX)""}, {""year"": ""2030"", ""origin"": ""CLE"", ""type"": ""own_outright"", ""tradeable"": true, ""condition"": """"}, {""year"": ""2031"", ""origin"": ""CLE"", ""type"": ""own_outright"", ""tradeable"": true, ""condition"": """"}, {""year"": ""2032"", ""origin"": ""CLE"", ""type"": ""own_outright"", ""tradeable"": true, ""condition"": """"}, {""year"": ""2033"", ""origin"": ""CLE"", ""type"": ""own_outright"", ""tradeable"": true, ""condition"": """"}]",False,False,False,"{""2024-25"": false, ""2025-26"": true, ""2026-27"": true, ""2027-28"": false}",2026-06-09,computed from contracts + constants,
CLE,2029-30,base,base case,"{""player_options"": ""counted at value (on books until declined)"", ""team_options"": ""counted at value (exercised) by default; only curated likely-declines (TEAM_OPTION_LIKELY_DECLINED, analyst input) excluded. Amount does not determine intent."", ""nonguaranteed"": ""treated as guaranteed (guarantee dates are Pass-2)"", ""own_free_agents"": ""approx cap hold (prior AAV) in cap basis only; not in apron salary"", ""roster_charges"": ""apron basis filled to 12 at rookie min; cap basis counts holds toward the 12"", ""repeater"": ""taxpayer flag projected forward in future seasons (apron salary > tax line)""}",61240212,0,0,0,0,0,0,0,18304000,79544212,1,1,0,79544212,122587788,122587788,122587788,166689788,176612788,192415788,under_cap,False,False,False,True,False,True,tiered_125,True,True,True,True,True,True,0,0,False,none,,,,4,"[{""year"": ""2027"", ""origin"": ""PHX"", ""type"": ""incoming"", ""tradeable"": null, ""condition"": ""Least favorable of CLE, MIN and UTA to PHX then others to UTA (via UTA)""}, {""year"": ""2028"", ""origin"": ""UTA CLE"", ""type"": ""incoming_swap"", ""tradeable"": null, ""condition"": ""Or swap with CLE""}, {""year"": ""2028"", ""origin"": ""CLE"", ""type"": ""own_conditional_review"", ""tradeable"": null, ""condition"": ""Least favorable of CLE, ATL and UTA (via UTH swap for CLE; via ATL swap for CLE or UTH)""}, {""year"": ""2029"", ""origin"": ""CHA"", ""type"": ""incoming"", ""tradeable"": null, ""condition"": ""Least favorable of CLE, MIN 6-30 and UTA to PHX then others to UTA (via UTA to PHX)""}, {""year"": ""2030"", ""origin"": ""CLE"", ""type"": ""own_outright"", ""tradeable"": true, ""condition"": """"}, {""year"": ""2031"", ""origin"": ""CLE"", ""type"": ""own_outright"", ""tradeable"": true, ""condition"": """"}, {""year"": ""2032"", ""origin"": ""CLE"", ""type"": ""own_outright"", ""tradeable"": true, ""condition"": """"}, {""year"": ""2033"", ""origin"": ""CLE"", ""type"": ""own_outright"", ""tradeable"": true, ""condition"": """"}]",False,False,False,"{""2025-26"": true, ""2026-27"": true, ""2027-28"": false, ""2028-29"": false}",2026-06-09,computed from contracts + constants,
DAL,2026-27,base,base case,"{""player_options"": ""counted at value (on books until declined)"", ""team_options"": ""counted at value (exercised) by default; only curated likely-declines (TEAM_OPTION_LIKELY_DECLINED, analyst input) excluded. Amount does not determine intent."", ""nonguaranteed"": ""treated as guaranteed (guarantee dates are Pass-2)"", ""own_free_agents"": ""approx cap hold (prior AAV) in cap basis only; not in apron salary"", ""roster_charges"": ""apron basis filled to 12 at rookie min; cap basis counts holds toward the 12"", ""repeater"": ""taxpayer flag projected forward in future seasons (apron salary > tax line)""}",149948719,0,2150917,0,0,0,0,0,0,152099636,13,12,39240283,191339919,0,12900364,-26339919,48900364,57000364,69900364,over_cap_under_tax,False,True,False,False,True,True,tiered_125,True,True,True,True,True,True,20830154,20830154,False,none,,,,4,"[{""year"": ""2027"", ""origin"": ""CHA"", ""type"": ""incoming"", ""tradeable"": null, ""condition"": ""If 3-30""}, {""year"": ""2027"", ""origin"": ""DAL"", ""type"": ""own_conditional_review"", ""tradeable"": null, ""condition"": ""If 1-2""}, {""year"": ""2028"", ""origin"": ""OKC DAL"", ""type"": ""incoming_swap"", ""tradeable"": null, ""condition"": ""Or swap with DAL (via OKC swap for DAL)""}, {""year"": ""2028"", ""origin"": ""DAL OKC"", ""type"": ""own_conditional_review"", ""tradeable"": null, ""condition"": ""Or swap with OKC (via OKC swap for DAL)""}, {""year"": ""2029"", ""origin"": ""HOU"", ""type"": ""incoming"", ""tradeable"": null, ""condition"": ""Two most favorable of BKN, DAL and PHX to HOU then other to BKN""}, {""year"": ""2029"", ""origin"": ""DAL"", ""type"": ""own_outright"", ""tradeable"": true, ""condition"": """"}, {""year"": ""2030"", ""origin"": ""GSW"", ""type"": ""incoming"", ""tradeable"": null, ""condition"": ""If 1-20""}, {""year"": ""2030"", ""origin"": ""DAL SAS"", ""type"": ""own_conditional_review"", ""tradeable"": null, ""condition"": ""Least favorable of DAL and SAS (via SAN swap for DAL)""}, {""year"": ""2030"", ""origin"": ""DAL"", ""type"": ""own_conditional_review"", ""tradeable"": null, ""condition"": ""If 21-30 (via WAS)""}, {""year"": ""2031"", ""origin"": ""DAL"", ""type"": ""own_outright"", ""tradeable"": true, ""condition"": """"}, {""year"": ""2032"", ""origin"": ""DAL"", ""type"": ""own_outright"", ""tradeable"": true, ""condition"": """"}, {""year"": ""2033"", ""origin"": ""DAL"", ""type"": ""own_outright"", ""tradeable"": true, ""condition"": """"}]",False,False,False,"{""2022-23"": true, ""2023-24"": false, ""2024-25"": true, ""2025-26"": false}",2026-06-09,computed from contracts + constants,
DAL,2027-28,base,base case,"{""player_options"": ""counted at value (on books until declined)"", ""team_options"": ""counted at value (exercised) by default; only curated likely-declines (TEAM_OPTION_LIKELY_DECLINED, analyst input) excluded. Amount does not determine intent."", ""nonguaranteed"": ""treated as guaranteed (guarantee dates are Pass-2)"", ""own_free_agents"": ""approx cap hold (prior AAV) in cap basis only; not in apron salary"", ""roster_charges"": ""apron basis filled to 12 at rookie min; cap basis counts holds toward the 12"", ""repeater"": ""taxpayer flag projected forward in future seasons (apron salary > tax line)""}",53420678,61005056,20702073,0,0,0,0,0,2906000,138033807,10,5,0,138033807,38516193,38516193,38516193,77036193,85703193,99506193,under_cap,False,False,False,True,False,True,tiered_125,True,True,True,True,True,True,0,0,False,none,,,,4,"[{""year"": ""2027"", ""origin"": ""CHA"", ""type"": ""incoming"", ""tradeable"": null, ""condition"": ""If 3-30""}, {""year"": ""2027"", ""origin"": ""DAL"", ""type"": ""own_conditional_review"", ""tradeable"": null, ""condition"": ""If 1-2""}, {""year"": ""2028"", ""origin"": ""OKC DAL"", ""type"": ""incoming_swap"", ""tradeable"": null, ""condition"": ""Or swap with DAL (via OKC swap for DAL)""}, {""year"": ""2028"", ""origin"": ""DAL OKC"", ""type"": ""own_conditional_review"", ""tradeable"": null, ""condition"": ""Or swap with OKC (via OKC swap for DAL)""}, {""year"": ""2029"", ""origin"": ""HOU"", ""type"": ""incoming"", ""tradeable"": null, ""condition"": ""Two most favorable of BKN, DAL and PHX to HOU then other to BKN""}, {""year"": ""2029"", ""origin"": ""DAL"", ""type"": ""own_outright"", ""tradeable"": true, ""condition"": """"}, {""year"": ""2030"", ""origin"": ""GSW"", ""type"": ""incoming"", ""tradeable"": null, ""condition"": ""If 1-20""}, {""year"": ""2030"", ""origin"": ""DAL SAS"", ""type"": ""own_conditional_review"", ""tradeable"": null, ""condition"": ""Least favorable of DAL and SAS (via SAN swap for DAL)""}, {""year"": ""2030"", ""origin"": ""DAL"", ""type"": ""own_conditional_review"", ""tradeable"": null, ""condition"": ""If 21-30 (via WAS)""}, {""year"": ""2031"", ""origin"": ""DAL"", ""type"": ""own_outright"", ""tradeable"": true, ""condition"": """"}, {""year"": ""2032"", ""origin"": ""DAL"", ""type"": ""own_outright"", ""tradeable"": true, ""condition"": """"}, {""year"": ""2033"", ""origin"": ""DAL"", ""type"": ""own_outright"", ""tradeable"": true, ""condition"": """"}]",False,False,False,"{""2023-24"": false, ""2024-25"": true, ""2025-26"": false, ""2026-27"": false}",2026-06-09,computed from contracts + constants,
DAL,2028-29,base,base case,"{""player_options"": ""counted at value (on books until declined)"", ""team_options"": ""counted at value (exercised) by default; only curated likely-declines (TEAM_OPTION_LIKELY_DECLINED, analyst input) excluded. Amount does not determine intent."", ""nonguaranteed"": ""treated as guaranteed (guarantee dates are Pass-2)"", ""own_free_agents"": ""approx cap hold (prior AAV) in cap basis only; not in apron salary"", ""roster_charges"": ""apron basis filled to 12 at rookie min; cap basis counts holds toward the 12"", ""repeater"": ""taxpayer flag projected forward in future seasons (apron salary > tax line)""}",69693446,0,0,0,0,0,0,0,12440000,82133446,4,4,0,82133446,106774554,106774554,106774554,147991554,157265554,172034554,under_cap,False,False,False,True,False,True,tiered_125,True,True,True,True,True,True,0,0,False,none,,,,4,"[{""year"": ""2027"", ""origin"": ""CHA"", ""type"": ""incoming"", ""tradeable"": null, ""condition"": ""If 3-30""}, {""year"": ""2027"", ""origin"": ""DAL"", ""type"": ""own_conditional_review"", ""tradeable"": null, ""condition"": ""If 1-2""}, {""year"": ""2028"", ""origin"": ""OKC DAL"", ""type"": ""incoming_swap"", ""tradeable"": null, ""condition"": ""Or swap with DAL (via OKC swap for DAL)""}, {""year"": ""2028"", ""origin"": ""DAL OKC"", ""type"": ""own_conditional_review"", ""tradeable"": null, ""condition"": ""Or swap with OKC (via OKC swap for DAL)""}, {""year"": ""2029"", ""origin"": ""HOU"", ""type"": ""incoming"", ""tradeable"": null, ""condition"": ""Two most favorable of BKN, DAL and PHX to HOU then other to BKN""}, {""year"": ""2029"", ""origin"": ""DAL"", ""type"": ""own_outright"", ""tradeable"": true, ""condition"": """"}, {""year"": ""2030"", ""origin"": ""GSW"", ""type"": ""incoming"", ""tradeable"": null, ""condition"": ""If 1-20""}, {""year"": ""2030"", ""origin"": ""DAL SAS"", ""type"": ""own_conditional_review"", ""tradeable"": null, ""condition"": ""Least favorable of DAL and SAS (via SAN swap for DAL)""}, {""year"": ""2030"", ""origin"": ""DAL"", ""type"": ""own_conditional_review"", ""tradeable"": null, ""condition"": ""If 21-30 (via WAS)""}, {""year"": ""2031"", ""origin"": ""DAL"", ""type"": ""own_outright"", ""tradeable"": true, ""condition"": """"}, {""year"": ""2032"", ""origin"": ""DAL"", ""type"": ""own_outright"", ""tradeable"": true, ""condition"": """"}, {""year"": ""2033"", ""origin"": ""DAL"", ""type"": ""own_outright"", ""tradeable"": true, ""condition"": """"}]",False,False,False,"{""2024-25"": true, ""2025-26"": false, ""2026-27"": false, ""2027-28"": false}",2026-06-09,computed from contracts + constants,
DAL,2029-30,base,base case,"{""player_options"": ""counted at value (on books until declined)"", ""team_options"": ""counted at value (exercised) by default; only curated likely-declines (TEAM_OPTION_LIKELY_DECLINED, analyst input) excluded. Amount does not determine intent."", ""nonguaranteed"": ""treated as guaranteed (guarantee dates are Pass-2)"", ""own_free_agents"": ""approx cap hold (prior AAV) in cap basis only; not in apron salary"", ""roster_charges"": ""apron basis filled to 12 at rookie min; cap basis counts holds toward the 12"", ""repeater"": ""taxpayer flag projected forward in future seasons (apron salary > tax line)""}",51417581,0,0,0,0,0,0,0,16640000,68057581,2,2,0,68057581,134074419,134074419,134074419,178176419,188099419,203902419,under_cap,False,False,False,True,False,True,tiered_125,True,True,True,True,True,True,0,0,False,none,,,,4,"[{""year"": ""2027"", ""origin"": ""CHA"", ""type"": ""incoming"", ""tradeable"": null, ""condition"": ""If 3-30""}, {""year"": ""2027"", ""origin"": ""DAL"", ""type"": ""own_conditional_review"", ""tradeable"": null, ""condition"": ""If 1-2""}, {""year"": ""2028"", ""origin"": ""OKC DAL"", ""type"": ""incoming_swap"", ""tradeable"": null, ""condition"": ""Or swap with DAL (via OKC swap for DAL)""}, {""year"": ""2028"", ""origin"": ""DAL OKC"", ""type"": ""own_conditional_review"", ""tradeable"": null, ""condition"": ""Or swap with OKC (via OKC swap for DAL)""}, {""year"": ""2029"", ""origin"": ""HOU"", ""type"": ""incoming"", ""tradeable"": null, ""condition"": ""Two most favorable of BKN, DAL and PHX to HOU then other to BKN""}, {""year"": ""2029"", ""origin"": ""DAL"", ""type"": ""own_outright"", ""tradeable"": true, ""condition"": """"}, {""year"": ""2030"", ""origin"": ""GSW"", ""type"": ""incoming"", ""tradeable"": null, ""condition"": ""If 1-20""}, {""year"": ""2030"", ""origin"": ""DAL SAS"", ""type"": ""own_conditional_review"", ""tradeable"": null, ""condition"": ""Least favorable of DAL and SAS (via SAN swap for DAL)""}, {""year"": ""2030"", ""origin"": ""DAL"", ""type"": ""own_conditional_review"", ""tradeable"": null, ""condition"": ""If 21-30 (via WAS)""}, {""year"": ""2031"", ""origin"": ""DAL"", ""type"": ""own_outright"", ""tradeable"": true, ""condition"": """"}, {""year"": ""2032"", ""origin"": ""DAL"", ""type"": ""own_outright"", ""tradeable"": true, ""condition"": """"}, {""year"": ""2033"", ""origin"": ""DAL"", ""type"": ""own_outright"", ""tradeable"": true, ""condition"": """"}]",False,False,False,"{""2025-26"": false, ""2026-27"": false, ""2027-28"": false, ""2028-29"": false}",2026-06-09,computed from contracts + constants,
DEN,2026-27,base,base case,"{""player_options"": ""counted at value (on books until declined)"", ""team_options"": ""counted at value (exercised) by default; only curated likely-declines (TEAM_OPTION_LIKELY_DECLINED, analyst input) excluded. Amount does not determine intent."", ""nonguaranteed"": ""treated as guaranteed (guarantee dates are Pass-2)"", ""own_free_agents"": ""approx cap hold (prior AAV) in cap basis only; not in apron salary"", ""roster_charges"": ""apron basis filled to 12 at rookie min; cap basis counts holds toward the 12"", ""repeater"": ""taxpayer flag projected forward in future seasons (apron salary > tax line)""}",217931344,0,2406205,0,0,0,0,0,1358000,221695549,11,10,14216944,234554493,0,0,-69554493,-20695549,-12595549,304451,first_apron,True,False,True,False,False,True,pct_110,True,True,False,True,True,False,6880985,6880985,False,none,,,,2,"[{""year"": ""2027"", ""origin"": ""OKC"", ""type"": ""incoming"", ""tradeable"": null, ""condition"": ""If 6-30""}, {""year"": ""2027"", ""origin"": ""DEN"", ""type"": ""own_conditional_review"", ""tradeable"": null, ""condition"": ""If 1-5""}, {""year"": ""2028"", ""origin"": ""OKC"", ""type"": ""incoming"", ""tradeable"": null, ""condition"": ""If 6-30 if not already settled""}, {""year"": ""2028"", ""origin"": ""DEN"", ""type"": ""own_conditional_review"", ""tradeable"": null, ""condition"": ""If 1-5 if not already settled with OKC""}, {""year"": ""2029"", ""origin"": ""OKC"", ""type"": ""incoming"", ""tradeable"": null, ""condition"": ""If 6-30 if not already settled or 6-30 if DEN conveys 1st to OKC by 2027""}, {""year"": ""2029"", ""origin"": ""DEN"", ""type"": ""own_conditional_review"", ""tradeable"": null, ""condition"": ""If 1-5 if not already settled with OKC or 1-5 if DEN conveys 1st to OKC by 2027""}, {""year"": ""2030"", ""origin"": ""OKC"", ""type"": ""incoming"", ""tradeable"": null, ""condition"": ""If 6-30 if not already settled or 6-30 if DEN conveys 1st to OKC by 2028""}, {""year"": ""2030"", ""origin"": ""DEN"", ""type"": ""own_conditional_review"", ""tradeable"": null, ""condition"": ""If 1-5 if not already settled with OKC or 1-5 if DEN conveys 1st to OKC by 2028""}, {""year"": ""2031"", ""origin"": ""DEN"", ""type"": ""own_outright"", ""tradeable"": true, ""condition"": """"}, {""year"": ""2032"", ""origin"": ""BKN"", ""type"": ""incoming"", ""tradeable"": null, ""condition"": """"}, {""year"": ""2033"", ""origin"": ""DEN"", ""type"": ""own_outright"", ""tradeable"": true, ""condition"": """"}]",False,True,True,"{""2022-23"": true, ""2023-24"": true, ""2024-25"": true, ""2025-26"": false}",2026-06-09,computed from contracts + constants,
DEN,2027-28,base,base case,"{""player_options"": ""counted at value (on books until declined)"", ""team_options"": ""counted at value (exercised) by default; only curated likely-declines (TEAM_OPTION_LIKELY_DECLINED, analyst input) excluded. Amount does not determine intent."", ""nonguaranteed"": ""treated as guaranteed (guarantee dates are Pass-2)"", ""own_free_agents"": ""approx cap hold (prior AAV) in cap basis only; not in apron salary"", ""roster_charges"": ""apron basis filled to 12 at rookie min; cap basis counts holds toward the 12"", ""repeater"": ""taxpayer flag projected forward in future seasons (apron salary > tax line)""}",119352239,70308369,5547137,0,0,0,0,0,7265000,202472745,7,4,0,202472745,0,0,-25922745,12597255,21264255,35067255,over_cap_under_tax,False,True,False,False,True,True,tiered_125,True,True,True,True,True,True,0,0,False,none,,,,2,"[{""year"": ""2027"", ""origin"": ""OKC"", ""type"": ""incoming"", ""tradeable"": null, ""condition"": ""If 6-30""}, {""year"": ""2027"", ""origin"": ""DEN"", ""type"": ""own_conditional_review"", ""tradeable"": null, ""condition"": ""If 1-5""}, {""year"": ""2028"", ""origin"": ""OKC"", ""type"": ""incoming"", ""tradeable"": null, ""condition"": ""If 6-30 if not already settled""}, {""year"": ""2028"", ""origin"": ""DEN"", ""type"": ""own_conditional_review"", ""tradeable"": null, ""condition"": ""If 1-5 if not already settled with OKC""}, {""year"": ""2029"", ""origin"": ""OKC"", ""type"": ""incoming"", ""tradeable"": null, ""condition"": ""If 6-30 if not already settled or 6-30 if DEN conveys 1st to OKC by 2027""}, {""year"": ""2029"", ""origin"": ""DEN"", ""type"": ""own_conditional_review"", ""tradeable"": null, ""condition"": ""If 1-5 if not already settled with OKC or 1-5 if DEN conveys 1st to OKC by 2027""}, {""year"": ""2030"", ""origin"": ""OKC"", ""type"": ""incoming"", ""tradeable"": null, ""condition"": ""If 6-30 if not already settled or 6-30 if DEN conveys 1st to OKC by 2028""}, {""year"": ""2030"", ""origin"": ""DEN"", ""type"": ""own_conditional_review"", ""tradeable"": null, ""condition"": ""If 1-5 if not already settled with OKC or 1-5 if DEN conveys 1st to OKC by 2028""}, {""year"": ""2031"", ""origin"": ""DEN"", ""type"": ""own_outright"", ""tradeable"": true, ""condition"": """"}, {""year"": ""2032"", ""origin"": ""BKN"", ""type"": ""incoming"", ""tradeable"": null, ""condition"": """"}, {""year"": ""2033"", ""origin"": ""DEN"", ""type"": ""own_outright"", ""tradeable"": true, ""condition"": """"}]",False,False,True,"{""2023-24"": true, ""2024-25"": true, ""2025-26"": false, ""2026-27"": true}",2026-06-09,computed from contracts + constants,
DEN,2028-29,base,base case,"{""player_options"": ""counted at value (on books until declined)"", ""team_options"": ""counted at value (exercised) by default; only curated likely-declines (TEAM_OPTION_LIKELY_DECLINED, analyst input) excluded. Amount does not determine intent."", ""nonguaranteed"": ""treated as guaranteed (guarantee dates are Pass-2)"", ""own_free_agents"": ""approx cap hold (prior AAV) in cap basis only; not in apron salary"", ""roster_charges"": ""apron basis filled to 12 at rookie min; cap basis counts holds toward the 12"", ""repeater"": ""taxpayer flag projected forward in future seasons (apron salary > tax line)""}",91115652,37094523,0,0,0,0,0,0,12440000,140650175,4,3,0,140650175,48257825,48257825,48257825,89474825,98748825,113517825,under_cap,False,False,False,True,False,True,tiered_125,True,True,True,True,True,True,0,0,False,none,,,,2,"[{""year"": ""2027"", ""origin"": ""OKC"", ""type"": ""incoming"", ""tradeable"": null, ""condition"": ""If 6-30""}, {""year"": ""2027"", ""origin"": ""DEN"", ""type"": ""own_conditional_review"", ""tradeable"": null, ""condition"": ""If 1-5""}, {""year"": ""2028"", ""origin"": ""OKC"", ""type"": ""incoming"", ""tradeable"": null, ""condition"": ""If 6-30 if not already settled""}, {""year"": ""2028"", ""origin"": ""DEN"", ""type"": ""own_conditional_review"", ""tradeable"": null, ""condition"": ""If 1-5 if not already settled with OKC""}, {""year"": ""2029"", ""origin"": ""OKC"", ""type"": ""incoming"", ""tradeable"": null, ""condition"": ""If 6-30 if not already settled or 6-30 if DEN conveys 1st to OKC by 2027""}, {""year"": ""2029"", ""origin"": ""DEN"", ""type"": ""own_conditional_review"", ""tradeable"": null, ""condition"": ""If 1-5 if not already settled with OKC or 1-5 if DEN conveys 1st to OKC by 2027""}, {""year"": ""2030"", ""origin"": ""OKC"", ""type"": ""incoming"", ""tradeable"": null, ""condition"": ""If 6-30 if not already settled or 6-30 if DEN conveys 1st to OKC by 2028""}, {""year"": ""2030"", ""origin"": ""DEN"", ""type"": ""own_conditional_review"", ""tradeable"": null, ""condition"": ""If 1-5 if not already settled with OKC or 1-5 if DEN conveys 1st to OKC by 2028""}, {""year"": ""2031"", ""origin"": ""DEN"", ""type"": ""own_outright"", ""tradeable"": true, ""condition"": """"}, {""year"": ""2032"", ""origin"": ""BKN"", ""type"": ""incoming"", ""tradeable"": null, ""condition"": """"}, {""year"": ""2033"", ""origin"": ""DEN"", ""type"": ""own_outright"", ""tradeable"": true, ""condition"": """"}]",False,False,False,"{""2024-25"": true, ""2025-26"": false, ""2026-27"": true, ""2027-28"": false}",2026-06-09,computed from contracts + constants,
DEN,2029-30,base,base case,"{""player_options"": ""counted at value (on books until declined)"", ""team_options"": ""counted at value (exercised) by default; only curated likely-declines (TEAM_OPTION_LIKELY_DECLINED, analyst input) excluded. Amount does not determine intent."", ""nonguaranteed"": ""treated as guaranteed (guarantee dates are Pass-2)"", ""own_free_agents"": ""approx cap hold (prior AAV) in cap basis only; not in apron salary"", ""roster_charges"": ""apron basis filled to 12 at rookie min; cap basis counts holds toward the 12"", ""repeater"": ""taxpayer flag projected forward in future seasons (apron salary > tax line)""}",26724137,0,0,0,0,0,0,0,18304000,45028137,1,1,0,45028137,157103863,157103863,157103863,201205863,211128863,226931863,under_cap,False,False,False,True,False,True,tiered_125,True,True,True,True,True,True,0,0,False,none,,,,2,"[{""year"": ""2027"", ""origin"": ""OKC"", ""type"": ""incoming"", ""tradeable"": null, ""condition"": ""If 6-30""}, {""year"": ""2027"", ""origin"": ""DEN"", ""type"": ""own_conditional_review"", ""tradeable"": null, ""condition"": ""If 1-5""}, {""year"": ""2028"", ""origin"": ""OKC"", ""type"": ""incoming"", ""tradeable"": null, ""condition"": ""If 6-30 if not already settled""}, {""year"": ""2028"", ""origin"": ""DEN"", ""type"": ""own_conditional_review"", ""tradeable"": null, ""condition"": ""If 1-5 if not already settled with OKC""}, {""year"": ""2029"", ""origin"": ""OKC"", ""type"": ""incoming"", ""tradeable"": null, ""condition"": ""If 6-30 if not already settled or 6-30 if DEN conveys 1st to OKC by 2027""}, {""year"": ""2029"", ""origin"": ""DEN"", ""type"": ""own_conditional_review"", ""tradeable"": null, ""condition"": ""If 1-5 if not already settled with OKC or 1-5 if DEN conveys 1st to OKC by 2027""}, {""year"": ""2030"", ""origin"": ""OKC"", ""type"": ""incoming"", ""tradeable"": null, ""condition"": ""If 6-30 if not already settled or 6-30 if DEN conveys 1st to OKC by 2028""}, {""year"": ""2030"", ""origin"": ""DEN"", ""type"": ""own_conditional_review"", ""tradeable"": null, ""condition"": ""If 1-5 if not already settled with OKC or 1-5 if DEN conveys 1st to OKC by 2028""}, {""year"": ""2031"", ""origin"": ""DEN"", ""type"": ""own_outright"", ""tradeable"": true, ""condition"": """"}, {""year"": ""2032"", ""origin"": ""BKN"", ""type"": ""incoming"", ""tradeable"": null, ""condition"": """"}, {""year"": ""2033"", ""origin"": ""DEN"", ""type"": ""own_outright"", ""tradeable"": true, ""condition"": """"}]",False,False,False,"{""2025-26"": false, ""2026-27"": true, ""2027-28"": false, ""2028-29"": false}",2026-06-09,computed from contracts + constants,
DET,2026-27,base,base case,"{""player_options"": ""counted at value (on books until declined)"", ""team_options"": ""counted at value (exercised) by default; only curated likely-declines (TEAM_OPTION_LIKELY_DECLINED, analyst input) excluded. Amount does not determine intent."", ""nonguaranteed"": ""treated as guaranteed (guarantee dates are Pass-2)"", ""own_free_agents"": ""approx cap hold (prior AAV) in cap basis only; not in apron salary"", ""roster_charges"": ""apron basis filled to 12 at rookie min; cap basis counts holds toward the 12"", ""repeater"": ""taxpayer flag projected forward in future seasons (apron salary > tax line)""}",112627580,0,31797282,0,0,0,0,0,0,144424862,12,7,52953063,197377925,0,20575138,-32377925,56575138,64675138,77575138,over_cap_under_tax,False,True,False,False,True,True,tiered_125,True,True,True,True,True,True,8677600,8677600,False,none,,,,6,"[{""year"": ""2027"", ""origin"": ""DET"", ""type"": ""own_outright"", ""tradeable"": false, ""condition"": """"}, {""year"": ""2028"", ""origin"": ""DET"", ""type"": ""own_outright"", ""tradeable"": true, ""condition"": """"}, {""year"": ""2029"", ""origin"": ""DET"", ""type"": ""own_outright"", ""tradeable"": true, ""condition"": """"}, {""year"": ""2030"", ""origin"": ""DET"", ""type"": ""own_outright"", ""tradeable"": true, ""condition"": """"}, {""year"": ""2031"", ""origin"": ""DET"", ""type"": ""own_outright"", ""tradeable"": true, ""condition"": """"}, {""year"": ""2032"", ""origin"": ""DET"", ""type"": ""own_outright"", ""tradeable"": true, ""condition"": """"}, {""year"": ""2033"", ""origin"": ""DET"", ""type"": ""own_outright"", ""tradeable"": true, ""condition"": """"}]",False,False,False,"{""2022-23"": false, ""2023-24"": false, ""2024-25"": false, ""2025-26"": false}",2026-06-09,computed from contracts + constants,
DET,2027-28,base,base case,"{""player_options"": ""counted at value (on books until declined)"", ""team_options"": ""counted at value (exercised) by default; only curated likely-declines (TEAM_OPTION_LIKELY_DECLINED, analyst input) excluded. Amount does not determine intent."", ""nonguaranteed"": ""treated as guaranteed (guarantee dates are Pass-2)"", ""own_free_agents"": ""approx cap hold (prior AAV) in cap basis only; not in apron salary"", ""roster_charges"": ""apron basis filled to 12 at rookie min; cap basis counts holds toward the 12"", ""repeater"": ""taxpayer flag projected forward in future seasons (apron salary > tax line)""}",106996301,0,15000000,0,0,0,0,0,7265000,129261301,7,6,0,129261301,47288699,47288699,47288699,85808699,94475699,108278699,under_cap,False,False,False,True,False,True,tiered_125,True,True,True,True,True,True,0,0,False,none,,,,6,"[{""year"": ""2027"", ""origin"": ""DET"", ""type"": ""own_outright"", ""tradeable"": false, ""condition"": """"}, {""year"": ""2028"", ""origin"": ""DET"", ""type"": ""own_outright"", ""tradeable"": true, ""condition"": """"}, {""year"": ""2029"", ""origin"": ""DET"", ""type"": ""own_outright"", ""tradeable"": true, ""condition"": """"}, {""year"": ""2030"", ""origin"": ""DET"", ""type"": ""own_outright"", ""tradeable"": true, ""condition"": """"}, {""year"": ""2031"", ""origin"": ""DET"", ""type"": ""own_outright"", ""tradeable"": true, ""condition"": """"}, {""year"": ""2032"", ""origin"": ""DET"", ""type"": ""own_outright"", ""tradeable"": true, ""condition"": """"}, {""year"": ""2033"", ""origin"": ""DET"", ""type"": ""own_outright"", ""tradeable"": true, ""condition"": """"}]",False,False,False,"{""2023-24"": false, ""2024-25"": false, ""2025-26"": false, ""2026-27"": false}",2026-06-09,computed from contracts + constants,
DET,2028-29,base,base case,"{""player_options"": ""counted at value (on books until declined)"", ""team_options"": ""counted at value (exercised) by default; only curated likely-declines (TEAM_OPTION_LIKELY_DECLINED, analyst input) excluded. Amount does not determine intent."", ""nonguaranteed"": ""treated as guaranteed (guarantee dates are Pass-2)"", ""own_free_agents"": ""approx cap hold (prior AAV) in cap basis only; not in apron salary"", ""roster_charges"": ""apron basis filled to 12 at rookie min; cap basis counts holds toward the 12"", ""repeater"": ""taxpayer flag projected forward in future seasons (apron salary > tax line)""}",73915110,0,2735698,0,0,0,0,0,13995000,90645808,3,2,0,90645808,98262192,98262192,98262192,139479192,148753192,163522192,under_cap,False,False,False,True,False,True,tiered_125,True,True,True,True,True,True,0,0,False,none,,,,6,"[{""year"": ""2027"", ""origin"": ""DET"", ""type"": ""own_outright"", ""tradeable"": false, ""condition"": """"}, {""year"": ""2028"", ""origin"": ""DET"", ""type"": ""own_outright"", ""tradeable"": true, ""condition"": """"}, {""year"": ""2029"", ""origin"": ""DET"", ""type"": ""own_outright"", ""tradeable"": true, ""condition"": """"}, {""year"": ""2030"", ""origin"": ""DET"", ""type"": ""own_outright"", ""tradeable"": true, ""condition"": """"}, {""year"": ""2031"", ""origin"": ""DET"", ""type"": ""own_outright"", ""tradeable"": true, ""condition"": """"}, {""year"": ""2032"", ""origin"": ""DET"", ""type"": ""own_outright"", ""tradeable"": true, ""condition"": """"}, {""year"": ""2033"", ""origin"": ""DET"", ""type"": ""own_outright"", ""tradeable"": true, ""condition"": """"}]",False,False,False,"{""2024-25"": false, ""2025-26"": false, ""2026-27"": false, ""2027-28"": false}",2026-06-09,computed from contracts + constants,
DET,2029-30,base,base case,"{""player_options"": ""counted at value (on books until declined)"", ""team_options"": ""counted at value (exercised) by default; only curated likely-declines (TEAM_OPTION_LIKELY_DECLINED, analyst input) excluded. Amount does not determine intent."", ""nonguaranteed"": ""treated as guaranteed (guarantee dates are Pass-2)"", ""own_free_agents"": ""approx cap hold (prior AAV) in cap basis only; not in apron salary"", ""roster_charges"": ""apron basis filled to 12 at rookie min; cap basis counts holds toward the 12"", ""repeater"": ""taxpayer flag projected forward in future seasons (apron salary > tax line)""}",61240212,0,0,0,0,0,0,0,18304000,79544212,1,1,0,79544212,122587788,122587788,122587788,166689788,176612788,192415788,under_cap,False,False,False,True,False,True,tiered_125,True,True,True,True,True,True,0,0,False,none,,,,6,"[{""year"": ""2027"", ""origin"": ""DET"", ""type"": ""own_outright"", ""tradeable"": false, ""condition"": """"}, {""year"": ""2028"", ""origin"": ""DET"", ""type"": ""own_outright"", ""tradeable"": true, ""condition"": """"}, {""year"": ""2029"", ""origin"": ""DET"", ""type"": ""own_outright"", ""tradeable"": true, ""condition"": """"}, {""year"": ""2030"", ""origin"": ""DET"", ""type"": ""own_outright"", ""tradeable"": true, ""condition"": """"}, {""year"": ""2031"", ""origin"": ""DET"", ""type"": ""own_outright"", ""tradeable"": true, ""condition"": """"}, {""year"": ""2032"", ""origin"": ""DET"", ""type"": ""own_outright"", ""tradeable"": true, ""condition"": """"}, {""year"": ""2033"", ""origin"": ""DET"", ""type"": ""own_outright"", ""tradeable"": true, ""condition"": """"}]",False,False,False,"{""2025-26"": false, ""2026-27"": false, ""2027-28"": false, ""2028-29"": false}",2026-06-09,computed from contracts + constants,
GSW,2026-27,base,base case,"{""player_options"": ""counted at value (on books until declined)"", ""team_options"": ""counted at value (exercised) by default; only curated likely-declines (TEAM_OPTION_LIKELY_DECLINED, analyst input) excluded. Amount does not determine intent."", ""nonguaranteed"": ""treated as guaranteed (guarantee dates are Pass-2)"", ""own_free_agents"": ""approx cap hold (prior AAV) in cap basis only; not in apron salary"", ""roster_charges"": ""apron basis filled to 12 at rookie min; cap basis counts holds toward the 12"", ""repeater"": ""taxpayer flag projected forward in future seasons (apron salary > tax line)""}",144379936,37099600,0,0,0,0,0,0,4074000,185553536,9,6,38351875,219831411,0,0,-54831411,15446464,23546464,36446464,over_cap_under_tax,False,True,False,False,True,True,tiered_125,True,True,True,True,True,True,0,0,False,none,,,,5,"[{""year"": ""2027"", ""origin"": ""GSW"", ""type"": ""own_outright"", ""tradeable"": false, ""condition"": """"}, {""year"": ""2028"", ""origin"": ""GSW"", ""type"": ""own_outright"", ""tradeable"": true, ""condition"": """"}, {""year"": ""2029"", ""origin"": ""GSW"", ""type"": ""own_outright"", ""tradeable"": true, ""condition"": """"}, {""year"": ""2030"", ""origin"": ""DAL"", ""type"": ""incoming"", ""tradeable"": null, ""condition"": ""If 21-30 (via WAS)""}, {""year"": ""2030"", ""origin"": ""GSW"", ""type"": ""own_conditional_review"", ""tradeable"": null, ""condition"": ""If 1-20""}, {""year"": ""2031"", ""origin"": ""GSW"", ""type"": ""own_outright"", ""tradeable"": true, ""condition"": """"}, {""year"": ""2032"", ""origin"": ""GSW"", ""type"": ""own_outright"", ""tradeable"": true, ""condition"": """"}, {""year"": ""2033"", ""origin"": ""GSW"", ""type"": ""own_outright"", ""tradeable"": true, ""condition"": """"}]",False,False,True,"{""2022-23"": true, ""2023-24"": true, ""2024-25"": true, ""2025-26"": true}",2026-06-09,computed from contracts + constants,
GSW,2027-28,base,base case,"{""player_options"": ""counted at value (on books until declined)"", ""team_options"": ""counted at value (exercised) by default; only curated likely-declines (TEAM_OPTION_LIKELY_DECLINED, analyst input) excluded. Amount does not determine intent."", ""nonguaranteed"": ""treated as guaranteed (guarantee dates are Pass-2)"", ""own_free_agents"": ""approx cap hold (prior AAV) in cap basis only; not in apron salary"", ""roster_charges"": ""apron basis filled to 12 at rookie min; cap basis counts holds toward the 12"", ""repeater"": ""taxpayer flag projected forward in future seasons (apron salary > tax line)""}",29617937,0,0,0,0,0,0,0,11624000,41241937,4,4,0,41241937,135308063,135308063,135308063,173828063,182495063,196298063,under_cap,False,False,False,True,False,True,tiered_125,True,True,True,True,True,True,0,0,False,none,,,,5,"[{""year"": ""2027"", ""origin"": ""GSW"", ""type"": ""own_outright"", ""tradeable"": false, ""condition"": """"}, {""year"": ""2028"", ""origin"": ""GSW"", ""type"": ""own_outright"", ""tradeable"": true, ""condition"": """"}, {""year"": ""2029"", ""origin"": ""GSW"", ""type"": ""own_outright"", ""tradeable"": true, ""condition"": """"}, {""year"": ""2030"", ""origin"": ""DAL"", ""type"": ""incoming"", ""tradeable"": null, ""condition"": ""If 21-30 (via WAS)""}, {""year"": ""2030"", ""origin"": ""GSW"", ""type"": ""own_conditional_review"", ""tradeable"": null, ""condition"": ""If 1-20""}, {""year"": ""2031"", ""origin"": ""GSW"", ""type"": ""own_outright"", ""tradeable"": true, ""condition"": """"}, {""year"": ""2032"", ""origin"": ""GSW"", ""type"": ""own_outright"", ""tradeable"": true, ""condition"": """"}, {""year"": ""2033"", ""origin"": ""GSW"", ""type"": ""own_outright"", ""tradeable"": true, ""condition"": """"}]",False,False,True,"{""2023-24"": true, ""2024-25"": true, ""2025-26"": true, ""2026-27"": false}",2026-06-09,computed from contracts + constants,
GSW,2028-29,base,base case,"{""player_options"": ""counted at value (on books until declined)"", ""team_options"": ""counted at value (exercised) by default; only curated likely-declines (TEAM_OPTION_LIKELY_DECLINED, analyst input) excluded. Amount does not determine intent."", ""nonguaranteed"": ""treated as guaranteed (guarantee dates are Pass-2)"", ""own_free_agents"": ""approx cap hold (prior AAV) in cap basis only; not in apron salary"", ""roster_charges"": ""apron basis filled to 12 at rookie min; cap basis counts holds toward the 12"", ""repeater"": ""taxpayer flag projected forward in future seasons (apron salary > tax line)""}",0,5370370,2735698,0,0,0,0,0,15550000,23656068,2,0,0,23656068,165251932,165251932,165251932,206468932,215742932,230511932,under_cap,False,False,False,True,False,True,tiered_125,True,True,True,True,True,True,0,0,False,none,,,,5,"[{""year"": ""2027"", ""origin"": ""GSW"", ""type"": ""own_outright"", ""tradeable"": false, ""condition"": """"}, {""year"": ""2028"", ""origin"": ""GSW"", ""type"": ""own_outright"", ""tradeable"": true, ""condition"": """"}, {""year"": ""2029"", ""origin"": ""GSW"", ""type"": ""own_outright"", ""tradeable"": true, ""condition"": """"}, {""year"": ""2030"", ""origin"": ""DAL"", ""type"": ""incoming"", ""tradeable"": null, ""condition"": ""If 21-30 (via WAS)""}, {""year"": ""2030"", ""origin"": ""GSW"", ""type"": ""own_conditional_review"", ""tradeable"": null, ""condition"": ""If 1-20""}, {""year"": ""2031"", ""origin"": ""GSW"", ""type"": ""own_outright"", ""tradeable"": true, ""condition"": """"}, {""year"": ""2032"", ""origin"": ""GSW"", ""type"": ""own_outright"", ""tradeable"": true, ""condition"": """"}, {""year"": ""2033"", ""origin"": ""GSW"", ""type"": ""own_outright"", ""tradeable"": true, ""condition"": """"}]",False,False,False,"{""2024-25"": true, ""2025-26"": true, ""2026-27"": false, ""2027-28"": false}",2026-06-09,computed from contracts + constants,
GSW,2029-30,base,base case,"{""player_options"": ""counted at value (on books until declined)"", ""team_options"": ""counted at value (exercised) by default; only curated likely-declines (TEAM_OPTION_LIKELY_DECLINED, analyst input) excluded. Amount does not determine intent."", ""nonguaranteed"": ""treated as guaranteed (guarantee dates are Pass-2)"", ""own_free_agents"": ""approx cap hold (prior AAV) in cap basis only; not in apron salary"", ""roster_charges"": ""apron basis filled to 12 at rookie min; cap basis counts holds toward the 12"", ""repeater"": ""taxpayer flag projected forward in future seasons (apron salary > tax line)""}",0,0,0,0,0,0,0,0,19968000,19968000,0,0,0,19968000,182164000,182164000,182164000,226266000,236189000,251992000,under_cap,False,False,False,True,False,True,tiered_125,True,True,True,True,True,True,0,0,False,none,,,,5,"[{""year"": ""2027"", ""origin"": ""GSW"", ""type"": ""own_outright"", ""tradeable"": false, ""condition"": """"}, {""year"": ""2028"", ""origin"": ""GSW"", ""type"": ""own_outright"", ""tradeable"": true, ""condition"": """"}, {""year"": ""2029"", ""origin"": ""GSW"", ""type"": ""own_outright"", ""tradeable"": true, ""condition"": """"}, {""year"": ""2030"", ""origin"": ""DAL"", ""type"": ""incoming"", ""tradeable"": null, ""condition"": ""If 21-30 (via WAS)""}, {""year"": ""2030"", ""origin"": ""GSW"", ""type"": ""own_conditional_review"", ""tradeable"": null, ""condition"": ""If 1-20""}, {""year"": ""2031"", ""origin"": ""GSW"", ""type"": ""own_outright"", ""tradeable"": true, ""condition"": """"}, {""year"": ""2032"", ""origin"": ""GSW"", ""type"": ""own_outright"", ""tradeable"": true, ""condition"": """"}, {""year"": ""2033"", ""origin"": ""GSW"", ""type"": ""own_outright"", ""tradeable"": true, ""condition"": """"}]",False,False,False,"{""2025-26"": true, ""2026-27"": false, ""2027-28"": false, ""2028-29"": false}",2026-06-09,computed from contracts + constants,
HOU,2026-27,base,base case,"{""player_options"": ""counted at value (on books until declined)"", ""team_options"": ""counted at value (exercised) by default; only curated likely-declines (TEAM_OPTION_LIKELY_DECLINED, analyst input) excluded. Amount does not determine intent."", ""nonguaranteed"": ""treated as guaranteed (guarantee dates are Pass-2)"", ""own_free_agents"": ""approx cap hold (prior AAV) in cap basis only; not in apron salary"", ""roster_charges"": ""apron basis filled to 12 at rookie min; cap basis counts holds toward the 12"", ""repeater"": ""taxpayer flag projected forward in future seasons (apron salary > tax line)""}",168024532,25000000,2584539,0,0,0,0,0,0,195609071,12,10,18232033,213841104,0,0,-48841104,5390929,13490929,26390929,over_cap_under_tax,False,True,False,False,True,True,tiered_125,True,True,True,True,True,True,0,0,False,none,,,,5,"[{""year"": ""2027"", ""origin"": ""BKN HOU"", ""type"": ""incoming_swap"", ""tradeable"": null, ""condition"": ""Or swap with HOU (via HOU swap for BKN)""}, {""year"": ""2027"", ""origin"": ""HOU BKN"", ""type"": ""own_conditional_review"", ""tradeable"": null, ""condition"": ""Or swap with BKN (via HOU swap for BKN)""}, {""year"": ""2027"", ""origin"": ""HOU"", ""type"": ""own_conditional_review"", ""tradeable"": null, ""condition"": ""(via BKN)""}, {""year"": ""2028"", ""origin"": ""HOU"", ""type"": ""own_outright"", ""tradeable"": true, ""condition"": """"}, {""year"": ""2029"", ""origin"": ""BKN"", ""type"": ""incoming"", ""tradeable"": null, ""condition"": ""Least favorable of DAL HOU and PHX then others to HOU""}, {""year"": ""2029"", ""origin"": ""HOU"", ""type"": ""own_conditional_review"", ""tradeable"": null, ""condition"": ""Two most favorable of BKN, DAL and PHX to HOU then other to BKN""}, {""year"": ""2029"", ""origin"": ""HOU"", ""type"": ""own_conditional_review"", ""tradeable"": null, ""condition"": ""Two most favorable of BKN, DAL and PHX to HOU then other to BKN""}, {""year"": ""2030"", ""origin"": ""HOU"", ""type"": ""own_outright"", ""tradeable"": true, ""condition"": """"}, {""year"": ""2031"", ""origin"": ""HOU"", ""type"": ""own_outright"", ""tradeable"": true, ""condition"": """"}, {""year"": ""2032"", ""origin"": ""HOU"", ""type"": ""own_outright"", ""tradeable"": true, ""condition"": """"}, {""year"": ""2033"", ""origin"": ""HOU"", ""type"": ""own_outright"", ""tradeable"": true, ""condition"": """"}]",False,False,False,"{""2022-23"": false, ""2023-24"": false, ""2024-25"": false, ""2025-26"": true}",2026-06-09,computed from contracts + constants,
HOU,2027-28,base,base case,"{""player_options"": ""counted at value (on books until declined)"", ""team_options"": ""counted at value (exercised) by default; only curated likely-declines (TEAM_OPTION_LIKELY_DECLINED, analyst input) excluded. Amount does not determine intent."", ""nonguaranteed"": ""treated as guaranteed (guarantee dates are Pass-2)"", ""own_free_agents"": ""approx cap hold (prior AAV) in cap basis only; not in apron salary"", ""roster_charges"": ""apron basis filled to 12 at rookie min; cap basis counts holds toward the 12"", ""repeater"": ""taxpayer flag projected forward in future seasons (apron salary > tax line)""}",109060226,46097561,14041624,0,0,0,0,0,5812000,175011411,8,6,0,175011411,1538589,1538589,1538589,40058589,48725589,62528589,under_cap,False,False,False,True,False,True,tiered_125,True,True,True,True,True,True,0,0,False,none,,,,5,"[{""year"": ""2027"", ""origin"": ""BKN HOU"", ""type"": ""incoming_swap"", ""tradeable"": null, ""condition"": ""Or swap with HOU (via HOU swap for BKN)""}, {""year"": ""2027"", ""origin"": ""HOU BKN"", ""type"": ""own_conditional_review"", ""tradeable"": null, ""condition"": ""Or swap with BKN (via HOU swap for BKN)""}, {""year"": ""2027"", ""origin"": ""HOU"", ""type"": ""own_conditional_review"", ""tradeable"": null, ""condition"": ""(via BKN)""}, {""year"": ""2028"", ""origin"": ""HOU"", ""type"": ""own_outright"", ""tradeable"": true, ""condition"": """"}, {""year"": ""2029"", ""origin"": ""BKN"", ""type"": ""incoming"", ""tradeable"": null, ""condition"": ""Least favorable of DAL HOU and PHX then others to HOU""}, {""year"": ""2029"", ""origin"": ""HOU"", ""type"": ""own_conditional_review"", ""tradeable"": null, ""condition"": ""Two most favorable of BKN, DAL and PHX to HOU then other to BKN""}, {""year"": ""2029"", ""origin"": ""HOU"", ""type"": ""own_conditional_review"", ""tradeable"": null, ""condition"": ""Two most favorable of BKN, DAL and PHX to HOU then other to BKN""}, {""year"": ""2030"", ""origin"": ""HOU"", ""type"": ""own_outright"", ""tradeable"": true, ""condition"": """"}, {""year"": ""2031"", ""origin"": ""HOU"", ""type"": ""own_outright"", ""tradeable"": true, ""condition"": """"}, {""year"": ""2032"", ""origin"": ""HOU"", ""type"": ""own_outright"", ""tradeable"": true, ""condition"": """"}, {""year"": ""2033"", ""origin"": ""HOU"", ""type"": ""own_outright"", ""tradeable"": true, ""condition"": """"}]",False,False,False,"{""2023-24"": false, ""2024-25"": false, ""2025-26"": true, ""2026-27"": false}",2026-06-09,computed from contracts + constants,
HOU,2028-29,base,base case,"{""player_options"": ""counted at value (on books until declined)"", ""team_options"": ""counted at value (exercised) by default; only curated likely-declines (TEAM_OPTION_LIKELY_DECLINED, analyst input) excluded. Amount does not determine intent."", ""nonguaranteed"": ""treated as guaranteed (guarantee dates are Pass-2)"", ""own_free_agents"": ""approx cap hold (prior AAV) in cap basis only; not in apron salary"", ""roster_charges"": ""apron basis filled to 12 at rookie min; cap basis counts holds toward the 12"", ""repeater"": ""taxpayer flag projected forward in future seasons (apron salary > tax line)""}",82506881,13335000,0,0,0,0,0,0,12440000,108281881,4,3,0,108281881,80626119,80626119,80626119,121843119,131117119,145886119,under_cap,False,False,False,True,False,True,tiered_125,True,True,True,True,True,True,0,0,False,none,,,,5,"[{""year"": ""2027"", ""origin"": ""BKN HOU"", ""type"": ""incoming_swap"", ""tradeable"": null, ""condition"": ""Or swap with HOU (via HOU swap for BKN)""}, {""year"": ""2027"", ""origin"": ""HOU BKN"", ""type"": ""own_conditional_review"", ""tradeable"": null, ""condition"": ""Or swap with BKN (via HOU swap for BKN)""}, {""year"": ""2027"", ""origin"": ""HOU"", ""type"": ""own_conditional_review"", ""tradeable"": null, ""condition"": ""(via BKN)""}, {""year"": ""2028"", ""origin"": ""HOU"", ""type"": ""own_outright"", ""tradeable"": true, ""condition"": """"}, {""year"": ""2029"", ""origin"": ""BKN"", ""type"": ""incoming"", ""tradeable"": null, ""condition"": ""Least favorable of DAL HOU and PHX then others to HOU""}, {""year"": ""2029"", ""origin"": ""HOU"", ""type"": ""own_conditional_review"", ""tradeable"": null, ""condition"": ""Two most favorable of BKN, DAL and PHX to HOU then other to BKN""}, {""year"": ""2029"", ""origin"": ""HOU"", ""type"": ""own_conditional_review"", ""tradeable"": null, ""condition"": ""Two most favorable of BKN, DAL and PHX to HOU then other to BKN""}, {""year"": ""2030"", ""origin"": ""HOU"", ""type"": ""own_outright"", ""tradeable"": true, ""condition"": """"}, {""year"": ""2031"", ""origin"": ""HOU"", ""type"": ""own_outright"", ""tradeable"": true, ""condition"": """"}, {""year"": ""2032"", ""origin"": ""HOU"", ""type"": ""own_outright"", ""tradeable"": true, ""condition"": """"}, {""year"": ""2033"", ""origin"": ""HOU"", ""type"": ""own_outright"", ""tradeable"": true, ""condition"": """"}]",False,False,False,"{""2024-25"": false, ""2025-26"": true, ""2026-27"": false, ""2027-28"": false}",2026-06-09,computed from contracts + constants,
HOU,2029-30,base,base case,"{""player_options"": ""counted at value (on books until declined)"", ""team_options"": ""counted at value (exercised) by default; only curated likely-declines (TEAM_OPTION_LIKELY_DECLINED, analyst input) excluded. Amount does not determine intent."", ""nonguaranteed"": ""treated as guaranteed (guarantee dates are Pass-2)"", ""own_free_agents"": ""approx cap hold (prior AAV) in cap basis only; not in apron salary"", ""roster_charges"": ""apron basis filled to 12 at rookie min; cap basis counts holds toward the 12"", ""repeater"": ""taxpayer flag projected forward in future seasons (apron salary > tax line)""}",25534883,39036697,0,0,0,0,0,0,16640000,81211580,2,1,0,81211580,120920420,120920420,120920420,165022420,174945420,190748420,under_cap,False,False,False,True,False,True,tiered_125,True,True,True,True,True,True,0,0,False,none,,,,5,"[{""year"": ""2027"", ""origin"": ""BKN HOU"", ""type"": ""incoming_swap"", ""tradeable"": null, ""condition"": ""Or swap with HOU (via HOU swap for BKN)""}, {""year"": ""2027"", ""origin"": ""HOU BKN"", ""type"": ""own_conditional_review"", ""tradeable"": null, ""condition"": ""Or swap with BKN (via HOU swap for BKN)""}, {""year"": ""2027"", ""origin"": ""HOU"", ""type"": ""own_conditional_review"", ""tradeable"": null, ""condition"": ""(via BKN)""}, {""year"": ""2028"", ""origin"": ""HOU"", ""type"": ""own_outright"", ""tradeable"": true, ""condition"": """"}, {""year"": ""2029"", ""origin"": ""BKN"", ""type"": ""incoming"", ""tradeable"": null, ""condition"": ""Least favorable of DAL HOU and PHX then others to HOU""}, {""year"": ""2029"", ""origin"": ""HOU"", ""type"": ""own_conditional_review"", ""tradeable"": null, ""condition"": ""Two most favorable of BKN, DAL and PHX to HOU then other to BKN""}, {""year"": ""2029"", ""origin"": ""HOU"", ""type"": ""own_conditional_review"", ""tradeable"": null, ""condition"": ""Two most favorable of BKN, DAL and PHX to HOU then other to BKN""}, {""year"": ""2030"", ""origin"": ""HOU"", ""type"": ""own_outright"", ""tradeable"": true, ""condition"": """"}, {""year"": ""2031"", ""origin"": ""HOU"", ""type"": ""own_outright"", ""tradeable"": true, ""condition"": """"}, {""year"": ""2032"", ""origin"": ""HOU"", ""type"": ""own_outright"", ""tradeable"": true, ""condition"": """"}, {""year"": ""2033"", ""origin"": ""HOU"", ""type"": ""own_outright"", ""tradeable"": true, ""condition"": """"}]",False,False,False,"{""2025-26"": true, ""2026-27"": false, ""2027-28"": false, ""2028-29"": false}",2026-06-09,computed from contracts + constants,
IND,2026-27,base,base case,"{""player_options"": ""counted at value (on books until declined)"", ""team_options"": ""counted at value (exercised) by default; only curated likely-declines (TEAM_OPTION_LIKELY_DECLINED, analyst input) excluded. Amount does not determine intent."", ""nonguaranteed"": ""treated as guaranteed (guarantee dates are Pass-2)"", ""own_free_agents"": ""approx cap hold (prior AAV) in cap basis only; not in apron salary"", ""roster_charges"": ""apron basis filled to 12 at rookie min; cap basis counts holds toward the 12"", ""repeater"": ""taxpayer flag projected forward in future seasons (apron salary > tax line)""}",197159303,0,2801346,0,0,0,0,0,0,199960649,14,13,160938,200121587,0,0,-35121587,1039351,9139351,22039351,over_cap_under_tax,False,True,False,False,True,True,tiered_125,True,True,True,True,True,True,0,0,False,none,,,,5,"[{""year"": ""2027"", ""origin"": ""IND"", ""type"": ""own_outright"", ""tradeable"": false, ""condition"": """"}, {""year"": ""2028"", ""origin"": ""IND"", ""type"": ""own_outright"", ""tradeable"": true, ""condition"": """"}, {""year"": ""2029"", ""origin"": ""LAC"", ""type"": ""incoming"", ""tradeable"": null, ""condition"": """"}, {""year"": ""2030"", ""origin"": ""IND"", ""type"": ""own_outright"", ""tradeable"": true, ""condition"": """"}, {""year"": ""2031"", ""origin"": ""IND"", ""type"": ""own_outright"", ""tradeable"": true, ""condition"": """"}, {""year"": ""2032"", ""origin"": ""IND"", ""type"": ""own_outright"", ""tradeable"": true, ""condition"": """"}, {""year"": ""2033"", ""origin"": ""IND"", ""type"": ""own_outright"", ""tradeable"": true, ""condition"": """"}]",False,False,False,"{""2022-23"": false, ""2023-24"": false, ""2024-25"": false, ""2025-26"": false}",2026-06-09,computed from contracts + constants,
IND,2027-28,base,base case,"{""player_options"": ""counted at value (on books until declined)"", ""team_options"": ""counted at value (exercised) by default; only curated likely-declines (TEAM_OPTION_LIKELY_DECLINED, analyst input) excluded. Amount does not determine intent."", ""nonguaranteed"": ""treated as guaranteed (guarantee dates are Pass-2)"", ""own_free_agents"": ""approx cap hold (prior AAV) in cap basis only; not in apron salary"", ""roster_charges"": ""apron basis filled to 12 at rookie min; cap basis counts holds toward the 12"", ""repeater"": ""taxpayer flag projected forward in future seasons (apron salary > tax line)""}",216570119,0,8426822,0,0,0,0,0,0,224996941,13,10,0,224996941,0,0,-48446941,-9926941,-1259941,12543059,first_apron,True,False,True,False,False,True,pct_110,True,True,False,True,True,False,0,0,False,none,,,,5,"[{""year"": ""2027"", ""origin"": ""IND"", ""type"": ""own_outright"", ""tradeable"": false, ""condition"": """"}, {""year"": ""2028"", ""origin"": ""IND"", ""type"": ""own_outright"", ""tradeable"": true, ""condition"": """"}, {""year"": ""2029"", ""origin"": ""LAC"", ""type"": ""incoming"", ""tradeable"": null, ""condition"": """"}, {""year"": ""2030"", ""origin"": ""IND"", ""type"": ""own_outright"", ""tradeable"": true, ""condition"": """"}, {""year"": ""2031"", ""origin"": ""IND"", ""type"": ""own_outright"", ""tradeable"": true, ""condition"": """"}, {""year"": ""2032"", ""origin"": ""IND"", ""type"": ""own_outright"", ""tradeable"": true, ""condition"": """"}, {""year"": ""2033"", ""origin"": ""IND"", ""type"": ""own_outright"", ""tradeable"": true, ""condition"": """"}]",False,True,False,"{""2023-24"": false, ""2024-25"": false, ""2025-26"": false, ""2026-27"": false}",2026-06-09,computed from contracts + constants,
IND,2028-29,base,base case,"{""player_options"": ""counted at value (on books until declined)"", ""team_options"": ""counted at value (exercised) by default; only curated likely-declines (TEAM_OPTION_LIKELY_DECLINED, analyst input) excluded. Amount does not determine intent."", ""nonguaranteed"": ""treated as guaranteed (guarantee dates are Pass-2)"", ""own_free_agents"": ""approx cap hold (prior AAV) in cap basis only; not in apron salary"", ""roster_charges"": ""apron basis filled to 12 at rookie min; cap basis counts holds toward the 12"", ""repeater"": ""taxpayer flag projected forward in future seasons (apron salary > tax line)""}",76644288,0,14535698,0,0,0,0,0,12440000,103619986,4,2,0,103619986,85288014,85288014,85288014,126505014,135779014,150548014,under_cap,False,False,False,True,False,True,tiered_125,True,True,True,True,True,True,0,0,False,none,,,,5,"[{""year"": ""2027"", ""origin"": ""IND"", ""type"": ""own_outright"", ""tradeable"": false, ""condition"": """"}, {""year"": ""2028"", ""origin"": ""IND"", ""type"": ""own_outright"", ""tradeable"": true, ""condition"": """"}, {""year"": ""2029"", ""origin"": ""LAC"", ""type"": ""incoming"", ""tradeable"": null, ""condition"": """"}, {""year"": ""2030"", ""origin"": ""IND"", ""type"": ""own_outright"", ""tradeable"": true, ""condition"": """"}, {""year"": ""2031"", ""origin"": ""IND"", ""type"": ""own_outright"", ""tradeable"": true, ""condition"": """"}, {""year"": ""2032"", ""origin"": ""IND"", ""type"": ""own_outright"", ""tradeable"": true, ""condition"": """"}, {""year"": ""2033"", ""origin"": ""IND"", ""type"": ""own_outright"", ""tradeable"": true, ""condition"": """"}]",False,False,False,"{""2024-25"": false, ""2025-26"": false, ""2026-27"": false, ""2027-28"": true}",2026-06-09,computed from contracts + constants,
IND,2029-30,base,base case,"{""player_options"": ""counted at value (on books until declined)"", ""team_options"": ""counted at value (exercised) by default; only curated likely-declines (TEAM_OPTION_LIKELY_DECLINED, analyst input) excluded. Amount does not determine intent."", ""nonguaranteed"": ""treated as guaranteed (guarantee dates are Pass-2)"", ""own_free_agents"": ""approx cap hold (prior AAV) in cap basis only; not in apron salary"", ""roster_charges"": ""apron basis filled to 12 at rookie min; cap basis counts holds toward the 12"", ""repeater"": ""taxpayer flag projected forward in future seasons (apron salary > tax line)""}",0,0,0,0,0,0,0,0,19968000,19968000,0,0,0,19968000,182164000,182164000,182164000,226266000,236189000,251992000,under_cap,False,False,False,True,False,True,tiered_125,True,True,True,True,True,True,0,0,False,none,,,,5,"[{""year"": ""2027"", ""origin"": ""IND"", ""type"": ""own_outright"", ""tradeable"": false, ""condition"": """"}, {""year"": ""2028"", ""origin"": ""IND"", ""type"": ""own_outright"", ""tradeable"": true, ""condition"": """"}, {""year"": ""2029"", ""origin"": ""LAC"", ""type"": ""incoming"", ""tradeable"": null, ""condition"": """"}, {""year"": ""2030"", ""origin"": ""IND"", ""type"": ""own_outright"", ""tradeable"": true, ""condition"": """"}, {""year"": ""2031"", ""origin"": ""IND"", ""type"": ""own_outright"", ""tradeable"": true, ""condition"": """"}, {""year"": ""2032"", ""origin"": ""IND"", ""type"": ""own_outright"", ""tradeable"": true, ""condition"": """"}, {""year"": ""2033"", ""origin"": ""IND"", ""type"": ""own_outright"", ""tradeable"": true, ""condition"": """"}]",False,False,False,"{""2025-26"": false, ""2026-27"": false, ""2027-28"": true, ""2028-29"": false}",2026-06-09,computed from contracts + constants,
LAC,2026-27,base,base case,"{""player_options"": ""counted at value (on books until declined)"", ""team_options"": ""counted at value (exercised) by default; only curated likely-declines (TEAM_OPTION_LIKELY_DECLINED, analyst input) excluded. Amount does not determine intent."", ""nonguaranteed"": ""treated as guaranteed (guarantee dates are Pass-2)"", ""own_free_agents"": ""approx cap hold (prior AAV) in cap basis only; not in apron salary"", ""roster_charges"": ""apron basis filled to 12 at rookie min; cap basis counts holds toward the 12"", ""repeater"": ""taxpayer flag projected forward in future seasons (apron salary > tax line)""}",127376153,5621700,41422709,0,0,0,0,0,0,174420562,14,7,32868099,207288661,0,0,-42288661,26579438,34679438,47579438,over_cap_under_tax,False,True,False,False,True,True,tiered_125,True,True,True,True,True,True,0,0,False,none,,,,5,"[{""year"": ""2027"", ""origin"": ""OKC"", ""type"": ""incoming_swap"", ""tradeable"": null, ""condition"": ""Two most favorable of DEN 6-30, LAC and OKC (via OKC swap for LAC)""}, {""year"": ""2027"", ""origin"": ""LAC"", ""type"": ""own_conditional_review"", ""tradeable"": null, ""condition"": ""Two most favorable of DEN 6-30, LAC and OKC (via OKC swap for LAC)""}, {""year"": ""2028"", ""origin"": ""PHI"", ""type"": ""incoming"", ""tradeable"": null, ""condition"": """"}, {""year"": ""2029"", ""origin"": ""PHI LAC"", ""type"": ""incoming_swap"", ""tradeable"": null, ""condition"": ""Or swap with LAC 4-30 (via PHI swap for LAC)""}, {""year"": ""2029"", ""origin"": ""LAC PHI"", ""type"": ""own_conditional_review"", ""tradeable"": null, ""condition"": ""Or swap 4-30 with PHI (via PHI swap for LAC)""}, {""year"": ""2029"", ""origin"": ""LAC"", ""type"": ""own_outright"", ""tradeable"": true, ""condition"": """"}, {""year"": ""2030"", ""origin"": ""LAC"", ""type"": ""own_outright"", ""tradeable"": true, ""condition"": """"}, {""year"": ""2031"", ""origin"": ""LAC"", ""type"": ""own_outright"", ""tradeable"": true, ""condition"": """"}, {""year"": ""2032"", ""origin"": ""LAC"", ""type"": ""own_outright"", ""tradeable"": true, ""condition"": """"}, {""year"": ""2033"", ""origin"": ""LAC"", ""type"": ""own_outright"", ""tradeable"": true, ""condition"": """"}]",False,False,True,"{""2022-23"": true, ""2023-24"": true, ""2024-25"": false, ""2025-26"": true}",2026-06-09,computed from contracts + constants,
LAC,2027-28,base,base case,"{""player_options"": ""counted at value (on books until declined)"", ""team_options"": ""counted at value (exercised) by default; only curated likely-declines (TEAM_OPTION_LIKELY_DECLINED, analyst input) excluded. Amount does not determine intent."", ""nonguaranteed"": ""treated as guaranteed (guarantee dates are Pass-2)"", ""own_free_agents"": ""approx cap hold (prior AAV) in cap basis only; not in apron salary"", ""roster_charges"": ""apron basis filled to 12 at rookie min; cap basis counts holds toward the 12"", ""repeater"": ""taxpayer flag projected forward in future seasons (apron salary > tax line)""}",51286930,0,5505475,0,0,0,0,0,11624000,68416405,4,2,0,68416405,108133595,108133595,108133595,146653595,155320595,169123595,under_cap,False,False,False,True,False,True,tiered_125,True,True,True,True,True,True,0,0,False,none,,,,5,"[{""year"": ""2027"", ""origin"": ""OKC"", ""type"": ""incoming_swap"", ""tradeable"": null, ""condition"": ""Two most favorable of DEN 6-30, LAC and OKC (via OKC swap for LAC)""}, {""year"": ""2027"", ""origin"": ""LAC"", ""type"": ""own_conditional_review"", ""tradeable"": null, ""condition"": ""Two most favorable of DEN 6-30, LAC and OKC (via OKC swap for LAC)""}, {""year"": ""2028"", ""origin"": ""PHI"", ""type"": ""incoming"", ""tradeable"": null, ""condition"": """"}, {""year"": ""2029"", ""origin"": ""PHI LAC"", ""type"": ""incoming_swap"", ""tradeable"": null, ""condition"": ""Or swap with LAC 4-30 (via PHI swap for LAC)""}, {""year"": ""2029"", ""origin"": ""LAC PHI"", ""type"": ""own_conditional_review"", ""tradeable"": null, ""condition"": ""Or swap 4-30 with PHI (via PHI swap for LAC)""}, {""year"": ""2029"", ""origin"": ""LAC"", ""type"": ""own_outright"", ""tradeable"": true, ""condition"": """"}, {""year"": ""2030"", ""origin"": ""LAC"", ""type"": ""own_outright"", ""tradeable"": true, ""condition"": """"}, {""year"": ""2031"", ""origin"": ""LAC"", ""type"": ""own_outright"", ""tradeable"": true, ""condition"": """"}, {""year"": ""2032"", ""origin"": ""LAC"", ""type"": ""own_outright"", ""tradeable"": true, ""condition"": """"}, {""year"": ""2033"", ""origin"": ""LAC"", ""type"": ""own_outright"", ""tradeable"": true, ""condition"": """"}]",False,False,False,"{""2023-24"": true, ""2024-25"": false, ""2025-26"": true, ""2026-27"": false}",2026-06-09,computed from contracts + constants,
LAC,2028-29,base,base case,"{""player_options"": ""counted at value (on books until declined)"", ""team_options"": ""counted at value (exercised) by default; only curated likely-declines (TEAM_OPTION_LIKELY_DECLINED, analyst input) excluded. Amount does not determine intent."", ""nonguaranteed"": ""treated as guaranteed (guarantee dates are Pass-2)"", ""own_free_agents"": ""approx cap hold (prior AAV) in cap basis only; not in apron salary"", ""roster_charges"": ""apron basis filled to 12 at rookie min; cap basis counts holds toward the 12"", ""repeater"": ""taxpayer flag projected forward in future seasons (apron salary > tax line)""}",5448356,0,0,0,0,0,0,0,17105000,22553356,1,1,0,22553356,166354644,166354644,166354644,207571644,216845644,231614644,under_cap,False,False,False,True,False,True,tiered_125,True,True,True,True,True,True,0,0,False,none,,,,5,"[{""year"": ""2027"", ""origin"": ""OKC"", ""type"": ""incoming_swap"", ""tradeable"": null, ""condition"": ""Two most favorable of DEN 6-30, LAC and OKC (via OKC swap for LAC)""}, {""year"": ""2027"", ""origin"": ""LAC"", ""type"": ""own_conditional_review"", ""tradeable"": null, ""condition"": ""Two most favorable of DEN 6-30, LAC and OKC (via OKC swap for LAC)""}, {""year"": ""2028"", ""origin"": ""PHI"", ""type"": ""incoming"", ""tradeable"": null, ""condition"": """"}, {""year"": ""2029"", ""origin"": ""PHI LAC"", ""type"": ""incoming_swap"", ""tradeable"": null, ""condition"": ""Or swap with LAC 4-30 (via PHI swap for LAC)""}, {""year"": ""2029"", ""origin"": ""LAC PHI"", ""type"": ""own_conditional_review"", ""tradeable"": null, ""condition"": ""Or swap 4-30 with PHI (via PHI swap for LAC)""}, {""year"": ""2029"", ""origin"": ""LAC"", ""type"": ""own_outright"", ""tradeable"": true, ""condition"": """"}, {""year"": ""2030"", ""origin"": ""LAC"", ""type"": ""own_outright"", ""tradeable"": true, ""condition"": """"}, {""year"": ""2031"", ""origin"": ""LAC"", ""type"": ""own_outright"", ""tradeable"": true, ""condition"": """"}, {""year"": ""2032"", ""origin"": ""LAC"", ""type"": ""own_outright"", ""tradeable"": true, ""condition"": """"}, {""year"": ""2033"", ""origin"": ""LAC"", ""type"": ""own_outright"", ""tradeable"": true, ""condition"": """"}]",False,False,False,"{""2024-25"": false, ""2025-26"": true, ""2026-27"": false, ""2027-28"": false}",2026-06-09,computed from contracts + constants,
LAC,2029-30,base,base case,"{""player_options"": ""counted at value (on books until declined)"", ""team_options"": ""counted at value (exercised) by default; only curated likely-declines (TEAM_OPTION_LIKELY_DECLINED, analyst input) excluded. Amount does not determine intent."", ""nonguaranteed"": ""treated as guaranteed (guarantee dates are Pass-2)"", ""own_free_agents"": ""approx cap hold (prior AAV) in cap basis only; not in apron salary"", ""roster_charges"": ""apron basis filled to 12 at rookie min; cap basis counts holds toward the 12"", ""repeater"": ""taxpayer flag projected forward in future seasons (apron salary > tax line)""}",8717370,0,0,0,0,0,0,0,18304000,27021370,1,1,0,27021370,175110630,175110630,175110630,219212630,229135630,244938630,under_cap,False,False,False,True,False,True,tiered_125,True,True,True,True,True,True,0,0,False,none,,,,5,"[{""year"": ""2027"", ""origin"": ""OKC"", ""type"": ""incoming_swap"", ""tradeable"": null, ""condition"": ""Two most favorable of DEN 6-30, LAC and OKC (via OKC swap for LAC)""}, {""year"": ""2027"", ""origin"": ""LAC"", ""type"": ""own_conditional_review"", ""tradeable"": null, ""condition"": ""Two most favorable of DEN 6-30, LAC and OKC (via OKC swap for LAC)""}, {""year"": ""2028"", ""origin"": ""PHI"", ""type"": ""incoming"", ""tradeable"": null, ""condition"": """"}, {""year"": ""2029"", ""origin"": ""PHI LAC"", ""type"": ""incoming_swap"", ""tradeable"": null, ""condition"": ""Or swap with LAC 4-30 (via PHI swap for LAC)""}, {""year"": ""2029"", ""origin"": ""LAC PHI"", ""type"": ""own_conditional_review"", ""tradeable"": null, ""condition"": ""Or swap 4-30 with PHI (via PHI swap for LAC)""}, {""year"": ""2029"", ""origin"": ""LAC"", ""type"": ""own_outright"", ""tradeable"": true, ""condition"": """"}, {""year"": ""2030"", ""origin"": ""LAC"", ""type"": ""own_outright"", ""tradeable"": true, ""condition"": """"}, {""year"": ""2031"", ""origin"": ""LAC"", ""type"": ""own_outright"", ""tradeable"": true, ""condition"": """"}, {""year"": ""2032"", ""origin"": ""LAC"", ""type"": ""own_outright"", ""tradeable"": true, ""condition"": """"}, {""year"": ""2033"", ""origin"": ""LAC"", ""type"": ""own_outright"", ""tradeable"": true, ""condition"": """"}]",False,False,False,"{""2025-26"": true, ""2026-27"": false, ""2027-28"": false, ""2028-29"": false}",2026-06-09,computed from contracts + constants,
LAL,2026-27,base,base case,"{""player_options"": ""counted at value (on books until declined)"", ""team_options"": ""counted at value (exercised) by default; only curated likely-declines (TEAM_OPTION_LIKELY_DECLINED, analyst input) excluded. Amount does not determine intent."", ""nonguaranteed"": ""treated as guaranteed (guarantee dates are Pass-2)"", ""own_free_agents"": ""approx cap hold (prior AAV) in cap basis only; not in apron salary"", ""roster_charges"": ""apron basis filled to 12 at rookie min; cap basis counts holds toward the 12"", ""repeater"": ""taxpayer flag projected forward in future seasons (apron salary > tax line)""}",78110439,28393486,2497812,0,0,0,0,0,2716000,111717737,10,6,93127322,202129059,0,53282263,-37129059,89282263,97382263,110282263,over_cap_under_tax,False,True,False,False,True,True,tiered_125,True,True,True,True,True,True,0,0,False,none,,,,5,"[{""year"": ""2027"", ""origin"": ""MEM"", ""type"": ""incoming"", ""tradeable"": null, ""condition"": ""If 5-30 (via UTA)""}, {""year"": ""2027"", ""origin"": ""LAL"", ""type"": ""own_conditional_review"", ""tradeable"": null, ""condition"": ""If 1-4""}, {""year"": ""2028"", ""origin"": ""LAL"", ""type"": ""own_outright"", ""tradeable"": true, ""condition"": """"}, {""year"": ""2029"", ""origin"": ""DAL"", ""type"": ""incoming"", ""tradeable"": null, ""condition"": """"}, {""year"": ""2030"", ""origin"": ""LAL"", ""type"": ""own_outright"", ""tradeable"": true, ""condition"": """"}, {""year"": ""2031"", ""origin"": ""LAL"", ""type"": ""own_outright"", ""tradeable"": true, ""condition"": """"}, {""year"": ""2032"", ""origin"": ""LAL"", ""type"": ""own_outright"", ""tradeable"": true, ""condition"": """"}, {""year"": ""2033"", ""origin"": ""LAL"", ""type"": ""own_outright"", ""tradeable"": true, ""condition"": """"}]",False,False,True,"{""2022-23"": true, ""2023-24"": true, ""2024-25"": true, ""2025-26"": true}",2026-06-09,computed from contracts + constants,
LAL,2027-28,base,base case,"{""player_options"": ""counted at value (on books until declined)"", ""team_options"": ""counted at value (exercised) by default; only curated likely-declines (TEAM_OPTION_LIKELY_DECLINED, analyst input) excluded. Amount does not determine intent."", ""nonguaranteed"": ""treated as guaranteed (guarantee dates are Pass-2)"", ""own_free_agents"": ""approx cap hold (prior AAV) in cap basis only; not in apron salary"", ""roster_charges"": ""apron basis filled to 12 at rookie min; cap basis counts holds toward the 12"", ""repeater"": ""taxpayer flag projected forward in future seasons (apron salary > tax line)""}",55116288,13285714,11465755,0,0,0,0,0,10171000,90038757,5,1,0,90038757,86511243,86511243,86511243,125031243,133698243,147501243,under_cap,False,False,False,True,False,True,tiered_125,True,True,True,True,True,True,0,0,False,none,,,,5,"[{""year"": ""2027"", ""origin"": ""MEM"", ""type"": ""incoming"", ""tradeable"": null, ""condition"": ""If 5-30 (via UTA)""}, {""year"": ""2027"", ""origin"": ""LAL"", ""type"": ""own_conditional_review"", ""tradeable"": null, ""condition"": ""If 1-4""}, {""year"": ""2028"", ""origin"": ""LAL"", ""type"": ""own_outright"", ""tradeable"": true, ""condition"": """"}, {""year"": ""2029"", ""origin"": ""DAL"", ""type"": ""incoming"", ""tradeable"": null, ""condition"": """"}, {""year"": ""2030"", ""origin"": ""LAL"", ""type"": ""own_outright"", ""tradeable"": true, ""condition"": """"}, {""year"": ""2031"", ""origin"": ""LAL"", ""type"": ""own_outright"", ""tradeable"": true, ""condition"": """"}, {""year"": ""2032"", ""origin"": ""LAL"", ""type"": ""own_outright"", ""tradeable"": true, ""condition"": """"}, {""year"": ""2033"", ""origin"": ""LAL"", ""type"": ""own_outright"", ""tradeable"": true, ""condition"": """"}]",False,False,True,"{""2023-24"": true, ""2024-25"": true, ""2025-26"": true, ""2026-27"": false}",2026-06-09,computed from contracts + constants,
LAL,2028-29,base,base case,"{""player_options"": ""counted at value (on books until declined)"", ""team_options"": ""counted at value (exercised) by default; only curated likely-declines (TEAM_OPTION_LIKELY_DECLINED, analyst input) excluded. Amount does not determine intent."", ""nonguaranteed"": ""treated as guaranteed (guarantee dates are Pass-2)"", ""own_free_agents"": ""approx cap hold (prior AAV) in cap basis only; not in apron salary"", ""roster_charges"": ""apron basis filled to 12 at rookie min; cap basis counts holds toward the 12"", ""repeater"": ""taxpayer flag projected forward in future seasons (apron salary > tax line)""}",9756722,59198976,0,0,0,0,0,0,15550000,84505698,2,1,0,84505698,104402302,104402302,104402302,145619302,154893302,169662302,under_cap,False,False,False,True,False,True,tiered_125,True,True,True,True,True,True,0,0,False,none,,,,5,"[{""year"": ""2027"", ""origin"": ""MEM"", ""type"": ""incoming"", ""tradeable"": null, ""condition"": ""If 5-30 (via UTA)""}, {""year"": ""2027"", ""origin"": ""LAL"", ""type"": ""own_conditional_review"", ""tradeable"": null, ""condition"": ""If 1-4""}, {""year"": ""2028"", ""origin"": ""LAL"", ""type"": ""own_outright"", ""tradeable"": true, ""condition"": """"}, {""year"": ""2029"", ""origin"": ""DAL"", ""type"": ""incoming"", ""tradeable"": null, ""condition"": """"}, {""year"": ""2030"", ""origin"": ""LAL"", ""type"": ""own_outright"", ""tradeable"": true, ""condition"": """"}, {""year"": ""2031"", ""origin"": ""LAL"", ""type"": ""own_outright"", ""tradeable"": true, ""condition"": """"}, {""year"": ""2032"", ""origin"": ""LAL"", ""type"": ""own_outright"", ""tradeable"": true, ""condition"": """"}, {""year"": ""2033"", ""origin"": ""LAL"", ""type"": ""own_outright"", ""tradeable"": true, ""condition"": """"}]",False,False,False,"{""2024-25"": true, ""2025-26"": true, ""2026-27"": false, ""2027-28"": false}",2026-06-09,computed from contracts + constants,
LAL,2029-30,base,base case,"{""player_options"": ""counted at value (on books until declined)"", ""team_options"": ""counted at value (exercised) by default; only curated likely-declines (TEAM_OPTION_LIKELY_DECLINED, analyst input) excluded. Amount does not determine intent."", ""nonguaranteed"": ""treated as guaranteed (guarantee dates are Pass-2)"", ""own_free_agents"": ""approx cap hold (prior AAV) in cap basis only; not in apron salary"", ""roster_charges"": ""apron basis filled to 12 at rookie min; cap basis counts holds toward the 12"", ""repeater"": ""taxpayer flag projected forward in future seasons (apron salary > tax line)""}",0,0,0,0,0,0,0,0,19968000,19968000,0,0,0,19968000,182164000,182164000,182164000,226266000,236189000,251992000,under_cap,False,False,False,True,False,True,tiered_125,True,True,True,True,True,True,0,0,False,none,,,,5,"[{""year"": ""2027"", ""origin"": ""MEM"", ""type"": ""incoming"", ""tradeable"": null, ""condition"": ""If 5-30 (via UTA)""}, {""year"": ""2027"", ""origin"": ""LAL"", ""type"": ""own_conditional_review"", ""tradeable"": null, ""condition"": ""If 1-4""}, {""year"": ""2028"", ""origin"": ""LAL"", ""type"": ""own_outright"", ""tradeable"": true, ""condition"": """"}, {""year"": ""2029"", ""origin"": ""DAL"", ""type"": ""incoming"", ""tradeable"": null, ""condition"": """"}, {""year"": ""2030"", ""origin"": ""LAL"", ""type"": ""own_outright"", ""tradeable"": true, ""condition"": """"}, {""year"": ""2031"", ""origin"": ""LAL"", ""type"": ""own_outright"", ""tradeable"": true, ""condition"": """"}, {""year"": ""2032"", ""origin"": ""LAL"", ""type"": ""own_outright"", ""tradeable"": true, ""condition"": """"}, {""year"": ""2033"", ""origin"": ""LAL"", ""type"": ""own_outright"", ""tradeable"": true, ""condition"": """"}]",False,False,False,"{""2025-26"": true, ""2026-27"": false, ""2027-28"": false, ""2028-29"": false}",2026-06-09,computed from contracts + constants,
MEM,2026-27,base,base case,"{""player_options"": ""counted at value (on books until declined)"", ""team_options"": ""counted at value (exercised) by default; only curated likely-declines (TEAM_OPTION_LIKELY_DECLINED, analyst input) excluded. Amount does not determine intent."", ""nonguaranteed"": ""treated as guaranteed (guarantee dates are Pass-2)"", ""own_free_agents"": ""approx cap hold (prior AAV) in cap basis only; not in apron salary"", ""roster_charges"": ""apron basis filled to 12 at rookie min; cap basis counts holds toward the 12"", ""repeater"": ""taxpayer flag projected forward in future seasons (apron salary > tax line)""}",117235778,21621500,8704017,0,0,0,0,0,0,147561295,18,14,3257212,150818507,14181493,17438705,14181493,53438705,61538705,74438705,under_cap,False,False,False,True,False,True,tiered_125,True,True,True,True,True,True,28872920,28872920,False,none,,,,6,"[{""year"": ""2027"", ""origin"": ""LAL"", ""type"": ""incoming"", ""tradeable"": null, ""condition"": ""If 1-4""}, {""year"": ""2027"", ""origin"": ""MEM"", ""type"": ""own_conditional_review"", ""tradeable"": null, ""condition"": ""If 5-30 (via UTA)""}, {""year"": ""2027"", ""origin"": ""MEM"", ""type"": ""own_conditional_review"", ""tradeable"": null, ""condition"": ""Most favorable of CLE, MIN and UTA then others to PHX and UTA (via UTA)""}, {""year"": ""2027"", ""origin"": ""MEM"", ""type"": ""own_outright"", ""tradeable"": false, ""condition"": """"}, {""year"": ""2028"", ""origin"": ""MEM"", ""type"": ""own_outright"", ""tradeable"": true, ""condition"": """"}, {""year"": ""2029"", ""origin"": ""ORL"", ""type"": ""incoming_swap"", ""tradeable"": null, ""condition"": ""If 1-2 or swap 3-30 with MEM (via MEM swap for ORL""}, {""year"": ""2029"", ""origin"": ""MEM"", ""type"": ""own_conditional_review"", ""tradeable"": null, ""condition"": ""If 1-2 or swap 3-30 with MEM (via MEM swap for ORL""}, {""year"": ""2029"", ""origin"": ""MEM"", ""type"": ""own_outright"", ""tradeable"": true, ""condition"": """"}, {""year"": ""2030"", ""origin"": ""MEM"", ""type"": ""own_conditional_review"", ""tradeable"": null, ""condition"": ""More favorable of MEM and less favorable of PHX and WAS""}, {""year"": ""2030"", ""origin"": ""MEM"", ""type"": ""own_outright"", ""tradeable"": true, ""condition"": """"}, {""year"": ""2031"", ""origin"": ""MEM"", ""type"": ""own_conditional_review"", ""tradeable"": null, ""condition"": ""(via UTA)""}, {""year"": ""2031"", ""origin"": ""MEM"", ""type"": ""own_outright"", ""tradeable"": true, ""condition"": """"}, {""year"": ""2032"", ""origin"": ""MEM"", ""type"": ""own_outright"", ""tradeable"": true, ""condition"": """"}, {""year"": ""2033"", ""origin"": ""MEM"", ""type"": ""own_outright"", ""tradeable"": true, ""condition"": """"}]",False,False,False,"{""2022-23"": false, ""2023-24"": false, ""2024-25"": false, ""2025-26"": false}",2026-06-09,computed from contracts + constants,
MEM,2027-28,base,base case,"{""player_options"": ""counted at value (on books until declined)"", ""team_options"": ""counted at value (exercised) by default; only curated likely-declines (TEAM_OPTION_LIKELY_DECLINED, analyst input) excluded. Amount does not determine intent."", ""nonguaranteed"": ""treated as guaranteed (guarantee dates are Pass-2)"", ""own_free_agents"": ""approx cap hold (prior AAV) in cap basis only; not in apron salary"", ""roster_charges"": ""apron basis filled to 12 at rookie min; cap basis counts holds toward the 12"", ""repeater"": ""taxpayer flag projected forward in future seasons (apron salary > tax line)""}",62560859,9659100,41028429,0,0,0,0,0,1453000,114701388,11,4,0,114701388,61848612,61848612,61848612,100368612,109035612,122838612,under_cap,False,False,False,True,False,True,tiered_125,True,True,True,True,True,True,0,0,False,none,,,,6,"[{""year"": ""2027"", ""origin"": ""LAL"", ""type"": ""incoming"", ""tradeable"": null, ""condition"": ""If 1-4""}, {""year"": ""2027"", ""origin"": ""MEM"", ""type"": ""own_conditional_review"", ""tradeable"": null, ""condition"": ""If 5-30 (via UTA)""}, {""year"": ""2027"", ""origin"": ""MEM"", ""type"": ""own_conditional_review"", ""tradeable"": null, ""condition"": ""Most favorable of CLE, MIN and UTA then others to PHX and UTA (via UTA)""}, {""year"": ""2027"", ""origin"": ""MEM"", ""type"": ""own_outright"", ""tradeable"": false, ""condition"": """"}, {""year"": ""2028"", ""origin"": ""MEM"", ""type"": ""own_outright"", ""tradeable"": true, ""condition"": """"}, {""year"": ""2029"", ""origin"": ""ORL"", ""type"": ""incoming_swap"", ""tradeable"": null, ""condition"": ""If 1-2 or swap 3-30 with MEM (via MEM swap for ORL""}, {""year"": ""2029"", ""origin"": ""MEM"", ""type"": ""own_conditional_review"", ""tradeable"": null, ""condition"": ""If 1-2 or swap 3-30 with MEM (via MEM swap for ORL""}, {""year"": ""2029"", ""origin"": ""MEM"", ""type"": ""own_outright"", ""tradeable"": true, ""condition"": """"}, {""year"": ""2030"", ""origin"": ""MEM"", ""type"": ""own_conditional_review"", ""tradeable"": null, ""condition"": ""More favorable of MEM and less favorable of PHX and WAS""}, {""year"": ""2030"", ""origin"": ""MEM"", ""type"": ""own_outright"", ""tradeable"": true, ""condition"": """"}, {""year"": ""2031"", ""origin"": ""MEM"", ""type"": ""own_conditional_review"", ""tradeable"": null, ""condition"": ""(via UTA)""}, {""year"": ""2031"", ""origin"": ""MEM"", ""type"": ""own_outright"", ""tradeable"": true, ""condition"": """"}, {""year"": ""2032"", ""origin"": ""MEM"", ""type"": ""own_outright"", ""tradeable"": true, ""condition"": """"}, {""year"": ""2033"", ""origin"": ""MEM"", ""type"": ""own_outright"", ""tradeable"": true, ""condition"": """"}]",False,False,False,"{""2023-24"": false, ""2024-25"": false, ""2025-26"": false, ""2026-27"": false}",2026-06-09,computed from contracts + constants,
MEM,2028-29,base,base case,"{""player_options"": ""counted at value (on books until declined)"", ""team_options"": ""counted at value (exercised) by default; only curated likely-declines (TEAM_OPTION_LIKELY_DECLINED, analyst input) excluded. Amount does not determine intent."", ""nonguaranteed"": ""treated as guaranteed (guarantee dates are Pass-2)"", ""own_free_agents"": ""approx cap hold (prior AAV) in cap basis only; not in apron salary"", ""roster_charges"": ""apron basis filled to 12 at rookie min; cap basis counts holds toward the 12"", ""repeater"": ""taxpayer flag projected forward in future seasons (apron salary > tax line)""}",26833901,0,2830685,0,0,0,0,0,12440000,42104586,4,3,0,42104586,146803414,146803414,146803414,188020414,197294414,212063414,under_cap,False,False,False,True,False,True,tiered_125,True,True,True,True,True,True,0,0,False,none,,,,6,"[{""year"": ""2027"", ""origin"": ""LAL"", ""type"": ""incoming"", ""tradeable"": null, ""condition"": ""If 1-4""}, {""year"": ""2027"", ""origin"": ""MEM"", ""type"": ""own_conditional_review"", ""tradeable"": null, ""condition"": ""If 5-30 (via UTA)""}, {""year"": ""2027"", ""origin"": ""MEM"", ""type"": ""own_conditional_review"", ""tradeable"": null, ""condition"": ""Most favorable of CLE, MIN and UTA then others to PHX and UTA (via UTA)""}, {""year"": ""2027"", ""origin"": ""MEM"", ""type"": ""own_outright"", ""tradeable"": false, ""condition"": """"}, {""year"": ""2028"", ""origin"": ""MEM"", ""type"": ""own_outright"", ""tradeable"": true, ""condition"": """"}, {""year"": ""2029"", ""origin"": ""ORL"", ""type"": ""incoming_swap"", ""tradeable"": null, ""condition"": ""If 1-2 or swap 3-30 with MEM (via MEM swap for ORL""}, {""year"": ""2029"", ""origin"": ""MEM"", ""type"": ""own_conditional_review"", ""tradeable"": null, ""condition"": ""If 1-2 or swap 3-30 with MEM (via MEM swap for ORL""}, {""year"": ""2029"", ""origin"": ""MEM"", ""type"": ""own_outright"", ""tradeable"": true, ""condition"": """"}, {""year"": ""2030"", ""origin"": ""MEM"", ""type"": ""own_conditional_review"", ""tradeable"": null, ""condition"": ""More favorable of MEM and less favorable of PHX and WAS""}, {""year"": ""2030"", ""origin"": ""MEM"", ""type"": ""own_outright"", ""tradeable"": true, ""condition"": """"}, {""year"": ""2031"", ""origin"": ""MEM"", ""type"": ""own_conditional_review"", ""tradeable"": null, ""condition"": ""(via UTA)""}, {""year"": ""2031"", ""origin"": ""MEM"", ""type"": ""own_outright"", ""tradeable"": true, ""condition"": """"}, {""year"": ""2032"", ""origin"": ""MEM"", ""type"": ""own_outright"", ""tradeable"": true, ""condition"": """"}, {""year"": ""2033"", ""origin"": ""MEM"", ""type"": ""own_outright"", ""tradeable"": true, ""condition"": """"}]",False,False,False,"{""2024-25"": false, ""2025-26"": false, ""2026-27"": false, ""2027-28"": false}",2026-06-09,computed from contracts + constants,
MEM,2029-30,base,base case,"{""player_options"": ""counted at value (on books until declined)"", ""team_options"": ""counted at value (exercised) by default; only curated likely-declines (TEAM_OPTION_LIKELY_DECLINED, analyst input) excluded. Amount does not determine intent."", ""nonguaranteed"": ""treated as guaranteed (guarantee dates are Pass-2)"", ""own_free_agents"": ""approx cap hold (prior AAV) in cap basis only; not in apron salary"", ""roster_charges"": ""apron basis filled to 12 at rookie min; cap basis counts holds toward the 12"", ""repeater"": ""taxpayer flag projected forward in future seasons (apron salary > tax line)""}",22512252,0,0,0,0,0,0,0,16640000,39152252,2,2,0,39152252,162979748,162979748,162979748,207081748,217004748,232807748,under_cap,False,False,False,True,False,True,tiered_125,True,True,True,True,True,True,0,0,False,none,,,,6,"[{""year"": ""2027"", ""origin"": ""LAL"", ""type"": ""incoming"", ""tradeable"": null, ""condition"": ""If 1-4""}, {""year"": ""2027"", ""origin"": ""MEM"", ""type"": ""own_conditional_review"", ""tradeable"": null, ""condition"": ""If 5-30 (via UTA)""}, {""year"": ""2027"", ""origin"": ""MEM"", ""type"": ""own_conditional_review"", ""tradeable"": null, ""condition"": ""Most favorable of CLE, MIN and UTA then others to PHX and UTA (via UTA)""}, {""year"": ""2027"", ""origin"": ""MEM"", ""type"": ""own_outright"", ""tradeable"": false, ""condition"": """"}, {""year"": ""2028"", ""origin"": ""MEM"", ""type"": ""own_outright"", ""tradeable"": true, ""condition"": """"}, {""year"": ""2029"", ""origin"": ""ORL"", ""type"": ""incoming_swap"", ""tradeable"": null, ""condition"": ""If 1-2 or swap 3-30 with MEM (via MEM swap for ORL""}, {""year"": ""2029"", ""origin"": ""MEM"", ""type"": ""own_conditional_review"", ""tradeable"": null, ""condition"": ""If 1-2 or swap 3-30 with MEM (via MEM swap for ORL""}, {""year"": ""2029"", ""origin"": ""MEM"", ""type"": ""own_outright"", ""tradeable"": true, ""condition"": """"}, {""year"": ""2030"", ""origin"": ""MEM"", ""type"": ""own_conditional_review"", ""tradeable"": null, ""condition"": ""More favorable of MEM and less favorable of PHX and WAS""}, {""year"": ""2030"", ""origin"": ""MEM"", ""type"": ""own_outright"", ""tradeable"": true, ""condition"": """"}, {""year"": ""2031"", ""origin"": ""MEM"", ""type"": ""own_conditional_review"", ""tradeable"": null, ""condition"": ""(via UTA)""}, {""year"": ""2031"", ""origin"": ""MEM"", ""type"": ""own_outright"", ""tradeable"": true, ""condition"": """"}, {""year"": ""2032"", ""origin"": ""MEM"", ""type"": ""own_outright"", ""tradeable"": true, ""condition"": """"}, {""year"": ""2033"", ""origin"": ""MEM"", ""type"": ""own_outright"", ""tradeable"": true, ""condition"": """"}]",False,False,False,"{""2025-26"": false, ""2026-27"": false, ""2027-28"": false, ""2028-29"": false}",2026-06-09,computed from contracts + constants,
MIA,2026-27,base,base case,"{""player_options"": ""counted at value (on books until declined)"", ""team_options"": ""counted at value (exercised) by default; only curated likely-declines (TEAM_OPTION_LIKELY_DECLINED, analyst input) excluded. Amount does not determine intent."", ""nonguaranteed"": ""treated as guaranteed (guarantee dates are Pass-2)"", ""own_free_agents"": ""approx cap hold (prior AAV) in cap basis only; not in apron salary"", ""roster_charges"": ""apron basis filled to 12 at rookie min; cap basis counts holds toward the 12"", ""repeater"": ""taxpayer flag projected forward in future seasons (apron salary > tax line)""}",132706465,30169644,4707361,0,0,0,0,0,0,167583470,12,9,27537644,195121114,0,0,-30121114,33416530,41516530,54416530,over_cap_under_tax,False,True,False,False,True,True,tiered_125,True,True,True,True,True,True,16834692,16834692,False,none,,,,5,"[{""year"": ""2027"", ""origin"": ""CHA"", ""type"": ""incoming"", ""tradeable"": null, ""condition"": ""If 15-30""}, {""year"": ""2027"", ""origin"": ""MIA"", ""type"": ""own_conditional_review"", ""tradeable"": null, ""condition"": ""If 1-14""}, {""year"": ""2028"", ""origin"": ""MIA CHA"", ""type"": ""own_conditional_review"", ""tradeable"": null, ""condition"": ""If MIA conveys 1st to CHA in 2027 or If MIA does not convey 1st to OKC in 2025""}, {""year"": ""2029"", ""origin"": ""MIA"", ""type"": ""own_outright"", ""tradeable"": true, ""condition"": """"}, {""year"": ""2030"", ""origin"": ""MIA"", ""type"": ""own_outright"", ""tradeable"": true, ""condition"": """"}, {""year"": ""2031"", ""origin"": ""MIA"", ""type"": ""own_outright"", ""tradeable"": true, ""condition"": """"}, {""year"": ""2032"", ""origin"": ""MIA"", ""type"": ""own_outright"", ""tradeable"": true, ""condition"": """"}, {""year"": ""2033"", ""origin"": ""MIA"", ""type"": ""own_outright"", ""tradeable"": true, ""condition"": """"}]",False,False,False,"{""2022-23"": false, ""2023-24"": true, ""2024-25"": true, ""2025-26"": false}",2026-06-09,computed from contracts + constants,
MIA,2027-28,base,base case,"{""player_options"": ""counted at value (on books until declined)"", ""team_options"": ""counted at value (exercised) by default; only curated likely-declines (TEAM_OPTION_LIKELY_DECLINED, analyst input) excluded. Amount does not determine intent."", ""nonguaranteed"": ""treated as guaranteed (guarantee dates are Pass-2)"", ""own_free_agents"": ""approx cap hold (prior AAV) in cap basis only; not in apron salary"", ""roster_charges"": ""apron basis filled to 12 at rookie min; cap basis counts holds toward the 12"", ""repeater"": ""taxpayer flag projected forward in future seasons (apron salary > tax line)""}",82950372,0,13686333,0,0,0,0,0,7265000,103901705,7,4,0,103901705,72648295,72648295,72648295,111168295,119835295,133638295,under_cap,False,False,False,True,False,True,tiered_125,True,True,True,True,True,True,0,0,False,none,,,,5,"[{""year"": ""2027"", ""origin"": ""CHA"", ""type"": ""incoming"", ""tradeable"": null, ""condition"": ""If 15-30""}, {""year"": ""2027"", ""origin"": ""MIA"", ""type"": ""own_conditional_review"", ""tradeable"": null, ""condition"": ""If 1-14""}, {""year"": ""2028"", ""origin"": ""MIA CHA"", ""type"": ""own_conditional_review"", ""tradeable"": null, ""condition"": ""If MIA conveys 1st to CHA in 2027 or If MIA does not convey 1st to OKC in 2025""}, {""year"": ""2029"", ""origin"": ""MIA"", ""type"": ""own_outright"", ""tradeable"": true, ""condition"": """"}, {""year"": ""2030"", ""origin"": ""MIA"", ""type"": ""own_outright"", ""tradeable"": true, ""condition"": """"}, {""year"": ""2031"", ""origin"": ""MIA"", ""type"": ""own_outright"", ""tradeable"": true, ""condition"": """"}, {""year"": ""2032"", ""origin"": ""MIA"", ""type"": ""own_outright"", ""tradeable"": true, ""condition"": """"}, {""year"": ""2033"", ""origin"": ""MIA"", ""type"": ""own_outright"", ""tradeable"": true, ""condition"": """"}]",False,False,False,"{""2023-24"": true, ""2024-25"": true, ""2025-26"": false, ""2026-27"": false}",2026-06-09,computed from contracts + constants,
MIA,2028-29,base,base case,"{""player_options"": ""counted at value (on books until declined)"", ""team_options"": ""counted at value (exercised) by default; only curated likely-declines (TEAM_OPTION_LIKELY_DECLINED, analyst input) excluded. Amount does not determine intent."", ""nonguaranteed"": ""treated as guaranteed (guarantee dates are Pass-2)"", ""own_free_agents"": ""approx cap hold (prior AAV) in cap basis only; not in apron salary"", ""roster_charges"": ""apron basis filled to 12 at rookie min; cap basis counts holds toward the 12"", ""repeater"": ""taxpayer flag projected forward in future seasons (apron salary > tax line)""}",31991403,60244910,0,0,0,0,0,0,12440000,104676313,4,3,0,104676313,84231687,84231687,84231687,125448687,134722687,149491687,under_cap,False,False,False,True,False,True,tiered_125,True,True,True,True,True,True,0,0,False,none,,,,5,"[{""year"": ""2027"", ""origin"": ""CHA"", ""type"": ""incoming"", ""tradeable"": null, ""condition"": ""If 15-30""}, {""year"": ""2027"", ""origin"": ""MIA"", ""type"": ""own_conditional_review"", ""tradeable"": null, ""condition"": ""If 1-14""}, {""year"": ""2028"", ""origin"": ""MIA CHA"", ""type"": ""own_conditional_review"", ""tradeable"": null, ""condition"": ""If MIA conveys 1st to CHA in 2027 or If MIA does not convey 1st to OKC in 2025""}, {""year"": ""2029"", ""origin"": ""MIA"", ""type"": ""own_outright"", ""tradeable"": true, ""condition"": """"}, {""year"": ""2030"", ""origin"": ""MIA"", ""type"": ""own_outright"", ""tradeable"": true, ""condition"": """"}, {""year"": ""2031"", ""origin"": ""MIA"", ""type"": ""own_outright"", ""tradeable"": true, ""condition"": """"}, {""year"": ""2032"", ""origin"": ""MIA"", ""type"": ""own_outright"", ""tradeable"": true, ""condition"": """"}, {""year"": ""2033"", ""origin"": ""MIA"", ""type"": ""own_outright"", ""tradeable"": true, ""condition"": """"}]",False,False,False,"{""2024-25"": true, ""2025-26"": false, ""2026-27"": false, ""2027-28"": false}",2026-06-09,computed from contracts + constants,
MIA,2029-30,base,base case,"{""player_options"": ""counted at value (on books until declined)"", ""team_options"": ""counted at value (exercised) by default; only curated likely-declines (TEAM_OPTION_LIKELY_DECLINED, analyst input) excluded. Amount does not determine intent."", ""nonguaranteed"": ""treated as guaranteed (guarantee dates are Pass-2)"", ""own_free_agents"": ""approx cap hold (prior AAV) in cap basis only; not in apron salary"", ""roster_charges"": ""apron basis filled to 12 at rookie min; cap basis counts holds toward the 12"", ""repeater"": ""taxpayer flag projected forward in future seasons (apron salary > tax line)""}",25713319,0,0,0,0,0,0,0,16640000,42353319,2,2,0,42353319,159778681,159778681,159778681,203880681,213803681,229606681,under_cap,False,False,False,True,False,True,tiered_125,True,True,True,True,True,True,0,0,False,none,,,,5,"[{""year"": ""2027"", ""origin"": ""CHA"", ""type"": ""incoming"", ""tradeable"": null, ""condition"": ""If 15-30""}, {""year"": ""2027"", ""origin"": ""MIA"", ""type"": ""own_conditional_review"", ""tradeable"": null, ""condition"": ""If 1-14""}, {""year"": ""2028"", ""origin"": ""MIA CHA"", ""type"": ""own_conditional_review"", ""tradeable"": null, ""condition"": ""If MIA conveys 1st to CHA in 2027 or If MIA does not convey 1st to OKC in 2025""}, {""year"": ""2029"", ""origin"": ""MIA"", ""type"": ""own_outright"", ""tradeable"": true, ""condition"": """"}, {""year"": ""2030"", ""origin"": ""MIA"", ""type"": ""own_outright"", ""tradeable"": true, ""condition"": """"}, {""year"": ""2031"", ""origin"": ""MIA"", ""type"": ""own_outright"", ""tradeable"": true, ""condition"": """"}, {""year"": ""2032"", ""origin"": ""MIA"", ""type"": ""own_outright"", ""tradeable"": true, ""condition"": """"}, {""year"": ""2033"", ""origin"": ""MIA"", ""type"": ""own_outright"", ""tradeable"": true, ""condition"": """"}]",False,False,False,"{""2025-26"": false, ""2026-27"": false, ""2027-28"": false, ""2028-29"": false}",2026-06-09,computed from contracts + constants,
MIL,2026-27,base,base case,"{""player_options"": ""counted at value (on books until declined)"", ""team_options"": ""counted at value (exercised) by default; only curated likely-declines (TEAM_OPTION_LIKELY_DECLINED, analyst input) excluded. Amount does not determine intent."", ""nonguaranteed"": ""treated as guaranteed (guarantee dates are Pass-2)"", ""own_free_agents"": ""approx cap hold (prior AAV) in cap basis only; not in apron salary"", ""roster_charges"": ""apron basis filled to 12 at rookie min; cap basis counts holds toward the 12"", ""repeater"": ""taxpayer flag projected forward in future seasons (apron salary > tax line)""}",168910460,19771827,2406205,0,0,0,0,0,0,191088492,16,10,9046353,200134845,0,0,-35134845,9911508,18011508,30911508,over_cap_under_tax,False,True,False,False,True,True,tiered_125,True,True,True,True,True,True,0,0,False,none,,,,3,"[{""year"": ""2027"", ""origin"": ""ATL"", ""type"": ""incoming"", ""tradeable"": null, ""condition"": ""Least favorable of MIL and NOP then other to NOP (via NOP)""}, {""year"": ""2028"", ""origin"": ""MIL POR"", ""type"": ""own_conditional_review"", ""tradeable"": null, ""condition"": ""Or swap with POR (via POR swap for MIL)""}, {""year"": ""2029"", ""origin"": ""POR"", ""type"": ""incoming"", ""tradeable"": null, ""condition"": ""Most and least favorable of BOS, MIL and POR to POR then other to WAS (via BOS to POR; via MIL to POR; via POR to WAS)""}, {""year"": ""2030"", ""origin"": ""POR MIL"", ""type"": ""incoming_swap"", ""tradeable"": null, ""condition"": ""Or swap with MIL""}, {""year"": ""2030"", ""origin"": ""MIL POR"", ""type"": ""own_conditional_review"", ""tradeable"": null, ""condition"": ""Or swap with POR (via POR swap for MIL)""}, {""year"": ""2031"", ""origin"": ""MIL"", ""type"": ""own_outright"", ""tradeable"": true, ""condition"": """"}, {""year"": ""2032"", ""origin"": ""MIL"", ""type"": ""own_outright"", ""tradeable"": true, ""condition"": """"}, {""year"": ""2033"", ""origin"": ""MIL"", ""type"": ""own_outright"", ""tradeable"": true, ""condition"": """"}]",False,False,True,"{""2022-23"": true, ""2023-24"": true, ""2024-25"": true, ""2025-26"": false}",2026-06-09,computed from contracts + constants,
MIL,2027-28,base,base case,"{""player_options"": ""counted at value (on books until declined)"", ""team_options"": ""counted at value (exercised) by default; only curated likely-declines (TEAM_OPTION_LIKELY_DECLINED, analyst input) excluded. Amount does not determine intent."", ""nonguaranteed"": ""treated as guaranteed (guarantee dates are Pass-2)"", ""own_free_agents"": ""approx cap hold (prior AAV) in cap basis only; not in apron salary"", ""roster_charges"": ""apron basis filled to 12 at rookie min; cap basis counts holds toward the 12"", ""repeater"": ""taxpayer flag projected forward in future seasons (apron salary > tax line)""}",61881562,82383756,2707612,0,0,0,0,0,5812000,152784930,8,4,0,152784930,23765070,23765070,23765070,62285070,70952070,84755070,under_cap,False,False,False,True,False,True,tiered_125,True,True,True,True,True,True,0,0,False,none,,,,3,"[{""year"": ""2027"", ""origin"": ""ATL"", ""type"": ""incoming"", ""tradeable"": null, ""condition"": ""Least favorable of MIL and NOP then other to NOP (via NOP)""}, {""year"": ""2028"", ""origin"": ""MIL POR"", ""type"": ""own_conditional_review"", ""tradeable"": null, ""condition"": ""Or swap with POR (via POR swap for MIL)""}, {""year"": ""2029"", ""origin"": ""POR"", ""type"": ""incoming"", ""tradeable"": null, ""condition"": ""Most and least favorable of BOS, MIL and POR to POR then other to WAS (via BOS to POR; via MIL to POR; via POR to WAS)""}, {""year"": ""2030"", ""origin"": ""POR MIL"", ""type"": ""incoming_swap"", ""tradeable"": null, ""condition"": ""Or swap with MIL""}, {""year"": ""2030"", ""origin"": ""MIL POR"", ""type"": ""own_conditional_review"", ""tradeable"": null, ""condition"": ""Or swap with POR (via POR swap for MIL)""}, {""year"": ""2031"", ""origin"": ""MIL"", ""type"": ""own_outright"", ""tradeable"": true, ""condition"": """"}, {""year"": ""2032"", ""origin"": ""MIL"", ""type"": ""own_outright"", ""tradeable"": true, ""condition"": """"}, {""year"": ""2033"", ""origin"": ""MIL"", ""type"": ""own_outright"", ""tradeable"": true, ""condition"": """"}]",False,False,False,"{""2023-24"": true, ""2024-25"": true, ""2025-26"": false, ""2026-27"": false}",2026-06-09,computed from contracts + constants,
MIL,2028-29,base,base case,"{""player_options"": ""counted at value (on books until declined)"", ""team_options"": ""counted at value (exercised) by default; only curated likely-declines (TEAM_OPTION_LIKELY_DECLINED, analyst input) excluded. Amount does not determine intent."", ""nonguaranteed"": ""treated as guaranteed (guarantee dates are Pass-2)"", ""own_free_agents"": ""approx cap hold (prior AAV) in cap basis only; not in apron salary"", ""roster_charges"": ""apron basis filled to 12 at rookie min; cap basis counts holds toward the 12"", ""repeater"": ""taxpayer flag projected forward in future seasons (apron salary > tax line)""}",34168389,29115990,0,0,0,0,0,0,13995000,77279379,3,2,0,77279379,111628621,111628621,111628621,152845621,162119621,176888621,under_cap,False,False,False,True,False,True,tiered_125,True,True,True,True,True,True,0,0,False,none,,,,3,"[{""year"": ""2027"", ""origin"": ""ATL"", ""type"": ""incoming"", ""tradeable"": null, ""condition"": ""Least favorable of MIL and NOP then other to NOP (via NOP)""}, {""year"": ""2028"", ""origin"": ""MIL POR"", ""type"": ""own_conditional_review"", ""tradeable"": null, ""condition"": ""Or swap with POR (via POR swap for MIL)""}, {""year"": ""2029"", ""origin"": ""POR"", ""type"": ""incoming"", ""tradeable"": null, ""condition"": ""Most and least favorable of BOS, MIL and POR to POR then other to WAS (via BOS to POR; via MIL to POR; via POR to WAS)""}, {""year"": ""2030"", ""origin"": ""POR MIL"", ""type"": ""incoming_swap"", ""tradeable"": null, ""condition"": ""Or swap with MIL""}, {""year"": ""2030"", ""origin"": ""MIL POR"", ""type"": ""own_conditional_review"", ""tradeable"": null, ""condition"": ""Or swap with POR (via POR swap for MIL)""}, {""year"": ""2031"", ""origin"": ""MIL"", ""type"": ""own_outright"", ""tradeable"": true, ""condition"": """"}, {""year"": ""2032"", ""origin"": ""MIL"", ""type"": ""own_outright"", ""tradeable"": true, ""condition"": """"}, {""year"": ""2033"", ""origin"": ""MIL"", ""type"": ""own_outright"", ""tradeable"": true, ""condition"": """"}]",False,False,False,"{""2024-25"": true, ""2025-26"": false, ""2026-27"": false, ""2027-28"": false}",2026-06-09,computed from contracts + constants,
MIL,2029-30,base,base case,"{""player_options"": ""counted at value (on books until declined)"", ""team_options"": ""counted at value (exercised) by default; only curated likely-declines (TEAM_OPTION_LIKELY_DECLINED, analyst input) excluded. Amount does not determine intent."", ""nonguaranteed"": ""treated as guaranteed (guarantee dates are Pass-2)"", ""own_free_agents"": ""approx cap hold (prior AAV) in cap basis only; not in apron salary"", ""roster_charges"": ""apron basis filled to 12 at rookie min; cap basis counts holds toward the 12"", ""repeater"": ""taxpayer flag projected forward in future seasons (apron salary > tax line)""}",34971958,0,0,0,0,0,0,0,16640000,51611958,2,2,0,51611958,150520042,150520042,150520042,194622042,204545042,220348042,under_cap,False,False,False,True,False,True,tiered_125,True,True,True,True,True,True,0,0,False,none,,,,3,"[{""year"": ""2027"", ""origin"": ""ATL"", ""type"": ""incoming"", ""tradeable"": null, ""condition"": ""Least favorable of MIL and NOP then other to NOP (via NOP)""}, {""year"": ""2028"", ""origin"": ""MIL POR"", ""type"": ""own_conditional_review"", ""tradeable"": null, ""condition"": ""Or swap with POR (via POR swap for MIL)""}, {""year"": ""2029"", ""origin"": ""POR"", ""type"": ""incoming"", ""tradeable"": null, ""condition"": ""Most and least favorable of BOS, MIL and POR to POR then other to WAS (via BOS to POR; via MIL to POR; via POR to WAS)""}, {""year"": ""2030"", ""origin"": ""POR MIL"", ""type"": ""incoming_swap"", ""tradeable"": null, ""condition"": ""Or swap with MIL""}, {""year"": ""2030"", ""origin"": ""MIL POR"", ""type"": ""own_conditional_review"", ""tradeable"": null, ""condition"": ""Or swap with POR (via POR swap for MIL)""}, {""year"": ""2031"", ""origin"": ""MIL"", ""type"": ""own_outright"", ""tradeable"": true, ""condition"": """"}, {""year"": ""2032"", ""origin"": ""MIL"", ""type"": ""own_outright"", ""tradeable"": true, ""condition"": """"}, {""year"": ""2033"", ""origin"": ""MIL"", ""type"": ""own_outright"", ""tradeable"": true, ""condition"": """"}]",False,False,False,"{""2025-26"": false, ""2026-27"": false, ""2027-28"": false, ""2028-29"": false}",2026-06-09,computed from contracts + constants,
MIN,2026-27,base,base case,"{""player_options"": ""counted at value (on books until declined)"", ""team_options"": ""counted at value (exercised) by default; only curated likely-declines (TEAM_OPTION_LIKELY_DECLINED, analyst input) excluded. Amount does not determine intent."", ""nonguaranteed"": ""treated as guaranteed (guarantee dates are Pass-2)"", ""own_free_agents"": ""approx cap hold (prior AAV) in cap basis only; not in apron salary"", ""roster_charges"": ""apron basis filled to 12 at rookie min; cap basis counts holds toward the 12"", ""repeater"": ""taxpayer flag projected forward in future seasons (apron salary > tax line)""}",187531661,0,2406205,0,0,0,0,0,4074000,194011866,9,8,16484548,206422414,0,0,-41422414,6988134,15088134,27988134,over_cap_under_tax,False,True,False,False,True,True,tiered_125,True,True,True,True,True,True,17412540,10774038,False,none,,,,2,"[{""year"": ""2027"", ""origin"": ""UTA"", ""type"": ""incoming"", ""tradeable"": null, ""condition"": ""Two most favorable of CLE, MIN and UTA then other to PHX""}, {""year"": ""2028"", ""origin"": ""MIN"", ""type"": ""own_outright"", ""tradeable"": true, ""condition"": """"}, {""year"": ""2029"", ""origin"": ""UTA"", ""type"": ""incoming"", ""tradeable"": null, ""condition"": ""If 6-30 then two most favorable of CLE, MIN 6-30 and UTA then other to PHX""}, {""year"": ""2029"", ""origin"": ""MIN"", ""type"": ""own_conditional_review"", ""tradeable"": null, ""condition"": ""If 1-5""}, {""year"": ""2030"", ""origin"": ""MIN"", ""type"": ""own_conditional_review"", ""tradeable"": null, ""condition"": ""Least favorable of MIN 2-30, DAL and SAS (via SAN swap for DAL; via SAN swap of SAN or DAL for MIN)""}, {""year"": ""2031"", ""origin"": ""SAC"", ""type"": ""incoming"", ""tradeable"": null, ""condition"": ""(via SAS)""}, {""year"": ""2032"", ""origin"": ""MIN"", ""type"": ""frozen_untradeable"", ""tradeable"": false, ""condition"": ""FROZEN PICK""}, {""year"": ""2033"", ""origin"": ""MIN"", ""type"": ""own_outright"", ""tradeable"": true, ""condition"": """"}]",False,False,False,"{""2022-23"": false, ""2023-24"": false, ""2024-25"": true, ""2025-26"": true}",2026-06-09,computed from contracts + constants,
MIN,2027-28,base,base case,"{""player_options"": ""counted at value (on books until declined)"", ""team_options"": ""counted at value (exercised) by default; only curated likely-declines (TEAM_OPTION_LIKELY_DECLINED, analyst input) excluded. Amount does not determine intent."", ""nonguaranteed"": ""treated as guaranteed (guarantee dates are Pass-2)"", ""own_free_agents"": ""approx cap hold (prior AAV) in cap basis only; not in apron salary"", ""roster_charges"": ""apron basis filled to 12 at rookie min; cap basis counts holds toward the 12"", ""repeater"": ""taxpayer flag projected forward in future seasons (apron salary > tax line)""}",105305634,73802468,9675359,0,0,0,0,0,7265000,196048461,7,3,0,196048461,0,0,-19498461,19021539,27688539,41491539,over_cap_under_tax,False,True,False,False,True,True,tiered_125,True,True,True,True,True,True,0,0,False,none,,,,2,"[{""year"": ""2027"", ""origin"": ""UTA"", ""type"": ""incoming"", ""tradeable"": null, ""condition"": ""Two most favorable of CLE, MIN and UTA then other to PHX""}, {""year"": ""2028"", ""origin"": ""MIN"", ""type"": ""own_outright"", ""tradeable"": true, ""condition"": """"}, {""year"": ""2029"", ""origin"": ""UTA"", ""type"": ""incoming"", ""tradeable"": null, ""condition"": ""If 6-30 then two most favorable of CLE, MIN 6-30 and UTA then other to PHX""}, {""year"": ""2029"", ""origin"": ""MIN"", ""type"": ""own_conditional_review"", ""tradeable"": null, ""condition"": ""If 1-5""}, {""year"": ""2030"", ""origin"": ""MIN"", ""type"": ""own_conditional_review"", ""tradeable"": null, ""condition"": ""Least favorable of MIN 2-30, DAL and SAS (via SAN swap for DAL; via SAN swap of SAN or DAL for MIN)""}, {""year"": ""2031"", ""origin"": ""SAC"", ""type"": ""incoming"", ""tradeable"": null, ""condition"": ""(via SAS)""}, {""year"": ""2032"", ""origin"": ""MIN"", ""type"": ""frozen_untradeable"", ""tradeable"": false, ""condition"": ""FROZEN PICK""}, {""year"": ""2033"", ""origin"": ""MIN"", ""type"": ""own_outright"", ""tradeable"": true, ""condition"": """"}]",False,False,False,"{""2023-24"": false, ""2024-25"": true, ""2025-26"": true, ""2026-27"": false}",2026-06-09,computed from contracts + constants,
MIN,2028-29,base,base case,"{""player_options"": ""counted at value (on books until declined)"", ""team_options"": ""counted at value (exercised) by default; only curated likely-declines (TEAM_OPTION_LIKELY_DECLINED, analyst input) excluded. Amount does not determine intent."", ""nonguaranteed"": ""treated as guaranteed (guarantee dates are Pass-2)"", ""own_free_agents"": ""approx cap hold (prior AAV) in cap basis only; not in apron salary"", ""roster_charges"": ""apron basis filled to 12 at rookie min; cap basis counts holds toward the 12"", ""repeater"": ""taxpayer flag projected forward in future seasons (apron salary > tax line)""}",127309672,0,0,0,0,0,0,0,10885000,138194672,5,5,0,138194672,50713328,50713328,50713328,91930328,101204328,115973328,under_cap,False,False,False,True,False,True,tiered_125,True,True,True,True,True,True,0,0,False,none,,,,2,"[{""year"": ""2027"", ""origin"": ""UTA"", ""type"": ""incoming"", ""tradeable"": null, ""condition"": ""Two most favorable of CLE, MIN and UTA then other to PHX""}, {""year"": ""2028"", ""origin"": ""MIN"", ""type"": ""own_outright"", ""tradeable"": true, ""condition"": """"}, {""year"": ""2029"", ""origin"": ""UTA"", ""type"": ""incoming"", ""tradeable"": null, ""condition"": ""If 6-30 then two most favorable of CLE, MIN 6-30 and UTA then other to PHX""}, {""year"": ""2029"", ""origin"": ""MIN"", ""type"": ""own_conditional_review"", ""tradeable"": null, ""condition"": ""If 1-5""}, {""year"": ""2030"", ""origin"": ""MIN"", ""type"": ""own_conditional_review"", ""tradeable"": null, ""condition"": ""Least favorable of MIN 2-30, DAL and SAS (via SAN swap for DAL; via SAN swap of SAN or DAL for MIN)""}, {""year"": ""2031"", ""origin"": ""SAC"", ""type"": ""incoming"", ""tradeable"": null, ""condition"": ""(via SAS)""}, {""year"": ""2032"", ""origin"": ""MIN"", ""type"": ""frozen_untradeable"", ""tradeable"": false, ""condition"": ""FROZEN PICK""}, {""year"": ""2033"", ""origin"": ""MIN"", ""type"": ""own_outright"", ""tradeable"": true, ""condition"": """"}]",False,False,False,"{""2024-25"": true, ""2025-26"": true, ""2026-27"": false, ""2027-28"": false}",2026-06-09,computed from contracts + constants,
MIN,2029-30,base,base case,"{""player_options"": ""counted at value (on books until declined)"", ""team_options"": ""counted at value (exercised) by default; only curated likely-declines (TEAM_OPTION_LIKELY_DECLINED, analyst input) excluded. Amount does not determine intent."", ""nonguaranteed"": ""treated as guaranteed (guarantee dates are Pass-2)"", ""own_free_agents"": ""approx cap hold (prior AAV) in cap basis only; not in apron salary"", ""roster_charges"": ""apron basis filled to 12 at rookie min; cap basis counts holds toward the 12"", ""repeater"": ""taxpayer flag projected forward in future seasons (apron salary > tax line)""}",10732423,28448276,0,0,0,0,0,0,16640000,55820699,2,1,0,55820699,146311301,146311301,146311301,190413301,200336301,216139301,under_cap,False,False,False,True,False,True,tiered_125,True,True,True,True,True,True,0,0,False,none,,,,2,"[{""year"": ""2027"", ""origin"": ""UTA"", ""type"": ""incoming"", ""tradeable"": null, ""condition"": ""Two most favorable of CLE, MIN and UTA then other to PHX""}, {""year"": ""2028"", ""origin"": ""MIN"", ""type"": ""own_outright"", ""tradeable"": true, ""condition"": """"}, {""year"": ""2029"", ""origin"": ""UTA"", ""type"": ""incoming"", ""tradeable"": null, ""condition"": ""If 6-30 then two most favorable of CLE, MIN 6-30 and UTA then other to PHX""}, {""year"": ""2029"", ""origin"": ""MIN"", ""type"": ""own_conditional_review"", ""tradeable"": null, ""condition"": ""If 1-5""}, {""year"": ""2030"", ""origin"": ""MIN"", ""type"": ""own_conditional_review"", ""tradeable"": null, ""condition"": ""Least favorable of MIN 2-30, DAL and SAS (via SAN swap for DAL; via SAN swap of SAN or DAL for MIN)""}, {""year"": ""2031"", ""origin"": ""SAC"", ""type"": ""incoming"", ""tradeable"": null, ""condition"": ""(via SAS)""}, {""year"": ""2032"", ""origin"": ""MIN"", ""type"": ""frozen_untradeable"", ""tradeable"": false, ""condition"": ""FROZEN PICK""}, {""year"": ""2033"", ""origin"": ""MIN"", ""type"": ""own_outright"", ""tradeable"": true, ""condition"": """"}]",False,False,False,"{""2025-26"": true, ""2026-27"": false, ""2027-28"": false, ""2028-29"": false}",2026-06-09,computed from contracts + constants,
NOP,2026-27,base,base case,"{""player_options"": ""counted at value (on books until declined)"", ""team_options"": ""counted at value (exercised) by default; only curated likely-declines (TEAM_OPTION_LIKELY_DECLINED, analyst input) excluded. Amount does not determine intent."", ""nonguaranteed"": ""treated as guaranteed (guarantee dates are Pass-2)"", ""own_free_agents"": ""approx cap hold (prior AAV) in cap basis only; not in apron salary"", ""roster_charges"": ""apron basis filled to 12 at rookie min; cap basis counts holds toward the 12"", ""repeater"": ""taxpayer flag projected forward in future seasons (apron salary > tax line)""}",186034365,0,10296271,0,0,0,0,0,0,196330636,14,12,5799095,202129731,0,0,-37129731,4669364,12769364,25669364,over_cap_under_tax,False,True,False,False,True,True,tiered_125,True,True,True,True,True,True,13445122,13445122,False,none,,,,6,"[{""year"": ""2027"", ""origin"": ""NOP"", ""type"": ""own_conditional_review"", ""tradeable"": null, ""condition"": ""Most favorable of MIL and NOP then other to ATL""}, {""year"": ""2028"", ""origin"": ""NOP"", ""type"": ""own_outright"", ""tradeable"": true, ""condition"": """"}, {""year"": ""2029"", ""origin"": ""NOP"", ""type"": ""own_outright"", ""tradeable"": true, ""condition"": """"}, {""year"": ""2030"", ""origin"": ""NOP"", ""type"": ""own_outright"", ""tradeable"": true, ""condition"": """"}, {""year"": ""2031"", ""origin"": ""NOP"", ""type"": ""own_outright"", ""tradeable"": true, ""condition"": """"}, {""year"": ""2032"", ""origin"": ""NOP"", ""type"": ""own_outright"", ""tradeable"": true, ""condition"": """"}, {""year"": ""2033"", ""origin"": ""NOP"", ""type"": ""own_outright"", ""tradeable"": true, ""condition"": """"}]",False,False,False,"{""2022-23"": false, ""2023-24"": false, ""2024-25"": false, ""2025-26"": false}",2026-06-09,computed from contracts + constants,
NOP,2027-28,base,base case,"{""player_options"": ""counted at value (on books until declined)"", ""team_options"": ""counted at value (exercised) by default; only curated likely-declines (TEAM_OPTION_LIKELY_DECLINED, analyst input) excluded. Amount does not determine intent."", ""nonguaranteed"": ""treated as guaranteed (guarantee dates are Pass-2)"", ""own_free_agents"": ""approx cap hold (prior AAV) in cap basis only; not in apron salary"", ""roster_charges"": ""apron basis filled to 12 at rookie min; cap basis counts holds toward the 12"", ""repeater"": ""taxpayer flag projected forward in future seasons (apron salary > tax line)""}",107740545,30751504,22476369,0,0,0,0,0,2906000,163874418,10,5,0,163874418,12675582,12675582,12675582,51195582,59862582,73665582,under_cap,False,False,False,True,False,True,tiered_125,True,True,True,True,True,True,0,0,False,none,,,,6,"[{""year"": ""2027"", ""origin"": ""NOP"", ""type"": ""own_conditional_review"", ""tradeable"": null, ""condition"": ""Most favorable of MIL and NOP then other to ATL""}, {""year"": ""2028"", ""origin"": ""NOP"", ""type"": ""own_outright"", ""tradeable"": true, ""condition"": """"}, {""year"": ""2029"", ""origin"": ""NOP"", ""type"": ""own_outright"", ""tradeable"": true, ""condition"": """"}, {""year"": ""2030"", ""origin"": ""NOP"", ""type"": ""own_outright"", ""tradeable"": true, ""condition"": """"}, {""year"": ""2031"", ""origin"": ""NOP"", ""type"": ""own_outright"", ""tradeable"": true, ""condition"": """"}, {""year"": ""2032"", ""origin"": ""NOP"", ""type"": ""own_outright"", ""tradeable"": true, ""condition"": """"}, {""year"": ""2033"", ""origin"": ""NOP"", ""type"": ""own_outright"", ""tradeable"": true, ""condition"": """"}]",False,False,False,"{""2023-24"": false, ""2024-25"": false, ""2025-26"": false, ""2026-27"": false}",2026-06-09,computed from contracts + constants,
NOP,2028-29,base,base case,"{""player_options"": ""counted at value (on books until declined)"", ""team_options"": ""counted at value (exercised) by default; only curated likely-declines (TEAM_OPTION_LIKELY_DECLINED, analyst input) excluded. Amount does not determine intent."", ""nonguaranteed"": ""treated as guaranteed (guarantee dates are Pass-2)"", ""own_free_agents"": ""approx cap hold (prior AAV) in cap basis only; not in apron salary"", ""roster_charges"": ""apron basis filled to 12 at rookie min; cap basis counts holds toward the 12"", ""repeater"": ""taxpayer flag projected forward in future seasons (apron salary > tax line)""}",80763440,0,2735698,0,0,0,0,0,9330000,92829138,6,5,0,92829138,96078862,96078862,96078862,137295862,146569862,161338862,under_cap,False,False,False,True,False,True,tiered_125,True,True,True,True,True,True,0,0,False,none,,,,6,"[{""year"": ""2027"", ""origin"": ""NOP"", ""type"": ""own_conditional_review"", ""tradeable"": null, ""condition"": ""Most favorable of MIL and NOP then other to ATL""}, {""year"": ""2028"", ""origin"": ""NOP"", ""type"": ""own_outright"", ""tradeable"": true, ""condition"": """"}, {""year"": ""2029"", ""origin"": ""NOP"", ""type"": ""own_outright"", ""tradeable"": true, ""condition"": """"}, {""year"": ""2030"", ""origin"": ""NOP"", ""type"": ""own_outright"", ""tradeable"": true, ""condition"": """"}, {""year"": ""2031"", ""origin"": ""NOP"", ""type"": ""own_outright"", ""tradeable"": true, ""condition"": """"}, {""year"": ""2032"", ""origin"": ""NOP"", ""type"": ""own_outright"", ""tradeable"": true, ""condition"": """"}, {""year"": ""2033"", ""origin"": ""NOP"", ""type"": ""own_outright"", ""tradeable"": true, ""condition"": """"}]",False,False,False,"{""2024-25"": false, ""2025-26"": false, ""2026-27"": false, ""2027-28"": false}",2026-06-09,computed from contracts + constants,
NOP,2029-30,base,base case,"{""player_options"": ""counted at value (on books until declined)"", ""team_options"": ""counted at value (exercised) by default; only curated likely-declines (TEAM_OPTION_LIKELY_DECLINED, analyst input) excluded. Amount does not determine intent."", ""nonguaranteed"": ""treated as guaranteed (guarantee dates are Pass-2)"", ""own_free_agents"": ""approx cap hold (prior AAV) in cap basis only; not in apron salary"", ""roster_charges"": ""apron basis filled to 12 at rookie min; cap basis counts holds toward the 12"", ""repeater"": ""taxpayer flag projected forward in future seasons (apron salary > tax line)""}",27162309,24195628,0,0,0,0,0,0,14976000,66333937,3,2,0,66333937,135798063,135798063,135798063,179900063,189823063,205626063,under_cap,False,False,False,True,False,True,tiered_125,True,True,True,True,True,True,0,0,False,none,,,,6,"[{""year"": ""2027"", ""origin"": ""NOP"", ""type"": ""own_conditional_review"", ""tradeable"": null, ""condition"": ""Most favorable of MIL and NOP then other to ATL""}, {""year"": ""2028"", ""origin"": ""NOP"", ""type"": ""own_outright"", ""tradeable"": true, ""condition"": """"}, {""year"": ""2029"", ""origin"": ""NOP"", ""type"": ""own_outright"", ""tradeable"": true, ""condition"": """"}, {""year"": ""2030"", ""origin"": ""NOP"", ""type"": ""own_outright"", ""tradeable"": true, ""condition"": """"}, {""year"": ""2031"", ""origin"": ""NOP"", ""type"": ""own_outright"", ""tradeable"": true, ""condition"": """"}, {""year"": ""2032"", ""origin"": ""NOP"", ""type"": ""own_outright"", ""tradeable"": true, ""condition"": """"}, {""year"": ""2033"", ""origin"": ""NOP"", ""type"": ""own_outright"", ""tradeable"": true, ""condition"": """"}]",False,False,False,"{""2025-26"": false, ""2026-27"": false, ""2027-28"": false, ""2028-29"": false}",2026-06-09,computed from contracts + constants,
NYK,2026-27,base,base case,"{""player_options"": ""counted at value (on books until declined)"", ""team_options"": ""counted at value (exercised) by default; only curated likely-declines (TEAM_OPTION_LIKELY_DECLINED, analyst input) excluded. Amount does not determine intent."", ""nonguaranteed"": ""treated as guaranteed (guarantee dates are Pass-2)"", ""own_free_agents"": ""approx cap hold (prior AAV) in cap basis only; not in apron salary"", ""roster_charges"": ""apron basis filled to 12 at rookie min; cap basis counts holds toward the 12"", ""repeater"": ""taxpayer flag projected forward in future seasons (apron salary > tax line)""}",197976948,4500000,2983680,0,0,0,0,0,4074000,209534628,9,7,26667238,232127866,0,0,-67127866,-8534628,-434628,12465372,first_apron,True,False,True,False,False,True,pct_110,True,True,False,True,True,False,0,0,False,none,,,,3,"[{""year"": ""2027"", ""origin"": ""BKN"", ""type"": ""incoming"", ""tradeable"": null, ""condition"": """"}, {""year"": ""2028"", ""origin"": ""NYK BKN"", ""type"": ""own_conditional_review"", ""tradeable"": null, ""condition"": ""Or swap with BKN (via BKN swap for NYK)""}, {""year"": ""2029"", ""origin"": ""BKN"", ""type"": ""incoming"", ""tradeable"": null, ""condition"": """"}, {""year"": ""2030"", ""origin"": ""NYK"", ""type"": ""own_outright"", ""tradeable"": true, ""condition"": """"}, {""year"": ""2031"", ""origin"": ""BKN"", ""type"": ""incoming"", ""tradeable"": null, ""condition"": """"}, {""year"": ""2032"", ""origin"": ""NYK"", ""type"": ""own_outright"", ""tradeable"": true, ""condition"": """"}, {""year"": ""2033"", ""origin"": ""NYK"", ""type"": ""own_outright"", ""tradeable"": true, ""condition"": """"}]",False,True,False,"{""2022-23"": false, ""2023-24"": false, ""2024-25"": true, ""2025-26"": true}",2026-06-09,computed from contracts + constants,
NYK,2027-28,base,base case,"{""player_options"": ""counted at value (on books until declined)"", ""team_options"": ""counted at value (exercised) by default; only curated likely-declines (TEAM_OPTION_LIKELY_DECLINED, analyst input) excluded. Amount does not determine intent."", ""nonguaranteed"": ""treated as guaranteed (guarantee dates are Pass-2)"", ""own_free_agents"": ""approx cap hold (prior AAV) in cap basis only; not in apron salary"", ""roster_charges"": ""apron basis filled to 12 at rookie min; cap basis counts holds toward the 12"", ""repeater"": ""taxpayer flag projected forward in future seasons (apron salary > tax line)""}",127500397,61015192,24862275,0,0,0,0,0,7265000,220642864,7,4,0,220642864,0,0,-44092864,-5572864,3094136,16897136,taxpayer,True,True,False,False,True,True,tiered_125,True,True,True,True,True,True,0,0,False,none,,,,3,"[{""year"": ""2027"", ""origin"": ""BKN"", ""type"": ""incoming"", ""tradeable"": null, ""condition"": """"}, {""year"": ""2028"", ""origin"": ""NYK BKN"", ""type"": ""own_conditional_review"", ""tradeable"": null, ""condition"": ""Or swap with BKN (via BKN swap for NYK)""}, {""year"": ""2029"", ""origin"": ""BKN"", ""type"": ""incoming"", ""tradeable"": null, ""condition"": """"}, {""year"": ""2030"", ""origin"": ""NYK"", ""type"": ""own_outright"", ""tradeable"": true, ""condition"": """"}, {""year"": ""2031"", ""origin"": ""BKN"", ""type"": ""incoming"", ""tradeable"": null, ""condition"": """"}, {""year"": ""2032"", ""origin"": ""NYK"", ""type"": ""own_outright"", ""tradeable"": true, ""condition"": """"}, {""year"": ""2033"", ""origin"": ""NYK"", ""type"": ""own_outright"", ""tradeable"": true, ""condition"": """"}]",False,True,True,"{""2023-24"": false, ""2024-25"": true, ""2025-26"": true, ""2026-27"": true}",2026-06-09,computed from contracts + constants,
NYK,2028-29,base,base case,"{""player_options"": ""counted at value (on books until declined)"", ""team_options"": ""counted at value (exercised) by default; only curated likely-declines (TEAM_OPTION_LIKELY_DECLINED, analyst input) excluded. Amount does not determine intent."", ""nonguaranteed"": ""treated as guaranteed (guarantee dates are Pass-2)"", ""own_free_agents"": ""approx cap hold (prior AAV) in cap basis only; not in apron salary"", ""roster_charges"": ""apron basis filled to 12 at rookie min; cap basis counts holds toward the 12"", ""repeater"": ""taxpayer flag projected forward in future seasons (apron salary > tax line)""}",44460078,91692629,0,0,0,0,0,0,12440000,148592707,4,2,0,148592707,40315293,40315293,40315293,81532293,90806293,105575293,under_cap,False,False,False,True,False,True,tiered_125,True,True,True,True,True,True,0,0,False,none,,,,3,"[{""year"": ""2027"", ""origin"": ""BKN"", ""type"": ""incoming"", ""tradeable"": null, ""condition"": """"}, {""year"": ""2028"", ""origin"": ""NYK BKN"", ""type"": ""own_conditional_review"", ""tradeable"": null, ""condition"": ""Or swap with BKN (via BKN swap for NYK)""}, {""year"": ""2029"", ""origin"": ""BKN"", ""type"": ""incoming"", ""tradeable"": null, ""condition"": """"}, {""year"": ""2030"", ""origin"": ""NYK"", ""type"": ""own_outright"", ""tradeable"": true, ""condition"": """"}, {""year"": ""2031"", ""origin"": ""BKN"", ""type"": ""incoming"", ""tradeable"": null, ""condition"": """"}, {""year"": ""2032"", ""origin"": ""NYK"", ""type"": ""own_outright"", ""tradeable"": true, ""condition"": """"}, {""year"": ""2033"", ""origin"": ""NYK"", ""type"": ""own_outright"", ""tradeable"": true, ""condition"": """"}]",False,False,True,"{""2024-25"": true, ""2025-26"": true, ""2026-27"": true, ""2027-28"": true}",2026-06-09,computed from contracts + constants,
NYK,2029-30,base,base case,"{""player_options"": ""counted at value (on books until declined)"", ""team_options"": ""counted at value (exercised) by default; only curated likely-declines (TEAM_OPTION_LIKELY_DECLINED, analyst input) excluded. Amount does not determine intent."", ""nonguaranteed"": ""treated as guaranteed (guarantee dates are Pass-2)"", ""own_free_agents"": ""approx cap hold (prior AAV) in cap basis only; not in apron salary"", ""roster_charges"": ""apron basis filled to 12 at rookie min; cap basis counts holds toward the 12"", ""repeater"": ""taxpayer flag projected forward in future seasons (apron salary > tax line)""}",0,41517856,0,0,0,0,0,0,18304000,59821856,1,0,0,59821856,142310144,142310144,142310144,186412144,196335144,212138144,under_cap,False,False,False,True,False,True,tiered_125,True,True,True,True,True,True,0,0,False,none,,,,3,"[{""year"": ""2027"", ""origin"": ""BKN"", ""type"": ""incoming"", ""tradeable"": null, ""condition"": """"}, {""year"": ""2028"", ""origin"": ""NYK BKN"", ""type"": ""own_conditional_review"", ""tradeable"": null, ""condition"": ""Or swap with BKN (via BKN swap for NYK)""}, {""year"": ""2029"", ""origin"": ""BKN"", ""type"": ""incoming"", ""tradeable"": null, ""condition"": """"}, {""year"": ""2030"", ""origin"": ""NYK"", ""type"": ""own_outright"", ""tradeable"": true, ""condition"": """"}, {""year"": ""2031"", ""origin"": ""BKN"", ""type"": ""incoming"", ""tradeable"": null, ""condition"": """"}, {""year"": ""2032"", ""origin"": ""NYK"", ""type"": ""own_outright"", ""tradeable"": true, ""condition"": """"}, {""year"": ""2033"", ""origin"": ""NYK"", ""type"": ""own_outright"", ""tradeable"": true, ""condition"": """"}]",False,False,True,"{""2025-26"": true, ""2026-27"": true, ""2027-28"": true, ""2028-29"": false}",2026-06-09,computed from contracts + constants,
OKC,2026-27,base,base case,"{""player_options"": ""counted at value (on books until declined)"", ""team_options"": ""counted at value (exercised) by default; only curated likely-declines (TEAM_OPTION_LIKELY_DECLINED, analyst input) excluded. Amount does not determine intent."", ""nonguaranteed"": ""treated as guaranteed (guarantee dates are Pass-2)"", ""own_free_agents"": ""approx cap hold (prior AAV) in cap basis only; not in apron salary"", ""roster_charges"": ""apron basis filled to 12 at rookie min; cap basis counts holds toward the 12"", ""repeater"": ""taxpayer flag projected forward in future seasons (apron salary > tax line)""}",195993203,0,52885222,0,0,0,0,0,0,248878425,15,12,0,248878425,0,0,-83878425,-47878425,-39778425,-26878425,second_apron,True,False,False,False,False,True,pct_100,False,False,False,False,False,False,0,0,False,none,,,,5,"[{""year"": ""2027"", ""origin"": ""DEN"", ""type"": ""incoming"", ""tradeable"": null, ""condition"": ""If 1-5""}, {""year"": ""2027"", ""origin"": ""PHI"", ""type"": ""incoming"", ""tradeable"": null, ""condition"": ""If 1-4 if not already settled with OKC""}, {""year"": ""2027"", ""origin"": ""LAC"", ""type"": ""incoming_swap"", ""tradeable"": null, ""condition"": ""Two most favorable of DEN 6-30, LAC and OKC (via OKC swap for LAC)""}, {""year"": ""2027"", ""origin"": ""OKC"", ""type"": ""own_conditional_review"", ""tradeable"": null, ""condition"": ""If 6-30""}, {""year"": ""2027"", ""origin"": ""OKC"", ""type"": ""own_conditional_review"", ""tradeable"": null, ""condition"": ""Two most favorable of DEN 6-30, LAC and OKC (via OKC swap for LAC)""}, {""year"": ""2027"", ""origin"": ""OKC"", ""type"": ""own_conditional_review"", ""tradeable"": null, ""condition"": ""If 5-30 if not already settled""}, {""year"": ""2027"", ""origin"": ""OKC"", ""type"": ""own_conditional_review"", ""tradeable"": null, ""condition"": ""If 17-30 (via SAC)""}, {""year"": ""2028"", ""origin"": ""DEN"", ""type"": ""incoming"", ""tradeable"": null, ""condition"": ""If 1-5 if not already settled with OKC""}, {""year"": ""2028"", ""origin"": ""DAL OKC"", ""type"": ""incoming_swap"", ""tradeable"": null, ""condition"": ""Or swap with OKC (via OKC swap for DAL)""}, {""year"": ""2028"", ""origin"": ""OKC"", ""type"": ""own_conditional_review"", ""tradeable"": null, ""condition"": ""If 6-30 if not already settled""}, {""year"": ""2028"", ""origin"": ""OKC DAL"", ""type"": ""own_conditional_review"", ""tradeable"": null, ""condition"": ""Or swap with DAL (via OKC swap for DAL)""}, {""year"": ""2029"", ""origin"": ""DEN"", ""type"": ""incoming"", ""tradeable"": null, ""condition"": ""If 1-5 if not already settled with OKC or 1-5 if DEN conveys 1st to OKC by 2027""}, {""year"": ""2029"", ""origin"": ""OKC"", ""type"": ""own_conditional_review"", ""tradeable"": null, ""condition"": ""If 6-30 if not already settled or 6-30 if DEN conveys 1st to OKC by 2027""}, {""year"": ""2029"", ""origin"": ""OKC"", ""type"": ""own_outright"", ""tradeable"": true, ""condition"": """"}, {""year"": ""2030"", ""origin"": ""DEN"", ""type"": ""incoming"", ""tradeable"": null, ""condition"": ""If 1-5 if not already settled with OKC or 1-5 if DEN conveys 1st to OKC by 2028""}, {""year"": ""2030"", ""origin"": ""OKC"", ""type"": ""own_conditional_review"", ""tradeable"": null, ""condition"": ""If 6-30 if not already settled or 6-30 if DEN conveys 1st to OKC by 2028""}, {""year"": ""2030"", ""origin"": ""OKC"", ""type"": ""own_outright"", ""tradeable"": true, ""condition"": """"}, {""year"": ""2031"", ""origin"": ""OKC"", ""type"": ""own_outright"", ""tradeable"": true, ""condition"": """"}, {""year"": ""2032"", ""origin"": ""OKC"", ""type"": ""own_outright"", ""tradeable"": true, ""condition"": """"}, {""year"": ""2033"", ""origin"": ""OKC"", ""type"": ""own_outright"", ""tradeable"": true, ""condition"": """"}]",False,True,False,"{""2022-23"": false, ""2023-24"": false, ""2024-25"": false, ""2025-26"": false}",2026-06-09,computed from contracts + constants,
OKC,2027-28,base,base case,"{""player_options"": ""counted at value (on books until declined)"", ""team_options"": ""counted at value (exercised) by default; only curated likely-declines (TEAM_OPTION_LIKELY_DECLINED, analyst input) excluded. Amount does not determine intent."", ""nonguaranteed"": ""treated as guaranteed (guarantee dates are Pass-2)"", ""own_free_agents"": ""approx cap hold (prior AAV) in cap basis only; not in apron salary"", ""roster_charges"": ""apron basis filled to 12 at rookie min; cap basis counts holds toward the 12"", ""repeater"": ""taxpayer flag projected forward in future seasons (apron salary > tax line)""}",192822944,0,41334531,0,0,0,0,0,0,234157475,12,6,0,234157475,0,0,-57607475,-19087475,-10420475,3382525,first_apron,True,False,True,False,False,True,pct_110,True,True,False,True,True,False,0,0,False,none,,,,5,"[{""year"": ""2027"", ""origin"": ""DEN"", ""type"": ""incoming"", ""tradeable"": null, ""condition"": ""If 1-5""}, {""year"": ""2027"", ""origin"": ""PHI"", ""type"": ""incoming"", ""tradeable"": null, ""condition"": ""If 1-4 if not already settled with OKC""}, {""year"": ""2027"", ""origin"": ""LAC"", ""type"": ""incoming_swap"", ""tradeable"": null, ""condition"": ""Two most favorable of DEN 6-30, LAC and OKC (via OKC swap for LAC)""}, {""year"": ""2027"", ""origin"": ""OKC"", ""type"": ""own_conditional_review"", ""tradeable"": null, ""condition"": ""If 6-30""}, {""year"": ""2027"", ""origin"": ""OKC"", ""type"": ""own_conditional_review"", ""tradeable"": null, ""condition"": ""Two most favorable of DEN 6-30, LAC and OKC (via OKC swap for LAC)""}, {""year"": ""2027"", ""origin"": ""OKC"", ""type"": ""own_conditional_review"", ""tradeable"": null, ""condition"": ""If 5-30 if not already settled""}, {""year"": ""2027"", ""origin"": ""OKC"", ""type"": ""own_conditional_review"", ""tradeable"": null, ""condition"": ""If 17-30 (via SAC)""}, {""year"": ""2028"", ""origin"": ""DEN"", ""type"": ""incoming"", ""tradeable"": null, ""condition"": ""If 1-5 if not already settled with OKC""}, {""year"": ""2028"", ""origin"": ""DAL OKC"", ""type"": ""incoming_swap"", ""tradeable"": null, ""condition"": ""Or swap with OKC (via OKC swap for DAL)""}, {""year"": ""2028"", ""origin"": ""OKC"", ""type"": ""own_conditional_review"", ""tradeable"": null, ""condition"": ""If 6-30 if not already settled""}, {""year"": ""2028"", ""origin"": ""OKC DAL"", ""type"": ""own_conditional_review"", ""tradeable"": null, ""condition"": ""Or swap with DAL (via OKC swap for DAL)""}, {""year"": ""2029"", ""origin"": ""DEN"", ""type"": ""incoming"", ""tradeable"": null, ""condition"": ""If 1-5 if not already settled with OKC or 1-5 if DEN conveys 1st to OKC by 2027""}, {""year"": ""2029"", ""origin"": ""OKC"", ""type"": ""own_conditional_review"", ""tradeable"": null, ""condition"": ""If 6-30 if not already settled or 6-30 if DEN conveys 1st to OKC by 2027""}, {""year"": ""2029"", ""origin"": ""OKC"", ""type"": ""own_outright"", ""tradeable"": true, ""condition"": """"}, {""year"": ""2030"", ""origin"": ""DEN"", ""type"": ""incoming"", ""tradeable"": null, ""condition"": ""If 1-5 if not already settled with OKC or 1-5 if DEN conveys 1st to OKC by 2028""}, {""year"": ""2030"", ""origin"": ""OKC"", ""type"": ""own_conditional_review"", ""tradeable"": null, ""condition"": ""If 6-30 if not already settled or 6-30 if DEN conveys 1st to OKC by 2028""}, {""year"": ""2030"", ""origin"": ""OKC"", ""type"": ""own_outright"", ""tradeable"": true, ""condition"": """"}, {""year"": ""2031"", ""origin"": ""OKC"", ""type"": ""own_outright"", ""tradeable"": true, ""condition"": """"}, {""year"": ""2032"", ""origin"": ""OKC"", ""type"": ""own_outright"", ""tradeable"": true, ""condition"": """"}, {""year"": ""2033"", ""origin"": ""OKC"", ""type"": ""own_outright"", ""tradeable"": true, ""condition"": """"}]",False,True,False,"{""2023-24"": false, ""2024-25"": false, ""2025-26"": false, ""2026-27"": true}",2026-06-09,computed from contracts + constants,
OKC,2028-29,base,base case,"{""player_options"": ""counted at value (on books until declined)"", ""team_options"": ""counted at value (exercised) by default; only curated likely-declines (TEAM_OPTION_LIKELY_DECLINED, analyst input) excluded. Amount does not determine intent."", ""nonguaranteed"": ""treated as guaranteed (guarantee dates are Pass-2)"", ""own_free_agents"": ""approx cap hold (prior AAV) in cap basis only; not in apron salary"", ""roster_charges"": ""apron basis filled to 12 at rookie min; cap basis counts holds toward the 12"", ""repeater"": ""taxpayer flag projected forward in future seasons (apron salary > tax line)""}",216053374,0,8168226,0,0,0,0,0,6220000,230441600,8,7,0,230441600,0,0,-41533600,-316600,8957400,23726400,taxpayer,True,True,False,False,True,True,tiered_125,True,True,True,True,True,True,0,0,False,none,,,,5,"[{""year"": ""2027"", ""origin"": ""DEN"", ""type"": ""incoming"", ""tradeable"": null, ""condition"": ""If 1-5""}, {""year"": ""2027"", ""origin"": ""PHI"", ""type"": ""incoming"", ""tradeable"": null, ""condition"": ""If 1-4 if not already settled with OKC""}, {""year"": ""2027"", ""origin"": ""LAC"", ""type"": ""incoming_swap"", ""tradeable"": null, ""condition"": ""Two most favorable of DEN 6-30, LAC and OKC (via OKC swap for LAC)""}, {""year"": ""2027"", ""origin"": ""OKC"", ""type"": ""own_conditional_review"", ""tradeable"": null, ""condition"": ""If 6-30""}, {""year"": ""2027"", ""origin"": ""OKC"", ""type"": ""own_conditional_review"", ""tradeable"": null, ""condition"": ""Two most favorable of DEN 6-30, LAC and OKC (via OKC swap for LAC)""}, {""year"": ""2027"", ""origin"": ""OKC"", ""type"": ""own_conditional_review"", ""tradeable"": null, ""condition"": ""If 5-30 if not already settled""}, {""year"": ""2027"", ""origin"": ""OKC"", ""type"": ""own_conditional_review"", ""tradeable"": null, ""condition"": ""If 17-30 (via SAC)""}, {""year"": ""2028"", ""origin"": ""DEN"", ""type"": ""incoming"", ""tradeable"": null, ""condition"": ""If 1-5 if not already settled with OKC""}, {""year"": ""2028"", ""origin"": ""DAL OKC"", ""type"": ""incoming_swap"", ""tradeable"": null, ""condition"": ""Or swap with OKC (via OKC swap for DAL)""}, {""year"": ""2028"", ""origin"": ""OKC"", ""type"": ""own_conditional_review"", ""tradeable"": null, ""condition"": ""If 6-30 if not already settled""}, {""year"": ""2028"", ""origin"": ""OKC DAL"", ""type"": ""own_conditional_review"", ""tradeable"": null, ""condition"": ""Or swap with DAL (via OKC swap for DAL)""}, {""year"": ""2029"", ""origin"": ""DEN"", ""type"": ""incoming"", ""tradeable"": null, ""condition"": ""If 1-5 if not already settled with OKC or 1-5 if DEN conveys 1st to OKC by 2027""}, {""year"": ""2029"", ""origin"": ""OKC"", ""type"": ""own_conditional_review"", ""tradeable"": null, ""condition"": ""If 6-30 if not already settled or 6-30 if DEN conveys 1st to OKC by 2027""}, {""year"": ""2029"", ""origin"": ""OKC"", ""type"": ""own_outright"", ""tradeable"": true, ""condition"": """"}, {""year"": ""2030"", ""origin"": ""DEN"", ""type"": ""incoming"", ""tradeable"": null, ""condition"": ""If 1-5 if not already settled with OKC or 1-5 if DEN conveys 1st to OKC by 2028""}, {""year"": ""2030"", ""origin"": ""OKC"", ""type"": ""own_conditional_review"", ""tradeable"": null, ""condition"": ""If 6-30 if not already settled or 6-30 if DEN conveys 1st to OKC by 2028""}, {""year"": ""2030"", ""origin"": ""OKC"", ""type"": ""own_outright"", ""tradeable"": true, ""condition"": """"}, {""year"": ""2031"", ""origin"": ""OKC"", ""type"": ""own_outright"", ""tradeable"": true, ""condition"": """"}, {""year"": ""2032"", ""origin"": ""OKC"", ""type"": ""own_outright"", ""tradeable"": true, ""condition"": """"}, {""year"": ""2033"", ""origin"": ""OKC"", ""type"": ""own_outright"", ""tradeable"": true, ""condition"": """"}]",False,True,False,"{""2024-25"": false, ""2025-26"": false, ""2026-27"": true, ""2027-28"": true}",2026-06-09,computed from contracts + constants,
OKC,2029-30,base,base case,"{""player_options"": ""counted at value (on books until declined)"", ""team_options"": ""counted at value (exercised) by default; only curated likely-declines (TEAM_OPTION_LIKELY_DECLINED, analyst input) excluded. Amount does not determine intent."", ""nonguaranteed"": ""treated as guaranteed (guarantee dates are Pass-2)"", ""own_free_agents"": ""approx cap hold (prior AAV) in cap basis only; not in apron salary"", ""roster_charges"": ""apron basis filled to 12 at rookie min; cap basis counts holds toward the 12"", ""repeater"": ""taxpayer flag projected forward in future seasons (apron salary > tax line)""}",187958456,0,0,0,0,0,0,0,13312000,201270456,4,4,0,201270456,861544,861544,861544,44963544,54886544,70689544,under_cap,False,False,False,True,False,True,tiered_125,True,True,True,True,True,True,0,0,False,none,,,,5,"[{""year"": ""2027"", ""origin"": ""DEN"", ""type"": ""incoming"", ""tradeable"": null, ""condition"": ""If 1-5""}, {""year"": ""2027"", ""origin"": ""PHI"", ""type"": ""incoming"", ""tradeable"": null, ""condition"": ""If 1-4 if not already settled with OKC""}, {""year"": ""2027"", ""origin"": ""LAC"", ""type"": ""incoming_swap"", ""tradeable"": null, ""condition"": ""Two most favorable of DEN 6-30, LAC and OKC (via OKC swap for LAC)""}, {""year"": ""2027"", ""origin"": ""OKC"", ""type"": ""own_conditional_review"", ""tradeable"": null, ""condition"": ""If 6-30""}, {""year"": ""2027"", ""origin"": ""OKC"", ""type"": ""own_conditional_review"", ""tradeable"": null, ""condition"": ""Two most favorable of DEN 6-30, LAC and OKC (via OKC swap for LAC)""}, {""year"": ""2027"", ""origin"": ""OKC"", ""type"": ""own_conditional_review"", ""tradeable"": null, ""condition"": ""If 5-30 if not already settled""}, {""year"": ""2027"", ""origin"": ""OKC"", ""type"": ""own_conditional_review"", ""tradeable"": null, ""condition"": ""If 17-30 (via SAC)""}, {""year"": ""2028"", ""origin"": ""DEN"", ""type"": ""incoming"", ""tradeable"": null, ""condition"": ""If 1-5 if not already settled with OKC""}, {""year"": ""2028"", ""origin"": ""DAL OKC"", ""type"": ""incoming_swap"", ""tradeable"": null, ""condition"": ""Or swap with OKC (via OKC swap for DAL)""}, {""year"": ""2028"", ""origin"": ""OKC"", ""type"": ""own_conditional_review"", ""tradeable"": null, ""condition"": ""If 6-30 if not already settled""}, {""year"": ""2028"", ""origin"": ""OKC DAL"", ""type"": ""own_conditional_review"", ""tradeable"": null, ""condition"": ""Or swap with DAL (via OKC swap for DAL)""}, {""year"": ""2029"", ""origin"": ""DEN"", ""type"": ""incoming"", ""tradeable"": null, ""condition"": ""If 1-5 if not already settled with OKC or 1-5 if DEN conveys 1st to OKC by 2027""}, {""year"": ""2029"", ""origin"": ""OKC"", ""type"": ""own_conditional_review"", ""tradeable"": null, ""condition"": ""If 6-30 if not already settled or 6-30 if DEN conveys 1st to OKC by 2027""}, {""year"": ""2029"", ""origin"": ""OKC"", ""type"": ""own_outright"", ""tradeable"": true, ""condition"": """"}, {""year"": ""2030"", ""origin"": ""DEN"", ""type"": ""incoming"", ""tradeable"": null, ""condition"": ""If 1-5 if not already settled with OKC or 1-5 if DEN conveys 1st to OKC by 2028""}, {""year"": ""2030"", ""origin"": ""OKC"", ""type"": ""own_conditional_review"", ""tradeable"": null, ""condition"": ""If 6-30 if not already settled or 6-30 if DEN conveys 1st to OKC by 2028""}, {""year"": ""2030"", ""origin"": ""OKC"", ""type"": ""own_outright"", ""tradeable"": true, ""condition"": """"}, {""year"": ""2031"", ""origin"": ""OKC"", ""type"": ""own_outright"", ""tradeable"": true, ""condition"": """"}, {""year"": ""2032"", ""origin"": ""OKC"", ""type"": ""own_outright"", ""tradeable"": true, ""condition"": """"}, {""year"": ""2033"", ""origin"": ""OKC"", ""type"": ""own_outright"", ""tradeable"": true, ""condition"": """"}]",False,False,True,"{""2025-26"": false, ""2026-27"": true, ""2027-28"": true, ""2028-29"": true}",2026-06-09,computed from contracts + constants,
ORL,2026-27,base,base case,"{""player_options"": ""counted at value (on books until declined)"", ""team_options"": ""counted at value (exercised) by default; only curated likely-declines (TEAM_OPTION_LIKELY_DECLINED, analyst input) excluded. Amount does not determine intent."", ""nonguaranteed"": ""treated as guaranteed (guarantee dates are Pass-2)"", ""own_free_agents"": ""approx cap hold (prior AAV) in cap basis only; not in apron salary"", ""roster_charges"": ""apron basis filled to 12 at rookie min; cap basis counts holds toward the 12"", ""repeater"": ""taxpayer flag projected forward in future seasons (apron salary > tax line)""}",214441895,0,2584539,0,0,0,0,0,0,217026434,12,11,21788961,238815395,0,0,-73815395,-16026434,-7926434,4973566,first_apron,True,False,True,False,False,True,pct_110,True,True,False,True,True,False,7000000,7000000,False,none,,,,3,"[{""year"": ""2027"", ""origin"": ""ORL"", ""type"": ""own_outright"", ""tradeable"": false, ""condition"": """"}, {""year"": ""2028"", ""origin"": ""POR"", ""type"": ""incoming"", ""tradeable"": null, ""condition"": ""(via MEM)""}, {""year"": ""2029"", ""origin"": ""MEM"", ""type"": ""incoming_swap"", ""tradeable"": null, ""condition"": ""If 1-2 or swap 3-30 with MEM (via MEM swap for ORL""}, {""year"": ""2029"", ""origin"": ""ORL"", ""type"": ""own_conditional_review"", ""tradeable"": null, ""condition"": ""If 1-2 or swap 3-30 with MEM (via MEM swap for ORL""}, {""year"": ""2030"", ""origin"": ""MEM"", ""type"": ""incoming"", ""tradeable"": null, ""condition"": """"}, {""year"": ""2031"", ""origin"": ""ORL"", ""type"": ""own_outright"", ""tradeable"": true, ""condition"": """"}, {""year"": ""2032"", ""origin"": ""ORL"", ""type"": ""own_outright"", ""tradeable"": true, ""condition"": """"}, {""year"": ""2033"", ""origin"": ""ORL"", ""type"": ""own_outright"", ""tradeable"": true, ""condition"": """"}]",False,True,False,"{""2022-23"": false, ""2023-24"": false, ""2024-25"": false, ""2025-26"": false}",2026-06-09,computed from contracts + constants,
ORL,2027-28,base,base case,"{""player_options"": ""counted at value (on books until declined)"", ""team_options"": ""counted at value (exercised) by default; only curated likely-declines (TEAM_OPTION_LIKELY_DECLINED, analyst input) excluded. Amount does not determine intent."", ""nonguaranteed"": ""treated as guaranteed (guarantee dates are Pass-2)"", ""own_free_agents"": ""approx cap hold (prior AAV) in cap basis only; not in apron salary"", ""roster_charges"": ""apron basis filled to 12 at rookie min; cap basis counts holds toward the 12"", ""repeater"": ""taxpayer flag projected forward in future seasons (apron salary > tax line)""}",212232141,0,9420466,0,0,0,0,0,2906000,224558607,10,8,0,224558607,0,0,-48008607,-9488607,-821607,12981393,first_apron,True,False,True,False,False,True,pct_110,True,True,False,True,True,False,0,0,False,none,,,,3,"[{""year"": ""2027"", ""origin"": ""ORL"", ""type"": ""own_outright"", ""tradeable"": false, ""condition"": """"}, {""year"": ""2028"", ""origin"": ""POR"", ""type"": ""incoming"", ""tradeable"": null, ""condition"": ""(via MEM)""}, {""year"": ""2029"", ""origin"": ""MEM"", ""type"": ""incoming_swap"", ""tradeable"": null, ""condition"": ""If 1-2 or swap 3-30 with MEM (via MEM swap for ORL""}, {""year"": ""2029"", ""origin"": ""ORL"", ""type"": ""own_conditional_review"", ""tradeable"": null, ""condition"": ""If 1-2 or swap 3-30 with MEM (via MEM swap for ORL""}, {""year"": ""2030"", ""origin"": ""MEM"", ""type"": ""incoming"", ""tradeable"": null, ""condition"": """"}, {""year"": ""2031"", ""origin"": ""ORL"", ""type"": ""own_outright"", ""tradeable"": true, ""condition"": """"}, {""year"": ""2032"", ""origin"": ""ORL"", ""type"": ""own_outright"", ""tradeable"": true, ""condition"": """"}, {""year"": ""2033"", ""origin"": ""ORL"", ""type"": ""own_outright"", ""tradeable"": true, ""condition"": """"}]",False,True,False,"{""2023-24"": false, ""2024-25"": false, ""2025-26"": false, ""2026-27"": true}",2026-06-09,computed from contracts + constants,
ORL,2028-29,base,base case,"{""player_options"": ""counted at value (on books until declined)"", ""team_options"": ""counted at value (exercised) by default; only curated likely-declines (TEAM_OPTION_LIKELY_DECLINED, analyst input) excluded. Amount does not determine intent."", ""nonguaranteed"": ""treated as guaranteed (guarantee dates are Pass-2)"", ""own_free_agents"": ""approx cap hold (prior AAV) in cap basis only; not in apron salary"", ""roster_charges"": ""apron basis filled to 12 at rookie min; cap basis counts holds toward the 12"", ""repeater"": ""taxpayer flag projected forward in future seasons (apron salary > tax line)""}",197712649,0,23734018,0,0,0,0,0,4665000,226111667,9,7,0,226111667,0,0,-37203667,4013333,13287333,28056333,over_cap_under_tax,False,True,False,False,True,True,tiered_125,True,True,True,True,True,True,0,0,False,none,,,,3,"[{""year"": ""2027"", ""origin"": ""ORL"", ""type"": ""own_outright"", ""tradeable"": false, ""condition"": """"}, {""year"": ""2028"", ""origin"": ""POR"", ""type"": ""incoming"", ""tradeable"": null, ""condition"": ""(via MEM)""}, {""year"": ""2029"", ""origin"": ""MEM"", ""type"": ""incoming_swap"", ""tradeable"": null, ""condition"": ""If 1-2 or swap 3-30 with MEM (via MEM swap for ORL""}, {""year"": ""2029"", ""origin"": ""ORL"", ""type"": ""own_conditional_review"", ""tradeable"": null, ""condition"": ""If 1-2 or swap 3-30 with MEM (via MEM swap for ORL""}, {""year"": ""2030"", ""origin"": ""MEM"", ""type"": ""incoming"", ""tradeable"": null, ""condition"": """"}, {""year"": ""2031"", ""origin"": ""ORL"", ""type"": ""own_outright"", ""tradeable"": true, ""condition"": """"}, {""year"": ""2032"", ""origin"": ""ORL"", ""type"": ""own_outright"", ""tradeable"": true, ""condition"": """"}, {""year"": ""2033"", ""origin"": ""ORL"", ""type"": ""own_outright"", ""tradeable"": true, ""condition"": """"}]",False,False,False,"{""2024-25"": false, ""2025-26"": false, ""2026-27"": true, ""2027-28"": true}",2026-06-09,computed from contracts + constants,
ORL,2029-30,base,base case,"{""player_options"": ""counted at value (on books until declined)"", ""team_options"": ""counted at value (exercised) by default; only curated likely-declines (TEAM_OPTION_LIKELY_DECLINED, analyst input) excluded. Amount does not determine intent."", ""nonguaranteed"": ""treated as guaranteed (guarantee dates are Pass-2)"", ""own_free_agents"": ""approx cap hold (prior AAV) in cap basis only; not in apron salary"", ""roster_charges"": ""apron basis filled to 12 at rookie min; cap basis counts holds toward the 12"", ""repeater"": ""taxpayer flag projected forward in future seasons (apron salary > tax line)""}",138157618,0,0,0,0,0,0,0,13312000,151469618,4,4,0,151469618,50662382,50662382,50662382,94764382,104687382,120490382,under_cap,False,False,False,True,False,True,tiered_125,True,True,True,True,True,True,0,0,False,none,,,,3,"[{""year"": ""2027"", ""origin"": ""ORL"", ""type"": ""own_outright"", ""tradeable"": false, ""condition"": """"}, {""year"": ""2028"", ""origin"": ""POR"", ""type"": ""incoming"", ""tradeable"": null, ""condition"": ""(via MEM)""}, {""year"": ""2029"", ""origin"": ""MEM"", ""type"": ""incoming_swap"", ""tradeable"": null, ""condition"": ""If 1-2 or swap 3-30 with MEM (via MEM swap for ORL""}, {""year"": ""2029"", ""origin"": ""ORL"", ""type"": ""own_conditional_review"", ""tradeable"": null, ""condition"": ""If 1-2 or swap 3-30 with MEM (via MEM swap for ORL""}, {""year"": ""2030"", ""origin"": ""MEM"", ""type"": ""incoming"", ""tradeable"": null, ""condition"": """"}, {""year"": ""2031"", ""origin"": ""ORL"", ""type"": ""own_outright"", ""tradeable"": true, ""condition"": """"}, {""year"": ""2032"", ""origin"": ""ORL"", ""type"": ""own_outright"", ""tradeable"": true, ""condition"": """"}, {""year"": ""2033"", ""origin"": ""ORL"", ""type"": ""own_outright"", ""tradeable"": true, ""condition"": """"}]",False,False,False,"{""2025-26"": false, ""2026-27"": true, ""2027-28"": true, ""2028-29"": false}",2026-06-09,computed from contracts + constants,
PHI,2026-27,base,base case,"{""player_options"": ""counted at value (on books until declined)"", ""team_options"": ""counted at value (exercised) by default; only curated likely-declines (TEAM_OPTION_LIKELY_DECLINED, analyst input) excluded. Amount does not determine intent."", ""nonguaranteed"": ""treated as guaranteed (guarantee dates are Pass-2)"", ""own_free_agents"": ""approx cap hold (prior AAV) in cap basis only; not in apron salary"", ""roster_charges"": ""apron basis filled to 12 at rookie min; cap basis counts holds toward the 12"", ""repeater"": ""taxpayer flag projected forward in future seasons (apron salary > tax line)""}",172958076,0,11385424,0,0,0,0,0,1358000,185701500,11,7,28904193,213247693,0,0,-48247693,15298500,23398500,36298500,over_cap_under_tax,False,True,False,False,True,True,tiered_125,True,True,True,True,True,True,0,0,False,none,,,,5,"[{""year"": ""2027"", ""origin"": ""OKC"", ""type"": ""incoming"", ""tradeable"": null, ""condition"": ""If 5-30 if not already settled""}, {""year"": ""2027"", ""origin"": ""PHI"", ""type"": ""own_conditional_review"", ""tradeable"": null, ""condition"": ""If 1-4 if not already settled with OKC""}, {""year"": ""2028"", ""origin"": ""BKN"", ""type"": ""incoming"", ""tradeable"": null, ""condition"": ""If 9-30 and if PHI conveys 1st to OKC by 2026""}, {""year"": ""2028"", ""origin"": ""PHI"", ""type"": ""own_conditional_review"", ""tradeable"": null, ""condition"": ""If 1-8 and if PHI conveys 1st to OKC by 2026""}, {""year"": ""2028"", ""origin"": ""PHI"", ""type"": ""own_outright"", ""tradeable"": true, ""condition"": """"}, {""year"": ""2029"", ""origin"": ""LAC PHI"", ""type"": ""incoming_swap"", ""tradeable"": null, ""condition"": ""Or swap 4-30 with PHI (via PHI swap for LAC)""}, {""year"": ""2029"", ""origin"": ""PHI LAC"", ""type"": ""own_conditional_review"", ""tradeable"": null, ""condition"": ""Or swap with LAC 4-30 (via PHI swap for LAC)""}, {""year"": ""2030"", ""origin"": ""PHI"", ""type"": ""own_outright"", ""tradeable"": true, ""condition"": """"}, {""year"": ""2031"", ""origin"": ""PHI"", ""type"": ""own_outright"", ""tradeable"": true, ""condition"": """"}, {""year"": ""2032"", ""origin"": ""PHI"", ""type"": ""own_outright"", ""tradeable"": true, ""condition"": """"}, {""year"": ""2033"", ""origin"": ""PHI"", ""type"": ""own_outright"", ""tradeable"": true, ""condition"": """"}]",False,False,False,"{""2022-23"": false, ""2023-24"": false, ""2024-25"": false, ""2025-26"": false}",2026-06-09,computed from contracts + constants,
PHI,2027-28,base,base case,"{""player_options"": ""counted at value (on books until declined)"", ""team_options"": ""counted at value (exercised) by default; only curated likely-declines (TEAM_OPTION_LIKELY_DECLINED, analyst input) excluded. Amount does not determine intent."", ""nonguaranteed"": ""treated as guaranteed (guarantee dates are Pass-2)"", ""own_free_agents"": ""approx cap hold (prior AAV) in cap basis only; not in apron salary"", ""roster_charges"": ""apron basis filled to 12 at rookie min; cap basis counts holds toward the 12"", ""repeater"": ""taxpayer flag projected forward in future seasons (apron salary > tax line)""}",110410320,56586670,17323469,0,0,0,0,0,7265000,191585459,7,3,0,191585459,0,0,-15035459,23484541,32151541,45954541,over_cap_under_tax,False,True,False,False,True,True,tiered_125,True,True,True,True,True,True,0,0,False,none,,,,5,"[{""year"": ""2027"", ""origin"": ""OKC"", ""type"": ""incoming"", ""tradeable"": null, ""condition"": ""If 5-30 if not already settled""}, {""year"": ""2027"", ""origin"": ""PHI"", ""type"": ""own_conditional_review"", ""tradeable"": null, ""condition"": ""If 1-4 if not already settled with OKC""}, {""year"": ""2028"", ""origin"": ""BKN"", ""type"": ""incoming"", ""tradeable"": null, ""condition"": ""If 9-30 and if PHI conveys 1st to OKC by 2026""}, {""year"": ""2028"", ""origin"": ""PHI"", ""type"": ""own_conditional_review"", ""tradeable"": null, ""condition"": ""If 1-8 and if PHI conveys 1st to OKC by 2026""}, {""year"": ""2028"", ""origin"": ""PHI"", ""type"": ""own_outright"", ""tradeable"": true, ""condition"": """"}, {""year"": ""2029"", ""origin"": ""LAC PHI"", ""type"": ""incoming_swap"", ""tradeable"": null, ""condition"": ""Or swap 4-30 with PHI (via PHI swap for LAC)""}, {""year"": ""2029"", ""origin"": ""PHI LAC"", ""type"": ""own_conditional_review"", ""tradeable"": null, ""condition"": ""Or swap with LAC 4-30 (via PHI swap for LAC)""}, {""year"": ""2030"", ""origin"": ""PHI"", ""type"": ""own_outright"", ""tradeable"": true, ""condition"": """"}, {""year"": ""2031"", ""origin"": ""PHI"", ""type"": ""own_outright"", ""tradeable"": true, ""condition"": """"}, {""year"": ""2032"", ""origin"": ""PHI"", ""type"": ""own_outright"", ""tradeable"": true, ""condition"": """"}, {""year"": ""2033"", ""origin"": ""PHI"", ""type"": ""own_outright"", ""tradeable"": true, ""condition"": """"}]",False,False,False,"{""2023-24"": false, ""2024-25"": false, ""2025-26"": false, ""2026-27"": false}",2026-06-09,computed from contracts + constants,
PHI,2028-29,base,base case,"{""player_options"": ""counted at value (on books until declined)"", ""team_options"": ""counted at value (exercised) by default; only curated likely-declines (TEAM_OPTION_LIKELY_DECLINED, analyst input) excluded. Amount does not determine intent."", ""nonguaranteed"": ""treated as guaranteed (guarantee dates are Pass-2)"", ""own_free_agents"": ""approx cap hold (prior AAV) in cap basis only; not in apron salary"", ""roster_charges"": ""apron basis filled to 12 at rookie min; cap basis counts holds toward the 12"", ""repeater"": ""taxpayer flag projected forward in future seasons (apron salary > tax line)""}",130905028,0,2735698,0,0,0,0,0,12440000,146080726,4,3,0,146080726,42827274,42827274,42827274,84044274,93318274,108087274,under_cap,False,False,False,True,False,True,tiered_125,True,True,True,True,True,True,0,0,False,none,,,,5,"[{""year"": ""2027"", ""origin"": ""OKC"", ""type"": ""incoming"", ""tradeable"": null, ""condition"": ""If 5-30 if not already settled""}, {""year"": ""2027"", ""origin"": ""PHI"", ""type"": ""own_conditional_review"", ""tradeable"": null, ""condition"": ""If 1-4 if not already settled with OKC""}, {""year"": ""2028"", ""origin"": ""BKN"", ""type"": ""incoming"", ""tradeable"": null, ""condition"": ""If 9-30 and if PHI conveys 1st to OKC by 2026""}, {""year"": ""2028"", ""origin"": ""PHI"", ""type"": ""own_conditional_review"", ""tradeable"": null, ""condition"": ""If 1-8 and if PHI conveys 1st to OKC by 2026""}, {""year"": ""2028"", ""origin"": ""PHI"", ""type"": ""own_outright"", ""tradeable"": true, ""condition"": """"}, {""year"": ""2029"", ""origin"": ""LAC PHI"", ""type"": ""incoming_swap"", ""tradeable"": null, ""condition"": ""Or swap 4-30 with PHI (via PHI swap for LAC)""}, {""year"": ""2029"", ""origin"": ""PHI LAC"", ""type"": ""own_conditional_review"", ""tradeable"": null, ""condition"": ""Or swap with LAC 4-30 (via PHI swap for LAC)""}, {""year"": ""2030"", ""origin"": ""PHI"", ""type"": ""own_outright"", ""tradeable"": true, ""condition"": """"}, {""year"": ""2031"", ""origin"": ""PHI"", ""type"": ""own_outright"", ""tradeable"": true, ""condition"": """"}, {""year"": ""2032"", ""origin"": ""PHI"", ""type"": ""own_outright"", ""tradeable"": true, ""condition"": """"}, {""year"": ""2033"", ""origin"": ""PHI"", ""type"": ""own_outright"", ""tradeable"": true, ""condition"": """"}]",False,False,False,"{""2024-25"": false, ""2025-26"": false, ""2026-27"": false, ""2027-28"": false}",2026-06-09,computed from contracts + constants,
PHI,2029-30,base,base case,"{""player_options"": ""counted at value (on books until declined)"", ""team_options"": ""counted at value (exercised) by default; only curated likely-declines (TEAM_OPTION_LIKELY_DECLINED, analyst input) excluded. Amount does not determine intent."", ""nonguaranteed"": ""treated as guaranteed (guarantee dates are Pass-2)"", ""own_free_agents"": ""approx cap hold (prior AAV) in cap basis only; not in apron salary"", ""roster_charges"": ""apron basis filled to 12 at rookie min; cap basis counts holds toward the 12"", ""repeater"": ""taxpayer flag projected forward in future seasons (apron salary > tax line)""}",21809367,0,0,0,0,0,0,0,18304000,40113367,1,1,0,40113367,162018633,162018633,162018633,206120633,216043633,231846633,under_cap,False,False,False,True,False,True,tiered_125,True,True,True,True,True,True,0,0,False,none,,,,5,"[{""year"": ""2027"", ""origin"": ""OKC"", ""type"": ""incoming"", ""tradeable"": null, ""condition"": ""If 5-30 if not already settled""}, {""year"": ""2027"", ""origin"": ""PHI"", ""type"": ""own_conditional_review"", ""tradeable"": null, ""condition"": ""If 1-4 if not already settled with OKC""}, {""year"": ""2028"", ""origin"": ""BKN"", ""type"": ""incoming"", ""tradeable"": null, ""condition"": ""If 9-30 and if PHI conveys 1st to OKC by 2026""}, {""year"": ""2028"", ""origin"": ""PHI"", ""type"": ""own_conditional_review"", ""tradeable"": null, ""condition"": ""If 1-8 and if PHI conveys 1st to OKC by 2026""}, {""year"": ""2028"", ""origin"": ""PHI"", ""type"": ""own_outright"", ""tradeable"": true, ""condition"": """"}, {""year"": ""2029"", ""origin"": ""LAC PHI"", ""type"": ""incoming_swap"", ""tradeable"": null, ""condition"": ""Or swap 4-30 with PHI (via PHI swap for LAC)""}, {""year"": ""2029"", ""origin"": ""PHI LAC"", ""type"": ""own_conditional_review"", ""tradeable"": null, ""condition"": ""Or swap with LAC 4-30 (via PHI swap for LAC)""}, {""year"": ""2030"", ""origin"": ""PHI"", ""type"": ""own_outright"", ""tradeable"": true, ""condition"": """"}, {""year"": ""2031"", ""origin"": ""PHI"", ""type"": ""own_outright"", ""tradeable"": true, ""condition"": """"}, {""year"": ""2032"", ""origin"": ""PHI"", ""type"": ""own_outright"", ""tradeable"": true, ""condition"": """"}, {""year"": ""2033"", ""origin"": ""PHI"", ""type"": ""own_outright"", ""tradeable"": true, ""condition"": """"}]",False,False,False,"{""2025-26"": false, ""2026-27"": false, ""2027-28"": false, ""2028-29"": false}",2026-06-09,computed from contracts + constants,
PHX,2026-27,base,base case,"{""player_options"": ""counted at value (on books until declined)"", ""team_options"": ""counted at value (exercised) by default; only curated likely-declines (TEAM_OPTION_LIKELY_DECLINED, analyst input) excluded. Amount does not determine intent."", ""nonguaranteed"": ""treated as guaranteed (guarantee dates are Pass-2)"", ""own_free_agents"": ""approx cap hold (prior AAV) in cap basis only; not in apron salary"", ""roster_charges"": ""apron basis filled to 12 at rookie min; cap basis counts holds toward the 12"", ""repeater"": ""taxpayer flag projected forward in future seasons (apron salary > tax line)""}",188591205,0,5602697,0,0,0,0,0,0,194193902,15,13,11040207,205234109,0,0,-40234109,6806098,14906098,27806098,over_cap_under_tax,False,True,False,False,True,True,tiered_125,True,True,True,True,True,True,0,0,False,none,,,,1,"[{""year"": ""2027"", ""origin"": ""HOU"", ""type"": ""incoming"", ""tradeable"": null, ""condition"": ""(via BKN)""}, {""year"": ""2027"", ""origin"": ""PHX"", ""type"": ""own_conditional_review"", ""tradeable"": null, ""condition"": ""Least favorable of CLE, MIN and UTA to PHX then others to UTA (via UTA)""}, {""year"": ""2028"", ""origin"": ""PHX"", ""type"": ""own_conditional_review"", ""tradeable"": null, ""condition"": ""Least Favorable of WAS and BKN, PHI 9-30 if not already settled and if PHI conveys 1st to OKC by 2026 and PHX (via BKN and WAS swap for PHX)""}, {""year"": ""2029"", ""origin"": ""HOU"", ""type"": ""incoming"", ""tradeable"": null, ""condition"": ""Two most favorable of BKN, DAL and PHX to HOU then other to BKN""}, {""year"": ""2030"", ""origin"": ""PHX"", ""type"": ""own_conditional_review"", ""tradeable"": null, ""condition"": ""Least favorable of PHX, MEM and WAS""}, {""year"": ""2031"", ""origin"": ""MEM"", ""type"": ""incoming"", ""tradeable"": null, ""condition"": ""(via UTA)""}, {""year"": ""2032"", ""origin"": ""PHX"", ""type"": ""frozen_untradeable"", ""tradeable"": false, ""condition"": ""FROZEN PICK""}, {""year"": ""2033"", ""origin"": ""PHX"", ""type"": ""own_outright"", ""tradeable"": true, ""condition"": """"}]",False,False,True,"{""2022-23"": true, ""2023-24"": true, ""2024-25"": true, ""2025-26"": false}",2026-06-09,computed from contracts + constants,
PHX,2027-28,base,base case,"{""player_options"": ""counted at value (on books until declined)"", ""team_options"": ""counted at value (exercised) by default; only curated likely-declines (TEAM_OPTION_LIKELY_DECLINED, analyst input) excluded. Amount does not determine intent."", ""nonguaranteed"": ""treated as guaranteed (guarantee dates are Pass-2)"", ""own_free_agents"": ""approx cap hold (prior AAV) in cap basis only; not in apron salary"", ""roster_charges"": ""apron basis filled to 12 at rookie min; cap basis counts holds toward the 12"", ""repeater"": ""taxpayer flag projected forward in future seasons (apron salary > tax line)""}",97656246,55375000,11642713,0,0,0,0,0,4359000,169032959,9,5,0,169032959,7517041,7517041,7517041,46037041,54704041,68507041,under_cap,False,False,False,True,False,True,tiered_125,True,True,True,True,True,True,0,0,False,none,,,,1,"[{""year"": ""2027"", ""origin"": ""HOU"", ""type"": ""incoming"", ""tradeable"": null, ""condition"": ""(via BKN)""}, {""year"": ""2027"", ""origin"": ""PHX"", ""type"": ""own_conditional_review"", ""tradeable"": null, ""condition"": ""Least favorable of CLE, MIN and UTA to PHX then others to UTA (via UTA)""}, {""year"": ""2028"", ""origin"": ""PHX"", ""type"": ""own_conditional_review"", ""tradeable"": null, ""condition"": ""Least Favorable of WAS and BKN, PHI 9-30 if not already settled and if PHI conveys 1st to OKC by 2026 and PHX (via BKN and WAS swap for PHX)""}, {""year"": ""2029"", ""origin"": ""HOU"", ""type"": ""incoming"", ""tradeable"": null, ""condition"": ""Two most favorable of BKN, DAL and PHX to HOU then other to BKN""}, {""year"": ""2030"", ""origin"": ""PHX"", ""type"": ""own_conditional_review"", ""tradeable"": null, ""condition"": ""Least favorable of PHX, MEM and WAS""}, {""year"": ""2031"", ""origin"": ""MEM"", ""type"": ""incoming"", ""tradeable"": null, ""condition"": ""(via UTA)""}, {""year"": ""2032"", ""origin"": ""PHX"", ""type"": ""frozen_untradeable"", ""tradeable"": false, ""condition"": ""FROZEN PICK""}, {""year"": ""2033"", ""origin"": ""PHX"", ""type"": ""own_outright"", ""tradeable"": true, ""condition"": """"}]",False,False,False,"{""2023-24"": true, ""2024-25"": true, ""2025-26"": false, ""2026-27"": false}",2026-06-09,computed from contracts + constants,
PHX,2028-29,base,base case,"{""player_options"": ""counted at value (on books until declined)"", ""team_options"": ""counted at value (exercised) by default; only curated likely-declines (TEAM_OPTION_LIKELY_DECLINED, analyst input) excluded. Amount does not determine intent."", ""nonguaranteed"": ""treated as guaranteed (guarantee dates are Pass-2)"", ""own_free_agents"": ""approx cap hold (prior AAV) in cap basis only; not in apron salary"", ""roster_charges"": ""apron basis filled to 12 at rookie min; cap basis counts holds toward the 12"", ""repeater"": ""taxpayer flag projected forward in future seasons (apron salary > tax line)""}",108795162,0,2735698,0,0,0,0,0,9330000,120860860,6,5,0,120860860,68047140,68047140,68047140,109264140,118538140,133307140,under_cap,False,False,False,True,False,True,tiered_125,True,True,True,True,True,True,0,0,False,none,,,,1,"[{""year"": ""2027"", ""origin"": ""HOU"", ""type"": ""incoming"", ""tradeable"": null, ""condition"": ""(via BKN)""}, {""year"": ""2027"", ""origin"": ""PHX"", ""type"": ""own_conditional_review"", ""tradeable"": null, ""condition"": ""Least favorable of CLE, MIN and UTA to PHX then others to UTA (via UTA)""}, {""year"": ""2028"", ""origin"": ""PHX"", ""type"": ""own_conditional_review"", ""tradeable"": null, ""condition"": ""Least Favorable of WAS and BKN, PHI 9-30 if not already settled and if PHI conveys 1st to OKC by 2026 and PHX (via BKN and WAS swap for PHX)""}, {""year"": ""2029"", ""origin"": ""HOU"", ""type"": ""incoming"", ""tradeable"": null, ""condition"": ""Two most favorable of BKN, DAL and PHX to HOU then other to BKN""}, {""year"": ""2030"", ""origin"": ""PHX"", ""type"": ""own_conditional_review"", ""tradeable"": null, ""condition"": ""Least favorable of PHX, MEM and WAS""}, {""year"": ""2031"", ""origin"": ""MEM"", ""type"": ""incoming"", ""tradeable"": null, ""condition"": ""(via UTA)""}, {""year"": ""2032"", ""origin"": ""PHX"", ""type"": ""frozen_untradeable"", ""tradeable"": false, ""condition"": ""FROZEN PICK""}, {""year"": ""2033"", ""origin"": ""PHX"", ""type"": ""own_outright"", ""tradeable"": true, ""condition"": """"}]",False,False,False,"{""2024-25"": true, ""2025-26"": false, ""2026-27"": false, ""2027-28"": false}",2026-06-09,computed from contracts + constants,
PHX,2029-30,base,base case,"{""player_options"": ""counted at value (on books until declined)"", ""team_options"": ""counted at value (exercised) by default; only curated likely-declines (TEAM_OPTION_LIKELY_DECLINED, analyst input) excluded. Amount does not determine intent."", ""nonguaranteed"": ""treated as guaranteed (guarantee dates are Pass-2)"", ""own_free_agents"": ""approx cap hold (prior AAV) in cap basis only; not in apron salary"", ""roster_charges"": ""apron basis filled to 12 at rookie min; cap basis counts holds toward the 12"", ""repeater"": ""taxpayer flag projected forward in future seasons (apron salary > tax line)""}",110292572,0,0,0,0,0,0,0,13312000,123604572,4,4,0,123604572,78527428,78527428,78527428,122629428,132552428,148355428,under_cap,False,False,False,True,False,True,tiered_125,True,True,True,True,True,True,0,0,False,none,,,,1,"[{""year"": ""2027"", ""origin"": ""HOU"", ""type"": ""incoming"", ""tradeable"": null, ""condition"": ""(via BKN)""}, {""year"": ""2027"", ""origin"": ""PHX"", ""type"": ""own_conditional_review"", ""tradeable"": null, ""condition"": ""Least favorable of CLE, MIN and UTA to PHX then others to UTA (via UTA)""}, {""year"": ""2028"", ""origin"": ""PHX"", ""type"": ""own_conditional_review"", ""tradeable"": null, ""condition"": ""Least Favorable of WAS and BKN, PHI 9-30 if not already settled and if PHI conveys 1st to OKC by 2026 and PHX (via BKN and WAS swap for PHX)""}, {""year"": ""2029"", ""origin"": ""HOU"", ""type"": ""incoming"", ""tradeable"": null, ""condition"": ""Two most favorable of BKN, DAL and PHX to HOU then other to BKN""}, {""year"": ""2030"", ""origin"": ""PHX"", ""type"": ""own_conditional_review"", ""tradeable"": null, ""condition"": ""Least favorable of PHX, MEM and WAS""}, {""year"": ""2031"", ""origin"": ""MEM"", ""type"": ""incoming"", ""tradeable"": null, ""condition"": ""(via UTA)""}, {""year"": ""2032"", ""origin"": ""PHX"", ""type"": ""frozen_untradeable"", ""tradeable"": false, ""condition"": ""FROZEN PICK""}, {""year"": ""2033"", ""origin"": ""PHX"", ""type"": ""own_outright"", ""tradeable"": true, ""condition"": """"}]",False,False,False,"{""2025-26"": false, ""2026-27"": false, ""2027-28"": false, ""2028-29"": false}",2026-06-09,computed from contracts + constants,
POR,2026-27,base,base case,"{""player_options"": ""counted at value (on books until declined)"", ""team_options"": ""counted at value (exercised) by default; only curated likely-declines (TEAM_OPTION_LIKELY_DECLINED, analyst input) excluded. Amount does not determine intent."", ""nonguaranteed"": ""treated as guaranteed (guarantee dates are Pass-2)"", ""own_free_agents"": ""approx cap hold (prior AAV) in cap basis only; not in apron salary"", ""roster_charges"": ""apron basis filled to 12 at rookie min; cap basis counts holds toward the 12"", ""repeater"": ""taxpayer flag projected forward in future seasons (apron salary > tax line)""}",170198040,0,0,0,0,0,0,0,0,170198040,13,13,25403870,195601910,0,0,-30601910,30801960,38901960,51801960,over_cap_under_tax,False,True,False,False,True,True,tiered_125,True,True,True,True,True,True,0,0,False,none,,,,3,"[{""year"": ""2027"", ""origin"": ""CHI"", ""type"": ""incoming"", ""tradeable"": null, ""condition"": ""If 15-30 if not already settled""}, {""year"": ""2027"", ""origin"": ""POR"", ""type"": ""own_conditional_review"", ""tradeable"": null, ""condition"": ""If 1-14 if not already settled with CHI""}, {""year"": ""2028"", ""origin"": ""CHI"", ""type"": ""incoming"", ""tradeable"": null, ""condition"": ""If 15-30 if not already settled""}, {""year"": ""2028"", ""origin"": ""MIL POR"", ""type"": ""incoming_swap"", ""tradeable"": null, ""condition"": ""Or swap with POR (via POR swap for MIL)""}, {""year"": ""2028"", ""origin"": ""POR"", ""type"": ""own_conditional_review"", ""tradeable"": null, ""condition"": ""(via MEM)""}, {""year"": ""2028"", ""origin"": ""POR"", ""type"": ""own_conditional_review"", ""tradeable"": null, ""condition"": ""If 1-14 if not already settled with CHI or swap with MIL""}, {""year"": ""2029"", ""origin"": ""WAS"", ""type"": ""incoming"", ""tradeable"": null, ""condition"": ""Two most favorable of BKN, DAL and PHX to HOU then other to BKN""}, {""year"": ""2029"", ""origin"": ""POR"", ""type"": ""own_conditional_review"", ""tradeable"": null, ""condition"": ""Most and least favorable of BOS, MIL and POR to POR then other to WAS (via BOS to POR; via MIL to POR; via POR to WAS)""}, {""year"": ""2029"", ""origin"": ""POR"", ""type"": ""own_conditional_review"", ""tradeable"": null, ""condition"": ""Most and least favorable of BOS, MIL and POR to POR then other to WAS (via BOS to POR; via MIL to POR; via POR to WAS)""}, {""year"": ""2030"", ""origin"": ""MIL POR"", ""type"": ""incoming_swap"", ""tradeable"": null, ""condition"": ""Or swap with POR (via POR swap for MIL)""}, {""year"": ""2030"", ""origin"": ""POR MIL"", ""type"": ""own_conditional_review"", ""tradeable"": null, ""condition"": ""Or swap with MIL""}, {""year"": ""2031"", ""origin"": ""POR"", ""type"": ""own_outright"", ""tradeable"": true, ""condition"": """"}, {""year"": ""2032"", ""origin"": ""POR"", ""type"": ""own_outright"", ""tradeable"": true, ""condition"": """"}, {""year"": ""2033"", ""origin"": ""POR"", ""type"": ""own_outright"", ""tradeable"": true, ""condition"": """"}]",False,False,False,"{""2022-23"": false, ""2023-24"": false, ""2024-25"": false, ""2025-26"": false}",2026-06-09,computed from contracts + constants,
POR,2027-28,base,base case,"{""player_options"": ""counted at value (on books until declined)"", ""team_options"": ""counted at value (exercised) by default; only curated likely-declines (TEAM_OPTION_LIKELY_DECLINED, analyst input) excluded. Amount does not determine intent."", ""nonguaranteed"": ""treated as guaranteed (guarantee dates are Pass-2)"", ""own_free_agents"": ""approx cap hold (prior AAV) in cap basis only; not in apron salary"", ""roster_charges"": ""apron basis filled to 12 at rookie min; cap basis counts holds toward the 12"", ""repeater"": ""taxpayer flag projected forward in future seasons (apron salary > tax line)""}",80814425,87717790,17420303,0,0,0,0,0,0,185952518,12,6,0,185952518,0,0,-9402518,29117482,37784482,51587482,over_cap_under_tax,False,True,False,False,True,True,tiered_125,True,True,True,True,True,True,0,0,False,none,,,,3,"[{""year"": ""2027"", ""origin"": ""CHI"", ""type"": ""incoming"", ""tradeable"": null, ""condition"": ""If 15-30 if not already settled""}, {""year"": ""2027"", ""origin"": ""POR"", ""type"": ""own_conditional_review"", ""tradeable"": null, ""condition"": ""If 1-14 if not already settled with CHI""}, {""year"": ""2028"", ""origin"": ""CHI"", ""type"": ""incoming"", ""tradeable"": null, ""condition"": ""If 15-30 if not already settled""}, {""year"": ""2028"", ""origin"": ""MIL POR"", ""type"": ""incoming_swap"", ""tradeable"": null, ""condition"": ""Or swap with POR (via POR swap for MIL)""}, {""year"": ""2028"", ""origin"": ""POR"", ""type"": ""own_conditional_review"", ""tradeable"": null, ""condition"": ""(via MEM)""}, {""year"": ""2028"", ""origin"": ""POR"", ""type"": ""own_conditional_review"", ""tradeable"": null, ""condition"": ""If 1-14 if not already settled with CHI or swap with MIL""}, {""year"": ""2029"", ""origin"": ""WAS"", ""type"": ""incoming"", ""tradeable"": null, ""condition"": ""Two most favorable of BKN, DAL and PHX to HOU then other to BKN""}, {""year"": ""2029"", ""origin"": ""POR"", ""type"": ""own_conditional_review"", ""tradeable"": null, ""condition"": ""Most and least favorable of BOS, MIL and POR to POR then other to WAS (via BOS to POR; via MIL to POR; via POR to WAS)""}, {""year"": ""2029"", ""origin"": ""POR"", ""type"": ""own_conditional_review"", ""tradeable"": null, ""condition"": ""Most and least favorable of BOS, MIL and POR to POR then other to WAS (via BOS to POR; via MIL to POR; via POR to WAS)""}, {""year"": ""2030"", ""origin"": ""MIL POR"", ""type"": ""incoming_swap"", ""tradeable"": null, ""condition"": ""Or swap with POR (via POR swap for MIL)""}, {""year"": ""2030"", ""origin"": ""POR MIL"", ""type"": ""own_conditional_review"", ""tradeable"": null, ""condition"": ""Or swap with MIL""}, {""year"": ""2031"", ""origin"": ""POR"", ""type"": ""own_outright"", ""tradeable"": true, ""condition"": """"}, {""year"": ""2032"", ""origin"": ""POR"", ""type"": ""own_outright"", ""tradeable"": true, ""condition"": """"}, {""year"": ""2033"", ""origin"": ""POR"", ""type"": ""own_outright"", ""tradeable"": true, ""condition"": """"}]",False,False,False,"{""2023-24"": false, ""2024-25"": false, ""2025-26"": false, ""2026-27"": false}",2026-06-09,computed from contracts + constants,
POR,2028-29,base,base case,"{""player_options"": ""counted at value (on books until declined)"", ""team_options"": ""counted at value (exercised) by default; only curated likely-declines (TEAM_OPTION_LIKELY_DECLINED, analyst input) excluded. Amount does not determine intent."", ""nonguaranteed"": ""treated as guaranteed (guarantee dates are Pass-2)"", ""own_free_agents"": ""approx cap hold (prior AAV) in cap basis only; not in apron salary"", ""roster_charges"": ""apron basis filled to 12 at rookie min; cap basis counts holds toward the 12"", ""repeater"": ""taxpayer flag projected forward in future seasons (apron salary > tax line)""}",65501552,0,0,0,0,0,0,0,12440000,77941552,4,4,0,77941552,110966448,110966448,110966448,152183448,161457448,176226448,under_cap,False,False,False,True,False,True,tiered_125,True,True,True,True,True,True,0,0,False,none,,,,3,"[{""year"": ""2027"", ""origin"": ""CHI"", ""type"": ""incoming"", ""tradeable"": null, ""condition"": ""If 15-30 if not already settled""}, {""year"": ""2027"", ""origin"": ""POR"", ""type"": ""own_conditional_review"", ""tradeable"": null, ""condition"": ""If 1-14 if not already settled with CHI""}, {""year"": ""2028"", ""origin"": ""CHI"", ""type"": ""incoming"", ""tradeable"": null, ""condition"": ""If 15-30 if not already settled""}, {""year"": ""2028"", ""origin"": ""MIL POR"", ""type"": ""incoming_swap"", ""tradeable"": null, ""condition"": ""Or swap with POR (via POR swap for MIL)""}, {""year"": ""2028"", ""origin"": ""POR"", ""type"": ""own_conditional_review"", ""tradeable"": null, ""condition"": ""(via MEM)""}, {""year"": ""2028"", ""origin"": ""POR"", ""type"": ""own_conditional_review"", ""tradeable"": null, ""condition"": ""If 1-14 if not already settled with CHI or swap with MIL""}, {""year"": ""2029"", ""origin"": ""WAS"", ""type"": ""incoming"", ""tradeable"": null, ""condition"": ""Two most favorable of BKN, DAL and PHX to HOU then other to BKN""}, {""year"": ""2029"", ""origin"": ""POR"", ""type"": ""own_conditional_review"", ""tradeable"": null, ""condition"": ""Most and least favorable of BOS, MIL and POR to POR then other to WAS (via BOS to POR; via MIL to POR; via POR to WAS)""}, {""year"": ""2029"", ""origin"": ""POR"", ""type"": ""own_conditional_review"", ""tradeable"": null, ""condition"": ""Most and least favorable of BOS, MIL and POR to POR then other to WAS (via BOS to POR; via MIL to POR; via POR to WAS)""}, {""year"": ""2030"", ""origin"": ""MIL POR"", ""type"": ""incoming_swap"", ""tradeable"": null, ""condition"": ""Or swap with POR (via POR swap for MIL)""}, {""year"": ""2030"", ""origin"": ""POR MIL"", ""type"": ""own_conditional_review"", ""tradeable"": null, ""condition"": ""Or swap with MIL""}, {""year"": ""2031"", ""origin"": ""POR"", ""type"": ""own_outright"", ""tradeable"": true, ""condition"": """"}, {""year"": ""2032"", ""origin"": ""POR"", ""type"": ""own_outright"", ""tradeable"": true, ""condition"": """"}, {""year"": ""2033"", ""origin"": ""POR"", ""type"": ""own_outright"", ""tradeable"": true, ""condition"": """"}]",False,False,False,"{""2024-25"": false, ""2025-26"": false, ""2026-27"": false, ""2027-28"": false}",2026-06-09,computed from contracts + constants,
POR,2029-30,base,base case,"{""player_options"": ""counted at value (on books until declined)"", ""team_options"": ""counted at value (exercised) by default; only curated likely-declines (TEAM_OPTION_LIKELY_DECLINED, analyst input) excluded. Amount does not determine intent."", ""nonguaranteed"": ""treated as guaranteed (guarantee dates are Pass-2)"", ""own_free_agents"": ""approx cap hold (prior AAV) in cap basis only; not in apron salary"", ""roster_charges"": ""apron basis filled to 12 at rookie min; cap basis counts holds toward the 12"", ""repeater"": ""taxpayer flag projected forward in future seasons (apron salary > tax line)""}",58561851,0,0,0,0,0,0,0,14976000,73537851,3,3,0,73537851,128594149,128594149,128594149,172696149,182619149,198422149,under_cap,False,False,False,True,False,True,tiered_125,True,True,True,True,True,True,0,0,False,none,,,,3,"[{""year"": ""2027"", ""origin"": ""CHI"", ""type"": ""incoming"", ""tradeable"": null, ""condition"": ""If 15-30 if not already settled""}, {""year"": ""2027"", ""origin"": ""POR"", ""type"": ""own_conditional_review"", ""tradeable"": null, ""condition"": ""If 1-14 if not already settled with CHI""}, {""year"": ""2028"", ""origin"": ""CHI"", ""type"": ""incoming"", ""tradeable"": null, ""condition"": ""If 15-30 if not already settled""}, {""year"": ""2028"", ""origin"": ""MIL POR"", ""type"": ""incoming_swap"", ""tradeable"": null, ""condition"": ""Or swap with POR (via POR swap for MIL)""}, {""year"": ""2028"", ""origin"": ""POR"", ""type"": ""own_conditional_review"", ""tradeable"": null, ""condition"": ""(via MEM)""}, {""year"": ""2028"", ""origin"": ""POR"", ""type"": ""own_conditional_review"", ""tradeable"": null, ""condition"": ""If 1-14 if not already settled with CHI or swap with MIL""}, {""year"": ""2029"", ""origin"": ""WAS"", ""type"": ""incoming"", ""tradeable"": null, ""condition"": ""Two most favorable of BKN, DAL and PHX to HOU then other to BKN""}, {""year"": ""2029"", ""origin"": ""POR"", ""type"": ""own_conditional_review"", ""tradeable"": null, ""condition"": ""Most and least favorable of BOS, MIL and POR to POR then other to WAS (via BOS to POR; via MIL to POR; via POR to WAS)""}, {""year"": ""2029"", ""origin"": ""POR"", ""type"": ""own_conditional_review"", ""tradeable"": null, ""condition"": ""Most and least favorable of BOS, MIL and POR to POR then other to WAS (via BOS to POR; via MIL to POR; via POR to WAS)""}, {""year"": ""2030"", ""origin"": ""MIL POR"", ""type"": ""incoming_swap"", ""tradeable"": null, ""condition"": ""Or swap with POR (via POR swap for MIL)""}, {""year"": ""2030"", ""origin"": ""POR MIL"", ""type"": ""own_conditional_review"", ""tradeable"": null, ""condition"": ""Or swap with MIL""}, {""year"": ""2031"", ""origin"": ""POR"", ""type"": ""own_outright"", ""tradeable"": true, ""condition"": """"}, {""year"": ""2032"", ""origin"": ""POR"", ""type"": ""own_outright"", ""tradeable"": true, ""condition"": """"}, {""year"": ""2033"", ""origin"": ""POR"", ""type"": ""own_outright"", ""tradeable"": true, ""condition"": """"}]",False,False,False,"{""2025-26"": false, ""2026-27"": false, ""2027-28"": false, ""2028-29"": false}",2026-06-09,computed from contracts + constants,
SAC,2026-27,base,base case,"{""player_options"": ""counted at value (on books until declined)"", ""team_options"": ""counted at value (exercised) by default; only curated likely-declines (TEAM_OPTION_LIKELY_DECLINED, analyst input) excluded. Amount does not determine intent."", ""nonguaranteed"": ""treated as guaranteed (guarantee dates are Pass-2)"", ""own_free_agents"": ""approx cap hold (prior AAV) in cap basis only; not in apron salary"", ""roster_charges"": ""apron basis filled to 12 at rookie min; cap basis counts holds toward the 12"", ""repeater"": ""taxpayer flag projected forward in future seasons (apron salary > tax line)""}",153173999,48967380,3018158,0,0,0,0,0,1358000,206517537,11,9,19995494,225155031,0,0,-60155031,-5517537,2582463,15482463,taxpayer,True,True,False,False,True,True,tiered_125,True,True,True,True,True,True,0,0,False,none,,,,5,"[{""year"": ""2027"", ""origin"": ""OKC"", ""type"": ""incoming"", ""tradeable"": null, ""condition"": ""If 17-30 (via SAC)""}, {""year"": ""2027"", ""origin"": ""SAC"", ""type"": ""own_outright"", ""tradeable"": false, ""condition"": """"}, {""year"": ""2028"", ""origin"": ""SAC"", ""type"": ""own_outright"", ""tradeable"": true, ""condition"": """"}, {""year"": ""2029"", ""origin"": ""SAC"", ""type"": ""own_outright"", ""tradeable"": true, ""condition"": """"}, {""year"": ""2030"", ""origin"": ""SAC"", ""type"": ""own_outright"", ""tradeable"": true, ""condition"": """"}, {""year"": ""2031"", ""origin"": ""SAS SAC"", ""type"": ""incoming_swap"", ""tradeable"": null, ""condition"": ""Or swap for SAC""}, {""year"": ""2031"", ""origin"": ""SAC"", ""type"": ""own_conditional_review"", ""tradeable"": null, ""condition"": ""(via SAS)""}, {""year"": ""2031"", ""origin"": ""SAC SAS"", ""type"": ""own_conditional_review"", ""tradeable"": null, ""condition"": ""Or swap with SAS (via SAS swap for SAC)""}, {""year"": ""2032"", ""origin"": ""SAC"", ""type"": ""own_outright"", ""tradeable"": true, ""condition"": """"}, {""year"": ""2033"", ""origin"": ""SAC"", ""type"": ""own_outright"", ""tradeable"": true, ""condition"": """"}]",False,True,False,"{""2022-23"": false, ""2023-24"": false, ""2024-25"": false, ""2025-26"": false}",2026-06-09,computed from contracts + constants,
SAC,2027-28,base,base case,"{""player_options"": ""counted at value (on books until declined)"", ""team_options"": ""counted at value (exercised) by default; only curated likely-declines (TEAM_OPTION_LIKELY_DECLINED, analyst input) excluded. Amount does not determine intent."", ""nonguaranteed"": ""treated as guaranteed (guarantee dates are Pass-2)"", ""own_free_agents"": ""approx cap hold (prior AAV) in cap basis only; not in apron salary"", ""roster_charges"": ""apron basis filled to 12 at rookie min; cap basis counts holds toward the 12"", ""repeater"": ""taxpayer flag projected forward in future seasons (apron salary > tax line)""}",77202866,21582451,13315597,0,0,0,0,0,7265000,119365914,7,3,0,119365914,57184086,57184086,57184086,95704086,104371086,118174086,under_cap,False,False,False,True,False,True,tiered_125,True,True,True,True,True,True,0,0,False,none,,,,5,"[{""year"": ""2027"", ""origin"": ""OKC"", ""type"": ""incoming"", ""tradeable"": null, ""condition"": ""If 17-30 (via SAC)""}, {""year"": ""2027"", ""origin"": ""SAC"", ""type"": ""own_outright"", ""tradeable"": false, ""condition"": """"}, {""year"": ""2028"", ""origin"": ""SAC"", ""type"": ""own_outright"", ""tradeable"": true, ""condition"": """"}, {""year"": ""2029"", ""origin"": ""SAC"", ""type"": ""own_outright"", ""tradeable"": true, ""condition"": """"}, {""year"": ""2030"", ""origin"": ""SAC"", ""type"": ""own_outright"", ""tradeable"": true, ""condition"": """"}, {""year"": ""2031"", ""origin"": ""SAS SAC"", ""type"": ""incoming_swap"", ""tradeable"": null, ""condition"": ""Or swap for SAC""}, {""year"": ""2031"", ""origin"": ""SAC"", ""type"": ""own_conditional_review"", ""tradeable"": null, ""condition"": ""(via SAS)""}, {""year"": ""2031"", ""origin"": ""SAC SAS"", ""type"": ""own_conditional_review"", ""tradeable"": null, ""condition"": ""Or swap with SAS (via SAS swap for SAC)""}, {""year"": ""2032"", ""origin"": ""SAC"", ""type"": ""own_outright"", ""tradeable"": true, ""condition"": """"}, {""year"": ""2033"", ""origin"": ""SAC"", ""type"": ""own_outright"", ""tradeable"": true, ""condition"": """"}]",False,False,False,"{""2023-24"": false, ""2024-25"": false, ""2025-26"": false, ""2026-27"": true}",2026-06-09,computed from contracts + constants,
SAC,2028-29,base,base case,"{""player_options"": ""counted at value (on books until declined)"", ""team_options"": ""counted at value (exercised) by default; only curated likely-declines (TEAM_OPTION_LIKELY_DECLINED, analyst input) excluded. Amount does not determine intent."", ""nonguaranteed"": ""treated as guaranteed (guarantee dates are Pass-2)"", ""own_free_agents"": ""approx cap hold (prior AAV) in cap basis only; not in apron salary"", ""roster_charges"": ""apron basis filled to 12 at rookie min; cap basis counts holds toward the 12"", ""repeater"": ""taxpayer flag projected forward in future seasons (apron salary > tax line)""}",44910518,0,2735698,0,0,0,0,0,12440000,60086216,4,3,0,60086216,128821784,128821784,128821784,170038784,179312784,194081784,under_cap,False,False,False,True,False,True,tiered_125,True,True,True,True,True,True,0,0,False,none,,,,5,"[{""year"": ""2027"", ""origin"": ""OKC"", ""type"": ""incoming"", ""tradeable"": null, ""condition"": ""If 17-30 (via SAC)""}, {""year"": ""2027"", ""origin"": ""SAC"", ""type"": ""own_outright"", ""tradeable"": false, ""condition"": """"}, {""year"": ""2028"", ""origin"": ""SAC"", ""type"": ""own_outright"", ""tradeable"": true, ""condition"": """"}, {""year"": ""2029"", ""origin"": ""SAC"", ""type"": ""own_outright"", ""tradeable"": true, ""condition"": """"}, {""year"": ""2030"", ""origin"": ""SAC"", ""type"": ""own_outright"", ""tradeable"": true, ""condition"": """"}, {""year"": ""2031"", ""origin"": ""SAS SAC"", ""type"": ""incoming_swap"", ""tradeable"": null, ""condition"": ""Or swap for SAC""}, {""year"": ""2031"", ""origin"": ""SAC"", ""type"": ""own_conditional_review"", ""tradeable"": null, ""condition"": ""(via SAS)""}, {""year"": ""2031"", ""origin"": ""SAC SAS"", ""type"": ""own_conditional_review"", ""tradeable"": null, ""condition"": ""Or swap with SAS (via SAS swap for SAC)""}, {""year"": ""2032"", ""origin"": ""SAC"", ""type"": ""own_outright"", ""tradeable"": true, ""condition"": """"}, {""year"": ""2033"", ""origin"": ""SAC"", ""type"": ""own_outright"", ""tradeable"": true, ""condition"": """"}]",False,False,False,"{""2024-25"": false, ""2025-26"": false, ""2026-27"": true, ""2027-28"": false}",2026-06-09,computed from contracts + constants,
SAC,2029-30,base,base case,"{""player_options"": ""counted at value (on books until declined)"", ""team_options"": ""counted at value (exercised) by default; only curated likely-declines (TEAM_OPTION_LIKELY_DECLINED, analyst input) excluded. Amount does not determine intent."", ""nonguaranteed"": ""treated as guaranteed (guarantee dates are Pass-2)"", ""own_free_agents"": ""approx cap hold (prior AAV) in cap basis only; not in apron salary"", ""roster_charges"": ""apron basis filled to 12 at rookie min; cap basis counts holds toward the 12"", ""repeater"": ""taxpayer flag projected forward in future seasons (apron salary > tax line)""}",39270983,0,0,0,0,0,0,0,16640000,55910983,2,2,0,55910983,146221017,146221017,146221017,190323017,200246017,216049017,under_cap,False,False,False,True,False,True,tiered_125,True,True,True,True,True,True,0,0,False,none,,,,5,"[{""year"": ""2027"", ""origin"": ""OKC"", ""type"": ""incoming"", ""tradeable"": null, ""condition"": ""If 17-30 (via SAC)""}, {""year"": ""2027"", ""origin"": ""SAC"", ""type"": ""own_outright"", ""tradeable"": false, ""condition"": """"}, {""year"": ""2028"", ""origin"": ""SAC"", ""type"": ""own_outright"", ""tradeable"": true, ""condition"": """"}, {""year"": ""2029"", ""origin"": ""SAC"", ""type"": ""own_outright"", ""tradeable"": true, ""condition"": """"}, {""year"": ""2030"", ""origin"": ""SAC"", ""type"": ""own_outright"", ""tradeable"": true, ""condition"": """"}, {""year"": ""2031"", ""origin"": ""SAS SAC"", ""type"": ""incoming_swap"", ""tradeable"": null, ""condition"": ""Or swap for SAC""}, {""year"": ""2031"", ""origin"": ""SAC"", ""type"": ""own_conditional_review"", ""tradeable"": null, ""condition"": ""(via SAS)""}, {""year"": ""2031"", ""origin"": ""SAC SAS"", ""type"": ""own_conditional_review"", ""tradeable"": null, ""condition"": ""Or swap with SAS (via SAS swap for SAC)""}, {""year"": ""2032"", ""origin"": ""SAC"", ""type"": ""own_outright"", ""tradeable"": true, ""condition"": """"}, {""year"": ""2033"", ""origin"": ""SAC"", ""type"": ""own_outright"", ""tradeable"": true, ""condition"": """"}]",False,False,False,"{""2025-26"": false, ""2026-27"": true, ""2027-28"": false, ""2028-29"": false}",2026-06-09,computed from contracts + constants,
SAS,2026-27,base,base case,"{""player_options"": ""counted at value (on books until declined)"", ""team_options"": ""counted at value (exercised) by default; only curated likely-declines (TEAM_OPTION_LIKELY_DECLINED, analyst input) excluded. Amount does not determine intent."", ""nonguaranteed"": ""treated as guaranteed (guarantee dates are Pass-2)"", ""own_free_agents"": ""approx cap hold (prior AAV) in cap basis only; not in apron salary"", ""roster_charges"": ""apron basis filled to 12 at rookie min; cap basis counts holds toward the 12"", ""repeater"": ""taxpayer flag projected forward in future seasons (apron salary > tax line)""}",152001933,0,3000000,0,0,0,0,0,4074000,159075933,9,8,41034919,196036852,0,5924067,-31036852,41924067,50024067,62924067,over_cap_under_tax,False,True,False,False,True,True,tiered_125,True,True,True,True,True,True,0,0,False,none,,,,3,"[{""year"": ""2027"", ""origin"": ""OKC"", ""type"": ""incoming"", ""tradeable"": null, ""condition"": ""If 17-30 (via SAC)""}, {""year"": ""2027"", ""origin"": ""SAS"", ""type"": ""own_outright"", ""tradeable"": false, ""condition"": """"}, {""year"": ""2028"", ""origin"": ""BOS"", ""type"": ""incoming"", ""tradeable"": null, ""condition"": ""If 1""}, {""year"": ""2028"", ""origin"": ""SAS BOS"", ""type"": ""own_conditional_review"", ""tradeable"": null, ""condition"": ""Or swap 2-30 with SAS (via SAS swap for BOS)""}, {""year"": ""2028"", ""origin"": ""SAS BOS"", ""type"": ""own_conditional_review"", ""tradeable"": null, ""condition"": ""Or swap with BOS 2-30 (via SAS swap for BOS)""}, {""year"": ""2029"", ""origin"": ""SAS"", ""type"": ""own_outright"", ""tradeable"": true, ""condition"": """"}, {""year"": ""2030"", ""origin"": ""DAL SAS"", ""type"": ""incoming_swap"", ""tradeable"": null, ""condition"": ""Least favorable of DAL and SAS (via SAN swap for DAL)""}, {""year"": ""2030"", ""origin"": ""SAS"", ""type"": ""own_conditional_review"", ""tradeable"": null, ""condition"": ""Most favorable of SAS, DAL and MIN 2-30 (via SAN swap for DAL; via SAN swap of SAN or DAL for MIN)""}, {""year"": ""2031"", ""origin"": ""SAC SAS"", ""type"": ""incoming_swap"", ""tradeable"": null, ""condition"": ""Or swap with SAS (via SAS swap for SAC)""}, {""year"": ""2031"", ""origin"": ""SAS SAC"", ""type"": ""own_conditional_review"", ""tradeable"": null, ""condition"": ""Or swap for SAC""}, {""year"": ""2032"", ""origin"": ""SAS"", ""type"": ""own_outright"", ""tradeable"": true, ""condition"": """"}, {""year"": ""2033"", ""origin"": ""SAS"", ""type"": ""own_outright"", ""tradeable"": true, ""condition"": """"}]",False,False,False,"{""2022-23"": false, ""2023-24"": false, ""2024-25"": false, ""2025-26"": false}",2026-06-09,computed from contracts + constants,
SAS,2027-28,base,base case,"{""player_options"": ""counted at value (on books until declined)"", ""team_options"": ""counted at value (exercised) by default; only curated likely-declines (TEAM_OPTION_LIKELY_DECLINED, analyst input) excluded. Amount does not determine intent."", ""nonguaranteed"": ""treated as guaranteed (guarantee dates are Pass-2)"", ""own_free_agents"": ""approx cap hold (prior AAV) in cap basis only; not in apron salary"", ""roster_charges"": ""apron basis filled to 12 at rookie min; cap basis counts holds toward the 12"", ""repeater"": ""taxpayer flag projected forward in future seasons (apron salary > tax line)""}",113740202,0,31668539,0,0,0,0,0,7265000,152673741,7,4,0,152673741,23876259,23876259,23876259,62396259,71063259,84866259,under_cap,False,False,False,True,False,True,tiered_125,True,True,True,True,True,True,0,0,False,none,,,,3,"[{""year"": ""2027"", ""origin"": ""OKC"", ""type"": ""incoming"", ""tradeable"": null, ""condition"": ""If 17-30 (via SAC)""}, {""year"": ""2027"", ""origin"": ""SAS"", ""type"": ""own_outright"", ""tradeable"": false, ""condition"": """"}, {""year"": ""2028"", ""origin"": ""BOS"", ""type"": ""incoming"", ""tradeable"": null, ""condition"": ""If 1""}, {""year"": ""2028"", ""origin"": ""SAS BOS"", ""type"": ""own_conditional_review"", ""tradeable"": null, ""condition"": ""Or swap 2-30 with SAS (via SAS swap for BOS)""}, {""year"": ""2028"", ""origin"": ""SAS BOS"", ""type"": ""own_conditional_review"", ""tradeable"": null, ""condition"": ""Or swap with BOS 2-30 (via SAS swap for BOS)""}, {""year"": ""2029"", ""origin"": ""SAS"", ""type"": ""own_outright"", ""tradeable"": true, ""condition"": """"}, {""year"": ""2030"", ""origin"": ""DAL SAS"", ""type"": ""incoming_swap"", ""tradeable"": null, ""condition"": ""Least favorable of DAL and SAS (via SAN swap for DAL)""}, {""year"": ""2030"", ""origin"": ""SAS"", ""type"": ""own_conditional_review"", ""tradeable"": null, ""condition"": ""Most favorable of SAS, DAL and MIN 2-30 (via SAN swap for DAL; via SAN swap of SAN or DAL for MIN)""}, {""year"": ""2031"", ""origin"": ""SAC SAS"", ""type"": ""incoming_swap"", ""tradeable"": null, ""condition"": ""Or swap with SAS (via SAS swap for SAC)""}, {""year"": ""2031"", ""origin"": ""SAS SAC"", ""type"": ""own_conditional_review"", ""tradeable"": null, ""condition"": ""Or swap for SAC""}, {""year"": ""2032"", ""origin"": ""SAS"", ""type"": ""own_outright"", ""tradeable"": true, ""condition"": """"}, {""year"": ""2033"", ""origin"": ""SAS"", ""type"": ""own_outright"", ""tradeable"": true, ""condition"": """"}]",False,False,False,"{""2023-24"": false, ""2024-25"": false, ""2025-26"": false, ""2026-27"": false}",2026-06-09,computed from contracts + constants,
SAS,2028-29,base,base case,"{""player_options"": ""counted at value (on books until declined)"", ""team_options"": ""counted at value (exercised) by default; only curated likely-declines (TEAM_OPTION_LIKELY_DECLINED, analyst input) excluded. Amount does not determine intent."", ""nonguaranteed"": ""treated as guaranteed (guarantee dates are Pass-2)"", ""own_free_agents"": ""approx cap hold (prior AAV) in cap basis only; not in apron salary"", ""roster_charges"": ""apron basis filled to 12 at rookie min; cap basis counts holds toward the 12"", ""repeater"": ""taxpayer flag projected forward in future seasons (apron salary > tax line)""}",129834436,0,9350000,0,0,0,0,0,9330000,148514436,6,5,0,148514436,40393564,40393564,40393564,81610564,90884564,105653564,under_cap,False,False,False,True,False,True,tiered_125,True,True,True,True,True,True,0,0,False,none,,,,3,"[{""year"": ""2027"", ""origin"": ""OKC"", ""type"": ""incoming"", ""tradeable"": null, ""condition"": ""If 17-30 (via SAC)""}, {""year"": ""2027"", ""origin"": ""SAS"", ""type"": ""own_outright"", ""tradeable"": false, ""condition"": """"}, {""year"": ""2028"", ""origin"": ""BOS"", ""type"": ""incoming"", ""tradeable"": null, ""condition"": ""If 1""}, {""year"": ""2028"", ""origin"": ""SAS BOS"", ""type"": ""own_conditional_review"", ""tradeable"": null, ""condition"": ""Or swap 2-30 with SAS (via SAS swap for BOS)""}, {""year"": ""2028"", ""origin"": ""SAS BOS"", ""type"": ""own_conditional_review"", ""tradeable"": null, ""condition"": ""Or swap with BOS 2-30 (via SAS swap for BOS)""}, {""year"": ""2029"", ""origin"": ""SAS"", ""type"": ""own_outright"", ""tradeable"": true, ""condition"": """"}, {""year"": ""2030"", ""origin"": ""DAL SAS"", ""type"": ""incoming_swap"", ""tradeable"": null, ""condition"": ""Least favorable of DAL and SAS (via SAN swap for DAL)""}, {""year"": ""2030"", ""origin"": ""SAS"", ""type"": ""own_conditional_review"", ""tradeable"": null, ""condition"": ""Most favorable of SAS, DAL and MIN 2-30 (via SAN swap for DAL; via SAN swap of SAN or DAL for MIN)""}, {""year"": ""2031"", ""origin"": ""SAC SAS"", ""type"": ""incoming_swap"", ""tradeable"": null, ""condition"": ""Or swap with SAS (via SAS swap for SAC)""}, {""year"": ""2031"", ""origin"": ""SAS SAC"", ""type"": ""own_conditional_review"", ""tradeable"": null, ""condition"": ""Or swap for SAC""}, {""year"": ""2032"", ""origin"": ""SAS"", ""type"": ""own_outright"", ""tradeable"": true, ""condition"": """"}, {""year"": ""2033"", ""origin"": ""SAS"", ""type"": ""own_outright"", ""tradeable"": true, ""condition"": """"}]",False,False,False,"{""2024-25"": false, ""2025-26"": false, ""2026-27"": false, ""2027-28"": false}",2026-06-09,computed from contracts + constants,
SAS,2029-30,base,base case,"{""player_options"": ""counted at value (on books until declined)"", ""team_options"": ""counted at value (exercised) by default; only curated likely-declines (TEAM_OPTION_LIKELY_DECLINED, analyst input) excluded. Amount does not determine intent."", ""nonguaranteed"": ""treated as guaranteed (guarantee dates are Pass-2)"", ""own_free_agents"": ""approx cap hold (prior AAV) in cap basis only; not in apron salary"", ""roster_charges"": ""apron basis filled to 12 at rookie min; cap basis counts holds toward the 12"", ""repeater"": ""taxpayer flag projected forward in future seasons (apron salary > tax line)""}",99313178,0,0,0,0,0,0,0,14976000,114289178,3,3,0,114289178,87842822,87842822,87842822,131944822,141867822,157670822,under_cap,False,False,False,True,False,True,tiered_125,True,True,True,True,True,True,0,0,False,none,,,,3,"[{""year"": ""2027"", ""origin"": ""OKC"", ""type"": ""incoming"", ""tradeable"": null, ""condition"": ""If 17-30 (via SAC)""}, {""year"": ""2027"", ""origin"": ""SAS"", ""type"": ""own_outright"", ""tradeable"": false, ""condition"": """"}, {""year"": ""2028"", ""origin"": ""BOS"", ""type"": ""incoming"", ""tradeable"": null, ""condition"": ""If 1""}, {""year"": ""2028"", ""origin"": ""SAS BOS"", ""type"": ""own_conditional_review"", ""tradeable"": null, ""condition"": ""Or swap 2-30 with SAS (via SAS swap for BOS)""}, {""year"": ""2028"", ""origin"": ""SAS BOS"", ""type"": ""own_conditional_review"", ""tradeable"": null, ""condition"": ""Or swap with BOS 2-30 (via SAS swap for BOS)""}, {""year"": ""2029"", ""origin"": ""SAS"", ""type"": ""own_outright"", ""tradeable"": true, ""condition"": """"}, {""year"": ""2030"", ""origin"": ""DAL SAS"", ""type"": ""incoming_swap"", ""tradeable"": null, ""condition"": ""Least favorable of DAL and SAS (via SAN swap for DAL)""}, {""year"": ""2030"", ""origin"": ""SAS"", ""type"": ""own_conditional_review"", ""tradeable"": null, ""condition"": ""Most favorable of SAS, DAL and MIN 2-30 (via SAN swap for DAL; via SAN swap of SAN or DAL for MIN)""}, {""year"": ""2031"", ""origin"": ""SAC SAS"", ""type"": ""incoming_swap"", ""tradeable"": null, ""condition"": ""Or swap with SAS (via SAS swap for SAC)""}, {""year"": ""2031"", ""origin"": ""SAS SAC"", ""type"": ""own_conditional_review"", ""tradeable"": null, ""condition"": ""Or swap for SAC""}, {""year"": ""2032"", ""origin"": ""SAS"", ""type"": ""own_outright"", ""tradeable"": true, ""condition"": """"}, {""year"": ""2033"", ""origin"": ""SAS"", ""type"": ""own_outright"", ""tradeable"": true, ""condition"": """"}]",False,False,False,"{""2025-26"": false, ""2026-27"": false, ""2027-28"": false, ""2028-29"": false}",2026-06-09,computed from contracts + constants,
TOR,2026-27,base,base case,"{""player_options"": ""counted at value (on books until declined)"", ""team_options"": ""counted at value (exercised) by default; only curated likely-declines (TEAM_OPTION_LIKELY_DECLINED, analyst input) excluded. Amount does not determine intent."", ""nonguaranteed"": ""treated as guaranteed (guarantee dates are Pass-2)"", ""own_free_agents"": ""approx cap hold (prior AAV) in cap basis only; not in apron salary"", ""roster_charges"": ""apron basis filled to 12 at rookie min; cap basis counts holds toward the 12"", ""repeater"": ""taxpayer flag projected forward in future seasons (apron salary > tax line)""}",183259589,2801346,6998747,0,0,0,0,0,0,193059682,13,9,5699467,198759149,0,0,-33759149,7940318,16040318,28940318,over_cap_under_tax,False,True,False,False,True,True,tiered_125,True,True,True,True,True,True,0,0,False,none,,,,6,"[{""year"": ""2027"", ""origin"": ""TOR"", ""type"": ""own_outright"", ""tradeable"": false, ""condition"": """"}, {""year"": ""2028"", ""origin"": ""TOR"", ""type"": ""own_outright"", ""tradeable"": true, ""condition"": """"}, {""year"": ""2029"", ""origin"": ""TOR"", ""type"": ""own_outright"", ""tradeable"": true, ""condition"": """"}, {""year"": ""2030"", ""origin"": ""TOR"", ""type"": ""own_outright"", ""tradeable"": true, ""condition"": """"}, {""year"": ""2031"", ""origin"": ""TOR"", ""type"": ""own_outright"", ""tradeable"": true, ""condition"": """"}, {""year"": ""2032"", ""origin"": ""TOR"", ""type"": ""own_outright"", ""tradeable"": true, ""condition"": """"}, {""year"": ""2033"", ""origin"": ""TOR"", ""type"": ""own_outright"", ""tradeable"": true, ""condition"": """"}]",False,False,False,"{""2022-23"": false, ""2023-24"": false, ""2024-25"": false, ""2025-26"": false}",2026-06-09,computed from contracts + constants,
TOR,2027-28,base,base case,"{""player_options"": ""counted at value (on books until declined)"", ""team_options"": ""counted at value (exercised) by default; only curated likely-declines (TEAM_OPTION_LIKELY_DECLINED, analyst input) excluded. Amount does not determine intent."", ""nonguaranteed"": ""treated as guaranteed (guarantee dates are Pass-2)"", ""own_free_agents"": ""approx cap hold (prior AAV) in cap basis only; not in apron salary"", ""roster_charges"": ""apron basis filled to 12 at rookie min; cap basis counts holds toward the 12"", ""repeater"": ""taxpayer flag projected forward in future seasons (apron salary > tax line)""}",115223217,41904762,12836172,0,0,0,0,0,7265000,177229151,7,4,0,177229151,0,0,-679151,37840849,46507849,60310849,over_cap_under_tax,False,True,False,False,True,True,tiered_125,True,True,True,True,True,True,0,0,False,none,,,,6,"[{""year"": ""2027"", ""origin"": ""TOR"", ""type"": ""own_outright"", ""tradeable"": false, ""condition"": """"}, {""year"": ""2028"", ""origin"": ""TOR"", ""type"": ""own_outright"", ""tradeable"": true, ""condition"": """"}, {""year"": ""2029"", ""origin"": ""TOR"", ""type"": ""own_outright"", ""tradeable"": true, ""condition"": """"}, {""year"": ""2030"", ""origin"": ""TOR"", ""type"": ""own_outright"", ""tradeable"": true, ""condition"": """"}, {""year"": ""2031"", ""origin"": ""TOR"", ""type"": ""own_outright"", ""tradeable"": true, ""condition"": """"}, {""year"": ""2032"", ""origin"": ""TOR"", ""type"": ""own_outright"", ""tradeable"": true, ""condition"": """"}, {""year"": ""2033"", ""origin"": ""TOR"", ""type"": ""own_outright"", ""tradeable"": true, ""condition"": """"}]",False,False,False,"{""2023-24"": false, ""2024-25"": false, ""2025-26"": false, ""2026-27"": false}",2026-06-09,computed from contracts + constants,
TOR,2028-29,base,base case,"{""player_options"": ""counted at value (on books until declined)"", ""team_options"": ""counted at value (exercised) by default; only curated likely-declines (TEAM_OPTION_LIKELY_DECLINED, analyst input) excluded. Amount does not determine intent."", ""nonguaranteed"": ""treated as guaranteed (guarantee dates are Pass-2)"", ""own_free_agents"": ""approx cap hold (prior AAV) in cap basis only; not in apron salary"", ""roster_charges"": ""apron basis filled to 12 at rookie min; cap basis counts holds toward the 12"", ""repeater"": ""taxpayer flag projected forward in future seasons (apron salary > tax line)""}",127757074,0,0,0,0,0,0,0,10885000,138642074,5,5,0,138642074,50265926,50265926,50265926,91482926,100756926,115525926,under_cap,False,False,False,True,False,True,tiered_125,True,True,True,True,True,True,0,0,False,none,,,,6,"[{""year"": ""2027"", ""origin"": ""TOR"", ""type"": ""own_outright"", ""tradeable"": false, ""condition"": """"}, {""year"": ""2028"", ""origin"": ""TOR"", ""type"": ""own_outright"", ""tradeable"": true, ""condition"": """"}, {""year"": ""2029"", ""origin"": ""TOR"", ""type"": ""own_outright"", ""tradeable"": true, ""condition"": """"}, {""year"": ""2030"", ""origin"": ""TOR"", ""type"": ""own_outright"", ""tradeable"": true, ""condition"": """"}, {""year"": ""2031"", ""origin"": ""TOR"", ""type"": ""own_outright"", ""tradeable"": true, ""condition"": """"}, {""year"": ""2032"", ""origin"": ""TOR"", ""type"": ""own_outright"", ""tradeable"": true, ""condition"": """"}, {""year"": ""2033"", ""origin"": ""TOR"", ""type"": ""own_outright"", ""tradeable"": true, ""condition"": """"}]",False,False,False,"{""2024-25"": false, ""2025-26"": false, ""2026-27"": false, ""2027-28"": false}",2026-06-09,computed from contracts + constants,
TOR,2029-30,base,base case,"{""player_options"": ""counted at value (on books until declined)"", ""team_options"": ""counted at value (exercised) by default; only curated likely-declines (TEAM_OPTION_LIKELY_DECLINED, analyst input) excluded. Amount does not determine intent."", ""nonguaranteed"": ""treated as guaranteed (guarantee dates are Pass-2)"", ""own_free_agents"": ""approx cap hold (prior AAV) in cap basis only; not in apron salary"", ""roster_charges"": ""apron basis filled to 12 at rookie min; cap basis counts holds toward the 12"", ""repeater"": ""taxpayer flag projected forward in future seasons (apron salary > tax line)""}",91246110,0,0,0,0,0,0,0,14976000,106222110,3,3,0,106222110,95909890,95909890,95909890,140011890,149934890,165737890,under_cap,False,False,False,True,False,True,tiered_125,True,True,True,True,True,True,0,0,False,none,,,,6,"[{""year"": ""2027"", ""origin"": ""TOR"", ""type"": ""own_outright"", ""tradeable"": false, ""condition"": """"}, {""year"": ""2028"", ""origin"": ""TOR"", ""type"": ""own_outright"", ""tradeable"": true, ""condition"": """"}, {""year"": ""2029"", ""origin"": ""TOR"", ""type"": ""own_outright"", ""tradeable"": true, ""condition"": """"}, {""year"": ""2030"", ""origin"": ""TOR"", ""type"": ""own_outright"", ""tradeable"": true, ""condition"": """"}, {""year"": ""2031"", ""origin"": ""TOR"", ""type"": ""own_outright"", ""tradeable"": true, ""condition"": """"}, {""year"": ""2032"", ""origin"": ""TOR"", ""type"": ""own_outright"", ""tradeable"": true, ""condition"": """"}, {""year"": ""2033"", ""origin"": ""TOR"", ""type"": ""own_outright"", ""tradeable"": true, ""condition"": """"}]",False,False,False,"{""2025-26"": false, ""2026-27"": false, ""2027-28"": false, ""2028-29"": false}",2026-06-09,computed from contracts + constants,
UTA,2026-27,base,base case,"{""player_options"": ""counted at value (on books until declined)"", ""team_options"": ""counted at value (exercised) by default; only curated likely-declines (TEAM_OPTION_LIKELY_DECLINED, analyst input) excluded. Amount does not determine intent."", ""nonguaranteed"": ""treated as guaranteed (guarantee dates are Pass-2)"", ""own_free_agents"": ""approx cap hold (prior AAV) in cap basis only; not in apron salary"", ""roster_charges"": ""apron basis filled to 12 at rookie min; cap basis counts holds toward the 12"", ""repeater"": ""taxpayer flag projected forward in future seasons (apron salary > tax line)""}",144920680,0,4301834,0,0,0,0,0,0,149222514,13,11,24843105,174065619,0,15777486,-9065619,51777486,59877486,72777486,over_cap_under_tax,False,True,False,False,True,True,tiered_125,True,True,True,True,True,True,2215000,2215000,False,none,,,,4,"[{""year"": ""2027"", ""origin"": ""MEM"", ""type"": ""incoming"", ""tradeable"": null, ""condition"": ""Most favorable of CLE, MIN and UTA then others to PHX and UTA (via UTA)""}, {""year"": ""2027"", ""origin"": ""UTA"", ""type"": ""own_conditional_review"", ""tradeable"": null, ""condition"": ""Two most favorable of CLE, MIN and UTA then other to PHX""}, {""year"": ""2028"", ""origin"": ""UTA CLE"", ""type"": ""own_conditional_review"", ""tradeable"": null, ""condition"": ""Or swap with CLE""}, {""year"": ""2029"", ""origin"": ""MIN"", ""type"": ""incoming"", ""tradeable"": null, ""condition"": ""If 1-5""}, {""year"": ""2029"", ""origin"": ""UTA"", ""type"": ""own_conditional_review"", ""tradeable"": null, ""condition"": ""If 6-30 then two most favorable of CLE, MIN 6-30 and UTA then other to PHX""}, {""year"": ""2029"", ""origin"": ""UTA"", ""type"": ""own_conditional_review"", ""tradeable"": null, ""condition"": ""Two most favorable of CLE, MIN 6-30 and UTA then other to CHA""}, {""year"": ""2030"", ""origin"": ""UTA"", ""type"": ""own_outright"", ""tradeable"": true, ""condition"": """"}, {""year"": ""2031"", ""origin"": ""UTA"", ""type"": ""own_outright"", ""tradeable"": true, ""condition"": """"}, {""year"": ""2032"", ""origin"": ""UTA"", ""type"": ""own_outright"", ""tradeable"": true, ""condition"": """"}, {""year"": ""2033"", ""origin"": ""UTA"", ""type"": ""own_outright"", ""tradeable"": true, ""condition"": """"}]",False,False,False,"{""2022-23"": false, ""2023-24"": false, ""2024-25"": false, ""2025-26"": false}",2026-06-09,computed from contracts + constants,
UTA,2027-28,base,base case,"{""player_options"": ""counted at value (on books until declined)"", ""team_options"": ""counted at value (exercised) by default; only curated likely-declines (TEAM_OPTION_LIKELY_DECLINED, analyst input) excluded. Amount does not determine intent."", ""nonguaranteed"": ""treated as guaranteed (guarantee dates are Pass-2)"", ""own_free_agents"": ""approx cap hold (prior AAV) in cap basis only; not in apron salary"", ""roster_charges"": ""apron basis filled to 12 at rookie min; cap basis counts holds toward the 12"", ""repeater"": ""taxpayer flag projected forward in future seasons (apron salary > tax line)""}",117933006,0,29660398,0,0,0,0,0,4359000,151952404,9,4,0,151952404,24597596,24597596,24597596,63117596,71784596,85587596,under_cap,False,False,False,True,False,True,tiered_125,True,True,True,True,True,True,0,0,False,none,,,,4,"[{""year"": ""2027"", ""origin"": ""MEM"", ""type"": ""incoming"", ""tradeable"": null, ""condition"": ""Most favorable of CLE, MIN and UTA then others to PHX and UTA (via UTA)""}, {""year"": ""2027"", ""origin"": ""UTA"", ""type"": ""own_conditional_review"", ""tradeable"": null, ""condition"": ""Two most favorable of CLE, MIN and UTA then other to PHX""}, {""year"": ""2028"", ""origin"": ""UTA CLE"", ""type"": ""own_conditional_review"", ""tradeable"": null, ""condition"": ""Or swap with CLE""}, {""year"": ""2029"", ""origin"": ""MIN"", ""type"": ""incoming"", ""tradeable"": null, ""condition"": ""If 1-5""}, {""year"": ""2029"", ""origin"": ""UTA"", ""type"": ""own_conditional_review"", ""tradeable"": null, ""condition"": ""If 6-30 then two most favorable of CLE, MIN 6-30 and UTA then other to PHX""}, {""year"": ""2029"", ""origin"": ""UTA"", ""type"": ""own_conditional_review"", ""tradeable"": null, ""condition"": ""Two most favorable of CLE, MIN 6-30 and UTA then other to CHA""}, {""year"": ""2030"", ""origin"": ""UTA"", ""type"": ""own_outright"", ""tradeable"": true, ""condition"": """"}, {""year"": ""2031"", ""origin"": ""UTA"", ""type"": ""own_outright"", ""tradeable"": true, ""condition"": """"}, {""year"": ""2032"", ""origin"": ""UTA"", ""type"": ""own_outright"", ""tradeable"": true, ""condition"": """"}, {""year"": ""2033"", ""origin"": ""UTA"", ""type"": ""own_outright"", ""tradeable"": true, ""condition"": """"}]",False,False,False,"{""2023-24"": false, ""2024-25"": false, ""2025-26"": false, ""2026-27"": false}",2026-06-09,computed from contracts + constants,
UTA,2028-29,base,base case,"{""player_options"": ""counted at value (on books until declined)"", ""team_options"": ""counted at value (exercised) by default; only curated likely-declines (TEAM_OPTION_LIKELY_DECLINED, analyst input) excluded. Amount does not determine intent."", ""nonguaranteed"": ""treated as guaranteed (guarantee dates are Pass-2)"", ""own_free_agents"": ""approx cap hold (prior AAV) in cap basis only; not in apron salary"", ""roster_charges"": ""apron basis filled to 12 at rookie min; cap basis counts holds toward the 12"", ""repeater"": ""taxpayer flag projected forward in future seasons (apron salary > tax line)""}",137372206,0,0,0,0,0,0,0,10885000,148257206,5,5,0,148257206,40650794,40650794,40650794,81867794,91141794,105910794,under_cap,False,False,False,True,False,True,tiered_125,True,True,True,True,True,True,0,0,False,none,,,,4,"[{""year"": ""2027"", ""origin"": ""MEM"", ""type"": ""incoming"", ""tradeable"": null, ""condition"": ""Most favorable of CLE, MIN and UTA then others to PHX and UTA (via UTA)""}, {""year"": ""2027"", ""origin"": ""UTA"", ""type"": ""own_conditional_review"", ""tradeable"": null, ""condition"": ""Two most favorable of CLE, MIN and UTA then other to PHX""}, {""year"": ""2028"", ""origin"": ""UTA CLE"", ""type"": ""own_conditional_review"", ""tradeable"": null, ""condition"": ""Or swap with CLE""}, {""year"": ""2029"", ""origin"": ""MIN"", ""type"": ""incoming"", ""tradeable"": null, ""condition"": ""If 1-5""}, {""year"": ""2029"", ""origin"": ""UTA"", ""type"": ""own_conditional_review"", ""tradeable"": null, ""condition"": ""If 6-30 then two most favorable of CLE, MIN 6-30 and UTA then other to PHX""}, {""year"": ""2029"", ""origin"": ""UTA"", ""type"": ""own_conditional_review"", ""tradeable"": null, ""condition"": ""Two most favorable of CLE, MIN 6-30 and UTA then other to CHA""}, {""year"": ""2030"", ""origin"": ""UTA"", ""type"": ""own_outright"", ""tradeable"": true, ""condition"": """"}, {""year"": ""2031"", ""origin"": ""UTA"", ""type"": ""own_outright"", ""tradeable"": true, ""condition"": """"}, {""year"": ""2032"", ""origin"": ""UTA"", ""type"": ""own_outright"", ""tradeable"": true, ""condition"": """"}, {""year"": ""2033"", ""origin"": ""UTA"", ""type"": ""own_outright"", ""tradeable"": true, ""condition"": """"}]",False,False,False,"{""2024-25"": false, ""2025-26"": false, ""2026-27"": false, ""2027-28"": false}",2026-06-09,computed from contracts + constants,
UTA,2029-30,base,base case,"{""player_options"": ""counted at value (on books until declined)"", ""team_options"": ""counted at value (exercised) by default; only curated likely-declines (TEAM_OPTION_LIKELY_DECLINED, analyst input) excluded. Amount does not determine intent."", ""nonguaranteed"": ""treated as guaranteed (guarantee dates are Pass-2)"", ""own_free_agents"": ""approx cap hold (prior AAV) in cap basis only; not in apron salary"", ""roster_charges"": ""apron basis filled to 12 at rookie min; cap basis counts holds toward the 12"", ""repeater"": ""taxpayer flag projected forward in future seasons (apron salary > tax line)""}",18025071,53500000,0,0,0,0,0,0,16640000,88165071,2,1,0,88165071,113966929,113966929,113966929,158068929,167991929,183794929,under_cap,False,False,False,True,False,True,tiered_125,True,True,True,True,True,True,0,0,False,none,,,,4,"[{""year"": ""2027"", ""origin"": ""MEM"", ""type"": ""incoming"", ""tradeable"": null, ""condition"": ""Most favorable of CLE, MIN and UTA then others to PHX and UTA (via UTA)""}, {""year"": ""2027"", ""origin"": ""UTA"", ""type"": ""own_conditional_review"", ""tradeable"": null, ""condition"": ""Two most favorable of CLE, MIN and UTA then other to PHX""}, {""year"": ""2028"", ""origin"": ""UTA CLE"", ""type"": ""own_conditional_review"", ""tradeable"": null, ""condition"": ""Or swap with CLE""}, {""year"": ""2029"", ""origin"": ""MIN"", ""type"": ""incoming"", ""tradeable"": null, ""condition"": ""If 1-5""}, {""year"": ""2029"", ""origin"": ""UTA"", ""type"": ""own_conditional_review"", ""tradeable"": null, ""condition"": ""If 6-30 then two most favorable of CLE, MIN 6-30 and UTA then other to PHX""}, {""year"": ""2029"", ""origin"": ""UTA"", ""type"": ""own_conditional_review"", ""tradeable"": null, ""condition"": ""Two most favorable of CLE, MIN 6-30 and UTA then other to CHA""}, {""year"": ""2030"", ""origin"": ""UTA"", ""type"": ""own_outright"", ""tradeable"": true, ""condition"": """"}, {""year"": ""2031"", ""origin"": ""UTA"", ""type"": ""own_outright"", ""tradeable"": true, ""condition"": """"}, {""year"": ""2032"", ""origin"": ""UTA"", ""type"": ""own_outright"", ""tradeable"": true, ""condition"": """"}, {""year"": ""2033"", ""origin"": ""UTA"", ""type"": ""own_outright"", ""tradeable"": true, ""condition"": """"}]",False,False,False,"{""2025-26"": false, ""2026-27"": false, ""2027-28"": false, ""2028-29"": false}",2026-06-09,computed from contracts + constants,
WAS,2026-27,base,base case,"{""player_options"": ""counted at value (on books until declined)"", ""team_options"": ""counted at value (exercised) by default; only curated likely-declines (TEAM_OPTION_LIKELY_DECLINED, analyst input) excluded. Amount does not determine intent."", ""nonguaranteed"": ""treated as guaranteed (guarantee dates are Pass-2)"", ""own_free_agents"": ""approx cap hold (prior AAV) in cap basis only; not in apron salary"", ""roster_charges"": ""apron basis filled to 12 at rookie min; cap basis counts holds toward the 12"", ""repeater"": ""taxpayer flag projected forward in future seasons (apron salary > tax line)""}",111564759,54936630,8126587,0,0,0,0,0,0,174627976,14,10,4309391,178937367,0,0,-13937367,26372024,34472024,47372024,over_cap_under_tax,False,True,False,False,True,True,tiered_125,True,True,True,True,True,True,13445122,13445122,False,none,,,,4,"[{""year"": ""2027"", ""origin"": ""WAS"", ""type"": ""own_outright"", ""tradeable"": false, ""condition"": """"}, {""year"": ""2028"", ""origin"": ""WAS"", ""type"": ""own_conditional_review"", ""tradeable"": null, ""condition"": ""Most Favorable of WAS and BKN, PHI 9-30 and if PHI conveys 1st to OKC by 2026 and PHX (via BKN and WAS swap for PHX) or swap for MIL or POR""}, {""year"": ""2029"", ""origin"": ""WAS"", ""type"": ""own_conditional_review"", ""tradeable"": null, ""condition"": ""Two most favorable of BKN, DAL and PHX to HOU then other to BKN""}, {""year"": ""2029"", ""origin"": ""WAS"", ""type"": ""own_outright"", ""tradeable"": true, ""condition"": """"}, {""year"": ""2030"", ""origin"": ""WAS"", ""type"": ""own_conditional_review"", ""tradeable"": null, ""condition"": ""Most favorable of WAS, MEM and PHX""}, {""year"": ""2031"", ""origin"": ""WAS"", ""type"": ""own_outright"", ""tradeable"": true, ""condition"": """"}, {""year"": ""2032"", ""origin"": ""WAS"", ""type"": ""own_outright"", ""tradeable"": true, ""condition"": """"}, {""year"": ""2033"", ""origin"": ""WAS"", ""type"": ""own_outright"", ""tradeable"": true, ""condition"": """"}]",False,False,False,"{""2022-23"": false, ""2023-24"": false, ""2024-25"": false, ""2025-26"": false}",2026-06-09,computed from contracts + constants,
WAS,2027-28,base,base case,"{""player_options"": ""counted at value (on books until declined)"", ""team_options"": ""counted at value (exercised) by default; only curated likely-declines (TEAM_OPTION_LIKELY_DECLINED, analyst input) excluded. Amount does not determine intent."", ""nonguaranteed"": ""treated as guaranteed (guarantee dates are Pass-2)"", ""own_free_agents"": ""approx cap hold (prior AAV) in cap basis only; not in apron salary"", ""roster_charges"": ""apron basis filled to 12 at rookie min; cap basis counts holds toward the 12"", ""repeater"": ""taxpayer flag projected forward in future seasons (apron salary > tax line)""}",24688191,62786682,50231099,0,0,0,0,0,1453000,139158972,11,3,0,139158972,37391028,37391028,37391028,75911028,84578028,98381028,under_cap,False,False,False,True,False,True,tiered_125,True,True,True,True,True,True,0,0,False,none,,,,4,"[{""year"": ""2027"", ""origin"": ""WAS"", ""type"": ""own_outright"", ""tradeable"": false, ""condition"": """"}, {""year"": ""2028"", ""origin"": ""WAS"", ""type"": ""own_conditional_review"", ""tradeable"": null, ""condition"": ""Most Favorable of WAS and BKN, PHI 9-30 and if PHI conveys 1st to OKC by 2026 and PHX (via BKN and WAS swap for PHX) or swap for MIL or POR""}, {""year"": ""2029"", ""origin"": ""WAS"", ""type"": ""own_conditional_review"", ""tradeable"": null, ""condition"": ""Two most favorable of BKN, DAL and PHX to HOU then other to BKN""}, {""year"": ""2029"", ""origin"": ""WAS"", ""type"": ""own_outright"", ""tradeable"": true, ""condition"": """"}, {""year"": ""2030"", ""origin"": ""WAS"", ""type"": ""own_conditional_review"", ""tradeable"": null, ""condition"": ""Most favorable of WAS, MEM and PHX""}, {""year"": ""2031"", ""origin"": ""WAS"", ""type"": ""own_outright"", ""tradeable"": true, ""condition"": """"}, {""year"": ""2032"", ""origin"": ""WAS"", ""type"": ""own_outright"", ""tradeable"": true, ""condition"": """"}, {""year"": ""2033"", ""origin"": ""WAS"", ""type"": ""own_outright"", ""tradeable"": true, ""condition"": """"}]",False,False,False,"{""2023-24"": false, ""2024-25"": false, ""2025-26"": false, ""2026-27"": false}",2026-06-09,computed from contracts + constants,
WAS,2028-29,base,base case,"{""player_options"": ""counted at value (on books until declined)"", ""team_options"": ""counted at value (exercised) by default; only curated likely-declines (TEAM_OPTION_LIKELY_DECLINED, analyst input) excluded. Amount does not determine intent."", ""nonguaranteed"": ""treated as guaranteed (guarantee dates are Pass-2)"", ""own_free_agents"": ""approx cap hold (prior AAV) in cap basis only; not in apron salary"", ""roster_charges"": ""apron basis filled to 12 at rookie min; cap basis counts holds toward the 12"", ""repeater"": ""taxpayer flag projected forward in future seasons (apron salary > tax line)""}",58892275,0,0,0,0,0,0,0,10885000,69777275,5,5,0,69777275,119130725,119130725,119130725,160347725,169621725,184390725,under_cap,False,False,False,True,False,True,tiered_125,True,True,True,True,True,True,0,0,False,none,,,,4,"[{""year"": ""2027"", ""origin"": ""WAS"", ""type"": ""own_outright"", ""tradeable"": false, ""condition"": """"}, {""year"": ""2028"", ""origin"": ""WAS"", ""type"": ""own_conditional_review"", ""tradeable"": null, ""condition"": ""Most Favorable of WAS and BKN, PHI 9-30 and if PHI conveys 1st to OKC by 2026 and PHX (via BKN and WAS swap for PHX) or swap for MIL or POR""}, {""year"": ""2029"", ""origin"": ""WAS"", ""type"": ""own_conditional_review"", ""tradeable"": null, ""condition"": ""Two most favorable of BKN, DAL and PHX to HOU then other to BKN""}, {""year"": ""2029"", ""origin"": ""WAS"", ""type"": ""own_outright"", ""tradeable"": true, ""condition"": """"}, {""year"": ""2030"", ""origin"": ""WAS"", ""type"": ""own_conditional_review"", ""tradeable"": null, ""condition"": ""Most favorable of WAS, MEM and PHX""}, {""year"": ""2031"", ""origin"": ""WAS"", ""type"": ""own_outright"", ""tradeable"": true, ""condition"": """"}, {""year"": ""2032"", ""origin"": ""WAS"", ""type"": ""own_outright"", ""tradeable"": true, ""condition"": """"}, {""year"": ""2033"", ""origin"": ""WAS"", ""type"": ""own_outright"", ""tradeable"": true, ""condition"": """"}]",False,False,False,"{""2024-25"": false, ""2025-26"": false, ""2026-27"": false, ""2027-28"": false}",2026-06-09,computed from contracts + constants,
WAS,2029-30,base,base case,"{""player_options"": ""counted at value (on books until declined)"", ""team_options"": ""counted at value (exercised) by default; only curated likely-declines (TEAM_OPTION_LIKELY_DECLINED, analyst input) excluded. Amount does not determine intent."", ""nonguaranteed"": ""treated as guaranteed (guarantee dates are Pass-2)"", ""own_free_agents"": ""approx cap hold (prior AAV) in cap basis only; not in apron salary"", ""roster_charges"": ""apron basis filled to 12 at rookie min; cap basis counts holds toward the 12"", ""repeater"": ""taxpayer flag projected forward in future seasons (apron salary > tax line)""}",25962361,0,0,0,0,0,0,0,16640000,42602361,2,2,0,42602361,159529639,159529639,159529639,203631639,213554639,229357639,under_cap,False,False,False,True,False,True,tiered_125,True,True,True,True,True,True,0,0,False,none,,,,4,"[{""year"": ""2027"", ""origin"": ""WAS"", ""type"": ""own_outright"", ""tradeable"": false, ""condition"": """"}, {""year"": ""2028"", ""origin"": ""WAS"", ""type"": ""own_conditional_review"", ""tradeable"": null, ""condition"": ""Most Favorable of WAS and BKN, PHI 9-30 and if PHI conveys 1st to OKC by 2026 and PHX (via BKN and WAS swap for PHX) or swap for MIL or POR""}, {""year"": ""2029"", ""origin"": ""WAS"", ""type"": ""own_conditional_review"", ""tradeable"": null, ""condition"": ""Two most favorable of BKN, DAL and PHX to HOU then other to BKN""}, {""year"": ""2029"", ""origin"": ""WAS"", ""type"": ""own_outright"", ""tradeable"": true, ""condition"": """"}, {""year"": ""2030"", ""origin"": ""WAS"", ""type"": ""own_conditional_review"", ""tradeable"": null, ""condition"": ""Most favorable of WAS, MEM and PHX""}, {""year"": ""2031"", ""origin"": ""WAS"", ""type"": ""own_outright"", ""tradeable"": true, ""condition"": """"}, {""year"": ""2032"", ""origin"": ""WAS"", ""type"": ""own_outright"", ""tradeable"": true, ""condition"": """"}, {""year"": ""2033"", ""origin"": ""WAS"", ""type"": ""own_outright"", ""tradeable"": true, ""condition"": """"}]",False,False,False,"{""2025-26"": false, ""2026-27"": false, ""2027-28"": false, ""2028-29"": false}",2026-06-09,computed from contracts + constants,
MIN,2026-27,s1_randle_out,Randle traded out (subtraction-only baseline),"{""player_options"": ""counted at value (on books until declined)"", ""team_options"": ""counted at value (exercised) by default; only curated likely-declines (TEAM_OPTION_LIKELY_DECLINED, analyst input) excluded. Amount does not determine intent."", ""nonguaranteed"": ""treated as guaranteed (guarantee dates are Pass-2)"", ""own_free_agents"": ""approx cap hold (prior AAV) in cap basis only; not in apron salary"", ""roster_charges"": ""apron basis filled to 12 at rookie min; cap basis counts holds toward the 12"", ""repeater"": ""taxpayer flag projected forward in future seasons (apron salary > tax line)""}",154198327,0,2406205,0,0,0,0,0,5432000,162036532,8,7,16484548,173089080,0,2963468,-8089080,38963468,47063468,59963468,over_cap_under_tax,False,True,False,False,True,True,tiered_125,True,True,True,True,True,True,17412540,10774038,False,none,,,,2,"[{""year"": ""2027"", ""origin"": ""UTA"", ""type"": ""incoming"", ""tradeable"": null, ""condition"": ""Two most favorable of CLE, MIN and UTA then other to PHX""}, {""year"": ""2028"", ""origin"": ""MIN"", ""type"": ""own_outright"", ""tradeable"": true, ""condition"": """"}, {""year"": ""2029"", ""origin"": ""UTA"", ""type"": ""incoming"", ""tradeable"": null, ""condition"": ""If 6-30 then two most favorable of CLE, MIN 6-30 and UTA then other to PHX""}, {""year"": ""2029"", ""origin"": ""MIN"", ""type"": ""own_conditional_review"", ""tradeable"": null, ""condition"": ""If 1-5""}, {""year"": ""2030"", ""origin"": ""MIN"", ""type"": ""own_conditional_review"", ""tradeable"": null, ""condition"": ""Least favorable of MIN 2-30, DAL and SAS (via SAN swap for DAL; via SAN swap of SAN or DAL for MIN)""}, {""year"": ""2031"", ""origin"": ""SAC"", ""type"": ""incoming"", ""tradeable"": null, ""condition"": ""(via SAS)""}, {""year"": ""2032"", ""origin"": ""MIN"", ""type"": ""frozen_untradeable"", ""tradeable"": false, ""condition"": ""FROZEN PICK""}, {""year"": ""2033"", ""origin"": ""MIN"", ""type"": ""own_outright"", ""tradeable"": true, ""condition"": """"}]",False,False,False,"{""2022-23"": false, ""2023-24"": false, ""2024-25"": true, ""2025-26"": true}",2026-06-09,computed from contracts + constants,
MIN,2027-28,s1_randle_out,Randle traded out (subtraction-only baseline),"{""player_options"": ""counted at value (on books until declined)"", ""team_options"": ""counted at value (exercised) by default; only curated likely-declines (TEAM_OPTION_LIKELY_DECLINED, analyst input) excluded. Amount does not determine intent."", ""nonguaranteed"": ""treated as guaranteed (guarantee dates are Pass-2)"", ""own_free_agents"": ""approx cap hold (prior AAV) in cap basis only; not in apron salary"", ""roster_charges"": ""apron basis filled to 12 at rookie min; cap basis counts holds toward the 12"", ""repeater"": ""taxpayer flag projected forward in future seasons (apron salary > tax line)""}",105305634,38000000,9675359,0,0,0,0,0,8718000,161698993,6,3,0,161698993,14851007,14851007,14851007,53371007,62038007,75841007,under_cap,False,False,False,True,False,True,tiered_125,True,True,True,True,True,True,0,0,False,none,,,,2,"[{""year"": ""2027"", ""origin"": ""UTA"", ""type"": ""incoming"", ""tradeable"": null, ""condition"": ""Two most favorable of CLE, MIN and UTA then other to PHX""}, {""year"": ""2028"", ""origin"": ""MIN"", ""type"": ""own_outright"", ""tradeable"": true, ""condition"": """"}, {""year"": ""2029"", ""origin"": ""UTA"", ""type"": ""incoming"", ""tradeable"": null, ""condition"": ""If 6-30 then two most favorable of CLE, MIN 6-30 and UTA then other to PHX""}, {""year"": ""2029"", ""origin"": ""MIN"", ""type"": ""own_conditional_review"", ""tradeable"": null, ""condition"": ""If 1-5""}, {""year"": ""2030"", ""origin"": ""MIN"", ""type"": ""own_conditional_review"", ""tradeable"": null, ""condition"": ""Least favorable of MIN 2-30, DAL and SAS (via SAN swap for DAL; via SAN swap of SAN or DAL for MIN)""}, {""year"": ""2031"", ""origin"": ""SAC"", ""type"": ""incoming"", ""tradeable"": null, ""condition"": ""(via SAS)""}, {""year"": ""2032"", ""origin"": ""MIN"", ""type"": ""frozen_untradeable"", ""tradeable"": false, ""condition"": ""FROZEN PICK""}, {""year"": ""2033"", ""origin"": ""MIN"", ""type"": ""own_outright"", ""tradeable"": true, ""condition"": """"}]",False,False,False,"{""2023-24"": false, ""2024-25"": true, ""2025-26"": true, ""2026-27"": false}",2026-06-09,computed from contracts + constants,
MIN,2028-29,s1_randle_out,Randle traded out (subtraction-only baseline),"{""player_options"": ""counted at value (on books until declined)"", ""team_options"": ""counted at value (exercised) by default; only curated likely-declines (TEAM_OPTION_LIKELY_DECLINED, analyst input) excluded. Amount does not determine intent."", ""nonguaranteed"": ""treated as guaranteed (guarantee dates are Pass-2)"", ""own_free_agents"": ""approx cap hold (prior AAV) in cap basis only; not in apron salary"", ""roster_charges"": ""apron basis filled to 12 at rookie min; cap basis counts holds toward the 12"", ""repeater"": ""taxpayer flag projected forward in future seasons (apron salary > tax line)""}",127309672,0,0,0,0,0,0,0,10885000,138194672,5,5,0,138194672,50713328,50713328,50713328,91930328,101204328,115973328,under_cap,False,False,False,True,False,True,tiered_125,True,True,True,True,True,True,0,0,False,none,,,,2,"[{""year"": ""2027"", ""origin"": ""UTA"", ""type"": ""incoming"", ""tradeable"": null, ""condition"": ""Two most favorable of CLE, MIN and UTA then other to PHX""}, {""year"": ""2028"", ""origin"": ""MIN"", ""type"": ""own_outright"", ""tradeable"": true, ""condition"": """"}, {""year"": ""2029"", ""origin"": ""UTA"", ""type"": ""incoming"", ""tradeable"": null, ""condition"": ""If 6-30 then two most favorable of CLE, MIN 6-30 and UTA then other to PHX""}, {""year"": ""2029"", ""origin"": ""MIN"", ""type"": ""own_conditional_review"", ""tradeable"": null, ""condition"": ""If 1-5""}, {""year"": ""2030"", ""origin"": ""MIN"", ""type"": ""own_conditional_review"", ""tradeable"": null, ""condition"": ""Least favorable of MIN 2-30, DAL and SAS (via SAN swap for DAL; via SAN swap of SAN or DAL for MIN)""}, {""year"": ""2031"", ""origin"": ""SAC"", ""type"": ""incoming"", ""tradeable"": null, ""condition"": ""(via SAS)""}, {""year"": ""2032"", ""origin"": ""MIN"", ""type"": ""frozen_untradeable"", ""tradeable"": false, ""condition"": ""FROZEN PICK""}, {""year"": ""2033"", ""origin"": ""MIN"", ""type"": ""own_outright"", ""tradeable"": true, ""condition"": """"}]",False,False,False,"{""2024-25"": true, ""2025-26"": true, ""2026-27"": false, ""2027-28"": false}",2026-06-09,computed from contracts + constants,
MIN,2029-30,s1_randle_out,Randle traded out (subtraction-only baseline),"{""player_options"": ""counted at value (on books until declined)"", ""team_options"": ""counted at value (exercised) by default; only curated likely-declines (TEAM_OPTION_LIKELY_DECLINED, analyst input) excluded. Amount does not determine intent."", ""nonguaranteed"": ""treated as guaranteed (guarantee dates are Pass-2)"", ""own_free_agents"": ""approx cap hold (prior AAV) in cap basis only; not in apron salary"", ""roster_charges"": ""apron basis filled to 12 at rookie min; cap basis counts holds toward the 12"", ""repeater"": ""taxpayer flag projected forward in future seasons (apron salary > tax line)""}",10732423,28448276,0,0,0,0,0,0,16640000,55820699,2,1,0,55820699,146311301,146311301,146311301,190413301,200336301,216139301,under_cap,False,False,False,True,False,True,tiered_125,True,True,True,True,True,True,0,0,False,none,,,,2,"[{""year"": ""2027"", ""origin"": ""UTA"", ""type"": ""incoming"", ""tradeable"": null, ""condition"": ""Two most favorable of CLE, MIN and UTA then other to PHX""}, {""year"": ""2028"", ""origin"": ""MIN"", ""type"": ""own_outright"", ""tradeable"": true, ""condition"": """"}, {""year"": ""2029"", ""origin"": ""UTA"", ""type"": ""incoming"", ""tradeable"": null, ""condition"": ""If 6-30 then two most favorable of CLE, MIN 6-30 and UTA then other to PHX""}, {""year"": ""2029"", ""origin"": ""MIN"", ""type"": ""own_conditional_review"", ""tradeable"": null, ""condition"": ""If 1-5""}, {""year"": ""2030"", ""origin"": ""MIN"", ""type"": ""own_conditional_review"", ""tradeable"": null, ""condition"": ""Least favorable of MIN 2-30, DAL and SAS (via SAN swap for DAL; via SAN swap of SAN or DAL for MIN)""}, {""year"": ""2031"", ""origin"": ""SAC"", ""type"": ""incoming"", ""tradeable"": null, ""condition"": ""(via SAS)""}, {""year"": ""2032"", ""origin"": ""MIN"", ""type"": ""frozen_untradeable"", ""tradeable"": false, ""condition"": ""FROZEN PICK""}, {""year"": ""2033"", ""origin"": ""MIN"", ""type"": ""own_outright"", ""tradeable"": true, ""condition"": """"}]",False,False,False,"{""2025-26"": true, ""2026-27"": false, ""2027-28"": false, ""2028-29"": false}",2026-06-09,computed from contracts + constants,
MIN,2026-27,s2_gobert_out,Gobert traded out (subtraction-only baseline),"{""player_options"": ""counted at value (on books until declined)"", ""team_options"": ""counted at value (exercised) by default; only curated likely-declines (TEAM_OPTION_LIKELY_DECLINED, analyst input) excluded. Amount does not determine intent."", ""nonguaranteed"": ""treated as guaranteed (guarantee dates are Pass-2)"", ""own_free_agents"": ""approx cap hold (prior AAV) in cap basis only; not in apron salary"", ""roster_charges"": ""apron basis filled to 12 at rookie min; cap basis counts holds toward the 12"", ""repeater"": ""taxpayer flag projected forward in future seasons (apron salary > tax line)""}",151031661,0,2406205,0,0,0,0,0,5432000,158869866,8,7,16484548,169922414,0,6130134,-4922414,42130134,50230134,63130134,over_cap_under_tax,False,True,False,False,True,True,tiered_125,True,True,True,True,True,True,17412540,10774038,False,none,,,,2,"[{""year"": ""2027"", ""origin"": ""UTA"", ""type"": ""incoming"", ""tradeable"": null, ""condition"": ""Two most favorable of CLE, MIN and UTA then other to PHX""}, {""year"": ""2028"", ""origin"": ""MIN"", ""type"": ""own_outright"", ""tradeable"": true, ""condition"": """"}, {""year"": ""2029"", ""origin"": ""UTA"", ""type"": ""incoming"", ""tradeable"": null, ""condition"": ""If 6-30 then two most favorable of CLE, MIN 6-30 and UTA then other to PHX""}, {""year"": ""2029"", ""origin"": ""MIN"", ""type"": ""own_conditional_review"", ""tradeable"": null, ""condition"": ""If 1-5""}, {""year"": ""2030"", ""origin"": ""MIN"", ""type"": ""own_conditional_review"", ""tradeable"": null, ""condition"": ""Least favorable of MIN 2-30, DAL and SAS (via SAN swap for DAL; via SAN swap of SAN or DAL for MIN)""}, {""year"": ""2031"", ""origin"": ""SAC"", ""type"": ""incoming"", ""tradeable"": null, ""condition"": ""(via SAS)""}, {""year"": ""2032"", ""origin"": ""MIN"", ""type"": ""frozen_untradeable"", ""tradeable"": false, ""condition"": ""FROZEN PICK""}, {""year"": ""2033"", ""origin"": ""MIN"", ""type"": ""own_outright"", ""tradeable"": true, ""condition"": """"}]",False,False,False,"{""2022-23"": false, ""2023-24"": false, ""2024-25"": true, ""2025-26"": true}",2026-06-09,computed from contracts + constants,
MIN,2027-28,s2_gobert_out,Gobert traded out (subtraction-only baseline),"{""player_options"": ""counted at value (on books until declined)"", ""team_options"": ""counted at value (exercised) by default; only curated likely-declines (TEAM_OPTION_LIKELY_DECLINED, analyst input) excluded. Amount does not determine intent."", ""nonguaranteed"": ""treated as guaranteed (guarantee dates are Pass-2)"", ""own_free_agents"": ""approx cap hold (prior AAV) in cap basis only; not in apron salary"", ""roster_charges"": ""apron basis filled to 12 at rookie min; cap basis counts holds toward the 12"", ""repeater"": ""taxpayer flag projected forward in future seasons (apron salary > tax line)""}",105305634,35802468,9675359,0,0,0,0,0,8718000,159501461,6,3,0,159501461,17048539,17048539,17048539,55568539,64235539,78038539,under_cap,False,False,False,True,False,True,tiered_125,True,True,True,True,True,True,0,0,False,none,,,,2,"[{""year"": ""2027"", ""origin"": ""UTA"", ""type"": ""incoming"", ""tradeable"": null, ""condition"": ""Two most favorable of CLE, MIN and UTA then other to PHX""}, {""year"": ""2028"", ""origin"": ""MIN"", ""type"": ""own_outright"", ""tradeable"": true, ""condition"": """"}, {""year"": ""2029"", ""origin"": ""UTA"", ""type"": ""incoming"", ""tradeable"": null, ""condition"": ""If 6-30 then two most favorable of CLE, MIN 6-30 and UTA then other to PHX""}, {""year"": ""2029"", ""origin"": ""MIN"", ""type"": ""own_conditional_review"", ""tradeable"": null, ""condition"": ""If 1-5""}, {""year"": ""2030"", ""origin"": ""MIN"", ""type"": ""own_conditional_review"", ""tradeable"": null, ""condition"": ""Least favorable of MIN 2-30, DAL and SAS (via SAN swap for DAL; via SAN swap of SAN or DAL for MIN)""}, {""year"": ""2031"", ""origin"": ""SAC"", ""type"": ""incoming"", ""tradeable"": null, ""condition"": ""(via SAS)""}, {""year"": ""2032"", ""origin"": ""MIN"", ""type"": ""frozen_untradeable"", ""tradeable"": false, ""condition"": ""FROZEN PICK""}, {""year"": ""2033"", ""origin"": ""MIN"", ""type"": ""own_outright"", ""tradeable"": true, ""condition"": """"}]",False,False,False,"{""2023-24"": false, ""2024-25"": true, ""2025-26"": true, ""2026-27"": false}",2026-06-09,computed from contracts + constants,
MIN,2028-29,s2_gobert_out,Gobert traded out (subtraction-only baseline),"{""player_options"": ""counted at value (on books until declined)"", ""team_options"": ""counted at value (exercised) by default; only curated likely-declines (TEAM_OPTION_LIKELY_DECLINED, analyst input) excluded. Amount does not determine intent."", ""nonguaranteed"": ""treated as guaranteed (guarantee dates are Pass-2)"", ""own_free_agents"": ""approx cap hold (prior AAV) in cap basis only; not in apron salary"", ""roster_charges"": ""apron basis filled to 12 at rookie min; cap basis counts holds toward the 12"", ""repeater"": ""taxpayer flag projected forward in future seasons (apron salary > tax line)""}",127309672,0,0,0,0,0,0,0,10885000,138194672,5,5,0,138194672,50713328,50713328,50713328,91930328,101204328,115973328,under_cap,False,False,False,True,False,True,tiered_125,True,True,True,True,True,True,0,0,False,none,,,,2,"[{""year"": ""2027"", ""origin"": ""UTA"", ""type"": ""incoming"", ""tradeable"": null, ""condition"": ""Two most favorable of CLE, MIN and UTA then other to PHX""}, {""year"": ""2028"", ""origin"": ""MIN"", ""type"": ""own_outright"", ""tradeable"": true, ""condition"": """"}, {""year"": ""2029"", ""origin"": ""UTA"", ""type"": ""incoming"", ""tradeable"": null, ""condition"": ""If 6-30 then two most favorable of CLE, MIN 6-30 and UTA then other to PHX""}, {""year"": ""2029"", ""origin"": ""MIN"", ""type"": ""own_conditional_review"", ""tradeable"": null, ""condition"": ""If 1-5""}, {""year"": ""2030"", ""origin"": ""MIN"", ""type"": ""own_conditional_review"", ""tradeable"": null, ""condition"": ""Least favorable of MIN 2-30, DAL and SAS (via SAN swap for DAL; via SAN swap of SAN or DAL for MIN)""}, {""year"": ""2031"", ""origin"": ""SAC"", ""type"": ""incoming"", ""tradeable"": null, ""condition"": ""(via SAS)""}, {""year"": ""2032"", ""origin"": ""MIN"", ""type"": ""frozen_untradeable"", ""tradeable"": false, ""condition"": ""FROZEN PICK""}, {""year"": ""2033"", ""origin"": ""MIN"", ""type"": ""own_outright"", ""tradeable"": true, ""condition"": """"}]",False,False,False,"{""2024-25"": true, ""2025-26"": true, ""2026-27"": false, ""2027-28"": false}",2026-06-09,computed from contracts + constants,
MIN,2029-30,s2_gobert_out,Gobert traded out (subtraction-only baseline),"{""player_options"": ""counted at value (on books until declined)"", ""team_options"": ""counted at value (exercised) by default; only curated likely-declines (TEAM_OPTION_LIKELY_DECLINED, analyst input) excluded. Amount does not determine intent."", ""nonguaranteed"": ""treated as guaranteed (guarantee dates are Pass-2)"", ""own_free_agents"": ""approx cap hold (prior AAV) in cap basis only; not in apron salary"", ""roster_charges"": ""apron basis filled to 12 at rookie min; cap basis counts holds toward the 12"", ""repeater"": ""taxpayer flag projected forward in future seasons (apron salary > tax line)""}",10732423,28448276,0,0,0,0,0,0,16640000,55820699,2,1,0,55820699,146311301,146311301,146311301,190413301,200336301,216139301,under_cap,False,False,False,True,False,True,tiered_125,True,True,True,True,True,True,0,0,False,none,,,,2,"[{""year"": ""2027"", ""origin"": ""UTA"", ""type"": ""incoming"", ""tradeable"": null, ""condition"": ""Two most favorable of CLE, MIN and UTA then other to PHX""}, {""year"": ""2028"", ""origin"": ""MIN"", ""type"": ""own_outright"", ""tradeable"": true, ""condition"": """"}, {""year"": ""2029"", ""origin"": ""UTA"", ""type"": ""incoming"", ""tradeable"": null, ""condition"": ""If 6-30 then two most favorable of CLE, MIN 6-30 and UTA then other to PHX""}, {""year"": ""2029"", ""origin"": ""MIN"", ""type"": ""own_conditional_review"", ""tradeable"": null, ""condition"": ""If 1-5""}, {""year"": ""2030"", ""origin"": ""MIN"", ""type"": ""own_conditional_review"", ""tradeable"": null, ""condition"": ""Least favorable of MIN 2-30, DAL and SAS (via SAN swap for DAL; via SAN swap of SAN or DAL for MIN)""}, {""year"": ""2031"", ""origin"": ""SAC"", ""type"": ""incoming"", ""tradeable"": null, ""condition"": ""(via SAS)""}, {""year"": ""2032"", ""origin"": ""MIN"", ""type"": ""frozen_untradeable"", ""tradeable"": false, ""condition"": ""FROZEN PICK""}, {""year"": ""2033"", ""origin"": ""MIN"", ""type"": ""own_outright"", ""tradeable"": true, ""condition"": """"}]",False,False,False,"{""2025-26"": true, ""2026-27"": false, ""2027-28"": false, ""2028-29"": false}",2026-06-09,computed from contracts + constants,
MIN,2026-27,s3_both_out,Gobert and Randle traded out (subtraction-only baseline),"{""player_options"": ""counted at value (on books until declined)"", ""team_options"": ""counted at value (exercised) by default; only curated likely-declines (TEAM_OPTION_LIKELY_DECLINED, analyst input) excluded. Amount does not determine intent."", ""nonguaranteed"": ""treated as guaranteed (guarantee dates are Pass-2)"", ""own_free_agents"": ""approx cap hold (prior AAV) in cap basis only; not in apron salary"", ""roster_charges"": ""apron basis filled to 12 at rookie min; cap basis counts holds toward the 12"", ""repeater"": ""taxpayer flag projected forward in future seasons (apron salary > tax line)""}",117698327,0,2406205,0,0,0,0,0,6790000,126894532,7,6,16484548,136589080,28410920,38105468,28410920,74105468,82205468,95105468,under_cap,False,False,False,True,False,True,tiered_125,True,True,True,True,True,True,17412540,10774038,False,none,,,,2,"[{""year"": ""2027"", ""origin"": ""UTA"", ""type"": ""incoming"", ""tradeable"": null, ""condition"": ""Two most favorable of CLE, MIN and UTA then other to PHX""}, {""year"": ""2028"", ""origin"": ""MIN"", ""type"": ""own_outright"", ""tradeable"": true, ""condition"": """"}, {""year"": ""2029"", ""origin"": ""UTA"", ""type"": ""incoming"", ""tradeable"": null, ""condition"": ""If 6-30 then two most favorable of CLE, MIN 6-30 and UTA then other to PHX""}, {""year"": ""2029"", ""origin"": ""MIN"", ""type"": ""own_conditional_review"", ""tradeable"": null, ""condition"": ""If 1-5""}, {""year"": ""2030"", ""origin"": ""MIN"", ""type"": ""own_conditional_review"", ""tradeable"": null, ""condition"": ""Least favorable of MIN 2-30, DAL and SAS (via SAN swap for DAL; via SAN swap of SAN or DAL for MIN)""}, {""year"": ""2031"", ""origin"": ""SAC"", ""type"": ""incoming"", ""tradeable"": null, ""condition"": ""(via SAS)""}, {""year"": ""2032"", ""origin"": ""MIN"", ""type"": ""frozen_untradeable"", ""tradeable"": false, ""condition"": ""FROZEN PICK""}, {""year"": ""2033"", ""origin"": ""MIN"", ""type"": ""own_outright"", ""tradeable"": true, ""condition"": """"}]",False,False,False,"{""2022-23"": false, ""2023-24"": false, ""2024-25"": true, ""2025-26"": true}",2026-06-09,computed from contracts + constants,
MIN,2027-28,s3_both_out,Gobert and Randle traded out (subtraction-only baseline),"{""player_options"": ""counted at value (on books until declined)"", ""team_options"": ""counted at value (exercised) by default; only curated likely-declines (TEAM_OPTION_LIKELY_DECLINED, analyst input) excluded. Amount does not determine intent."", ""nonguaranteed"": ""treated as guaranteed (guarantee dates are Pass-2)"", ""own_free_agents"": ""approx cap hold (prior AAV) in cap basis only; not in apron salary"", ""roster_charges"": ""apron basis filled to 12 at rookie min; cap basis counts holds toward the 12"", ""repeater"": ""taxpayer flag projected forward in future seasons (apron salary > tax line)""}",105305634,0,9675359,0,0,0,0,0,10171000,125151993,5,3,0,125151993,51398007,51398007,51398007,89918007,98585007,112388007,under_cap,False,False,False,True,False,True,tiered_125,True,True,True,True,True,True,0,0,False,none,,,,2,"[{""year"": ""2027"", ""origin"": ""UTA"", ""type"": ""incoming"", ""tradeable"": null, ""condition"": ""Two most favorable of CLE, MIN and UTA then other to PHX""}, {""year"": ""2028"", ""origin"": ""MIN"", ""type"": ""own_outright"", ""tradeable"": true, ""condition"": """"}, {""year"": ""2029"", ""origin"": ""UTA"", ""type"": ""incoming"", ""tradeable"": null, ""condition"": ""If 6-30 then two most favorable of CLE, MIN 6-30 and UTA then other to PHX""}, {""year"": ""2029"", ""origin"": ""MIN"", ""type"": ""own_conditional_review"", ""tradeable"": null, ""condition"": ""If 1-5""}, {""year"": ""2030"", ""origin"": ""MIN"", ""type"": ""own_conditional_review"", ""tradeable"": null, ""condition"": ""Least favorable of MIN 2-30, DAL and SAS (via SAN swap for DAL; via SAN swap of SAN or DAL for MIN)""}, {""year"": ""2031"", ""origin"": ""SAC"", ""type"": ""incoming"", ""tradeable"": null, ""condition"": ""(via SAS)""}, {""year"": ""2032"", ""origin"": ""MIN"", ""type"": ""frozen_untradeable"", ""tradeable"": false, ""condition"": ""FROZEN PICK""}, {""year"": ""2033"", ""origin"": ""MIN"", ""type"": ""own_outright"", ""tradeable"": true, ""condition"": """"}]",False,False,False,"{""2023-24"": false, ""2024-25"": true, ""2025-26"": true, ""2026-27"": false}",2026-06-09,computed from contracts + constants,
MIN,2028-29,s3_both_out,Gobert and Randle traded out (subtraction-only baseline),"{""player_options"": ""counted at value (on books until declined)"", ""team_options"": ""counted at value (exercised) by default; only curated likely-declines (TEAM_OPTION_LIKELY_DECLINED, analyst input) excluded. Amount does not determine intent."", ""nonguaranteed"": ""treated as guaranteed (guarantee dates are Pass-2)"", ""own_free_agents"": ""approx cap hold (prior AAV) in cap basis only; not in apron salary"", ""roster_charges"": ""apron basis filled to 12 at rookie min; cap basis counts holds toward the 12"", ""repeater"": ""taxpayer flag projected forward in future seasons (apron salary > tax line)""}",127309672,0,0,0,0,0,0,0,10885000,138194672,5,5,0,138194672,50713328,50713328,50713328,91930328,101204328,115973328,under_cap,False,False,False,True,False,True,tiered_125,True,True,True,True,True,True,0,0,False,none,,,,2,"[{""year"": ""2027"", ""origin"": ""UTA"", ""type"": ""incoming"", ""tradeable"": null, ""condition"": ""Two most favorable of CLE, MIN and UTA then other to PHX""}, {""year"": ""2028"", ""origin"": ""MIN"", ""type"": ""own_outright"", ""tradeable"": true, ""condition"": """"}, {""year"": ""2029"", ""origin"": ""UTA"", ""type"": ""incoming"", ""tradeable"": null, ""condition"": ""If 6-30 then two most favorable of CLE, MIN 6-30 and UTA then other to PHX""}, {""year"": ""2029"", ""origin"": ""MIN"", ""type"": ""own_conditional_review"", ""tradeable"": null, ""condition"": ""If 1-5""}, {""year"": ""2030"", ""origin"": ""MIN"", ""type"": ""own_conditional_review"", ""tradeable"": null, ""condition"": ""Least favorable of MIN 2-30, DAL and SAS (via SAN swap for DAL; via SAN swap of SAN or DAL for MIN)""}, {""year"": ""2031"", ""origin"": ""SAC"", ""type"": ""incoming"", ""tradeable"": null, ""condition"": ""(via SAS)""}, {""year"": ""2032"", ""origin"": ""MIN"", ""type"": ""frozen_untradeable"", ""tradeable"": false, ""condition"": ""FROZEN PICK""}, {""year"": ""2033"", ""origin"": ""MIN"", ""type"": ""own_outright"", ""tradeable"": true, ""condition"": """"}]",False,False,False,"{""2024-25"": true, ""2025-26"": true, ""2026-27"": false, ""2027-28"": false}",2026-06-09,computed from contracts + constants,
MIN,2029-30,s3_both_out,Gobert and Randle traded out (subtraction-only baseline),"{""player_options"": ""counted at value (on books until declined)"", ""team_options"": ""counted at value (exercised) by default; only curated likely-declines (TEAM_OPTION_LIKELY_DECLINED, analyst input) excluded. Amount does not determine intent."", ""nonguaranteed"": ""treated as guaranteed (guarantee dates are Pass-2)"", ""own_free_agents"": ""approx cap hold (prior AAV) in cap basis only; not in apron salary"", ""roster_charges"": ""apron basis filled to 12 at rookie min; cap basis counts holds toward the 12"", ""repeater"": ""taxpayer flag projected forward in future seasons (apron salary > tax line)""}",10732423,28448276,0,0,0,0,0,0,16640000,55820699,2,1,0,55820699,146311301,146311301,146311301,190413301,200336301,216139301,under_cap,False,False,False,True,False,True,tiered_125,True,True,True,True,True,True,0,0,False,none,,,,2,"[{""year"": ""2027"", ""origin"": ""UTA"", ""type"": ""incoming"", ""tradeable"": null, ""condition"": ""Two most favorable of CLE, MIN and UTA then other to PHX""}, {""year"": ""2028"", ""origin"": ""MIN"", ""type"": ""own_outright"", ""tradeable"": true, ""condition"": """"}, {""year"": ""2029"", ""origin"": ""UTA"", ""type"": ""incoming"", ""tradeable"": null, ""condition"": ""If 6-30 then two most favorable of CLE, MIN 6-30 and UTA then other to PHX""}, {""year"": ""2029"", ""origin"": ""MIN"", ""type"": ""own_conditional_review"", ""tradeable"": null, ""condition"": ""If 1-5""}, {""year"": ""2030"", ""origin"": ""MIN"", ""type"": ""own_conditional_review"", ""tradeable"": null, ""condition"": ""Least favorable of MIN 2-30, DAL and SAS (via SAN swap for DAL; via SAN swap of SAN or DAL for MIN)""}, {""year"": ""2031"", ""origin"": ""SAC"", ""type"": ""incoming"", ""tradeable"": null, ""condition"": ""(via SAS)""}, {""year"": ""2032"", ""origin"": ""MIN"", ""type"": ""frozen_untradeable"", ""tradeable"": false, ""condition"": ""FROZEN PICK""}, {""year"": ""2033"", ""origin"": ""MIN"", ""type"": ""own_outright"", ""tradeable"": true, ""condition"": """"}]",False,False,False,"{""2025-26"": true, ""2026-27"": false, ""2027-28"": false, ""2028-29"": false}",2026-06-09,computed from contracts + constants,
