season,PLAYER_ID,PLAYER_NAME,AGE,GP,MIN,REB,AST,BLK,STL,PTS
2001-02,2062,A.J. Guyton,24.0,45,603.93,44,81,7,10,244
2001-02,243,Aaron McKie,29.0,48,1469.0133333333333,192,179,14,56,587
2001-02,1425,Aaron Williams,30.0,82,1549.9183333333333,339,77,76,29,592
2001-02,1502,Adonal Foyle,27.0,79,1485.29,384,41,168,36,379
2001-02,1559,Adrian Griffin,27.0,58,1386.62,229,106,12,75,415
2001-02,1733,Al Harrington,22.0,44,1309.385,276,54,21,41,576
2001-02,673,Alan Henderson,29.0,26,422.865,97,11,15,11,143
2001-02,275,Allan Houston,31.0,77,2915.17,252,190,10,54,1567
2001-02,947,Allen Iverson,27.0,60,2624.165,269,331,13,168,1883
2001-02,297,Alonzo Mourning,32.0,75,2453.2233333333334,632,87,186,27,1178
2001-02,2228,Alton Ford,21.0,53,449.705,107,7,7,6,164
2001-02,2264,Alvin Jones,23.0,23,124.57333333333334,36,3,9,3,26
2001-02,1541,Alvin Williams,27.0,82,2932.87,281,468,26,135,971
2001-02,1043,Amal McCaskill,28.0,27,153.22166666666666,36,4,10,6,52
2001-02,1889,Andre Miller,26.0,81,3019.3316666666665,379,882,34,126,1335
2001-02,1905,Andrei Kirilenko,21.0,82,2153.6133333333332,402,94,159,116,880
2001-02,692,Andrew DeClercq,29.0,61,634.5433333333333,163,22,23,23,162
2001-02,358,Anfernee Hardaway,30.0,80,2464.8733333333334,350,324,32,122,959
2001-02,1738,Ansu Sesay,25.0,9,141.07666666666665,20,8,2,3,58
2001-02,1712,Antawn Jamison,26.0,82,3033.31,556,161,45,70,1619
2001-02,1853,Anthony Carter,27.0,46,1050.4883333333332,117,214,3,50,198
2001-02,1533,Anthony Johnson,27.0,34,366.0683333333333,29,48,1,31,94
2001-02,193,Anthony Mason,35.0,82,3139.7433333333333,646,346,22,57,787
2001-02,324,Anthony Peeler,32.0,82,2060.391666666667,206,177,11,61,737
2001-02,952,Antoine Walker,25.0,81,3406.435,714,407,38,122,1794
2001-02,1498,Antonio Daniels,27.0,82,2169.815,176,228,12,48,753
2001-02,213,Antonio Davis,33.0,77,2976.945,740,155,83,54,1113
2001-02,176,Antonio Harvey,31.0,5,47.58833333333333,9,5,3,1,9
2001-02,686,Antonio McDyess,27.0,10,235.06833333333333,55,18,8,10,113
2001-02,2238,Antonis Fotsis,21.0,28,317.35,62,10,11,9,108
2001-02,1609,Art Long,29.0,63,988.665,251,41,28,22,285
2001-02,1506,Austin Croshere,27.0,76,1282.7233333333334,294,77,29,26,516
2001-02,422,Avery Johnson,37.0,68,1353.5183333333334,69,286,9,40,535
2001-02,1884,Baron Davis,23.0,82,3319.765,349,698,47,172,1484
2001-02,1112,Ben Wallace,27.0,80,2918.931666666667,1039,115,278,138,609
2001-02,902,Bimbo Coles,34.0,47,693.685,55,107,4,13,149
2001-02,448,Bo Outlaw,31.0,83,1928.595,364,127,92,70,376
2001-02,682,Bob Sura,29.0,78,1783.7466666666667,256,275,17,88,778
2001-02,1517,Bobby Jackson,29.0,81,1752.7916666666667,251,164,11,73,896
2001-02,2250,Bobby Simmons,22.0,30,339.69666666666666,52,17,5,13,112
2001-02,1719,Bonzi Wells,25.0,74,2350.475,444,204,25,113,1255
2001-02,1802,Brad Miller,26.0,76,2264.075,621,152,41,76,1032
2001-02,2220,Brandon Armstrong,22.0,35,194.78833333333333,16,8,1,7,64
2001-02,2217,Brendan Haywood,22.0,62,1266.54,322,29,91,21,315
2001-02,699,Brent Barry,30.0,81,3038.235,441,426,37,147,1164
2001-02,85,Brent Price,33.0,20,88.695,8,9,1,3,31
2001-02,1510,Brevin Knight,26.0,53,1149.3166666666666,109,302,7,79,371
2001-02,2073,Brian Cardinal,25.0,8,42.583333333333336,6,2,0,1,17
2001-02,258,Brian Grant,30.0,72,2256.3783333333336,575,137,31,48,673
2001-02,2243,Brian Scalabrine,24.0,28,291.41333333333336,51,21,2,9,60
2001-02,216,Brian Shaw,36.0,58,628.1316666666667,112,89,3,25,169
2001-02,1730,Brian Skinner,26.0,65,1107.8783333333333,281,17,61,24,224
2001-02,1477,Bruce Bowen,31.0,59,1699.02,162,88,25,62,412
2001-02,1743,Bruno Sundov,22.0,22,84.96833333333333,21,3,3,3,32
2001-02,179,Bryant Stith,31.0,50,663.2216666666667,85,42,6,29,208
2001-02,1724,Bryce Drew,27.0,61,771.6733333333333,72,101,2,32,210
2001-02,935,Bryon Russell,31.0,66,1998.4616666666666,295,136,19,64,636
2001-02,1898,Cal Bowdler,25.0,52,584.645,110,11,15,18,162
2001-02,384,Calbert Cheaney,30.0,68,1637.3733333333332,240,110,21,34,494
2001-02,1916,Calvin Booth,26.0,15,278.02,54,16,13,6,93
2001-02,2306,Carlos Arroyo,22.0,37,369.93833333333333,40,70,1,11,111
2001-02,435,Carlos Rogers,31.0,22,168.79,38,3,6,5,59
2001-02,1538,Cedric Henderson,27.0,12,69.46666666666667,3,4,2,6,36
2001-02,891,Charles Oakley,38.0,57,1384.435,343,114,11,49,216
2001-02,1520,Charles Smith,26.0,60,1143.4166666666667,133,80,44,52,441
2001-02,2294,Charlie Bell,23.0,7,41.99166666666667,5,2,0,0,8
2001-02,369,Charlie Ward,31.0,63,1057.48,127,203,14,68,326
2001-02,1497,Chauncey Billups,25.0,82,2355.935,226,450,17,66,1027
2001-02,685,Cherokee Parks,29.0,42,232.71333333333334,58,10,8,7,63
2001-02,2365,Chris Andersen,23.0,24,260.65833333333336,76,7,28,7,72
2001-02,164,Chris Childs,34.0,69,1578.8783333333333,154,351,5,56,285
2001-02,1544,Chris Crawford,27.0,7,131.05,25,5,5,2,53
2001-02,201,Chris Dudley,37.0,43,326.93666666666667,80,13,14,3,48
2001-02,423,Chris Gatling,34.0,54,810.1066666666667,206,25,11,17,345
2001-02,2036,Chris Mihm,22.0,74,1657.5816666666667,392,24,89,18,569
2001-02,168,Chris Mills,32.0,66,1235.5033333333333,190,72,13,31,489
2001-02,185,Chris Webber,29.0,54,2072.32,546,259,76,90,1322
2001-02,43,Chris Whitney,30.0,82,2171.1316666666667,152,314,6,72,833
2001-02,363,Christian Laettner,32.0,57,1443.9883333333332,301,151,25,60,404
2001-02,1088,Chucky Atkins,27.0,79,2280.545,158,263,11,72,957
2001-02,359,Chucky Brown,34.0,18,91.98,33,6,4,2,21
2001-02,221,Clar. Weatherspoon,31.0,56,1725.8983333333333,460,60,48,37,494
2001-02,361,Clifford Robinson,35.0,80,2854.6716666666666,387,202,95,89,1166
2001-02,1894,Corey Maggette,22.0,63,1616.74,231,112,19,41,717
2001-02,916,Corie Blount,33.0,72,1429.545,368,44,26,49,259
2001-02,722,Corliss Williamson,28.0,78,1707.23,320,94,26,49,1063
2001-02,2042,Courtney Alexander,25.0,56,1323.14,148,86,7,35,549
2001-02,1749,Cuttino Mobley,26.0,74,3115.8016666666667,300,187,37,109,1606
2001-02,905,Dale Davis,33.0,78,2446.366666666667,688,96,83,62,742
2001-02,2053,Dalibor Bagaric,21.0,50,634.8816666666667,162,23,24,17,185
2001-02,1800,Damon Jones,25.0,67,1088.7,103,140,1,23,340
2001-02,757,Damon Stoudamire,28.0,75,2793.278333333333,292,490,7,67,1016
2001-02,2245,Damone Brown,23.0,17,63.785,4,2,1,1,23
2001-02,2061,Dan Langhi,24.0,34,433.19166666666666,67,14,5,8,107
2001-02,105,Dan Majerle,36.0,65,1182.5866666666666,176,90,15,48,300
2001-02,344,Dana Barros,35.0,29,586.0733333333334,57,77,2,14,193
2001-02,2091,Daniel Santiago,26.0,3,24.316666666666666,7,2,1,0,8
2001-02,198,Danny Ferry,35.0,50,798.7666666666667,90,48,9,16,229
2001-02,1504,Danny Fortson,26.0,77,2219.346666666667,899,127,17,44,864
2001-02,330,Danny Manning,36.0,41,553.9383333333334,108,30,21,21,165
2001-02,2032,Darius Miles,20.0,82,2225.0383333333334,453,184,103,71,777
2001-02,353,Darrell Armstrong,34.0,82,2733.3216666666667,319,453,10,157,1015
2001-02,239,Darrick Martin,31.0,3,22.413333333333334,1,3,0,2,1
2001-02,1032,Darvin Ham,28.0,70,1206.9133333333334,202,73,37,25,303
2001-02,764,David Robinson,36.0,78,2305.2266666666665,647,94,140,86,951
2001-02,133,David Wesley,31.0,67,2490.366666666667,143,236,15,74,951
2001-02,2205,DeSagana Diop,20.0,18,109.49833333333333,17,5,10,1,25
2001-02,2052,DeShawn Stevenson,21.0,67,1131.1933333333334,131,116,24,29,325
2001-02,1051,Dean Garrett,35.0,34,180.68166666666667,57,5,10,7,36
2001-02,2352,Dean Oliver,23.0,20,138.97,8,21,0,3,42
2001-02,244,Dee Brown,33.0,7,65.81666666666666,9,2,1,3,7
2001-02,209,Dell Curry,38.0,56,884.9483333333334,81,61,6,22,360
2001-02,2035,DerMarr Johnson,22.0,72,1722.395,247,81,56,62,602
2001-02,1507,Derek Anderson,27.0,70,1855.9366666666667,189,216,8,68,757
2001-02,965,Derek Fisher,27.0,70,1974.8133333333333,146,181,9,66,786
2001-02,934,Derrick Coleman,35.0,58,2080.633333333333,509,98,51,42,875
2001-02,1760,Derrick Dial,26.0,32,298.68,56,35,4,10,101
2001-02,365,Derrick McKey,35.0,41,783.12,127,45,4,41,119
2001-02,2046,Desmond Mason,24.0,75,2418.048333333333,351,104,27,67,931
2001-02,1904,Devean George,24.0,82,1762.5083333333334,303,111,42,71,581
2001-02,54,Dickey Simpkins,30.0,1,2.7666666666666666,0,1,0,0,0
2001-02,87,Dikembe Mutombo,36.0,80,2905.63,863,83,190,29,920
2001-02,1901,Dion Glover,23.0,55,1156.1816666666666,169,84,14,45,492
2001-02,1717,Dirk Nowitzki,24.0,76,2890.955,755,186,77,83,1779
2001-02,690,Don Reid,28.0,68,712.7083333333334,176,27,44,20,224
2001-02,2051,Donnell Harvey,21.0,47,844.4416666666667,227,37,24,21,270
2001-02,681,Donny Marshall,29.0,20,118.55333333333333,21,5,0,3,30
2001-02,923,Donyell Marshall,29.0,58,1749.1783333333333,443,101,67,50,859
2001-02,57,Doug Christie,32.0,81,2796.0516666666667,374,340,25,160,972
2001-02,77,Doug Overton,32.0,18,131.44333333333333,12,13,1,3,39
2001-02,1863,Earl Boykins,26.0,68,761.745,54,145,2,20,280
2001-02,2248,Earl Watson,23.0,64,965.3983333333333,83,125,5,60,231
2001-02,2109,Eddie Gill,23.0,23,381.01666666666665,28,49,3,11,116
2001-02,2204,Eddie Griffin,20.0,73,1895.4766666666667,416,53,134,17,642
2001-02,2067,Eddie House,24.0,64,1230.37,110,123,5,43,514
2001-02,224,Eddie Jones,30.0,81,3155.2183333333332,378,262,77,117,1480
2001-02,1944,Eddie Robinson,26.0,29,652.2233333333334,78,37,11,23,262
2001-02,2201,Eddy Curry,19.0,72,1150.7783333333334,272,25,53,16,483
2001-02,2059,Eduardo Najera,25.0,62,1351.3816666666667,342,38,30,56,400
2001-02,922,Elden Campbell,33.0,77,2158.068333333333,530,102,137,60,1074
2001-02,695,Eldridge Recasner,34.0,6,32.888333333333335,0,5,0,1,5
2001-02,386,Elliot Perry,33.0,2,47.6,4,7,0,3,11
2001-02,1882,Elton Brand,23.0,80,3016.25,925,191,163,80,1453
2001-02,1023,Emanual Davis,33.0,28,775.0166666666667,74,68,5,27,185
2001-02,376,Eric Montross,30.0,49,656.0966666666667,140,16,23,12,116
2001-02,15,Eric Piatkowski,31.0,71,1716.6533333333334,184,112,12,41,626
2001-02,727,Eric Snow,29.0,61,2225.258333333333,215,400,9,95,738
2001-02,677,Eric Williams,29.0,74,1749.8983333333333,221,109,8,77,472
2001-02,2057,Erick Barkley,24.0,19,226.37333333333333,18,34,1,17,58
2001-02,956,Erick Dampier,26.0,73,1736.745,387,87,167,17,554
2001-02,1065,Erick Strickland,28.0,79,1640.0316666666668,213,184,1,56,606
2001-02,2081,Ernest Brown,23.0,3,21.43,6,0,1,0,3
2001-02,911,Ervin Johnson,34.0,81,1659.1016666666667,466,27,82,37,208
2001-02,2041,Etan Thomas,24.0,47,620.485,181,6,35,17,203
2001-02,1915,Evan Eschmeyer,27.0,31,299.12333333333333,98,9,9,10,62
2001-02,1732,Felipe Lopez,27.0,67,573.1533333333333,80,39,1,18,169
2001-02,280,Felton Spencer,34.0,32,248.19166666666666,50,3,8,7,29
2001-02,697,Fred Hoiberg,29.0,79,1406.4083333333333,210,136,5,61,345
2001-02,56,Gary Payton,33.0,82,3297.1433333333334,396,737,26,131,1815
2001-02,718,Gary Trent,27.0,64,1141.4316666666666,270,60,27,21,478
2001-02,248,George Lynch,31.0,45,892.8216666666667,186,54,14,40,172
2001-02,45,George McCloud,35.0,69,1831.8616666666667,251,204,19,58,604
2001-02,2222,Gerald Wallace,19.0,54,431.71666666666664,89,27,6,19,173
2001-02,2240,Gilbert Arenas,20.0,47,1152.145,132,174,11,69,511
2001-02,779,Glen Rice,35.0,20,606.5366666666666,47,31,3,12,172
2001-02,299,Glenn Robinson,29.0,66,2347.625,406,168,41,97,1366
2001-02,255,Grant Hill,29.0,14,513.5566666666666,125,64,4,8,235
2001-02,3,Grant Long,36.0,66,1868.1016666666667,231,136,12,63,417
2001-02,21,Greg Anthony,34.0,60,1513.0316666666668,132,282,5,77,474
2001-02,1761,Greg Buckner,25.0,44,884.8166666666667,173,48,19,31,253
2001-02,323,Greg Foster,33.0,6,25.016666666666666,8,1,0,0,7
2001-02,731,Greg Ostertag,29.0,74,1110.0333333333333,313,50,109,15,245
2001-02,165,Hakeem Olajuwon,39.0,61,1374.51,366,66,92,74,435
2001-02,2069,Hanno Mottola,25.0,82,1368.4183333333333,268,50,19,20,396
2001-02,1942,Harold Jamison,25.0,25,177.05666666666667,39,6,1,5,54
2001-02,2045,Hedo Turkoglu,23.0,80,1969.3,363,163,31,57,810
2001-02,270,Horace Grant,36.0,76,2211.463333333333,481,104,49,57,608
2001-02,458,Howard Eisley,29.0,39,610.205,49,100,3,24,171
2001-02,93,Hubert Davis,32.0,51,1231.765,77,107,3,28,365
2001-02,1134,Ike Austin,32.0,21,306.47,71,13,5,9,76
2001-02,1829,Ike Fontaine,27.0,6,76.005,5,4,0,0,11
2001-02,1085,Ira Bowman,29.0,3,29.116666666666667,1,1,0,2,10
2001-02,1956,Ira Newble,27.0,42,1274.4583333333333,222,45,20,38,338
2001-02,375,Isaiah Rider,31.0,10,173.66333333333333,33,12,2,3,93
2001-02,2074,Jabari Smith,25.0,23,180.68166666666667,28,11,6,6,73
2001-02,1521,Jacque Vaughn,27.0,82,1855.4983333333332,168,349,2,64,540
2001-02,1751,Jahidi White,26.0,71,1347.0633333333333,444,17,75,25,383
2001-02,2054,Jake Tsakalidis,23.0,67,1584.5466666666666,374,23,69,23,491
2001-02,2063,Jake Voskuhl,24.0,59,900.9633333333334,250,18,23,11,296
2001-02,147,Jalen Rose,29.0,83,3155.568333333333,373,355,45,78,1696
2001-02,2048,Jamaal Magloire,24.0,82,1552.0366666666666,460,31,86,27,697
2001-02,2224,Jamaal Tinsley,24.0,80,2443.415,298,647,40,138,751
2001-02,2037,Jamal Crawford,22.0,23,481.705,34,55,5,18,214
2001-02,469,Jamal Mashburn,29.0,40,1596.3983333333333,242,171,6,45,858
2001-02,1899,James Posey,25.0,73,2242.615,429,180,39,114,782
2001-02,2249,Jamison Brewer,21.0,13,41.43333333333333,8,9,0,2,4
2001-02,1114,Jaren Jackson,34.0,9,143.94833333333332,17,8,0,5,39
2001-02,2260,Jarron Collins,23.0,70,1444.6616666666666,296,58,22,29,450
2001-02,679,Jason Caffey,29.0,23,284.815,50,12,5,4,99
2001-02,2044,Jason Collier,24.0,25,363.025,82,9,4,6,106
2001-02,2215,Jason Collins,23.0,77,1403.1083333333333,301,81,47,29,350
2001-02,2078,Jason Hart,24.0,10,92.57333333333334,13,12,1,7,26
2001-02,467,Jason Kidd,29.0,82,3056.0216666666665,595,808,20,175,1208
2001-02,2202,Jason Richardson,21.0,80,2627.845,340,236,31,106,1151
2001-02,1891,Jason Terry,24.0,78,2967.53,270,444,13,144,1504
2001-02,1715,Jason Williams,26.0,65,2237.6466666666665,195,519,7,111,959
2001-02,1902,Jeff Foster,25.0,82,1784.6066666666666,556,70,38,71,467
2001-02,976,Jeff McInnis,27.0,81,3031.7033333333334,213,500,6,63,1184
2001-02,2244,Jeff Trepagnier,22.0,12,76.11,12,12,4,8,18
2001-02,1741,Jelani McCoy,24.0,21,104.11666666666666,25,7,5,0,26
2001-02,1983,Jermaine Jackson,26.0,24,277.995,27,57,1,9,57
2001-02,979,Jermaine O'Neal,23.0,72,2707.8566666666666,757,118,166,45,1371
2001-02,1744,Jerome James,26.0,56,951.7283333333334,232,24,86,25,298
2001-02,2040,Jerome Moiso,24.0,15,74.58833333333334,25,4,2,3,16
2001-02,966,Jerome Williams,29.0,68,1636.26,386,75,25,78,518
2001-02,711,Jerry Stackhouse,27.0,76,2685.9983333333334,315,403,37,77,1629
2001-02,2219,Jeryl Sasser,23.0,7,34.211666666666666,7,2,0,3,10
2001-02,754,Jim Jackson,31.0,55,1823.5166666666667,290,140,14,42,589
2001-02,2343,Joe Crispin,22.0,21,154.45833333333334,11,26,0,5,79
2001-02,2207,Joe Johnson,21.0,77,1916.7366666666667,257,179,20,59,581
2001-02,693,Joe Smith,26.0,72,1925.1166666666666,453,82,59,39,767
2001-02,2038,Joel Przybilla,22.0,71,1126.0783333333334,283,21,118,20,190
2001-02,680,John Amaechi,31.0,54,586.035,109,29,10,7,175
2001-02,180,John Crotty,32.0,41,799.4516666666667,75,141,1,19,284
2001-02,317,John Starks,36.0,66,930.3533333333334,68,70,0,33,290
2001-02,304,John Stockton,40.0,82,2569.665,263,674,24,152,1102
2001-02,961,John Wallace,28.0,46,485.04,85,29,9,11,231
2001-02,271,Johnny Newman,38.0,47,724.9266666666666,49,14,4,29,198
2001-02,468,Jon Barry,32.0,82,1989.3016666666667,234,274,20,94,739
2001-02,1886,Jonathan Bender,21.0,78,1646.215,244,62,49,19,581
2001-02,2218,Joseph Forte,21.0,8,38.028333333333336,6,6,0,2,6
2001-02,146,Jud Buechler,34.0,66,678.72,116,32,8,21,111
2001-02,1908,Jumaine Jones,23.0,81,2143.2166666666667,490,116,46,75,671
2001-02,436,Juwan Howard,29.0,81,2634.2633333333333,612,169,47,46,1185
2001-02,252,Karl Malone,38.0,80,3037.535,686,341,59,152,1788
2001-02,2208,Kedrick Brown,21.0,29,245.14166666666668,50,15,7,18,63
2001-02,1496,Keith Van Horn,26.0,81,2461.685,609,164,42,63,1199
2001-02,1509,Kelvin Cato,27.0,75,1918.6416666666667,525,29,95,40,493
2001-02,383,Kendall Gill,34.0,65,1414.5933333333332,184,100,8,44,372
2001-02,72,Kenny Anderson,31.0,76,2427.47,275,403,10,141,731
2001-02,2261,Kenny Satterfield,21.0,36,559.8583333333333,52,108,1,31,189
2001-02,1903,Kenny Thomas,24.0,72,2481.423333333333,516,137,66,85,1015
2001-02,2030,Kenyon Martin,24.0,73,2504.786666666667,388,192,121,90,1086
2001-02,1721,Keon Clark,27.0,81,2186.8083333333334,603,88,122,58,915
2001-02,954,Kerry Kittles,28.0,82,2598.63,275,216,31,130,1102
2001-02,708,Kevin Garnett,26.0,81,3171.4783333333335,981,422,126,96,1714
2001-02,1563,Kevin Ollie,29.0,81,1724.36,184,291,2,62,462
2001-02,788,Kevin Willis,39.0,52,866.3383333333334,299,14,23,25,315
2001-02,2039,Keyon Dooling,22.0,14,157.09833333333333,3,12,3,4,58
2001-02,2213,Kirk Haston,23.0,15,77.25,20,5,1,0,26
2001-02,977,Kobe Bryant,23.0,80,3065.1316666666667,441,438,35,118,2019
2001-02,703,Kurt Thomas,29.0,82,2769.451666666667,747,87,79,71,1143
2001-02,2198,Kwame Brown,20.0,57,817.1,198,43,26,16,258
2001-02,111,LaPhonso Ellis,32.0,66,1683.7883333333334,287,56,37,30,469
2001-02,1885,Lamar Odom,22.0,29,999.47,176,171,36,23,379
2001-02,441,Lamond Murray,29.0,71,2310.645,372,157,43,70,1176
2001-02,1716,Larry Hughes,23.0,73,2045.8116666666667,245,316,23,113,895
2001-02,1683,Larry Robinson,34.0,2,10.883333333333333,2,0,0,0,3
2001-02,84,Latrell Sprewell,31.0,81,3327.8633333333332,298,313,14,94,1575
2001-02,2068,Lavor Postell,24.0,23,177.65,16,5,0,6,93
2001-02,1444,Lawrence Funderburke,31.0,56,720.595,198,32,18,11,264
2001-02,1924,Lee Nailon,27.0,79,1912.7733333333333,291,94,17,59,851
2001-02,1910,Leon Smith,21.0,14,100.71666666666667,31,3,1,5,31
2001-02,283,Lindsey Hunter,31.0,82,1614.5116666666668,121,129,19,66,473
2001-02,2254,Loren Woods,24.0,60,515.7033333333334,122,22,34,17,110
2001-02,953,Lorenzen Wright,26.0,43,1250.7883333333334,405,44,23,30,516
2001-02,446,Lucious Harris,31.0,74,1555.8916666666667,207,116,6,53,675
2001-02,2124,Malik Allen,24.0,12,160.835,38,5,8,3,52
2001-02,990,Malik Rose,27.0,82,1728.06,492,61,42,70,772
2001-02,2055,Mamadou N'diaye,27.0,5,46.77,11,0,2,0,20
2001-02,1531,Marc Jackson,27.0,39,498.07,128,14,6,11,186
2001-02,948,Marcus Camby,28.0,29,1008.9666666666667,322,33,50,34,322
2001-02,2033,Marcus Fizer,23.0,76,1964.9083333333333,427,120,24,49,938
2001-02,1548,Mark Blount,26.0,44,415.7816666666667,85,10,19,16,94
2001-02,95,Mark Bryant,37.0,30,201.79833333333335,44,10,2,7,56
2001-02,349,Mark Jackson,37.0,82,2364.035,309,605,1,74,686
2001-02,2058,Mark Madsen,26.0,59,648.74,162,44,13,16,167
2001-02,998,Mark Pope,29.0,45,425.285,73,17,11,11,87
2001-02,1110,Mark Strickland,31.0,46,655.5266666666666,131,20,16,19,208
2001-02,2043,Mateen Cleaves,24.0,32,154.655,8,25,0,7,70
2001-02,672,Matt Bullard,35.0,31,350.2416666666667,47,16,2,2,105
2001-02,761,Matt Geiger,32.0,4,35.18333333333333,6,0,2,0,3
2001-02,1723,Matt Harpring,26.0,81,2547.2083333333335,573,107,5,70,958
2001-02,2230,Maurice Evans,23.0,10,42.96,4,4,0,0,21
2001-02,2370,Mengke Bateer,26.0,27,407.62666666666667,96,22,5,10,139
2001-02,1897,Metta World Peace,22.0,55,1641.43,271,127,39,141,727
2001-02,2214,Michael Bradley,23.0,26,117.65,24,3,6,0,30
2001-02,688,Michael Curry,33.0,82,1905.4083333333333,168,127,10,47,329
2001-02,1722,Michael Dickerson,27.0,4,125.55,12,9,1,3,43
2001-02,1720,Michael Doleac,25.0,42,708.5966666666667,168,25,11,15,194
2001-02,714,Michael Finley,29.0,69,2755.1783333333333,360,230,25,65,1424
2001-02,893,Michael Jordan,39.0,60,2089.0016666666666,339,310,26,85,1375
2001-02,1709,Michael Olowokandi,27.0,80,2569.633333333333,711,90,145,55,885
2001-02,2072,Michael Redd,22.0,67,1417.1283333333333,224,91,7,42,767
2001-02,1913,Michael Ruffin,25.0,15,168.74,51,5,8,5,16
2001-02,1565,Michael Stewart,27.0,11,91.33333333333333,25,3,3,4,22
2001-02,1710,Mike Bibby,24.0,80,2657.33,222,403,15,87,1098
2001-02,2229,Mike James,27.0,15,117.57833333333333,14,19,1,6,42
2001-02,2034,Mike Miller,22.0,63,2127.891666666667,273,198,23,47,956
2001-02,2130,Mike Penberthy,27.0,3,11.883333333333333,2,2,0,2,5
2001-02,1630,Mikki Moore,26.0,30,213.465,52,12,9,7,79
2001-02,1960,Milt Palacio,24.0,69,790.4116666666666,73,83,4,30,231
2001-02,782,Mitch Richmond,37.0,64,711.02,94,57,6,18,260
2001-02,348,Mitchell Butler,31.0,11,89.785,14,5,1,0,29
2001-02,42,Monty Williams,30.0,68,1284.785,235,96,17,48,484
2001-02,983,Moochie Norris,28.0,82,2246.39,246,403,4,81,665
2001-02,302,Mookie Blaylock,35.0,35,599.6616666666666,52,114,4,24,119
2001-02,2050,Morris Peterson,24.0,63,1990.0766666666666,223,153,11,73,883
2001-02,1737,Nazr Mohammed,24.0,82,2170.035,651,33,61,63,795
2001-02,98,Nick Anderson,34.0,15,220.29166666666666,33,14,6,6,60
2001-02,89,Nick Van Exel,30.0,72,2497.7,254,478,11,44,1322
2001-02,2369,Norman Richardson,24.0,11,68.46333333333334,8,2,0,0,30
2001-02,1918,Obinna Ekezie,26.0,29,147.01166666666666,34,3,6,2,54
2001-02,2071,Olumide Oyedeji,21.0,36,222.30166666666668,79,4,2,4,55
2001-02,2351,Oscar Torres,25.0,65,1076.9666666666667,122,40,9,25,389
2001-02,970,Othella Harrington,28.0,77,1563.8266666666666,349,37,36,30,596
2001-02,136,P.J. Brown,32.0,80,2563.3733333333334,786,107,78,59,669
2001-02,1727,Pat Garrity,25.0,80,2401.3033333333333,338,99,28,60,884
2001-02,121,Patrick Ewing,39.0,65,899.4133333333333,262,35,45,22,390
2001-02,2200,Pau Gasol,21.0,82,3001.866666666667,730,223,169,41,1441
2001-02,1718,Paul Pierce,24.0,82,3298.8566666666666,566,261,86,154,2144
2001-02,978,Peja Stojakovic,25.0,71,2648.46,373,175,14,81,1506
2001-02,461,Popeye Jones,32.0,79,1918.3033333333333,578,127,19,50,554
2001-02,1542,Predrag Drobnjak,26.0,64,1173.6533333333334,219,51,31,20,437
2001-02,2056,Primoz Brezec,22.0,22,160.615,28,6,7,0,43
2001-02,2047,Quentin Richardson,22.0,81,2153.84,334,128,21,78,1078
2001-02,1900,Quincy Lewis,25.0,36,487.68666666666667,43,36,9,23,144
2001-02,1711,Raef LaFrentz,26.0,78,2453.845,579,89,213,55,1051
2001-02,1747,Rafer Alston,25.0,50,596.1966666666667,72,143,2,32,177
2001-02,1952,Raja Bell,25.0,74,892.535,111,71,4,21,254
2001-02,753,Randy Brown,34.0,1,5.85,0,2,1,0,0
2001-02,988,Randy Livingston,27.0,13,176.19666666666666,25,26,2,9,41
2001-02,1740,Rashard Lewis,22.0,71,2583.6183333333333,498,123,40,104,1195
2001-02,739,Rasheed Wallace,27.0,79,2965.765,645,152,101,101,1521
2001-02,1725,Rasho Nesterovic,26.0,82,2220.335,534,75,109,45,687
2001-02,2237,Ratko Varda,23.0,1,5.65,1,0,0,0,5
2001-02,951,Ray Allen,26.0,69,2525.7366666666667,312,271,18,88,1503
2001-02,397,Reggie Miller,36.0,79,2890.68,219,253,10,88,1304
2001-02,1073,Reggie Slater,31.0,8,47.475,9,1,1,1,21
2001-02,1888,Richard Hamilton,24.0,63,2200.2533333333336,216,171,14,38,1260
2001-02,2210,Richard Jefferson,22.0,79,1919.4233333333334,293,140,48,64,742
2001-02,1594,Rick Brunson,30.0,59,519.8116666666666,69,114,2,25,125
2001-02,296,Rick Fox,32.0,82,2290.2883333333334,389,283,21,67,645
2001-02,1729,Ricky Davis,22.0,82,1955.9683333333332,243,178,23,69,959
2001-02,109,Robert Horry,31.0,81,2142.695,479,232,89,77,550
2001-02,123,Robert Pack,33.0,16,253.69333333333333,23,49,0,13,62
2001-02,1714,Robert Traylor,25.0,61,677.5583333333333,187,37,37,24,228
2001-02,393,Rod Strickland,35.0,76,2291.125,232,463,11,82,794
2001-02,1934,Rodney Buford,24.0,63,1770.36,272,71,12,42,591
2001-02,915,Rodney Rogers,31.0,77,1880.3833333333334,348,111,29,66,917
2001-02,2206,Rodney White,22.0,16,127.49333333333334,18,12,2,9,56
2001-02,1500,Ron Mercer,26.0,53,1717.8466666666666,178,128,13,32,735
2001-02,2257,Ruben Boumtje-Boumtje,24.0,33,244.90333333333334,55,4,16,3,39
2001-02,1739,Ruben Patterson,26.0,75,1765.94,298,107,37,79,839
2001-02,1601,Rusty LaRue,28.0,33,539.93,49,71,7,17,193
2001-02,1763,Ryan Bowen,26.0,75,1687.8966666666668,299,52,41,75,364
2001-02,208,Sam Cassell,32.0,74,2606.616666666667,312,493,12,90,1461
2001-02,694,Sam Mack,32.0,12,160.66166666666666,14,4,1,5,40
2001-02,417,Sam Mitchell,38.0,74,722.645,82,45,4,12,244
2001-02,955,Samaki Walker,26.0,69,1653.31,481,64,88,28,460
2001-02,2223,Samuel Dalembert,22.0,34,175.91,68,5,13,6,51
2001-02,1513,Scot Pollard,27.0,80,1881.8366666666666,565,53,76,70,509
2001-02,1909,Scott Padgett,26.0,75,1291.9016666666666,285,82,13,43,500
2001-02,281,Scott Williams,34.0,41,735.5333333333333,209,13,33,17,202
2001-02,937,Scottie Pippen,36.0,62,1998.9283333333333,321,363,35,101,659
2001-02,1752,Sean Marks,26.0,21,319.4,75,8,10,5,96
2001-02,399,Sean Rooks,32.0,61,729.6883333333334,124,25,21,12,183
2001-02,1742,Shammond Williams,27.0,50,602.7983333333333,63,83,2,21,221
2001-02,1000,Shandon Anderson,28.0,82,1595.48,249,76,15,48,411
2001-02,2203,Shane Battier,23.0,78,3098.1,418,216,81,121,1125
2001-02,406,Shaquille O'Neal,30.0,67,2420.661666666667,715,200,137,41,1822
2001-02,949,Shareef Abdur-Rahim,25.0,77,2978.0783333333334,696,239,81,98,1636
2001-02,762,Shawn Bradley,30.0,53,757.2383333333333,176,20,64,28,215
2001-02,431,Shawn Kemp,32.0,75,1234.68,288,52,33,43,454
2001-02,1890,Shawn Marion,24.0,81,3107.508333333333,803,163,86,149,1547
2001-02,1035,Shawnelle Scott,30.0,21,249.32833333333335,103,8,6,3,82
2001-02,2098,Slava Medvedenko,23.0,71,725.3383333333334,158,43,11,29,331
2001-02,2049,Speedy Claxton,24.0,67,1529.9483333333333,160,198,6,95,480
2001-02,278,Stacey Augmon,33.0,77,1316.2033333333334,226,103,12,56,359
2001-02,1536,Stephen Jackson,24.0,23,225.91833333333332,26,11,3,15,89
2001-02,950,Stephon Marbury,25.0,82,3186.4733333333334,266,666,13,77,1674
2001-02,1883,Steve Francis,25.0,57,2340.68,401,362,25,71,1234
2001-02,1864,Steve Goodrich,26.0,9,49.435,5,5,2,1,5
2001-02,70,Steve Kerr,36.0,65,773.6183333333333,60,63,1,13,269
2001-02,959,Steve Nash,28.0,82,2837.9483333333333,254,634,4,53,1466
2001-02,2212,Steven Hunter,20.0,53,514.0466666666666,97,5,43,5,189
2001-02,120,Steven Smith,33.0,77,2212.1966666666667,193,151,15,54,895
2001-02,2031,Stromile Swift,22.0,68,1801.4166666666667,430,50,113,53,803
2001-02,2347,Tang Hamilton,24.0,9,97.94666666666667,18,5,0,4,20
2001-02,1505,Tariq Abdul-Wahad,27.0,24,442.4033333333333,84,24,10,20,135
2001-02,2242,Terence Morris,23.0,68,1115.2966666666666,211,64,27,21,255
2001-02,210,Terrell Brandon,32.0,32,964.1883333333334,93,264,6,52,397
2001-02,345,Terry Porter,39.0,72,1289.435,164,205,16,45,399
2001-02,689,Theo Ratliff,29.0,3,82.15,16,1,8,1,26
2001-02,2357,Tierre Brown,23.0,40,401.62166666666667,42,70,3,19,123
2001-02,1495,Tim Duncan,26.0,82,3331.66,1042,307,203,61,2089
2001-02,896,Tim Hardaway,35.0,68,1600.0666666666666,124,278,10,57,652
2001-02,1906,Tim James,25.0,9,40.94,7,1,1,0,12
2001-02,1501,Tim Thomas,25.0,74,1991.5633333333333,300,105,32,65,869
2001-02,1928,Todd MacCulloch,26.0,62,1501.425,378,78,89,24,604
2001-02,339,Tom Gugliotta,32.0,44,1133.835,221,77,30,39,285
2001-02,389,Toni Kukoc,33.0,59,1495.585,218,209,17,48,584
2001-02,1499,Tony Battie,26.0,74,1820.495,481,35,67,60,510
2001-02,960,Tony Delk,28.0,63,1446.2766666666666,203,132,10,53,597
2001-02,763,Tony Massenburg,34.0,73,1244.9283333333333,324,26,31,30,403
2001-02,2225,Tony Parker,20.0,77,2271.1783333333333,197,334,7,89,705
2001-02,1503,Tracy McGrady,23.0,76,2908.86,596,400,73,119,1948
2001-02,145,Tracy Murray,30.0,40,472.82666666666665,53,19,8,11,227
2001-02,1892,Trajan Langdon,26.0,44,476.70166666666665,55,60,5,13,209
2001-02,696,Travis Best,29.0,74,1750.1183333333333,151,324,7,89,581
2001-02,969,Travis Knight,27.0,49,429.8983333333333,104,8,10,11,98
2001-02,1762,Tremaine Fowlkes,26.0,22,340.62166666666667,64,17,1,11,74
2001-02,2239,Trenton Hassell,23.0,78,2235.5783333333334,255,172,44,55,681
2001-02,1607,Troy Hudson,26.0,81,1857.9116666666666,145,255,6,57,950
2001-02,2211,Troy Murphy,22.0,82,1450.3916666666667,322,70,21,36,480
2001-02,238,Tyrone Hill,34.0,26,809.255,274,23,13,17,209
2001-02,1838,Tyrone Nesby,26.0,70,1499.4233333333334,318,91,22,61,443
2001-02,1731,Tyronn Lue,25.0,71,1462.1083333333333,122,246,0,49,555
2001-02,2199,Tyson Chandler,19.0,71,1392.8166666666666,343,54,93,28,436
2001-02,2349,Victor Alexander,32.0,14,95.45666666666666,29,6,1,0,40
2001-02,452,Vin Baker,30.0,55,1710.5783333333334,350,72,36,22,774
2001-02,1713,Vince Carter,25.0,60,2385.645,313,239,45,94,1484
2001-02,219,Vinny Del Negro,35.0,2,5.1883333333333335,0,2,0,0,2
2001-02,958,Vitaly Potapenko,27.0,79,1343.775,347,30,18,37,363
2001-02,124,Vlade Divac,34.0,80,2418.1683333333335,671,297,94,79,888
2001-02,2209,Vladimir Radmanovic,21.0,61,1234.95,230,81,24,56,407
2001-02,1735,Vladimir Stepania,26.0,67,883.34,270,16,44,24,285
2001-02,1907,Vonteego Cummings,26.0,58,495.11333333333334,52,60,5,18,192
2001-02,702,Voshon Lenard,29.0,71,1656.4266666666667,183,130,25,59,813
2001-02,1887,Wally Szczerbiak,25.0,82,3120.6266666666666,391,257,21,66,1531
2001-02,1005,Walt Williams,32.0,48,1118.61,162,69,10,18,450
2001-02,962,Walter McCarty,28.0,56,719.3183333333334,128,41,7,18,212
2001-02,1917,Wang Zhi-zhi,24.0,55,594.3766666666667,111,22,18,11,308
2001-02,445,Wesley Person,31.0,78,2793.076666666667,294,173,37,77,1176
2001-02,2226,Will Solomon,23.0,62,883.1916666666667,68,92,7,35,321
2001-02,1895,William Avery,22.0,28,260.3566666666667,24,36,0,7,71
2001-02,2216,Zach Randolph,20.0,41,237.20166666666665,68,13,4,7,114
2001-02,1442,Zeljko Rebraca,30.0,74,1178.4916666666666,290,38,73,28,513
2001-02,1985,Zendon Hamilton,27.0,54,846.24,253,14,18,21,324
2001-02,980,Zydrunas Ilgauskas,27.0,62,1330.2333333333333,334,70,84,17,690
2002-03,2062,A.J. Guyton,25.0,2,8.533333333333333,0,2,0,1,0
2002-03,243,Aaron McKie,30.0,80,2377.64,350,278,9,131,721
2002-03,1425,Aaron Williams,31.0,81,1601.3783333333333,331,88,57,27,500
2002-03,2492,Adam Harrington,22.0,19,109.62166666666667,8,12,1,2,30
2002-03,1502,Adonal Foyle,28.0,82,1786.2066666666667,490,37,205,40,440
2002-03,1559,Adrian Griffin,28.0,74,1369.8666666666666,264,105,6,77,325
2002-03,1733,Al Harrington,23.0,82,2467.7766666666666,511,125,33,71,1002
2002-03,673,Alan Henderson,30.0,82,1493.645,398,41,32,33,394
2002-03,275,Allan Houston,32.0,82,3109.7933333333335,231,220,7,54,1845
2002-03,947,Allen Iverson,28.0,82,3484.07,344,454,13,225,2262
2002-03,2228,Alton Ford,22.0,11,29.18166666666667,6,1,0,0,7
2002-03,1541,Alvin Williams,28.0,78,2642.346666666667,245,416,21,111,1027
2002-03,1043,Amal McCaskill,29.0,11,69.805,22,5,1,3,11
2002-03,2405,Amar'e Stoudemire,20.0,82,2569.9383333333335,721,78,87,62,1106
2002-03,1889,Andre Miller,27.0,80,2913.2283333333335,316,537,11,99,1088
2002-03,1905,Andrei Kirilenko,22.0,80,2214.185,420,138,175,118,963
2002-03,692,Andrew DeClercq,30.0,77,1329.6083333333333,339,52,36,39,365
2002-03,358,Anfernee Hardaway,31.0,58,1776.82,258,235,26,66,615
2002-03,1738,Ansu Sesay,26.0,45,445.24,73,23,5,14,94
2002-03,1712,Antawn Jamison,27.0,82,3229.3083333333334,578,156,45,76,1822
2002-03,1853,Anthony Carter,28.0,49,913.4633333333334,83,203,5,45,199
2002-03,924,Anthony Goldwire,31.0,15,86.28333333333333,6,4,0,3,25
2002-03,1533,Anthony Johnson,28.0,66,842.83,78,86,5,37,270
2002-03,193,Anthony Mason,36.0,65,2117.4533333333334,416,209,12,32,466
2002-03,324,Anthony Peeler,33.0,82,2243.258333333333,241,244,13,72,630
2002-03,2541,Antoine Rigaudeau,31.0,11,89.39333333333333,8,6,0,3,17
2002-03,952,Antoine Walker,26.0,78,3235.3683333333333,563,373,31,116,1570
2002-03,1498,Antonio Daniels,28.0,67,870.5766666666667,72,85,9,33,251
2002-03,213,Antonio Davis,34.0,53,1897.7433333333333,437,131,62,23,738
2002-03,176,Antonio Harvey,32.0,4,32.63,6,0,4,1,4
2002-03,1609,Art Long,30.0,26,209.57166666666666,60,6,11,5,60
2002-03,717,Arvydas Sabonis,38.0,78,1203.2933333333333,335,142,49,61,476
2002-03,1506,Austin Croshere,28.0,49,630.8783333333333,155,56,13,6,252
2002-03,422,Avery Johnson,38.0,48,427.13,31,64,1,15,156
2002-03,1884,Baron Davis,24.0,50,1893.03,186,320,22,91,856
2002-03,1112,Ben Wallace,28.0,73,2871.2516666666666,1126,120,230,104,506
2002-03,902,Bimbo Coles,35.0,35,689.8016666666666,59,72,4,17,154
2002-03,448,Bo Outlaw,32.0,80,1800.235,368,112,71,50,378
2002-03,682,Bob Sura,30.0,55,1130.08,167,177,2,45,401
2002-03,1517,Bobby Jackson,30.0,59,1672.9066666666668,219,182,3,71,895
2002-03,2250,Bobby Simmons,23.0,36,373.6483333333333,77,20,3,10,120
2002-03,1719,Bonzi Wells,26.0,75,2397.2083333333335,394,246,18,123,1138
2002-03,2411,Bostjan Nachbar,22.0,14,78.16666666666667,11,3,2,2,29
2002-03,1802,Brad Miller,27.0,73,2270.9983333333334,603,193,43,65,955
2002-03,2220,Brandon Armstrong,23.0,17,69.61666666666666,4,2,1,3,24
2002-03,1585,Brandon Williams,28.0,6,19.933333333333334,2,0,0,2,2
2002-03,2217,Brendan Haywood,23.0,81,1929.3933333333334,404,29,119,32,501
2002-03,699,Brent Barry,31.0,75,2482.15,301,384,15,113,774
2002-03,1510,Brevin Knight,27.0,55,928.2966666666666,81,233,2,69,216
2002-03,2073,Brian Cardinal,26.0,5,14.35,5,1,0,0,4
2002-03,258,Brian Grant,31.0,82,2641.5233333333335,837,104,47,63,846
2002-03,2243,Brian Scalabrine,25.0,59,721.4433333333334,141,46,18,16,180
2002-03,216,Brian Shaw,37.0,72,897.6683333333333,119,103,13,32,250
2002-03,1730,Brian Skinner,27.0,77,1384.3616666666667,366,19,53,47,461
2002-03,1477,Bruce Bowen,32.0,82,2568.326666666667,239,113,42,66,583
2002-03,1743,Bruno Sundov,23.0,26,138.70333333333335,28,7,3,6,32
2002-03,1724,Bryce Drew,28.0,13,79.83166666666666,13,11,0,2,19
2002-03,935,Bryon Russell,32.0,70,1389.585,208,72,7,70,315
2002-03,384,Calbert Cheaney,31.0,81,2352.9016666666666,284,163,13,65,700
2002-03,1916,Calvin Booth,27.0,47,575.325,109,12,33,11,138
2002-03,2306,Carlos Arroyo,23.0,44,283.8933333333333,26,53,1,12,121
2002-03,2430,Carlos Boozer,21.0,81,2047.9583333333333,609,106,50,59,810
2002-03,2406,Caron Butler,23.0,78,2855.6516666666666,397,213,31,137,1201
2002-03,2418,Casey Jacobsen,22.0,72,1145.2383333333332,83,73,6,35,368
2002-03,2456,Cezary Trybanski,23.0,15,88.31833333333333,14,1,6,0,14
2002-03,891,Charles Oakley,39.0,42,515.3983333333333,107,40,6,13,74
2002-03,1520,Charles Smith,27.0,3,13.221666666666666,0,1,0,1,5
2002-03,369,Charlie Ward,32.0,66,1467.255,177,306,11,78,472
2002-03,1497,Chauncey Billups,26.0,74,2330.205,273,287,15,63,1199
2002-03,685,Cherokee Parks,30.0,30,646.1733333333333,132,21,20,16,188
2002-03,2365,Chris Andersen,24.0,59,902.555,274,32,60,30,305
2002-03,164,Chris Childs,35.0,12,105.40333333333334,5,16,1,8,15
2002-03,1544,Chris Crawford,28.0,5,38.083333333333336,7,1,3,2,24
2002-03,201,Chris Dudley,38.0,3,10.456666666666667,2,0,0,0,0
2002-03,2423,Chris Jefferies,23.0,51,666.605,59,22,16,19,197
2002-03,2036,Chris Mihm,23.0,52,806.4683333333334,231,28,38,18,308
2002-03,168,Chris Mills,33.0,21,264.015,50,22,3,7,101
2002-03,2442,Chris Owens,24.0,1,6.316666666666666,1,0,0,0,4
2002-03,185,Chris Webber,30.0,67,2617.325,704,364,88,106,1542
2002-03,43,Chris Whitney,31.0,51,1050.3,67,145,2,29,355
2002-03,2404,Chris Wilcox,20.0,46,479.74,104,21,12,7,171
2002-03,363,Christian Laettner,33.0,76,2211.39,502,235,40,82,632
2002-03,1088,Chucky Atkins,28.0,65,1397.9016666666666,96,175,4,27,462
2002-03,221,Clar. Weatherspoon,32.0,79,2026.035,599,68,36,69,521
2002-03,361,Clifford Robinson,36.0,81,2824.951666666667,318,268,88,87,992
2002-03,1736,Corey Benjamin,25.0,9,150.49666666666667,31,10,2,1,40
2002-03,1894,Corey Maggette,23.0,64,2004.775,322,123,16,55,1073
2002-03,916,Corie Blount,34.0,50,836.065,205,50,19,33,150
2002-03,722,Corliss Williamson,29.0,82,2060.318333333333,358,104,27,44,987
2002-03,2042,Courtney Alexander,26.0,66,1358.69,118,79,6,31,523
2002-03,1749,Cuttino Mobley,27.0,73,3040.923333333333,303,208,36,95,1280
2002-03,2402,Dajuan Wagner,20.0,47,1384.9083333333333,82,130,7,38,629
2002-03,905,Dale Davis,34.0,78,2280.885,564,94,70,51,579
2002-03,2053,Dalibor Bagaric,22.0,10,75.61666666666666,20,4,3,3,19
2002-03,1800,Damon Jones,26.0,49,711.425,70,80,4,18,224
2002-03,757,Damon Stoudamire,29.0,59,1314.0383333333334,155,204,6,39,409
2002-03,2245,Damone Brown,24.0,5,115.235,15,3,0,1,28
2002-03,2424,Dan Dickau,24.0,50,518.12,43,85,2,14,183
2002-03,2429,Dan Gadzuric,25.0,49,759.3583333333333,197,9,52,22,169
2002-03,2061,Dan Langhi,25.0,60,537.7783333333333,87,21,6,15,183
2002-03,198,Danny Ferry,36.0,65,599.775,75,21,9,7,119
2002-03,1504,Danny Fortson,27.0,17,220.695,73,12,0,9,59
2002-03,330,Danny Manning,37.0,13,87.985,18,7,3,9,34
2002-03,2032,Darius Miles,21.0,67,2005.9916666666666,363,176,69,67,618
2002-03,353,Darrell Armstrong,35.0,82,2349.31,295,323,13,135,769
2002-03,1032,Darvin Ham,29.0,75,924.7433333333333,153,38,19,16,180
2002-03,764,David Robinson,37.0,64,1671.6866666666667,508,61,111,52,546
2002-03,133,David Wesley,32.0,73,2710.6716666666666,175,251,9,109,1217
2002-03,2205,DeSagana Diop,21.0,80,945.5866666666667,215,43,81,33,119
2002-03,2052,DeShawn Stevenson,22.0,61,760.8633333333333,85,40,8,22,279
2002-03,2352,Dean Oliver,24.0,15,94.29,16,23,0,7,22
2002-03,1507,Derek Anderson,28.0,76,2553.095,264,325,16,90,1057
2002-03,965,Derek Fisher,28.0,82,2829.0333333333333,239,298,15,93,863
2002-03,934,Derrick Coleman,36.0,64,1742.185,450,87,69,53,602
2002-03,2046,Desmond Mason,25.0,80,2764.92,523,163,32,67,1147
2002-03,1904,Devean George,25.0,71,1612.1566666666668,286,92,38,56,492
2002-03,2484,Devin Brown,24.0,10,92.18,18,7,1,4,30
2002-03,87,Dikembe Mutombo,37.0,24,514.6733333333333,153,19,37,4,138
2002-03,1901,Dion Glover,24.0,76,1887.8883333333333,282,141,15,71,737
2002-03,1717,Dirk Nowitzki,25.0,80,3121.16,791,239,82,111,2011
2002-03,690,Don Reid,29.0,1,10.033333333333333,0,0,0,0,1
2002-03,2051,Donnell Harvey,22.0,77,1613.6633333333334,409,100,27,48,611
2002-03,681,Donny Marshall,30.0,3,6.266666666666667,3,0,0,0,0
2002-03,923,Donyell Marshall,30.0,78,2375.835,699,137,85,95,1042
2002-03,57,Doug Christie,33.0,80,2709.6383333333333,342,376,37,180,748
2002-03,2400,Drew Gooden,21.0,70,1875.57,455,83,35,53,875
2002-03,1863,Earl Boykins,27.0,68,1321.535,88,221,4,38,600
2002-03,2248,Earl Watson,24.0,79,1361.9616666666666,164,225,14,89,433
2002-03,2204,Eddie Griffin,21.0,77,1882.4316666666666,461,86,111,52,664
2002-03,2067,Eddie House,25.0,55,1025.1866666666667,101,87,1,44,411
2002-03,224,Eddie Jones,31.0,47,1788.1133333333332,226,173,31,64,869
2002-03,1944,Eddie Robinson,27.0,64,1354.3616666666667,200,66,13,62,364
2002-03,2201,Eddy Curry,20.0,81,1576.3216666666667,353,37,62,18,849
2002-03,2059,Eduardo Najera,26.0,48,1100.4466666666667,223,47,22,40,320
2002-03,981,Efthimios Rentzias,27.0,35,143.38166666666666,26,7,2,6,52
2002-03,922,Elden Campbell,34.0,56,867.9583333333334,181,51,39,33,343
2002-03,1882,Elton Brand,24.0,62,2450.0716666666667,703,157,158,71,1146
2002-03,1023,Emanual Davis,34.0,24,340.14666666666665,43,36,2,12,88
2002-03,15,Eric Piatkowski,32.0,62,1360.8183333333334,156,70,9,33,601
2002-03,727,Eric Snow,30.0,82,3108.895,301,544,11,133,1054
2002-03,677,Eric Williams,30.0,82,2350.3116666666665,382,140,19,86,746
2002-03,956,Erick Dampier,27.0,82,1976.5416666666667,543,58,154,27,673
2002-03,1065,Erick Strickland,29.0,71,1277.6383333333333,145,209,7,38,458
2002-03,911,Ervin Johnson,35.0,69,1170.6833333333334,294,24,63,34,152
2002-03,2041,Etan Thomas,25.0,38,514.0566666666666,165,3,23,8,182
2002-03,1915,Evan Eschmeyer,28.0,17,135.20833333333334,29,6,7,10,17
2002-03,2436,Flip Murray,23.0,14,62.90833333333333,4,5,0,4,27
2002-03,2421,Frank Williams,23.0,21,167.415,18,34,2,7,28
2002-03,697,Fred Hoiberg,30.0,63,786.4316666666666,137,70,5,40,144
2002-03,2410,Fred Jones,24.0,19,112.55833333333334,9,5,1,6,23
2002-03,56,Gary Payton,34.0,80,3209.615,334,663,20,133,1634
2002-03,718,Gary Trent,28.0,80,1223.045,291,77,23,32,476
2002-03,248,George Lynch,32.0,81,1496.105,353,104,19,66,363
2002-03,2222,Gerald Wallace,20.0,47,572.825,128,23,15,24,220
2002-03,2240,Gilbert Arenas,21.0,82,2867.895,386,514,17,124,1497
2002-03,779,Glen Rice,36.0,62,1533.8933333333334,154,65,5,23,556
2002-03,299,Glenn Robinson,30.0,69,2591.7833333333333,457,205,26,91,1436
2002-03,1921,Gordan Giricek,26.0,76,2154.391666666667,238,137,8,52,935
2002-03,255,Grant Hill,30.0,29,840.79,206,122,13,28,421
2002-03,3,Grant Long,37.0,41,489.72833333333335,83,25,1,9,72
2002-03,1761,Greg Buckner,26.0,75,1516.2366666666667,216,96,16,72,450
2002-03,323,Greg Foster,34.0,29,539.005,102,13,9,1,121
2002-03,731,Greg Ostertag,30.0,81,1926.885,503,55,147,20,438
2002-03,2462,Guy Rucker,25.0,3,3.225,1,1,0,0,0
2002-03,2045,Hedo Turkoglu,24.0,67,1178.155,188,87,12,25,447
2002-03,270,Horace Grant,37.0,5,85.06166666666667,8,7,0,3,26
2002-03,458,Howard Eisley,30.0,82,2244.7366666666667,186,444,9,71,744
2002-03,93,Hubert Davis,33.0,43,322.98,36,29,0,5,79
2002-03,2080,Igor Rakocevic,25.0,42,240.12166666666667,17,33,0,4,78
2002-03,1956,Ira Newble,28.0,73,1927.2883333333334,271,99,26,50,564
2002-03,2452,J.R. Bremer,22.0,64,1500.9383333333333,145,164,3,38,528
2002-03,1521,Jacque Vaughn,28.0,80,1689.7966666666666,118,232,2,64,473
2002-03,1751,Jahidi White,27.0,16,230.31333333333333,73,2,12,1,67
2002-03,2054,Jake Tsakalidis,24.0,33,542.3716666666667,122,13,17,6,161
2002-03,2063,Jake Voskuhl,25.0,65,947.105,225,36,29,18,248
2002-03,147,Jalen Rose,30.0,82,3351.891666666667,351,395,23,72,1816
2002-03,2048,Jamaal Magloire,25.0,82,2444.1566666666668,724,88,111,49,841
2002-03,2224,Jamaal Tinsley,25.0,73,2237.9883333333332,260,548,18,125,566
2002-03,2037,Jamal Crawford,23.0,80,1987.9183333333333,185,334,25,77,858
2002-03,469,Jamal Mashburn,30.0,82,3325.806666666667,498,462,17,83,1772
2002-03,2441,Jamal Sampson,20.0,5,8.818333333333333,2,1,0,1,0
2002-03,1899,James Posey,26.0,83,2517.903333333333,426,184,15,106,893
2002-03,2249,Jamison Brewer,22.0,10,80.435,9,18,1,2,22
2002-03,2457,Jannero Pargo,23.0,34,339.12,37,39,2,13,85
2002-03,2407,Jared Jeffries,21.0,20,290.34166666666664,58,16,5,8,79
2002-03,2260,Jarron Collins,24.0,22,420.84,60,14,6,5,120
2002-03,679,Jason Caffey,30.0,51,894.5666666666667,176,38,15,19,295
2002-03,2044,Jason Collier,25.0,13,105.325,29,1,1,2,36
2002-03,2215,Jason Collins,24.0,81,1897.5716666666667,368,87,44,47,460
2002-03,467,Jason Kidd,30.0,80,2988.5583333333334,504,711,25,179,1495
2002-03,2202,Jason Richardson,22.0,82,2696.705,378,247,23,90,1282
2002-03,1891,Jason Terry,25.0,81,3083.8483333333334,279,600,14,126,1395
2002-03,1715,Jason Williams,27.0,76,2405.0933333333332,212,631,10,91,919
2002-03,2398,Jay Williams,21.0,75,1961.19,195,350,17,86,714
2002-03,1902,Jeff Foster,26.0,77,802.6783333333333,279,51,21,28,162
2002-03,976,Jeff McInnis,28.0,75,1312.2566666666667,97,170,2,21,432
2002-03,2244,Jeff Trepagnier,23.0,8,96.75,16,6,0,8,45
2002-03,1741,Jelani McCoy,25.0,67,1367.2833333333333,355,43,60,28,457
2002-03,1983,Jermaine Jackson,27.0,53,554.6816666666666,57,74,6,19,121
2002-03,979,Jermaine O'Neal,24.0,77,2862.5033333333336,796,155,178,66,1600
2002-03,1744,Jerome James,27.0,51,765.2133333333334,216,27,82,12,276
2002-03,2040,Jerome Moiso,25.0,51,635.7733333333333,178,22,44,19,205
2002-03,966,Jerome Williams,30.0,71,2342.76,650,95,26,116,691
2002-03,711,Jerry Stackhouse,28.0,70,2747.6833333333334,258,316,28,65,1508
2002-03,2219,Jeryl Sasser,24.0,75,1024.31,184,65,12,45,194
2002-03,754,Jim Jackson,32.0,63,1309.9633333333334,262,118,4,31,487
2002-03,2412,Jiri Welsch,23.0,37,229.95333333333335,28,27,2,8,61
2002-03,2207,Joe Johnson,22.0,82,2253.325,264,210,19,62,803
2002-03,693,Joe Smith,27.0,54,1118.0583333333334,270,38,55,14,404
2002-03,2038,Joel Przybilla,23.0,32,542.6616666666666,145,12,45,10,48
2002-03,680,John Amaechi,32.0,50,474.5733333333333,77,21,7,14,99
2002-03,180,John Crotty,33.0,12,179.505,15,29,0,3,41
2002-03,2422,John Salmons,23.0,64,495.165,59,47,6,17,132
2002-03,304,John Stockton,41.0,82,2273.43,201,629,16,137,884
2002-03,468,Jon Barry,33.0,80,1476.5883333333334,180,206,14,63,555
2002-03,1886,Jonathan Bender,22.0,46,818.615,133,42,56,8,303
2002-03,2218,Joseph Forte,22.0,17,84.57666666666667,11,11,0,4,24
2002-03,2413,Juan Dixon,24.0,42,648.4683333333334,72,40,3,26,270
2002-03,1038,Juaquin Hawkins,29.0,58,680.8,78,47,6,29,134
2002-03,1908,Jumaine Jones,24.0,80,2200.8683333333333,405,112,22,67,784
2002-03,2454,Junior Harrington,22.0,82,2000.345,250,277,15,80,418
2002-03,436,Juwan Howard,30.0,77,2733.1066666666666,585,234,27,77,1418
2002-03,2416,Kareem Rush,22.0,76,874.7516666666667,94,68,11,10,227
2002-03,252,Karl Malone,39.0,81,2934.75,628,379,31,136,1667
2002-03,2208,Kedrick Brown,22.0,51,667.1916666666667,140,20,13,34,145
2002-03,1496,Keith Van Horn,27.0,74,2340.72,524,93,30,63,1176
2002-03,1509,Kelvin Cato,28.0,73,1252.0983333333334,428,20,85,38,332
2002-03,2256,Ken Johnson,25.0,16,155.59833333333333,32,0,12,1,32
2002-03,383,Kendall Gill,35.0,82,2069.9766666666665,248,156,15,78,714
2002-03,72,Kenny Anderson,32.0,61,1134.685,132,198,5,58,372
2002-03,2261,Kenny Satterfield,22.0,39,498.68666666666667,43,68,2,20,132
2002-03,1903,Kenny Thomas,25.0,66,1979.82,529,112,28,62,667
2002-03,2030,Kenyon Martin,25.0,77,2625.6483333333335,640,185,70,98,1283
2002-03,1721,Keon Clark,28.0,80,1778.6266666666668,451,80,150,38,536
2002-03,954,Kerry Kittles,29.0,65,1955.27,252,170,30,101,848
2002-03,708,Kevin Garnett,27.0,82,3321.7883333333334,1102,495,129,113,1883
2002-03,1563,Kevin Ollie,30.0,82,1900.33,182,291,5,69,534
2002-03,788,Kevin Willis,40.0,71,842.46,226,24,20,20,297
2002-03,2039,Keyon Dooling,23.0,55,969.825,72,89,6,24,350
2002-03,2213,Kirk Haston,24.0,12,58.16,7,3,5,0,6
2002-03,977,Kobe Bryant,24.0,82,3403.8566666666666,564,481,67,181,2461
2002-03,703,Kurt Thomas,30.0,81,2575.135,637,162,97,81,1134
2002-03,2198,Kwame Brown,21.0,80,1777.9583333333333,426,58,80,50,593
2002-03,111,LaPhonso Ellis,33.0,55,781.005,157,15,15,15,277
2002-03,1885,Lamar Odom,23.0,49,1678.165,326,178,41,42,714
2002-03,1716,Larry Hughes,24.0,67,2136.846666666667,308,205,24,86,857
2002-03,84,Latrell Sprewell,32.0,74,2857.635,285,332,22,102,1215
2002-03,2068,Lavor Postell,25.0,12,98.58333333333333,4,3,0,2,43
2002-03,1444,Lawrence Funderburke,32.0,27,227.58833333333334,55,8,11,1,74
2002-03,1924,Lee Nailon,28.0,38,405.85,70,26,3,6,210
2002-03,283,Lindsey Hunter,32.0,29,672.4133333333333,59,71,5,35,280
2002-03,2437,Lonny Baxter,24.0,55,683.6466666666666,165,16,22,9,262
2002-03,2254,Loren Woods,25.0,38,350.9866666666667,95,19,13,10,80
2002-03,953,Lorenzen Wright,27.0,70,1984.3866666666668,528,80,54,51,797
2002-03,446,Lucious Harris,32.0,77,1971.54,232,155,8,53,795
2002-03,1766,Maceo Baston,27.0,16,104.115,23,0,11,4,40
2002-03,2124,Malik Allen,25.0,80,2320.34,425,54,78,37,767
2002-03,990,Malik Rose,28.0,79,1926.265,506,124,40,57,822
2002-03,2055,Mamadou N'diaye,28.0,22,366.01166666666666,82,7,32,8,120
2002-03,1938,Manu Ginobili,25.0,69,1434.42,161,138,17,96,525
2002-03,1531,Marc Jackson,28.0,77,1040.6583333333333,225,37,30,24,421
2002-03,948,Marcus Camby,29.0,29,615.3933333333333,208,47,40,20,221
2002-03,2033,Marcus Fizer,24.0,38,807.555,216,48,17,14,445
2002-03,2409,Marcus Haislip,22.0,39,441.32666666666665,53,9,18,7,161
2002-03,1548,Mark Blount,27.0,81,1407.105,308,56,68,42,401
2002-03,95,Mark Bryant,38.0,16,99.255,20,4,1,1,13
2002-03,349,Mark Jackson,38.0,82,1468.8533333333332,176,375,3,48,382
2002-03,2058,Mark Madsen,27.0,54,783.13,159,38,19,15,174
2002-03,1110,Mark Strickland,32.0,4,13.243333333333334,7,0,0,0,4
2002-03,2060,Marko Jaric,24.0,66,1383.6583333333333,160,193,11,97,490
2002-03,2043,Mateen Cleaves,25.0,12,54.85,8,10,0,2,16
2002-03,1723,Matt Harpring,27.0,78,2556.195,514,133,17,72,1370
2002-03,1074,Matt Maloney,31.0,14,102.89833333333333,7,17,0,4,24
2002-03,1508,Maurice Taylor,26.0,67,1379.7316666666666,238,66,22,22,562
2002-03,2246,Mehmet Okur,24.0,72,1365.9433333333334,335,71,39,25,494
2002-03,2408,Melvin Ely,25.0,52,802.9716666666667,174,15,32,10,236
2002-03,2370,Mengke Bateer,27.0,12,46.90833333333333,10,4,0,0,9
2002-03,1897,Metta World Peace,23.0,69,2317.4383333333335,362,198,50,159,1068
2002-03,2214,Michael Bradley,24.0,67,1311.5066666666667,409,67,32,16,338
2002-03,688,Michael Curry,34.0,78,1555.39,127,104,4,44,236
2002-03,1722,Michael Dickerson,28.0,6,87.36833333333334,6,8,1,5,29
2002-03,1720,Michael Doleac,26.0,75,1040.09,219,42,16,16,328
2002-03,714,Michael Finley,30.0,69,2641.8533333333335,402,205,21,76,1331
2002-03,893,Michael Jordan,40.0,82,3029.0383333333334,497,311,39,123,1640
2002-03,1709,Michael Olowokandi,28.0,36,1369.5416666666667,328,47,79,18,441
2002-03,2072,Michael Redd,23.0,82,2318.733333333333,371,117,13,100,1241
2002-03,1565,Michael Stewart,28.0,47,250.685,55,6,15,2,36
2002-03,2471,Mike Batiste,25.0,75,1249.4916666666666,257,52,16,42,481
2002-03,1710,Mike Bibby,25.0,55,1834.8016666666667,147,285,8,72,875
2002-03,2399,Mike Dunleavy,22.0,82,1306.145,214,106,19,53,466
2002-03,2229,Mike James,28.0,78,1722.93,149,246,5,64,607
2002-03,2034,Mike Miller,23.0,65,2185.2433333333333,341,170,21,42,1011
2002-03,2366,Mike Wilks,24.0,46,689.7216666666667,71,92,4,27,147
2002-03,1630,Mikki Moore,27.0,8,42.63333333333333,8,3,4,0,18
2002-03,1960,Milt Palacio,25.0,80,1974.1433333333334,235,259,16,68,397
2002-03,42,Monty Williams,31.0,21,276.5283333333333,45,26,5,12,92
2002-03,983,Moochie Norris,29.0,82,1375.925,159,196,4,55,357
2002-03,2050,Morris Peterson,25.0,82,2944.9533333333334,363,188,32,88,1153
2002-03,1572,Nate Huffman,28.0,7,78.10833333333333,23,5,3,1,23
2002-03,1737,Nazr Mohammed,25.0,35,450.3666666666667,129,6,21,16,160
2002-03,2403,Nene,20.0,80,2258.3283333333334,491,149,65,127,839
2002-03,89,Nick Van Exel,31.0,73,2033.0716666666667,208,312,4,43,910
2002-03,2401,Nikoloz Tskitishvili,20.0,81,1319.9883333333332,181,91,29,31,315
2002-03,2071,Olumide Oyedeji,22.0,27,143.945,50,5,3,5,27
2002-03,2351,Oscar Torres,26.0,17,103.95166666666667,12,3,2,4,53
2002-03,970,Othella Harrington,29.0,74,1845.6583333333333,476,62,23,12,573
2002-03,136,P.J. Brown,33.0,78,2616.286666666667,701,147,80,67,832
2002-03,2469,Pat Burke,29.0,62,786.1816666666666,146,23,25,19,267
2002-03,1727,Pat Garrity,26.0,81,2586.548333333333,306,121,20,62,868
2002-03,2200,Pau Gasol,22.0,82,2945.9783333333335,720,229,148,34,1555
2002-03,1718,Paul Pierce,25.0,79,3096.575,578,349,62,139,2048
2002-03,2321,Paul Shirley,25.0,2,5.85,1,0,0,0,0
2002-03,978,Peja Stojakovic,26.0,72,2451.3566666666666,397,141,5,72,1380
2002-03,2143,Pepe Sanchez,26.0,9,35.806666666666665,6,8,0,5,0
2002-03,461,Popeye Jones,33.0,26,223.34,59,8,1,5,53
2002-03,1542,Predrag Drobnjak,27.0,82,1982.2,320,86,38,48,771
2002-03,2453,Predrag Savovic,27.0,27,255.87,25,22,1,14,83
2002-03,2056,Primoz Brezec,23.0,22,107.77666666666667,23,4,4,2,42
2002-03,2047,Quentin Richardson,23.0,59,1368.205,281,52,10,35,552
2002-03,2417,Qyntel Woods,22.0,53,334.97833333333335,53,12,1,15,128
2002-03,1711,Raef LaFrentz,27.0,69,1610.0416666666667,330,54,91,35,639
2002-03,1747,Rafer Alston,26.0,47,982.4716666666667,107,192,15,38,366
2002-03,1952,Raja Bell,26.0,75,1174.1083333333333,145,57,8,52,230
2002-03,753,Randy Brown,35.0,32,259.89166666666665,26,35,2,17,41
2002-03,988,Randy Livingston,28.0,2,11.816666666666666,0,1,0,0,6
2002-03,1740,Rashard Lewis,23.0,77,3041.1266666666666,503,133,35,99,1396
2002-03,739,Rasheed Wallace,28.0,74,2686.3616666666667,548,153,77,70,1340
2002-03,1725,Rasho Nesterovic,27.0,77,2338.07,504,114,116,39,861
2002-03,2446,Rasual Butler,24.0,72,1515.2966666666666,186,93,43,21,540
2002-03,951,Ray Allen,27.0,76,2879.7366666666667,381,334,14,103,1713
2002-03,2501,Reggie Evans,23.0,67,1369.15,445,34,11,38,212
2002-03,397,Reggie Miller,37.0,70,2121.0233333333335,172,170,4,62,882
2002-03,1073,Reggie Slater,32.0,26,142.24166666666667,31,4,1,6,81
2002-03,1888,Richard Hamilton,25.0,82,2639.798333333333,318,208,13,64,1612
2002-03,2210,Richard Jefferson,23.0,80,2874.045,514,201,44,80,1242
2002-03,1594,Rick Brunson,31.0,17,193.79833333333335,19,36,3,10,60
2002-03,296,Rick Fox,33.0,76,2183.346666666667,323,253,14,69,681
2002-03,1729,Ricky Davis,23.0,79,3137.0233333333335,390,436,36,125,1626
2002-03,2425,Robert Archibald,23.0,12,72.18166666666667,17,3,3,0,19
2002-03,109,Robert Horry,32.0,80,2343.715,514,233,61,96,522
2002-03,123,Robert Pack,34.0,28,438.01166666666666,51,81,0,25,145
2002-03,1714,Robert Traylor,26.0,69,846.6233333333333,262,50,37,45,268
2002-03,393,Rod Strickland,36.0,47,955.74,95,215,6,46,320
2002-03,915,Rodney Rogers,32.0,68,1307.1133333333332,263,107,31,50,478
2002-03,2206,Rodney White,23.0,72,1565.0766666666666,213,121,32,45,650
2002-03,2427,Roger Mason Jr.,22.0,17,114.24,12,12,0,4,30
2002-03,1500,Ron Mercer,27.0,72,1670.435,154,112,14,49,556
2002-03,2257,Ruben Boumtje-Boumtje,25.0,2,4.683333333333334,1,1,0,1,0
2002-03,1739,Ruben Patterson,27.0,78,1657.5866666666666,264,101,29,73,649
2002-03,2106,Ruben Wolkowyski,29.0,7,23.583333333333332,1,1,0,0,5
2002-03,1763,Ryan Bowen,27.0,62,995.6816666666666,157,54,29,65,223
2002-03,2415,Ryan Humphrey,23.0,48,443.26166666666666,99,11,18,9,93
2002-03,208,Sam Cassell,33.0,78,2698.5516666666667,342,450,14,88,1536
2002-03,955,Samaki Walker,27.0,67,1244.3166666666666,368,64,55,20,296
2002-03,1513,Scot Pollard,28.0,23,323.925,106,6,15,13,103
2002-03,1909,Scott Padgett,27.0,82,1322.7166666666667,272,86,24,41,466
2002-03,281,Scott Williams,35.0,69,875.0183333333333,193,22,21,27,273
2002-03,937,Scottie Pippen,37.0,64,1912.34,278,285,25,105,689
2002-03,2253,Sean Lampley,23.0,35,487.7816666666667,83,31,3,7,169
2002-03,1752,Sean Marks,27.0,23,224.125,35,3,6,5,54
2002-03,399,Sean Rooks,33.0,70,1343.39,216,69,44,34,297
2002-03,1742,Shammond Williams,28.0,78,1876.34,171,266,6,77,627
2002-03,1000,Shandon Anderson,29.0,82,1729.4633333333334,254,87,20,73,687
2002-03,2203,Shane Battier,24.0,78,2381.9983333333334,345,105,88,102,756
2002-03,406,Shaquille O'Neal,31.0,67,2533.29,742,206,159,38,1841
2002-03,949,Shareef Abdur-Rahim,26.0,81,3079.3716666666664,677,242,38,87,1608
2002-03,762,Shawn Bradley,31.0,81,1728.2683333333334,476,54,170,65,543
2002-03,431,Shawn Kemp,33.0,79,1630.005,451,55,33,66,537
2002-03,1890,Shawn Marion,25.0,81,3374.7266666666665,773,198,95,185,1716
2002-03,2098,Slava Medvedenko,24.0,58,619.73,141,18,8,11,255
2002-03,2470,Smush Parker,22.0,66,1101.3616666666667,119,162,12,48,408
2002-03,2066,Soumaila Samake,25.0,13,76.99166666666666,23,4,5,0,22
2002-03,2049,Speedy Claxton,25.0,30,469.255,56,75,7,22,173
2002-03,278,Stacey Augmon,34.0,70,859.7283333333334,119,69,9,27,212
2002-03,1536,Stephen Jackson,25.0,80,2251.7383333333332,286,183,30,125,946
2002-03,950,Stephon Marbury,26.0,81,3248.3683333333333,263,654,20,108,1806
2002-03,1883,Steve Francis,26.0,81,3321.548333333333,499,502,41,141,1703
2002-03,70,Steve Kerr,37.0,75,950.2716666666666,60,70,3,27,299
2002-03,959,Steve Nash,29.0,82,2712.3733333333334,234,598,6,85,1457
2002-03,2212,Steven Hunter,21.0,33,447.19,93,6,36,9,130
2002-03,120,Steven Smith,34.0,53,1032.3816666666667,99,70,9,28,360
2002-03,2031,Stromile Swift,23.0,67,1474.1233333333332,384,45,104,55,647
2002-03,2447,Tamar Slay,23.0,36,273.64166666666665,31,14,3,14,92
2002-03,1505,Tariq Abdul-Wahad,28.0,14,203.58333333333334,40,21,3,6,57
2002-03,2419,Tayshaun Prince,23.0,42,435.4533333333333,45,24,14,10,137
2002-03,2242,Terence Morris,24.0,49,632.4983333333333,128,25,17,8,182
2002-03,689,Theo Ratliff,30.0,81,2524.0666666666666,607,73,262,56,706
2002-03,2357,Tierre Brown,24.0,15,167.765,30,39,0,13,65
2002-03,1495,Tim Duncan,27.0,81,3182.445,1043,316,237,55,1884
2002-03,896,Tim Hardaway,36.0,10,126.25666666666666,15,24,0,9,49
2002-03,1501,Tim Thomas,26.0,80,2359.56,389,102,49,70,1066
2002-03,2432,Tito Maddox,22.0,9,34.028333333333336,7,5,1,3,11
2002-03,1928,Todd MacCulloch,27.0,42,809.3333333333334,196,20,32,19,299
2002-03,339,Tom Gugliotta,33.0,27,445.00166666666667,100,31,5,14,129
2002-03,389,Toni Kukoc,34.0,63,1701.64,266,230,29,81,730
2002-03,1499,Tony Battie,27.0,67,1685.0183333333334,433,49,81,33,487
2002-03,960,Tony Delk,29.0,67,1872.7283333333332,232,146,10,72,654
2002-03,763,Tony Massenburg,35.0,58,789.9133333333333,156,17,19,17,273
2002-03,2225,Tony Parker,21.0,82,2780.1466666666665,216,432,4,71,1269
2002-03,1503,Tracy McGrady,24.0,75,2949.775,488,411,59,124,2407
2002-03,145,Tracy Murray,31.0,32,188.89333333333335,23,12,3,5,61
2002-03,696,Travis Best,30.0,72,1804.585,147,255,7,44,603
2002-03,969,Travis Knight,28.0,32,287.35,62,14,9,8,60
2002-03,1762,Tremaine Fowlkes,27.0,37,572.925,103,23,2,25,164
2002-03,2239,Trenton Hassell,24.0,82,1996.7333333333333,255,151,61,45,342
2002-03,1607,Troy Hudson,27.0,79,2601.795,183,452,7,60,1123
2002-03,2211,Troy Murphy,23.0,79,2515.92,806,106,30,65,923
2002-03,238,Tyrone Hill,35.0,56,1353.1266666666668,391,41,26,46,312
2002-03,1731,Tyronn Lue,26.0,75,1987.385,149,263,1,47,647
2002-03,2199,Tyson Chandler,20.0,75,1825.3116666666667,514,76,106,37,691
2002-03,452,Vin Baker,31.0,52,945.145,198,29,30,22,270
2002-03,1713,Vince Carter,26.0,43,1470.3483333333334,188,143,41,48,884
2002-03,2428,Vincent Yarbrough,22.0,59,1379.2516666666668,162,130,33,57,406
2002-03,958,Vitaly Potapenko,28.0,26,401.38,89,4,8,9,104
2002-03,124,Vlade Divac,35.0,80,2386.6133333333332,574,274,105,83,795
2002-03,2209,Vladimir Radmanovic,22.0,72,1910.44,323,97,22,64,724
2002-03,1735,Vladimir Stepania,27.0,79,1594.4,554,24,40,45,441
2002-03,702,Voshon Lenard,30.0,63,1928.17,212,144,21,59,898
2002-03,1887,Wally Szczerbiak,26.0,52,1833.8483333333334,241,136,22,44,913
2002-03,1005,Walt Williams,33.0,66,1162.4566666666667,207,59,26,42,363
2002-03,962,Walter McCarty,29.0,82,1948.72,288,106,28,78,498
2002-03,1917,Wang Zhi-zhi,25.0,41,411.51166666666666,77,10,10,8,182
2002-03,445,Wesley Person,32.0,66,1939.4683333333332,192,112,19,42,727
2002-03,2397,Yao Ming,22.0,82,2381.8933333333334,675,137,147,31,1104
2002-03,2216,Zach Randolph,21.0,77,1300.935,343,41,14,42,650
2002-03,1442,Zeljko Rebraca,31.0,30,490.3933333333333,92,9,17,6,198
2002-03,1985,Zendon Hamilton,28.0,3,11.136666666666667,4,0,0,1,6
2002-03,980,Zydrunas Ilgauskas,28.0,81,2433.681666666667,611,127,152,56,1390
2003-04,243,Aaron McKie,31.0,75,2116.925,253,195,23,85,689
2003-04,1425,Aaron Williams,32.0,72,1335.8466666666666,294,81,46,34,450
2003-04,1502,Adonal Foyle,29.0,44,574.5683333333334,167,17,46,6,137
2003-04,1559,Adrian Griffin,29.0,19,122.095,19,10,2,7,11
2003-04,1733,Al Harrington,24.0,79,2440.8633333333332,508,131,22,80,1048
2003-04,673,Alan Henderson,31.0,6,68.07833333333333,21,2,2,1,24
2003-04,2682,Alex Garcia,24.0,2,12.678333333333333,0,0,0,2,3
2003-04,275,Allan Houston,33.0,50,1794.1733333333334,121,99,2,38,924
2003-04,947,Allen Iverson,29.0,48,2046.8416666666667,178,324,5,115,1266
2003-04,297,Alonzo Mourning,34.0,12,215.87666666666667,27,8,6,2,96
2003-04,2228,Alton Ford,23.0,9,40.41166666666667,11,3,1,0,15
2003-04,1541,Alvin Williams,29.0,56,1736.96,150,224,10,55,494
2003-04,1043,Amal McCaskill,30.0,59,634.025,133,20,20,12,113
2003-04,2405,Amar'e Stoudemire,21.0,55,2025.02,496,78,89,64,1133
2003-04,1889,Andre Miller,28.0,82,2847.3233333333333,366,501,25,142,1214
2003-04,1905,Andrei Kirilenko,23.0,78,2905.9166666666665,629,244,215,148,1284
2003-04,692,Andrew DeClercq,31.0,71,1209.1766666666667,317,44,32,47,230
2003-04,358,Anfernee Hardaway,32.0,76,2095.278333333333,287,176,20,70,699
2003-04,1738,Ansu Sesay,27.0,57,575.33,92,19,20,19,200
2003-04,1712,Antawn Jamison,28.0,82,2378.895,520,70,30,83,1212
2003-04,1853,Anthony Carter,29.0,5,87.21666666666667,11,12,0,4,22
2003-04,924,Anthony Goldwire,32.0,11,83.49,7,11,0,5,17
2003-04,1533,Anthony Johnson,29.0,73,1603.4183333333333,130,202,8,64,450
2003-04,324,Anthony Peeler,34.0,75,1383.4033333333334,153,120,10,56,431
2003-04,952,Antoine Walker,27.0,82,2837.135,684,369,65,65,1151
2003-04,1498,Antonio Daniels,29.0,71,1515.8183333333334,142,298,6,45,571
2003-04,213,Antonio Davis,35.0,80,2578.5616666666665,671,137,65,37,708
2003-04,686,Antonio McDyess,29.0,42,930.2016666666667,257,36,24,37,290
2003-04,1506,Austin Croshere,29.0,77,1043.445,243,52,14,24,387
2003-04,422,Avery Johnson,39.0,46,636.9633333333334,33,111,3,26,212
2003-04,1884,Baron Davis,25.0,67,2686.9766666666665,287,501,27,158,1532
2003-04,1052,Ben Handlogten,30.0,17,171.47833333333332,55,6,4,3,68
2003-04,1112,Ben Wallace,29.0,81,3059.3366666666666,1006,138,246,143,773
2003-04,902,Bimbo Coles,36.0,22,168.16166666666666,10,15,0,3,28
2003-04,448,Bo Outlaw,33.0,82,1613.8516666666667,342,90,70,73,379
2003-04,682,Bob Sura,31.0,80,1657.3133333333333,326,233,14,62,596
2003-04,1517,Bobby Jackson,31.0,50,1189.105,174,105,8,49,689
2003-04,2250,Bobby Simmons,24.0,56,1373.5166666666667,262,96,17,51,437
2003-04,1719,Bonzi Wells,27.0,72,1871.8633333333332,260,139,19,91,886
2003-04,2564,Boris Diaw,22.0,76,1915.235,342,182,37,59,342
2003-04,2411,Bostjan Nachbar,23.0,45,507.50166666666667,70,30,14,14,138
2003-04,1802,Brad Miller,28.0,72,2626.555,743,312,86,68,1014
2003-04,2220,Brandon Armstrong,24.0,56,426.49333333333334,43,14,2,12,151
2003-04,2599,Brandon Hunter,23.0,36,404.8016666666667,118,19,1,13,125
2003-04,2217,Brendan Haywood,24.0,77,1493.1783333333333,387,43,100,32,537
2003-04,699,Brent Barry,32.0,59,1802.4833333333333,204,342,16,85,635
2003-04,1510,Brevin Knight,28.0,56,1033.295,112,204,1,84,261
2003-04,2073,Brian Cardinal,27.0,76,1631.355,317,103,20,66,733
2003-04,2567,Brian Cook,23.0,35,437.77166666666665,101,20,16,16,155
2003-04,258,Brian Grant,32.0,76,2302.23,524,69,35,51,664
2003-04,2243,Brian Scalabrine,26.0,69,917.0016666666667,173,65,14,21,240
2003-04,1730,Brian Skinner,28.0,56,1579.975,411,49,61,30,589
2003-04,2639,Britton Johnsen,24.0,20,291.81166666666667,45,12,1,7,42
2003-04,1477,Bruce Bowen,33.0,82,2627.1866666666665,253,113,33,84,565
2003-04,1743,Bruno Sundov,24.0,5,30.72,10,1,0,0,11
2003-04,1724,Bryce Drew,29.0,15,76.06333333333333,6,13,0,4,12
2003-04,935,Bryon Russell,33.0,72,934.9216666666666,146,71,12,32,289
2003-04,384,Calbert Cheaney,32.0,79,2061.8416666666667,260,136,12,60,603
2003-04,1916,Calvin Booth,28.0,71,1197.7283333333332,280,28,101,17,345
2003-04,2306,Carlos Arroyo,24.0,71,2002.5216666666668,185,355,5,63,897
2003-04,2430,Carlos Boozer,22.0,75,2597.6033333333335,857,148,55,74,1162
2003-04,2546,Carmelo Anthony,20.0,82,2991.2316666666666,498,227,41,97,1725
2003-04,2406,Caron Butler,24.0,68,2025.6733333333334,326,126,13,75,623
2003-04,2418,Casey Jacobsen,23.0,78,1831.1916666666666,201,98,9,48,466
2003-04,2456,Cezary Trybanski,24.0,7,12.811666666666667,1,0,1,1,1
2003-04,891,Charles Oakley,40.0,7,23.706666666666667,5,2,0,0,9
2003-04,369,Charlie Ward,33.0,71,1252.805,144,215,11,64,424
2003-04,1497,Chauncey Billups,27.0,78,2772.2966666666666,276,446,8,84,1318
2003-04,685,Cherokee Parks,31.0,12,58.37,10,1,3,0,12
2003-04,2365,Chris Andersen,25.0,71,1028.5183333333334,298,35,114,34,243
2003-04,2547,Chris Bosh,20.0,75,2516.485,557,78,106,59,861
2003-04,1544,Chris Crawford,29.0,56,1209.41,175,45,20,37,569
2003-04,2423,Chris Jefferies,24.0,21,197.58,29,7,7,4,84
2003-04,2549,Chris Kaman,22.0,82,1850.2966666666666,461,85,73,23,499
2003-04,2036,Chris Mihm,24.0,76,1327.845,413,21,63,37,482
2003-04,185,Chris Webber,31.0,23,832.9016666666666,200,105,20,31,430
2003-04,43,Chris Whitney,32.0,16,183.465,15,14,2,6,47
2003-04,2404,Chris Wilcox,21.0,65,1339.685,305,51,20,29,559
2003-04,363,Christian Laettner,34.0,48,983.1783333333333,232,89,28,37,284
2003-04,1088,Chucky Atkins,29.0,64,1539.02,93,223,2,45,538
2003-04,221,Clar. Weatherspoon,33.0,52,872.5016666666667,204,30,15,30,261
2003-04,361,Clifford Robinson,37.0,82,2841.806666666667,322,271,73,68,967
2003-04,1894,Corey Maggette,24.0,73,2629.8816666666667,430,224,16,65,1508
2003-04,916,Corie Blount,35.0,62,1042.8116666666667,275,55,24,49,245
2003-04,722,Corliss Williamson,30.0,79,1574.2066666666667,256,57,20,30,752
2003-04,2414,Curtis Borchardt,23.0,16,257.4716666666667,54,15,14,4,58
2003-04,1749,Cuttino Mobley,28.0,80,3235.806666666667,362,258,33,107,1260
2003-04,2563,Dahntay Jones,23.0,20,154.38666666666666,23,12,6,5,36
2003-04,2402,Dajuan Wagner,21.0,44,709.89,58,51,7,26,287
2003-04,905,Dale Davis,35.0,76,1684.0566666666666,398,72,62,43,331
2003-04,1800,Damon Jones,27.0,82,2009.1516666666666,170,478,4,30,573
2003-04,757,Damon Stoudamire,30.0,82,3122.8483333333334,308,500,9,99,1099
2003-04,2245,Damone Brown,25.0,3,16.165,5,0,0,2,3
2003-04,2424,Dan Dickau,25.0,43,291.10333333333335,26,38,0,17,95
2003-04,2429,Dan Gadzuric,26.0,75,1251.71,346,28,105,51,424
2003-04,2061,Dan Langhi,26.0,6,35.025,4,0,0,0,13
2003-04,344,Dana Barros,37.0,1,10.918333333333333,0,0,0,0,6
2003-04,2091,Daniel Santiago,28.0,54,708.7516666666667,132,24,21,19,217
2003-04,1504,Danny Fortson,28.0,56,620.41,250,9,11,12,217
2003-04,2032,Darius Miles,22.0,79,2080.1983333333333,359,162,61,67,861
2003-04,2443,Darius Songaila,26.0,73,973.665,225,48,12,42,337
2003-04,2545,Darko Milicic,19.0,34,159.595,43,7,15,7,48
2003-04,353,Darrell Armstrong,36.0,79,2244.615,226,311,16,133,840
2003-04,239,Darrick Martin,33.0,16,173.76333333333332,7,23,1,2,55
2003-04,1032,Darvin Ham,30.0,54,471.07666666666665,93,16,8,13,96
2003-04,133,David Wesley,33.0,61,2006.2866666666666,134,175,14,71,851
2003-04,2561,David West,23.0,71,929.0383333333333,297,60,28,27,273
2003-04,2205,DeSagana Diop,22.0,56,721.9733333333334,199,34,51,26,126
2003-04,2052,DeShawn Stevenson,23.0,80,2444.41,298,158,17,52,909
2003-04,2035,DerMarr Johnson,24.0,21,283.30833333333334,39,11,7,8,113
2003-04,1507,Derek Anderson,29.0,51,1812.8316666666667,182,228,3,66,694
2003-04,965,Derek Fisher,29.0,82,1759.4316666666666,152,187,4,103,580
2003-04,934,Derrick Coleman,37.0,34,845.7116666666667,192,46,26,23,271
2003-04,1760,Derrick Dial,28.0,9,82.74333333333334,13,2,0,6,26
2003-04,2724,Desmond Ferguson,26.0,7,30.71,4,1,0,0,13
2003-04,2046,Desmond Mason,26.0,82,2534.4333333333334,359,152,24,60,1183
2003-04,2667,Desmond Penigar,22.0,10,86.35666666666667,24,3,2,2,32
2003-04,1904,Devean George,26.0,82,1952.775,332,112,38,81,604
2003-04,2484,Devin Brown,25.0,58,619.3083333333333,130,33,4,15,234
2003-04,87,Dikembe Mutombo,38.0,65,1499.1466666666668,437,25,123,17,363
2003-04,1901,Dion Glover,25.0,69,1642.4483333333333,266,130,19,50,620
2003-04,1717,Dirk Nowitzki,26.0,77,2919.845,670,207,104,92,1680
2003-04,2051,Donnell Harvey,23.0,60,789.015,164,21,27,24,239
2003-04,923,Donyell Marshall,31.0,82,2982.055,808,122,124,93,1205
2003-04,57,Doug Christie,34.0,82,2782.8866666666668,329,347,41,151,831
2003-04,77,Doug Overton,34.0,61,1036.11,86,138,2,26,224
2003-04,2400,Drew Gooden,22.0,79,2137.3866666666668,516,89,72,62,914
2003-04,2548,Dwyane Wade,22.0,61,2135.85,247,275,34,86,991
2003-04,1863,Earl Boykins,28.0,82,1838.3316666666667,143,295,3,51,839
2003-04,2248,Earl Watson,25.0,81,1673.0,178,402,19,91,460
2003-04,2109,Eddie Gill,25.0,22,153.23166666666665,17,16,1,9,50
2003-04,2067,Eddie House,26.0,60,1181.215,138,148,4,65,409
2003-04,224,Eddie Jones,32.0,81,3000.98,308,258,34,92,1401
2003-04,1944,Eddie Robinson,28.0,51,1022.5866666666667,104,58,10,33,343
2003-04,2201,Eddy Curry,21.0,73,2158.2633333333333,451,68,83,24,1070
2003-04,2059,Eduardo Najera,27.0,58,720.04,156,25,19,35,176
2003-04,922,Elden Campbell,35.0,65,898.415,209,45,50,21,361
2003-04,1882,Elton Brand,25.0,69,2675.2166666666667,714,227,154,64,1379
2003-04,15,Eric Piatkowski,33.0,49,702.0833333333334,73,26,5,16,201
2003-04,727,Eric Snow,31.0,82,2976.185,281,563,6,97,844
2003-04,677,Eric Williams,31.0,71,1881.35,286,120,9,70,712
2003-04,956,Erick Dampier,28.0,74,2407.9933333333333,887,60,137,33,913
2003-04,1065,Erick Strickland,30.0,43,572.96,71,90,2,26,231
2003-04,911,Ervin Johnson,36.0,66,969.4683333333334,232,24,43,27,127
2003-04,2041,Etan Thomas,26.0,79,1899.7533333333333,528,68,123,36,705
2003-04,2436,Flip Murray,24.0,82,2025.1033333333332,204,205,28,81,1013
2003-04,1922,Francisco Elson,28.0,62,876.2216666666667,203,32,39,35,218
2003-04,2421,Frank Williams,24.0,56,712.6433333333333,53,121,6,25,219
2003-04,697,Fred Hoiberg,31.0,79,1795.6933333333334,268,109,10,66,530
2003-04,2410,Fred Jones,25.0,81,1499.8766666666668,126,173,18,65,397
2003-04,56,Gary Payton,35.0,82,2836.045,342,449,19,96,1199
2003-04,718,Gary Trent,29.0,68,1022.24,216,49,17,12,379
2003-04,248,George Lynch,33.0,78,1690.7916666666667,312,117,18,48,375
2003-04,2222,Gerald Wallace,21.0,37,335.7266666666667,74,19,14,14,75
2003-04,2240,Gilbert Arenas,22.0,55,2066.5116666666668,254,275,12,103,1078
2003-04,779,Glen Rice,37.0,18,260.50666666666666,41,24,0,6,66
2003-04,299,Glenn Robinson,31.0,42,1344.84,189,57,9,42,698
2003-04,1921,Gordan Giricek,27.0,73,2041.4566666666667,226,122,15,56,827
2003-04,1761,Greg Buckner,27.0,53,697.27,103,45,4,21,164
2003-04,731,Greg Ostertag,31.0,78,2153.2366666666667,578,123,139,30,529
2003-04,2045,Hedo Turkoglu,25.0,80,2079.9866666666667,358,154,32,80,739
2003-04,2673,Hiram Fuller,23.0,4,42.526666666666664,11,2,1,0,8
2003-04,270,Horace Grant,38.0,55,1109.6766666666667,233,71,21,24,223
2003-04,458,Howard Eisley,31.0,67,1459.4183333333333,129,273,5,56,460
2003-04,93,Hubert Davis,34.0,17,76.53666666666666,8,4,0,2,4
2003-04,2137,Ime Udoka,26.0,4,28.016666666666666,5,2,1,2,8
2003-04,1956,Ira Newble,29.0,64,1245.415,155,72,19,25,254
2003-04,2452,J.R. Bremer,23.0,36,438.3183333333333,36,51,4,18,118
2003-04,2074,Jabari Smith,27.0,31,170.05166666666668,31,11,6,2,64
2003-04,1521,Jacque Vaughn,29.0,71,1265.0566666666666,116,195,2,44,270
2003-04,1751,Jahidi White,28.0,62,867.875,261,7,51,25,261
2003-04,2054,Jake Tsakalidis,25.0,40,531.66,128,18,22,9,170
2003-04,2063,Jake Voskuhl,26.0,66,1598.65,343,57,25,42,438
2003-04,147,Jalen Rose,31.0,66,2511.9466666666667,266,329,22,51,1022
2003-04,2048,Jamaal Magloire,26.0,82,2794.2483333333334,847,86,101,43,1119
2003-04,2224,Jamaal Tinsley,26.0,52,1376.065,136,303,17,84,432
2003-04,2037,Jamal Crawford,24.0,80,2813.71,283,405,29,111,1383
2003-04,469,Jamal Mashburn,31.0,19,729.6833333333333,117,47,5,14,396
2003-04,2441,Jamal Sampson,21.0,10,130.67833333333334,52,7,4,2,29
2003-04,2592,James Jones,23.0,6,26.015,2,0,0,1,7
2003-04,1899,James Posey,27.0,82,2442.6966666666667,403,122,40,137,1126
2003-04,2249,Jamison Brewer,23.0,13,162.28666666666666,11,17,0,7,32
2003-04,2457,Jannero Pargo,24.0,31,477.21166666666664,37,70,6,13,207
2003-04,2407,Jared Jeffries,22.0,82,1917.2016666666666,424,93,28,48,467
2003-04,2260,Jarron Collins,25.0,81,1731.1233333333332,316,77,18,26,482
2003-04,2553,Jarvis Hayes,22.0,70,2043.9633333333334,264,106,11,71,673
2003-04,2044,Jason Collier,26.0,20,546.4766666666667,111,17,11,11,226
2003-04,2215,Jason Collins,25.0,78,2224.675,400,153,56,67,462
2003-04,2078,Jason Hart,26.0,53,662.7616666666667,79,81,5,28,177
2003-04,2574,Jason Kapono,23.0,41,423.325,55,14,2,13,145
2003-04,467,Jason Kidd,31.0,67,2463.9533333333334,428,618,14,122,1036
2003-04,2202,Jason Richardson,23.0,78,2940.483333333333,524,226,41,86,1461
2003-04,1891,Jason Terry,26.0,81,3013.2483333333334,336,437,16,124,1359
2003-04,1715,Jason Williams,28.0,72,2111.235,147,492,5,92,782
2003-04,1902,Jeff Foster,27.0,82,1953.2133333333334,610,64,27,71,497
2003-04,976,Jeff McInnis,29.0,70,2377.4366666666665,176,430,6,72,828
2003-04,2244,Jeff Trepagnier,24.0,11,96.71333333333334,15,4,0,3,25
2003-04,1741,Jelani McCoy,26.0,2,13.25,4,0,0,0,0
2003-04,979,Jermaine O'Neal,25.0,78,2788.9583333333335,778,164,199,59,1566
2003-04,2602,Jerome Beasley,24.0,2,5.116666666666666,1,0,0,0,2
2003-04,1744,Jerome James,28.0,65,992.1883333333334,230,32,60,20,324
2003-04,2040,Jerome Moiso,26.0,35,415.1983333333333,113,8,12,17,102
2003-04,966,Jerome Williams,31.0,68,1623.8283333333334,475,72,8,90,422
2003-04,711,Jerry Stackhouse,29.0,26,774.885,94,103,3,24,362
2003-04,754,Jim Jackson,33.0,80,3119.5516666666667,487,226,23,86,1033
2003-04,2412,Jiri Welsch,24.0,81,2185.285,296,183,7,101,746
2003-04,2207,Joe Johnson,23.0,82,3333.8683333333333,385,362,26,93,1367
2003-04,693,Joe Smith,28.0,76,2258.6033333333335,643,78,94,47,830
2003-04,2038,Joel Przybilla,24.0,17,345.3183333333333,111,7,17,5,49
2003-04,2422,John Salmons,24.0,77,1588.6,196,134,16,62,443
2003-04,961,John Wallace,30.0,37,364.77666666666664,59,14,8,5,158
2003-04,468,Jon Barry,34.0,57,1090.2716666666668,123,147,8,57,351
2003-04,1886,Jonathan Bender,23.0,21,269.0466666666667,40,9,11,5,148
2003-04,2668,Josh Davis,23.0,4,22.348333333333333,5,0,0,0,5
2003-04,2572,Josh Howard,24.0,67,1586.435,368,97,54,69,575
2003-04,2413,Juan Dixon,25.0,71,1474.9433333333334,148,137,4,82,664
2003-04,1908,Jumaine Jones,25.0,42,371.2133333333333,68,14,9,12,93
2003-04,436,Juwan Howard,31.0,81,2883.7733333333335,570,158,22,54,1376
2003-04,2079,Kaniel Dickens,25.0,3,13.133333333333333,2,0,0,0,7
2003-04,2416,Kareem Rush,23.0,72,1248.3783333333333,97,59,20,33,459
2003-04,252,Karl Malone,40.0,42,1379.5566666666666,367,163,20,50,554
2003-04,2208,Kedrick Brown,23.0,55,968.93,146,64,7,30,289
2003-04,2586,Keith Bogans,24.0,73,1786.045,317,98,10,46,498
2003-04,2693,Keith McLeod,24.0,33,385.295,34,59,1,16,88
2003-04,1496,Keith Van Horn,28.0,72,2342.03,501,120,33,68,1162
2003-04,1509,Kelvin Cato,29.0,69,1746.4733333333334,472,72,96,52,418
2003-04,383,Kendall Gill,36.0,56,1408.7683333333334,190,89,16,65,539
2003-04,2570,Kendrick Perkins,19.0,10,35.208333333333336,14,3,2,0,22
2003-04,72,Kenny Anderson,33.0,44,909.9733333333334,81,125,5,26,262
2003-04,1903,Kenny Thomas,26.0,74,2703.9983333333334,750,111,33,82,1006
2003-04,2030,Kenyon Martin,26.0,65,2258.721666666667,617,160,82,95,1086
2003-04,1721,Keon Clark,29.0,2,28.083333333333332,7,1,0,1,4
2003-04,954,Kerry Kittles,30.0,82,2847.3983333333335,327,206,40,125,1072
2003-04,708,Kevin Garnett,28.0,82,3235.055,1139,409,178,120,1987
2003-04,1563,Kevin Ollie,31.0,82,1390.5316666666668,170,234,8,51,341
2003-04,788,Kevin Willis,41.0,48,370.36333333333334,98,11,9,21,164
2003-04,2039,Keyon Dooling,24.0,58,1131.7366666666667,79,130,6,45,360
2003-04,2550,Kirk Hinrich,23.0,76,2709.2683333333334,259,517,21,101,915
2003-04,2632,Kirk Penney,23.0,2,17.113333333333333,1,1,0,1,3
2003-04,977,Kobe Bryant,25.0,65,2447.4416666666666,359,330,28,112,1557
2003-04,703,Kurt Thomas,31.0,80,2542.445,662,149,80,56,890
2003-04,2198,Kwame Brown,22.0,74,2230.0916666666667,550,112,52,66,805
2003-04,2594,Kyle Korver,23.0,74,861.7716666666666,111,40,8,25,330
2003-04,1885,Lamar Odom,24.0,80,3001.9566666666665,776,327,71,85,1371
2003-04,441,Lamond Murray,31.0,33,521.325,90,28,7,15,197
2003-04,1716,Larry Hughes,25.0,61,2067.365,326,148,26,95,1148
2003-04,84,Latrell Sprewell,33.0,82,3100.6683333333335,310,286,21,88,1375
2003-04,2544,LeBron James,19.0,79,3126.865,432,465,58,130,1654
2003-04,2571,Leandro Barbosa,21.0,70,1500.565,123,165,7,93,550
2003-04,1924,Lee Nailon,29.0,57,778.8716666666667,143,38,8,15,341
2003-04,1910,Leon Smith,23.0,1,3.55,2,0,0,0,2
2003-04,283,Lindsey Hunter,33.0,33,653.2883333333333,67,85,6,39,117
2003-04,2669,Linton Johnson,24.0,41,732.4466666666667,183,27,32,37,173
2003-04,2437,Lonny Baxter,25.0,62,764.0633333333334,187,20,29,17,251
2003-04,2254,Loren Woods,26.0,38,502.09166666666664,134,10,19,11,121
2003-04,953,Lorenzen Wright,28.0,65,1677.1533333333334,445,71,58,45,610
2003-04,446,Lucious Harris,33.0,69,1504.525,140,135,2,41,478
2003-04,2557,Luke Ridnour,23.0,69,1112.7166666666667,108,163,7,52,382
2003-04,2575,Luke Walton,24.0,72,717.955,127,113,8,28,174
2003-04,2573,Maciej Lampe,19.0,21,224.92166666666665,44,9,3,3,96
2003-04,2124,Malik Allen,26.0,45,615.7333333333333,119,16,28,12,191
2003-04,990,Malik Rose,29.0,67,1253.625,320,69,24,36,529
2003-04,2055,Mamadou N'diaye,29.0,28,370.7183333333333,112,0,25,8,98
2003-04,1938,Manu Ginobili,26.0,77,2254.65,344,291,16,136,987
2003-04,1531,Marc Jackson,29.0,22,597.125,126,18,6,12,206
2003-04,2556,Marcus Banks,22.0,81,1377.5166666666667,133,175,13,88,480
2003-04,948,Marcus Camby,30.0,72,2164.3983333333335,727,132,187,86,622
2003-04,2033,Marcus Fizer,25.0,46,741.3,202,43,8,16,360
2003-04,2409,Marcus Haislip,23.0,31,262.12166666666667,53,4,12,6,93
2003-04,1548,Mark Blount,28.0,82,2405.115,589,75,106,80,843
2003-04,349,Mark Jackson,39.0,42,578.8766666666667,70,119,1,17,103
2003-04,2058,Mark Madsen,28.0,72,1242.8566666666666,272,28,18,33,259
2003-04,998,Mark Pope,31.0,4,19.948333333333334,3,0,0,1,2
2003-04,2060,Marko Jaric,25.0,58,1760.2383333333332,175,281,20,93,495
2003-04,2605,Marquis Daniels,23.0,56,1033.9666666666667,146,116,12,53,477
2003-04,2043,Mateen Cleaves,26.0,4,91.35666666666667,7,19,2,4,15
2003-04,2440,Matt Barnes,24.0,38,720.3866666666667,151,48,3,27,171
2003-04,2679,Matt Carroll,23.0,16,65.97166666666666,6,2,0,1,19
2003-04,1723,Matt Harpring,28.0,31,1130.855,247,63,2,22,502
2003-04,2466,Maurice Carter,27.0,10,109.0,11,4,0,0,42
2003-04,1508,Maurice Taylor,27.0,75,2081.1383333333333,384,107,47,43,862
2003-04,2246,Mehmet Okur,25.0,71,1588.025,421,69,63,36,682
2003-04,2408,Melvin Ely,26.0,42,507.525,101,22,17,9,157
2003-04,2370,Mengke Bateer,28.0,7,39.11,8,1,0,1,8
2003-04,1897,Metta World Peace,24.0,73,2715.45,385,272,50,152,1333
2003-04,2214,Michael Bradley,25.0,16,98.21,23,1,0,3,15
2003-04,688,Michael Curry,35.0,70,1222.9883333333332,87,53,5,23,204
2003-04,1720,Michael Doleac,27.0,72,1024.7666666666667,265,44,36,23,325
2003-04,714,Michael Finley,31.0,72,2782.21,325,212,39,84,1342
2003-04,1709,Michael Olowokandi,29.0,43,924.4833333333333,245,24,68,16,278
2003-04,2072,Michael Redd,24.0,82,3020.2966666666666,407,185,6,81,1776
2003-04,1913,Michael Ruffin,27.0,41,729.455,207,41,21,22,92
2003-04,1565,Michael Stewart,29.0,25,147.76166666666666,29,0,10,2,13
2003-04,2552,Michael Sweetney,21.0,42,496.695,157,14,12,18,180
2003-04,2554,Mickael Pietrus,22.0,53,752.4333333333333,119,27,12,32,279
2003-04,1710,Mike Bibby,26.0,82,2982.3783333333336,277,444,18,112,1506
2003-04,2399,Mike Dunleavy,23.0,75,2340.8483333333334,442,220,13,68,877
2003-04,2229,Mike James,29.0,81,2196.608333333333,234,339,3,96,753
2003-04,2034,Mike Miller,24.0,65,1764.545,216,232,14,59,722
2003-04,2366,Mike Wilks,25.0,26,140.25,16,17,0,3,50
2003-04,1630,Mikki Moore,28.0,32,394.74333333333334,84,19,13,7,130
2003-04,1960,Milt Palacio,26.0,59,1207.1883333333333,102,184,11,41,257
2003-04,348,Mitchell Butler,33.0,41,554.4716666666667,71,32,4,22,134
2003-04,2590,Mo Williams,21.0,57,772.9516666666667,72,76,2,28,284
2003-04,983,Moochie Norris,30.0,66,844.2783333333333,65,121,5,44,234
2003-04,2050,Morris Peterson,26.0,82,2139.3616666666667,261,113,14,88,678
2003-04,1737,Nazr Mohammed,26.0,80,1610.74,474,36,52,55,592
2003-04,2569,Ndudi Ebi,20.0,17,31.525,3,3,4,0,13
2003-04,2403,Nene,21.0,77,2511.225,503,168,41,116,908
2003-04,89,Nick Van Exel,32.0,39,1257.1866666666667,104,206,2,20,490
2003-04,2401,Nikoloz Tskitishvili,21.0,39,305.73333333333335,63,10,8,6,106
2003-04,178,Olden Polynice,39.0,2,11.0,2,1,0,1,0
2003-04,932,Oliver Miller,34.0,48,504.9066666666667,130,36,26,19,121
2003-04,2241,Omar Cook,22.0,17,138.145,6,24,0,10,14
2003-04,970,Othella Harrington,30.0,56,871.035,177,29,14,12,258
2003-04,136,P.J. Brown,34.0,80,2757.1583333333333,690,155,73,78,836
2003-04,1727,Pat Garrity,27.0,2,21.25,0,1,0,0,2
2003-04,2200,Pau Gasol,23.0,78,2451.6133333333332,600,198,132,44,1381
2003-04,1514,Paul Grant,30.0,10,96.33833333333334,17,3,1,1,25
2003-04,1718,Paul Pierce,26.0,80,3099.795,522,410,52,131,1836
2003-04,2321,Paul Shirley,26.0,7,83.97166666666666,16,4,1,1,21
2003-04,978,Peja Stojakovic,27.0,81,3268.9883333333332,508,173,14,108,1964
2003-04,461,Popeye Jones,34.0,5,9.986666666666666,1,0,0,0,0
2003-04,1542,Predrag Drobnjak,28.0,61,952.2133333333334,196,39,24,22,382
2003-04,2056,Primoz Brezec,24.0,18,69.91166666666666,15,3,3,0,28
2003-04,2047,Quentin Richardson,24.0,65,2339.7283333333335,414,139,19,67,1121
2003-04,1900,Quincy Lewis,27.0,14,63.485,7,2,2,2,16
2003-04,2417,Qyntel Woods,23.0,62,665.25,136,46,14,20,224
2003-04,1711,Raef LaFrentz,28.0,17,330.20666666666665,79,24,13,8,132
2003-04,1747,Rafer Alston,27.0,82,2584.78,226,372,18,114,838
2003-04,1952,Raja Bell,27.0,82,2020.905,241,107,13,63,915
2003-04,988,Randy Livingston,29.0,4,48.25,7,4,0,2,8
2003-04,1740,Rashard Lewis,24.0,80,2933.645,518,175,54,99,1421
2003-04,739,Rasheed Wallace,29.0,68,2393.4666666666667,459,156,122,61,1088
2003-04,1725,Rasho Nesterovic,28.0,82,2359.355,633,114,165,51,710
2003-04,2446,Rasual Butler,25.0,45,675.315,61,23,13,10,304
2003-04,2221,Raul Lopez,24.0,82,1622.225,155,305,2,62,572
2003-04,951,Ray Allen,28.0,56,2156.6666666666665,286,268,11,71,1287
2003-04,2558,Reece Gaines,23.0,38,354.62666666666667,39,40,2,11,69
2003-04,2501,Reggie Evans,24.0,75,1286.1333333333334,408,33,10,54,217
2003-04,397,Reggie Miller,38.0,80,2267.28,188,249,11,65,800
2003-04,1888,Richard Hamilton,26.0,78,2784.8483333333334,279,310,17,103,1375
2003-04,2210,Richard Jefferson,24.0,82,3136.165,464,315,28,92,1515
2003-04,2499,Richie Frahm,26.0,54,458.67,56,24,4,16,183
2003-04,1594,Rick Brunson,32.0,40,406.9766666666667,37,82,3,25,118
2003-04,296,Rick Fox,34.0,38,846.22,102,98,4,29,183
2003-04,1729,Ricky Davis,24.0,79,2474.3133333333335,358,259,22,96,1140
2003-04,2425,Robert Archibald,24.0,32,252.46666666666667,52,13,3,14,32
2003-04,109,Robert Horry,33.0,81,1288.4483333333333,272,101,49,48,392
2003-04,123,Robert Pack,35.0,26,214.885,18,27,1,12,49
2003-04,1714,Robert Traylor,27.0,71,938.8283333333334,262,43,37,39,362
2003-04,393,Rod Strickland,37.0,61,1201.61,155,244,11,35,382
2003-04,1934,Rodney Buford,26.0,22,138.085,15,7,1,6,41
2003-04,915,Rodney Rogers,33.0,69,1413.865,307,137,27,59,539
2003-04,2206,Rodney White,24.0,72,987.11,165,60,20,32,541
2003-04,2427,Roger Mason Jr.,23.0,26,324.50166666666667,31,26,6,11,96
2003-04,1500,Ron Mercer,28.0,39,518.775,49,22,5,14,195
2003-04,2648,Ronald Dupree,23.0,47,901.7766666666666,167,55,18,32,292
2003-04,2257,Ruben Boumtje-Boumtje,26.0,9,24.975,1,1,1,0,4
2003-04,1739,Ruben Patterson,28.0,73,1651.8066666666666,268,139,21,84,507
2003-04,1601,Rusty LaRue,30.0,4,19.05666666666667,3,2,0,2,4
2003-04,1763,Ryan Bowen,28.0,52,388.68,87,18,16,18,46
2003-04,2415,Ryan Humphrey,24.0,2,11.683333333333334,3,1,0,1,2
2003-04,208,Sam Cassell,34.0,81,2847.9966666666664,271,592,18,102,1603
2003-04,955,Samaki Walker,28.0,33,416.17333333333335,112,6,11,9,105
2003-04,2223,Samuel Dalembert,24.0,82,2203.4683333333332,626,21,189,44,652
2003-04,2562,Sasha Pavlovic,20.0,79,1136.5083333333334,159,60,16,41,382
2003-04,1513,Scot Pollard,29.0,61,679.1966666666667,164,10,26,23,106
2003-04,1909,Scott Padgett,28.0,58,549.0083333333333,139,23,13,12,200
2003-04,281,Scott Williams,36.0,43,535.2533333333333,132,17,16,20,198
2003-04,937,Scottie Pippen,38.0,23,411.1166666666667,68,50,9,21,136
2003-04,2253,Sean Lampley,24.0,10,61.223333333333336,11,2,1,0,34
2003-04,399,Sean Rooks,34.0,55,588.16,97,29,10,14,141
2003-04,1742,Shammond Williams,29.0,53,760.6216666666667,60,116,2,37,255
2003-04,1000,Shandon Anderson,30.0,80,1966.2366666666667,222,122,17,68,635
2003-04,2203,Shane Battier,25.0,79,1948.0966666666666,303,101,58,101,669
2003-04,1049,Shane Heal,33.0,6,68.865,4,5,0,1,22
2003-04,406,Shaquille O'Neal,32.0,67,2465.4416666666666,769,196,166,34,1439
2003-04,949,Shareef Abdur-Rahim,27.0,85,2690.3216666666667,639,174,37,68,1384
2003-04,762,Shawn Bradley,32.0,66,762.5766666666667,173,20,74,33,219
2003-04,1890,Shawn Marion,26.0,79,3209.87,737,214,104,167,1498
2003-04,2098,Slava Medvedenko,25.0,68,1448.9116666666666,343,57,18,38,563
2003-04,2582,Slavko Vranes,21.0,1,2.75,0,0,0,0,0
2003-04,2049,Speedy Claxton,26.0,60,1594.5216666666668,156,267,9,97,634
2003-04,278,Stacey Augmon,35.0,69,1418.63,174,85,15,55,397
2003-04,1536,Stephen Jackson,26.0,80,2943.2266666666665,370,244,20,142,1450
2003-04,950,Stephon Marbury,27.0,81,3254.5433333333335,263,719,9,129,1639
2003-04,2581,Steve Blake,24.0,75,1387.2433333333333,117,209,7,57,444
2003-04,1883,Steve Francis,27.0,79,3196.4216666666666,433,493,35,139,1310
2003-04,959,Steve Nash,30.0,78,2615.365,232,687,8,67,1128
2003-04,2212,Steven Hunter,22.0,59,790.2116666666667,170,12,73,5,187
2003-04,120,Steven Smith,35.0,71,922.2866666666666,81,56,6,15,358
2003-04,2031,Stromile Swift,24.0,77,1530.045,378,38,118,56,727
2003-04,2551,T.J. Ford,21.0,55,1484.0883333333334,177,356,3,60,391
2003-04,2447,Tamar Slay,24.0,22,158.82666666666665,25,14,1,7,53
2003-04,2419,Tayshaun Prince,24.0,82,2696.6666666666665,390,191,69,63,841
2003-04,689,Theo Ratliff,31.0,85,2661.69,614,71,307,54,672
2003-04,2604,Theron Smith,23.0,20,178.94,41,7,5,5,44
2003-04,2357,Tierre Brown,25.0,3,18.276666666666667,1,2,0,0,6
2003-04,1495,Tim Duncan,28.0,69,2524.8766666666666,859,213,185,62,1538
2003-04,1501,Tim Thomas,27.0,66,2089.1266666666666,320,124,20,64,970
2003-04,339,Tom Gugliotta,34.0,55,818.4833333333333,187,63,12,31,161
2003-04,389,Toni Kukoc,35.0,73,1514.6716666666666,271,200,21,59,616
2003-04,1499,Tony Battie,28.0,73,1474.7316666666666,359,58,67,26,408
2003-04,960,Tony Delk,30.0,33,514.6833333333333,59,28,7,27,197
2003-04,763,Tony Massenburg,36.0,59,783.0133333333333,188,29,18,14,251
2003-04,2225,Tony Parker,22.0,75,2578.985,237,411,7,61,1099
2003-04,1765,Torraye Braggs,28.0,15,149.80833333333334,39,7,2,4,40
2003-04,1503,Tracy McGrady,25.0,67,2687.2383333333332,402,370,42,93,1878
2003-04,145,Tracy Murray,32.0,7,35.00666666666667,5,1,0,1,8
2003-04,696,Travis Best,31.0,61,762.1766666666666,68,112,4,31,171
2003-04,2580,Travis Hansen,26.0,41,509.5516666666667,70,19,9,10,123
2003-04,2566,Travis Outlaw,19.0,8,18.738333333333333,4,1,0,1,8
2003-04,1762,Tremaine Fowlkes,28.0,36,251.135,53,14,3,9,44
2003-04,2239,Trenton Hassell,25.0,81,2263.2116666666666,257,133,54,36,406
2003-04,2559,Troy Bell,23.0,6,34.9,4,4,0,1,11
2003-04,1607,Troy Hudson,28.0,29,505.46,35,70,0,7,218
2003-04,2211,Troy Murphy,24.0,28,612.4866666666667,173,20,17,12,279
2003-04,238,Tyrone Hill,36.0,5,37.29,8,0,1,0,9
2003-04,1731,Tyronn Lue,27.0,76,2336.0583333333334,187,317,5,61,799
2003-04,2199,Tyson Chandler,21.0,35,786.7116666666667,270,23,43,17,213
2003-04,2617,Udonis Haslem,24.0,75,1796.5316666666668,473,51,24,33,550
2003-04,452,Vin Baker,32.0,54,1321.2266666666667,280,66,32,29,531
2003-04,1713,Vince Carter,27.0,73,2786.52,349,348,65,88,1645
2003-04,958,Vitaly Potapenko,29.0,65,1422.4266666666667,289,53,28,22,459
2003-04,124,Vlade Divac,36.0,81,2313.24,463,432,77,57,800
2003-04,2209,Vladimir Radmanovic,23.0,77,2322.54,406,142,42,80,925
2003-04,1735,Vladimir Stepania,28.0,42,453.53333333333336,125,23,15,11,108
2003-04,702,Voshon Lenard,31.0,73,2244.425,200,151,12,61,1038
2003-04,1887,Wally Szczerbiak,27.0,28,623.6766666666666,88,33,1,12,285
2003-04,962,Walter McCarty,30.0,77,1898.575,239,124,22,72,605
2003-04,1917,Wang Zhi-zhi,26.0,16,114.29333333333334,18,2,5,3,47
2003-04,445,Wesley Person,33.0,58,1034.7716666666668,117,66,9,19,338
2003-04,2584,Willie Green,22.0,53,767.5016666666667,65,53,5,26,364
2003-04,2397,Yao Ming,23.0,82,2701.445,735,122,156,22,1431
2003-04,2216,Zach Randolph,22.0,81,3072.2383333333332,851,163,41,68,1626
2003-04,2560,Zarko Cabarkapa,23.0,49,574.5916666666667,99,40,13,10,203
2003-04,2585,Zaza Pachulia,20.0,59,658.9166666666666,174,13,12,21,194
2003-04,1442,Zeljko Rebraca,32.0,24,269.8383333333333,58,6,11,5,91
2003-04,1985,Zendon Hamilton,29.0,46,470.7366666666667,146,13,8,8,169
2003-04,2565,Zoran Planinic,21.0,49,466.74333333333334,55,68,3,13,153
2003-04,980,Zydrunas Ilgauskas,29.0,81,2543.173333333333,653,109,201,39,1237
2004-05,243,Aaron McKie,32.0,68,1126.0566666666666,172,103,17,48,152
2004-05,1425,Aaron Williams,33.0,42,311.5833333333333,60,8,8,5,73
2004-05,1502,Adonal Foyle,30.0,78,1700.9766666666667,429,56,159,26,352
2004-05,1559,Adrian Griffin,30.0,69,658.3666666666667,146,53,4,43,151
2004-05,1733,Al Harrington,25.0,66,2546.4483333333333,461,208,16,85,1158
2004-05,2744,Al Jefferson,20.0,71,1044.215,312,24,55,22,475
2004-05,673,Alan Henderson,32.0,78,1196.38,348,21,37,29,273
2004-05,1893,Aleksandar Radojevic,28.0,12,128.13166666666666,28,6,2,0,19
2004-05,2682,Alex Garcia,25.0,8,145.60666666666665,15,18,1,4,44
2004-05,275,Allan Houston,34.0,20,534.225,23,42,2,8,237
2004-05,947,Allen Iverson,30.0,75,3176.088333333333,299,596,9,180,2302
2004-05,297,Alonzo Mourning,35.0,37,703.6566666666666,198,18,74,8,282
2004-05,2405,Amar'e Stoudemire,22.0,80,2884.786666666667,713,131,130,77,2080
2004-05,2760,Anderson Varejao,22.0,54,868.7616666666667,257,27,38,41,266
2004-05,2857,Andre Barrett,23.0,38,476.95666666666665,40,69,1,19,118
2004-05,2765,Andre Emmett,22.0,8,25.94,2,0,0,0,7
2004-05,2738,Andre Iguodala,21.0,82,2680.8433333333332,464,246,48,138,741
2004-05,1889,Andre Miller,29.0,82,2849.3,338,569,8,121,1113
2004-05,1905,Andrei Kirilenko,24.0,41,1353.1466666666668,255,132,136,67,640
2004-05,2804,Andres Nocioni,25.0,81,1895.4983333333332,386,122,34,37,677
2004-05,692,Andrew DeClercq,32.0,8,50.62833333333333,10,0,0,2,9
2004-05,2740,Andris Biedrins,19.0,30,382.305,118,12,24,12,109
2004-05,358,Anfernee Hardaway,33.0,37,895.2883333333333,89,74,3,28,269
2004-05,1738,Ansu Sesay,28.0,16,127.885,38,12,3,2,49
2004-05,1712,Antawn Jamison,29.0,68,2608.795,519,154,16,55,1334
2004-05,1853,Anthony Carter,30.0,66,715.855,69,161,18,35,181
2004-05,924,Anthony Goldwire,33.0,33,530.34,59,78,0,15,172
2004-05,1533,Anthony Johnson,30.0,63,1756.1733333333334,179,302,15,59,532
2004-05,292,Anthony Miller,33.0,2,9.7,1,1,0,1,4
2004-05,324,Anthony Peeler,35.0,40,526.8783333333333,65,57,2,18,153
2004-05,952,Antoine Walker,28.0,77,2965.4366666666665,695,265,58,89,1473
2004-05,2766,Antonio Burks,25.0,24,217.41166666666666,12,28,1,13,73
2004-05,1498,Antonio Daniels,30.0,75,2025.9416666666666,169,309,3,51,843
2004-05,213,Antonio Davis,36.0,72,1842.7433333333333,428,80,41,27,501
2004-05,686,Antonio McDyess,30.0,77,1805.085,482,71,52,46,740
2004-05,1506,Austin Croshere,30.0,73,1826.325,375,98,17,48,647
2004-05,2852,Awvee Storey,28.0,9,27.058333333333334,5,1,0,0,8
2004-05,1884,Baron Davis,26.0,46,1581.7966666666666,175,362,14,81,885
2004-05,2732,Ben Gordon,22.0,82,2013.0933333333332,215,164,10,53,1235
2004-05,1052,Ben Handlogten,31.0,21,294.7083333333333,65,13,5,7,95
2004-05,1112,Ben Wallace,30.0,74,2673.775,902,123,176,106,721
2004-05,2757,Beno Udrih,22.0,80,1155.2,83,150,10,41,471
2004-05,2774,Bernard Robinson,24.0,31,328.9533333333333,48,30,4,11,93
2004-05,2873,Billy Thomas,29.0,25,350.36333333333334,36,17,1,14,92
2004-05,448,Bo Outlaw,34.0,39,214.69,53,13,12,6,29
2004-05,682,Bob Sura,32.0,61,1925.2916666666667,337,317,7,65,626
2004-05,1517,Bobby Jackson,32.0,25,540.2883333333333,85,59,2,14,301
2004-05,2250,Bobby Simmons,25.0,75,2810.57,446,205,16,106,1229
2004-05,1719,Bonzi Wells,28.0,69,1488.87,229,80,27,85,721
2004-05,2564,Boris Diaw,23.0,66,1194.0133333333333,170,149,18,37,314
2004-05,2411,Bostjan Nachbar,24.0,71,1339.7483333333332,182,74,16,29,494
2004-05,1802,Brad Miller,29.0,56,2092.5,521,220,68,69,876
2004-05,2688,Brandin Knight,23.0,1,2.783333333333333,0,1,0,0,0
2004-05,2599,Brandon Hunter,24.0,31,216.74166666666667,69,3,7,4,95
2004-05,2217,Brendan Haywood,25.0,68,1868.695,464,57,114,52,637
2004-05,699,Brent Barry,33.0,81,1736.195,190,178,20,39,601
2004-05,1510,Brevin Knight,29.0,66,1946.475,170,591,5,131,666
2004-05,2073,Brian Cardinal,28.0,58,1433.1366666666668,225,114,19,88,522
2004-05,2567,Brian Cook,24.0,72,1081.915,216,35,26,23,458
2004-05,258,Brian Grant,33.0,69,1142.665,257,34,23,23,263
2004-05,2243,Brian Scalabrine,27.0,54,1164.3816666666667,244,88,18,34,339
2004-05,1730,Brian Skinner,29.0,49,943.5166666666667,280,43,49,31,233
2004-05,2639,Britton Johnsen,25.0,6,83.705,10,4,0,1,12
2004-05,1477,Bruce Bowen,34.0,82,2622.51,285,126,39,55,675
2004-05,1743,Bruno Sundov,25.0,21,68.49333333333334,13,2,2,2,25
2004-05,935,Bryon Russell,34.0,70,1026.22,172,72,11,44,307
2004-05,384,Calbert Cheaney,33.0,55,945.5716666666667,124,64,15,17,250
2004-05,1916,Calvin Booth,29.0,51,453.7966666666667,107,8,28,15,124
2004-05,2306,Carlos Arroyo,25.0,70,1443.175,104,280,4,44,461
2004-05,2430,Carlos Boozer,23.0,51,1780.7533333333333,457,144,24,41,909
2004-05,2568,Carlos Delfino,22.0,30,462.335,55,38,6,22,116
2004-05,2546,Carmelo Anthony,21.0,75,2609.9366666666665,426,194,30,68,1558
2004-05,2406,Caron Butler,25.0,77,2742.161666666667,450,146,23,110,1195
2004-05,2418,Casey Jacobsen,24.0,84,1805.0983333333334,167,113,8,33,547
2004-05,369,Charlie Ward,34.0,14,359.5466666666667,39,43,0,15,75
2004-05,1497,Chauncey Billups,28.0,80,2873.86,271,464,9,81,1316
2004-05,2365,Chris Andersen,26.0,67,1423.8583333333333,410,71,100,14,513
2004-05,2547,Chris Bosh,21.0,81,3013.4183333333335,718,153,113,76,1361
2004-05,2768,Chris Duhon,22.0,82,2171.7633333333333,213,398,3,82,487
2004-05,2549,Chris Kaman,23.0,63,1634.945,423,73,68,26,572
2004-05,2036,Chris Mihm,25.0,75,1873.245,502,50,108,14,735
2004-05,185,Chris Webber,32.0,67,2373.0933333333332,612,318,53,94,1306
2004-05,2404,Chris Wilcox,22.0,54,1007.0633333333334,228,38,24,26,426
2004-05,363,Christian Laettner,35.0,49,738.6683333333333,131,41,15,32,260
2004-05,1088,Chucky Atkins,30.0,82,2911.81,197,358,2,73,1115
2004-05,221,Clar. Weatherspoon,34.0,40,523.4416666666667,122,17,6,9,123
2004-05,361,Clifford Robinson,38.0,71,1695.79,209,104,53,62,533
2004-05,1894,Corey Maggette,25.0,66,2446.5633333333335,394,225,8,70,1464
2004-05,722,Corliss Williamson,31.0,72,1534.4783333333332,259,78,15,38,741
2004-05,2451,Corsley Edwards,26.0,10,110.03333333333333,25,3,4,3,27
2004-05,724,Cory Alexander,32.0,16,197.65833333333333,29,37,1,9,49
2004-05,2414,Curtis Borchardt,24.0,67,856.25,224,49,32,10,200
2004-05,1749,Cuttino Mobley,29.0,66,2394.19,229,188,30,74,1134
2004-05,2788,DJ Mbenga,24.0,15,56.61,8,0,5,0,15
2004-05,2563,Dahntay Jones,24.0,52,643.685,69,21,11,13,233
2004-05,2402,Dajuan Wagner,22.0,11,101.83333333333333,2,13,0,5,44
2004-05,905,Dale Davis,36.0,61,1307.16,375,47,65,32,284
2004-05,2863,Damien Wilkins,25.0,29,516.2183333333334,66,26,10,22,183
2004-05,1800,Damon Jones,28.0,82,2577.7766666666666,231,351,5,44,955
2004-05,757,Damon Stoudamire,31.0,81,2769.2933333333335,310,458,2,86,1277
2004-05,2245,Damone Brown,26.0,14,150.935,28,14,6,1,54
2004-05,2424,Dan Dickau,26.0,71,2080.135,180,347,4,76,887
2004-05,2429,Dan Gadzuric,27.0,81,1778.1283333333333,674,30,106,47,593
2004-05,2091,Daniel Santiago,29.0,11,104.955,19,1,4,3,22
2004-05,1504,Danny Fortson,29.0,62,1046.5583333333334,348,8,7,15,463
2004-05,2032,Darius Miles,23.0,63,1694.1416666666667,299,129,78,75,809
2004-05,2443,Darius Songaila,27.0,81,1658.48,344,114,18,51,608
2004-05,2545,Darko Milicic,20.0,37,252.21333333333334,43,7,17,2,67
2004-05,353,Darrell Armstrong,37.0,66,986.8533333333334,115,178,8,45,264
2004-05,239,Darrick Martin,34.0,11,189.58333333333334,10,28,0,6,42
2004-05,1032,Darvin Ham,31.0,47,256.55,35,5,7,6,46
2004-05,2758,David Harrison,22.0,43,759.9083333333333,135,13,55,16,264
2004-05,133,David Wesley,34.0,80,2777.405,228,265,9,96,948
2004-05,2561,David West,24.0,30,548.9916666666667,129,23,16,12,186
2004-05,2205,DeSagana Diop,23.0,39,305.15833333333336,70,15,27,8,40
2004-05,2052,DeShawn Stevenson,24.0,55,1080.705,102,69,9,16,429
2004-05,2753,Delonte West,21.0,39,504.8233333333333,65,53,8,21,175
2004-05,2035,DerMarr Johnson,25.0,71,1223.4216666666666,151,75,18,43,503
2004-05,1507,Derek Anderson,30.0,47,1237.1416666666667,128,143,4,36,432
2004-05,965,Derek Fisher,30.0,74,2221.7,218,301,4,76,877
2004-05,934,Derrick Coleman,38.0,5,49.333333333333336,15,0,0,0,9
2004-05,2046,Desmond Mason,27.0,80,2885.1883333333335,312,217,27,58,1377
2004-05,1904,Devean George,27.0,15,308.2,53,14,2,8,110
2004-05,2484,Devin Brown,26.0,67,1232.2133333333334,176,92,12,39,494
2004-05,2734,Devin Harris,22.0,76,1176.67,102,169,19,77,436
2004-05,87,Dikembe Mutombo,39.0,80,1220.3616666666667,426,10,101,16,322
2004-05,1901,Dion Glover,26.0,7,66.04833333333333,11,4,3,3,25
2004-05,1717,Dirk Nowitzki,27.0,78,3028.193333333333,757,240,119,97,2032
2004-05,2051,Donnell Harvey,24.0,3,16.3,7,1,1,1,8
2004-05,2764,Donta Smith,21.0,38,433.50166666666667,52,39,5,23,127
2004-05,923,Donyell Marshall,32.0,65,1657.3816666666667,428,81,46,57,747
2004-05,2748,Dorell Wright,19.0,3,27.733333333333334,1,3,0,4,7
2004-05,57,Doug Christie,35.0,52,1520.355,177,199,18,80,345
2004-05,2400,Drew Gooden,23.0,82,2524.4866666666667,753,130,76,77,1184
2004-05,2730,Dwight Howard,19.0,82,2678.443333333333,823,75,136,77,981
2004-05,2548,Dwyane Wade,23.0,77,2977.568333333333,397,520,82,121,1854
2004-05,1863,Earl Boykins,29.0,82,2167.1,143,372,12,78,1015
2004-05,2248,Earl Watson,26.0,80,1814.3216666666667,164,359,19,83,615
2004-05,2109,Eddie Gill,26.0,73,1013.8466666666667,112,83,5,59,269
2004-05,2204,Eddie Griffin,23.0,70,1492.6683333333333,453,53,118,23,527
2004-05,2067,Eddie House,27.0,68,884.1416666666667,83,96,6,44,397
2004-05,224,Eddie Jones,33.0,80,2837.255,405,212,38,86,1018
2004-05,2201,Eddy Curry,22.0,63,1811.59,338,37,58,21,1012
2004-05,2059,Eduardo Najera,28.0,68,1182.61,243,65,24,41,354
2004-05,922,Elden Campbell,36.0,40,392.9583333333333,93,19,7,8,120
2004-05,1882,Elton Brand,26.0,81,3004.6883333333335,770,208,169,62,1622
2004-05,2731,Emeka Okafor,22.0,73,2599.63,795,64,125,62,1105
2004-05,15,Eric Piatkowski,34.0,68,839.175,79,51,1,29,324
2004-05,727,Eric Snow,32.0,81,1841.0716666666667,155,317,16,67,322
2004-05,677,Eric Williams,32.0,55,1324.8583333333333,172,92,4,38,424
2004-05,956,Erick Dampier,29.0,59,1605.845,501,51,80,15,542
2004-05,1065,Erick Strickland,31.0,62,1011.2616666666667,103,115,1,30,301
2004-05,2845,Erik Daniels,23.0,21,70.805,18,4,0,2,13
2004-05,911,Ervin Johnson,37.0,46,409.3,113,6,13,7,73
2004-05,2041,Etan Thomas,27.0,47,979.0733333333334,244,20,51,17,332
2004-05,2436,Flip Murray,25.0,49,879.1333333333333,98,65,11,30,345
2004-05,1922,Francisco Elson,29.0,67,939.935,201,34,41,34,248
2004-05,2421,Frank Williams,25.0,9,69.92,6,11,3,2,6
2004-05,697,Fred Hoiberg,32.0,76,1267.3283333333334,181,85,15,50,437
2004-05,2410,Fred Jones,26.0,77,2270.383333333333,242,196,31,61,813
2004-05,56,Gary Payton,36.0,77,2550.625,236,469,12,88,873
2004-05,2367,Geno Carlisle,28.0,6,15.406666666666666,1,1,0,0,8
2004-05,248,George Lynch,34.0,44,932.935,174,88,12,32,164
2004-05,2222,Gerald Wallace,22.0,70,2149.0833333333335,386,137,91,117,780
2004-05,2240,Gilbert Arenas,23.0,80,3278.891666666667,378,411,23,139,2038
2004-05,299,Glenn Robinson,32.0,9,157.98166666666665,24,8,3,4,90
2004-05,1921,Gordan Giricek,28.0,81,1652.6683333333333,182,137,11,46,715
2004-05,255,Grant Hill,32.0,67,2342.775,318,220,28,97,1317
2004-05,1761,Greg Buckner,28.0,70,1519.1566666666668,208,133,6,75,432
2004-05,731,Greg Ostertag,32.0,56,557.1383333333333,167,37,40,7,87
2004-05,2775,Ha Ha,19.0,19,100.16166666666666,18,2,5,1,26
2004-05,2045,Hedo Turkoglu,26.0,67,1766.475,233,153,18,41,937
2004-05,2798,Horace Jenkins,30.0,15,101.52,9,9,1,5,42
2004-05,458,Howard Eisley,32.0,74,1429.01,90,250,9,45,415
2004-05,2825,Ibrahim Kutluay,31.0,5,10.9,1,0,0,0,0
2004-05,1956,Ira Newble,30.0,74,1825.9466666666667,220,91,18,50,438
2004-05,2747,JR Smith,19.0,76,1863.5216666666668,152,142,11,55,782
2004-05,2074,Jabari Smith,28.0,45,646.7883333333333,111,38,14,25,166
2004-05,2866,Jackie Butler,20.0,3,4.388333333333334,0,0,0,1,10
2004-05,2761,Jackson Vroman,24.0,46,706.105,175,40,19,25,212
2004-05,1521,Jacque Vaughn,30.0,71,1400.02,107,135,1,41,373
2004-05,1751,Jahidi White,29.0,17,132.93833333333333,34,1,12,2,42
2004-05,2054,Jake Tsakalidis,26.0,31,280.945,56,10,16,3,78
2004-05,2063,Jake Voskuhl,27.0,38,362.2416666666667,92,17,11,4,80
2004-05,147,Jalen Rose,32.0,81,2714.1,276,209,10,63,1495
2004-05,2048,Jamaal Magloire,27.0,23,707.2,205,29,23,8,270
2004-05,2224,Jamaal Tinsley,27.0,40,1300.8216666666667,160,257,12,81,616
2004-05,2037,Jamal Crawford,25.0,70,2684.635,203,302,19,92,1241
2004-05,2441,Jamal Sampson,22.0,23,327.245,122,8,17,4,79
2004-05,2749,Jameer Nelson,23.0,79,1614.9766666666667,193,237,3,78,689
2004-05,2592,James Jones,24.0,75,1323.655,174,57,28,31,371
2004-05,1899,James Posey,28.0,50,1384.2133333333334,219,88,23,48,405
2004-05,2839,James Thomas,24.0,11,113.18166666666667,37,4,4,4,26
2004-05,2249,Jamison Brewer,24.0,18,179.99666666666667,22,12,1,8,31
2004-05,2457,Jannero Pargo,25.0,32,450.35833333333335,47,76,1,16,204
2004-05,2407,Jared Jeffries,23.0,77,2006.015,374,151,35,66,523
2004-05,2876,Jared Reiner,23.0,19,131.77666666666667,38,1,7,3,21
2004-05,2260,Jarron Collins,26.0,50,959.6666666666666,164,61,6,11,213
2004-05,2553,Jarvis Hayes,23.0,54,1562.715,227,90,9,49,553
2004-05,2044,Jason Collier,27.0,70,941.5116666666667,184,18,13,15,402
2004-05,2215,Jason Collins,26.0,80,2545.991666666667,488,105,71,71,511
2004-05,2078,Jason Hart,27.0,74,1888.125,203,367,14,99,706
2004-05,2574,Jason Kapono,24.0,81,1489.1233333333332,164,61,6,40,688
2004-05,467,Jason Kidd,32.0,66,2449.7166666666667,488,545,9,123,951
2004-05,2202,Jason Richardson,24.0,72,2719.94,424,281,32,105,1559
2004-05,1891,Jason Terry,27.0,80,2397.8983333333335,188,429,15,109,993
2004-05,1715,Jason Williams,29.0,71,1949.9516666666666,122,399,5,75,719
2004-05,1902,Jeff Foster,28.0,61,1603.34,550,43,12,46,426
2004-05,976,Jeff McInnis,30.0,76,2650.693333333333,157,391,1,56,975
2004-05,1741,Jelani McCoy,27.0,10,85.73,21,0,8,3,15
2004-05,1983,Jermaine Jackson,29.0,21,224.83666666666667,23,24,1,7,42
2004-05,979,Jermaine O'Neal,26.0,44,1539.54,388,82,88,25,1068
2004-05,1744,Jerome James,29.0,80,1324.8216666666667,241,19,111,23,395
2004-05,2040,Jerome Moiso,27.0,20,118.27,37,1,6,3,28
2004-05,966,Jerome Williams,32.0,79,1210.9466666666667,283,41,10,55,359
2004-05,711,Jerry Stackhouse,30.0,56,1620.25,183,127,10,53,833
2004-05,754,Jim Jackson,34.0,64,1995.7633333333333,269,183,5,35,672
2004-05,2412,Jiri Welsch,25.0,71,1320.6616666666666,167,103,5,44,461
2004-05,2207,Joe Johnson,24.0,82,3237.883333333333,422,291,24,79,1400
2004-05,693,Joe Smith,29.0,74,2270.8683333333333,541,67,38,43,813
2004-05,2038,Joel Przybilla,25.0,76,1857.93,588,74,163,24,488
2004-05,2823,John Edwards,23.0,25,133.39,19,3,4,3,29
2004-05,2422,John Salmons,25.0,58,985.3216666666667,121,114,13,40,236
2004-05,1519,John Thomas,29.0,44,520.1933333333334,97,17,13,15,111
2004-05,468,Jon Barry,35.0,69,1501.57,159,167,9,60,455
2004-05,1886,Jonathan Bender,24.0,7,92.225,14,4,2,1,36
2004-05,2735,Josh Childress,22.0,80,2371.7716666666665,482,151,35,74,807
2004-05,2668,Josh Davis,24.0,42,318.815,79,12,4,8,117
2004-05,2572,Josh Howard,25.0,76,2444.383333333333,484,109,49,116,958
2004-05,2746,Josh Smith,19.0,74,2049.9416666666666,457,127,144,59,715
2004-05,2413,Juan Dixon,26.0,63,1053.5133333333333,119,111,4,43,507
2004-05,1908,Jumaine Jones,26.0,76,1835.0466666666666,398,65,24,44,577
2004-05,2454,Junior Harrington,24.0,29,543.8133333333334,63,62,5,25,163
2004-05,2770,Justin Reed,23.0,23,114.775,16,10,1,3,41
2004-05,436,Juwan Howard,32.0,61,1621.4916666666666,346,94,5,32,585
2004-05,2079,Kaniel Dickens,26.0,11,54.5,9,1,1,2,13
2004-05,2416,Kareem Rush,24.0,48,965.23,89,68,7,20,402
2004-05,2208,Kedrick Brown,24.0,8,54.303333333333335,11,4,1,3,12
2004-05,2586,Keith Bogans,25.0,74,1795.5533333333333,226,135,8,68,714
2004-05,2693,Keith McLeod,25.0,53,1381.6366666666668,113,236,12,63,416
2004-05,1496,Keith Van Horn,29.0,62,1503.03,294,75,21,36,696
2004-05,1509,Kelvin Cato,30.0,62,1521.96,416,40,82,55,432
2004-05,383,Kendall Gill,37.0,14,283.53,37,27,4,14,85
2004-05,2570,Kendrick Perkins,20.0,60,540.8366666666667,176,21,37,9,149
2004-05,72,Kenny Anderson,34.0,43,743.6683333333333,88,103,0,33,203
2004-05,1903,Kenny Thomas,27.0,73,2171.0333333333333,535,152,17,67,908
2004-05,2030,Kenyon Martin,27.0,70,2278.9166666666665,511,170,78,100,1087
2004-05,954,Kerry Kittles,31.0,11,243.01666666666668,32,20,3,8,69
2004-05,708,Kevin Garnett,29.0,82,3120.785,1108,466,112,121,1817
2004-05,2755,Kevin Martin,22.0,45,458.13666666666666,58,22,3,16,131
2004-05,1563,Kevin Ollie,32.0,26,160.08666666666667,19,19,0,5,28
2004-05,788,Kevin Willis,42.0,29,345.8,76,9,7,8,87
2004-05,2039,Keyon Dooling,25.0,74,1184.4483333333333,90,132,11,39,382
2004-05,2550,Kirk Hinrich,24.0,77,2797.4666666666667,304,494,21,122,1206
2004-05,2632,Kirk Penney,24.0,4,12.1,1,1,0,0,2
2004-05,2745,Kirk Snyder,22.0,68,900.3616666666667,121,36,19,26,338
2004-05,977,Kobe Bryant,26.0,66,2689.536666666667,392,398,53,86,1819
2004-05,2743,Kris Humphries,20.0,67,869.0166666666667,197,43,18,25,278
2004-05,703,Kurt Thomas,32.0,80,2859.5466666666666,831,160,79,70,916
2004-05,2198,Kwame Brown,23.0,42,906.8566666666667,206,39,15,25,292
2004-05,2594,Kyle Korver,24.0,82,2666.721666666667,379,182,33,103,942
2004-05,1885,Lamar Odom,25.0,64,2316.35,653,238,65,42,975
2004-05,441,Lamond Murray,32.0,62,915.5983333333334,164,47,16,32,371
2004-05,1919,Laron Profit,27.0,42,419.9866666666667,76,37,5,16,136
2004-05,1716,Larry Hughes,26.0,61,2357.346666666667,382,285,18,176,1345
2004-05,84,Latrell Sprewell,34.0,80,2447.7,254,179,21,53,1021
2004-05,1444,Lawrence Funderburke,34.0,2,21.581666666666667,3,0,0,0,9
2004-05,2544,LeBron James,20.0,80,3383.9683333333332,588,577,52,177,2175
2004-05,2571,Leandro Barbosa,22.0,63,1084.8883333333333,130,126,7,30,442
2004-05,1924,Lee Nailon,30.0,68,2014.1266666666668,298,109,16,36,963
2004-05,283,Lindsey Hunter,34.0,76,1134.1283333333333,123,130,13,68,285
2004-05,2669,Linton Johnson,25.0,2,15.233333333333333,3,0,0,1,0
2004-05,2763,Lionel Chalmers,24.0,36,424.3616666666667,31,51,0,13,111
2004-05,2437,Lonny Baxter,26.0,4,36.0,8,0,0,0,6
2004-05,2254,Loren Woods,27.0,45,702.67,220,17,39,8,176
2004-05,953,Lorenzen Wright,29.0,80,2286.346666666667,613,87,69,58,771
2004-05,446,Lucious Harris,34.0,73,1127.31,121,49,6,27,313
2004-05,2784,Luis Flores,24.0,16,74.34166666666667,3,11,0,2,35
2004-05,2739,Luke Jackson,23.0,10,43.083333333333336,6,3,0,0,29
2004-05,2557,Luke Ridnour,24.0,82,2573.95,204,483,23,94,824
2004-05,2575,Luke Walton,25.0,61,762.13,142,93,11,26,198
2004-05,2736,Luol Deng,20.0,61,1661.07,322,135,27,48,711
2004-05,2573,Maciej Lampe,20.0,37,379.375,89,11,7,5,115
2004-05,2124,Malik Allen,27.0,36,515.8183333333334,99,18,22,9,194
2004-05,990,Malik Rose,30.0,76,1481.77,341,59,16,46,534
2004-05,2055,Mamadou N'diaye,30.0,11,72.925,18,1,5,1,20
2004-05,1938,Manu Ginobili,27.0,74,2201.0016666666666,329,288,27,119,1186
2004-05,1531,Marc Jackson,30.0,81,1970.065,406,81,18,32,969
2004-05,2556,Marcus Banks,23.0,81,1142.57,126,155,13,63,372
2004-05,948,Marcus Camby,31.0,66,2018.8433333333332,661,152,199,61,683
2004-05,2033,Marcus Fizer,26.0,54,903.8816666666667,175,64,13,25,336
2004-05,2409,Marcus Haislip,24.0,9,105.48166666666667,15,3,2,2,32
2004-05,2435,Mario Kasun,25.0,45,351.37666666666667,128,8,13,8,118
2004-05,1548,Mark Blount,29.0,82,2143.8866666666668,397,129,64,33,771
2004-05,2891,Mark Jones,30.0,10,115.14833333333333,13,6,2,5,23
2004-05,2058,Mark Madsen,29.0,41,602.2083333333334,128,18,14,7,88
2004-05,998,Mark Pope,32.0,9,24.983333333333334,8,1,2,1,4
2004-05,2060,Marko Jaric,26.0,50,1662.0166666666667,161,303,17,84,493
2004-05,2605,Marquis Daniels,24.0,60,1416.3333333333333,216,128,14,83,545
2004-05,2043,Mateen Cleaves,27.0,14,64.275,6,7,0,2,13
2004-05,2440,Matt Barnes,25.0,43,704.3633333333333,133,57,7,30,164
2004-05,2588,Matt Bonner,25.0,82,1545.0366666666666,285,48,19,39,589
2004-05,2679,Matt Carroll,24.0,25,433.165,60,17,2,17,224
2004-05,2782,Matt Freije,23.0,23,436.9683333333333,61,20,2,13,93
2004-05,1723,Matt Harpring,29.0,78,2585.005,480,142,16,70,1090
2004-05,2486,Maurice Baker,25.0,5,19.17,2,1,0,1,0
2004-05,2230,Maurice Evans,26.0,65,1225.215,201,45,8,37,416
2004-05,1508,Maurice Taylor,28.0,65,1342.6966666666667,257,67,20,27,472
2004-05,2246,Mehmet Okur,26.0,82,2303.88,616,166,68,32,1054
2004-05,2408,Melvin Ely,27.0,79,1655.3833333333334,326,76,69,32,576
2004-05,1897,Metta World Peace,25.0,7,290.095,45,22,6,12,172
2004-05,2214,Michael Bradley,26.0,18,115.32333333333334,28,5,2,1,33
2004-05,688,Michael Curry,36.0,18,252.225,27,15,4,5,30
2004-05,1720,Michael Doleac,28.0,80,1169.38,259,47,22,23,321
2004-05,714,Michael Finley,32.0,64,2365.565,262,169,18,48,1003
2004-05,1709,Michael Olowokandi,30.0,62,1217.6366666666668,324,29,56,15,368
2004-05,2072,Michael Redd,25.0,75,2852.1633333333334,312,172,8,63,1723
2004-05,1913,Michael Ruffin,28.0,79,1256.9933333333333,332,64,41,43,111
2004-05,1565,Michael Stewart,30.0,12,142.65,40,5,5,6,25
2004-05,2552,Michael Sweetney,22.0,77,1502.0933333333332,418,44,28,27,650
2004-05,2554,Mickael Pietrus,23.0,67,1336.2133333333334,189,82,18,46,636
2004-05,1710,Mike Bibby,27.0,80,3090.7116666666666,332,541,30,124,1571
2004-05,2399,Mike Dunleavy,24.0,79,2569.4083333333333,435,203,26,79,1057
2004-05,2229,Mike James,30.0,74,1857.8066666666666,208,263,6,65,871
2004-05,2034,Mike Miller,25.0,76,2281.0333333333333,300,220,23,54,1022
2004-05,2366,Mike Wilks,26.0,48,269.085,25,33,1,14,81
2004-05,1630,Mikki Moore,29.0,74,1172.6283333333333,246,47,32,19,396
2004-05,1960,Milt Palacio,27.0,80,1528.3283333333334,134,279,13,48,467
2004-05,2590,Mo Williams,22.0,80,2261.56,244,484,11,74,814
2004-05,983,Moochie Norris,31.0,38,356.24666666666667,46,39,2,18,90
2004-05,2050,Morris Peterson,27.0,82,2519.6716666666666,340,169,18,91,1029
2004-05,1737,Nazr Mohammed,27.0,77,1938.4433333333334,586,34,86,58,731
2004-05,2569,Ndudi Ebi,21.0,2,53.9,16,1,1,1,27
2004-05,2420,Nenad Krstic,21.0,75,1967.5666666666666,401,77,63,32,747
2004-05,2403,Nene,22.0,55,1315.3866666666668,325,84,48,50,528
2004-05,2555,Nick Collison,24.0,82,1397.3666666666666,375,32,50,34,461
2004-05,89,Nick Van Exel,33.0,53,1618.0583333333334,161,227,0,44,586
2004-05,2401,Nikoloz Tskitishvili,22.0,35,214.34333333333333,41,10,11,8,50
2004-05,1918,Obinna Ekezie,29.0,42,729.5533333333333,179,11,12,22,230
2004-05,2241,Omar Cook,23.0,5,73.32,7,22,1,6,23
2004-05,970,Othella Harrington,31.0,70,1278.0633333333333,292,56,18,24,561
2004-05,136,P.J. Brown,35.0,82,2825.455,737,178,50,74,886
2004-05,2776,Pape Sow,23.0,27,251.91666666666666,57,2,4,12,62
2004-05,1727,Pat Garrity,28.0,71,948.9983333333333,124,30,9,19,324
2004-05,2200,Pau Gasol,24.0,56,1783.255,410,135,93,37,997
2004-05,1718,Paul Pierce,27.0,82,2963.2833333333333,539,348,39,133,1769
2004-05,2321,Paul Shirley,27.0,9,29.566666666666666,2,3,0,0,12
2004-05,2750,Pavel Podkolzin,20.0,5,7.581666666666667,2,0,0,0,1
2004-05,978,Peja Stojakovic,28.0,66,2539.4133333333334,285,138,12,79,1329
2004-05,2762,Peter John Ramos,20.0,6,19.57,4,0,1,0,11
2004-05,1542,Predrag Drobnjak,29.0,71,1437.8783333333333,238,49,24,42,597
2004-05,2056,Primoz Brezec,25.0,72,2282.5416666666665,531,86,55,33,938
2004-05,2047,Quentin Richardson,25.0,79,2844.695,479,158,27,96,1176
2004-05,2624,Quinton Ross,24.0,78,1638.1833333333334,210,109,22,51,397
2004-05,2417,Qyntel Woods,24.0,3,39.343333333333334,6,0,0,4,10
2004-05,1711,Raef LaFrentz,29.0,80,2200.8733333333334,553,98,99,42,884
2004-05,2737,Rafael Araujo,24.0,59,735.595,185,16,8,21,196
2004-05,1747,Rafer Alston,28.0,80,2722.86,279,514,7,118,1136
2004-05,1952,Raja Bell,28.0,63,1796.6866666666667,201,91,8,44,772
2004-05,988,Randy Livingston,30.0,17,229.61166666666668,12,45,2,12,64
2004-05,1740,Rashard Lewis,25.0,71,2702.2683333333334,388,94,62,75,1457
2004-05,739,Rasheed Wallace,30.0,79,2696.3116666666665,644,142,115,65,1145
2004-05,1725,Rasho Nesterovic,29.0,70,1783.1066666666666,459,71,117,31,410
2004-05,2446,Rasual Butler,26.0,65,1198.8666666666666,151,62,29,18,420
2004-05,2221,Raul Lopez,25.0,31,516.6066666666667,39,123,3,22,161
2004-05,951,Ray Allen,29.0,78,3068.548333333333,347,289,5,84,1867
2004-05,2558,Reece Gaines,24.0,21,180.05333333333334,14,7,1,5,41
2004-05,2501,Reggie Evans,25.0,79,1878.985,736,58,15,58,387
2004-05,397,Reggie Miller,39.0,66,2111.6833333333334,156,146,5,50,974
2004-05,1888,Richard Hamilton,27.0,76,2936.595,295,372,13,77,1424
2004-05,2210,Richard Jefferson,25.0,33,1363.9033333333334,240,133,17,33,733
2004-05,2499,Richie Frahm,27.0,43,489.90833333333336,61,30,4,15,164
2004-05,1594,Rick Brunson,33.0,80,1935.6316666666667,187,410,7,82,437
2004-05,1729,Ricky Davis,25.0,82,2691.9416666666666,249,246,27,89,1309
2004-05,109,Robert Horry,34.0,75,1410.1716666666666,268,80,60,67,451
2004-05,2741,Robert Swift,19.0,16,69.68833333333333,5,2,7,1,15
2004-05,1714,Robert Traylor,28.0,74,1329.3366666666666,332,61,50,54,409
2004-05,393,Rod Strickland,38.0,16,197.53166666666667,27,39,2,3,28
2004-05,1934,Rodney Buford,27.0,64,1310.6133333333332,189,63,4,40,445
2004-05,915,Rodney Rogers,34.0,58,1366.825,246,86,20,41,444
2004-05,2206,Rodney White,25.0,58,677.6583333333333,89,44,11,32,293
2004-05,1500,Ron Mercer,29.0,18,390.11,40,20,2,16,137
2004-05,2648,Ronald Dupree,24.0,47,466.315,95,24,10,7,152
2004-05,2767,Royal Ivey,23.0,62,813.5316666666666,84,103,7,39,220
2004-05,1739,Ruben Patterson,29.0,70,1964.0116666666668,273,138,21,106,809
2004-05,1763,Ryan Bowen,29.0,66,580.8,76,18,5,23,111
2004-05,2415,Ryan Humphrey,25.0,35,317.26166666666666,87,6,1,10,102
2004-05,208,Sam Cassell,35.0,59,1524.1966666666667,157,301,14,36,799
2004-05,955,Samaki Walker,29.0,14,136.02166666666668,18,4,7,3,24
2004-05,2223,Samuel Dalembert,25.0,72,1790.815,542,35,121,46,589
2004-05,2562,Sasha Pavlovic,21.0,65,867.0,71,49,4,29,314
2004-05,2756,Sasha Vujacic,21.0,35,402.43666666666667,62,51,2,12,101
2004-05,1513,Scot Pollard,30.0,49,866.97,205,18,24,30,191
2004-05,1909,Scott Padgett,29.0,66,939.1516666666666,185,55,10,33,275
2004-05,281,Scott Williams,37.0,19,151.68333333333334,30,8,6,4,33
2004-05,1752,Sean Marks,29.0,23,241.61,56,8,11,3,76
2004-05,2742,Sebastian Telfair,20.0,68,1330.14,104,224,4,35,460
2004-05,1000,Shandon Anderson,31.0,66,1172.7916666666667,191,70,14,40,255
2004-05,2203,Shane Battier,26.0,80,2518.5516666666667,413,126,77,91,792
2004-05,406,Shaquille O'Neal,33.0,73,2497.43,760,200,171,36,1669
2004-05,949,Shareef Abdur-Rahim,28.0,54,1874.06,392,111,26,49,909
2004-05,2733,Shaun Livingston,19.0,30,820.0233333333333,89,151,11,32,222
2004-05,762,Shawn Bradley,33.0,77,881.6066666666667,214,15,63,25,211
2004-05,1890,Shawn Marion,27.0,81,3143.5516666666667,915,154,119,163,1569
2004-05,2098,Slava Medvedenko,26.0,43,421.01166666666666,79,13,2,9,165
2004-05,2470,Smush Parker,24.0,16,139.60666666666665,12,15,0,5,48
2004-05,2049,Speedy Claxton,27.0,62,1873.52,184,374,8,109,712
2004-05,278,Stacey Augmon,36.0,55,654.4483333333334,99,36,8,23,193
2004-05,1536,Stephen Jackson,27.0,51,1794.795,250,119,14,64,953
2004-05,950,Stephon Marbury,28.0,82,3294.5116666666668,248,668,6,122,1781
2004-05,2581,Steve Blake,25.0,44,647.8133333333334,71,69,0,13,191
2004-05,1883,Steve Francis,28.0,78,2974.8566666666666,450,547,28,112,1663
2004-05,959,Steve Nash,31.0,75,2568.6133333333332,249,861,6,74,1165
2004-05,2212,Steven Hunter,23.0,76,1050.6666666666667,227,13,102,4,348
2004-05,120,Steven Smith,36.0,50,745.0766666666667,65,71,7,14,314
2004-05,2031,Stromile Swift,25.0,60,1280.0766666666666,273,43,92,41,604
2004-05,2447,Tamar Slay,25.0,8,77.35,14,3,0,5,28
2004-05,2419,Tayshaun Prince,25.0,82,3043.4683333333332,435,247,71,56,1206
2004-05,689,Theo Ratliff,32.0,63,1723.905,331,34,158,23,304
2004-05,2604,Theron Smith,24.0,33,507.4483333333333,116,28,4,6,105
2004-05,2357,Tierre Brown,26.0,76,1057.8916666666667,93,155,1,32,333
2004-05,1495,Tim Duncan,29.0,66,2205.3783333333336,732,179,174,45,1342
2004-05,1501,Tim Thomas,28.0,71,1940.6583333333333,237,110,17,41,851
2004-05,339,Tom Gugliotta,35.0,47,963.085,191,68,17,41,239
2004-05,389,Toni Kukoc,36.0,53,1100.2566666666667,160,160,13,39,296
2004-05,2754,Tony Allen,23.0,77,1254.4733333333334,221,64,24,76,492
2004-05,1499,Tony Battie,29.0,81,1909.5066666666667,452,42,81,30,394
2004-05,2800,Tony Bobbitt,25.0,2,11.933333333333334,3,0,0,0,5
2004-05,960,Tony Delk,31.0,56,1348.215,130,104,3,47,667
2004-05,763,Tony Massenburg,37.0,61,691.765,163,14,20,18,196
2004-05,2225,Tony Parker,23.0,80,2735.79,298,490,4,98,1331
2004-05,1765,Torraye Braggs,29.0,7,22.276666666666667,12,0,0,0,6
2004-05,1503,Tracy McGrady,26.0,78,3191.008333333333,484,448,52,135,2003
2004-05,696,Travis Best,32.0,76,1457.1183333333333,107,143,9,66,514
2004-05,2566,Travis Outlaw,20.0,59,792.7466666666667,121,35,40,30,319
2004-05,1762,Tremaine Fowlkes,29.0,8,51.343333333333334,8,0,0,2,19
2004-05,2239,Trenton Hassell,26.0,82,2071.8216666666667,219,128,30,30,541
2004-05,2772,Trevor Ariza,20.0,80,1380.6316666666667,242,85,18,70,468
2004-05,1607,Troy Hudson,29.0,79,1744.6516666666666,105,283,6,27,691
2004-05,2211,Troy Murphy,25.0,70,2381.3716666666664,756,97,33,53,1076
2004-05,1731,Tyronn Lue,28.0,70,2008.88,149,322,0,33,787
2004-05,2199,Tyson Chandler,22.0,80,2187.5333333333333,775,65,141,69,640
2004-05,2617,Udonis Haslem,25.0,80,2677.5516666666667,726,108,41,63,870
2004-05,2751,Viktor Khryapa,22.0,32,529.0633333333334,108,25,18,20,135
2004-05,452,Vin Baker,33.0,27,203.40666666666667,39,10,4,2,35
2004-05,1713,Vince Carter,28.0,77,2838.2083333333335,401,327,48,109,1886
2004-05,958,Vitaly Potapenko,30.0,33,335.4633333333333,78,9,3,7,117
2004-05,124,Vlade Divac,37.0,15,130.92166666666665,32,19,1,4,34
2004-05,2209,Vladimir Radmanovic,24.0,63,1860.8816666666667,290,86,31,57,743
2004-05,702,Voshon Lenard,32.0,3,56.5,6,6,0,1,29
2004-05,1887,Wally Szczerbiak,28.0,81,2566.755,303,191,16,40,1253
2004-05,962,Walter McCarty,31.0,72,900.42,138,37,15,25,260
2004-05,1917,Wang Zhi-zhi,27.0,20,90.72333333333333,18,5,2,3,43
2004-05,445,Wesley Person,34.0,41,670.835,83,39,4,19,264
2004-05,2584,Willie Green,23.0,57,1067.42,133,100,6,34,437
2004-05,2397,Yao Ming,24.0,80,2459.3333333333335,669,61,160,34,1465
2004-05,2657,Yuta Tabuse,24.0,4,17.283333333333335,4,3,0,0,7
2004-05,2216,Zach Randolph,23.0,46,1607.2483333333332,442,86,17,34,871
2004-05,2560,Zarko Cabarkapa,24.0,40,475.5133333333333,102,25,5,10,238
2004-05,2585,Zaza Pachulia,21.0,74,1395.9633333333334,378,60,34,44,458
2004-05,1442,Zeljko Rebraca,33.0,58,928.3333333333334,184,26,40,13,339
2004-05,1985,Zendon Hamilton,30.0,16,160.91666666666666,42,6,2,5,51
2004-05,2565,Zoran Planinic,22.0,43,510.5783333333333,69,44,0,25,217
2004-05,980,Zydrunas Ilgauskas,30.0,78,2615.3783333333336,672,100,165,53,1320
2005-06,243,Aaron McKie,33.0,14,121.48833333333333,20,11,0,5,7
2005-06,101223,Aaron Miles,23.0,19,118.12333333333333,14,24,1,4,16
2005-06,1425,Aaron Williams,34.0,48,790.77,181,17,21,17,222
2005-06,1502,Adonal Foyle,31.0,77,1823.6116666666667,424,33,125,44,345
2005-06,1559,Adrian Griffin,31.0,52,1245.3766666666668,227,89,9,51,237
2005-06,1733,Al Harrington,26.0,76,2781.5933333333332,523,238,14,85,1411
2005-06,2744,Al Jefferson,21.0,59,1062.4166666666667,299,30,46,30,464
2005-06,101187,Alan Anderson,23.0,36,563.6,70,32,4,11,207
2005-06,673,Alan Henderson,33.0,51,530.7216666666667,137,10,12,9,127
2005-06,101165,Alex Acker,23.0,5,35.10666666666667,5,4,0,1,9
2005-06,2637,Alex Scales,27.0,1,0.15333333333333332,0,0,0,0,0
2005-06,947,Allen Iverson,31.0,72,3103.1883333333335,232,532,10,140,2377
2005-06,297,Alonzo Mourning,36.0,65,1302.0033333333333,359,11,173,13,509
2005-06,1541,Alvin Williams,31.0,1,9.75,3,0,0,0,1
2005-06,2405,Amar'e Stoudemire,23.0,3,50.45,16,2,3,1,26
2005-06,101161,Amir Johnson,19.0,3,38.766666666666666,4,3,2,0,20
2005-06,2760,Anderson Varejao,23.0,48,760.0116666666667,235,19,19,31,219
2005-06,101154,Andray Blatche,19.0,29,175.48166666666665,38,10,7,5,65
2005-06,2857,Andre Barrett,24.0,19,282.22333333333336,25,52,0,10,87
2005-06,2738,Andre Iguodala,22.0,82,3085.7616666666668,481,255,21,135,1007
2005-06,1889,Andre Miller,30.0,82,2937.17,351,674,18,106,1126
2005-06,101261,Andre Owens,25.0,23,210.04166666666666,21,8,0,5,69
2005-06,1905,Andrei Kirilenko,25.0,69,2604.1566666666668,552,299,220,102,1054
2005-06,2804,Andres Nocioni,26.0,82,2239.08,500,117,52,40,1063
2005-06,101106,Andrew Bogut,21.0,82,2348.13,573,192,68,49,768
2005-06,101115,Andrew Bynum,18.0,46,338.32166666666666,80,9,22,4,74
2005-06,2740,Andris Biedrins,20.0,68,1000.325,283,24,47,23,258
2005-06,358,Anfernee Hardaway,34.0,4,71.73666666666666,10,8,0,2,10
2005-06,1712,Antawn Jamison,30.0,82,3288.3116666666665,765,158,12,90,1684
2005-06,1853,Anthony Carter,31.0,45,589.0016666666667,62,101,9,24,150
2005-06,924,Anthony Goldwire,34.0,3,21.906666666666666,1,2,0,0,2
2005-06,101219,Anthony Grundy,27.0,12,108.00666666666666,17,9,0,7,52
2005-06,1533,Anthony Johnson,31.0,75,1980.645,168,324,22,63,691
2005-06,101194,Anthony Roberson,23.0,16,88.31166666666667,6,5,0,1,35
2005-06,952,Antoine Walker,29.0,82,2198.741666666667,421,166,30,47,1000
2005-06,101120,Antoine Wright,22.0,39,370.1666666666667,30,12,3,4,70
2005-06,2766,Antonio Burks,26.0,57,570.1916666666667,37,76,0,20,113
2005-06,1498,Antonio Daniels,31.0,80,2283.1833333333334,172,284,8,52,767
2005-06,213,Antonio Davis,37.0,44,940.1233333333333,208,21,10,23,216
2005-06,686,Antonio McDyess,31.0,82,1733.1466666666668,436,90,48,46,638
2005-06,101178,Arvydas Macijauskas,26.0,19,134.51666666666668,10,5,0,7,44
2005-06,1506,Austin Croshere,31.0,50,1148.0133333333333,265,62,7,22,408
2005-06,2852,Awvee Storey,29.0,25,116.31666666666666,22,4,1,3,43
2005-06,1884,Baron Davis,27.0,54,1971.2483333333332,236,480,14,89,967
2005-06,2732,Ben Gordon,23.0,80,2482.1066666666666,219,240,5,75,1350
2005-06,1112,Ben Wallace,31.0,82,2889.641666666667,923,158,181,146,597
2005-06,2757,Beno Udrih,23.0,55,586.3333333333334,52,92,2,14,275
2005-06,2774,Bernard Robinson,25.0,66,1303.0233333333333,219,77,10,81,422
2005-06,2873,Billy Thomas,30.0,17,131.08333333333334,14,9,1,10,38
2005-06,448,Bo Outlaw,35.0,32,354.98333333333335,77,14,12,10,75
2005-06,1517,Bobby Jackson,33.0,71,1775.4416666666666,223,195,1,61,808
2005-06,2250,Bobby Simmons,26.0,75,2537.483333333333,333,172,21,86,1002
2005-06,101238,Boniface Ndong,28.0,23,151.53833333333333,37,7,5,2,50
2005-06,1719,Bonzi Wells,29.0,52,1684.3383333333334,401,144,25,94,707
2005-06,2564,Boris Diaw,24.0,81,2873.92,558,503,85,58,1080
2005-06,2411,Bostjan Nachbar,25.0,36,501.77166666666665,60,27,5,16,157
2005-06,101152,Bracey Wright,21.0,7,135.10333333333332,18,5,0,1,62
2005-06,1802,Brad Miller,30.0,79,2923.3566666666666,615,374,62,61,1182
2005-06,101138,Brandon Bass,21.0,29,268.4033333333333,68,3,7,3,68
2005-06,2217,Brendan Haywood,26.0,79,1878.6116666666667,467,46,104,30,575
2005-06,699,Brent Barry,34.0,74,1258.5866666666666,159,123,27,39,431
2005-06,1510,Brevin Knight,30.0,69,2351.065,223,610,4,157,871
2005-06,2073,Brian Cardinal,29.0,36,401.57,55,33,0,23,124
2005-06,2567,Brian Cook,25.0,81,1535.18,274,74,32,37,642
2005-06,258,Brian Grant,34.0,21,248.22666666666666,57,7,3,5,61
2005-06,2243,Brian Scalabrine,28.0,71,937.83,114,51,19,21,205
2005-06,1730,Brian Skinner,30.0,65,943.7233333333334,228,30,43,25,191
2005-06,1477,Bruce Bowen,35.0,82,2755.2,320,126,30,79,619
2005-06,935,Bryon Russell,35.0,1,2.566666666666667,1,1,0,0,0
2005-06,101139,CJ Miles,19.0,23,202.83833333333334,38,16,2,7,79
2005-06,384,Calbert Cheaney,34.0,42,448.35333333333335,61,19,2,13,92
2005-06,1916,Calvin Booth,30.0,33,249.77333333333334,52,12,9,9,46
2005-06,2306,Carlos Arroyo,26.0,77,1194.185,130,232,4,38,449
2005-06,2430,Carlos Boozer,24.0,33,1025.2366666666667,285,88,8,30,537
2005-06,2568,Carlos Delfino,23.0,68,725.6683333333333,113,44,15,21,247
2005-06,2546,Carmelo Anthony,22.0,80,2940.846666666667,394,216,42,88,2122
2005-06,2406,Caron Butler,26.0,75,2707.8866666666668,466,186,18,127,1318
2005-06,101112,Channing Frye,23.0,65,1572.355,374,53,47,30,802
2005-06,1520,Charles Smith,30.0,22,209.96166666666667,16,9,6,5,80
2005-06,2294,Charlie Bell,27.0,59,1282.5033333333333,120,130,5,59,494
2005-06,101111,Charlie Villanueva,21.0,81,2361.0066666666667,521,88,63,60,1053
2005-06,1497,Chauncey Billups,29.0,81,2924.556666666667,252,699,8,71,1495
2005-06,2365,Chris Andersen,27.0,32,569.8066666666666,155,6,41,8,161
2005-06,2547,Chris Bosh,22.0,70,2750.995,647,181,79,50,1572
2005-06,2768,Chris Duhon,23.0,74,2154.4816666666666,220,373,3,70,647
2005-06,2549,Chris Kaman,24.0,78,2560.451666666667,750,79,108,45,932
2005-06,2036,Chris Mihm,26.0,59,1541.4066666666668,373,61,73,16,604
2005-06,101108,Chris Paul,21.0,78,2808.475,400,611,6,175,1258
2005-06,101147,Chris Taft,21.0,17,143.91166666666666,36,2,6,2,47
2005-06,185,Chris Webber,33.0,75,2892.471666666667,741,256,62,103,1518
2005-06,2404,Chris Wilcox,23.0,77,1529.83,410,52,34,33,626
2005-06,101236,Chuck Hayes,23.0,40,535.1883333333334,179,14,14,26,147
2005-06,1088,Chucky Atkins,31.0,71,1712.9816666666666,120,198,2,43,678
2005-06,361,Clifford Robinson,39.0,80,1862.5133333333333,267,89,40,44,550
2005-06,1894,Corey Maggette,26.0,32,943.0316666666666,169,66,4,19,570
2005-06,722,Corliss Williamson,32.0,37,362.31666666666666,67,14,4,7,126
2005-06,1749,Cuttino Mobley,30.0,79,2979.1,341,238,36,93,1170
2005-06,2788,DJ Mbenga,25.0,43,237.11666666666667,56,2,25,6,74
2005-06,2563,Dahntay Jones,25.0,71,967.025,104,39,15,38,281
2005-06,905,Dale Davis,37.0,28,177.745,53,6,9,0,26
2005-06,2863,Damien Wilkins,26.0,82,1525.3966666666668,192,107,12,72,536
2005-06,1800,Damon Jones,29.0,82,2088.5583333333334,133,169,1,37,552
2005-06,757,Damon Stoudamire,32.0,27,861.6833333333333,95,128,1,19,317
2005-06,2424,Dan Dickau,27.0,19,234.04666666666665,16,40,1,11,62
2005-06,2429,Dan Gadzuric,28.0,74,885.0083333333333,232,24,43,25,383
2005-06,101137,Daniel Ewing,23.0,66,971.1533333333333,85,84,6,37,252
2005-06,1504,Danny Fortson,30.0,23,275.51166666666666,78,2,2,4,87
2005-06,101122,Danny Granger,23.0,78,1765.335,384,90,62,58,587
2005-06,2032,Darius Miles,24.0,40,1285.545,182,73,39,42,559
2005-06,2443,Darius Songaila,28.0,62,1328.745,246,88,16,35,568
2005-06,2545,Darko Milicic,21.0,55,766.6666666666666,151,41,77,14,266
2005-06,353,Darrell Armstrong,38.0,62,622.105,81,86,3,27,130
2005-06,239,Darrick Martin,35.0,40,338.97,20,57,0,17,102
2005-06,2758,David Harrison,23.0,67,1033.9433333333334,254,14,59,23,385
2005-06,101135,David Lee,23.0,67,1128.5233333333333,302,43,20,30,345
2005-06,133,David Wesley,35.0,71,2371.693333333333,178,204,6,59,702
2005-06,2561,David West,25.0,74,2526.0066666666667,548,92,64,61,1262
2005-06,2205,DeSagana Diop,24.0,81,1510.185,374,23,146,44,190
2005-06,2052,DeShawn Stevenson,25.0,82,2648.115,241,160,17,58,900
2005-06,2753,Delonte West,22.0,71,2417.6383333333333,289,329,46,84,836
2005-06,101184,Deng Gai,24.0,2,4.7683333333333335,0,0,0,0,0
2005-06,2035,DerMarr Johnson,26.0,58,923.9166666666666,96,55,26,25,354
2005-06,1507,Derek Anderson,31.0,43,1046.8133333333333,143,101,6,23,349
2005-06,965,Derek Fisher,31.0,82,2589.431666666667,211,352,8,125,1089
2005-06,101114,Deron Williams,22.0,80,2306.633333333333,194,359,17,60,864
2005-06,2583,Derrick Zimmerman,24.0,2,31.883333333333333,4,7,0,0,4
2005-06,2046,Desmond Mason,28.0,70,2102.3433333333332,298,66,17,42,757
2005-06,1904,Devean George,28.0,71,1542.3416666666667,274,68,34,66,448
2005-06,2484,Devin Brown,27.0,81,1711.2316666666666,207,104,14,44,611
2005-06,101209,Devin Green,23.0,27,134.61333333333334,24,7,0,3,25
2005-06,2734,Devin Harris,23.0,56,1274.465,125,177,16,53,554
2005-06,101159,Dijon Thompson,23.0,10,42.526666666666664,11,1,1,3,28
2005-06,87,Dikembe Mutombo,40.0,64,954.87,306,4,57,17,169
2005-06,1717,Dirk Nowitzki,28.0,81,3088.9783333333335,728,226,83,58,2151
2005-06,101182,Donell Taylor,23.0,51,465.23,53,45,4,30,140
2005-06,2764,Donta Smith,22.0,23,127.20166666666667,14,9,0,8,38
2005-06,923,Donyell Marshall,33.0,81,2077.3116666666665,492,60,41,59,750
2005-06,2748,Dorell Wright,20.0,20,132.365,32,8,1,3,58
2005-06,57,Doug Christie,36.0,7,185.19666666666666,13,14,1,9,26
2005-06,2400,Drew Gooden,24.0,79,2173.931666666667,665,56,49,52,845
2005-06,101204,Dwayne Jones,23.0,14,86.51333333333334,31,2,3,1,14
2005-06,2730,Dwight Howard,20.0,82,3020.61,1022,125,115,65,1292
2005-06,2548,Dwyane Wade,24.0,75,2892.383333333333,430,503,58,146,2040
2005-06,2853,Earl Barron,24.0,8,44.873333333333335,10,0,0,0,13
2005-06,1863,Earl Boykins,30.0,60,1542.445,81,230,4,48,756
2005-06,2248,Earl Watson,27.0,70,1577.66,158,289,10,68,623
2005-06,101188,Eddie Basden,23.0,19,141.20833333333334,28,8,2,9,39
2005-06,2109,Eddie Gill,27.0,41,122.18333333333334,15,12,1,11,45
2005-06,2204,Eddie Griffin,24.0,70,1359.3366666666666,389,40,148,13,320
2005-06,2067,Eddie House,28.0,81,1421.125,132,148,12,42,796
2005-06,224,Eddie Jones,34.0,75,2436.61,279,177,27,131,885
2005-06,2201,Eddy Curry,23.0,72,1865.9333333333334,432,19,56,28,979
2005-06,2059,Eduardo Najera,29.0,64,1449.4416666666666,325,52,34,53,347
2005-06,1882,Elton Brand,27.0,79,3098.805,790,208,201,81,1953
2005-06,2731,Emeka Okafor,23.0,26,874.1383333333333,261,31,50,22,344
2005-06,15,Eric Piatkowski,35.0,29,228.23,23,13,1,6,59
2005-06,727,Eric Snow,33.0,82,2351.338333333333,198,346,19,76,391
2005-06,677,Eric Williams,33.0,28,351.74833333333333,50,15,2,7,91
2005-06,956,Erick Dampier,30.0,82,1934.0583333333334,640,51,106,27,469
2005-06,911,Ervin Johnson,38.0,18,80.865,24,2,2,1,15
2005-06,101212,Esteban Batista,22.0,57,494.88166666666666,144,7,11,15,101
2005-06,2041,Etan Thomas,28.0,71,1121.2066666666667,279,14,68,20,337
2005-06,101177,Fabricio Oberto,31.0,59,489.86333333333334,123,27,11,9,103
2005-06,2436,Flip Murray,26.0,76,2111.7833333333333,153,197,11,68,851
2005-06,1922,Francisco Elson,30.0,72,1579.2983333333334,339,47,45,54,352
2005-06,101128,Francisco Garcia,24.0,67,1301.22,185,94,47,41,377
2005-06,2410,Fred Jones,27.0,68,1836.54,170,154,20,55,651
2005-06,56,Gary Payton,37.0,81,2304.8716666666664,233,257,10,71,626
2005-06,2809,Gerald Fitch,23.0,18,239.45166666666665,30,33,5,7,84
2005-06,101123,Gerald Green,20.0,32,373.68,41,18,4,13,167
2005-06,2222,Gerald Wallace,23.0,55,1895.0333333333333,412,96,115,138,836
2005-06,2240,Gilbert Arenas,24.0,80,3384.255,280,484,25,161,2346
2005-06,1921,Gordan Giricek,29.0,37,956.17,70,63,4,16,393
2005-06,255,Grant Hill,33.0,21,612.685,80,48,6,24,318
2005-06,1761,Greg Buckner,29.0,73,1758.1716666666666,209,127,20,87,491
2005-06,731,Greg Ostertag,33.0,60,807.0433333333333,225,58,66,6,146
2005-06,2775,Ha Ha,20.0,27,211.73666666666668,49,1,8,3,44
2005-06,101124,Hakim Warrick,23.0,68,724.015,144,30,21,14,278
2005-06,2045,Hedo Turkoglu,27.0,78,2615.2916666666665,333,216,21,70,1165
2005-06,458,Howard Eisley,33.0,32,394.365,33,69,2,11,101
2005-06,101113,Ike Diogu,22.0,69,1031.4083333333333,229,29,30,15,486
2005-06,2137,Ime Udoka,28.0,8,114.27,17,6,0,1,22
2005-06,1956,Ira Newble,31.0,36,353.34,56,9,10,5,48
2005-06,2747,JR Smith,20.0,55,989.1316666666667,110,58,4,37,423
2005-06,2866,Jackie Butler,21.0,55,739.66,183,25,31,17,292
2005-06,2761,Jackson Vroman,25.0,41,405.6433333333333,86,11,11,12,73
2005-06,1521,Jacque Vaughn,31.0,80,1234.3116666666667,91,123,1,42,274
2005-06,2054,Jake Tsakalidis,27.0,51,732.4,212,13,32,14,257
2005-06,2063,Jake Voskuhl,28.0,51,817.7266666666667,183,39,23,26,270
2005-06,147,Jalen Rose,33.0,72,1982.2616666666668,211,181,13,30,887
2005-06,2048,Jamaal Magloire,28.0,82,2464.4566666666665,778,56,80,29,752
2005-06,2224,Jamaal Tinsley,28.0,42,1121.9633333333334,133,211,6,49,390
2005-06,2037,Jamal Crawford,26.0,79,2555.4483333333333,248,301,15,87,1128
2005-06,2441,Jamal Sampson,23.0,12,38.516666666666666,18,5,4,0,10
2005-06,2749,Jameer Nelson,24.0,62,1784.0166666666667,180,302,9,70,905
2005-06,2592,James Jones,25.0,75,1771.65,253,57,49,38,699
2005-06,1899,James Posey,29.0,67,1913.71,319,89,20,54,483
2005-06,101189,James Singleton,24.0,59,753.1883333333334,197,29,21,19,203
2005-06,2839,James Thomas,25.0,22,150.215,39,1,3,0,28
2005-06,2457,Jannero Pargo,26.0,57,645.73,61,94,2,24,274
2005-06,2407,Jared Jeffries,24.0,77,1950.8516666666667,379,148,50,58,489
2005-06,101127,Jarrett Jack,22.0,79,1598.8116666666667,160,219,2,41,526
2005-06,2260,Jarron Collins,27.0,79,1729.4516666666666,333,97,27,36,415
2005-06,2553,Jarvis Hayes,24.0,21,515.8333333333334,76,27,1,16,196
2005-06,2215,Jason Collins,27.0,71,1894.86,342,70,40,46,255
2005-06,2078,Jason Hart,28.0,66,817.8083333333333,71,70,5,31,218
2005-06,2574,Jason Kapono,25.0,51,665.0633333333334,71,37,3,7,207
2005-06,467,Jason Kidd,33.0,80,2975.3966666666665,580,672,29,150,1065
2005-06,101131,Jason Maxiell,23.0,26,158.76666666666668,28,3,5,4,60
2005-06,2202,Jason Richardson,25.0,75,2876.7933333333335,438,232,37,97,1741
2005-06,1891,Jason Terry,28.0,80,2797.965,158,306,27,100,1371
2005-06,1715,Jason Williams,30.0,59,1873.8033333333333,139,287,5,53,728
2005-06,1902,Jeff Foster,29.0,63,1580.8416666666667,574,50,27,41,372
2005-06,976,Jeff McInnis,31.0,28,486.025,50,52,2,11,149
2005-06,1983,Jermaine Jackson,30.0,30,202.07333333333332,27,25,1,4,35
2005-06,979,Jermaine O'Neal,27.0,51,1802.3933333333334,476,133,117,27,1024
2005-06,1744,Jerome James,30.0,45,405.9483333333333,91,12,23,3,137
2005-06,711,Jerry Stackhouse,31.0,55,1525.1833333333334,153,160,10,37,715
2005-06,754,Jim Jackson,35.0,40,512.145,76,35,6,12,121
2005-06,2412,Jiri Welsch,26.0,58,865.8583333333333,111,62,1,34,251
2005-06,2207,Joe Johnson,25.0,82,3339.66,335,536,31,103,1653
2005-06,693,Joe Smith,30.0,44,886.91,230,31,13,24,379
2005-06,2038,Joel Przybilla,26.0,56,1395.335,391,43,130,20,344
2005-06,101121,Joey Graham,24.0,80,1580.6016666666667,244,60,13,37,533
2005-06,101130,Johan Petro,20.0,68,1282.2733333333333,296,15,51,25,353
2005-06,2823,John Edwards,24.0,40,295.99333333333334,48,5,15,3,70
2005-06,101249,John Lucas III,23.0,13,106.64166666666667,5,12,0,5,30
2005-06,2422,John Salmons,26.0,82,2059.366666666667,220,223,13,73,619
2005-06,1519,John Thomas,30.0,16,127.45,20,2,2,3,15
2005-06,468,Jon Barry,36.0,20,342.24666666666667,31,26,1,13,86
2005-06,1886,Jonathan Bender,25.0,2,20.683333333333334,4,2,1,0,10
2005-06,101181,Jose Calderon,24.0,64,1486.7416666666666,141,288,4,42,349
2005-06,2735,Josh Childress,23.0,74,2248.8333333333335,387,131,39,86,742
2005-06,2668,Josh Davis,25.0,6,16.89666666666667,4,1,0,2,6
2005-06,2572,Josh Howard,26.0,59,1915.19,371,111,26,68,923
2005-06,2694,Josh Powell,23.0,37,429.0283333333333,81,9,4,7,110
2005-06,2746,Josh Smith,20.0,80,2558.5633333333335,531,191,208,64,902
2005-06,2413,Juan Dixon,27.0,76,1920.2733333333333,177,149,6,58,935
2005-06,101125,Julius Hodge,22.0,14,33.016666666666666,7,6,0,2,13
2005-06,1908,Jumaine Jones,27.0,76,2088.43,376,63,22,68,799
2005-06,2770,Justin Reed,24.0,72,996.515,124,41,15,23,325
2005-06,436,Juwan Howard,33.0,80,2537.145,535,112,8,49,942
2005-06,2416,Kareem Rush,25.0,47,1111.2716666666668,103,50,13,38,474
2005-06,2586,Keith Bogans,26.0,72,1912.415,255,128,9,71,622
2005-06,2693,Keith McLeod,26.0,66,1232.0583333333334,78,151,9,42,370
2005-06,1496,Keith Van Horn,30.0,53,1089.4683333333332,192,37,11,31,472
2005-06,1509,Kelvin Cato,31.0,27,333.2033333333333,70,4,12,6,98
2005-06,2570,Kendrick Perkins,21.0,68,1332.27,404,69,105,21,354
2005-06,1903,Kenny Thomas,28.0,82,2292.89,618,168,39,72,748
2005-06,2030,Kenyon Martin,28.0,56,1545.9383333333333,353,79,52,43,720
2005-06,101207,Kevin Burleson,27.0,39,340.18333333333334,26,48,2,26,70
2005-06,708,Kevin Garnett,30.0,76,2957.3966666666665,966,308,107,104,1656
2005-06,2755,Kevin Martin,23.0,72,1912.825,261,97,9,55,778
2005-06,1563,Kevin Ollie,33.0,70,1069.27,98,101,3,33,192
2005-06,2039,Keyon Dooling,26.0,50,1136.9866666666667,78,109,4,49,470
2005-06,2550,Kirk Hinrich,25.0,81,2954.6866666666665,288,514,21,94,1284
2005-06,2745,Kirk Snyder,23.0,68,1309.725,161,102,23,29,542
2005-06,977,Kobe Bryant,27.0,80,3277.1,425,360,30,147,2832
2005-06,2743,Kris Humphries,21.0,62,619.3766666666667,157,30,16,23,188
2005-06,703,Kurt Thomas,33.0,53,1411.115,415,57,54,23,455
2005-06,2198,Kwame Brown,24.0,72,1978.285,473,72,46,27,536
2005-06,2594,Kyle Korver,25.0,82,2562.8333333333335,270,163,26,65,939
2005-06,1885,Lamar Odom,26.0,80,3220.7883333333334,738,443,64,75,1186
2005-06,441,Lamond Murray,33.0,57,575.5416666666666,132,13,7,17,196
2005-06,1919,Laron Profit,28.0,25,278.75666666666666,43,15,5,11,104
2005-06,1716,Larry Hughes,27.0,36,1281.1483333333333,161,131,21,53,558
2005-06,101160,Lawrence Roberts,23.0,33,180.75833333333333,49,5,2,8,51
2005-06,2544,LeBron James,21.0,79,3360.616666666667,556,521,66,123,2478
2005-06,2571,Leandro Barbosa,23.0,57,1592.2616666666668,150,158,6,48,744
2005-06,1924,Lee Nailon,31.0,22,237.22833333333332,42,7,4,8,93
2005-06,101132,Linas Kleiza,21.0,61,518.9433333333334,116,15,13,10,213
2005-06,283,Lindsey Hunter,35.0,30,353.245,40,62,1,19,87
2005-06,2669,Linton Johnson,26.0,36,524.4933333333333,122,14,12,12,153
2005-06,2437,Lonny Baxter,27.0,41,400.54333333333335,117,4,8,11,118
2005-06,2254,Loren Woods,28.0,27,324.02666666666664,110,4,23,9,62
2005-06,953,Lorenzen Wright,30.0,78,1688.795,395,48,46,52,454
2005-06,101150,Lou Williams,19.0,30,144.70333333333335,19,10,0,5,56
2005-06,2739,Luke Jackson,24.0,36,315.3233333333333,40,25,2,11,96
2005-06,2557,Luke Ridnour,25.0,79,2625.0066666666667,235,550,22,123,910
2005-06,101195,Luke Schenscher,24.0,20,148.58333333333334,29,7,3,1,36
2005-06,2575,Luke Walton,26.0,69,1332.6633333333334,247,156,15,41,345
2005-06,2736,Luol Deng,21.0,78,2603.6233333333334,516,147,50,72,1112
2005-06,101129,Luther Head,23.0,80,2309.971666666667,266,215,9,89,707
2005-06,2573,Maciej Lampe,21.0,6,27.65,9,2,0,0,4
2005-06,2124,Malik Allen,28.0,54,701.4716666666667,140,20,16,14,266
2005-06,990,Malik Rose,31.0,72,1117.9266666666667,259,67,14,43,318
2005-06,1938,Manu Ginobili,28.0,65,1812.965,230,235,26,101,981
2005-06,1531,Marc Jackson,31.0,64,1027.1,217,44,8,13,415
2005-06,2556,Marcus Banks,24.0,58,1496.0283333333334,135,220,11,54,578
2005-06,948,Marcus Camby,32.0,56,1856.9983333333332,668,115,184,79,716
2005-06,2033,Marcus Fizer,27.0,3,38.983333333333334,7,1,0,0,20
2005-06,2435,Mario Kasun,26.0,28,212.70666666666668,60,3,3,2,80
2005-06,1548,Mark Blount,30.0,81,2239.556666666667,365,99,76,40,914
2005-06,2058,Mark Madsen,30.0,62,676.3666666666667,141,11,17,23,74
2005-06,2060,Marko Jaric,27.0,75,2101.6383333333333,233,293,21,108,587
2005-06,2605,Marquis Daniels,25.0,62,1766.3166666666666,224,172,13,67,634
2005-06,101110,Martell Webster,19.0,61,1070.0,130,34,14,21,404
2005-06,101149,Martynas Andriuskevicius,20.0,6,9.366666666666667,4,0,0,2,0
2005-06,101107,Marvin Williams,20.0,79,1952.2616666666668,383,63,24,48,672
2005-06,2043,Mateen Cleaves,28.0,27,230.475,14,42,2,3,73
2005-06,2440,Matt Barnes,26.0,56,630.8166666666667,121,28,7,20,175
2005-06,2588,Matt Bonner,26.0,78,1709.515,284,56,31,49,583
2005-06,2679,Matt Carroll,25.0,78,1275.3833333333334,157,35,11,47,594
2005-06,1723,Matt Harpring,30.0,71,1943.8033333333333,368,98,14,59,885
2005-06,101190,Matt Walsh,23.0,2,3.3833333333333333,0,0,0,0,2
2005-06,2230,Maurice Evans,27.0,80,1138.7483333333332,163,60,15,41,403
2005-06,1508,Maurice Taylor,29.0,67,1209.4983333333332,229,53,14,21,422
2005-06,2246,Mehmet Okur,27.0,82,2944.4933333333333,746,194,73,40,1472
2005-06,2408,Melvin Ely,28.0,57,1348.05,277,76,44,29,560
2005-06,2684,Melvin Sanders,25.0,16,112.93,23,3,0,5,41
2005-06,1897,Metta World Peace,26.0,56,2206.9566666666665,286,203,41,122,984
2005-06,2214,Michael Bradley,27.0,46,367.43666666666667,107,17,7,5,67
2005-06,1720,Michael Doleac,29.0,31,371.1383333333333,85,8,7,10,98
2005-06,714,Michael Finley,33.0,77,2037.9183333333333,247,116,7,37,780
2005-06,1709,Michael Olowokandi,31.0,48,918.3133333333334,220,23,33,22,238
2005-06,2072,Michael Redd,26.0,80,3129.8866666666668,342,229,5,95,2028
2005-06,1913,Michael Ruffin,29.0,76,1010.0783333333334,271,27,31,33,105
2005-06,2552,Michael Sweetney,23.0,66,1222.3966666666668,350,59,56,19,533
2005-06,2554,Mickael Pietrus,24.0,52,1179.3633333333332,163,44,10,33,481
2005-06,1710,Mike Bibby,28.0,82,3166.766666666667,240,444,10,82,1728
2005-06,2399,Mike Dunleavy,25.0,81,2577.53,399,237,32,60,932
2005-06,2229,Mike James,31.0,79,2924.57,262,460,3,72,1604
2005-06,2034,Mike Miller,26.0,74,2267.5833333333335,397,200,27,52,1014
2005-06,2366,Mike Wilks,27.0,47,347.4483333333333,39,32,1,14,86
2005-06,1630,Mikki Moore,30.0,47,583.1016666666667,130,27,15,7,154
2005-06,1960,Milt Palacio,28.0,71,1375.635,134,190,14,47,441
2005-06,2590,Mo Williams,23.0,58,1531.205,143,230,7,52,703
2005-06,101145,Monta Ellis,20.0,49,885.965,105,78,11,32,334
2005-06,983,Moochie Norris,32.0,45,423.6333333333333,54,50,1,20,125
2005-06,2050,Morris Peterson,28.0,82,3140.2733333333335,381,190,15,104,1374
2005-06,101126,Nate Robinson,22.0,72,1543.6516666666666,167,147,1,59,670
2005-06,1737,Nazr Mohammed,28.0,80,1389.1183333333333,418,40,49,21,493
2005-06,2420,Nenad Krstic,22.0,80,2469.335,513,88,63,32,1080
2005-06,2403,Nene,23.0,1,2.55,0,0,0,0,0
2005-06,2555,Nick Collison,25.0,66,1448.045,368,74,35,21,493
2005-06,89,Nick Van Exel,34.0,65,986.0233333333333,91,123,3,16,355
2005-06,2401,Nikoloz Tskitishvili,23.0,17,99.025,22,3,2,1,36
2005-06,101230,Noel Felix,24.0,12,81.61333333333333,13,2,3,2,18
2005-06,101158,Orien Greene,24.0,80,1234.59,145,129,10,77,254
2005-06,970,Othella Harrington,32.0,72,823.8333333333334,154,39,13,7,346
2005-06,136,P.J. Brown,36.0,75,2380.201666666667,547,90,50,46,677
2005-06,2776,Pape Sow,24.0,42,589.7133333333334,146,8,19,21,147
2005-06,2469,Pat Burke,32.0,42,346.0466666666667,73,16,13,6,141
2005-06,1727,Pat Garrity,29.0,57,937.6733333333333,108,38,9,12,282
2005-06,2200,Pau Gasol,25.0,80,3135.11,713,371,153,46,1628
2005-06,1718,Paul Pierce,28.0,79,3084.465,530,375,34,107,2116
2005-06,2750,Pavel Podkolzin,21.0,1,18.066666666666666,7,0,1,0,3
2005-06,978,Peja Stojakovic,29.0,71,2601.255,415,136,10,45,1290
2005-06,2056,Primoz Brezec,26.0,79,2165.403333333333,440,45,32,19,982
2005-06,2047,Quentin Richardson,26.0,55,1442.18,230,88,6,39,451
2005-06,2624,Quinton Ross,25.0,67,1515.1183333333333,170,79,16,51,317
2005-06,2417,Qyntel Woods,25.0,49,1012.4666666666667,190,47,13,32,329
2005-06,1711,Raef LaFrentz,30.0,82,2032.5616666666667,406,115,72,29,639
2005-06,2737,Rafael Araujo,25.0,52,600.8033333333333,144,15,6,24,121
2005-06,1747,Rafer Alston,29.0,63,2431.2,255,425,15,101,761
2005-06,1952,Raja Bell,29.0,79,2958.8933333333334,253,207,22,76,1162
2005-06,2450,Randy Holcomb,26.0,4,10.52,1,0,0,0,2
2005-06,988,Randy Livingston,31.0,5,22.256666666666668,4,1,0,1,0
2005-06,101119,Rashad McCants,21.0,79,1362.2433333333333,143,63,22,44,627
2005-06,1740,Rashard Lewis,26.0,78,2875.7766666666666,390,182,50,102,1568
2005-06,739,Rasheed Wallace,31.0,80,2779.56,547,182,130,82,1209
2005-06,1725,Rasho Nesterovic,30.0,80,1515.0883333333334,309,33,88,21,362
2005-06,2446,Rasual Butler,27.0,79,1874.5966666666666,232,40,45,33,685
2005-06,101185,Rawle Marshall,24.0,23,241.3,31,10,7,8,71
2005-06,951,Ray Allen,30.0,78,3022.2233333333334,332,286,16,105,1955
2005-06,101109,Raymond Felton,22.0,80,2405.7083333333335,265,446,8,102,948
2005-06,2558,Reece Gaines,25.0,12,53.846666666666664,0,3,0,1,13
2005-06,2501,Reggie Evans,26.0,67,1392.925,502,38,10,40,377
2005-06,1888,Richard Hamilton,28.0,80,2824.785,256,275,16,52,1609
2005-06,2210,Richard Jefferson,26.0,78,3058.82,534,297,17,59,1521
2005-06,2499,Richie Frahm,28.0,33,342.47,33,21,2,4,108
2005-06,1594,Rick Brunson,34.0,27,246.93,22,35,1,8,54
2005-06,1729,Ricky Davis,26.0,78,3206.8816666666667,351,394,17,91,1516
2005-06,109,Robert Horry,35.0,63,1181.7466666666667,242,79,51,43,321
2005-06,2741,Robert Swift,20.0,47,986.5516666666666,264,8,56,15,301
2005-06,101156,Robert Whaley,24.0,23,211.83,43,17,8,7,49
2005-06,2648,Ronald Dupree,25.0,36,265.32166666666666,49,14,0,12,80
2005-06,101179,Ronnie Price,23.0,29,149.95833333333334,15,11,0,6,60
2005-06,101142,Ronny Turiaf,23.0,23,161.23,37,8,10,3,45
2005-06,2767,Royal Ivey,24.0,73,977.6283333333333,96,74,7,24,260
2005-06,1739,Ruben Patterson,30.0,71,1792.4683333333332,244,127,21,76,858
2005-06,1763,Ryan Bowen,30.0,68,652.0083333333333,88,24,6,21,88
2005-06,101155,Ryan Gomes,23.0,61,1376.235,298,58,5,35,461
2005-06,101136,Salim Stoudamire,23.0,61,1236.0583333333334,116,75,3,27,589
2005-06,208,Sam Cassell,36.0,78,2652.76,287,491,11,74,1345
2005-06,955,Samaki Walker,30.0,7,21.89,3,0,1,0,2
2005-06,2223,Samuel Dalembert,26.0,66,1760.73,541,25,160,34,485
2005-06,101180,Sarunas Jasikevicius,30.0,75,1557.2833333333333,153,227,4,40,547
2005-06,2562,Sasha Pavlovic,22.0,53,812.7516666666667,80,25,6,19,241
2005-06,2756,Sasha Vujacic,22.0,82,1448.615,159,139,3,48,321
2005-06,1513,Scot Pollard,31.0,45,771.3883333333333,218,24,20,37,169
2005-06,1909,Scott Padgett,30.0,62,718.32,165,41,12,28,211
2005-06,1752,Sean Marks,30.0,25,180.625,43,7,7,5,81
2005-06,101118,Sean May,22.0,23,398.4316666666667,109,22,12,17,189
2005-06,2742,Sebastian Telfair,21.0,68,1641.1666666666667,120,247,6,66,643
2005-06,2752,Sergei Monia,23.0,26,343.06333333333333,52,19,5,7,77
2005-06,1000,Shandon Anderson,32.0,48,638.1883333333334,81,30,6,17,126
2005-06,2203,Shane Battier,27.0,81,2839.391666666667,429,136,114,92,818
2005-06,406,Shaquille O'Neal,34.0,59,1805.7283333333332,541,113,104,23,1181
2005-06,949,Shareef Abdur-Rahim,29.0,72,1961.3566666666666,357,149,42,48,887
2005-06,101213,Sharrod Ford,24.0,3,13.033333333333333,3,0,1,0,4
2005-06,2733,Shaun Livingston,20.0,61,1525.3566666666666,183,273,32,46,352
2005-06,101183,Shavlik Randolph,22.0,57,486.9166666666667,133,19,12,19,131
2005-06,1890,Shawn Marion,28.0,81,3263.225,959,143,137,160,1769
2005-06,2098,Slava Medvedenko,27.0,2,6.233333333333333,0,1,0,0,2
2005-06,2470,Smush Parker,25.0,82,2773.4733333333334,271,302,16,140,941
2005-06,2049,Speedy Claxton,28.0,71,2018.8816666666667,193,339,6,108,871
2005-06,278,Stacey Augmon,37.0,36,385.2783333333333,53,23,6,12,71
2005-06,101211,Stephen Graham,24.0,22,174.795,27,7,2,5,58
2005-06,1536,Stephen Jackson,28.0,81,2909.7833333333333,312,225,43,104,1329
2005-06,950,Stephon Marbury,29.0,60,2193.4166666666665,175,382,4,63,977
2005-06,2581,Steve Blake,26.0,68,1781.2183333333332,146,306,5,42,560
2005-06,1883,Steve Francis,29.0,70,2393.345,290,345,17,74,1005
2005-06,959,Steve Nash,32.0,79,2795.8866666666668,333,826,12,61,1489
2005-06,2212,Steven Hunter,24.0,69,1312.2966666666666,271,17,76,12,421
2005-06,2031,Stromile Swift,26.0,66,1344.0716666666667,291,25,50,38,586
2005-06,2551,T.J. Ford,23.0,72,2557.36,311,473,7,104,878
2005-06,2419,Tayshaun Prince,26.0,82,2898.12,346,186,39,62,1156
2005-06,2242,Terence Morris,27.0,22,191.9,38,4,5,6,35
2005-06,689,Theo Ratliff,33.0,55,1301.3083333333334,279,28,88,18,270
2005-06,1495,Tim Duncan,30.0,80,2783.758333333333,881,253,162,70,1485
2005-06,1501,Tim Thomas,29.0,29,665.2233333333334,131,20,7,16,300
2005-06,389,Toni Kukoc,37.0,65,1017.7666666666667,150,139,17,33,317
2005-06,2754,Tony Allen,24.0,51,978.0516666666666,111,67,18,51,369
2005-06,1499,Tony Battie,30.0,82,2215.008333333333,457,49,69,46,649
2005-06,960,Tony Delk,32.0,24,384.93333333333334,53,33,1,13,182
2005-06,2225,Tony Parker,24.0,80,2714.69,261,460,4,83,1510
2005-06,1503,Tracy McGrady,27.0,47,1744.9866666666667,307,225,41,59,1147
2005-06,101143,Travis Diener,24.0,23,245.965,21,16,0,7,88
2005-06,2566,Travis Outlaw,21.0,69,1153.275,189,34,46,31,400
2005-06,2239,Trenton Hassell,27.0,77,2514.2116666666666,216,203,29,43,710
2005-06,2772,Trevor Ariza,20.0,57,999.2666666666667,218,61,11,57,264
2005-06,1607,Troy Hudson,30.0,36,799.5966666666667,44,106,4,12,342
2005-06,2211,Troy Murphy,26.0,74,2516.181666666667,743,101,26,47,1035
2005-06,1731,Tyronn Lue,29.0,51,1233.7916666666667,82,157,3,26,560
2005-06,2199,Tyson Chandler,23.0,79,2120.74,714,81,104,41,417
2005-06,2617,Udonis Haslem,26.0,81,2490.445,634,95,17,50,757
2005-06,2751,Viktor Khryapa,23.0,69,1492.165,307,88,29,50,403
2005-06,452,Vin Baker,34.0,8,85.00333333333333,19,4,4,4,27
2005-06,1713,Vince Carter,29.0,79,2905.825,462,338,53,94,1911
2005-06,958,Vitaly Potapenko,31.0,33,352.72,64,9,2,2,84
2005-06,2209,Vladimir Radmanovic,25.0,77,1973.995,358,136,29,61,755
2005-06,101144,Von Wafer,20.0,16,72.75833333333334,8,4,0,3,20
2005-06,702,Voshon Lenard,33.0,26,457.72333333333336,47,41,4,21,191
2005-06,1887,Wally Szczerbiak,29.0,72,2728.855,313,213,19,40,1366
2005-06,962,Walter McCarty,32.0,36,353.1983333333333,68,23,5,8,88
2005-06,101134,Wayne Simien,23.0,43,414.27666666666664,88,7,1,13,146
2005-06,101198,Will Bynum,23.0,15,162.31833333333333,12,19,0,7,54
2005-06,2584,Willie Green,24.0,10,152.66333333333333,15,5,0,2,70
2005-06,2397,Yao Ming,25.0,57,1948.96,581,85,94,30,1271
2005-06,101117,Yaroslav Korolev,19.0,24,126.99666666666667,13,9,0,3,27
2005-06,2216,Zach Randolph,24.0,74,2545.068333333333,592,144,14,57,1333
2005-06,2560,Zarko Cabarkapa,25.0,61,505.435,111,20,7,13,199
2005-06,2585,Zaza Pachulia,22.0,78,2451.955,613,129,39,89,911
2005-06,1442,Zeljko Rebraca,34.0,29,412.40833333333336,64,9,19,5,135
2005-06,1985,Zendon Hamilton,31.0,12,48.45333333333333,11,0,0,4,26
2005-06,2565,Zoran Planinic,23.0,56,595.5583333333333,74,53,4,20,191
2005-06,980,Zydrunas Ilgauskas,31.0,78,2283.1466666666665,591,91,136,38,1217
2006-07,243,Aaron McKie,34.0,10,131.02333333333334,18,13,0,4,22
2006-07,1425,Aaron Williams,35.0,38,374.155,85,7,14,7,76
2006-07,200747,Adam Morrison,22.0,78,2325.83,230,163,6,28,917
2006-07,1502,Adonal Foyle,32.0,48,475.0133333333333,126,19,50,11,107
2006-07,1559,Adrian Griffin,32.0,54,584.7516666666667,109,59,4,32,137
2006-07,1733,Al Harrington,27.0,78,2562.6566666666668,496,149,24,65,1285
2006-07,2744,Al Jefferson,22.0,69,2319.0133333333333,756,88,106,48,1107
2006-07,101187,Alan Anderson,24.0,17,255.62166666666667,32,21,0,7,98
2006-07,673,Alan Henderson,34.0,38,417.68833333333333,107,10,12,9,119
2006-07,200792,Alexander Johnson,24.0,59,752.6716666666666,181,17,35,25,260
2006-07,200810,Allan Ray,23.0,47,709.6083333333333,69,43,3,20,290
2006-07,947,Allen Iverson,32.0,65,2761.2716666666665,193,468,13,123,1709
2006-07,297,Alonzo Mourning,37.0,77,1571.6366666666668,350,18,178,13,661
2006-07,1541,Alvin Williams,32.0,2,9.633333333333333,1,3,0,2,2
2006-07,2405,Amar'e Stoudemire,24.0,82,2689.005,786,84,110,78,1671
2006-07,101161,Amir Johnson,20.0,8,124.2,37,3,13,5,47
2006-07,2760,Anderson Varejao,24.0,81,1932.345,545,75,52,76,547
2006-07,101154,Andray Blatche,20.0,56,682.15,191,39,32,17,206
2006-07,2857,Andre Barrett,25.0,6,28.525,5,7,0,0,8
2006-07,2810,Andre Brown,26.0,38,270.92333333333335,74,2,4,6,93
2006-07,2738,Andre Iguodala,23.0,76,3061.5616666666665,434,432,33,152,1386
2006-07,1889,Andre Miller,31.0,80,2965.87,352,625,10,110,1075
2006-07,200745,Andrea Bargnani,21.0,65,1629.45,255,50,53,32,751
2006-07,2601,Andreas Glyniadakis,25.0,13,80.55833333333334,8,1,0,0,17
2006-07,1905,Andrei Kirilenko,26.0,70,2048.8783333333336,329,202,144,74,584
2006-07,2804,Andres Nocioni,27.0,53,1405.825,301,57,24,27,749
2006-07,101106,Andrew Bogut,22.0,66,2258.03,584,198,35,49,809
2006-07,101115,Andrew Bynum,19.0,82,1793.4216666666666,484,94,128,12,637
2006-07,2740,Andris Biedrins,21.0,82,2382.1,762,88,136,67,783
2006-07,1712,Antawn Jamison,31.0,70,2661.53,562,136,36,80,1388
2006-07,1853,Anthony Carter,32.0,2,37.20666666666666,3,11,1,0,6
2006-07,1533,Anthony Johnson,32.0,67,1300.3616666666667,101,201,3,33,355
2006-07,1515,Anthony Parker,32.0,73,2437.1283333333336,283,153,11,73,903
2006-07,101194,Anthony Roberson,24.0,20,226.59333333333333,21,10,0,12,111
2006-07,952,Antoine Walker,30.0,78,1817.7633333333333,339,130,17,48,660
2006-07,101120,Antoine Wright,23.0,63,1137.355,175,55,10,30,283
2006-07,1498,Antonio Daniels,32.0,80,1761.0233333333333,151,290,9,39,571
2006-07,686,Antonio McDyess,32.0,82,1729.1816666666666,496,72,65,61,664
2006-07,1506,Austin Croshere,32.0,61,727.4616666666667,186,44,6,14,227
2006-07,1884,Baron Davis,28.0,63,2220.92,276,509,29,135,1264
2006-07,2732,Ben Gordon,24.0,82,2703.7883333333334,258,296,17,64,1753
2006-07,1112,Ben Wallace,32.0,77,2696.6483333333335,821,186,156,111,494
2006-07,2757,Beno Udrih,24.0,73,948.0883333333334,82,122,1,27,340
2006-07,2774,Bernard Robinson,26.0,31,278.2416666666667,48,19,2,17,61
2006-07,448,Bo Outlaw,36.0,41,459.8833333333333,106,16,6,17,81
2006-07,1517,Bobby Jackson,34.0,56,1329.5966666666666,178,141,6,50,592
2006-07,200784,Bobby Jones,23.0,44,335.48833333333334,57,16,1,11,110
2006-07,1719,Bonzi Wells,30.0,28,590.0966666666667,120,31,13,24,217
2006-07,2564,Boris Diaw,25.0,73,2267.5183333333334,317,352,38,28,709
2006-07,2411,Bostjan Nachbar,26.0,76,1531.6466666666668,253,61,26,30,696
2006-07,101152,Bracey Wright,22.0,19,190.13833333333332,21,15,1,9,67
2006-07,1802,Brad Miller,31.0,63,1783.3,401,224,39,38,568
2006-07,101138,Brandon Bass,22.0,21,161.505,43,3,3,2,42
2006-07,200750,Brandon Roy,22.0,57,2014.5066666666667,250,230,10,67,955
2006-07,2217,Brendan Haywood,27.0,77,1739.9,477,47,88,34,511
2006-07,699,Brent Barry,35.0,75,1631.0833333333333,160,138,12,56,635
2006-07,1510,Brevin Knight,31.0,45,1272.79,115,296,3,67,408
2006-07,2073,Brian Cardinal,30.0,28,312.7583333333333,59,31,1,22,127
2006-07,2567,Brian Cook,26.0,65,1018.37,215,65,27,25,450
2006-07,2243,Brian Scalabrine,29.0,54,1026.6233333333332,105,59,18,23,216
2006-07,1730,Brian Skinner,31.0,67,1522.605,385,58,64,18,294
2006-07,1477,Bruce Bowen,36.0,82,2464.141666666667,223,117,25,62,510
2006-07,101139,CJ Miles,20.0,37,372.4716666666667,35,25,4,11,101
2006-07,1916,Calvin Booth,31.0,44,379.57666666666665,81,18,29,4,69
2006-07,2306,Carlos Arroyo,27.0,72,1303.8583333333333,134,202,2,39,552
2006-07,2430,Carlos Boozer,25.0,74,2556.741666666667,867,221,21,70,1549
2006-07,2568,Carlos Delfino,24.0,82,1371.7283333333332,266,88,8,46,428
2006-07,2546,Carmelo Anthony,23.0,65,2485.548333333333,391,249,23,77,1881
2006-07,2406,Caron Butler,27.0,63,2474.315,467,233,17,134,1203
2006-07,200841,Cedric Bozeman,24.0,23,198.98666666666668,23,9,2,5,26
2006-07,200759,Cedric Simmons,21.0,43,533.9433333333334,107,12,23,8,126
2006-07,101112,Channing Frye,24.0,72,1896.1716666666666,395,67,42,36,684
2006-07,2294,Charlie Bell,28.0,82,2847.931666666667,238,247,4,97,1110
2006-07,101111,Charlie Villanueva,22.0,39,984.3083333333333,228,36,12,24,462
2006-07,1497,Chauncey Billups,30.0,70,2533.4683333333332,237,502,17,84,1191
2006-07,2547,Chris Bosh,23.0,69,2657.6866666666665,741,175,90,39,1561
2006-07,2768,Chris Duhon,24.0,78,1905.66,169,310,6,69,558
2006-07,2549,Chris Kaman,25.0,75,2175.8083333333334,588,79,116,41,754
2006-07,200840,Chris McCray,23.0,5,11.786666666666667,0,0,0,0,0
2006-07,101108,Chris Paul,22.0,64,2352.735,280,569,3,118,1104
2006-07,200809,Chris Quinn,23.0,42,407.90833333333336,30,65,0,15,141
2006-07,185,Chris Webber,34.0,61,1820.6316666666667,437,188,41,60,684
2006-07,2404,Chris Wilcox,24.0,82,2585.82,629,82,38,70,1106
2006-07,101236,Chuck Hayes,24.0,78,1713.785,521,47,18,70,439
2006-07,1088,Chucky Atkins,32.0,75,2063.9383333333335,139,346,4,50,988
2006-07,361,Clifford Robinson,40.0,50,955.2866666666666,122,51,23,12,203
2006-07,1894,Corey Maggette,27.0,75,2290.8016666666667,442,208,14,65,1266
2006-07,722,Corliss Williamson,33.0,68,1337.2566666666667,221,39,15,29,620
2006-07,200783,Craig Smith,23.0,82,1536.565,415,49,18,51,608
2006-07,1749,Cuttino Mobley,31.0,78,2841.0216666666665,267,198,24,92,1077
2006-07,2788,DJ Mbenga,26.0,21,78.585,11,6,5,3,17
2006-07,2563,Dahntay Jones,26.0,78,1670.5666666666666,153,68,22,39,583
2006-07,2402,Dajuan Wagner,24.0,1,6.783333333333333,0,1,0,0,4
2006-07,905,Dale Davis,38.0,46,464.0966666666667,137,12,34,10,83
2006-07,2863,Damien Wilkins,27.0,82,2037.155,229,156,16,92,724
2006-07,200806,Damir Markota,21.0,30,170.39,31,6,1,3,51
2006-07,1800,Damon Jones,30.0,60,1172.8216666666667,66,94,2,16,393
2006-07,757,Damon Stoudamire,33.0,62,1501.4216666666666,139,299,2,47,467
2006-07,2424,Dan Dickau,28.0,50,444.195,43,70,1,14,166
2006-07,2429,Dan Gadzuric,29.0,54,840.2816666666666,246,29,32,22,258
2006-07,101137,Daniel Ewing,24.0,61,711.905,73,90,4,32,179
2006-07,200789,Daniel Gibson,21.0,60,987.575,92,69,8,23,276
2006-07,1504,Danny Fortson,31.0,14,158.03833333333333,43,1,0,1,40
2006-07,101122,Danny Granger,24.0,82,2785.3083333333334,381,114,61,67,1142
2006-07,2443,Darius Songaila,29.0,37,699.56,134,38,10,17,282
2006-07,2545,Darko Milicic,22.0,80,1913.0516666666667,437,90,140,44,639
2006-07,353,Darrell Armstrong,39.0,81,1275.34,135,191,6,70,457
2006-07,239,Darrick Martin,36.0,31,219.75333333333333,12,43,0,3,94
2006-07,2758,David Harrison,24.0,24,190.06,42,6,12,5,71
2006-07,101135,David Lee,24.0,58,1730.545,602,104,23,48,621
2006-07,200786,David Noel,23.0,68,791.7116666666667,123,65,9,25,184
2006-07,133,David Wesley,36.0,35,352.365,35,37,4,12,73
2006-07,2561,David West,26.0,52,1899.6616666666666,424,114,38,42,949
2006-07,2205,DeSagana Diop,25.0,81,1479.7633333333333,438,30,113,40,190
2006-07,2052,DeShawn Stevenson,26.0,82,2419.3716666666664,216,218,19,65,920
2006-07,200793,Dee Brown,22.0,49,449.53333333333336,40,83,7,22,94
2006-07,2753,Delonte West,23.0,69,2218.985,208,304,34,74,845
2006-07,2035,DerMarr Johnson,27.0,39,419.24333333333334,57,17,12,16,135
2006-07,1507,Derek Anderson,32.0,50,1190.375,113,133,7,52,399
2006-07,965,Derek Fisher,32.0,82,2286.8683333333333,149,274,6,83,826
2006-07,101114,Deron Williams,23.0,80,2949.701666666667,267,745,13,78,1297
2006-07,2824,Desmon Farmer,25.0,8,31.81,1,9,0,1,13
2006-07,2046,Desmond Mason,29.0,75,2575.221666666667,345,115,22,52,1028
2006-07,1904,Devean George,29.0,60,1283.05,213,33,23,46,381
2006-07,2484,Devin Brown,28.0,58,1661.945,251,149,9,44,670
2006-07,2734,Devin Harris,24.0,80,2081.365,196,296,21,96,813
2006-07,101159,Dijon Thompson,24.0,6,50.17166666666667,8,2,0,0,17
2006-07,87,Dikembe Mutombo,41.0,75,1288.7616666666668,488,13,76,22,230
2006-07,1717,Dirk Nowitzki,29.0,78,2820.3,693,263,62,52,1916
2006-07,101182,Donell Taylor,24.0,47,368.61,53,45,3,17,126
2006-07,923,Donyell Marshall,34.0,81,1359.9633333333334,323,46,43,39,566
2006-07,2748,Dorell Wright,21.0,66,1292.4216666666666,272,95,46,41,393
2006-07,57,Doug Christie,37.0,7,81.95333333333333,11,8,1,3,13
2006-07,2400,Drew Gooden,25.0,80,2237.9583333333335,681,88,28,70,885
2006-07,101204,Dwayne Jones,24.0,4,18.285,6,0,0,0,3
2006-07,2730,Dwight Howard,21.0,82,3023.42,1008,158,156,70,1443
2006-07,2548,Dwyane Wade,25.0,51,1930.6216666666667,239,384,62,107,1397
2006-07,2853,Earl Barron,25.0,28,202.61166666666668,41,5,4,6,65
2006-07,1863,Earl Boykins,31.0,66,2031.16,139,291,2,56,961
2006-07,2248,Earl Watson,28.0,77,2151.8966666666665,185,437,23,99,726
2006-07,2204,Eddie Griffin,25.0,13,91.58833333333334,25,4,7,0,18
2006-07,2067,Eddie House,29.0,56,945.5266666666666,92,67,3,27,468
2006-07,224,Eddie Jones,35.0,64,1593.9116666666666,190,109,10,68,493
2006-07,2201,Eddy Curry,24.0,81,2848.595,571,68,40,34,1576
2006-07,2059,Eduardo Najera,30.0,75,1657.93,310,64,26,73,497
2006-07,1882,Elton Brand,28.0,80,3077.45,744,235,179,77,1642
2006-07,2731,Emeka Okafor,24.0,67,2328.891666666667,757,80,172,57,963
2006-07,15,Eric Piatkowski,36.0,11,72.8,9,4,1,0,27
2006-07,727,Eric Snow,34.0,82,1929.015,188,330,16,55,342
2006-07,677,Eric Williams,34.0,21,121.21666666666667,17,7,0,3,54
2006-07,956,Erick Dampier,31.0,76,1915.3366666666666,566,44,82,24,537
2006-07,101141,Ersan Ilyasova,20.0,66,972.9733333333334,189,49,17,27,402
2006-07,101212,Esteban Batista,23.0,13,81.21333333333334,30,4,0,3,20
2006-07,2041,Etan Thomas,29.0,65,1245.6866666666667,377,29,89,22,395
2006-07,101177,Fabricio Oberto,32.0,79,1365.01,368,68,24,25,349
2006-07,2436,Flip Murray,27.0,69,1476.7966666666666,113,187,13,49,465
2006-07,1922,Francisco Elson,31.0,70,1332.7066666666667,336,55,59,31,350
2006-07,101128,Francisco Garcia,25.0,79,1409.5083333333334,205,87,43,45,474
2006-07,2410,Fred Jones,28.0,63,1319.445,115,108,16,48,412
2006-07,56,Gary Payton,38.0,68,1502.7916666666667,132,201,3,43,358
2006-07,101123,Gerald Green,21.0,81,1779.7366666666667,208,83,24,41,843
2006-07,2222,Gerald Wallace,24.0,72,2640.3016666666667,518,185,69,144,1304
2006-07,2240,Gilbert Arenas,25.0,74,2941.701666666667,338,443,13,139,2105
2006-07,1921,Gordan Giricek,30.0,61,1188.3583333333333,129,63,5,28,475
2006-07,255,Grant Hill,34.0,65,2008.52,237,138,25,61,934
2006-07,1761,Greg Buckner,30.0,76,1371.715,158,70,7,47,305
2006-07,101124,Hakim Warrick,24.0,82,2152.451666666667,420,75,30,43,1045
2006-07,200801,Hassan Adams,23.0,61,495.45166666666665,77,13,4,17,174
2006-07,2045,Hedo Turkoglu,28.0,73,2268.045,293,233,16,70,970
2006-07,200756,Hilton Armstrong,22.0,56,634.2066666666667,149,10,26,12,176
2006-07,101113,Ike Diogu,23.0,59,759.7683333333333,203,25,26,8,366
2006-07,2137,Ime Udoka,29.0,75,2143.5516666666667,279,112,17,71,629
2006-07,1956,Ira Newble,32.0,15,129.08166666666668,30,2,0,6,46
2006-07,200829,Ivan McFarlin,25.0,11,41.305,11,1,0,0,15
2006-07,200826,J.J. Barea,23.0,33,191.295,25,24,1,1,78
2006-07,200755,JJ Redick,23.0,42,622.32,52,36,0,12,252
2006-07,2747,JR Smith,21.0,63,1471.3533333333332,143,91,9,49,819
2006-07,2866,Jackie Butler,22.0,11,102.95833333333333,22,5,0,2,41
2006-07,1521,Jacque Vaughn,32.0,64,759.995,68,131,2,24,192
2006-07,2054,Jake Tsakalidis,28.0,36,389.47,104,5,12,8,84
2006-07,2063,Jake Voskuhl,29.0,73,1043.19,256,44,24,30,319
2006-07,147,Jalen Rose,34.0,29,245.81666666666666,23,16,2,5,108
2006-07,2048,Jamaal Magloire,29.0,81,1703.2616666666668,492,30,66,21,529
2006-07,2224,Jamaal Tinsley,29.0,72,2242.7616666666668,240,494,25,117,925
2006-07,2037,Jamal Crawford,27.0,59,2197.87,189,259,8,57,1039
2006-07,2441,Jamal Sampson,24.0,22,124.52,48,5,7,2,24
2006-07,2749,Jameer Nelson,25.0,77,2330.6033333333335,236,330,5,73,1000
2006-07,200788,James Augustine,23.0,2,7.316666666666666,3,2,0,0,2
2006-07,2592,James Jones,26.0,76,1375.8883333333333,176,45,42,28,485
2006-07,2591,James Lang,23.0,11,54.61833333333333,11,2,3,0,11
2006-07,1899,James Posey,30.0,71,1918.92,357,94,23,71,550
2006-07,101189,James Singleton,25.0,53,376.4116666666667,106,17,17,15,85
2006-07,200778,James White,24.0,6,136.55833333333334,20,5,1,3,50
2006-07,2457,Jannero Pargo,27.0,82,1710.1016666666667,180,203,4,53,751
2006-07,2407,Jared Jeffries,25.0,55,1306.6583333333333,238,67,30,44,223
2006-07,2876,Jared Reiner,25.0,27,243.49666666666667,71,13,6,5,33
2006-07,101127,Jarrett Jack,23.0,79,2650.74,208,417,9,86,946
2006-07,2260,Jarron Collins,28.0,82,913.28,171,60,8,13,204
2006-07,2553,Jarvis Hayes,25.0,81,1626.2883333333334,210,80,13,48,585
2006-07,2215,Jason Collins,28.0,80,1843.725,316,46,38,40,169
2006-07,2078,Jason Hart,29.0,36,845.245,98,103,1,44,249
2006-07,2574,Jason Kapono,26.0,67,1767.4616666666666,180,81,2,38,730
2006-07,467,Jason Kidd,34.0,80,2932.93,655,736,23,127,1041
2006-07,101131,Jason Maxiell,24.0,67,942.71,186,14,60,30,334
2006-07,2202,Jason Richardson,26.0,51,1674.9633333333334,259,172,32,54,814
2006-07,1891,Jason Terry,29.0,81,2846.116666666667,231,422,17,81,1350
2006-07,1715,Jason Williams,31.0,61,1865.1166666666666,141,322,1,58,664
2006-07,1902,Jeff Foster,30.0,75,1739.7533333333333,609,57,37,62,322
2006-07,976,Jeff McInnis,32.0,38,702.4583333333334,62,124,0,14,165
2006-07,200978,Jeremy Richardson,23.0,6,19.85,2,0,0,1,8
2006-07,979,Jermaine O'Neal,28.0,69,2458.7933333333335,661,167,182,50,1339
2006-07,1744,Jerome James,31.0,41,272.96,66,3,15,6,76
2006-07,711,Jerry Stackhouse,32.0,67,1614.5316666666668,145,187,10,51,804
2006-07,2207,Joe Johnson,26.0,57,2359.425,239,249,11,60,1426
2006-07,693,Joe Smith,31.0,65,1503.2816666666668,400,49,27,37,553
2006-07,2038,Joel Przybilla,27.0,43,700.68,168,12,67,10,84
2006-07,101121,Joey Graham,25.0,79,1319.2233333333334,248,44,4,30,503
2006-07,101130,Johan Petro,21.0,81,1510.0133333333333,335,45,47,39,502
2006-07,101249,John Lucas III,24.0,47,383.4633333333333,36,33,0,17,154
2006-07,2422,John Salmons,27.0,79,2134.4733333333334,264,254,27,73,671
2006-07,200770,Jordan Farmar,20.0,72,1089.73,119,137,7,44,320
2006-07,200816,Jorge Garbajosa,29.0,67,1909.3083333333334,330,125,15,78,567
2006-07,101181,Jose Calderon,25.0,77,1613.6266666666668,134,387,5,63,668
2006-07,200767,Josh Boone,22.0,61,668.6683333333333,176,10,21,11,254
2006-07,2735,Josh Childress,24.0,55,2023.915,340,127,36,58,715
2006-07,2572,Josh Howard,27.0,70,2455.4333333333334,475,127,56,82,1321
2006-07,2694,Josh Powell,24.0,37,353.005,88,21,12,5,116
2006-07,2746,Josh Smith,21.0,72,2647.1583333333333,621,236,207,101,1178
2006-07,2413,Juan Dixon,28.0,81,1925.9733333333334,158,123,9,76,778
2006-07,101125,Julius Hodge,23.0,9,64.33,8,12,0,4,15
2006-07,1908,Jumaine Jones,28.0,18,138.12166666666667,23,1,1,5,40
2006-07,2454,Junior Harrington,26.0,29,542.955,68,89,5,21,152
2006-07,2770,Justin Reed,25.0,41,318.12833333333333,46,17,3,5,106
2006-07,200818,Justin Williams,23.0,26,333.32,115,2,16,5,131
2006-07,436,Juwan Howard,34.0,80,2122.5333333333333,470,131,8,29,773
2006-07,2586,Keith Bogans,27.0,59,989.675,93,59,2,28,298
2006-07,2693,Keith McLeod,27.0,48,717.8866666666667,43,90,5,24,231
2006-07,101235,Kelenna Azubuike,23.0,41,669.26,94,28,10,22,291
2006-07,1509,Kelvin Cato,32.0,18,95.415,31,0,10,3,22
2006-07,2570,Kendrick Perkins,22.0,72,1576.3583333333333,372,94,96,23,324
2006-07,1903,Kenny Thomas,29.0,62,1411.7233333333334,377,76,16,43,331
2006-07,2030,Kenyon Martin,29.0,2,62.59166666666667,20,1,0,0,19
2006-07,708,Kevin Garnett,31.0,76,2995.0783333333334,975,313,126,89,1704
2006-07,2755,Kevin Martin,24.0,80,2818.325,342,173,11,98,1618
2006-07,1563,Kevin Ollie,34.0,53,919.0166666666667,74,130,1,21,199
2006-07,788,Kevin Willis,44.0,5,42.6,8,1,1,2,12
2006-07,200838,Kevinn Pinkney,23.0,6,99.96666666666667,15,5,3,3,31
2006-07,2039,Keyon Dooling,27.0,66,1435.1433333333334,86,112,15,52,521
2006-07,2550,Kirk Hinrich,26.0,80,2838.9983333333334,274,500,23,100,1327
2006-07,2745,Kirk Snyder,24.0,39,562.5133333333333,83,39,12,11,192
2006-07,977,Kobe Bryant,28.0,77,3139.675,439,413,36,111,2430
2006-07,2743,Kris Humphries,22.0,60,670.155,187,18,21,14,227
2006-07,703,Kurt Thomas,34.0,67,1208.42,379,24,29,24,308
2006-07,2198,Kwame Brown,25.0,41,1131.5366666666666,244,75,49,39,345
2006-07,2594,Kyle Korver,26.0,74,2288.145,259,105,20,57,1067
2006-07,200768,Kyle Lowry,21.0,10,175.42166666666665,31,32,1,14,56
2006-07,200746,LaMarcus Aldridge,21.0,63,1391.7566666666667,312,24,73,22,565
2006-07,1885,Lamar Odom,27.0,56,2202.1766666666667,547,270,32,53,890
2006-07,1716,Larry Hughes,28.0,70,2595.9566666666665,267,256,26,89,1045
2006-07,101160,Lawrence Roberts,24.0,54,968.675,261,30,13,36,283
2006-07,2544,LeBron James,22.0,78,3190.29,526,470,55,125,2132
2006-07,2571,Leandro Barbosa,24.0,80,2613.423333333333,214,317,15,96,1444
2006-07,200796,Leon Powe,23.0,63,719.8016666666666,215,10,22,14,264
2006-07,101132,Linas Kleiza,22.0,79,1487.9966666666667,266,45,14,28,598
2006-07,283,Lindsey Hunter,36.0,52,744.585,47,93,7,34,256
2006-07,2669,Linton Johnson,27.0,54,720.0216666666666,163,18,18,33,226
2006-07,953,Lorenzen Wright,31.0,67,1035.4533333333334,216,40,28,28,173
2006-07,200811,Lou Amundson,24.0,11,88.93833333333333,28,1,8,1,16
2006-07,101150,Lou Williams,20.0,61,688.4216666666666,70,110,1,22,262
2006-07,2739,Luke Jackson,25.0,13,137.56833333333333,10,13,1,5,48
2006-07,2557,Luke Ridnour,26.0,71,2091.076666666667,164,368,19,83,779
2006-07,101195,Luke Schenscher,25.0,11,118.03,25,1,4,2,19
2006-07,2575,Luke Walton,27.0,60,1982.01,302,257,21,60,684
2006-07,2736,Luol Deng,22.0,82,3071.3783333333336,579,204,48,97,1540
2006-07,101129,Luther Head,24.0,80,2210.545,252,194,5,76,872
2006-07,2696,Lynn Greer,27.0,41,431.775,27,53,1,17,167
2006-07,1766,Maceo Baston,31.0,47,404.5683333333333,74,16,18,12,138
2006-07,2124,Malik Allen,29.0,60,638.3333333333334,119,16,16,17,242
2006-07,990,Malik Rose,32.0,65,809.9233333333333,175,65,9,26,192
2006-07,1938,Manu Ginobili,29.0,75,2060.4216666666666,327,263,27,109,1240
2006-07,1531,Marc Jackson,32.0,56,1024.6283333333333,192,58,7,21,408
2006-07,2556,Marcus Banks,25.0,45,502.8,38,60,3,23,221
2006-07,948,Marcus Camby,33.0,70,2368.835,816,223,231,87,785
2006-07,200790,Marcus Vinicius,23.0,13,103.35666666666667,11,5,1,2,22
2006-07,200766,Marcus Williams,21.0,79,1314.5116666666668,163,260,2,29,534
2006-07,200776,Mardy Collins,22.0,52,777.0866666666667,104,83,3,32,235
2006-07,1548,Mark Blount,31.0,82,2544.3166666666666,505,67,58,43,1010
2006-07,2058,Mark Madsen,31.0,56,473.315,87,10,10,10,61
2006-07,2060,Marko Jaric,28.0,70,1554.9433333333334,184,145,16,75,371
2006-07,2605,Marquis Daniels,26.0,45,800.4166666666666,82,57,7,27,320
2006-07,101110,Martell Webster,20.0,82,1759.385,240,52,19,35,574
2006-07,101107,Marvin Williams,21.0,64,2178.81,337,121,30,52,839
2006-07,2440,Matt Barnes,27.0,76,1812.73,350,156,41,73,746
2006-07,2588,Matt Bonner,27.0,56,653.4466666666667,156,22,11,17,275
2006-07,2679,Matt Carroll,26.0,72,1878.245,207,91,9,53,869
2006-07,2782,Matt Freije,25.0,19,147.06166666666667,24,7,1,3,40
2006-07,1723,Matt Harpring,31.0,77,1964.6316666666667,353,99,11,52,894
2006-07,200772,Maurice Ager,23.0,32,214.365,21,7,3,4,69
2006-07,2230,Maurice Evans,28.0,76,1732.2016666666666,221,74,14,38,638
2006-07,1508,Maurice Taylor,30.0,12,103.26333333333334,28,5,1,4,24
2006-07,2246,Mehmet Okur,28.0,80,2664.4466666666667,579,156,38,36,1405
2006-07,2408,Melvin Ely,29.0,30,308.7,53,18,8,6,89
2006-07,1897,Metta World Peace,27.0,70,2640.9483333333333,454,235,43,149,1316
2006-07,1720,Michael Doleac,30.0,56,698.355,155,22,15,18,200
2006-07,714,Michael Finley,34.0,82,1823.315,223,108,16,32,740
2006-07,1709,Michael Olowokandi,32.0,24,233.59166666666667,48,5,13,8,40
2006-07,2072,Michael Redd,27.0,53,2036.0,196,124,9,63,1416
2006-07,1913,Michael Ruffin,30.0,30,270.49833333333333,62,6,8,6,17
2006-07,2552,Michael Sweetney,24.0,48,385.27,120,28,11,9,153
2006-07,101153,Mickael Gelabale,24.0,70,1238.7033333333334,173,56,22,24,321
2006-07,2554,Mickael Pietrus,25.0,72,1937.2266666666667,327,62,55,48,801
2006-07,1710,Mike Bibby,29.0,82,2783.866666666667,263,388,6,88,1403
2006-07,2399,Mike Dunleavy,26.0,82,2580.63,431,228,22,84,1049
2006-07,200837,Mike Hall,23.0,2,12.766666666666667,2,1,0,0,2
2006-07,2229,Mike James,32.0,82,2069.0733333333333,163,297,7,55,828
2006-07,2034,Mike Miller,27.0,70,2739.515,378,298,18,54,1293
2006-07,2366,Mike Wilks,28.0,47,533.7633333333333,54,79,4,15,170
2006-07,1630,Mikki Moore,31.0,79,2081.5216666666665,403,74,60,46,776
2006-07,101148,Mile Ilic,23.0,5,5.87,1,0,0,0,0
2006-07,2590,Mo Williams,24.0,68,2471.6883333333335,329,416,6,85,1174
2006-07,101145,Monta Ellis,21.0,77,2637.91,243,319,21,132,1272
2006-07,2050,Morris Peterson,29.0,71,1514.9016666666666,237,47,12,45,634
2006-07,200754,Mouhamed Sene,21.0,28,169.45333333333335,45,0,12,3,53
2006-07,101126,Nate Robinson,23.0,64,1355.7633333333333,152,90,6,50,645
2006-07,1737,Nazr Mohammed,29.0,51,773.3783333333333,229,9,40,27,286
2006-07,2420,Nenad Krstic,23.0,26,848.3916666666667,176,46,24,10,426
2006-07,2403,Nene,24.0,64,1715.015,449,77,59,62,783
2006-07,2555,Nick Collison,26.0,82,2378.14,666,82,66,48,790
2006-07,101158,Orien Greene,25.0,41,253.79,44,22,4,17,63
2006-07,970,Othella Harrington,33.0,26,220.29333333333332,38,6,1,1,67
2006-07,136,P.J. Brown,37.0,72,1455.8366666666666,347,48,52,24,436
2006-07,200782,P.J. Tucker,22.0,17,83.38833333333334,23,3,0,2,30
2006-07,2776,Pape Sow,25.0,7,34.233333333333334,11,2,1,1,10
2006-07,2469,Pat Burke,33.0,23,163.85666666666665,47,5,2,3,60
2006-07,1727,Pat Garrity,30.0,33,277.405,42,14,0,7,71
2006-07,200753,Patrick O'Bryant,21.0,16,118.75,21,9,8,6,31
2006-07,2200,Pau Gasol,26.0,59,2132.508333333333,581,201,126,29,1226
2006-07,200781,Paul Davis,22.0,31,179.83166666666668,44,7,5,6,51
2006-07,200794,Paul Millsap,22.0,82,1472.1466666666668,423,62,74,67,559
2006-07,1718,Paul Pierce,29.0,47,1739.7433333333333,277,194,13,48,1173
2006-07,978,Peja Stojakovic,30.0,13,425.08166666666665,54,11,4,8,231
2006-07,200822,Pops Mensah-Bonsu,23.0,12,71.30833333333334,21,0,0,1,29
2006-07,2056,Primoz Brezec,27.0,58,838.3616666666667,184,23,23,11,288
2006-07,2047,Quentin Richardson,27.0,49,1620.965,352,108,7,36,636
2006-07,200763,Quincy Douby,23.0,42,359.13666666666666,37,15,4,15,119
2006-07,2624,Quinton Ross,26.0,81,1700.4366666666667,190,86,32,70,424
2006-07,1711,Raef LaFrentz,31.0,27,352.2633333333333,70,8,11,7,100
2006-07,2737,Rafael Araujo,26.0,28,247.49333333333334,66,10,2,6,72
2006-07,1747,Rafer Alston,30.0,82,3040.2466666666664,282,444,10,129,1088
2006-07,1952,Raja Bell,30.0,78,2917.3716666666664,251,196,22,50,1143
2006-07,200765,Rajon Rondo,21.0,78,1830.9383333333333,292,297,8,128,501
2006-07,201043,Randolph Morris,21.0,5,43.65,9,1,1,2,4
2006-07,200751,Randy Foye,23.0,82,1879.3333333333333,218,232,21,53,832
2006-07,988,Randy Livingston,32.0,4,25.816666666666666,1,4,0,0,0
2006-07,101119,Rashad McCants,22.0,37,554.325,47,38,7,26,184
2006-07,1740,Rashard Lewis,27.0,60,2347.838333333333,396,145,39,68,1342
2006-07,739,Rasheed Wallace,32.0,75,2418.9533333333334,543,127,118,75,926
2006-07,1725,Rasho Nesterovic,31.0,80,1676.295,360,74,84,37,494
2006-07,2446,Rasual Butler,28.0,81,2222.858333333333,256,63,54,40,818
2006-07,101185,Rawle Marshall,25.0,40,361.37333333333333,29,13,5,12,99
2006-07,951,Ray Allen,31.0,55,2218.9933333333333,247,228,11,82,1454
2006-07,101109,Raymond Felton,23.0,78,2832.2316666666666,267,545,10,118,1093
2006-07,2501,Reggie Evans,27.0,66,1126.9316666666666,460,45,16,42,325
2006-07,200764,Renaldo Balkman,22.0,68,1064.185,294,44,44,57,334
2006-07,200970,Renaldo Major,25.0,1,27.395,2,0,0,2,5
2006-07,1888,Richard Hamilton,29.0,75,2763.405,282,285,15,59,1485
2006-07,2210,Richard Jefferson,27.0,55,1955.975,240,148,8,34,897
2006-07,1729,Ricky Davis,27.0,81,3021.425,315,385,23,80,1374
2006-07,200823,Robert Hite,23.0,12,135.69,16,8,2,3,51
2006-07,109,Robert Horry,36.0,68,1124.055,229,77,41,45,268
2006-07,200760,Rodney Carney,23.0,67,1169.09,128,26,23,38,442
2006-07,2427,Roger Mason Jr.,26.0,62,492.37833333333333,45,35,6,13,165
2006-07,101232,Roger Powell,24.0,3,13.3,3,0,0,0,2
2006-07,2648,Ronald Dupree,26.0,19,94.32333333333334,17,5,1,5,25
2006-07,200758,Ronnie Brewer,22.0,56,675.1033333333334,75,24,6,37,260
2006-07,101179,Ronnie Price,24.0,58,562.8033333333333,71,48,4,28,192
2006-07,101142,Ronny Turiaf,24.0,72,1086.9483333333333,259,63,78,17,383
2006-07,2767,Royal Ivey,25.0,53,538.5666666666667,51,45,4,24,157
2006-07,1739,Ruben Patterson,31.0,81,2507.605,440,232,25,110,1194
2006-07,200752,Rudy Gay,20.0,78,2103.31,348,100,74,71,846
2006-07,101155,Ryan Gomes,24.0,73,2274.515,407,119,13,48,881
2006-07,200797,Ryan Hollins,22.0,27,185.265,31,1,7,4,64
2006-07,101136,Salim Stoudamire,24.0,61,1034.05,74,61,2,21,471
2006-07,208,Sam Cassell,37.0,58,1407.3366666666666,167,270,8,28,714
2006-07,2223,Samuel Dalembert,27.0,82,2534.6633333333334,733,64,159,47,879
2006-07,101180,Sarunas Jasikevicius,31.0,63,972.565,69,172,1,26,386
2006-07,2562,Sasha Pavlovic,23.0,67,1534.3283333333334,158,105,17,55,604
2006-07,2756,Sasha Vujacic,23.0,73,934.4716666666667,107,64,1,41,313
2006-07,1513,Scot Pollard,32.0,24,108.76333333333334,31,3,1,4,24
2006-07,1909,Scott Padgett,31.0,31,230.82166666666666,54,8,3,5,46
2006-07,1752,Sean Marks,31.0,3,17.2,3,0,1,0,6
2006-07,101118,Sean May,23.0,35,837.98,233,66,24,19,416
2006-07,2742,Sebastian Telfair,22.0,78,1577.9033333333334,108,218,11,43,479
2006-07,200771,Sergio Rodriguez,21.0,67,861.7866666666666,91,218,2,35,247
2006-07,1742,Shammond Williams,32.0,30,344.97833333333335,40,31,0,12,94
2006-07,2203,Shane Battier,28.0,82,2988.3116666666665,338,175,60,79,829
2006-07,200769,Shannon Brown,21.0,23,201.52833333333334,21,10,3,7,73
2006-07,406,Shaquille O'Neal,35.0,40,1134.5833333333333,297,79,55,8,690
2006-07,949,Shareef Abdur-Rahim,30.0,80,2014.6666666666667,398,109,40,53,793
2006-07,2733,Shaun Livingston,21.0,54,1611.4133333333334,184,274,29,59,503
2006-07,101183,Shavlik Randolph,23.0,13,179.38,54,4,10,7,58
2006-07,1890,Shawn Marion,29.0,80,3010.3433333333332,785,134,122,156,1403
2006-07,200761,Shawne Williams,21.0,46,556.22,83,22,8,6,180
2006-07,200749,Shelden Williams,23.0,81,1513.44,435,44,39,52,444
2006-07,2098,Slava Medvedenko,28.0,14,81.19833333333334,14,2,2,0,42
2006-07,2470,Smush Parker,26.0,82,2457.39,206,228,10,119,907
2006-07,200780,Solomon Jones,22.0,58,665.735,136,11,42,11,189
2006-07,2049,Speedy Claxton,29.0,42,1053.9816666666666,81,185,4,72,221
2006-07,101211,Stephen Graham,25.0,14,164.715,21,5,1,4,45
2006-07,1536,Stephen Jackson,29.0,75,2478.5116666666668,222,287,34,84,1161
2006-07,950,Stephon Marbury,30.0,74,2748.035,213,403,10,71,1210
2006-07,2581,Steve Blake,27.0,82,2224.3216666666667,169,408,8,61,528
2006-07,1883,Steve Francis,30.0,44,1237.1766666666667,157,170,12,41,497
2006-07,959,Steve Nash,33.0,76,2682.435,269,884,6,57,1412
2006-07,200779,Steve Novak,24.0,35,190.58,26,6,0,5,51
2006-07,2212,Steven Hunter,25.0,70,1604.6166666666666,335,26,76,13,450
2006-07,200848,Steven Smith,24.0,8,28.138333333333332,6,0,0,1,5
2006-07,2031,Stromile Swift,27.0,54,1029.2333333333333,250,17,62,30,419
2006-07,2551,T.J. Ford,24.0,75,2242.891666666667,236,595,8,101,1047
2006-07,200814,Tarence Kinsey,23.0,48,966.7733333333333,97,41,1,53,369
2006-07,2419,Tayshaun Prince,27.0,82,3000.78,429,227,55,51,1171
2006-07,200757,Thabo Sefolosha,23.0,71,867.9233333333333,153,60,11,33,256
2006-07,689,Theo Ratliff,34.0,2,43.68333333333333,7,0,3,1,5
2006-07,1495,Tim Duncan,31.0,80,2725.9333333333334,846,273,190,66,1599
2006-07,1501,Tim Thomas,30.0,76,2053.81,378,171,28,55,836
2006-07,2754,Tony Allen,25.0,33,804.595,124,56,12,49,379
2006-07,1499,Tony Battie,31.0,66,1574.5716666666667,344,35,30,29,404
2006-07,2225,Tony Parker,25.0,77,2498.9066666666668,250,420,6,82,1429
2006-07,1503,Tracy McGrady,28.0,71,2538.9533333333334,378,458,36,92,1747
2006-07,101143,Travis Diener,25.0,26,288.2583333333333,18,35,0,4,98
2006-07,2566,Travis Outlaw,22.0,67,1532.2916666666667,217,52,74,61,645
2006-07,2239,Trenton Hassell,28.0,76,2222.565,243,203,26,22,512
2006-07,2772,Trevor Ariza,21.0,57,1277.9283333333333,249,65,19,59,506
2006-07,1607,Troy Hudson,31.0,34,554.13,48,73,2,14,202
2006-07,2211,Troy Murphy,27.0,68,1851.9216666666666,414,126,42,46,698
2006-07,1731,Tyronn Lue,30.0,56,1487.855,104,201,0,24,636
2006-07,200748,Tyrus Thomas,20.0,72,966.235,269,40,76,46,374
2006-07,2199,Tyson Chandler,24.0,73,2525.1366666666668,904,66,129,37,690
2006-07,2617,Udonis Haslem,27.0,79,2482.9016666666666,654,97,26,49,844
2006-07,101166,Uros Slokar,24.0,20,71.99333333333334,14,1,2,1,38
2006-07,2779,Vassilis Spanoulis,24.0,31,271.9033333333333,22,28,1,7,85
2006-07,2751,Viktor Khryapa,24.0,33,230.82666666666665,57,21,1,10,73
2006-07,1713,Vince Carter,30.0,82,3126.0066666666667,492,393,30,82,2070
2006-07,958,Vitaly Potapenko,32.0,3,12.883333333333333,2,0,0,0,0
2006-07,2209,Vladimir Radmanovic,26.0,55,986.0666666666667,180,66,18,25,361
2006-07,101144,Von Wafer,21.0,1,0.8983333333333333,0,0,0,0,0
2006-07,1887,Wally Szczerbiak,30.0,32,899.9366666666666,98,55,3,18,479
2006-07,200835,Walter Herrmann,28.0,48,935.52,139,26,7,17,442
2006-07,101134,Wayne Simien,24.0,8,92.78333333333333,11,4,0,2,23
2006-07,200807,Will Blalock,23.0,14,165.66666666666666,15,17,0,5,25
2006-07,101215,Will Conroy,24.0,7,51.395,7,9,0,0,0
2006-07,2584,Willie Green,25.0,74,1842.0983333333334,158,112,4,56,839
2006-07,200821,Yakhouba Diawara,24.0,64,1176.5983333333334,110,55,7,30,284
2006-07,2397,Yao Ming,26.0,48,1623.72,452,94,94,17,1202
2006-07,101117,Yaroslav Korolev,20.0,10,40.605,3,4,0,3,12
2006-07,2216,Zach Randolph,25.0,68,2424.865,688,147,15,53,1608
2006-07,2585,Zaza Pachulia,23.0,72,2025.445,500,106,36,77,875
2006-07,980,Zydrunas Ilgauskas,32.0,78,2129.7233333333334,599,123,98,48,925
2007-08,201166,Aaron Brooks,23.0,51,608.11,56,87,5,13,264
2007-08,201189,Aaron Gray,23.0,61,612.9966666666667,168,41,16,21,262
2007-08,1425,Aaron Williams,36.0,30,296.9583333333333,61,9,15,12,68
2007-08,201151,Acie Law,23.0,56,865.36,57,113,0,29,235
2007-08,1502,Adonal Foyle,33.0,82,773.7616666666667,208,18,45,16,156
2007-08,1559,Adrian Griffin,33.0,35,306.9683333333333,59,27,2,17,65
2007-08,1733,Al Harrington,28.0,81,2190.3016666666667,439,132,16,74,1102
2007-08,201143,Al Horford,22.0,81,2539.8866666666668,785,124,76,60,821
2007-08,2744,Al Jefferson,23.0,82,2918.7683333333334,911,117,119,74,1726
2007-08,201154,Al Thornton,24.0,79,2157.6983333333333,358,98,43,46,1005
2007-08,201169,Alando Tucker,24.0,6,47.96666666666667,8,0,1,0,22
2007-08,200792,Alexander Johnson,25.0,43,548.725,94,13,10,13,179
2007-08,947,Allen Iverson,33.0,82,3423.806666666667,243,586,12,160,2164
2007-08,297,Alonzo Mourning,38.0,25,389.39666666666665,93,7,42,4,149
2007-08,2405,Amar'e Stoudemire,25.0,79,2676.7916666666665,719,118,163,64,1989
2007-08,101161,Amir Johnson,21.0,62,763.9366666666666,235,29,82,24,221
2007-08,2760,Anderson Varejao,25.0,48,1319.4466666666667,399,53,26,37,321
2007-08,101154,Andray Blatche,21.0,82,1674.6266666666668,425,92,114,53,618
2007-08,2857,Andre Barrett,26.0,4,25.291666666666668,1,7,0,0,6
2007-08,2810,Andre Brown,27.0,33,286.30333333333334,92,8,4,7,100
2007-08,2738,Andre Iguodala,24.0,82,3241.77,446,391,49,171,1630
2007-08,1889,Andre Miller,32.0,82,3015.8766666666666,324,565,6,105,1398
2007-08,101261,Andre Owens,27.0,31,391.99333333333334,47,47,3,13,123
2007-08,200745,Andrea Bargnani,22.0,78,1861.1183333333333,288,89,37,23,792
2007-08,1905,Andrei Kirilenko,27.0,72,2216.9283333333333,339,285,109,86,792
2007-08,2804,Andres Nocioni,28.0,82,2020.6216666666667,342,95,43,25,1080
2007-08,101106,Andrew Bogut,23.0,78,2720.0333333333333,763,199,135,64,1119
2007-08,101115,Andrew Bynum,20.0,35,1008.25,356,61,72,12,460
2007-08,2740,Andris Biedrins,22.0,76,2078.345,744,75,94,56,796
2007-08,358,Anfernee Hardaway,36.0,16,324.665,35,35,1,19,60
2007-08,1712,Antawn Jamison,32.0,79,3060.7766666666666,806,120,34,106,1689
2007-08,1853,Anthony Carter,33.0,70,1959.7333333333333,200,388,28,107,545
2007-08,1533,Anthony Johnson,33.0,69,1530.335,137,262,9,52,387
2007-08,1515,Anthony Parker,33.0,82,2633.891666666667,334,183,17,79,1025
2007-08,952,Antoine Walker,31.0,46,892.3666666666667,168,45,8,33,368
2007-08,101120,Antoine Wright,24.0,56,1231.165,147,80,21,28,350
2007-08,1498,Antonio Daniels,33.0,71,2160.705,203,340,2,69,597
2007-08,686,Antonio McDyess,33.0,78,2284.8083333333334,666,89,53,61,683
2007-08,201167,Arron Afflalo,22.0,75,970.3366666666667,137,52,8,31,276
2007-08,1506,Austin Croshere,33.0,44,456.87333333333333,104,30,6,8,173
2007-08,2852,Awvee Storey,31.0,26,258.48833333333334,54,16,1,7,92
2007-08,1884,Baron Davis,29.0,82,3196.2116666666666,385,623,43,191,1791
2007-08,2732,Ben Gordon,25.0,72,2291.2633333333333,221,213,8,55,1336
2007-08,1112,Ben Wallace,33.0,72,2204.983333333333,604,105,117,88,348
2007-08,2757,Beno Udrih,25.0,65,2079.5033333333336,217,282,10,56,834
2007-08,2873,Billy Thomas,32.0,11,41.85666666666667,2,0,0,1,14
2007-08,201336,Blake Ahearn,24.0,12,177.13,19,19,0,6,70
2007-08,448,Bo Outlaw,37.0,2,6.616666666666666,0,0,0,0,4
2007-08,1517,Bobby Jackson,35.0,72,1388.5833333333333,181,139,5,45,553
2007-08,200784,Bobby Jones,24.0,47,530.4233333333333,92,28,3,15,178
2007-08,2250,Bobby Simmons,28.0,70,1521.2033333333334,226,80,5,50,531
2007-08,1719,Bonzi Wells,31.0,73,1561.2466666666667,331,97,32,75,662
2007-08,2564,Boris Diaw,26.0,82,2307.575,378,317,39,61,725
2007-08,2411,Bostjan Nachbar,27.0,75,1659.5316666666668,260,88,21,44,738
2007-08,1802,Brad Miller,32.0,72,2512.5383333333334,681,264,74,69,964
2007-08,201148,Brandan Wright,20.0,38,375.69666666666666,99,9,22,6,151
2007-08,101138,Brandon Bass,23.0,79,1556.4833333333333,347,58,48,22,654
2007-08,200750,Brandon Roy,23.0,74,2792.0,348,430,16,79,1416
2007-08,2217,Brendan Haywood,28.0,80,2227.7733333333335,576,71,133,31,848
2007-08,699,Brent Barry,36.0,31,554.125,55,54,3,17,221
2007-08,1510,Brevin Knight,32.0,74,1673.9183333333333,142,328,11,100,338
2007-08,2073,Brian Cardinal,31.0,37,439.7816666666667,96,22,2,10,124
2007-08,2567,Brian Cook,27.0,51,628.9283333333333,109,27,12,13,238
2007-08,2243,Brian Scalabrine,30.0,48,512.0183333333333,79,40,8,9,88
2007-08,1730,Brian Skinner,32.0,66,843.975,238,15,77,21,219
2007-08,1477,Bruce Bowen,37.0,81,2447.5866666666666,234,91,22,54,483
2007-08,201228,C.J. Watson,24.0,32,367.90166666666664,32,35,0,15,118
2007-08,101139,CJ Miles,21.0,60,689.4266666666666,78,53,8,32,297
2007-08,1916,Calvin Booth,32.0,31,203.95666666666668,38,8,18,6,24
2007-08,201171,Carl Landry,24.0,42,711.3933333333333,207,21,7,17,342
2007-08,2306,Carlos Arroyo,28.0,62,1268.9566666666667,113,219,2,26,430
2007-08,2430,Carlos Boozer,26.0,81,2826.6016666666665,844,233,41,100,1708
2007-08,2568,Carlos Delfino,25.0,82,1928.2016666666666,359,145,11,69,738
2007-08,2546,Carmelo Anthony,24.0,77,2806.225,571,259,39,98,1978
2007-08,2406,Caron Butler,28.0,58,2313.82,388,284,20,128,1180
2007-08,2418,Casey Jacobsen,27.0,53,546.9366666666666,65,20,1,5,107
2007-08,200759,Cedric Simmons,22.0,14,87.46833333333333,18,0,5,2,8
2007-08,101112,Channing Frye,25.0,78,1341.96,354,57,27,29,530
2007-08,2294,Charlie Bell,29.0,68,1628.245,167,210,2,52,514
2007-08,101111,Charlie Villanueva,23.0,76,1828.7583333333334,466,78,35,30,886
2007-08,1497,Chauncey Billups,31.0,78,2522.2116666666666,212,529,17,101,1324
2007-08,200798,Cheikh Samb,23.0,4,31.326666666666668,7,0,2,1,7
2007-08,2365,Chris Andersen,29.0,5,34.153333333333336,9,0,4,0,6
2007-08,2547,Chris Bosh,24.0,67,2424.465,583,171,67,63,1496
2007-08,2768,Chris Duhon,25.0,66,1489.8616666666667,116,263,2,48,385
2007-08,2549,Chris Kaman,26.0,56,2082.69,711,107,155,33,878
2007-08,2036,Chris Mihm,28.0,23,278.11833333333334,77,13,14,4,82
2007-08,101108,Chris Paul,23.0,80,3005.588333333333,321,925,4,217,1684
2007-08,200809,Chris Quinn,24.0,60,1339.6083333333333,118,178,4,46,465
2007-08,201181,Chris Richard,23.0,52,556.3316666666667,135,18,12,10,98
2007-08,185,Chris Webber,35.0,9,125.835,32,18,6,4,35
2007-08,2404,Chris Wilcox,25.0,62,1738.695,433,74,36,46,828
2007-08,101236,Chuck Hayes,25.0,79,1575.275,427,91,43,85,237
2007-08,1088,Chucky Atkins,33.0,24,351.61333333333334,31,47,1,9,113
2007-08,201207,Coby Karl,25.0,17,70.56333333333333,14,9,2,4,30
2007-08,201147,Corey Brewer,22.0,79,1802.585,292,111,25,76,459
2007-08,1894,Corey Maggette,28.0,70,2501.7616666666668,394,189,7,71,1547
2007-08,201235,Courtney Sims,24.0,3,11.133333333333333,2,1,0,0,0
2007-08,200783,Craig Smith,24.0,77,1546.545,353,60,17,36,727
2007-08,1749,Cuttino Mobley,32.0,77,2701.7533333333336,275,202,34,78,984
2007-08,2788,DJ Mbenga,27.0,42,325.64166666666665,72,10,26,7,83
2007-08,201199,DJ Strawberry,23.0,33,270.22333333333336,28,30,6,12,73
2007-08,201161,Daequan Cook,21.0,59,1440.675,177,75,9,23,518
2007-08,2563,Dahntay Jones,27.0,25,205.72,35,12,6,8,81
2007-08,2863,Damien Wilkins,28.0,76,1843.45,245,150,19,62,698
2007-08,1800,Damon Jones,31.0,67,1336.1066666666666,72,126,1,19,437
2007-08,757,Damon Stoudamire,34.0,60,1037.305,118,165,2,30,317
2007-08,2424,Dan Dickau,29.0,67,1039.5566666666666,97,172,3,32,352
2007-08,2429,Dan Gadzuric,30.0,51,533.9633333333334,144,11,24,20,161
2007-08,200789,Daniel Gibson,22.0,58,1765.46,134,145,14,47,605
2007-08,101122,Danny Granger,25.0,80,2875.64,486,166,84,95,1567
2007-08,2443,Darius Songaila,30.0,80,1554.1616666666666,271,135,16,53,495
2007-08,200827,Darius Washington,22.0,18,146.08333333333334,20,15,0,5,53
2007-08,2545,Darko Milicic,23.0,70,1663.2033333333334,424,58,114,32,505
2007-08,353,Darrell Armstrong,40.0,50,548.4783333333334,67,73,2,28,123
2007-08,239,Darrick Martin,37.0,17,141.38166666666666,7,21,0,6,27
2007-08,201208,Darryl Watkins,23.0,9,71.27333333333333,12,0,2,2,12
2007-08,2758,David Harrison,25.0,55,702.2616666666667,118,14,59,20,229
2007-08,101135,David Lee,25.0,81,2355.76,724,95,29,55,876
2007-08,2561,David West,27.0,76,2869.555,675,177,99,62,1564
2007-08,2205,DeSagana Diop,26.0,79,1295.535,392,40,88,26,226
2007-08,2052,DeShawn Stevenson,27.0,82,2564.075,235,252,15,65,917
2007-08,2753,Delonte West,24.0,61,1533.5616666666667,193,229,29,59,507
2007-08,201193,Demetris Nichols,23.0,14,44.39666666666667,5,1,3,0,15
2007-08,2035,DerMarr Johnson,28.0,5,27.516666666666666,1,1,0,1,17
2007-08,1507,Derek Anderson,33.0,28,396.145,52,44,1,12,141
2007-08,965,Derek Fisher,33.0,82,2248.9266666666667,170,239,3,86,956
2007-08,101114,Deron Williams,24.0,82,3058.931666666667,243,862,23,90,1545
2007-08,2046,Desmond Mason,30.0,59,1701.7016666666666,256,121,30,40,574
2007-08,1904,Devean George,30.0,53,821.0533333333333,137,35,13,19,194
2007-08,2484,Devin Brown,29.0,78,1762.44,263,175,7,52,586
2007-08,2734,Devin Harris,25.0,64,2022.385,173,369,10,90,946
2007-08,87,Dikembe Mutombo,42.0,39,619.045,199,5,48,11,118
2007-08,1717,Dirk Nowitzki,30.0,77,2768.6483333333335,659,266,71,51,1817
2007-08,201187,Dominic McGuire,22.0,70,695.1433333333333,139,40,26,20,93
2007-08,923,Donyell Marshall,35.0,26,340.095,76,10,16,6,98
2007-08,2748,Dorell Wright,22.0,44,1103.8616666666667,220,60,41,29,347
2007-08,2400,Drew Gooden,26.0,69,2121.5916666666667,590,81,53,48,826
2007-08,101204,Dwayne Jones,25.0,56,472.45666666666665,140,10,25,10,78
2007-08,2730,Dwight Howard,22.0,82,3087.7266666666665,1161,110,176,74,1695
2007-08,2548,Dwyane Wade,26.0,51,1953.9633333333334,214,354,37,87,1254
2007-08,2853,Earl Barron,26.0,46,889.1016666666667,198,29,8,19,326
2007-08,1863,Earl Boykins,32.0,36,576.71,34,96,0,13,185
2007-08,2248,Earl Watson,29.0,78,2269.0616666666665,225,531,11,69,838
2007-08,2109,Eddie Gill,29.0,14,153.24666666666667,22,22,2,7,38
2007-08,2067,Eddie House,30.0,78,1480.4633333333334,167,152,10,59,584
2007-08,224,Eddie Jones,36.0,47,922.325,132,69,8,26,176
2007-08,2201,Eddy Curry,25.0,59,1530.16,275,32,29,14,781
2007-08,2059,Eduardo Najera,31.0,78,1663.6983333333333,337,95,40,69,464
2007-08,1882,Elton Brand,29.0,8,273.815,64,16,15,3,141
2007-08,2731,Emeka Okafor,25.0,82,2718.1183333333333,876,70,138,62,1133
2007-08,15,Eric Piatkowski,37.0,16,112.66666666666667,12,10,1,0,39
2007-08,727,Eric Snow,35.0,22,305.395,20,42,4,10,22
2007-08,956,Erick Dampier,32.0,72,1754.985,539,63,106,24,440
2007-08,101177,Fabricio Oberto,33.0,82,1643.68,430,95,20,37,397
2007-08,2436,Flip Murray,28.0,42,873.3183333333334,83,144,4,38,396
2007-08,1922,Francisco Elson,32.0,63,813.4616666666667,200,24,20,15,210
2007-08,101128,Francisco Garcia,26.0,79,2095.95,264,128,50,96,971
2007-08,2410,Fred Jones,29.0,70,1756.5466666666666,170,166,18,48,532
2007-08,201172,Gabe Pruitt,22.0,15,94.60666666666667,8,13,0,5,32
2007-08,101123,Gerald Green,22.0,30,361.34833333333336,64,29,4,8,153
2007-08,2222,Gerald Wallace,25.0,62,2375.5983333333334,373,216,58,131,1200
2007-08,2240,Gilbert Arenas,26.0,13,424.81,51,66,1,23,252
2007-08,201175,Glen Davis,22.0,69,940.4383333333334,208,28,20,31,313
2007-08,1921,Gordan Giricek,31.0,56,830.7333333333333,96,62,4,24,325
2007-08,255,Grant Hill,35.0,70,2222.096666666667,353,203,56,65,919
2007-08,1761,Greg Buckner,31.0,31,519.5216666666666,65,39,2,21,124
2007-08,200799,Guillermo Diaz,23.0,6,17.981666666666666,2,1,0,0,5
2007-08,101124,Hakim Warrick,25.0,75,1753.67,356,53,28,36,852
2007-08,2045,Hedo Turkoglu,29.0,82,3026.201666666667,471,409,25,74,1602
2007-08,200756,Hilton Armstrong,23.0,65,732.2533333333333,163,23,34,15,178
2007-08,101133,Ian Mahinmi,21.0,6,22.553333333333335,5,1,4,0,21
2007-08,101113,Ike Diogu,24.0,30,304.7816666666667,85,10,3,7,168
2007-08,2137,Ime Udoka,30.0,73,1315.9783333333332,228,63,17,56,423
2007-08,1956,Ira Newble,33.0,49,697.9966666666667,125,18,8,28,188
2007-08,200826,J.J. Barea,24.0,44,459.83166666666665,47,58,1,14,191
2007-08,200755,JJ Redick,24.0,34,276.12666666666667,23,16,0,4,140
2007-08,2747,JR Smith,22.0,74,1420.97,152,128,12,62,907
2007-08,1521,Jacque Vaughn,33.0,74,1139.2383333333332,74,159,1,23,306
2007-08,2063,Jake Voskuhl,30.0,44,385.895,97,13,21,9,98
2007-08,2048,Jamaal Magloire,30.0,31,285.80333333333334,89,7,10,1,56
2007-08,2224,Jamaal Tinsley,30.0,39,1293.2333333333333,141,326,10,66,464
2007-08,2037,Jamal Crawford,28.0,80,3189.608333333333,207,398,17,81,1645
2007-08,200081,Jamario Moon,28.0,78,2165.951666666667,484,90,108,80,661
2007-08,2749,Jameer Nelson,26.0,69,1960.805,243,383,4,63,755
2007-08,200788,James Augustine,24.0,25,148.82,30,2,2,5,40
2007-08,2592,James Jones,27.0,58,1275.6916666666666,161,34,15,24,463
2007-08,1899,James Posey,31.0,74,1821.4466666666667,322,114,19,72,545
2007-08,2457,Jannero Pargo,28.0,80,1497.3983333333333,130,192,5,50,644
2007-08,201162,Jared Dudley,22.0,73,1383.8166666666666,286,81,10,55,422
2007-08,2407,Jared Jeffries,26.0,73,1324.62,243,66,23,36,269
2007-08,101127,Jarrett Jack,24.0,82,2229.41,234,313,1,61,814
2007-08,2260,Jarron Collins,29.0,70,702.3433333333334,116,37,6,10,118
2007-08,2553,Jarvis Hayes,26.0,82,1287.18,178,62,6,47,552
2007-08,2215,Jason Collins,29.0,74,1172.1366666666668,178,25,25,23,140
2007-08,2078,Jason Hart,30.0,57,605.75,55,86,3,30,165
2007-08,2574,Jason Kapono,27.0,81,1529.7466666666667,120,65,2,34,580
2007-08,467,Jason Kidd,35.0,80,2905.515,600,806,26,136,864
2007-08,101131,Jason Maxiell,25.0,82,1767.8333333333333,433,46,94,21,651
2007-08,2202,Jason Richardson,27.0,82,3149.31,441,258,57,116,1788
2007-08,201160,Jason Smith,22.0,76,1106.4966666666667,230,20,50,22,340
2007-08,1891,Jason Terry,30.0,82,2578.6033333333335,208,264,18,88,1269
2007-08,1715,Jason Williams,32.0,67,1886.2333333333333,130,307,5,83,588
2007-08,201159,Javaris Crittenton,20.0,50,678.16,110,51,2,19,278
2007-08,1902,Jeff Foster,31.0,77,1883.48,668,129,32,56,496
2007-08,201145,Jeff Green,21.0,80,2253.0666666666666,379,119,49,46,838
2007-08,976,Jeff McInnis,33.0,54,1410.355,96,220,3,23,242
2007-08,1741,Jelani McCoy,30.0,6,33.28333333333333,7,0,5,0,3
2007-08,200978,Jeremy Richardson,24.0,27,131.75166666666667,9,2,0,3,41
2007-08,979,Jermaine O'Neal,29.0,42,1205.9966666666667,283,93,87,20,571
2007-08,201176,Jermareo Davidson,23.0,38,321.595,62,13,15,7,120
2007-08,1744,Jerome James,32.0,2,4.566666666666666,3,0,0,0,4
2007-08,711,Jerry Stackhouse,33.0,58,1412.3583333333333,133,145,10,28,618
2007-08,201149,Joakim Noah,23.0,74,1533.715,416,84,64,68,488
2007-08,2207,Joe Johnson,27.0,82,3342.7933333333335,367,474,18,84,1779
2007-08,693,Joe Smith,32.0,77,1725.805,401,66,47,34,778
2007-08,201202,Joel Anthony,25.0,24,498.13666666666666,93,3,31,9,85
2007-08,2038,Joel Przybilla,28.0,77,1819.4083333333333,649,27,93,13,371
2007-08,101121,Joey Graham,26.0,38,330.635,67,15,0,3,138
2007-08,101130,Johan Petro,22.0,72,1310.27,370,32,42,35,432
2007-08,2422,John Salmons,28.0,81,2517.0333333333333,349,208,31,93,1015
2007-08,200770,Jordan Farmar,21.0,82,1689.8883333333333,183,225,5,77,749
2007-08,200816,Jorge Garbajosa,30.0,7,73.805,15,3,0,3,22
2007-08,101181,Jose Calderon,26.0,82,2483.515,236,678,6,87,922
2007-08,200767,Josh Boone,23.0,70,1772.7383333333332,509,55,61,36,575
2007-08,2735,Josh Childress,25.0,76,2274.1033333333335,373,117,43,71,898
2007-08,2572,Josh Howard,28.0,76,2757.1516666666666,532,164,32,59,1513
2007-08,201177,Josh McRoberts,21.0,8,28.126666666666665,10,2,0,1,12
2007-08,2694,Josh Powell,25.0,64,1227.4783333333332,331,47,23,14,353
2007-08,2746,Josh Smith,22.0,81,2873.1666666666665,667,272,227,123,1394
2007-08,2434,Juan Carlos Navarro,28.0,82,2117.16,210,177,1,48,896
2007-08,2413,Juan Dixon,29.0,53,668.1366666666667,75,97,2,21,263
2007-08,201153,Julian Wright,21.0,57,640.0766666666667,117,40,12,29,223
2007-08,200818,Justin Williams,24.0,23,122.78833333333333,49,0,5,5,34
2007-08,436,Juwan Howard,35.0,50,352.49666666666667,81,17,2,5,57
2007-08,2079,Kaniel Dickens,29.0,5,11.76,1,1,1,0,2
2007-08,2416,Kareem Rush,27.0,71,1504.2,168,89,19,42,588
2007-08,2867,Kasib Powell,27.0,11,304.195,44,18,2,9,84
2007-08,2586,Keith Bogans,28.0,82,2197.725,266,104,10,59,711
2007-08,101247,Keith Langford,24.0,2,9.6,2,0,0,0,2
2007-08,101235,Kelenna Azubuike,24.0,81,1732.05,324,75,34,45,692
2007-08,2570,Kendrick Perkins,23.0,78,1911.9566666666667,474,84,114,31,542
2007-08,1903,Kenny Thomas,30.0,23,281.425,61,13,1,6,32
2007-08,2030,Kenyon Martin,30.0,71,2158.536666666667,461,90,85,88,877
2007-08,201142,Kevin Durant,19.0,80,2767.9683333333332,348,192,75,78,1624
2007-08,708,Kevin Garnett,32.0,71,2327.98,655,244,89,100,1337
2007-08,2755,Kevin Martin,25.0,61,2216.1116666666667,273,129,5,62,1443
2007-08,1563,Kevin Ollie,35.0,40,299.78333333333336,19,38,0,10,70
2007-08,2039,Keyon Dooling,28.0,72,1334.2233333333334,101,133,5,36,581
2007-08,2550,Kirk Hinrich,27.0,75,2379.508333333333,244,452,19,87,862
2007-08,2745,Kirk Snyder,25.0,36,760.9433333333334,126,64,15,20,261
2007-08,977,Kobe Bryant,29.0,82,3192.2766666666666,517,441,40,151,2323
2007-08,200785,Kosta Perovic,23.0,7,37.95,13,1,2,0,10
2007-08,2743,Kris Humphries,23.0,70,925.0333333333333,259,28,28,25,397
2007-08,703,Kurt Thomas,35.0,70,1584.155,507,67,57,56,443
2007-08,2198,Kwame Brown,26.0,38,713.4166666666666,188,45,23,22,184
2007-08,2594,Kyle Korver,27.0,75,1732.71,172,101,29,42,740
2007-08,200768,Kyle Lowry,22.0,82,2088.983333333333,250,296,22,92,791
2007-08,201178,Kyrylo Fesenko,21.0,9,70.11166666666666,25,2,3,0,14
2007-08,200746,LaMarcus Aldridge,22.0,76,2648.9133333333334,578,122,94,55,1350
2007-08,1885,Lamar Odom,28.0,77,2921.2616666666668,819,273,72,75,1094
2007-08,200984,Lance Allred,27.0,3,10.081666666666667,1,0,0,0,3
2007-08,1716,Larry Hughes,29.0,68,2020.185,230,181,17,99,827
2007-08,2544,LeBron James,23.0,75,3026.798333333333,592,539,81,138,2250
2007-08,2571,Leandro Barbosa,25.0,82,2420.9616666666666,231,216,18,75,1283
2007-08,200796,Leon Powe,24.0,56,809.3066666666666,227,15,16,15,445
2007-08,101132,Linas Kleiza,23.0,79,1888.86,333,95,19,44,880
2007-08,283,Lindsey Hunter,37.0,24,215.25833333333333,13,33,2,13,58
2007-08,2669,Linton Johnson,28.0,8,63.06666666666667,14,4,1,0,21
2007-08,2254,Loren Woods,30.0,7,16.911666666666665,1,2,0,0,6
2007-08,953,Lorenzen Wright,32.0,18,160.53333333333333,38,4,3,3,15
2007-08,200811,Lou Amundson,25.0,16,64.05,12,0,1,1,18
2007-08,101150,Lou Williams,21.0,80,1862.0266666666666,167,253,13,81,920
2007-08,2449,Luis Scola,28.0,82,2023.5783333333334,525,106,19,60,847
2007-08,2739,Luke Jackson,26.0,14,228.11,33,17,0,8,79
2007-08,2557,Luke Ridnour,27.0,61,1223.0016666666668,94,241,14,37,393
2007-08,2575,Luke Walton,28.0,74,1729.47,291,218,18,60,535
2007-08,2736,Luol Deng,23.0,63,2127.8966666666665,394,155,29,57,1070
2007-08,101129,Luther Head,25.0,73,1378.7516666666668,135,138,9,44,557
2007-08,1766,Maceo Baston,32.0,15,103.21666666666667,26,3,4,2,41
2007-08,2124,Malik Allen,30.0,73,1095.7383333333332,196,44,31,19,338
2007-08,990,Malik Rose,33.0,49,494.24666666666667,103,28,7,16,171
2007-08,1938,Manu Ginobili,30.0,74,2299.0816666666665,354,332,33,109,1442
2007-08,101162,Marcin Gortat,24.0,6,40.67333333333333,16,2,1,1,18
2007-08,201158,Marco Belinelli,22.0,33,240.565,14,15,0,5,95
2007-08,2556,Marcus Banks,26.0,36,568.9183333333333,45,61,13,14,239
2007-08,948,Marcus Camby,34.0,79,2757.725,1037,259,285,85,721
2007-08,200790,Marcus Vinicius,24.0,13,69.10333333333334,8,2,1,1,28
2007-08,200766,Marcus Williams,22.0,53,853.8366666666667,101,140,3,25,313
2007-08,201173,Marcus Williams,21.0,11,36.038333333333334,12,3,1,1,10
2007-08,200776,Mardy Collins,23.0,46,633.795,75,89,8,24,145
2007-08,201238,Mario West,24.0,64,268.9633333333333,48,13,4,12,59
2007-08,1548,Mark Blount,32.0,69,1541.6383333333333,263,41,34,33,581
2007-08,2058,Mark Madsen,32.0,20,151.335,38,4,2,3,9
2007-08,2060,Marko Jaric,29.0,75,2188.5066666666667,222,311,32,97,621
2007-08,2605,Marquis Daniels,27.0,74,1545.665,212,137,18,79,606
2007-08,101110,Martell Webster,21.0,75,2132.35,296,90,28,42,799
2007-08,101107,Marvin Williams,22.0,80,2765.326666666667,457,137,33,81,1185
2007-08,2440,Matt Barnes,28.0,73,1413.7666666666667,324,139,36,48,486
2007-08,2588,Matt Bonner,28.0,68,852.5566666666666,192,32,17,14,326
2007-08,2679,Matt Carroll,27.0,80,2015.865,226,73,19,46,720
2007-08,1723,Matt Harpring,32.0,76,1374.0233333333333,240,82,14,45,622
2007-08,200772,Maurice Ager,24.0,26,165.09333333333333,13,8,1,0,51
2007-08,2230,Maurice Evans,29.0,75,1720.595,218,81,10,46,664
2007-08,2246,Mehmet Okur,29.0,72,2389.7116666666666,556,145,29,55,1047
2007-08,2408,Melvin Ely,30.0,52,620.6383333333333,145,22,18,7,202
2007-08,1897,Metta World Peace,28.0,57,2172.048333333333,328,199,38,133,1168
2007-08,1720,Michael Doleac,31.0,24,257.32166666666666,49,7,10,10,57
2007-08,714,Michael Finley,35.0,82,2203.875,254,114,10,29,826
2007-08,2072,Michael Redd,28.0,72,2702.1283333333336,309,247,13,65,1632
2007-08,1913,Michael Ruffin,31.0,46,631.645,186,24,19,31,91
2007-08,101153,Mickael Gelabale,25.0,39,464.96166666666664,58,33,9,10,168
2007-08,2554,Mickael Pietrus,26.0,66,1315.5716666666667,242,49,43,66,472
2007-08,1710,Mike Bibby,30.0,48,1573.245,160,290,4,54,667
2007-08,201144,Mike Conley,20.0,53,1381.3366666666666,139,222,2,44,498
2007-08,2399,Mike Dunleavy,27.0,82,2953.2166666666667,424,288,31,86,1565
2007-08,200839,Mike Harris,25.0,17,159.39166666666668,54,3,3,6,62
2007-08,2229,Mike James,33.0,54,719.7116666666667,69,60,2,21,272
2007-08,2034,Mike Miller,28.0,70,2473.9866666666667,467,240,16,35,1147
2007-08,2366,Mike Wilks,29.0,15,187.92166666666665,19,14,0,9,41
2007-08,1630,Mikki Moore,32.0,82,2385.201666666667,494,84,46,35,698
2007-08,2590,Mo Williams,25.0,66,2410.0866666666666,230,419,10,78,1137
2007-08,101145,Monta Ellis,22.0,81,3070.895,404,315,27,124,1636
2007-08,201165,Morris Almond,23.0,9,39.196666666666665,2,3,0,1,13
2007-08,2050,Morris Peterson,30.0,76,1795.7466666666667,206,67,7,47,608
2007-08,200754,Mouhamed Sene,22.0,13,62.156666666666666,16,1,7,0,30
2007-08,101126,Nate Robinson,24.0,72,1882.84,222,212,1,60,913
2007-08,1737,Nazr Mohammed,30.0,82,1649.795,494,72,60,45,639
2007-08,2420,Nenad Krstic,24.0,45,811.5783333333334,200,27,17,9,298
2007-08,2403,Nene,25.0,16,265.52666666666664,87,15,14,9,85
2007-08,2555,Nick Collison,27.0,78,2222.675,730,113,60,47,767
2007-08,201174,Nick Fazekas,23.0,26,268.94166666666666,89,11,11,8,107
2007-08,201156,Nick Young,23.0,75,1157.7366666666667,115,63,7,35,561
2007-08,200762,Oleksiy Pecherov,22.0,35,319.5133333333333,66,7,5,6,125
2007-08,101158,Orien Greene,26.0,7,60.70166666666667,6,3,1,3,6
2007-08,970,Othella Harrington,34.0,22,166.17666666666668,42,4,4,1,46
2007-08,136,P.J. Brown,38.0,18,209.12666666666667,68,10,8,5,39
2007-08,1727,Pat Garrity,31.0,31,283.92333333333335,44,13,1,6,66
2007-08,200753,Patrick O'Bryant,22.0,24,99.31666666666666,29,4,9,4,35
2007-08,2200,Pau Gasol,27.0,66,2350.78,553,211,98,30,1246
2007-08,200781,Paul Davis,23.0,22,194.03,47,10,6,6,54
2007-08,200794,Paul Millsap,23.0,82,1701.7333333333333,460,81,73,72,661
2007-08,1718,Paul Pierce,30.0,80,2873.6766666666667,411,363,36,101,1570
2007-08,978,Peja Stojakovic,31.0,77,2711.2816666666668,331,96,10,57,1263
2007-08,2056,Primoz Brezec,28.0,50,474.52666666666664,81,11,7,3,112
2007-08,2047,Quentin Richardson,28.0,65,1840.9866666666667,315,116,15,44,527
2007-08,200763,Quincy Douby,24.0,74,876.49,83,53,12,30,354
2007-08,2624,Quinton Ross,27.0,76,1504.715,172,88,33,43,311
2007-08,1711,Raef LaFrentz,32.0,39,291.3183333333333,67,6,17,12,65
2007-08,1747,Rafer Alston,31.0,74,2525.9283333333333,260,392,18,98,969
2007-08,1952,Raja Bell,31.0,75,2646.2433333333333,274,168,27,54,889
2007-08,200765,Rajon Rondo,22.0,77,2305.7233333333334,322,393,13,129,814
2007-08,201196,Ramon Sessions,22.0,17,449.5283333333333,58,127,3,17,137
2007-08,201043,Randolph Morris,22.0,18,180.88333333333333,37,2,2,4,56
2007-08,200751,Randy Foye,24.0,39,1258.73,128,164,3,36,510
2007-08,101119,Rashad McCants,23.0,75,2019.58,206,162,18,66,1114
2007-08,1740,Rashard Lewis,28.0,81,3076.1133333333332,437,196,38,99,1476
2007-08,739,Rasheed Wallace,33.0,77,2346.3283333333334,511,137,129,91,979
2007-08,1725,Rasho Nesterovic,32.0,71,1486.13,342,82,52,20,552
2007-08,2446,Rasual Butler,29.0,51,875.4083333333333,100,36,21,15,252
2007-08,951,Ray Allen,32.0,73,2623.535,268,225,16,65,1273
2007-08,101109,Raymond Felton,24.0,79,2972.1716666666666,236,583,12,96,1140
2007-08,2501,Reggie Evans,28.0,81,1879.015,611,65,8,86,425
2007-08,200764,Renaldo Balkman,23.0,65,951.9733333333334,216,40,30,44,224
2007-08,1888,Richard Hamilton,30.0,72,2424.2383333333332,235,299,10,73,1244
2007-08,2210,Richard Jefferson,28.0,82,3200.2883333333334,342,252,21,76,1857
2007-08,2499,Richie Frahm,30.0,10,163.16833333333332,14,8,0,2,47
2007-08,1729,Ricky Davis,28.0,82,2963.3933333333334,353,276,14,87,1130
2007-08,109,Robert Horry,37.0,45,582.7283333333334,109,47,19,21,112
2007-08,2741,Robert Swift,22.0,8,97.69666666666667,18,1,6,5,14
2007-08,200760,Rodney Carney,24.0,70,1038.6516666666666,149,32,23,39,409
2007-08,201155,Rodney Stuckey,22.0,57,1080.8733333333332,129,160,6,49,436
2007-08,2427,Roger Mason Jr.,27.0,80,1707.6216666666667,130,134,18,40,724
2007-08,2648,Ronald Dupree,27.0,5,20.801666666666666,8,1,0,1,4
2007-08,200758,Ronnie Brewer,23.0,76,2087.71,218,134,19,129,914
2007-08,101179,Ronnie Price,25.0,61,588.4383333333334,46,78,3,32,228
2007-08,101142,Ronny Turiaf,25.0,78,1457.8183333333334,306,128,108,28,516
2007-08,2767,Royal Ivey,26.0,75,1436.7216666666666,118,160,7,45,418
2007-08,1739,Ruben Patterson,32.0,20,326.94666666666666,64,17,7,21,102
2007-08,200752,Rudy Gay,21.0,81,2999.721666666667,499,158,79,111,1632
2007-08,1763,Ryan Bowen,32.0,53,659.65,100,25,11,32,114
2007-08,101155,Ryan Gomes,25.0,82,2433.895,475,145,10,65,1033
2007-08,200797,Ryan Hollins,23.0,60,531.5816666666667,107,14,30,10,147
2007-08,101136,Salim Stoudamire,25.0,35,401.59,24,28,5,7,200
2007-08,208,Sam Cassell,38.0,55,1273.3733333333332,136,214,6,37,616
2007-08,2223,Samuel Dalembert,28.0,82,2724.2883333333334,849,45,192,40,864
2007-08,2562,Sasha Pavlovic,24.0,51,1188.1666666666667,128,82,6,29,379
2007-08,2756,Sasha Vujacic,24.0,72,1279.0733333333333,154,72,5,36,632
2007-08,1513,Scot Pollard,33.0,22,172.89333333333335,37,3,6,3,39
2007-08,1752,Sean Marks,32.0,19,129.8,36,4,10,3,59
2007-08,201157,Sean Williams,21.0,73,1278.3083333333334,322,28,106,28,409
2007-08,2742,Sebastian Telfair,23.0,60,1932.7433333333333,135,355,11,59,556
2007-08,200771,Sergio Rodriguez,22.0,72,627.91,58,123,0,24,180
2007-08,2203,Shane Battier,29.0,80,2906.6766666666667,407,155,90,77,744
2007-08,200769,Shannon Brown,22.0,21,239.845,20,17,3,11,114
2007-08,406,Shaquille O'Neal,36.0,61,1748.0666666666666,554,93,88,32,832
2007-08,949,Shareef Abdur-Rahim,31.0,6,50.556666666666665,10,4,0,1,10
2007-08,101183,Shavlik Randolph,24.0,9,27.491666666666667,11,3,3,1,8
2007-08,1890,Shawn Marion,30.0,63,2315.1383333333333,643,138,85,125,972
2007-08,200761,Shawne Williams,22.0,65,966.9566666666667,176,59,26,26,437
2007-08,200749,Shelden Williams,24.0,64,775.99,205,19,21,22,255
2007-08,2470,Smush Parker,27.0,28,592.4333333333333,51,84,6,24,165
2007-08,200780,Solomon Jones,23.0,35,145.08833333333334,42,0,5,3,35
2007-08,201150,Spencer Hawes,20.0,71,931.2533333333333,230,44,40,14,334
2007-08,201186,Stephane Lasme,25.0,16,303.31666666666666,53,3,22,13,83
2007-08,101211,Stephen Graham,26.0,22,127.81666666666666,22,9,1,4,87
2007-08,1536,Stephen Jackson,30.0,73,2855.33,318,300,29,92,1466
2007-08,950,Stephon Marbury,31.0,24,804.9883333333333,59,113,2,21,333
2007-08,2581,Steve Blake,28.0,81,2424.29,195,413,4,55,692
2007-08,1883,Steve Francis,31.0,10,199.305,23,30,5,9,55
2007-08,959,Steve Nash,34.0,81,2779.865,282,898,5,53,1371
2007-08,200779,Steve Novak,25.0,35,263.9716666666667,35,6,3,2,135
2007-08,2212,Steven Hunter,26.0,19,119.695,29,0,6,0,39
2007-08,2031,Stromile Swift,28.0,56,844.6416666666667,199,26,54,15,343
2007-08,2551,T.J. Ford,25.0,51,1199.4416666666666,100,313,0,54,617
2007-08,200814,Tarence Kinsey,24.0,11,96.05333333333333,12,2,0,3,40
2007-08,201192,Taurean Green,21.0,17,73.78333333333333,10,11,0,2,27
2007-08,2419,Tayshaun Prince,28.0,82,2693.855,398,268,33,42,1080
2007-08,200757,Thabo Sefolosha,24.0,69,1435.7366666666667,255,129,30,61,464
2007-08,201152,Thaddeus Young,20.0,74,1554.415,312,58,8,73,610
2007-08,689,Theo Ratliff,35.0,26,436.9683333333333,89,14,37,7,111
2007-08,201242,Thomas Gardner,23.0,4,44.733333333333334,4,1,0,0,21
2007-08,1495,Tim Duncan,32.0,78,2650.786666666667,881,218,152,56,1508
2007-08,1501,Tim Thomas,31.0,63,1939.7283333333332,323,171,29,40,780
2007-08,2754,Tony Allen,26.0,75,1372.9283333333333,168,114,21,62,494
2007-08,2225,Tony Parker,26.0,69,2312.366666666667,221,411,8,55,1295
2007-08,1503,Tracy McGrady,29.0,66,2439.9933333333333,339,387,30,68,1427
2007-08,101143,Travis Diener,26.0,66,1356.24,115,251,4,35,456
2007-08,2566,Travis Outlaw,23.0,82,2185.765,376,106,63,59,1092
2007-08,2239,Trenton Hassell,29.0,63,773.3783333333333,83,41,3,13,123
2007-08,2772,Trevor Ariza,23.0,35,546.4966666666667,108,44,11,31,192
2007-08,1607,Troy Hudson,32.0,9,93.325,7,9,0,3,28
2007-08,2211,Troy Murphy,28.0,75,2105.673333333333,543,165,32,49,916
2007-08,1731,Tyronn Lue,31.0,50,736.27,54,74,1,11,290
2007-08,200748,Tyrus Thomas,21.0,74,1330.2433333333333,342,90,72,48,502
2007-08,2199,Tyson Chandler,25.0,79,2782.721666666667,928,81,84,45,929
2007-08,2617,Udonis Haslem,28.0,49,1805.49,443,68,18,39,589
2007-08,2751,Viktor Khryapa,25.0,9,104.70833333333333,20,8,0,6,32
2007-08,1713,Vince Carter,31.0,76,2959.0033333333336,453,389,33,93,1622
2007-08,2209,Vladimir Radmanovic,27.0,65,1483.2016666666666,215,123,12,46,543
2007-08,101144,Von Wafer,22.0,29,153.82666666666665,19,7,3,2,46
2007-08,1887,Wally Szczerbiak,31.0,75,1736.4966666666667,217,104,12,23,861
2007-08,200835,Walter Herrmann,29.0,45,372.915,73,18,1,7,153
2007-08,2584,Willie Green,26.0,74,1970.015,182,151,22,54,921
2007-08,201163,Wilson Chandler,21.0,35,685.065,127,33,16,15,255
2007-08,200821,Yakhouba Diawara,25.0,54,542.1566666666666,62,37,3,8,153
2007-08,2397,Yao Ming,27.0,55,2043.8683333333333,594,129,111,25,1209
2007-08,201146,Yi Jianlian,20.0,66,1646.6016666666667,344,55,56,36,566
2007-08,2216,Zach Randolph,26.0,69,2243.96,710,140,16,59,1217
2007-08,2585,Zaza Pachulia,24.0,62,943.8733333333333,248,36,13,24,322
2007-08,980,Zydrunas Ilgauskas,33.0,73,2221.846666666667,682,104,120,34,1029
2008-09,201166,Aaron Brooks,24.0,80,1998.17,157,238,8,46,894
2008-09,201189,Aaron Gray,24.0,56,715.1083333333333,220,46,18,14,196
2008-09,201151,Acie Law,24.0,55,559.5233333333333,58,86,3,11,162
2008-09,200747,Adam Morrison,24.0,52,711.0516666666666,80,41,4,9,209
2008-09,1502,Adonal Foyle,34.0,10,61.93333333333333,26,1,8,0,17
2008-09,1733,Al Harrington,29.0,73,2546.4616666666666,455,102,22,88,1469
2008-09,201143,Al Horford,23.0,67,2242.2116666666666,624,163,95,53,773
2008-09,2744,Al Jefferson,24.0,50,1835.7866666666666,548,79,83,39,1156
2008-09,201154,Al Thornton,25.0,71,2654.05,368,103,62,59,1194
2008-09,201169,Alando Tucker,25.0,30,282.3883333333333,31,12,1,5,138
2008-09,101165,Alex Acker,26.0,25,199.57833333333335,24,12,4,5,72
2008-09,201582,Alexis Ajinca,21.0,31,182.25666666666666,30,3,6,7,70
2008-09,947,Allen Iverson,34.0,57,2092.43,173,283,6,88,995
2008-09,2405,Amar'e Stoudemire,26.0,53,1947.8833333333334,430,104,57,49,1134
2008-09,101161,Amir Johnson,22.0,62,910.9966666666667,232,20,60,20,217
2008-09,2760,Anderson Varejao,26.0,81,2305.795,581,81,66,75,694
2008-09,101154,Andray Blatche,22.0,71,1702.9383333333333,378,118,74,53,713
2008-09,2810,Andre Brown,28.0,4,41.355,12,1,0,1,4
2008-09,2738,Andre Iguodala,25.0,82,3268.97,471,434,36,131,1541
2008-09,1889,Andre Miller,33.0,82,2976.225,368,534,14,109,1337
2008-09,200745,Andrea Bargnani,23.0,78,2453.3566666666666,416,94,97,34,1202
2008-09,1905,Andrei Kirilenko,28.0,67,1831.0733333333333,319,175,77,83,776
2008-09,2804,Andres Nocioni,29.0,76,1991.6166666666666,361,102,33,39,867
2008-09,101106,Andrew Bogut,24.0,36,1123.6633333333334,369,72,37,23,422
2008-09,101115,Andrew Bynum,21.0,50,1446.0816666666667,398,71,90,18,714
2008-09,2740,Andris Biedrins,23.0,62,1863.0433333333333,693,121,96,63,735
2008-09,1712,Antawn Jamison,33.0,81,3095.71,721,153,25,95,1801
2008-09,1853,Anthony Carter,34.0,78,1786.5766666666666,205,364,13,96,412
2008-09,1533,Anthony Johnson,34.0,80,1481.0216666666668,147,200,5,46,421
2008-09,201627,Anthony Morrow,23.0,67,1515.2983333333334,199,80,12,36,676
2008-09,1515,Anthony Parker,34.0,80,2636.47,317,269,15,100,857
2008-09,201576,Anthony Randolph,19.0,63,1129.1266666666668,363,49,74,42,499
2008-09,101194,Anthony Roberson,26.0,29,275.78333333333336,22,20,1,10,119
2008-09,201229,Anthony Tolliver,24.0,19,208.05,41,17,1,5,52
2008-09,101120,Antoine Wright,25.0,65,1551.8733333333332,136,77,27,46,474
2008-09,1498,Antonio Daniels,34.0,74,1020.7983333333333,77,177,1,26,300
2008-09,686,Antonio McDyess,34.0,62,1866.1616666666666,607,83,50,41,596
2008-09,201167,Arron Afflalo,23.0,74,1233.825,134,44,13,28,363
2008-09,1506,Austin Croshere,34.0,14,99.95666666666666,34,9,1,1,40
2008-09,1884,Baron Davis,30.0,65,2248.3483333333334,238,501,35,108,968
2008-09,2732,Ben Gordon,26.0,82,2998.97,283,279,22,71,1699
2008-09,1112,Ben Wallace,34.0,56,1313.5383333333334,362,44,75,48,165
2008-09,2757,Beno Udrih,26.0,73,2270.06,220,342,12,81,800
2008-09,201336,Blake Ahearn,25.0,3,18.8,1,2,0,1,8
2008-09,201628,Bobby Brown,24.0,68,931.4816666666667,52,117,3,21,361
2008-09,1517,Bobby Jackson,36.0,71,1484.125,200,143,4,62,532
2008-09,2250,Bobby Simmons,29.0,71,1729.2416666666666,277,92,10,50,556
2008-09,2564,Boris Diaw,27.0,81,2753.79,432,333,53,61,1072
2008-09,1802,Brad Miller,33.0,70,2100.1516666666666,545,234,36,52,831
2008-09,201148,Brandan Wright,21.0,39,688.2666666666667,157,21,37,22,323
2008-09,101138,Brandon Bass,24.0,81,1574.33,367,43,55,27,686
2008-09,200750,Brandon Roy,24.0,78,2903.315,370,400,22,88,1765
2008-09,201575,Brandon Rush,23.0,75,1802.895,233,66,37,38,610
2008-09,2217,Brendan Haywood,29.0,6,175.4,44,8,15,4,58
2008-09,699,Brent Barry,37.0,56,856.7883333333333,94,78,3,24,208
2008-09,1510,Brevin Knight,33.0,74,937.6283333333333,88,190,4,68,180
2008-09,2073,Brian Cardinal,32.0,64,908.7766666666666,142,76,13,37,190
2008-09,2567,Brian Cook,28.0,30,170.66666666666666,32,5,3,3,74
2008-09,2243,Brian Scalabrine,31.0,39,504.45166666666665,50,18,10,7,136
2008-09,1730,Brian Skinner,33.0,51,843.0216666666666,203,27,52,17,214
2008-09,201572,Brook Lopez,21.0,82,2501.4016666666666,665,86,151,44,1068
2008-09,1477,Bruce Bowen,38.0,80,1505.8633333333332,145,40,13,36,214
2008-09,201228,C.J. Watson,25.0,77,1883.11,192,206,4,96,730
2008-09,101139,CJ Miles,22.0,72,1622.66,167,107,15,46,657
2008-09,1916,Calvin Booth,33.0,8,55.45,11,0,2,1,16
2008-09,201171,Carl Landry,25.0,69,1466.7583333333334,343,39,31,26,638
2008-09,2430,Carlos Boozer,27.0,37,1196.53,385,79,7,39,599
2008-09,2546,Carmelo Anthony,25.0,66,2277.0866666666666,450,222,24,75,1504
2008-09,2406,Caron Butler,29.0,67,2584.8616666666667,414,290,20,106,1392
2008-09,201858,Cartier Martin,24.0,33,265.6066666666667,33,13,4,8,86
2008-09,200759,Cedric Simmons,23.0,18,84.08166666666666,16,2,4,1,29
2008-09,101112,Channing Frye,26.0,63,745.69,140,24,16,17,263
2008-09,2294,Charlie Bell,30.0,70,1782.5283333333334,134,151,7,50,587
2008-09,101111,Charlie Villanueva,24.0,78,2094.8716666666664,520,137,56,50,1264
2008-09,1497,Chauncey Billups,32.0,79,2788.465,239,506,18,93,1400
2008-09,200798,Cheikh Samb,24.0,18,83.12833333333333,24,1,10,3,15
2008-09,2365,Chris Andersen,30.0,71,1459.6316666666667,442,31,175,41,452
2008-09,2547,Chris Bosh,25.0,77,2927.865,771,191,77,67,1746
2008-09,201604,Chris Douglas-Roberts,22.0,44,584.5416666666666,50,52,7,12,216
2008-09,2768,Chris Duhon,26.0,79,2906.295,246,566,7,72,880
2008-09,2549,Chris Kaman,27.0,31,920.6316666666667,247,46,45,17,373
2008-09,2036,Chris Mihm,29.0,18,104.81333333333333,34,10,6,1,36
2008-09,101108,Chris Paul,24.0,78,3002.0916666666667,432,861,10,216,1781
2008-09,200809,Chris Quinn,25.0,66,962.1866666666666,75,132,2,24,339
2008-09,2404,Chris Wilcox,26.0,62,1049.6266666666668,277,47,16,26,447
2008-09,101236,Chuck Hayes,26.0,71,857.6933333333334,250,42,19,34,91
2008-09,1088,Chucky Atkins,34.0,33,412.315,24,59,2,10,98
2008-09,201147,Corey Brewer,23.0,15,307.01666666666665,49,25,3,15,93
2008-09,1894,Corey Maggette,29.0,51,1587.8783333333333,282,92,8,44,950
2008-09,201584,Courtney Lee,23.0,77,1938.745,178,91,14,76,646
2008-09,201235,Courtney Sims,25.0,2,13.283333333333333,4,0,0,0,6
2008-09,200783,Craig Smith,25.0,74,1460.1783333333333,284,79,19,31,746
2008-09,1749,Cuttino Mobley,33.0,11,364.62,29,12,2,15,151
2008-09,201571,D.J. Augustin,21.0,72,1907.9333333333334,133,250,2,42,850
2008-09,2788,DJ Mbenga,28.0,23,181.31333333333333,31,9,24,10,61
2008-09,201591,DJ White,22.0,7,129.49833333333333,32,6,5,3,62
2008-09,201161,Daequan Cook,22.0,75,1832.99,189,71,10,39,686
2008-09,2563,Dahntay Jones,28.0,79,1425.7033333333334,168,78,19,49,429
2008-09,2863,Damien Wilkins,29.0,41,635.9933333333333,70,37,7,22,218
2008-09,1800,Damon Jones,32.0,18,107.71833333333333,6,7,0,3,33
2008-09,2429,Dan Gadzuric,31.0,67,941.235,255,39,43,32,271
2008-09,200789,Daniel Gibson,23.0,75,1794.51,155,132,16,44,586
2008-09,201568,Danilo Gallinari,20.0,28,411.745,55,15,4,14,170
2008-09,101122,Danny Granger,26.0,67,2424.22,341,183,97,69,1728
2008-09,2032,Darius Miles,27.0,34,297.57166666666666,57,17,20,11,120
2008-09,2443,Darius Songaila,31.0,77,1521.2633333333333,227,94,20,64,566
2008-09,2545,Darko Milicic,24.0,61,1034.3816666666667,264,34,51,22,333
2008-09,201616,Darnell Jackson,23.0,51,429.5516666666667,87,8,4,10,98
2008-09,201589,Darrell Arthur,21.0,76,1464.1783333333333,346,43,52,52,422
2008-09,101135,David Lee,26.0,81,2824.06,951,174,22,80,1293
2008-09,2561,David West,28.0,76,2981.8233333333333,646,173,68,49,1593
2008-09,201599,DeAndre Jordan,20.0,53,771.3916666666667,237,11,59,11,228
2008-09,201634,DeMarcus Nelson,23.0,13,170.73166666666665,24,13,2,9,53
2008-09,2205,DeSagana Diop,27.0,75,1036.295,273,32,56,29,170
2008-09,2052,DeShawn Stevenson,28.0,32,886.1616666666666,76,98,2,21,211
2008-09,200793,Dee Brown,24.0,19,261.18833333333333,29,36,0,10,46
2008-09,2753,Delonte West,25.0,64,2151.64,203,226,13,94,751
2008-09,201193,Demetris Nichols,24.0,4,14.216666666666667,2,1,1,0,7
2008-09,965,Derek Fisher,34.0,82,2440.7966666666666,188,261,6,95,814
2008-09,101114,Deron Williams,25.0,68,2505.18,195,725,20,73,1322
2008-09,201565,Derrick Rose,20.0,81,3000.048333333333,317,512,18,66,1361
2008-09,2824,Desmon Farmer,27.0,3,53.916666666666664,6,2,0,0,13
2008-09,2046,Desmond Mason,31.0,39,1064.4566666666667,157,46,30,15,294
2008-09,1904,Devean George,31.0,43,707.7016666666667,78,15,11,23,147
2008-09,2484,Devin Brown,30.0,63,869.12,119,54,5,32,328
2008-09,2734,Devin Harris,26.0,69,2494.266666666667,231,476,13,114,1470
2008-09,87,Dikembe Mutombo,43.0,9,96.29833333333333,33,0,11,0,16
2008-09,1717,Dirk Nowitzki,31.0,81,3050.4583333333335,681,197,63,61,2094
2008-09,201187,Dominic McGuire,23.0,79,2072.266666666667,428,198,74,62,356
2008-09,201590,Donte Greene,21.0,55,725.3633333333333,86,30,14,16,209
2008-09,200971,Dontell Jefferson,25.0,6,83.78166666666667,12,9,1,4,29
2008-09,923,Donyell Marshall,36.0,25,188.86166666666668,40,15,5,4,94
2008-09,2748,Dorell Wright,23.0,6,73.32,20,2,0,2,18
2008-09,2400,Drew Gooden,27.0,51,1264.0883333333334,362,48,18,30,605
2008-09,101204,Dwayne Jones,26.0,6,52.46333333333333,12,0,1,0,12
2008-09,2730,Dwight Howard,23.0,79,2821.235,1093,112,231,77,1624
2008-09,2548,Dwyane Wade,27.0,79,3048.0416666666665,398,589,106,173,2386
2008-09,2248,Earl Watson,30.0,68,1776.4666666666667,183,391,11,50,448
2008-09,2109,Eddie Gill,30.0,6,43.145,4,11,1,3,14
2008-09,2067,Eddie House,31.0,81,1479.2333333333333,157,92,7,61,691
2008-09,2201,Eddy Curry,26.0,3,11.76,4,0,0,0,5
2008-09,2059,Eduardo Najera,32.0,27,318.81666666666666,67,19,4,10,79
2008-09,1882,Elton Brand,30.0,29,920.4133333333333,254,37,45,17,399
2008-09,2731,Emeka Okafor,26.0,82,2691.338333333333,827,53,136,48,1085
2008-09,201569,Eric Gordon,20.0,78,2676.6516666666666,201,215,35,78,1252
2008-09,956,Erick Dampier,33.0,80,1835.9033333333334,565,77,95,24,454
2008-09,2041,Etan Thomas,31.0,26,305.655,66,6,18,3,80
2008-09,101177,Fabricio Oberto,34.0,54,676.615,142,59,11,7,142
2008-09,2436,Flip Murray,29.0,80,1974.8183333333334,168,158,17,88,974
2008-09,1922,Francisco Elson,33.0,59,977.2633333333333,229,32,36,36,200
2008-09,101128,Francisco Garcia,27.0,65,1975.2983333333334,218,150,67,80,824
2008-09,2410,Fred Jones,30.0,52,1495.0383333333334,126,188,11,53,378
2008-09,201172,Gabe Pruitt,23.0,47,366.09833333333336,43,39,3,15,93
2008-09,201588,George Hill,23.0,77,1269.8033333333333,158,136,21,45,438
2008-09,101123,Gerald Green,23.0,38,375.525,54,15,5,10,199
2008-09,2222,Gerald Wallace,26.0,71,2669.2716666666665,553,189,67,121,1182
2008-09,2240,Gilbert Arenas,27.0,2,62.666666666666664,9,20,1,0,26
2008-09,201175,Glen Davis,23.0,76,1637.07,301,69,19,53,530
2008-09,201609,Goran Dragic,23.0,55,728.2416666666667,103,111,3,29,246
2008-09,255,Grant Hill,36.0,82,2444.79,405,186,54,90,985
2008-09,1761,Greg Buckner,32.0,63,878.02,130,57,8,29,155
2008-09,201141,Greg Oden,21.0,61,1313.8933333333334,424,31,69,25,540
2008-09,101124,Hakim Warrick,26.0,82,2029.43,406,66,39,48,951
2008-09,201632,Hamed Haddadi,24.0,19,119.67666666666666,47,8,12,1,48
2008-09,200801,Hassan Adams,25.0,12,51.91,7,1,1,1,11
2008-09,2045,Hedo Turkoglu,30.0,77,2815.105,410,375,19,64,1294
2008-09,201611,Henry Walker,21.0,29,215.83,29,13,2,6,88
2008-09,200756,Hilton Armstrong,24.0,70,1092.0066666666667,195,29,45,26,338
2008-09,101113,Ike Diogu,25.0,29,215.31,56,3,3,3,119
2008-09,2137,Ime Udoka,31.0,67,1035.3416666666667,187,54,12,36,289
2008-09,200826,J.J. Barea,25.0,79,1600.33,177,269,5,37,617
2008-09,201592,J.R. Giddens,24.0,6,7.611666666666666,3,0,0,1,4
2008-09,201581,JJ Hickson,20.0,62,704.7016666666667,165,9,30,14,245
2008-09,200755,JJ Redick,25.0,64,1110.6416666666667,109,73,1,21,382
2008-09,2747,JR Smith,23.0,81,2244.5616666666665,297,227,14,78,1233
2008-09,201580,JaVale McGee,21.0,75,1142.5916666666667,294,23,75,33,489
2008-09,1521,Jacque Vaughn,34.0,30,291.79833333333335,22,55,0,6,65
2008-09,2063,Jake Voskuhl,31.0,38,239.79833333333335,59,8,4,3,35
2008-09,2048,Jamaal Magloire,31.0,55,708.925,222,22,25,11,159
2008-09,2037,Jamal Crawford,29.0,65,2478.305,193,288,13,57,1280
2008-09,200081,Jamario Moon,29.0,80,2068.2233333333334,365,95,60,86,577
2008-09,2749,Jameer Nelson,27.0,42,1309.18,145,226,3,51,702
2008-09,2592,James Jones,28.0,40,629.6983333333334,62,20,14,12,169
2008-09,1899,James Posey,32.0,75,2140.0716666666667,362,82,21,58,668
2008-09,101189,James Singleton,27.0,62,884.285,250,17,28,26,314
2008-09,200778,James White,26.0,4,11.2,0,1,1,1,7
2008-09,201162,Jared Dudley,23.0,68,1155.7416666666666,205,56,8,57,372
2008-09,2407,Jared Jeffries,27.0,56,1309.6966666666667,231,80,33,47,296
2008-09,101127,Jarrett Jack,25.0,82,2716.451666666667,276,338,17,88,1074
2008-09,2260,Jarron Collins,30.0,26,201.335,37,7,1,2,40
2008-09,2553,Jarvis Hayes,27.0,74,1831.8133333333333,267,54,7,52,644
2008-09,2215,Jason Collins,30.0,31,422.17,70,11,13,9,57
2008-09,2078,Jason Hart,31.0,39,347.545,46,48,4,12,78
2008-09,2574,Jason Kapono,28.0,80,1831.3766666666668,163,105,3,22,654
2008-09,467,Jason Kidd,36.0,81,2886.035,500,702,39,160,731
2008-09,101131,Jason Maxiell,26.0,78,1407.6183333333333,324,24,63,25,452
2008-09,2202,Jason Richardson,28.0,72,2410.451666666667,319,146,28,76,1212
2008-09,1891,Jason Terry,31.0,74,2490.9166666666665,177,251,20,97,1447
2008-09,201574,Jason Thompson,22.0,82,2302.8766666666666,606,93,59,46,910
2008-09,201159,Javaris Crittenton,21.0,63,1174.0683333333334,166,150,6,40,317
2008-09,101214,Jawad Williams,26.0,10,20.265,2,0,0,1,12
2008-09,1902,Jeff Foster,32.0,74,1827.8133333333333,508,130,49,53,452
2008-09,201145,Jeff Green,22.0,78,2873.01,519,155,33,81,1290
2008-09,200978,Jeremy Richardson,25.0,12,92.71166666666667,14,3,0,0,37
2008-09,979,Jermaine O'Neal,30.0,68,2027.575,433,122,136,29,905
2008-09,201176,Jermareo Davidson,24.0,14,111.04333333333334,34,1,3,2,42
2008-09,1744,Jerome James,33.0,2,9.833333333333334,3,0,1,1,6
2008-09,711,Jerry Stackhouse,34.0,10,162.30333333333334,17,12,1,4,42
2008-09,201573,Jerryd Bayless,20.0,53,654.75,57,78,2,16,228
2008-09,201149,Joakim Noah,24.0,80,1938.27,606,106,110,49,537
2008-09,201570,Joe Alexander,22.0,59,716.3883333333333,115,42,29,15,278
2008-09,201621,Joe Crawford,23.0,2,22.833333333333332,4,1,0,1,9
2008-09,2207,Joe Johnson,28.0,79,3124.383333333333,346,455,19,84,1688
2008-09,693,Joe Smith,33.0,57,1101.7833333333333,263,41,40,17,374
2008-09,201202,Joel Anthony,26.0,65,1048.3016666666667,197,27,93,20,144
2008-09,2038,Joel Przybilla,29.0,82,1952.01,717,27,97,34,448
2008-09,201595,Joey Dorsey,25.0,3,6.366666666666666,1,1,0,0,2
2008-09,101121,Joey Graham,27.0,78,1540.6666666666667,292,48,12,35,597
2008-09,101130,Johan Petro,23.0,49,558.7116666666667,158,16,15,19,162
2008-09,2422,John Salmons,29.0,79,2959.0066666666667,333,249,24,83,1446
2008-09,200770,Jordan Farmar,22.0,65,1191.8733333333332,117,155,10,57,416
2008-09,101181,Jose Calderon,27.0,68,2332.943333333333,194,607,7,74,873
2008-09,200767,Josh Boone,24.0,62,994.675,258,31,48,22,258
2008-09,2572,Josh Howard,29.0,52,1662.8916666666667,263,83,30,55,936
2008-09,201177,Josh McRoberts,22.0,33,279.385,74,16,16,12,80
2008-09,2694,Josh Powell,26.0,60,703.12,176,27,17,9,250
2008-09,2746,Josh Smith,23.0,69,2420.525,498,169,111,94,1073
2008-09,2413,Juan Dixon,30.0,50,815.8933333333333,67,118,6,35,261
2008-09,201153,Julian Wright,22.0,54,771.55,152,43,19,35,237
2008-09,436,Juwan Howard,36.0,42,471.97,76,26,6,7,173
2008-09,2416,Kareem Rush,28.0,25,198.84833333333333,15,15,1,5,54
2008-09,2586,Keith Bogans,29.0,65,1272.0516666666667,202,64,4,43,364
2008-09,101235,Kelenna Azubuike,25.0,74,2374.555,370,117,50,57,1063
2008-09,2570,Kendrick Perkins,24.0,76,2253.28,619,96,150,22,648
2008-09,1903,Kenny Thomas,31.0,8,61.77166666666667,15,1,1,6,6
2008-09,2030,Kenyon Martin,31.0,66,2110.5233333333335,395,132,74,96,769
2008-09,201142,Kevin Durant,20.0,74,2884.891666666667,482,205,53,96,1871
2008-09,708,Kevin Garnett,33.0,57,1771.4833333333333,485,144,68,63,899
2008-09,201567,Kevin Love,20.0,81,2047.7016666666666,734,84,50,35,899
2008-09,2755,Kevin Martin,26.0,51,1946.9266666666667,183,138,8,61,1254
2008-09,1563,Kevin Ollie,36.0,50,849.975,75,117,4,19,202
2008-09,2039,Keyon Dooling,29.0,77,2073.5633333333335,155,270,8,71,748
2008-09,2550,Kirk Hinrich,28.0,51,1338.54,123,197,19,66,503
2008-09,977,Kobe Bryant,30.0,82,2960.0333333333333,429,399,37,120,2201
2008-09,201585,Kosta Koufos,20.0,48,565.1883333333334,138,20,31,12,224
2008-09,2743,Kris Humphries,24.0,29,265.13166666666666,70,10,6,8,114
2008-09,703,Kurt Thomas,36.0,79,1403.695,405,66,58,34,343
2008-09,2198,Kwame Brown,27.0,58,998.6933333333334,290,32,24,24,243
2008-09,2594,Kyle Korver,28.0,78,1874.3033333333333,258,137,30,47,705
2008-09,200768,Kyle Lowry,23.0,77,1679.2433333333333,189,275,17,69,584
2008-09,201602,Kyle Weaver,23.0,56,1165.6983333333333,130,101,25,47,299
2008-09,201178,Kyrylo Fesenko,22.0,21,156.005,37,4,15,7,49
2008-09,200746,LaMarcus Aldridge,23.0,81,3003.8133333333335,605,157,77,77,1470
2008-09,1885,Lamar Odom,29.0,78,2315.8116666666665,637,204,98,77,885
2008-09,1716,Larry Hughes,30.0,55,1479.5866666666666,159,119,14,72,640
2008-09,2544,LeBron James,24.0,81,3054.0633333333335,613,587,93,137,2304
2008-09,2571,Leandro Barbosa,26.0,70,1705.3466666666666,181,162,7,82,993
2008-09,200796,Leon Powe,25.0,70,1226.8266666666666,345,46,38,24,538
2008-09,101132,Linas Kleiza,24.0,82,1824.0866666666666,327,64,14,31,813
2008-09,283,Lindsey Hunter,38.0,28,265.5283333333333,12,37,1,20,73
2008-09,2669,Linton Johnson,29.0,10,55.223333333333336,8,2,0,1,9
2008-09,953,Lorenzen Wright,33.0,17,124.91,25,3,5,4,23
2008-09,200811,Lou Amundson,26.0,76,1043.7316666666666,270,28,65,32,321
2008-09,101150,Lou Williams,22.0,81,1919.2816666666668,165,242,14,85,1039
2008-09,201601,Luc Mbah a Moute,22.0,82,2113.6916666666666,487,87,45,87,594
2008-09,2449,Luis Scola,29.0,82,2487.94,720,123,11,68,1044
2008-09,2557,Luke Ridnour,28.0,72,2033.0866666666666,218,365,16,92,688
2008-09,2575,Luke Walton,29.0,65,1166.245,180,177,10,32,326
2008-09,2736,Luol Deng,24.0,49,1665.2283333333332,295,94,25,60,690
2008-09,101129,Luther Head,26.0,32,497.42333333333335,52,58,2,17,149
2008-09,1766,Maceo Baston,33.0,27,217.10833333333332,52,7,10,6,67
2008-09,2124,Malik Allen,31.0,49,578.625,103,35,12,7,156
2008-09,201612,Malik Hairston,22.0,15,155.05,28,13,7,6,50
2008-09,990,Malik Rose,34.0,38,469.30333333333334,96,36,3,10,130
2008-09,1938,Manu Ginobili,31.0,44,1180.7383333333332,198,157,16,64,683
2008-09,201188,Marc Gasol,24.0,82,2520.98,605,143,90,63,975
2008-09,101162,Marcin Gortat,25.0,63,794.0683333333334,286,14,53,18,239
2008-09,201158,Marco Belinelli,23.0,42,881.875,71,88,1,36,372
2008-09,2556,Marcus Banks,27.0,22,205.79666666666665,18,28,2,11,56
2008-09,948,Marcus Camby,35.0,62,1925.365,690,127,132,51,641
2008-09,200766,Marcus Williams,23.0,9,53.538333333333334,4,13,1,1,12
2008-09,201173,Marcus Williams,22.0,2,3.385,0,0,0,0,4
2008-09,200776,Mardy Collins,24.0,48,889.7683333333333,107,111,10,31,251
2008-09,201596,Mario Chalmers,23.0,82,2625.8433333333332,228,403,8,160,818
2008-09,201238,Mario West,25.0,53,268.96166666666664,56,19,4,18,43
2008-09,1548,Mark Blount,33.0,20,207.14666666666668,41,4,7,1,79
2008-09,2058,Mark Madsen,33.0,19,115.68833333333333,18,4,1,1,6
2008-09,2060,Marko Jaric,30.0,53,604.705,65,74,11,29,136
2008-09,2605,Marquis Daniels,28.0,54,1700.3733333333332,248,114,26,62,733
2008-09,201578,Marreese Speights,21.0,79,1262.4233333333334,293,30,56,27,608
2008-09,101110,Martell Webster,22.0,1,5.25,0,0,0,0,0
2008-09,101107,Marvin Williams,23.0,61,2093.465,382,81,39,57,845
2008-09,2440,Matt Barnes,29.0,77,2082.1566666666668,421,212,26,52,788
2008-09,2588,Matt Bonner,29.0,81,1927.7266666666667,386,82,26,47,667
2008-09,2679,Matt Carroll,28.0,55,615.5233333333333,69,27,6,21,164
2008-09,1723,Matt Harpring,33.0,63,693.47,123,28,9,29,277
2008-09,200772,Maurice Ager,25.0,20,97.31666666666666,10,3,2,1,34
2008-09,2230,Maurice Evans,30.0,80,1840.17,243,54,10,50,574
2008-09,2246,Mehmet Okur,30.0,72,2409.08,557,120,53,54,1225
2008-09,2408,Melvin Ely,31.0,31,373.06333333333333,64,18,9,2,97
2008-09,1897,Metta World Peace,29.0,69,2451.8216666666667,359,229,24,105,1181
2008-09,201563,Michael Beasley,20.0,81,2008.59,439,83,37,41,1123
2008-09,714,Michael Finley,36.0,81,2335.8616666666667,270,114,17,37,784
2008-09,2072,Michael Redd,29.0,33,1202.7183333333332,107,88,2,35,699
2008-09,1913,Michael Ruffin,32.0,11,35.27166666666667,11,0,1,3,6
2008-09,2554,Mickael Pietrus,27.0,54,1328.6966666666667,176,65,24,31,510
2008-09,1710,Mike Bibby,31.0,79,2739.855,278,392,11,98,1176
2008-09,201144,Mike Conley,21.0,82,2508.195,276,354,8,90,895
2008-09,2399,Mike Dunleavy,28.0,18,494.8433333333333,68,44,9,12,271
2008-09,2229,Mike James,34.0,61,1648.4333333333334,133,201,6,44,531
2008-09,2034,Mike Miller,29.0,73,2356.245,483,326,31,30,722
2008-09,201446,Mike Taylor,23.0,51,770.485,87,106,0,36,289
2008-09,1630,Mikki Moore,33.0,70,1201.635,258,53,19,17,276
2008-09,2590,Mo Williams,26.0,81,2834.095,279,329,9,69,1443
2008-09,101145,Monta Ellis,23.0,25,891.9083333333333,108,93,8,39,474
2008-09,201165,Morris Almond,24.0,25,254.58166666666668,36,7,4,4,92
2008-09,2050,Morris Peterson,31.0,43,515.085,84,16,2,15,191
2008-09,200754,Mouhamed Sene,23.0,6,28.116666666666667,14,0,3,1,20
2008-09,101126,Nate Robinson,25.0,74,2208.57,290,301,6,95,1272
2008-09,201605,Nathan Jawai,22.0,6,18.858333333333334,2,0,0,0,2
2008-09,1737,Nazr Mohammed,31.0,39,341.12833333333333,79,8,16,5,104
2008-09,2420,Nenad Krstic,25.0,46,1141.265,253,29,49,21,445
2008-09,2403,Nene,26.0,77,2510.43,598,108,101,95,1123
2008-09,2555,Nick Collison,28.0,71,1831.2933333333333,489,66,50,51,584
2008-09,201156,Nick Young,24.0,82,1836.605,150,95,20,39,892
2008-09,201587,Nicolas Batum,20.0,79,1453.7716666666668,220,74,40,50,426
2008-09,201564,O.J. Mayo,21.0,82,3120.3033333333333,308,262,13,91,1516
2008-09,200762,Oleksiy Pecherov,23.0,32,277.3016666666667,76,2,3,6,116
2008-09,201629,Othello Hunter,23.0,16,91.56,24,1,5,2,22
2008-09,200753,Patrick O'Bryant,23.0,39,254.975,66,11,19,6,101
2008-09,2200,Pau Gasol,28.0,81,2999.3516666666665,780,284,81,52,1528
2008-09,200781,Paul Davis,24.0,27,319.62,67,12,3,10,107
2008-09,200794,Paul Millsap,24.0,76,2290.3783333333336,654,138,73,78,1028
2008-09,1718,Paul Pierce,31.0,81,3035.451666666667,457,294,27,80,1658
2008-09,978,Peja Stojakovic,32.0,61,2088.54,264,75,3,52,812
2008-09,200822,Pops Mensah-Bonsu,25.0,22,282.6016666666667,113,6,5,9,111
2008-09,2047,Quentin Richardson,29.0,72,1893.8833333333334,319,117,7,47,733
2008-09,200763,Quincy Douby,25.0,27,300.615,32,25,5,5,115
2008-09,2624,Quinton Ross,28.0,68,1164.1383333333333,126,47,14,32,265
2008-09,1747,Rafer Alston,32.0,77,2446.665,227,406,10,108,900
2008-09,1952,Raja Bell,32.0,67,2315.38,243,142,8,50,799
2008-09,200765,Rajon Rondo,23.0,80,2642.19,416,659,11,149,953
2008-09,201196,Ramon Sessions,23.0,79,2172.6483333333335,269,452,7,83,977
2008-09,201043,Randolph Morris,23.0,23,88.51166666666667,20,2,1,2,18
2008-09,200751,Randy Foye,25.0,70,2494.26,214,303,26,72,1139
2008-09,101119,Rashad McCants,24.0,58,1100.3683333333333,110,68,14,47,554
2008-09,1740,Rashard Lewis,29.0,79,2858.965,453,205,51,81,1401
2008-09,739,Rasheed Wallace,34.0,66,2122.505,490,91,86,62,795
2008-09,1725,Rasho Nesterovic,33.0,70,1214.2666666666667,240,109,38,30,473
2008-09,2446,Rasual Butler,30.0,82,2613.525,271,75,61,51,922
2008-09,951,Ray Allen,33.0,79,2875.73,278,218,13,69,1434
2008-09,101109,Raymond Felton,25.0,82,3086.298333333333,310,553,30,126,1162
2008-09,2501,Reggie Evans,29.0,79,1137.29,361,26,8,41,262
2008-09,200764,Renaldo Balkman,24.0,53,779.7633333333333,203,34,23,47,264
2008-09,1888,Richard Hamilton,31.0,67,2278.97,207,297,4,40,1225
2008-09,2210,Richard Jefferson,29.0,82,2938.645,374,199,14,66,1607
2008-09,1729,Ricky Davis,29.0,36,785.215,60,82,5,19,232
2008-09,201633,Rob Kurz,24.0,40,441.91333333333336,81,20,19,14,157
2008-09,2741,Robert Swift,23.0,26,342.605,89,9,17,5,86
2008-09,201577,Robin Lopez,21.0,60,614.3333333333334,118,8,41,11,189
2008-09,200760,Rodney Carney,25.0,67,1198.75,126,26,29,45,481
2008-09,201155,Rodney Stuckey,23.0,79,2516.585,275,387,11,78,1058
2008-09,2427,Roger Mason Jr.,28.0,82,2496.0783333333334,251,173,12,40,969
2008-09,101146,Roko Ukic,24.0,72,889.535,75,153,2,30,301
2008-09,200758,Ronnie Brewer,24.0,81,2604.6783333333333,300,179,30,138,1111
2008-09,101179,Ronnie Price,26.0,52,737.9083333333333,69,108,5,39,207
2008-09,101142,Ronny Turiaf,26.0,79,1695.6833333333334,360,166,168,34,470
2008-09,201579,Roy Hibbert,22.0,70,1009.1016666666667,243,49,76,20,494
2008-09,2767,Royal Ivey,27.0,71,860.7416666666667,76,43,7,36,211
2008-09,201164,Rudy Fernandez,24.0,78,1992.945,207,159,12,69,815
2008-09,200752,Rudy Gay,22.0,79,2945.451666666667,437,135,59,98,1493
2008-09,201566,Russell Westbrook,20.0,82,2668.035,399,435,16,110,1256
2008-09,201583,Ryan Anderson,21.0,66,1312.425,311,52,20,44,487
2008-09,1763,Ryan Bowen,33.0,21,218.99833333333333,24,9,5,14,47
2008-09,101155,Ryan Gomes,26.0,82,2613.665,392,135,22,63,1092
2008-09,200797,Ryan Hollins,24.0,45,444.37166666666667,97,7,32,7,143
2008-09,2223,Samuel Dalembert,29.0,82,2036.0983333333334,701,18,146,33,523
2008-09,2562,Sasha Pavlovic,25.0,66,1052.9933333333333,127,72,16,22,305
2008-09,2756,Sasha Vujacic,25.0,80,1292.475,135,113,7,77,461
2008-09,1752,Sean Marks,33.0,60,837.87,187,14,33,7,192
2008-09,101118,Sean May,25.0,24,300.93333333333334,69,10,4,5,93
2008-09,201606,Sean Singletary,23.0,37,302.9716666666667,35,29,0,11,90
2008-09,201157,Sean Williams,22.0,33,366.38666666666666,79,13,29,7,80
2008-09,2742,Sebastian Telfair,24.0,75,2094.4983333333334,127,343,12,73,738
2008-09,200771,Sergio Rodriguez,23.0,80,1224.99,130,286,2,54,356
2008-09,2203,Shane Battier,30.0,60,2031.1966666666667,285,137,54,48,436
2008-09,200769,Shannon Brown,23.0,48,477.37166666666667,44,38,7,22,202
2008-09,406,Shaquille O'Neal,37.0,75,2252.115,633,126,108,49,1333
2008-09,2733,Shaun Livingston,23.0,12,231.31166666666667,28,20,2,7,71
2008-09,101183,Shavlik Randolph,25.0,10,37.038333333333334,18,0,1,0,18
2008-09,1890,Shawn Marion,31.0,69,2470.5383333333334,589,139,66,88,891
2008-09,200761,Shawne Williams,23.0,15,169.65833333333333,46,2,9,2,42
2008-09,200749,Shelden Williams,25.0,45,512.625,153,12,18,22,186
2008-09,200780,Solomon Jones,24.0,63,675.3083333333333,142,15,34,7,188
2008-09,201603,Sonny Weems,22.0,12,55.03333333333333,4,3,0,1,19
2008-09,2049,Speedy Claxton,31.0,2,15.083333333333334,0,3,0,0,5
2008-09,201150,Spencer Hawes,21.0,77,2258.8966666666665,549,149,93,44,876
2008-09,101211,Stephen Graham,27.0,52,684.0933333333334,96,33,4,10,282
2008-09,1536,Stephen Jackson,31.0,59,2339.0583333333334,303,381,31,88,1223
2008-09,950,Stephon Marbury,32.0,23,414.0133333333333,28,75,3,10,88
2008-09,2581,Steve Blake,29.0,69,2188.028333333333,173,348,4,69,757
2008-09,959,Steve Nash,35.0,74,2483.983333333333,223,717,10,55,1160
2008-09,200779,Steve Novak,26.0,71,1160.9716666666666,125,40,5,20,492
2008-09,201631,Steven Hill,23.0,1,2.433333333333333,3,0,0,0,2
2008-09,2031,Stromile Swift,29.0,19,184.41833333333332,46,3,8,4,62
2008-09,201180,Sun Sun,23.0,10,28.148333333333333,0,2,1,1,6
2008-09,2551,T.J. Ford,26.0,74,2257.931666666667,259,392,16,89,1106
2008-09,200814,Tarence Kinsey,25.0,50,276.78333333333336,38,10,0,12,102
2008-09,2419,Tayshaun Prince,29.0,82,3057.3483333333334,476,253,51,44,1163
2008-09,200757,Thabo Sefolosha,25.0,66,1453.1416666666667,242,111,45,75,389
2008-09,201152,Thaddeus Young,21.0,75,2579.735,377,86,23,100,1145
2008-09,689,Theo Ratliff,36.0,46,578.47,128,9,47,17,89
2008-09,201242,Thomas Gardner,24.0,16,97.72333333333333,7,2,1,4,24
2008-09,1495,Tim Duncan,33.0,75,2524.0183333333334,800,264,126,38,1450
2008-09,1501,Tim Thomas,32.0,64,1246.54,201,68,11,31,545
2008-09,2754,Tony Allen,27.0,46,887.3016666666666,104,66,23,54,359
2008-09,1499,Tony Battie,33.0,77,1202.4133333333334,278,31,25,26,372
2008-09,2225,Tony Parker,27.0,72,2455.705,223,496,4,67,1581
2008-09,1503,Tracy McGrady,30.0,35,1181.4283333333333,154,175,15,42,545
2008-09,101143,Travis Diener,27.0,55,719.1316666666667,86,122,5,26,206
2008-09,2566,Travis Outlaw,24.0,81,2246.025,331,83,57,47,1034
2008-09,2239,Trenton Hassell,30.0,53,1094.23,146,51,16,21,194
2008-09,2772,Trevor Ariza,24.0,82,1998.8866666666668,352,145,24,137,729
2008-09,201234,Trey Johnson,24.0,4,14.133333333333333,1,0,0,0,4
2008-09,2211,Troy Murphy,29.0,73,2482.385,861,172,34,58,1041
2008-09,1731,Tyronn Lue,32.0,44,520.9566666666667,46,60,0,8,183
2008-09,200748,Tyrus Thomas,22.0,79,2174.795,508,77,151,91,857
2008-09,2199,Tyson Chandler,26.0,45,1444.7333333333333,393,22,56,15,397
2008-09,2617,Udonis Haslem,29.0,75,2560.36,618,85,25,43,794
2008-09,1713,Vince Carter,32.0,80,2946.193333333333,410,376,38,82,1662
2008-09,2209,Vladimir Radmanovic,28.0,78,1445.13,222,81,15,46,540
2008-09,101144,Von Wafer,23.0,63,1224.7516666666668,113,71,8,40,610
2008-09,1887,Wally Szczerbiak,32.0,74,1526.76,232,82,10,28,517
2008-09,200835,Walter Herrmann,30.0,59,630.2233333333334,107,22,4,7,224
2008-09,201594,Walter Sharpe,22.0,8,19.53,3,0,2,0,8
2008-09,101198,Will Bynum,26.0,57,802.6566666666666,75,157,2,34,410
2008-09,2226,Will Solomon,30.0,53,711.9016666666666,64,133,4,27,263
2008-09,2584,Willie Green,27.0,81,1827.6416666666667,126,158,13,53,685
2008-09,201163,Wilson Chandler,22.0,82,2734.7883333333334,445,170,75,71,1184
2008-09,200821,Yakhouba Diawara,26.0,63,850.49,82,27,6,13,213
2008-09,2397,Yao Ming,28.0,77,2588.9066666666668,761,137,150,30,1514
2008-09,201146,Yi Jianlian,21.0,61,1421.2133333333334,326,60,36,29,525
2008-09,2216,Zach Randolph,27.0,50,1756.3983333333333,504,103,16,43,1041
2008-09,2585,Zaza Pachulia,25.0,77,1472.9,436,57,26,35,481
2008-09,980,Zydrunas Ilgauskas,34.0,65,1765.3916666666667,490,64,84,28,838
2009-10,201985,AJ Price,23.0,56,865.3116666666666,88,106,3,35,410
2009-10,201166,Aaron Brooks,25.0,82,2919.423333333333,215,434,14,69,1604
2009-10,201189,Aaron Gray,25.0,32,310.92833333333334,106,22,11,9,104
2009-10,201151,Acie Law,25.0,26,233.70666666666668,17,26,1,11,113
2009-10,200747,Adam Morrison,25.0,31,240.92333333333335,32,18,2,3,74
2009-10,1733,Al Harrington,30.0,72,2195.298333333333,405,110,26,62,1276
2009-10,201143,Al Horford,24.0,81,2844.9416666666666,799,189,91,59,1148
2009-10,2744,Al Jefferson,25.0,76,2463.16,703,137,98,63,1301
2009-10,201154,Al Thornton,26.0,75,2079.2366666666667,294,90,35,45,804
2009-10,201169,Alando Tucker,26.0,15,95.48333333333333,10,4,0,0,51
2009-10,201582,Alexis Ajinca,22.0,6,29.516666666666666,4,0,1,1,10
2009-10,947,Allen Iverson,35.0,28,864.3233333333334,79,113,2,19,385
2009-10,202087,Alonzo Gee,23.0,11,181.68333333333334,33,7,1,7,81
2009-10,2405,Amar'e Stoudemire,27.0,82,2837.5616666666665,732,82,83,52,1896
2009-10,101161,Amir Johnson,23.0,82,1452.6533333333334,395,48,66,44,511
2009-10,2760,Anderson Varejao,27.0,76,2165.6233333333334,578,87,67,71,651
2009-10,101154,Andray Blatche,23.0,81,2255.951666666667,509,170,71,85,1143
2009-10,2738,Andre Iguodala,26.0,82,3192.6783333333333,529,472,55,141,1401
2009-10,1889,Andre Miller,34.0,82,2499.6883333333335,266,445,9,93,1146
2009-10,200745,Andrea Bargnani,24.0,80,2799.285,493,93,111,25,1376
2009-10,1905,Andrei Kirilenko,29.0,58,1680.5733333333333,264,158,71,83,688
2009-10,2804,Andres Nocioni,30.0,75,1477.28,222,75,26,32,635
2009-10,101106,Andrew Bogut,25.0,69,2229.37,701,127,175,39,1095
2009-10,101115,Andrew Bynum,22.0,65,1976.9466666666667,541,68,94,35,977
2009-10,2740,Andris Biedrins,24.0,33,762.945,259,57,44,20,166
2009-10,1712,Antawn Jamison,34.0,66,2405.8033333333333,555,84,21,71,1235
2009-10,1853,Anthony Carter,35.0,54,858.795,89,160,13,39,180
2009-10,1533,Anthony Johnson,35.0,31,406.025,48,63,1,11,130
2009-10,201627,Anthony Morrow,24.0,69,2018.1233333333332,259,104,16,65,899
2009-10,1515,Anthony Parker,35.0,81,2288.8333333333335,231,157,18,63,595
2009-10,201576,Anthony Randolph,20.0,33,749.0666666666667,215,42,51,28,384
2009-10,201229,Anthony Tolliver,25.0,46,1427.63,320,87,33,32,539
2009-10,101120,Antoine Wright,26.0,67,1392.0583333333334,190,71,11,30,435
2009-10,202079,Antonio Anderson,25.0,1,14.616666666666667,1,0,0,0,2
2009-10,686,Antonio McDyess,35.0,77,1617.1216666666667,455,83,32,43,446
2009-10,201167,Arron Afflalo,24.0,82,2220.9966666666664,252,138,30,46,724
2009-10,201948,Austin Daye,22.0,69,914.915,174,34,26,25,349
2009-10,1884,Baron Davis,31.0,75,2522.6916666666666,266,598,43,126,1145
2009-10,2732,Ben Gordon,27.0,62,1729.5716666666667,119,166,6,49,855
2009-10,1112,Ben Wallace,35.0,69,1975.38,597,105,84,86,381
2009-10,2757,Beno Udrih,27.0,79,2476.5583333333334,219,372,10,89,1023
2009-10,201628,Bobby Brown,25.0,45,519.075,38,88,1,15,215
2009-10,2250,Bobby Simmons,30.0,23,394.6816666666667,63,15,3,15,122
2009-10,2564,Boris Diaw,28.0,82,2906.1683333333335,424,325,57,60,925
2009-10,1802,Brad Miller,34.0,82,1949.6933333333334,399,154,29,44,719
2009-10,101138,Brandon Bass,25.0,50,648.295,127,19,27,12,290
2009-10,201943,Brandon Jennings,20.0,82,2670.721666666667,282,470,18,105,1270
2009-10,200750,Brandon Roy,25.0,65,2418.5416666666665,285,305,16,61,1398
2009-10,201575,Brandon Rush,24.0,82,2490.9183333333335,346,112,65,56,774
2009-10,2217,Brendan Haywood,30.0,77,2354.83,715,43,158,26,704
2009-10,2073,Brian Cardinal,33.0,29,267.1116666666667,29,24,3,9,48
2009-10,2567,Brian Cook,29.0,15,44.458333333333336,9,1,2,0,21
2009-10,2243,Brian Scalabrine,32.0,52,471.895,48,27,4,9,78
2009-10,1730,Brian Skinner,34.0,16,123.32166666666667,27,0,4,3,26
2009-10,201572,Brook Lopez,22.0,82,3026.7066666666665,709,187,139,55,1542
2009-10,201957,Byron Mullens,21.0,13,54.295,10,1,0,2,14
2009-10,201228,C.J. Watson,26.0,65,1787.945,169,180,8,103,667
2009-10,101139,CJ Miles,23.0,63,1496.985,168,105,17,58,622
2009-10,201171,Carl Landry,26.0,80,2468.8816666666667,468,66,63,55,1343
2009-10,2306,Carlos Arroyo,30.0,72,1584.54,130,225,6,36,439
2009-10,2430,Carlos Boozer,28.0,78,2672.713333333333,874,247,36,84,1519
2009-10,2568,Carlos Delfino,27.0,75,2279.4,394,202,21,80,825
2009-10,2546,Carmelo Anthony,26.0,69,2634.225,454,222,30,88,1943
2009-10,2406,Caron Butler,30.0,74,2783.61,461,156,24,116,1206
2009-10,201858,Cartier Martin,25.0,18,389.75,68,16,1,11,141
2009-10,202132,Cedric Jackson,24.0,12,74.53833333333333,8,14,2,3,20
2009-10,101112,Channing Frye,27.0,81,2190.0816666666665,427,113,74,64,904
2009-10,2294,Charlie Bell,31.0,71,1610.94,132,104,12,39,459
2009-10,101111,Charlie Villanueva,25.0,78,1847.5566666666666,365,53,55,48,931
2009-10,201978,Chase Budinger,22.0,74,1488.2883333333334,220,88,11,34,657
2009-10,1497,Chauncey Billups,33.0,73,2489.596666666667,228,409,9,82,1427
2009-10,2365,Chris Andersen,31.0,76,1694.965,483,33,143,42,448
2009-10,2547,Chris Bosh,26.0,70,2525.525,759,166,68,43,1678
2009-10,201604,Chris Douglas-Roberts,23.0,67,1729.8766666666668,198,93,19,55,657
2009-10,2768,Chris Duhon,27.0,67,2071.825,178,378,3,59,494
2009-10,201805,Chris Hunter,25.0,60,782.9366666666666,167,37,35,13,270
2009-10,2549,Chris Kaman,28.0,76,2608.4016666666666,704,120,94,37,1408
2009-10,101108,Chris Paul,25.0,45,1712.3883333333333,191,480,8,96,841
2009-10,200809,Chris Quinn,26.0,25,223.37666666666667,16,29,1,9,56
2009-10,201181,Chris Richard,25.0,18,223.68,59,7,4,8,37
2009-10,2404,Chris Wilcox,27.0,34,440.89166666666665,117,13,12,13,152
2009-10,101236,Chuck Hayes,27.0,82,1772.815,465,139,43,73,358
2009-10,1088,Chucky Atkins,35.0,40,643.7966666666666,29,91,0,17,161
2009-10,201207,Coby Karl,27.0,7,113.24833333333333,18,15,1,3,28
2009-10,201147,Corey Brewer,24.0,82,2481.9783333333335,279,193,29,117,1066
2009-10,1894,Corey Maggette,30.0,70,2081.133333333333,373,172,4,51,1387
2009-10,201584,Courtney Lee,24.0,71,2375.02,252,121,20,93,885
2009-10,200783,Craig Smith,26.0,75,1231.9983333333332,287,84,25,33,585
2009-10,201571,D.J. Augustin,22.0,80,1472.4933333333333,97,193,5,45,508
2009-10,2788,DJ Mbenga,29.0,49,355.095,87,8,29,5,105
2009-10,201591,DJ White,23.0,12,101.86666666666666,23,4,3,5,59
2009-10,201969,DaJuan Summers,22.0,44,405.12333333333333,45,16,7,8,134
2009-10,201161,Daequan Cook,23.0,45,691.195,82,43,10,14,223
2009-10,2563,Dahntay Jones,29.0,76,1891.765,229,150,39,40,776
2009-10,2863,Damien Wilkins,30.0,80,1585.1666666666667,249,135,25,66,451
2009-10,2429,Dan Gadzuric,32.0,32,313.92833333333334,92,12,13,9,88
2009-10,200789,Daniel Gibson,24.0,56,1068.3666666666666,73,70,7,25,355
2009-10,201568,Danilo Gallinari,21.0,81,2746.635,398,135,58,75,1221
2009-10,101122,Danny Granger,27.0,62,2278.22,342,171,51,94,1497
2009-10,201980,Danny Green,23.0,20,114.81333333333333,17,5,3,6,40
2009-10,201967,Dante Cunningham,23.0,63,707.3833333333333,160,14,22,24,243
2009-10,2443,Darius Songaila,32.0,75,1409.7033333333334,232,70,14,62,543
2009-10,2545,Darko Milicic,25.0,32,684.9516666666667,151,47,34,22,215
2009-10,201616,Darnell Jackson,24.0,28,122.37833333333333,22,4,4,2,23
2009-10,201589,Darrell Arthur,22.0,32,457.30333333333334,110,15,14,14,143
2009-10,201954,Darren Collison,22.0,76,2109.1316666666667,192,432,4,78,946
2009-10,2431,David Andersen,30.0,63,890.8033333333333,208,44,12,15,367
2009-10,101135,David Lee,27.0,81,3018.98,949,295,40,85,1640
2009-10,2561,David West,29.0,81,2948.6516666666666,605,239,60,76,1541
2009-10,201599,DeAndre Jordan,21.0,70,1137.335,352,21,62,16,336
2009-10,201971,DeJuan Blair,21.0,82,1494.3166666666666,526,65,39,50,638
2009-10,201942,DeMar DeRozan,20.0,77,1663.6416666666667,223,53,18,43,662
2009-10,201960,DeMarre Carroll,23.0,71,795.2683333333333,150,33,9,28,209
2009-10,2205,DeSagana Diop,28.0,27,261.805,65,5,14,5,32
2009-10,2052,DeShawn Stevenson,29.0,64,882.7616666666667,91,56,6,16,136
2009-10,2753,Delonte West,26.0,60,1500.0716666666667,169,196,28,55,528
2009-10,965,Derek Fisher,35.0,82,2227.465,170,201,9,90,615
2009-10,101114,Deron Williams,26.0,76,2801.5,303,798,16,96,1419
2009-10,201974,Derrick Brown,22.0,57,535.4066666666666,78,19,10,21,186
2009-10,201565,Derrick Rose,21.0,78,2870.95,293,469,27,57,1619
2009-10,2046,Desmond Mason,32.0,5,65.5,13,2,1,1,13
2009-10,1904,Devean George,32.0,45,760.6883333333334,114,32,10,41,242
2009-10,2484,Devin Brown,31.0,50,1059.9916666666666,124,65,6,33,399
2009-10,2734,Devin Harris,27.0,64,2220.641666666667,203,423,18,79,1080
2009-10,1717,Dirk Nowitzki,32.0,81,3038.681666666667,620,218,79,70,2027
2009-10,201187,Dominic McGuire,24.0,51,307.28833333333336,79,11,4,5,38
2009-10,201590,Donte Greene,22.0,76,1630.1566666666668,234,71,53,41,647
2009-10,2748,Dorell Wright,24.0,72,1495.97,235,91,32,52,510
2009-10,2400,Drew Gooden,28.0,70,1755.3666666666666,542,47,58,41,763
2009-10,101204,Dwayne Jones,27.0,2,6.933333333333334,2,0,0,0,0
2009-10,2730,Dwight Howard,24.0,82,2842.8016666666667,1082,144,228,75,1503
2009-10,2548,Dwyane Wade,28.0,77,2792.435,373,501,82,142,2045
2009-10,2853,Earl Barron,28.0,7,231.94666666666666,77,8,4,4,82
2009-10,1863,Earl Boykins,34.0,67,1117.0233333333333,75,171,3,24,440
2009-10,201947,Earl Clark,22.0,51,383.39,62,21,13,7,140
2009-10,2248,Earl Watson,31.0,79,2322.0316666666668,240,399,16,104,619
2009-10,2067,Eddie House,32.0,68,1216.7733333333333,109,85,7,40,473
2009-10,2201,Eddy Curry,27.0,7,62.016666666666666,13,0,1,0,26
2009-10,2059,Eduardo Najera,33.0,46,684.665,115,29,14,26,157
2009-10,1882,Elton Brand,31.0,76,2297.12,461,109,80,82,996
2009-10,2731,Emeka Okafor,27.0,82,2370.065,742,55,127,54,850
2009-10,201569,Eric Gordon,21.0,62,2228.9966666666664,160,186,14,69,1045
2009-10,201953,Eric Maynor,23.0,81,1269.4933333333333,129,266,10,40,382
2009-10,956,Erick Dampier,34.0,55,1280.145,400,31,77,15,328
2009-10,101141,Ersan Ilyasova,23.0,81,1897.6866666666667,517,84,23,53,840
2009-10,2041,Etan Thomas,32.0,23,320.74,64,1,16,4,75
2009-10,101177,Fabricio Oberto,35.0,57,649.93,105,51,9,11,83
2009-10,2436,Flip Murray,30.0,75,1673.0783333333334,183,135,16,46,746
2009-10,1922,Francisco Elson,34.0,12,65.715,14,2,0,1,12
2009-10,101128,Francisco Garcia,28.0,25,575.4083333333333,66,45,19,10,202
2009-10,202066,Garrett Temple,24.0,27,334.10333333333335,31,21,6,13,136
2009-10,201588,George Hill,24.0,78,2276.3333333333335,205,226,26,69,964
2009-10,201945,Gerald Henderson,22.0,43,355.025,55,13,9,10,113
2009-10,2222,Gerald Wallace,27.0,76,3119.4183333333335,762,161,83,117,1386
2009-10,2240,Gilbert Arenas,28.0,32,1168.5133333333333,133,230,9,41,722
2009-10,201175,Glen Davis,24.0,54,933.1733333333333,205,35,14,21,340
2009-10,201609,Goran Dragic,24.0,80,1442.2283333333332,171,241,8,48,635
2009-10,255,Grant Hill,37.0,81,2430.36,445,193,36,60,912
2009-10,201141,Greg Oden,22.0,21,501.7633333333333,178,19,48,8,233
2009-10,101124,Hakim Warrick,27.0,76,1557.22,314,52,18,24,733
2009-10,201632,Hamed Haddadi,25.0,36,240.14833333333334,75,10,14,1,62
2009-10,201934,Hasheem Thabeet,23.0,68,883.2966666666666,243,11,89,15,208
2009-10,2045,Hedo Turkoglu,31.0,74,2271.5533333333333,343,304,32,55,835
2009-10,201611,Henry Walker,22.0,35,768.255,88,40,3,23,329
2009-10,200756,Hilton Armstrong,25.0,33,335.3183333333333,81,21,12,15,71
2009-10,101133,Ian Mahinmi,23.0,26,164.64333333333335,52,2,8,3,101
2009-10,2137,Ime Udoka,32.0,69,944.24,191,58,6,34,250
2009-10,200826,J.J. Barea,26.0,78,1545.5633333333333,146,258,6,35,596
2009-10,201592,J.R. Giddens,25.0,32,239.09333333333333,51,13,2,9,69
2009-10,201581,JJ Hickson,21.0,81,1691.3383333333334,400,40,39,36,689
2009-10,200755,JJ Redick,26.0,82,1808.1566666666668,155,158,4,28,788
2009-10,2747,JR Smith,24.0,75,2081.825,234,183,20,99,1156
2009-10,201580,JaVale McGee,22.0,60,967.905,243,14,101,16,386
2009-10,2048,Jamaal Magloire,32.0,36,359.4033333333333,121,1,11,9,77
2009-10,2224,Jamaal Tinsley,32.0,38,588.7716666666666,66,108,5,33,133
2009-10,2037,Jamal Crawford,30.0,79,2459.9866666666667,201,238,12,61,1425
2009-10,200081,Jamario Moon,30.0,61,1052.17,191,49,30,34,296
2009-10,2749,Jameer Nelson,28.0,65,1860.0516666666667,194,353,2,48,818
2009-10,201935,James Harden,20.0,76,1738.36,244,137,20,80,753
2009-10,201949,James Johnson,23.0,65,757.1766666666666,128,48,43,21,256
2009-10,2592,James Jones,29.0,36,503.4816666666667,45,17,4,11,146
2009-10,1899,James Posey,33.0,77,1731.4683333333332,329,117,19,42,399
2009-10,101189,James Singleton,28.0,57,977.8766666666667,276,31,43,28,254
2009-10,201191,JamesOn Curry,24.0,1,0.065,0,0,0,0,0
2009-10,2457,Jannero Pargo,30.0,63,828.5233333333333,78,89,2,29,344
2009-10,201162,Jared Dudley,24.0,82,1990.8616666666667,281,115,16,81,674
2009-10,2407,Jared Jeffries,28.0,70,1793.4833333333333,288,101,71,62,372
2009-10,101127,Jarrett Jack,26.0,82,2243.44,222,413,6,60,931
2009-10,2260,Jarron Collins,31.0,34,260.46,62,6,3,2,34
2009-10,2553,Jarvis Hayes,28.0,45,1032.48,108,40,9,29,350
2009-10,2215,Jason Collins,31.0,24,114.72666666666667,14,4,2,3,16
2009-10,2078,Jason Hart,32.0,5,22.145,2,6,1,2,2
2009-10,2574,Jason Kapono,29.0,57,975.99,66,39,6,21,324
2009-10,467,Jason Kidd,37.0,80,2880.89,445,724,35,145,824
2009-10,101131,Jason Maxiell,27.0,76,1549.6916666666666,401,39,38,36,513
2009-10,2202,Jason Richardson,29.0,79,2485.0583333333334,404,143,33,66,1239
2009-10,201160,Jason Smith,24.0,56,658.3433333333334,135,33,28,21,189
2009-10,1891,Jason Terry,32.0,77,2539.5016666666666,140,292,17,94,1280
2009-10,201574,Jason Thompson,23.0,75,2357.3516666666665,637,124,73,41,939
2009-10,1715,Jason Williams,34.0,82,1702.9183333333333,126,298,3,53,493
2009-10,101214,Jawad Williams,27.0,54,742.1216666666667,83,34,5,12,224
2009-10,201965,Jeff Ayres,23.0,39,405.0233333333333,98,1,16,7,104
2009-10,1902,Jeff Foster,33.0,16,254.79666666666665,81,21,4,3,49
2009-10,201145,Jeff Green,23.0,82,3043.0666666666666,490,134,72,104,1239
2009-10,201952,Jeff Teague,22.0,71,718.4983333333333,67,122,11,34,228
2009-10,979,Jermaine O'Neal,31.0,70,1991.3366666666666,486,92,95,25,950
2009-10,201966,Jermaine Taylor,23.0,31,302.6983333333333,46,16,3,10,128
2009-10,711,Jerry Stackhouse,35.0,42,854.7383333333333,100,70,9,21,358
2009-10,201573,Jerryd Bayless,21.0,74,1304.24,120,172,5,26,630
2009-10,201149,Joakim Noah,25.0,64,1924.69,704,132,100,32,687
2009-10,201975,Jodie Meeks,22.0,60,718.8166666666667,99,39,5,18,281
2009-10,201570,Joe Alexander,23.0,8,28.898333333333333,5,2,1,1,4
2009-10,2207,Joe Johnson,29.0,76,2885.775,353,369,5,82,1619
2009-10,693,Joe Smith,34.0,64,591.9383333333334,157,21,19,6,194
2009-10,201202,Joel Anthony,27.0,80,1322.3783333333333,249,12,109,20,218
2009-10,2038,Joel Przybilla,30.0,30,681.2983333333333,238,8,43,8,123
2009-10,201595,Joey Dorsey,26.0,15,106.75166666666667,43,2,2,3,23
2009-10,101121,Joey Graham,28.0,63,758.8283333333334,123,22,7,23,266
2009-10,101130,Johan Petro,24.0,36,435.49,129,14,13,10,122
2009-10,2422,John Salmons,30.0,81,2824.596666666667,270,223,26,99,1245
2009-10,201972,Jon Brockman,23.0,52,653.6566666666666,213,22,5,15,147
2009-10,201973,Jonas Jerebko,23.0,80,2232.2,478,58,29,79,741
2009-10,1886,Jonathan Bender,29.0,25,292.4483333333333,52,16,17,2,118
2009-10,201938,Jonny Flynn,21.0,81,2339.4166666666665,191,356,2,82,1094
2009-10,200770,Jordan Farmar,23.0,82,1474.0433333333333,131,127,11,52,591
2009-10,201941,Jordan Hill,22.0,47,624.0983333333334,175,20,21,14,244
2009-10,101181,Jose Calderon,28.0,68,1817.2666666666667,142,404,7,47,699
2009-10,200767,Josh Boone,25.0,63,1045.4633333333334,315,29,48,30,253
2009-10,2572,Josh Howard,30.0,35,917.8416666666667,125,48,11,26,446
2009-10,201177,Josh McRoberts,23.0,42,524.0316666666666,127,44,16,17,179
2009-10,2694,Josh Powell,27.0,63,580.8333333333334,116,35,6,9,169
2009-10,2746,Josh Smith,24.0,81,2870.483333333333,705,342,172,130,1269
2009-10,201950,Jrue Holiday,20.0,73,1766.7616666666668,191,280,18,79,587
2009-10,201153,Julian Wright,23.0,68,870.7,144,41,18,29,259
2009-10,436,Juwan Howard,37.0,73,1631.5233333333333,335,61,10,27,437
2009-10,2416,Kareem Rush,29.0,7,57.77166666666667,6,4,3,2,9
2009-10,2586,Keith Bogans,30.0,79,1559.2266666666667,176,95,12,45,347
2009-10,101235,Kelenna Azubuike,26.0,9,231.055,41,10,9,5,125
2009-10,2570,Kendrick Perkins,25.0,78,2153.52,595,80,132,26,791
2009-10,1903,Kenny Thomas,32.0,26,313.18333333333334,86,15,10,10,41
2009-10,2030,Kenyon Martin,32.0,58,1986.2283333333332,546,109,61,72,667
2009-10,201142,Kevin Durant,21.0,82,3239.325,623,231,84,112,2472
2009-10,708,Kevin Garnett,34.0,69,2060.1716666666666,506,185,57,68,990
2009-10,201567,Kevin Love,21.0,60,1713.9383333333333,658,136,23,43,842
2009-10,2755,Kevin Martin,27.0,46,1632.965,164,111,6,46,946
2009-10,1563,Kevin Ollie,37.0,25,263.2133333333333,25,20,0,9,44
2009-10,2039,Keyon Dooling,30.0,53,970.52,54,135,0,34,364
2009-10,2550,Kirk Hinrich,29.0,74,2481.4816666666666,260,330,24,85,805
2009-10,977,Kobe Bryant,31.0,73,2835.383333333333,391,365,20,113,1970
2009-10,201585,Kosta Koufos,21.0,36,172.42333333333335,45,6,4,2,53
2009-10,2743,Kris Humphries,25.0,69,1221.3683333333333,378,32,48,36,487
2009-10,703,Kurt Thomas,37.0,70,1049.265,291,47,46,26,210
2009-10,2198,Kwame Brown,28.0,48,659.6266666666667,177,22,12,15,157
2009-10,2594,Kyle Korver,29.0,52,951.77,111,89,12,26,374
2009-10,200768,Kyle Lowry,24.0,68,1651.2283333333332,247,305,9,60,620
2009-10,201602,Kyle Weaver,24.0,12,144.435,18,11,6,6,36
2009-10,201178,Kyrylo Fesenko,23.0,49,407.725,90,15,19,6,128
2009-10,200746,LaMarcus Aldridge,24.0,78,2921.6383333333333,627,160,48,67,1393
2009-10,1885,Lamar Odom,30.0,82,2584.5816666666665,802,267,59,75,882
2009-10,1716,Larry Hughes,31.0,45,1114.5233333333333,142,137,15,52,411
2009-10,2544,LeBron James,25.0,76,2965.73,554,651,77,125,2258
2009-10,2571,Leandro Barbosa,27.0,44,785.6033333333334,69,64,12,23,418
2009-10,200796,Leon Powe,26.0,20,235.70333333333335,61,0,2,6,79
2009-10,201991,Lester Hudson,25.0,25,131.42666666666668,18,13,3,8,58
2009-10,283,Lindsey Hunter,39.0,13,121.815,14,9,0,1,13
2009-10,200811,Lou Amundson,27.0,79,1168.0916666666667,346,31,73,24,371
2009-10,101150,Lou Williams,23.0,64,1911.9766666666667,187,268,15,80,898
2009-10,201601,Luc Mbah a Moute,23.0,73,1866.3283333333334,400,81,39,60,453
2009-10,2449,Luis Scola,30.0,82,2671.2933333333335,705,169,26,63,1329
2009-10,2557,Luke Ridnour,29.0,82,1758.575,143,324,7,54,852
2009-10,2575,Luke Walton,30.0,29,271.7733333333333,38,40,1,10,69
2009-10,2736,Luol Deng,25.0,70,2650.6866666666665,512,143,61,66,1230
2009-10,101129,Luther Head,27.0,47,813.115,80,72,9,18,357
2009-10,2124,Malik Allen,32.0,51,456.43,82,16,5,11,105
2009-10,201612,Malik Hairston,23.0,47,317.13,49,16,9,4,99
2009-10,1938,Manu Ginobili,32.0,75,2149.826666666667,284,370,24,103,1237
2009-10,201188,Marc Gasol,25.0,69,2468.92,640,165,109,69,1008
2009-10,101162,Marcin Gortat,26.0,81,1087.95,341,17,70,17,293
2009-10,201158,Marco Belinelli,24.0,66,1120.9516666666666,95,89,5,42,469
2009-10,2556,Marcus Banks,28.0,22,243.83833333333334,23,26,2,12,109
2009-10,948,Marcus Camby,36.0,74,2314.2933333333335,871,186,146,95,556
2009-10,2409,Marcus Haislip,29.0,10,43.766666666666666,10,0,2,0,25
2009-10,202068,Marcus Landry,24.0,18,110.65,19,0,2,1,44
2009-10,201977,Marcus Thornton,23.0,73,1871.5966666666666,211,114,11,58,1057
2009-10,200766,Marcus Williams,24.0,62,872.3616666666667,93,161,1,32,269
2009-10,200776,Mardy Collins,25.0,43,470.3433333333333,50,44,1,23,111
2009-10,201596,Mario Chalmers,24.0,73,1806.86,135,246,12,91,521
2009-10,201238,Mario West,26.0,39,142.22,27,9,0,8,30
2009-10,2605,Marquis Daniels,29.0,51,936.89,95,66,6,27,288
2009-10,201578,Marreese Speights,22.0,62,1015.8416666666667,252,36,34,29,532
2009-10,101110,Martell Webster,23.0,82,2005.1616666666666,268,62,40,45,768
2009-10,101107,Marvin Williams,24.0,81,2468.471666666667,416,93,46,66,820
2009-10,2440,Matt Barnes,30.0,81,2097.2733333333335,445,134,30,59,716
2009-10,2588,Matt Bonner,30.0,65,1160.8116666666667,214,68,24,30,457
2009-10,2679,Matt Carroll,29.0,25,120.84166666666667,12,6,0,5,46
2009-10,2230,Maurice Evans,31.0,79,1317.205,154,48,17,34,453
2009-10,2246,Mehmet Okur,31.0,73,2148.925,515,119,81,38,988
2009-10,1897,Metta World Peace,30.0,77,2604.7716666666665,331,234,21,106,845
2009-10,201563,Michael Beasley,21.0,78,2328.13,498,100,49,80,1156
2009-10,714,Michael Finley,37.0,46,709.045,71,43,6,10,202
2009-10,2072,Michael Redd,30.0,18,492.07,54,39,2,19,215
2009-10,2554,Mickael Pietrus,28.0,75,1686.9883333333332,215,49,31,53,651
2009-10,1710,Mike Bibby,32.0,80,2194.5433333333335,184,310,3,67,730
2009-10,201144,Mike Conley,22.0,80,2568.4983333333334,191,425,12,109,959
2009-10,2399,Mike Dunleavy,29.0,67,1485.9416666666666,236,103,15,38,666
2009-10,200839,Mike Harris,27.0,13,95.91666666666667,24,3,1,5,29
2009-10,2229,Mike James,35.0,4,45.7,3,5,0,3,18
2009-10,2034,Mike Miller,30.0,54,1804.8966666666668,336,212,12,39,586
2009-10,2366,Mike Wilks,31.0,4,59.06666666666667,4,4,0,0,16
2009-10,1630,Mikki Moore,34.0,23,405.735,69,36,13,5,115
2009-10,2590,Mo Williams,27.0,69,2358.9583333333335,206,368,21,70,1092
2009-10,101145,Monta Ellis,24.0,64,2646.6133333333332,257,340,25,143,1631
2009-10,2050,Morris Peterson,32.0,46,972.5533333333333,126,41,5,25,327
2009-10,101126,Nate Robinson,26.0,56,1115.8516666666667,110,163,5,49,567
2009-10,201605,Nathan Jawai,23.0,39,411.97,104,24,9,10,124
2009-10,1737,Nazr Mohammed,32.0,58,984.21,304,28,43,15,459
2009-10,2420,Nenad Krstic,26.0,76,1740.5283333333334,383,52,45,32,639
2009-10,2403,Nene,27.0,82,2754.5866666666666,627,203,82,115,1135
2009-10,2555,Nick Collison,29.0,75,1557.1516666666666,384,38,48,37,439
2009-10,201156,Nick Young,25.0,74,1421.3433333333332,102,48,8,28,639
2009-10,201587,Nicolas Batum,21.0,37,917.6216666666667,141,44,25,24,375
2009-10,201564,O.J. Mayo,22.0,82,3113.3716666666664,311,242,17,98,1432
2009-10,200762,Oleksiy Pecherov,24.0,44,447.2133333333333,124,11,14,9,197
2009-10,201802,Oliver Lafayette,26.0,1,21.53,4,2,0,0,7
2009-10,201956,Omri Casspi,22.0,77,1931.0933333333332,349,95,17,54,792
2009-10,201629,Othello Hunter,24.0,7,32.97833333333333,12,0,1,0,11
2009-10,201785,Othyus Jeffers,24.0,14,72.515,19,1,0,4,37
2009-10,200753,Patrick O'Bryant,24.0,11,50.735,11,1,4,2,19
2009-10,201988,Patty Mills,21.0,10,37.733333333333334,2,5,0,0,26
2009-10,2200,Pau Gasol,29.0,65,2403.3133333333335,734,218,113,37,1190
2009-10,200781,Paul Davis,25.0,2,7.983333333333333,0,3,1,0,5
2009-10,200794,Paul Millsap,25.0,82,2276.965,559,131,99,64,954
2009-10,1718,Paul Pierce,32.0,71,2410.7466666666664,310,218,31,84,1296
2009-10,978,Peja Stojakovic,33.0,62,1946.9183333333333,227,92,5,48,784
2009-10,200822,Pops Mensah-Bonsu,26.0,20,119.68,35,3,9,4,39
2009-10,2056,Primoz Brezec,30.0,21,95.41666666666667,25,1,3,1,19
2009-10,2047,Quentin Richardson,30.0,76,2081.7283333333335,374,93,18,70,678
2009-10,2624,Quinton Ross,29.0,52,562.1516666666666,49,12,6,13,92
2009-10,1747,Rafer Alston,33.0,52,1420.47,129,176,10,50,427
2009-10,1952,Raja Bell,33.0,6,180.59,23,13,2,4,71
2009-10,200765,Rajon Rondo,24.0,81,2963.06,360,794,11,189,1110
2009-10,201196,Ramon Sessions,24.0,82,1731.955,214,258,5,55,674
2009-10,201043,Randolph Morris,24.0,28,124.415,38,2,3,5,62
2009-10,200751,Randy Foye,26.0,70,1667.1866666666667,130,228,10,33,704
2009-10,1740,Rashard Lewis,30.0,72,2368.596666666667,318,107,28,78,1013
2009-10,739,Rasheed Wallace,35.0,79,1780.3816666666667,325,80,70,80,710
2009-10,1725,Rasho Nesterovic,34.0,42,413.37166666666667,89,25,17,10,163
2009-10,2446,Rasual Butler,31.0,82,2702.27,240,116,68,36,979
2009-10,951,Ray Allen,34.0,80,2819.036666666667,253,210,25,64,1304
2009-10,101109,Raymond Felton,26.0,80,2642.84,288,446,22,123,968
2009-10,2501,Reggie Evans,30.0,28,310.68,105,8,4,14,95
2009-10,202130,Reggie Williams,23.0,24,781.4866666666667,110,66,6,23,365
2009-10,200764,Renaldo Balkman,25.0,13,90.59666666666666,23,7,2,8,14
2009-10,1888,Richard Hamilton,32.0,46,1552.415,122,202,3,30,831
2009-10,2210,Richard Jefferson,30.0,81,2520.305,356,158,40,45,994
2009-10,1729,Ricky Davis,30.0,36,498.82666666666665,57,39,3,11,158
2009-10,201577,Robin Lopez,22.0,51,986.0416666666666,248,7,53,10,430
2009-10,200760,Rodney Carney,26.0,68,857.015,137,37,20,25,319
2009-10,201155,Rodney Stuckey,24.0,73,2498.6133333333332,281,348,12,101,1215
2009-10,201958,Rodrigue Beaubois,22.0,56,699.9133333333333,78,74,12,29,397
2009-10,2427,Roger Mason Jr.,29.0,79,1514.5833333333333,162,137,14,30,501
2009-10,101146,Roko Ukic,25.0,13,96.94166666666666,3,12,0,1,40
2009-10,200758,Ronnie Brewer,25.0,58,1741.915,187,154,15,91,511
2009-10,101179,Ronnie Price,27.0,60,805.9216666666666,74,123,13,40,255
2009-10,101142,Ronny Turiaf,27.0,42,871.8183333333334,191,90,54,23,207
2009-10,201579,Roy Hibbert,23.0,81,2034.735,464,158,131,30,946
2009-10,2767,Royal Ivey,28.0,44,326.78333333333336,34,27,2,19,93
2009-10,201164,Rudy Fernandez,25.0,62,1440.84,164,127,11,62,503
2009-10,200752,Rudy Gay,23.0,80,3174.755,472,153,64,118,1567
2009-10,201566,Russell Westbrook,21.0,82,2812.5833333333335,401,652,34,108,1322
2009-10,201583,Ryan Anderson,22.0,63,910.485,202,37,14,25,487
2009-10,1763,Ryan Bowen,34.0,1,7.9,2,0,0,1,4
2009-10,101155,Ryan Gomes,27.0,76,2210.088333333333,348,124,16,62,832
2009-10,200797,Ryan Hollins,25.0,73,1223.24,207,51,38,19,447
2009-10,201970,Sam Young,25.0,80,1321.0466666666666,201,52,20,34,595
2009-10,2223,Samuel Dalembert,30.0,82,2123.7083333333335,784,64,151,42,667
2009-10,2562,Sasha Pavlovic,26.0,71,876.8,117,58,6,23,263
2009-10,2756,Sasha Vujacic,26.0,67,574.86,79,41,4,20,185
2009-10,1752,Sean Marks,34.0,14,74.605,23,2,3,0,10
2009-10,101118,Sean May,26.0,37,331.18666666666667,70,17,7,12,123
2009-10,201157,Sean Williams,23.0,20,227.39833333333334,46,1,19,8,52
2009-10,2742,Sebastian Telfair,25.0,43,659.2416666666667,45,126,5,24,208
2009-10,201586,Serge Ibaka,20.0,73,1323.3933333333334,397,10,97,25,461
2009-10,200771,Sergio Rodriguez,24.0,66,1047.7266666666667,89,212,5,50,434
2009-10,2203,Shane Battier,31.0,67,2168.4533333333334,312,164,76,53,534
2009-10,200769,Shannon Brown,24.0,82,1700.01,183,108,31,57,667
2009-10,406,Shaquille O'Neal,38.0,53,1240.3866666666668,355,80,62,15,636
2009-10,2733,Shaun Livingston,24.0,36,795.4133333333333,78,130,11,17,250
2009-10,101183,Shavlik Randolph,26.0,6,52.98,14,1,1,1,14
2009-10,1890,Shawn Marion,32.0,75,2385.0116666666668,477,107,61,69,898
2009-10,200749,Shelden Williams,26.0,54,597.305,146,21,21,13,201
2009-10,200780,Solomon Jones,25.0,52,674.975,144,32,37,14,207
2009-10,201603,Sonny Weems,23.0,69,1367.97,192,101,25,39,518
2009-10,201150,Spencer Hawes,22.0,72,1904.0816666666667,436,158,83,32,723
2009-10,201939,Stephen Curry,22.0,80,2896.213333333333,356,472,19,152,1399
2009-10,101211,Stephen Graham,28.0,70,804.265,135,23,10,20,296
2009-10,1536,Stephen Jackson,32.0,81,3128.568333333333,401,300,43,132,1667
2009-10,2581,Steve Blake,30.0,80,2158.79,187,380,6,58,586
2009-10,959,Steve Nash,36.0,81,2659.99,268,892,12,42,1333
2009-10,200779,Steve Novak,27.0,54,361.9316666666667,33,6,2,7,113
2009-10,2212,Steven Hunter,28.0,21,157.975,42,0,10,1,53
2009-10,202178,Sundiata Gaines,24.0,32,217.115,29,39,0,12,106
2009-10,2551,T.J. Ford,27.0,47,1188.935,149,180,11,44,484
2009-10,201959,Taj Gibson,25.0,82,2203.5816666666665,611,70,104,50,735
2009-10,201981,Taylor Griffin,24.0,8,32.48833333333334,2,1,2,0,10
2009-10,2419,Tayshaun Prince,30.0,49,1663.735,248,161,22,34,661
2009-10,201944,Terrence Williams,23.0,78,1763.5216666666668,348,223,10,43,656
2009-10,200757,Thabo Sefolosha,26.0,82,2348.4483333333333,387,145,46,97,489
2009-10,201152,Thaddeus Young,22.0,67,2145.4183333333335,350,97,15,81,926
2009-10,689,Theo Ratliff,37.0,49,806.1766666666666,157,25,61,12,178
2009-10,1495,Tim Duncan,34.0,78,2438.1866666666665,788,246,117,45,1395
2009-10,1501,Tim Thomas,33.0,18,285.215,41,14,2,10,135
2009-10,201962,Toney Douglas,24.0,56,1086.9766666666667,108,112,3,42,481
2009-10,2754,Tony Allen,28.0,54,888.705,145,72,19,59,330
2009-10,1499,Tony Battie,34.0,15,133.745,23,3,2,4,36
2009-10,2225,Tony Parker,28.0,56,1727.9866666666667,135,317,8,29,894
2009-10,1503,Tracy McGrady,31.0,30,672.4683333333334,94,99,14,15,245
2009-10,101143,Travis Diener,28.0,9,51.20333333333333,3,8,0,4,6
2009-10,2566,Travis Outlaw,25.0,34,730.0733333333334,121,34,17,18,309
2009-10,2239,Trenton Hassell,31.0,52,1106.2616666666668,152,50,9,17,232
2009-10,2772,Trevor Ariza,24.0,72,2628.883333333333,403,276,40,126,1072
2009-10,201821,Trey Gilder,25.0,2,5.12,1,0,0,1,2
2009-10,2211,Troy Murphy,30.0,72,2344.2883333333334,737,150,34,72,1050
2009-10,201951,Ty Lawson,22.0,65,1317.4366666666667,124,203,2,48,542
2009-10,201946,Tyler Hansbrough,24.0,29,510.79833333333335,138,28,8,17,246
2009-10,201936,Tyreke Evans,20.0,72,2676.58,380,414,26,109,1450
2009-10,200748,Tyrus Thomas,23.0,54,1220.345,335,56,85,63,508
2009-10,2199,Tyson Chandler,27.0,51,1163.07,320,16,55,17,333
2009-10,2617,Udonis Haslem,30.0,78,2176.6433333333334,629,52,23,30,771
2009-10,1713,Vince Carter,33.0,75,2310.4583333333335,293,236,18,53,1244
2009-10,2209,Vladimir Radmanovic,29.0,41,891.085,178,45,7,29,256
2009-10,201961,Wayne Ellington,22.0,76,1384.2416666666666,159,74,5,20,505
2009-10,202083,Wesley Matthews,23.0,82,2024.5716666666667,191,124,15,64,769
2009-10,101198,Will Bynum,27.0,63,1666.4833333333333,142,283,7,55,628
2009-10,101215,Will Conroy,27.0,5,35.86666666666667,3,7,0,0,6
2009-10,2584,Willie Green,28.0,73,1553.4266666666667,129,152,11,32,638
2009-10,201163,Wilson Chandler,23.0,65,2319.923333333333,348,138,49,46,993
2009-10,200821,Yakhouba Diawara,27.0,6,44.43333333333333,4,3,0,1,5
2009-10,201146,Yi Jianlian,22.0,52,1654.5616666666667,372,47,52,37,623
2009-10,2216,Zach Randolph,28.0,81,3050.8933333333334,950,149,34,80,1681
2009-10,2585,Zaza Pachulia,26.0,78,1088.8166666666666,293,42,31,37,333
2009-10,980,Zydrunas Ilgauskas,35.0,64,1338.5166666666667,345,48,50,14,474
2010-11,201985,AJ Price,24.0,50,795.1466666666666,72,111,1,29,323
2010-11,201166,Aaron Brooks,26.0,59,1284.1316666666667,78,233,3,34,634
2010-11,201189,Aaron Gray,26.0,41,530.825,171,16,12,11,129
2010-11,201151,Acie Law,26.0,51,725.8783333333333,63,84,0,32,215
2010-11,1733,Al Harrington,31.0,73,1664.5483333333334,332,101,10,39,765
2010-11,201143,Al Horford,25.0,77,2703.7066666666665,718,266,80,59,1178
2010-11,2744,Al Jefferson,26.0,82,2940.4133333333334,794,149,153,46,1528
2010-11,201154,Al Thornton,27.0,71,1383.5916666666667,213,62,12,35,524
2010-11,202329,Al-Farouq Aminu,20.0,81,1451.835,267,60,25,59,457
2010-11,201582,Alexis Ajinca,23.0,34,339.84,78,10,19,11,143
2010-11,202087,Alonzo Gee,24.0,56,1117.3883333333333,182,38,18,40,331
2010-11,2405,Amar'e Stoudemire,28.0,78,2870.0116666666668,636,202,150,71,1971
2010-11,101161,Amir Johnson,24.0,72,1852.6516666666666,461,81,88,53,688
2010-11,2760,Anderson Varejao,28.0,31,993.895,301,45,38,27,282
2010-11,101154,Andray Blatche,24.0,64,2171.931666666667,526,144,51,98,1076
2010-11,2738,Andre Iguodala,27.0,67,2468.6883333333335,387,422,38,101,945
2010-11,1889,Andre Miller,35.0,81,2649.72,302,566,12,114,1029
2010-11,200745,Andrea Bargnani,25.0,66,2353.048333333333,343,119,46,34,1414
2010-11,1905,Andrei Kirilenko,30.0,64,1998.9833333333333,327,192,74,81,750
2010-11,2804,Andres Nocioni,31.0,54,930.8183333333334,169,45,15,14,327
2010-11,101106,Andrew Bogut,26.0,65,2297.3733333333334,720,131,168,47,830
2010-11,101115,Andrew Bynum,23.0,54,1500.005,508,73,106,19,612
2010-11,2740,Andris Biedrins,25.0,59,1397.09,426,60,52,52,294
2010-11,202360,Andy Rautins,24.0,5,24.1,1,3,0,1,8
2010-11,1712,Antawn Jamison,35.0,56,1842.1966666666667,375,93,30,50,1010
2010-11,1853,Anthony Carter,36.0,33,463.2966666666667,51,69,6,27,110
2010-11,201627,Anthony Morrow,25.0,58,1856.4266666666667,172,68,7,19,764
2010-11,1515,Anthony Parker,36.0,72,2091.18,218,218,10,67,600
2010-11,201576,Anthony Randolph,21.0,40,589.6416666666667,160,33,24,22,305
2010-11,201229,Anthony Tolliver,26.0,65,1362.415,295,82,28,28,434
2010-11,101120,Antoine Wright,27.0,7,31.36,3,0,0,1,2
2010-11,1498,Antonio Daniels,36.0,4,35.29666666666667,5,2,0,0,6
2010-11,686,Antonio McDyess,36.0,73,1386.4616666666666,395,84,39,36,390
2010-11,202356,Armon Johnson,22.0,38,277.43666666666667,36,45,1,5,110
2010-11,201167,Arron Afflalo,25.0,69,2324.2933333333335,251,168,31,34,867
2010-11,201948,Austin Daye,23.0,72,1446.115,274,78,39,39,537
2010-11,202340,Avery Bradley,20.0,31,162.49,17,12,0,9,52
2010-11,1884,Baron Davis,32.0,58,1649.2883333333334,156,391,28,78,760
2010-11,2732,Ben Gordon,28.0,82,2130.86,195,171,16,48,921
2010-11,202386,Ben Uzoh,23.0,42,437.5783333333333,61,69,8,13,158
2010-11,1112,Ben Wallace,36.0,54,1238.1833333333334,350,72,54,54,154
2010-11,2757,Beno Udrih,28.0,79,2733.5133333333333,265,386,9,94,1086
2010-11,201933,Blake Griffin,22.0,82,3111.4733333333334,989,312,45,63,1845
2010-11,2250,Bobby Simmons,31.0,2,15.518333333333333,0,2,0,0,0
2010-11,2564,Boris Diaw,29.0,82,2778.275,414,337,46,74,924
2010-11,1802,Brad Miller,35.0,60,1015.4266666666666,222,145,21,28,382
2010-11,201148,Brandan Wright,23.0,37,378.67333333333335,89,12,17,11,141
2010-11,101138,Brandon Bass,26.0,76,1980.195,424,57,52,27,854
2010-11,201943,Brandon Jennings,21.0,63,2168.64,234,305,21,95,1019
2010-11,200750,Brandon Roy,26.0,47,1309.71,121,129,12,37,573
2010-11,201575,Brandon Rush,25.0,67,1753.8816666666667,217,62,35,41,607
2010-11,2217,Brendan Haywood,31.0,72,1331.365,376,19,74,16,320
2010-11,2073,Brian Cardinal,34.0,56,617.975,59,40,7,24,145
2010-11,2567,Brian Cook,30.0,40,447.22833333333335,96,15,11,12,193
2010-11,2243,Brian Scalabrine,33.0,18,87.97833333333334,8,6,4,3,20
2010-11,1730,Brian Skinner,35.0,2,5.883333333333334,0,0,0,0,0
2010-11,201572,Brook Lopez,23.0,82,2888.755,488,129,120,47,1673
2010-11,201957,Byron Mullens,22.0,13,85.09333333333333,24,0,3,2,25
2010-11,201228,C.J. Watson,27.0,82,1090.7333333333333,94,186,11,55,405
2010-11,101139,CJ Miles,24.0,78,1968.6183333333333,255,135,38,74,1000
2010-11,201171,Carl Landry,27.0,76,2007.895,347,63,32,40,903
2010-11,2306,Carlos Arroyo,31.0,64,1184.755,103,125,1,21,310
2010-11,2430,Carlos Boozer,29.0,59,1881.7616666666668,565,145,18,45,1033
2010-11,2568,Carlos Delfino,28.0,49,1590.4633333333334,200,112,8,76,565
2010-11,2546,Carmelo Anthony,27.0,77,2751.25,563,221,46,68,1970
2010-11,2406,Caron Butler,31.0,29,867.1683333333333,118,46,8,28,436
2010-11,201858,Cartier Martin,26.0,52,542.1883333333334,74,18,6,18,209
2010-11,101112,Channing Frye,28.0,77,2541.1266666666666,513,96,79,46,976
2010-11,2294,Charlie Bell,32.0,19,170.925,18,13,1,6,32
2010-11,101111,Charlie Villanueva,26.0,76,1665.6583333333333,295,48,42,42,840
2010-11,201978,Chase Budinger,23.0,78,1737.5233333333333,281,127,18,41,765
2010-11,1497,Chauncey Billups,34.0,72,2310.1433333333334,190,387,14,71,1208
2010-11,2365,Chris Andersen,32.0,45,732.32,219,20,58,23,250
2010-11,2547,Chris Bosh,27.0,77,2794.7633333333333,641,144,49,59,1438
2010-11,201604,Chris Douglas-Roberts,24.0,44,884.07,88,50,13,29,323
2010-11,2768,Chris Duhon,28.0,51,774.0233333333333,52,118,2,16,125
2010-11,202419,Chris Johnson,25.0,14,138.88333333333333,32,3,9,3,33
2010-11,2549,Chris Kaman,29.0,32,837.54,225,46,48,16,397
2010-11,101108,Chris Paul,26.0,80,2879.6433333333334,327,782,5,188,1268
2010-11,200809,Chris Quinn,27.0,41,292.055,25,42,1,5,81
2010-11,2404,Chris Wilcox,28.0,57,994.6933333333334,271,43,17,29,424
2010-11,201963,Christian Eyenga,22.0,44,946.885,123,35,28,34,303
2010-11,101236,Chuck Hayes,28.0,74,2079.16,599,202,49,79,582
2010-11,202332,Cole Aldrich,22.0,18,141.47666666666666,35,4,7,5,18
2010-11,201147,Corey Brewer,25.0,69,1510.4233333333334,175,89,16,100,552
2010-11,1894,Corey Maggette,31.0,67,1400.5033333333333,241,84,5,21,805
2010-11,201584,Courtney Lee,25.0,81,1722.6216666666667,209,100,18,58,672
2010-11,202342,Craig Brackins,23.0,3,32.82666666666667,4,1,0,1,8
2010-11,200783,Craig Smith,27.0,48,586.335,117,31,7,16,258
2010-11,201571,D.J. Augustin,23.0,82,2757.095,225,498,3,54,1178
2010-11,2788,DJ Mbenga,30.0,41,329.8333333333333,86,6,27,6,59
2010-11,201591,DJ White,24.0,47,684.655,158,19,20,12,268
2010-11,201969,DaJuan Summers,23.0,22,198.76166666666666,12,2,1,3,74
2010-11,201161,Daequan Cook,24.0,43,598.255,72,20,1,14,239
2010-11,2563,Dahntay Jones,30.0,45,588.9533333333334,65,33,7,20,283
2010-11,2863,Damien Wilkins,31.0,52,676.4533333333334,90,41,9,27,180
2010-11,202345,Damion James,23.0,25,402.93833333333333,85,20,12,16,110
2010-11,2429,Dan Gadzuric,33.0,42,462.695,135,14,29,13,118
2010-11,200789,Daniel Gibson,25.0,67,1865.0316666666668,177,201,21,48,780
2010-11,201568,Danilo Gallinari,22.0,62,2104.03,305,104,27,51,970
2010-11,101122,Danny Granger,28.0,79,2762.9983333333334,425,203,62,89,1622
2010-11,201980,Danny Green,24.0,8,91.49666666666667,15,2,1,2,41
2010-11,201967,Dante Cunningham,24.0,78,1636.9333333333334,277,43,43,54,482
2010-11,2443,Darius Songaila,33.0,10,70.57166666666667,10,2,0,0,16
2010-11,2545,Darko Milicic,26.0,69,1686.2733333333333,360,104,140,54,606
2010-11,201616,Darnell Jackson,25.0,59,485.8233333333333,94,14,3,12,187
2010-11,201589,Darrell Arthur,23.0,80,1608.4466666666667,342,53,63,52,729
2010-11,201954,Darren Collison,23.0,79,2360.135,225,403,14,87,1039
2010-11,2431,David Andersen,31.0,40,372.52166666666665,84,13,9,5,134
2010-11,101135,David Lee,28.0,73,2634.285,714,233,31,74,1203
2010-11,2561,David West,30.0,70,2450.5266666666666,529,164,62,67,1322
2010-11,201599,DeAndre Jordan,22.0,80,2046.765,575,42,142,41,566
2010-11,201971,DeJuan Blair,22.0,81,1733.5233333333333,565,77,42,95,674
2010-11,201942,DeMar DeRozan,21.0,82,2851.025,315,148,31,85,1410
2010-11,202326,DeMarcus Cousins,20.0,81,2309.4266666666667,699,204,68,85,1143
2010-11,201960,DeMarre Carroll,24.0,12,50.013333333333335,8,4,1,1,10
2010-11,2205,DeSagana Diop,29.0,16,181.08833333333334,40,7,15,4,20
2010-11,2052,DeShawn Stevenson,30.0,72,1158.3883333333333,106,77,5,21,383
2010-11,2753,Delonte West,27.0,24,453.1433333333333,37,64,10,20,135
2010-11,965,Derek Fisher,36.0,82,2297.008333333333,152,224,8,99,558
2010-11,101114,Deron Williams,27.0,65,2464.911666666667,260,667,15,79,1309
2010-11,201974,Derrick Brown,23.0,49,575.3666666666667,99,33,10,20,185
2010-11,202382,Derrick Caracter,23.0,41,215.00333333333333,43,7,10,4,81
2010-11,202324,Derrick Favors,19.0,78,1535.7216666666666,412,39,68,29,533
2010-11,201565,Derrick Rose,22.0,81,3025.8366666666666,330,623,51,85,2026
2010-11,202365,Devin Ebanks,21.0,20,117.61,27,2,5,4,62
2010-11,2734,Devin Harris,28.0,71,2253.78,169,503,7,70,1079
2010-11,202354,Dexter Pittman,23.0,2,11.233333333333333,3,0,0,0,2
2010-11,1717,Dirk Nowitzki,33.0,73,2503.9366666666665,513,190,47,38,1681
2010-11,201187,Dominic McGuire,25.0,52,760.3883333333333,199,43,33,10,174
2010-11,202346,Dominique Jones,22.0,18,135.11,25,19,3,5,42
2010-11,201590,Donte Greene,23.0,69,1127.085,147,48,20,36,400
2010-11,2748,Dorell Wright,25.0,82,3146.778333333333,431,242,63,124,1344
2010-11,2400,Drew Gooden,29.0,35,859.8783333333333,238,47,18,21,396
2010-11,2730,Dwight Howard,25.0,78,2934.9166666666665,1098,107,186,107,1784
2010-11,2548,Dwyane Wade,29.0,76,2823.2116666666666,485,346,87,111,1941
2010-11,2853,Earl Barron,29.0,21,305.5083333333333,76,11,6,8,79
2010-11,1863,Earl Boykins,35.0,57,861.7683333333333,55,141,3,38,408
2010-11,201947,Earl Clark,23.0,42,463.79,101,9,18,8,163
2010-11,2248,Earl Watson,32.0,80,1567.35,182,278,17,61,343
2010-11,202334,Ed Davis,22.0,65,1601.7533333333333,462,40,67,39,501
2010-11,2067,Eddie House,33.0,56,978.3666666666667,92,62,3,32,362
2010-11,2059,Eduardo Najera,34.0,31,372.2916666666667,44,20,6,11,69
2010-11,202327,Ekpe Udoh,24.0,58,1029.5133333333333,181,40,86,22,236
2010-11,1882,Elton Brand,32.0,81,2809.133333333333,676,120,106,92,1217
2010-11,2731,Emeka Okafor,28.0,72,2286.7533333333336,684,42,127,40,745
2010-11,202339,Eric Bledsoe,21.0,81,1840.5333333333333,223,289,26,92,543
2010-11,201569,Eric Gordon,22.0,56,2112.0666666666666,164,244,18,71,1247
2010-11,201953,Eric Maynor,24.0,82,1199.635,121,238,6,35,348
2010-11,956,Erick Dampier,35.0,51,814.8016666666666,177,22,47,14,128
2010-11,101141,Ersan Ilyasova,24.0,60,1505.285,365,56,24,51,571
2010-11,2041,Etan Thomas,33.0,13,82.07333333333334,23,2,4,1,32
2010-11,202323,Evan Turner,22.0,78,1797.4016666666666,306,159,14,49,565
2010-11,101177,Fabricio Oberto,36.0,5,44.695,7,0,0,0,7
2010-11,1922,Francisco Elson,35.0,62,609.935,115,33,14,21,134
2010-11,101128,Francisco Garcia,29.0,58,1385.6266666666668,133,71,49,51,560
2010-11,202371,Gani Lawal,22.0,1,1.9333333333333333,0,0,0,0,0
2010-11,202081,Garret Siler,24.0,21,101.29333333333334,28,3,4,1,45
2010-11,202066,Garrett Temple,25.0,24,230.19333333333333,23,32,6,11,57
2010-11,201814,Gary Forbes,26.0,63,790.7683333333333,116,49,6,23,326
2010-11,202390,Gary Neal,26.0,80,1684.5616666666667,196,96,4,27,783
2010-11,201588,George Hill,25.0,76,2147.9766666666665,199,193,21,66,884
2010-11,201945,Gerald Henderson,23.0,68,1661.2416666666666,207,101,32,50,653
2010-11,2222,Gerald Wallace,28.0,71,2693.0333333333333,569,173,63,105,1113
2010-11,2240,Gilbert Arenas,29.0,70,1796.1933333333334,189,274,21,74,755
2010-11,201175,Glen Davis,25.0,78,2297.7766666666666,425,92,30,78,915
2010-11,201609,Goran Dragic,25.0,70,1233.875,142,204,10,50,523
2010-11,202330,Gordon Hayward,21.0,72,1217.67,139,81,19,30,388
2010-11,255,Grant Hill,38.0,80,2408.915,338,200,35,64,1056
2010-11,202328,Greg Monroe,21.0,80,2221.8633333333332,601,105,45,93,751
2010-11,202349,Greivis Vasquez,24.0,70,859.9166666666666,73,151,4,22,249
2010-11,101124,Hakim Warrick,28.0,80,1415.5216666666668,296,69,9,32,669
2010-11,202380,Hamady Ndiaye,24.0,16,80.17666666666666,7,0,5,2,14
2010-11,201632,Hamed Haddadi,26.0,31,168.38666666666666,68,5,13,2,75
2010-11,201934,Hasheem Thabeet,24.0,47,373.31333333333333,75,4,16,9,53
2010-11,202355,Hassan Whiteside,22.0,1,1.7433333333333334,0,0,0,0,0
2010-11,2045,Hedo Turkoglu,32.0,81,2540.1433333333334,356,343,34,72,877
2010-11,201611,Henry Walker,23.0,61,783.91,122,34,6,21,298
2010-11,200756,Hilton Armstrong,26.0,53,488.785,131,14,21,18,92
2010-11,101133,Ian Mahinmi,24.0,56,487.87833333333333,120,8,15,14,173
2010-11,101113,Ike Diogu,27.0,36,469.615,115,2,3,3,207
2010-11,2137,Ime Udoka,33.0,20,130.00666666666666,19,13,1,8,14
2010-11,202397,Ish Smith,22.0,43,441.65166666666664,47,79,2,18,101
2010-11,200826,J.J. Barea,27.0,81,1668.9666666666667,159,317,1,30,769
2010-11,201581,JJ Hickson,22.0,80,2256.32,695,91,54,48,1105
2010-11,200755,JJ Redick,27.0,59,1512.935,113,102,3,29,593
2010-11,2747,JR Smith,25.0,79,1967.59,322,175,16,92,969
2010-11,201580,JaVale McGee,23.0,79,2192.56,634,38,193,41,798
2010-11,2048,Jamaal Magloire,33.0,18,157.59833333333333,61,3,2,4,35
2010-11,2037,Jamal Crawford,31.0,76,2296.991666666667,130,241,14,57,1077
2010-11,200081,Jamario Moon,31.0,59,1042.2633333333333,165,52,33,28,255
2010-11,2749,Jameer Nelson,29.0,76,2318.8233333333333,226,456,3,75,997
2010-11,202341,James Anderson,22.0,26,286.23833333333334,23,18,6,3,94
2010-11,201935,James Harden,21.0,82,2188.5383333333334,255,176,24,92,998
2010-11,201949,James Johnson,24.0,38,821.155,142,89,37,33,271
2010-11,2592,James Jones,30.0,81,1549.09,160,43,19,29,475
2010-11,1899,James Posey,34.0,49,839.0883333333334,147,34,6,24,240
2010-11,201162,Jared Dudley,25.0,82,2139.595,318,108,20,87,867
2010-11,2407,Jared Jeffries,29.0,42,601.0583333333333,116,36,17,31,74
2010-11,101127,Jarrett Jack,27.0,83,1722.2566666666667,173,242,6,54,735
2010-11,2260,Jarron Collins,32.0,28,181.36333333333334,24,2,1,4,19
2010-11,2215,Jason Collins,32.0,49,593.3433333333334,102,22,9,9,96
2010-11,2574,Jason Kapono,30.0,24,111.51833333333333,11,4,1,2,16
2010-11,467,Jason Kidd,38.0,80,2652.846666666667,351,655,29,134,630
2010-11,101131,Jason Maxiell,28.0,57,930.1183333333333,173,17,21,24,237
2010-11,2202,Jason Richardson,30.0,80,2715.1216666666664,331,147,13,93,1249
2010-11,201160,Jason Smith,25.0,77,1101.825,241,36,32,26,331
2010-11,1891,Jason Terry,33.0,82,2564.365,153,334,13,93,1293
2010-11,201574,Jason Thompson,24.0,75,1748.0666666666666,454,88,44,28,663
2010-11,1715,Jason Williams,35.0,27,295.10833333333335,30,52,1,11,54
2010-11,101214,Jawad Williams,28.0,26,391.1116666666667,48,22,3,9,104
2010-11,202399,Jeff Adrien,25.0,23,195.935,58,10,5,4,57
2010-11,1902,Jeff Foster,34.0,56,939.8633333333333,350,46,31,24,187
2010-11,201145,Jeff Green,24.0,75,2427.62,360,108,37,53,998
2010-11,201952,Jeff Teague,23.0,70,962.5383333333333,102,138,25,45,361
2010-11,202379,Jeremy Evans,23.0,49,462.91,97,24,17,17,178
2010-11,202391,Jeremy Lin,22.0,29,284.5133333333333,34,42,9,33,76
2010-11,979,Jermaine O'Neal,32.0,24,431.225,88,12,30,2,129
2010-11,201966,Jermaine Taylor,24.0,34,482.245,62,32,5,14,223
2010-11,711,Jerry Stackhouse,36.0,7,49.74333333333333,7,3,2,0,12
2010-11,201573,Jerryd Bayless,22.0,71,1495.2833333333333,165,266,5,38,651
2010-11,201149,Joakim Noah,26.0,48,1575.5283333333334,498,107,72,48,561
2010-11,201975,Jodie Meeks,23.0,74,2062.0466666666666,171,78,4,63,774
2010-11,2207,Joe Johnson,30.0,72,2554.405,291,338,7,47,1312
2010-11,693,Joe Smith,35.0,16,69.34833333333333,21,4,4,0,8
2010-11,201202,Joel Anthony,28.0,75,1463.0566666666666,266,24,93,10,153
2010-11,2038,Joel Przybilla,31.0,36,519.7633333333333,145,13,15,5,64
2010-11,201595,Joey Dorsey,27.0,43,521.98,190,27,17,24,135
2010-11,101121,Joey Graham,29.0,39,586.25,84,18,7,6,202
2010-11,101130,Johan Petro,25.0,77,893.4133333333333,212,44,34,34,273
2010-11,101249,John Lucas III,28.0,2,10.106666666666667,0,1,0,0,2
2010-11,2422,John Salmons,31.0,73,2554.1033333333335,266,252,28,72,1024
2010-11,202322,John Wall,20.0,69,2606.055,317,574,35,121,1131
2010-11,201972,Jon Brockman,24.0,63,677.4716666666667,184,18,3,14,136
2010-11,201938,Jonny Flynn,22.0,53,982.86,77,182,3,34,279
2010-11,202348,Jordan Crawford,22.0,42,1026.645,105,117,3,39,490
2010-11,200770,Jordan Farmar,24.0,73,1795.9516666666666,173,368,6,62,701
2010-11,201941,Jordan Hill,23.0,72,1124.4966666666667,306,29,52,14,406
2010-11,101181,Jose Calderon,29.0,68,2102.2033333333334,202,605,7,81,669
2010-11,2735,Josh Childress,28.0,54,893.77,155,42,23,33,272
2010-11,2572,Josh Howard,31.0,18,408.6166666666667,74,24,5,13,152
2010-11,201177,Josh McRoberts,24.0,72,1596.9883333333332,382,150,57,47,533
2010-11,2694,Josh Powell,28.0,54,653.145,135,22,5,5,224
2010-11,2746,Josh Smith,25.0,77,2644.83,657,255,120,99,1274
2010-11,201950,Jrue Holiday,21.0,82,2900.6983333333333,332,531,29,120,1145
2010-11,201153,Julian Wright,24.0,52,765.9616666666667,118,58,20,39,188
2010-11,436,Juwan Howard,38.0,57,591.5133333333333,122,23,4,10,139
2010-11,2586,Keith Bogans,31.0,82,1461.3333333333333,148,101,9,38,359
2010-11,2570,Kendrick Perkins,26.0,29,742.0133333333333,232,26,26,9,174
2010-11,2030,Kenyon Martin,33.0,48,1233.18,297,109,35,43,414
2010-11,201142,Kevin Durant,22.0,78,3037.6216666666664,533,214,76,88,2161
2010-11,708,Kevin Garnett,35.0,71,2219.7566666666667,631,171,57,95,1056
2010-11,201567,Kevin Love,22.0,73,2610.5433333333335,1112,184,28,45,1476
2010-11,2755,Kevin Martin,28.0,80,2602.5333333333333,258,198,15,80,1876
2010-11,202338,Kevin Seraphin,21.0,58,634.6283333333333,152,10,28,17,154
2010-11,2039,Keyon Dooling,31.0,80,1756.615,117,243,4,54,571
2010-11,2550,Kirk Hinrich,30.0,72,2156.6583333333333,182,288,17,75,737
2010-11,977,Kobe Bryant,32.0,82,2778.6633333333334,419,388,12,99,2078
2010-11,201585,Kosta Koufos,22.0,50,433.6,130,7,25,10,160
2010-11,2743,Kris Humphries,26.0,74,2060.7633333333333,771,84,80,33,741
2010-11,703,Kurt Thomas,38.0,52,1178.1533333333334,301,60,42,32,211
2010-11,2198,Kwame Brown,29.0,66,1714.165,450,43,39,26,524
2010-11,2594,Kyle Korver,30.0,82,1649.1233333333332,150,124,20,35,681
2010-11,200768,Kyle Lowry,25.0,75,2563.1833333333334,309,500,23,102,1011
2010-11,201602,Kyle Weaver,25.0,5,69.34,10,7,2,2,28
2010-11,201178,Kyrylo Fesenko,24.0,53,455.94,108,18,16,4,106
2010-11,200746,LaMarcus Aldridge,25.0,81,3211.4216666666666,709,170,94,82,1769
2010-11,1885,Lamar Odom,31.0,82,2638.715,710,249,61,47,1180
2010-11,202362,Lance Stephenson,20.0,12,114.69666666666667,18,21,0,4,37
2010-11,202361,Landry Fields,23.0,82,2541.3283333333334,521,155,17,80,797
2010-11,202082,Larry Owens,28.0,12,142.73333333333332,15,8,5,9,40
2010-11,202336,Larry Sanders,22.0,60,872.1616666666666,178,16,72,22,260
2010-11,202351,Lazar Hayward,24.0,42,419.41833333333335,70,28,7,12,160
2010-11,2544,LeBron James,26.0,79,3062.9816666666666,590,554,50,124,2111
2010-11,2571,Leandro Barbosa,28.0,58,1394.6133333333332,99,119,6,50,769
2010-11,200796,Leon Powe,27.0,30,327.7316666666667,63,7,4,10,158
2010-11,201991,Lester Hudson,26.0,11,73.33333333333333,5,17,1,4,18
2010-11,101132,Linas Kleiza,26.0,39,1031.9616666666666,177,40,7,19,436
2010-11,200811,Lou Amundson,28.0,46,691.1066666666667,185,17,33,14,200
2010-11,101150,Lou Williams,24.0,75,1747.335,149,252,17,47,1027
2010-11,201601,Luc Mbah a Moute,24.0,79,2093.0416666666665,420,68,28,72,529
2010-11,2449,Luis Scola,31.0,74,2411.838333333333,606,185,44,48,1352
2010-11,202337,Luke Babbitt,22.0,24,137.29333333333332,30,6,2,2,36
2010-11,202376,Luke Harangody,23.0,49,640.6383333333333,143,30,17,15,193
2010-11,2557,Luke Ridnour,30.0,71,2159.16,199,384,10,89,840
2010-11,2575,Luke Walton,31.0,54,484.3883333333333,67,62,4,9,91
2010-11,2736,Luol Deng,26.0,82,3207.9183333333335,476,230,48,78,1430
2010-11,101129,Luther Head,28.0,36,585.5816666666667,60,70,9,10,200
2010-11,2124,Malik Allen,33.0,18,178.30166666666668,32,4,4,1,23
2010-11,202412,Manny Harris,21.0,54,933.3466666666667,140,85,7,31,321
2010-11,1938,Manu Ginobili,33.0,80,2425.49,295,393,28,123,1393
2010-11,201188,Marc Gasol,26.0,81,2586.4566666666665,569,200,136,74,951
2010-11,101162,Marcin Gortat,27.0,80,2032.8916666666667,631,70,91,36,817
2010-11,201158,Marco Belinelli,25.0,80,1957.1616666666666,151,92,6,38,836
2010-11,2556,Marcus Banks,29.0,3,21.75,1,3,0,1,6
2010-11,948,Marcus Camby,37.0,59,1540.375,606,121,92,40,277
2010-11,202408,Marcus Cousin,24.0,4,18.311666666666667,3,0,1,0,4
2010-11,201977,Marcus Thornton,24.0,73,1775.79,258,135,9,64,933
2010-11,201596,Mario Chalmers,25.0,70,1579.31,146,177,7,76,447
2010-11,201238,Mario West,27.0,6,115.95833333333333,11,10,0,7,22
2010-11,2605,Marquis Daniels,30.0,49,938.305,113,64,22,39,271
2010-11,201578,Marreese Speights,23.0,64,733.5483333333333,210,30,19,8,344
2010-11,101110,Martell Webster,24.0,46,1094.4666666666667,147,53,9,28,453
2010-11,101107,Marvin Williams,25.0,65,1864.55,313,88,23,34,676
2010-11,2440,Matt Barnes,31.0,53,1019.8583333333333,228,71,22,39,356
2010-11,2588,Matt Bonner,31.0,66,1431.7116666666666,239,60,21,26,481
2010-11,2679,Matt Carroll,30.0,54,581.9866666666667,68,23,6,17,235
2010-11,200772,Maurice Ager,27.0,4,28.998333333333335,2,1,0,1,15
2010-11,2230,Maurice Evans,32.0,73,1548.915,156,45,14,34,461
2010-11,2246,Mehmet Okur,32.0,13,168.43,30,19,4,4,64
2010-11,2408,Melvin Ely,33.0,30,366.475,74,14,11,4,69
2010-11,1897,Metta World Peace,31.0,82,2409.7533333333336,267,175,36,124,697
2010-11,201563,Michael Beasley,22.0,73,2361.4583333333335,409,158,52,54,1401
2010-11,2072,Michael Redd,31.0,10,134.31833333333333,8,12,1,2,44
2010-11,2554,Mickael Pietrus,29.0,57,1106.89,126,33,21,29,410
2010-11,1710,Mike Bibby,33.0,80,2284.415,195,265,9,50,688
2010-11,201144,Mike Conley,23.0,81,2871.7316666666666,247,528,18,144,1107
2010-11,2399,Mike Dunleavy,30.0,61,1682.7133333333334,276,105,30,40,682
2010-11,200839,Mike Harris,28.0,4,15.683333333333334,5,1,1,0,8
2010-11,2034,Mike Miller,31.0,41,837.645,184,51,2,20,228
2010-11,2590,Mo Williams,28.0,58,1788.545,153,380,10,53,812
2010-11,101145,Monta Ellis,25.0,80,3226.673333333333,281,450,23,168,1929
2010-11,2050,Morris Peterson,33.0,4,22.933333333333334,3,1,0,0,4
2010-11,201203,Mustafa Shakur,26.0,22,159.11833333333334,22,25,3,5,51
2010-11,101126,Nate Robinson,27.0,59,1013.2433333333333,90,111,4,29,401
2010-11,1737,Nazr Mohammed,33.0,75,1279.6,368,23,56,30,535
2010-11,2420,Nenad Krstic,27.0,71,1571.0666666666666,335,27,25,26,575
2010-11,2403,Nene,28.0,75,2290.7966666666666,571,149,73,84,1091
2010-11,2555,Nick Collison,30.0,71,1523.73,316,69,31,42,329
2010-11,201156,Nick Young,26.0,64,2033.77,174,75,17,45,1115
2010-11,201587,Nicolas Batum,22.0,80,2521.846666666667,361,123,49,68,990
2010-11,201593,Nikola Pekovic,25.0,65,887.4083333333333,193,27,35,18,359
2010-11,201564,O.J. Mayo,23.0,71,1869.36,170,145,26,73,803
2010-11,201600,Omer Asik,24.0,82,989.4483333333334,306,32,56,20,229
2010-11,201956,Omri Casspi,23.0,71,1702.18,307,74,13,54,610
2010-11,101158,Orien Greene,29.0,3,5.3,0,1,0,1,3
2010-11,201785,Othyus Jeffers,25.0,17,322.405,67,20,0,17,93
2010-11,202377,Pape Sy,23.0,3,20.983333333333334,3,2,0,1,7
2010-11,201607,Patrick Ewing,27.0,7,19.153333333333332,2,2,1,0,3
2010-11,202335,Patrick Patterson,22.0,52,867.5366666666666,200,41,37,17,328
2010-11,201988,Patty Mills,22.0,64,782.705,51,109,1,27,353
2010-11,2200,Pau Gasol,30.0,82,3037.0833333333335,836,273,130,48,1541
2010-11,202331,Paul George,21.0,61,1264.805,224,65,26,62,476
2010-11,200794,Paul Millsap,26.0,76,2604.9483333333333,579,187,69,103,1315
2010-11,1718,Paul Pierce,33.0,80,2774.0616666666665,430,260,51,80,1511
2010-11,978,Peja Stojakovic,34.0,33,616.5766666666667,75,29,2,13,280
2010-11,200817,Pooh Jeter,27.0,62,858.0866666666667,70,162,2,29,255
2010-11,200822,Pops Mensah-Bonsu,27.0,7,35.14,11,2,0,0,2
2010-11,2047,Quentin Richardson,31.0,57,955.37,178,38,5,25,249
2010-11,202347,Quincy Pondexter,23.0,66,733.5716666666667,88,28,10,17,188
2010-11,2624,Quinton Ross,30.0,36,353.25,30,10,6,3,57
2010-11,1952,Raja Bell,34.0,68,2097.13,176,118,14,56,541
2010-11,200765,Rajon Rondo,25.0,68,2526.7816666666668,297,760,11,153,721
2010-11,201196,Ramon Sessions,25.0,81,2132.701666666667,255,419,8,60,1075
2010-11,200751,Randy Foye,27.0,63,1551.2983333333334,103,170,21,47,616
2010-11,1740,Rashard Lewis,31.0,57,1824.505,290,92,30,52,668
2010-11,2446,Rasual Butler,32.0,47,769.785,77,27,15,8,222
2010-11,951,Ray Allen,35.0,80,2890.0066666666667,274,219,16,77,1321
2010-11,101109,Raymond Felton,27.0,75,2737.295,269,625,11,125,1164
2010-11,2501,Reggie Evans,31.0,30,798.13,345,38,6,29,132
2010-11,202130,Reggie Williams,24.0,80,1626.2683333333334,216,121,3,28,738
2010-11,200764,Renaldo Balkman,26.0,8,62.655,7,2,2,4,16
2010-11,1888,Richard Hamilton,33.0,55,1498.0383333333334,126,171,4,39,777
2010-11,2210,Richard Jefferson,31.0,81,2458.528333333333,310,107,34,38,891
2010-11,201577,Robin Lopez,23.0,67,991.125,216,8,45,18,432
2010-11,200760,Rodney Carney,27.0,27,335.30833333333334,48,11,5,12,127
2010-11,201155,Rodney Stuckey,25.0,70,2183.4416666666666,216,361,10,76,1082
2010-11,201958,Rodrigue Beaubois,23.0,28,495.6716666666667,52,64,8,20,236
2010-11,2427,Roger Mason Jr.,30.0,26,319.0133333333333,43,20,2,6,75
2010-11,2648,Ronald Dupree,30.0,3,12.751666666666667,3,1,0,0,2
2010-11,200758,Ronnie Brewer,26.0,81,1781.44,262,140,22,106,503
2010-11,101179,Ronnie Price,28.0,59,716.8016666666666,61,56,5,42,197
2010-11,101142,Ronny Turiaf,28.0,64,1140.6933333333334,207,92,73,35,267
2010-11,201579,Roy Hibbert,24.0,81,2244.0216666666665,610,166,142,33,1025
2010-11,2767,Royal Ivey,29.0,25,154.70833333333334,16,7,1,6,41
2010-11,201164,Rudy Fernandez,26.0,78,1820.7316666666666,172,193,14,87,668
2010-11,200752,Rudy Gay,24.0,54,2151.7633333333333,336,153,58,91,1069
2010-11,201566,Russell Westbrook,22.0,82,2847.38,379,670,30,155,1793
2010-11,201583,Ryan Anderson,23.0,64,1424.3683333333333,355,52,38,30,681
2010-11,101155,Ryan Gomes,28.0,76,2095.1866666666665,254,118,12,62,547
2010-11,200797,Ryan Hollins,26.0,70,1181.5816666666667,186,26,42,22,373
2010-11,201970,Sam Young,26.0,78,1577.0566666666666,187,71,23,68,572
2010-11,202396,Samardo Samuels,22.0,37,701.4166666666666,158,17,18,15,288
2010-11,2223,Samuel Dalembert,31.0,80,1937.4616666666666,657,67,116,36,644
2010-11,2562,Sasha Pavlovic,27.0,31,362.015,32,16,7,10,76
2010-11,2756,Sasha Vujacic,27.0,67,1647.4233333333334,186,132,5,54,656
2010-11,1752,Sean Marks,35.0,29,208.45833333333334,40,4,5,3,45
2010-11,2742,Sebastian Telfair,26.0,37,710.58,54,111,3,25,266
2010-11,201623,Semih Erden,24.0,41,594.8816666666667,118,20,24,15,163
2010-11,201586,Serge Ibaka,21.0,82,2215.7083333333335,622,22,198,31,808
2010-11,2203,Shane Battier,32.0,82,2374.4866666666667,373,185,81,69,624
2010-11,200769,Shannon Brown,25.0,82,1568.3283333333334,157,96,16,67,712
2010-11,406,Shaquille O'Neal,39.0,37,751.575,178,26,42,16,341
2010-11,2733,Shaun Livingston,25.0,73,1260.7416666666666,149,164,29,47,479
2010-11,1890,Shawn Marion,33.0,80,2252.9133333333334,551,110,50,68,999
2010-11,200761,Shawne Williams,25.0,64,1323.105,239,47,51,39,454
2010-11,200749,Shelden Williams,27.0,59,910.3683333333333,273,32,26,23,264
2010-11,202395,Sherron Collins,24.0,20,65.88166666666666,5,8,0,2,17
2010-11,202374,Solomon Alabi,23.0,12,59.01,14,2,2,2,6
2010-11,200780,Solomon Jones,26.0,39,528.1766666666666,113,30,22,12,139
2010-11,201603,Sonny Weems,24.0,59,1413.1883333333333,153,104,2,34,545
2010-11,201150,Spencer Hawes,23.0,81,1718.2883333333334,465,121,71,29,584
2010-11,201939,Stephen Curry,23.0,74,2488.9933333333333,286,432,20,109,1373
2010-11,101211,Stephen Graham,29.0,59,958.4533333333334,123,40,1,14,198
2010-11,1536,Stephen Jackson,33.0,67,2404.5016666666666,304,241,28,80,1240
2010-11,2581,Steve Blake,31.0,79,1581.2416666666666,156,170,3,40,319
2010-11,959,Steve Nash,37.0,75,2496.778333333333,260,855,4,48,1106
2010-11,200779,Steve Novak,28.0,30,215.03666666666666,28,3,5,1,104
2010-11,202178,Sundiata Gaines,25.0,24,300.59,38,42,1,16,111
2010-11,2551,T.J. Ford,28.0,41,773.1266666666667,81,141,8,35,223
2010-11,201959,Taj Gibson,26.0,80,1742.2466666666667,458,58,106,39,569
2010-11,2419,Tayshaun Prince,31.0,78,2561.5666666666666,329,215,41,30,1098
2010-11,201944,Terrence Williams,24.0,21,290.035,51,38,0,9,106
2010-11,200757,Thabo Sefolosha,27.0,79,2049.2083333333335,346,111,38,97,401
2010-11,201152,Thaddeus Young,23.0,82,2134.8366666666666,434,82,26,90,1045
2010-11,689,Theo Ratliff,38.0,10,70.50166666666667,13,3,5,2,2
2010-11,201168,Tiago Splitter,26.0,60,738.045,201,26,17,29,278
2010-11,1495,Tim Duncan,35.0,76,2156.2183333333332,678,203,146,50,1022
2010-11,202389,Timofey Mozgov,24.0,45,524.095,121,15,25,15,163
2010-11,201962,Toney Douglas,25.0,81,1971.075,244,244,4,89,856
2010-11,2754,Tony Allen,29.0,72,1494.35,193,104,44,129,643
2010-11,1499,Tony Battie,35.0,38,376.9916666666667,99,12,15,5,100
2010-11,2225,Tony Parker,29.0,78,2527.6583333333333,238,513,3,90,1368
2010-11,1503,Tracy McGrady,32.0,72,1685.5033333333333,251,252,34,66,574
2010-11,2566,Travis Outlaw,26.0,82,2357.695,325,84,36,34,756
2010-11,2772,Trevor Ariza,25.0,75,2599.8483333333334,408,162,31,120,826
2010-11,202344,Trevor Booker,23.0,65,1063.0916666666667,251,35,42,29,346
2010-11,201234,Trey Johnson,26.0,8,94.36666666666666,7,11,1,1,34
2010-11,2211,Troy Murphy,31.0,35,465.9066666666667,113,23,3,15,109
2010-11,201951,Ty Lawson,23.0,80,2102.6,209,377,4,80,933
2010-11,201946,Tyler Hansbrough,25.0,70,1535.405,366,41,15,37,767
2010-11,201936,Tyreke Evans,21.0,57,2107.056666666667,275,319,30,85,1012
2010-11,200748,Tyrus Thomas,24.0,41,861.0716666666667,224,29,66,30,419
2010-11,2199,Tyson Chandler,28.0,74,2058.5116666666668,692,32,80,36,748
2010-11,2617,Udonis Haslem,31.0,13,344.9216666666667,106,6,3,7,104
2010-11,1713,Vince Carter,34.0,73,2051.5616666666665,275,146,20,67,1022
2010-11,2209,Vladimir Radmanovic,30.0,74,1169.1816666666666,212,79,44,44,374
2010-11,101144,Von Wafer,25.0,58,552.545,49,35,5,18,184
2010-11,201961,Wayne Ellington,23.0,62,1181.245,108,72,3,28,410
2010-11,202325,Wesley Johnson,23.0,79,2069.37,240,148,54,58,709
2010-11,202083,Wesley Matthews,24.0,82,2758.3933333333334,258,164,9,102,1300
2010-11,101198,Will Bynum,28.0,61,1125.1966666666667,74,195,4,52,482
2010-11,2584,Willie Green,29.0,77,1673.91,161,74,13,36,672
2010-11,202378,Willie Warren,21.0,19,133.80166666666668,12,27,0,6,37
2010-11,201163,Wilson Chandler,24.0,72,2400.4166666666665,408,120,94,48,1100
2010-11,202333,Xavier Henry,20.0,38,527.4316666666666,37,18,3,11,165
2010-11,2397,Yao Ming,30.0,5,90.51833333333333,27,4,8,0,51
2010-11,201146,Yi Jianlian,23.0,63,1111.835,248,25,32,27,355
2010-11,202220,Zabian Dowdell,26.0,24,291.6983333333333,20,51,2,20,121
2010-11,2216,Zach Randolph,29.0,75,2723.5583333333334,914,163,25,63,1504
2010-11,2585,Zaza Pachulia,27.0,79,1243.7816666666668,333,58,22,34,349
2010-11,980,Zydrunas Ilgauskas,36.0,72,1145.3533333333332,287,26,58,23,360
2011-12,201985,AJ Price,25.0,44,568.03,61,86,2,20,172
2011-12,201189,Aaron Gray,27.0,49,812.6583333333333,281,27,17,22,191
2011-12,1733,Al Harrington,32.0,64,1760.985,390,88,12,58,910
2011-12,201143,Al Horford,26.0,11,347.98333333333335,77,24,14,10,136
2011-12,2744,Al Jefferson,27.0,61,2074.96,585,134,101,47,1170
2011-12,202329,Al-Farouq Aminu,21.0,66,1477.0433333333333,308,66,34,59,399
2011-12,101187,Alan Anderson,29.0,17,460.725,34,26,3,5,163
2011-12,202692,Alec Burks,20.0,59,938.9033333333333,132,55,5,27,425
2011-12,202087,Alonzo Gee,25.0,63,1827.0466666666666,322,113,17,83,665
2011-12,2405,Amar'e Stoudemire,29.0,47,1543.22,367,52,45,38,823
2011-12,101161,Amir Johnson,25.0,64,1552.8933333333334,408,79,69,33,452
2011-12,2760,Anderson Varejao,29.0,25,784.6033333333334,287,43,17,35,271
2011-12,101154,Andray Blatche,25.0,26,626.0133333333333,150,28,17,20,221
2011-12,2765,Andre Emmett,29.0,6,44.91,6,1,1,2,13
2011-12,2738,Andre Iguodala,28.0,62,2209.105,381,339,30,107,771
2011-12,1889,Andre Miller,36.0,66,1808.9183333333333,221,441,9,63,639
2011-12,200745,Andrea Bargnani,26.0,31,1031.6916666666666,172,61,15,18,603
2011-12,2804,Andres Nocioni,32.0,11,55.65,14,1,1,1,17
2011-12,101106,Andrew Bogut,27.0,12,363.7183333333333,100,31,24,12,136
2011-12,101115,Andrew Bynum,24.0,60,2111.54,709,85,116,27,1123
2011-12,202726,Andrew Goudelock,23.0,40,418.6016666666667,31,20,0,4,175
2011-12,2740,Andris Biedrins,26.0,47,738.62,176,16,45,23,79
2011-12,1712,Antawn Jamison,36.0,65,2150.99,408,131,43,51,1118
2011-12,1853,Anthony Carter,37.0,24,209.32333333333332,33,34,4,8,47
2011-12,201627,Anthony Morrow,26.0,62,1636.3483333333334,127,61,9,46,747
2011-12,1515,Anthony Parker,37.0,51,1280.3033333333333,138,120,7,38,367
2011-12,201576,Anthony Randolph,22.0,34,516.5483333333333,123,19,35,13,252
2011-12,201229,Anthony Tolliver,27.0,51,881.5,153,22,19,18,208
2011-12,202356,Armon Johnson,23.0,9,124.30833333333334,13,11,0,5,47
2011-12,201167,Arron Afflalo,26.0,62,2086.391666666667,197,149,13,36,943
2011-12,201948,Austin Daye,24.0,41,603.1166666666667,91,33,21,22,194
2011-12,202340,Avery Bradley,21.0,64,1368.3933333333334,115,87,12,43,484
2011-12,1884,Baron Davis,33.0,29,594.8283333333334,56,135,3,34,178
2011-12,2732,Ben Gordon,29.0,52,1398.2483333333332,121,127,11,34,648
2011-12,202386,Ben Uzoh,24.0,18,369.65166666666664,67,61,3,17,81
2011-12,1112,Ben Wallace,37.0,62,980.26,269,43,51,47,85
2011-12,2757,Beno Udrih,29.0,59,1079.985,102,227,1,37,348
2011-12,202687,Bismack Biyombo,19.0,63,1455.22,368,27,115,20,327
2011-12,201336,Blake Ahearn,28.0,4,30.378333333333334,2,1,0,0,10
2011-12,201933,Blake Griffin,23.0,66,2391.883333333333,717,210,48,54,1368
2011-12,2250,Bobby Simmons,32.0,28,418.36833333333334,55,11,3,15,80
2011-12,2564,Boris Diaw,30.0,57,1424.7416666666666,280,205,25,34,365
2011-12,1802,Brad Miller,36.0,15,145.83333333333334,19,24,2,4,35
2011-12,201148,Brandan Wright,24.0,49,791.4166666666666,174,13,63,22,340
2011-12,101138,Brandon Bass,27.0,59,1868.22,365,55,54,34,738
2011-12,201943,Brandon Jennings,22.0,66,2331.3,226,365,22,104,1260
2011-12,202688,Brandon Knight,20.0,66,2128.495,211,251,10,49,847
2011-12,201575,Brandon Rush,26.0,65,1717.5133333333333,251,88,58,35,634
2011-12,2217,Brendan Haywood,32.0,54,1145.8816666666667,324,19,54,24,281
2011-12,2073,Brian Cardinal,35.0,44,276.75666666666666,34,16,2,8,43
2011-12,2567,Brian Cook,31.0,32,275.87,63,10,5,6,81
2011-12,2243,Brian Scalabrine,34.0,28,122.11666666666666,21,15,6,5,32
2011-12,1730,Brian Skinner,36.0,1,4.366666666666666,0,0,0,0,0
2011-12,201572,Brook Lopez,24.0,5,135.97666666666666,18,6,4,1,96
2011-12,201957,Byron Mullens,23.0,65,1465.2583333333334,327,57,52,21,606
2011-12,201228,C.J. Watson,28.0,49,1159.41,105,200,8,45,474
2011-12,101139,CJ Miles,25.0,56,1144.65,116,69,18,46,508
2011-12,201171,Carl Landry,28.0,41,998.5533333333333,214,38,12,13,511
2011-12,201291,Carldell Johnson,29.0,15,118.76666666666667,9,22,0,8,27
2011-12,2430,Carlos Boozer,30.0,66,1948.3733333333332,564,125,24,63,991
2011-12,2568,Carlos Delfino,29.0,54,1537.4116666666666,208,123,10,79,488
2011-12,2546,Carmelo Anthony,28.0,55,1876.1816666666666,344,200,24,62,1245
2011-12,2406,Caron Butler,32.0,63,1870.7166666666667,230,78,9,52,753
2011-12,201858,Cartier Martin,27.0,17,391.33166666666665,58,10,2,11,158
2011-12,202718,Chandler Parsons,23.0,63,1804.365,300,134,29,73,599
2011-12,101112,Channing Frye,29.0,64,1669.425,379,88,70,42,674
2011-12,202724,Charles Jenkins,23.0,51,892.8933333333333,68,170,6,33,297
2011-12,101111,Charlie Villanueva,27.0,13,179.61333333333334,48,6,5,7,91
2011-12,201978,Chase Budinger,24.0,58,1298.2333333333333,217,74,7,29,558
2011-12,1497,Chauncey Billups,35.0,20,606.6116666666667,50,80,3,9,299
2011-12,2365,Chris Andersen,33.0,32,486.28833333333336,148,6,46,19,168
2011-12,2547,Chris Bosh,28.0,57,2006.9116666666666,452,103,45,51,1025
2011-12,2768,Chris Duhon,29.0,63,1226.0016666666668,102,151,9,35,237
2011-12,202419,Chris Johnson,26.0,27,175.46166666666667,40,2,9,6,55
2011-12,2549,Chris Kaman,30.0,47,1371.9716666666666,364,101,77,25,616
2011-12,101108,Chris Paul,27.0,60,2180.48,213,543,4,152,1189
2011-12,202698,Chris Singleton,22.0,66,1430.7383333333332,233,49,30,70,306
2011-12,2404,Chris Wilcox,29.0,28,481.24333333333334,122,12,9,11,152
2011-12,202874,Chris Wright,23.0,24,185.83166666666668,45,4,13,7,70
2011-12,201963,Christian Eyenga,23.0,7,102.50833333333334,14,5,5,3,17
2011-12,101236,Chuck Hayes,29.0,54,1039.4366666666667,234,77,17,36,172
2011-12,202332,Cole Aldrich,23.0,26,173.14166666666668,48,3,16,8,57
2011-12,201147,Corey Brewer,26.0,59,1287.4566666666667,150,88,17,72,525
2011-12,1894,Corey Maggette,32.0,32,880.6366666666667,125,39,1,23,480
2011-12,202809,Cory Higgins,23.0,38,422.66833333333335,35,36,6,5,150
2011-12,202709,Cory Joseph,20.0,29,265.86,25,34,3,7,58
2011-12,202622,Courtney Fortson,24.0,10,95.205,15,10,0,3,35
2011-12,201584,Courtney Lee,26.0,58,1756.9783333333332,159,88,22,68,660
2011-12,202342,Craig Brackins,24.0,14,88.0,15,8,1,0,22
2011-12,200783,Craig Smith,28.0,47,463.9033333333333,110,19,5,16,156
2011-12,201571,D.J. Augustin,24.0,48,1408.3516666666667,109,307,1,36,532
2011-12,202810,D.J. Kennedy,22.0,2,58.86666666666667,7,3,0,2,12
2011-12,201591,DJ White,25.0,58,1097.8333333333333,209,47,23,17,392
2011-12,201969,DaJuan Summers,24.0,15,208.49833333333333,23,10,0,7,68
2011-12,201161,Daequan Cook,25.0,57,989.1916666666667,122,15,11,22,311
2011-12,2563,Dahntay Jones,31.0,65,1051.9533333333334,117,63,11,23,346
2011-12,2863,Damien Wilkins,32.0,60,922.2416666666667,100,44,13,29,193
2011-12,202345,Damion James,24.0,7,170.47666666666666,33,3,7,7,34
2011-12,2429,Dan Gadzuric,34.0,2,13.166666666666666,5,0,1,1,0
2011-12,200789,Daniel Gibson,26.0,35,915.5616666666666,101,76,16,26,263
2011-12,202350,Daniel Orton,21.0,16,186.57,39,5,9,8,45
2011-12,201568,Danilo Gallinari,23.0,43,1351.1466666666668,202,116,23,42,628
2011-12,101122,Danny Granger,29.0,62,2062.0866666666666,307,109,40,62,1159
2011-12,201980,Danny Green,25.0,66,1522.3333333333333,228,86,46,58,603
2011-12,201967,Dante Cunningham,25.0,64,1124.2216666666666,246,37,34,42,333
2011-12,202359,Darington Hobson,24.0,5,38.88,3,6,0,0,4
2011-12,202721,Darius Morris,21.0,19,169.49,16,21,0,2,46
2011-12,2545,Darko Milicic,27.0,29,472.075,97,17,25,9,134
2011-12,201954,Darren Collison,24.0,60,1878.0266666666666,187,287,14,49,621
2011-12,201208,Darryl Watkins,27.0,5,97.55666666666667,27,3,4,5,23
2011-12,101135,David Lee,29.0,57,2120.9983333333334,545,162,22,54,1147
2011-12,2561,David West,31.0,66,1924.565,433,140,46,52,842
2011-12,201599,DeAndre Jordan,23.0,66,1797.8433333333332,546,17,134,30,486
2011-12,202732,DeAndre Liggins,24.0,17,115.065,15,5,0,6,33
2011-12,201971,DeJuan Blair,23.0,64,1363.2366666666667,351,78,12,59,611
2011-12,201942,DeMar DeRozan,22.0,63,2205.6116666666667,211,128,17,48,1054
2011-12,202326,DeMarcus Cousins,21.0,64,1950.14,703,102,75,93,1160
2011-12,201960,DeMarre Carroll,25.0,24,348.00166666666667,53,18,1,12,107
2011-12,2205,DeSagana Diop,30.0,27,325.21166666666664,85,23,13,6,31
2011-12,2052,DeShawn Stevenson,31.0,51,960.37,101,41,4,19,148
2011-12,2753,Delonte West,28.0,44,1060.3466666666666,101,139,11,58,421
2011-12,202862,Dennis Horner,24.0,8,22.115,5,0,0,0,5
2011-12,965,Derek Fisher,37.0,63,1507.62,121,170,4,51,350
2011-12,101114,Deron Williams,28.0,55,1998.7616666666668,183,481,20,67,1154
2011-12,201974,Derrick Brown,24.0,65,1443.28,236,67,12,48,524
2011-12,201182,Derrick Byars,28.0,2,36.86333333333334,11,1,0,2,10
2011-12,202324,Derrick Favors,20.0,65,1375.67,425,43,65,38,570
2011-12,201565,Derrick Rose,23.0,39,1374.4816666666666,131,307,28,35,852
2011-12,202682,Derrick Williams,21.0,66,1417.685,311,38,31,30,583
2011-12,202365,Devin Ebanks,22.0,24,395.8433333333333,54,12,6,11,97
2011-12,2734,Devin Harris,29.0,63,1741.1333333333334,112,316,13,64,715
2011-12,202354,Dexter Pittman,24.0,35,300.95166666666665,71,9,8,8,106
2011-12,1717,Dirk Nowitzki,34.0,62,2079.155,418,136,30,42,1342
2011-12,201187,Dominic McGuire,26.0,64,1127.225,246,110,36,44,227
2011-12,202346,Dominique Jones,23.0,33,268.3283333333333,44,42,5,10,88
2011-12,202388,Donald Sloan,24.0,33,669.5366666666666,67,105,3,13,183
2011-12,201590,Donte Greene,24.0,53,777.4216666666666,133,34,29,18,285
2011-12,2748,Dorell Wright,26.0,61,1650.0483333333334,278,94,26,58,629
2011-12,2400,Drew Gooden,30.0,56,1468.815,363,144,34,46,766
2011-12,2730,Dwight Howard,26.0,54,2069.6516666666666,785,104,116,81,1113
2011-12,2548,Dwyane Wade,30.0,49,1625.1366666666668,237,225,63,82,1082
2011-12,202734,E'Twaun Moore,23.0,38,331.00333333333333,33,34,3,11,110
2011-12,2853,Earl Barron,30.0,2,8.716666666666667,1,0,0,0,4
2011-12,1863,Earl Boykins,36.0,8,110.67833333333333,11,17,0,1,39
2011-12,201947,Earl Clark,24.0,45,559.2933333333333,124,18,32,12,123
2011-12,2248,Earl Watson,33.0,50,1032.5016666666668,121,217,22,54,149
2011-12,202334,Ed Davis,23.0,66,1533.8933333333334,438,60,63,40,415
2011-12,2201,Eddy Curry,29.0,14,82.6,12,1,2,0,30
2011-12,2059,Eduardo Najera,35.0,22,270.3283333333333,50,12,4,19,58
2011-12,202775,Edwin Ubiles,25.0,4,51.99666666666667,10,1,1,1,14
2011-12,202327,Ekpe Udoh,25.0,61,1289.9833333333333,254,57,102,40,340
2011-12,202343,Elliot Williams,23.0,24,149.345,19,6,3,6,88
2011-12,1882,Elton Brand,33.0,60,1732.2616666666668,429,97,97,58,659
2011-12,2731,Emeka Okafor,29.0,27,781.4383333333334,213,24,26,16,266
2011-12,202683,Enes Freedom,20.0,66,874.435,278,8,23,18,304
2011-12,202339,Eric Bledsoe,22.0,40,463.5683333333333,65,66,14,31,132
2011-12,201286,Eric Dawson,27.0,4,39.233333333333334,10,0,2,1,15
2011-12,201569,Eric Gordon,23.0,9,310.385,25,31,4,13,185
2011-12,201953,Eric Maynor,25.0,9,136.635,13,22,0,5,38
2011-12,956,Erick Dampier,36.0,15,83.28833333333333,25,4,4,1,2
2011-12,101141,Ersan Ilyasova,25.0,60,1654.8883333333333,529,71,44,42,782
2011-12,202323,Evan Turner,23.0,65,1712.525,376,180,20,40,610
2011-12,1922,Francisco Elson,36.0,5,16.456666666666667,1,1,1,1,2
2011-12,101128,Francisco Garcia,30.0,49,798.2233333333334,99,31,37,36,234
2011-12,201814,Gary Forbes,27.0,48,713.095,102,54,4,24,319
2011-12,202390,Gary Neal,27.0,56,1205.8366666666666,118,117,2,27,557
2011-12,201588,George Hill,26.0,50,1274.155,151,145,17,42,481
2011-12,101123,Gerald Green,26.0,31,781.4133333333333,108,34,17,28,400
2011-12,201945,Gerald Henderson,24.0,55,1831.0766666666666,225,126,20,49,830
2011-12,2222,Gerald Wallace,29.0,58,2075.505,386,164,36,85,800
2011-12,2240,Gilbert Arenas,30.0,17,210.865,18,18,1,11,72
2011-12,201175,Glen Davis,26.0,61,1426.885,331,47,19,43,566
2011-12,201609,Goran Dragic,26.0,66,1751.92,168,351,10,85,775
2011-12,202330,Gordon Hayward,22.0,66,2014.6683333333333,230,207,41,53,782
2011-12,255,Grant Hill,39.0,49,1377.6966666666667,171,107,29,41,499
2011-12,202328,Greg Monroe,22.0,66,2081.8783333333336,637,152,46,83,1015
2011-12,202962,Greg Smith,21.0,8,69.09166666666667,20,1,5,2,14
2011-12,201880,Greg Stiemsma,26.0,55,766.4033333333333,177,28,85,37,161
2011-12,202349,Greivis Vasquez,25.0,66,1705.525,173,359,8,60,589
2011-12,202970,Gustavo Ayon,27.0,54,1088.3116666666667,265,74,46,53,319
2011-12,101124,Hakim Warrick,29.0,35,503.02666666666664,92,30,3,8,225
2011-12,202380,Hamady Ndiaye,25.0,3,2.93,0,0,0,0,0
2011-12,201632,Hamed Haddadi,27.0,35,205.95666666666668,71,8,26,1,70
2011-12,201934,Hasheem Thabeet,25.0,20,138.645,42,0,10,1,35
2011-12,202355,Hassan Whiteside,23.0,18,108.875,39,0,15,3,29
2011-12,2045,Hedo Turkoglu,33.0,53,1653.165,199,233,17,45,576
2011-12,201611,Henry Walker,24.0,32,620.3066666666666,80,37,7,19,189
2011-12,101133,Ian Mahinmi,25.0,61,1139.1533333333334,289,12,31,38,354
2011-12,101113,Ike Diogu,28.0,2,14.2,1,0,0,0,2
2011-12,202697,Iman Shumpert,22.0,59,1705.4666666666667,186,164,8,101,563
2011-12,202738,Isaiah Thomas,23.0,65,1655.44,168,266,8,53,749
2011-12,202397,Ish Smith,23.0,26,234.19333333333333,35,41,2,15,72
2011-12,201274,Ivan Johnson,28.0,56,934.3216666666667,226,32,18,43,356
2011-12,200826,J.J. Barea,28.0,41,1032.02,114,232,0,21,463
2011-12,201581,JJ Hickson,23.0,54,1244.2766666666666,335,45,35,30,452
2011-12,200755,JJ Redick,28.0,65,1764.4933333333333,150,164,6,27,751
2011-12,2747,JR Smith,26.0,35,967.2333333333333,136,84,6,54,436
2011-12,202707,JaJuan Johnson,23.0,36,298.1616666666667,58,6,14,5,114
2011-12,201580,JaVale McGee,24.0,61,1534.7933333333333,477,31,132,35,691
2011-12,2048,Jamaal Magloire,34.0,34,373.695,113,6,10,4,41
2011-12,2224,Jamaal Tinsley,34.0,37,507.4033333333333,45,123,8,17,137
2011-12,2037,Jamal Crawford,32.0,60,1612.7216666666666,118,191,14,55,837
2011-12,200081,Jamario Moon,32.0,8,123.47833333333334,22,5,5,1,18
2011-12,2749,Jameer Nelson,30.0,57,1706.0766666666666,181,325,5,38,676
2011-12,202341,James Anderson,23.0,51,603.0183333333333,79,41,2,8,190
2011-12,201935,James Harden,22.0,62,1946.0533333333333,252,229,15,62,1044
2011-12,201949,James Johnson,25.0,62,1560.6733333333334,292,122,84,71,566
2011-12,2592,James Jones,31.0,51,665.625,49,19,9,17,185
2011-12,101189,James Singleton,30.0,12,262.3283333333333,81,15,8,9,98
2011-12,202686,Jan Vesely,22.0,57,1077.5583333333334,249,47,32,39,267
2011-12,2457,Jannero Pargo,32.0,50,670.7383333333333,73,96,2,20,282
2011-12,201162,Jared Dudley,26.0,65,2019.8666666666666,301,112,19,49,823
2011-12,2407,Jared Jeffries,30.0,39,728.9533333333334,152,26,25,29,170
2011-12,101127,Jarrett Jack,28.0,45,1530.26,176,285,9,31,700
2011-12,2215,Jason Collins,33.0,30,307.68,48,10,3,4,39
2011-12,2574,Jason Kapono,31.0,27,269.04833333333335,14,11,0,3,54
2011-12,467,Jason Kidd,39.0,48,1379.02,198,264,10,82,299
2011-12,101131,Jason Maxiell,29.0,65,1465.7316666666666,333,41,50,32,424
2011-12,2202,Jason Richardson,31.0,54,1591.0483333333334,194,107,22,53,629
2011-12,201160,Jason Smith,26.0,40,947.05,196,34,41,21,396
2011-12,1891,Jason Terry,34.0,63,1999.94,149,226,11,73,950
2011-12,201574,Jason Thompson,25.0,64,1657.2733333333333,443,79,44,43,583
2011-12,202399,Jeff Adrien,26.0,8,62.755,22,1,2,0,21
2011-12,201965,Jeff Ayres,25.0,20,106.3,33,4,2,3,34
2011-12,202880,Jeff Foote,24.0,4,39.13,6,0,1,0,4
2011-12,1902,Jeff Foster,35.0,11,140.98666666666668,42,4,1,8,25
2011-12,201952,Jeff Teague,24.0,66,2182.883333333333,159,321,37,106,831
2011-12,202379,Jeremy Evans,24.0,29,216.65666666666667,50,13,24,6,62
2011-12,202391,Jeremy Lin,23.0,35,940.4316666666666,107,216,9,55,512
2011-12,202951,Jeremy Pargo,26.0,44,423.9766666666667,37,55,0,15,126
2011-12,202719,Jeremy Tyler,21.0,42,568.21,140,16,20,16,205
2011-12,979,Jermaine O'Neal,33.0,25,569.5316666666666,135,10,43,8,125
2011-12,202406,Jerome Dyson,25.0,9,180.18333333333334,19,18,2,11,67
2011-12,202366,Jerome Jordan,25.0,21,107.56666666666666,27,4,6,1,42
2011-12,202536,Jerry Smith,24.0,5,45.945,7,4,0,5,7
2011-12,711,Jerry Stackhouse,37.0,30,272.58166666666665,23,14,3,10,108
2011-12,201573,Jerryd Bayless,23.0,31,704.64,66,118,4,24,353
2011-12,202690,Jimmer Fredette,23.0,61,1134.66,73,108,3,30,462
2011-12,202710,Jimmy Butler III,22.0,42,359.0316666666667,56,14,5,11,109
2011-12,201149,Joakim Noah,27.0,64,1944.8733333333332,629,160,92,41,652
2011-12,201975,Jodie Meeks,24.0,66,1643.7066666666667,161,54,3,40,556
2011-12,2207,Joe Johnson,31.0,60,2126.5383333333334,221,232,13,48,1129
2011-12,201202,Joel Anthony,29.0,64,1349.4183333333333,250,9,84,36,219
2011-12,2038,Joel Przybilla,32.0,27,448.8433333333333,138,6,16,4,55
2011-12,101130,Johan Petro,26.0,59,920.045,224,45,23,21,250
2011-12,101249,John Lucas III,29.0,49,725.5133333333333,76,108,1,19,369
2011-12,2422,John Salmons,32.0,46,1249.8533333333332,134,93,7,37,344
2011-12,202322,John Wall,21.0,66,2386.1283333333336,300,530,57,95,1076
2011-12,201972,Jon Brockman,25.0,35,238.72666666666666,75,9,1,4,37
2011-12,202720,Jon Leuer,23.0,46,554.5616666666666,120,25,17,14,218
2011-12,201973,Jonas Jerebko,25.0,64,1468.1683333333333,308,43,21,41,556
2011-12,201938,Jonny Flynn,23.0,29,416.145,39,96,2,6,131
2011-12,202348,Jordan Crawford,23.0,64,1752.7633333333333,168,190,5,59,938
2011-12,200770,Jordan Farmar,25.0,39,830.62,61,129,2,24,406
2011-12,202706,Jordan Hamilton,21.0,26,258.03833333333336,62,20,3,4,115
2011-12,201941,Jordan Hill,24.0,39,551.3033333333333,186,16,27,14,194
2011-12,202716,Jordan Williams,21.0,43,634.8133333333334,156,11,15,21,197
2011-12,101181,Jose Calderon,30.0,53,1799.04,160,468,3,47,555
2011-12,2735,Josh Childress,29.0,34,491.465,95,34,6,14,100
2011-12,2668,Josh Davis,31.0,15,130.27833333333334,27,6,1,7,28
2011-12,202725,Josh Harrellson,23.0,37,539.7066666666667,144,11,20,23,162
2011-12,2572,Josh Howard,32.0,43,990.4983333333333,158,50,10,32,372
2011-12,201177,Josh McRoberts,25.0,50,717.9883333333333,171,51,18,15,138
2011-12,202729,Josh Selby,21.0,28,236.785,15,30,0,7,63
2011-12,2746,Josh Smith,26.0,66,2328.665,632,257,115,93,1239
2011-12,201950,Jrue Holiday,22.0,65,2196.1016666666665,212,290,18,103,879
2011-12,202933,Julyan Stone,23.0,22,179.435,25,37,6,8,36
2011-12,202458,Justin Dentmon,26.0,6,90.70833333333333,8,10,0,2,26
2011-12,202712,Justin Harper,22.0,14,83.63,12,2,3,2,20
2011-12,436,Juwan Howard,39.0,28,190.21833333333333,47,10,1,4,42
2011-12,202695,Kawhi Leonard,21.0,64,1534.3966666666668,327,70,24,85,507
2011-12,202728,Keith Benson,23.0,3,9.133333333333333,3,0,0,0,0
2011-12,2586,Keith Bogans,32.0,5,93.66,11,3,0,2,21
2011-12,101235,Kelenna Azubuike,28.0,3,17.918333333333333,0,0,0,1,7
2011-12,202689,Kemba Walker,22.0,66,1792.0466666666666,234,289,20,60,799
2011-12,2570,Kendrick Perkins,27.0,65,1743.6783333333333,426,78,73,25,329
2011-12,202702,Kenneth Faried,22.0,46,1037.2633333333333,352,36,47,34,471
2011-12,2030,Kenyon Martin,34.0,42,939.8566666666667,181,18,43,44,217
2011-12,201142,Kevin Durant,23.0,66,2546.3083333333334,527,231,77,88,1850
2011-12,708,Kevin Garnett,36.0,60,1864.125,494,175,61,56,947
2011-12,201567,Kevin Love,23.0,55,2145.471666666667,734,111,28,47,1432
2011-12,2755,Kevin Martin,29.0,40,1263.5766666666666,106,110,3,28,682
2011-12,202338,Kevin Seraphin,22.0,57,1175.8433333333332,280,33,76,19,453
2011-12,2039,Keyon Dooling,32.0,46,661.56,39,51,2,13,182
2011-12,2550,Kirk Hinrich,31.0,48,1236.6566666666668,101,132,11,38,316
2011-12,202691,Klay Thompson,22.0,66,1607.665,161,133,20,49,826
2011-12,977,Kobe Bryant,33.0,58,2232.175,313,264,18,69,1616
2011-12,201585,Kosta Koufos,23.0,48,791.5166666666667,258,15,41,24,263
2011-12,2743,Kris Humphries,27.0,62,2161.7833333333333,681,90,74,50,855
2011-12,703,Kurt Thomas,39.0,53,802.5533333333333,188,46,31,24,160
2011-12,2198,Kwame Brown,30.0,9,186.98333333333332,57,4,0,8,57
2011-12,2594,Kyle Korver,31.0,65,1469.4733333333334,159,112,15,36,529
2011-12,200768,Kyle Lowry,26.0,47,1509.9783333333332,213,310,14,73,670
2011-12,202681,Kyrie Irving,20.0,51,1557.8516666666667,191,275,20,54,944
2011-12,201178,Kyrylo Fesenko,25.0,3,16.983333333333334,9,1,0,2,8
2011-12,200746,LaMarcus Aldridge,26.0,55,1994.385,442,134,45,51,1191
2011-12,1885,Lamar Odom,32.0,50,1027.045,208,83,18,20,332
2011-12,202362,Lance Stephenson,21.0,42,441.90833333333336,53,46,5,21,106
2011-12,202498,Lance Thomas,24.0,42,629.4633333333334,126,12,7,10,166
2011-12,202361,Landry Fields,24.0,66,1893.7266666666667,278,169,17,79,580
2011-12,1716,Larry Hughes,33.0,9,113.575,5,7,0,2,12
2011-12,202082,Larry Owens,29.0,7,75.20833333333333,13,4,1,0,13
2011-12,202336,Larry Sanders,23.0,52,642.6033333333334,160,33,76,32,186
2011-12,202730,Lavoy Allen,23.0,41,624.12,171,34,18,13,169
2011-12,202351,Lazar Hayward,25.0,26,140.83833333333334,16,4,1,3,37
2011-12,2544,LeBron James,27.0,62,2326.215,492,387,50,115,1683
2011-12,2571,Leandro Barbosa,29.0,64,1381.685,128,96,7,56,708
2011-12,201991,Lester Hudson,27.0,16,333.78,46,36,3,14,174
2011-12,101132,Linas Kleiza,27.0,49,1057.0633333333333,199,46,4,23,473
2011-12,200811,Lou Amundson,29.0,60,752.5916666666667,222,14,44,27,213
2011-12,101150,Lou Williams,25.0,64,1681.725,155,221,18,53,956
2011-12,201601,Luc Mbah a Moute,25.0,43,1008.7566666666667,227,29,22,40,333
2011-12,2449,Luis Scola,32.0,66,2067.235,428,140,24,35,1025
2011-12,202337,Luke Babbitt,23.0,40,536.7,95,16,4,10,202
2011-12,202376,Luke Harangody,24.0,21,230.78666666666666,53,6,3,6,60
2011-12,2557,Luke Ridnour,31.0,53,1749.76,141,252,16,56,639
2011-12,2575,Luke Walton,32.0,30,363.6166666666667,49,35,1,5,55
2011-12,2736,Luol Deng,27.0,54,2128.9883333333332,350,157,36,56,828
2011-12,202723,Malcolm Lee,22.0,19,243.0,26,31,4,8,62
2011-12,202952,Malcolm Thomas,23.0,3,15.083333333333334,3,1,1,1,1
2011-12,202412,Manny Harris,22.0,26,455.60333333333335,70,31,6,13,173
2011-12,1938,Manu Ginobili,34.0,34,792.285,116,151,12,24,440
2011-12,202705,MarShon Brooks,23.0,56,1648.3066666666666,200,131,15,52,708
2011-12,201188,Marc Gasol,27.0,65,2370.31,579,204,121,62,952
2011-12,101162,Marcin Gortat,28.0,66,2114.015,659,59,99,48,1017
2011-12,201158,Marco Belinelli,26.0,66,1965.7033333333334,172,101,5,48,780
2011-12,948,Marcus Camby,38.0,59,1351.5616666666667,530,107,85,50,287
2011-12,202694,Marcus Morris Sr.,22.0,17,125.59333333333333,16,3,2,2,40
2011-12,201977,Marcus Thornton,25.0,51,1779.7283333333332,188,98,12,71,952
2011-12,201596,Mario Chalmers,26.0,64,1825.0466666666666,171,222,11,97,627
2011-12,202693,Markieff Morris,22.0,63,1226.985,279,65,42,41,467
2011-12,2605,Marquis Daniels,31.0,38,483.5316666666667,66,47,9,21,121
2011-12,201578,Marreese Speights,24.0,60,1344.8083333333334,374,48,29,21,526
2011-12,101110,Martell Webster,25.0,47,1139.5566666666666,168,40,17,31,324
2011-12,101107,Marvin Williams,26.0,57,1499.505,294,71,18,47,579
2011-12,2440,Matt Barnes,32.0,63,1440.1783333333333,344,126,48,35,491
2011-12,2588,Matt Bonner,32.0,65,1325.5933333333332,214,61,21,15,429
2011-12,2679,Matt Carroll,31.0,53,596.3216666666667,58,38,7,16,142
2011-12,2230,Maurice Evans,33.0,24,342.86833333333334,24,9,0,14,117
2011-12,2246,Mehmet Okur,33.0,17,453.705,81,30,5,9,130
2011-12,1897,Metta World Peace,32.0,64,1720.0666666666666,218,140,27,69,493
2011-12,201563,Michael Beasley,23.0,47,1087.1633333333334,207,45,19,18,541
2011-12,2072,Michael Redd,32.0,51,770.12,77,33,0,13,418
2011-12,2554,Mickael Pietrus,30.0,42,921.1266666666667,130,25,10,21,289
2011-12,202148,Mickell Gladness,25.0,26,252.04833333333335,58,5,20,4,56
2011-12,1710,Mike Bibby,34.0,39,556.8716666666667,59,80,3,21,103
2011-12,201144,Mike Conley,24.0,62,2174.088333333333,156,404,11,136,788
2011-12,2399,Mike Dunleavy,31.0,55,1444.7116666666666,204,117,8,28,677
2011-12,2229,Mike James,37.0,11,120.255,10,29,2,4,53
2011-12,2034,Mike Miller,32.0,39,752.4166666666666,128,42,6,14,237
2011-12,1630,Mikki Moore,36.0,7,117.73,22,5,3,3,24
2011-12,2590,Mo Williams,29.0,52,1471.7133333333334,99,160,7,51,685
2011-12,101145,Monta Ellis,26.0,58,2120.423333333333,200,346,18,85,1181
2011-12,201165,Morris Almond,27.0,4,66.595,8,2,0,7,14
2011-12,202814,Mychel Thompson,24.0,5,94.735,5,7,1,2,18
2011-12,101126,Nate Robinson,28.0,51,1192.3233333333333,100,231,2,59,570
2011-12,1737,Nazr Mohammed,34.0,63,692.2033333333334,170,14,37,20,171
2011-12,2403,Nene,29.0,39,1109.7516666666668,291,80,38,42,535
2011-12,2555,Nick Collison,31.0,63,1306.785,274,82,28,33,284
2011-12,201156,Nick Young,27.0,62,1729.1766666666667,133,56,17,44,879
2011-12,201587,Nicolas Batum,23.0,59,1790.9,271,84,60,57,818
2011-12,201593,Nikola Pekovic,26.0,47,1263.9333333333334,346,31,31,29,651
2011-12,202696,Nikola Vučević,21.0,51,811.5733333333334,246,31,34,20,283
2011-12,202701,Nolan Smith,23.0,44,541.0783333333334,56,62,3,18,167
2011-12,202708,Norris Cole,23.0,65,1260.4333333333334,91,133,2,44,441
2011-12,201564,O.J. Mayo,24.0,66,1770.9266666666667,210,169,23,71,833
2011-12,201600,Omer Asik,25.0,66,971.4583333333334,350,32,68,30,205
2011-12,201956,Omri Casspi,24.0,65,1341.3683333333333,228,66,21,37,459
2011-12,202335,Patrick Patterson,23.0,64,1482.885,286,53,36,27,490
2011-12,201988,Patty Mills,23.0,16,260.61,28,39,1,10,165
2011-12,2200,Pau Gasol,31.0,65,2429.9733333333334,678,237,88,37,1129
2011-12,202331,Paul George,22.0,66,1957.6716666666666,370,158,38,108,798
2011-12,200794,Paul Millsap,27.0,64,2099.48,563,150,52,118,1061
2011-12,1718,Paul Pierce,34.0,61,2074.5716666666667,317,274,26,70,1181
2011-12,2047,Quentin Richardson,32.0,48,866.0316666666666,123,38,6,28,215
2011-12,202347,Quincy Pondexter,24.0,64,1001.9933333333333,126,27,5,27,271
2011-12,1952,Raja Bell,35.0,34,796.2266666666667,49,38,2,13,217
2011-12,200765,Rajon Rondo,26.0,53,1957.3366666666666,257,620,3,95,630
2011-12,201196,Ramon Sessions,26.0,64,1706.8766666666668,214,354,3,44,721
2011-12,200751,Randy Foye,28.0,65,1682.145,138,146,24,46,712
2011-12,1740,Rashard Lewis,32.0,28,728.815,109,27,10,23,217
2011-12,2446,Rasual Butler,33.0,34,453.2083333333333,66,19,5,7,110
2011-12,951,Ray Allen,36.0,46,1564.98,142,109,8,49,655
2011-12,101109,Raymond Felton,28.0,60,1905.535,149,390,10,78,684
2011-12,2501,Reggie Evans,32.0,56,771.1883333333334,271,17,6,31,104
2011-12,202704,Reggie Jackson,22.0,45,500.7133333333333,53,71,1,25,140
2011-12,202130,Reggie Williams,25.0,33,746.615,93,60,3,20,274
2011-12,200764,Renaldo Balkman,27.0,14,115.39666666666666,26,5,3,4,42
2011-12,1888,Richard Hamilton,34.0,28,696.605,66,84,1,12,326
2011-12,2210,Richard Jefferson,32.0,63,1748.1833333333334,219,88,19,37,578
2011-12,201937,Ricky Rubio,21.0,41,1403.68,171,336,8,91,436
2011-12,201577,Robin Lopez,24.0,64,894.675,209,20,60,18,348
2011-12,201155,Rodney Stuckey,26.0,55,1643.4633333333334,142,210,10,44,812
2011-12,201958,Rodrigue Beaubois,24.0,53,1150.6533333333334,151,152,28,56,472
2011-12,2427,Roger Mason Jr.,31.0,52,696.525,69,47,5,13,286
2011-12,200758,Ronnie Brewer,27.0,66,1634.9633333333334,231,137,21,72,455
2011-12,101179,Ronnie Price,29.0,36,517.0716666666667,56,67,3,34,131
2011-12,101142,Ronny Turiaf,29.0,17,279.0133333333333,70,10,17,14,51
2011-12,201579,Roy Hibbert,25.0,65,1936.9416666666666,572,108,128,32,834
2011-12,2767,Royal Ivey,30.0,34,354.09166666666664,24,10,0,14,71
2011-12,201164,Rudy Fernandez,27.0,31,709.63,65,75,3,31,268
2011-12,200752,Rudy Gay,25.0,65,2422.1116666666667,417,147,55,95,1232
2011-12,201566,Russell Westbrook,23.0,66,2331.265,301,362,21,112,1558
2011-12,201583,Ryan Anderson,24.0,61,1963.6233333333332,471,54,26,50,980
2011-12,101155,Ryan Gomes,29.0,32,424.73333333333335,61,12,0,16,74
2011-12,200797,Ryan Hollins,27.0,39,522.2116666666667,82,9,17,5,131
2011-12,202385,Ryan Reid,25.0,5,16.661666666666665,2,0,0,0,8
2011-12,201970,Sam Young,27.0,35,374.555,62,15,6,17,114
2011-12,202396,Samardo Samuels,23.0,54,825.2016666666667,180,20,20,20,292
2011-12,2223,Samuel Dalembert,32.0,65,1446.3766666666668,456,33,111,37,490
2011-12,2562,Sasha Pavlovic,28.0,45,527.3916666666667,72,18,15,20,120
2011-12,201157,Sean Williams,25.0,11,107.11833333333334,25,5,8,4,40
2011-12,2742,Sebastian Telfair,27.0,60,894.65,91,138,12,41,368
2011-12,201623,Semih Erden,25.0,28,332.5833333333333,72,9,5,10,99
2011-12,201586,Serge Ibaka,22.0,66,1791.8533333333332,498,28,241,33,603
2011-12,2203,Shane Battier,33.0,65,1498.92,156,82,33,64,311
2011-12,200769,Shannon Brown,26.0,59,1399.9033333333334,157,69,15,44,650
2011-12,2733,Shaun Livingston,26.0,58,1091.6766666666667,123,122,20,27,318
2011-12,1890,Shawn Marion,34.0,63,1919.2683333333334,465,132,36,67,670
2011-12,200761,Shawne Williams,26.0,25,514.1883333333334,68,16,11,10,113
2011-12,200749,Shelden Williams,28.0,58,1276.2583333333334,350,35,39,47,268
2011-12,202714,Shelvin Mack,22.0,64,779.48,92,131,2,28,230
2011-12,202374,Solomon Alabi,24.0,14,122.165,47,3,9,2,33
2011-12,200780,Solomon Jones,27.0,21,292.31666666666666,58,9,11,9,67
2011-12,201150,Spencer Hawes,24.0,37,920.0583333333333,270,98,48,16,355
2011-12,201939,Stephen Curry,24.0,26,731.855,88,138,8,39,383
2011-12,1536,Stephen Jackson,34.0,47,1211.5283333333334,163,118,13,54,461
2011-12,2581,Steve Blake,32.0,53,1236.9916666666666,85,175,2,39,276
2011-12,959,Steve Nash,38.0,62,1961.1,186,664,8,38,772
2011-12,200779,Steve Novak,29.0,54,1020.4233333333333,104,12,9,16,477
2011-12,202178,Sundiata Gaines,26.0,57,793.0183333333333,108,126,2,55,291
2011-12,2551,T.J. Ford,29.0,14,190.55333333333334,18,45,2,9,51
2011-12,201959,Taj Gibson,27.0,63,1284.4566666666667,332,47,81,27,484
2011-12,2419,Tayshaun Prince,32.0,63,2087.3516666666665,281,153,32,27,798
2011-12,202227,Terrel Harris,24.0,22,318.2183333333333,51,26,2,9,80
2011-12,201944,Terrence Williams,25.0,30,549.9466666666667,102,65,7,20,213
2011-12,200757,Thabo Sefolosha,28.0,42,913.885,128,47,17,37,203
2011-12,201152,Thaddeus Young,24.0,63,1755.2633333333333,325,74,41,64,808
2011-12,201168,Tiago Splitter,27.0,59,1120.81,306,65,47,21,549
2011-12,1495,Tim Duncan,36.0,58,1634.0483333333334,520,132,88,38,895
2011-12,202389,Timofey Mozgov,25.0,44,687.1066666666667,179,22,42,15,239
2011-12,202699,Tobias Harris,19.0,42,479.015,101,22,7,13,208
2011-12,201962,Toney Douglas,26.0,38,655.9683333333334,72,77,1,29,237
2011-12,2754,Tony Allen,30.0,58,1525.2083333333333,233,79,33,104,568
2011-12,1499,Tony Battie,36.0,27,294.80833333333334,67,16,6,4,42
2011-12,2225,Tony Parker,30.0,60,1923.1466666666668,171,463,5,57,1095
2011-12,1503,Tracy McGrady,33.0,52,836.6333333333333,154,110,15,16,273
2011-12,202727,Travis Leslie,22.0,10,45.28333333333333,9,5,2,2,14
2011-12,2566,Travis Outlaw,27.0,39,500.29333333333335,61,16,21,19,167
2011-12,2772,Trevor Ariza,27.0,41,1350.0516666666667,215,135,25,69,444
2011-12,202344,Trevor Booker,24.0,50,1261.4366666666667,325,40,43,48,419
2011-12,201234,Trey Johnson,27.0,11,61.35333333333333,12,4,0,1,21
2011-12,202717,Trey Thompkins,22.0,24,119.02333333333333,24,3,3,3,57
2011-12,202684,Tristan Thompson,21.0,60,1423.7533333333333,389,27,62,27,494
2011-12,2211,Troy Murphy,32.0,59,955.605,191,51,16,15,188
2011-12,201951,Ty Lawson,24.0,61,2123.9766666666665,227,401,6,82,999
2011-12,201946,Tyler Hansbrough,26.0,66,1441.655,290,30,9,54,614
2011-12,202715,Tyler Honeycutt,21.0,15,88.02,14,7,3,4,20
2011-12,201936,Tyreke Evans,22.0,63,2162.3766666666666,289,283,29,84,1037
2011-12,200748,Tyrus Thomas,25.0,54,1013.2666666666667,200,35,60,36,304
2011-12,2199,Tyson Chandler,29.0,62,2060.5516666666667,612,56,89,56,699
2011-12,2617,Udonis Haslem,32.0,64,1588.7516666666668,470,42,24,35,385
2011-12,202731,Vernon Macklin,25.0,23,135.45666666666668,34,5,4,4,46
2011-12,1713,Vince Carter,35.0,61,1542.0233333333333,205,139,25,56,615
2011-12,2209,Vladimir Radmanovic,31.0,49,755.0466666666666,143,54,15,21,220
2011-12,101144,Von Wafer,26.0,33,468.98,45,29,3,10,194
2011-12,201041,Walker Russell,29.0,28,357.24833333333333,26,58,1,18,84
2011-12,201961,Wayne Ellington,24.0,51,973.31,99,33,10,26,311
2011-12,202325,Wesley Johnson,24.0,65,1468.4633333333334,177,59,48,35,393
2011-12,202083,Wesley Matthews,25.0,66,2227.7083333333335,224,113,15,96,904
2011-12,101198,Will Bynum,29.0,36,513.7266666666667,56,66,3,23,204
2011-12,2584,Willie Green,30.0,53,922.235,80,40,6,23,404
2011-12,201163,Wilson Chandler,25.0,8,214.6,41,17,6,6,75
2011-12,202333,Xavier Henry,21.0,45,759.0433333333333,106,35,8,26,239
2011-12,202918,Xavier Silas,24.0,2,38.7,4,3,0,0,11
2011-12,201146,Yi Jianlian,24.0,30,203.125,49,5,8,7,79
2011-12,2216,Zach Randolph,30.0,28,734.995,225,48,4,21,324
2011-12,2585,Zaza Pachulia,28.0,58,1640.31,457,79,29,55,455
2012-13,201985,AJ Price,26.0,57,1277.9966666666667,114,205,3,33,441
2012-13,201166,Aaron Brooks,28.0,53,996.7983333333333,80,114,10,30,376
2012-13,201189,Aaron Gray,28.0,42,513.3416666666667,133,33,5,7,119
2012-13,1733,Al Harrington,33.0,10,118.85833333333333,27,10,1,4,51
2012-13,201143,Al Horford,27.0,74,2756.445,757,240,78,78,1289
2012-13,2744,Al Jefferson,28.0,78,2578.1283333333336,720,164,89,80,1391
2012-13,202329,Al-Farouq Aminu,22.0,76,2066.1033333333335,585,103,51,92,555
2012-13,101187,Alan Anderson,30.0,65,1495.0116666666668,148,103,7,48,693
2012-13,202692,Alec Burks,21.0,64,1136.6033333333332,145,92,13,35,451
2012-13,203144,Alexey Shved,24.0,77,1839.5283333333334,175,286,27,54,665
2012-13,202087,Alonzo Gee,26.0,82,2540.5316666666668,320,133,29,107,842
2012-13,2405,Amar'e Stoudemire,30.0,29,681.9416666666667,145,13,21,10,413
2012-13,101161,Amir Johnson,26.0,81,2324.81,611,122,110,81,813
2012-13,2760,Anderson Varejao,30.0,25,900.905,361,84,14,37,353
2012-13,101154,Andray Blatche,26.0,82,1555.1783333333333,417,85,54,86,843
2012-13,203083,Andre Drummond,19.0,60,1242.69,457,30,95,59,476
2012-13,2738,Andre Iguodala,29.0,80,2778.8883333333333,423,433,52,139,1038
2012-13,1889,Andre Miller,37.0,82,2151.2883333333334,238,484,11,73,786
2012-13,200745,Andrea Bargnani,27.0,35,1002.5066666666667,128,38,23,21,443
2012-13,1905,Andrei Kirilenko,32.0,64,2033.8866666666668,362,177,62,96,791
2012-13,101106,Andrew Bogut,28.0,32,785.71,245,67,55,20,186
2012-13,202726,Andrew Goudelock,24.0,1,6.2,1,0,0,0,0
2012-13,203094,Andrew Nicholson,23.0,75,1249.4083333333333,258,44,32,24,587
2012-13,2740,Andris Biedrins,27.0,53,495.21666666666664,153,14,42,15,24
2012-13,1712,Antawn Jamison,37.0,76,1635.5916666666667,362,50,22,30,712
2012-13,203076,Anthony Davis,20.0,64,1845.9516666666666,522,63,112,75,867
2012-13,201627,Anthony Morrow,27.0,41,383.045,30,13,1,13,164
2012-13,201576,Anthony Randolph,23.0,39,328.9033333333333,95,12,21,19,143
2012-13,201229,Anthony Tolliver,28.0,62,963.16,155,32,12,15,253
2012-13,203102,Arnett Moultrie,22.0,47,541.7083333333334,145,10,10,17,174
2012-13,203382,Aron Baynes,26.0,16,141.355,32,5,6,1,43
2012-13,201167,Arron Afflalo,27.0,64,2306.65,239,206,11,40,1057
2012-13,201948,Austin Daye,25.0,55,675.6333333333333,123,42,22,14,247
2012-13,203085,Austin Rivers,20.0,61,1417.55,109,127,9,26,377
2012-13,202340,Avery Bradley,22.0,50,1434.635,111,104,19,64,461
2012-13,2732,Ben Gordon,30.0,75,1559.9933333333333,130,141,16,35,840
2012-13,203162,Ben Hansbrough,25.0,28,200.3,18,21,2,7,57
2012-13,2757,Beno Udrih,30.0,66,1456.6466666666668,141,302,3,41,538
2012-13,203108,Bernard James,28.0,46,457.025,131,6,38,12,131
2012-13,202687,Bismack Biyombo,20.0,80,2186.201666666667,582,35,143,28,386
2012-13,201933,Blake Griffin,24.0,80,2598.4083333333333,662,299,50,97,1440
2012-13,2564,Boris Diaw,31.0,75,1708.76,254,180,27,52,435
2012-13,203078,Bradley Beal,20.0,56,1744.5716666666667,211,137,29,50,780
2012-13,201148,Brandan Wright,25.0,64,1148.7583333333334,260,38,76,26,541
2012-13,101138,Brandon Bass,28.0,81,2239.245,425,84,64,44,701
2012-13,201943,Brandon Jennings,23.0,80,2896.891666666667,246,521,10,125,1397
2012-13,202688,Brandon Knight,21.0,75,2365.4166666666665,247,303,8,58,999
2012-13,200750,Brandon Roy,28.0,5,121.86,14,23,0,3,29
2012-13,201575,Brandon Rush,27.0,2,25.348333333333333,1,2,0,0,14
2012-13,2217,Brendan Haywood,33.0,61,1162.085,290,29,49,16,216
2012-13,203148,Brian Roberts,27.0,78,1323.7983333333334,97,219,3,37,555
2012-13,201572,Brook Lopez,25.0,74,2253.3716666666664,512,70,154,33,1437
2012-13,201957,Byron Mullens,24.0,53,1427.665,337,81,32,34,564
2012-13,201228,C.J. Watson,29.0,80,1521.2833333333333,145,161,12,66,543
2012-13,101139,CJ Miles,26.0,65,1363.9233333333334,174,63,17,49,729
2012-13,201171,Carl Landry,29.0,81,1875.6916666666666,483,65,31,35,874
2012-13,2430,Carlos Boozer,31.0,79,2546.24,771,179,28,66,1281
2012-13,2568,Carlos Delfino,30.0,67,1689.2633333333333,220,135,9,68,708
2012-13,2546,Carmelo Anthony,29.0,67,2481.8533333333335,460,171,32,52,1920
2012-13,2406,Caron Butler,33.0,78,1879.3666666666666,223,78,11,51,813
2012-13,201858,Cartier Martin,28.0,41,693.8733333333333,100,20,6,19,270
2012-13,202718,Chandler Parsons,24.0,76,2758.3766666666666,404,269,32,75,1177
2012-13,202724,Charles Jenkins,24.0,59,440.9483333333333,32,44,2,15,111
2012-13,101111,Charlie Villanueva,28.0,69,1091.8633333333332,241,54,39,31,467
2012-13,201978,Chase Budinger,25.0,23,507.5933333333333,71,25,7,14,216
2012-13,1497,Chauncey Billups,36.0,22,418.3,32,49,1,12,184
2012-13,2365,Chris Andersen,34.0,42,624.47,172,17,44,16,207
2012-13,2547,Chris Bosh,29.0,74,2454.35,501,123,101,66,1232
2012-13,203142,Chris Copeland,29.0,56,861.6216666666667,119,27,12,16,486
2012-13,201604,Chris Douglas-Roberts,26.0,6,63.08166666666666,5,4,0,2,17
2012-13,2768,Chris Duhon,30.0,46,820.0416666666666,68,133,1,20,133
2012-13,202419,Chris Johnson,27.0,30,284.215,60,8,28,7,117
2012-13,203187,Chris Johnson,23.0,8,102.10166666666667,11,2,0,4,29
2012-13,2549,Chris Kaman,31.0,66,1362.9766666666667,372,51,52,29,693
2012-13,101108,Chris Paul,28.0,70,2334.8866666666668,262,678,10,169,1186
2012-13,200809,Chris Quinn,29.0,7,78.33333333333333,2,9,0,3,10
2012-13,202698,Chris Singleton,23.0,57,923.965,184,37,24,38,231
2012-13,2404,Chris Wilcox,30.0,61,829.4733333333334,180,22,28,32,259
2012-13,203203,Chris Wright,23.0,3,4.375,0,0,0,0,2
2012-13,101236,Chuck Hayes,30.0,74,1208.8666666666666,299,112,18,31,198
2012-13,202332,Cole Aldrich,24.0,45,387.74,120,9,23,5,100
2012-13,201147,Corey Brewer,27.0,82,2002.6583333333333,235,124,23,118,990
2012-13,1894,Corey Maggette,33.0,18,256.9216666666667,25,19,2,6,95
2012-13,202809,Cory Higgins,24.0,6,32.235,3,5,0,3,14
2012-13,202709,Cory Joseph,21.0,28,387.86,52,53,4,15,126
2012-13,201584,Courtney Lee,27.0,78,1940.9666666666667,190,143,21,89,612
2012-13,201571,D.J. Augustin,25.0,76,1226.3866666666668,91,170,3,34,356
2012-13,201591,DJ White,26.0,12,85.97666666666667,13,4,6,1,29
2012-13,201969,DaJuan Summers,25.0,2,6.655,2,1,0,0,2
2012-13,201161,Daequan Cook,26.0,49,440.75,61,19,7,8,137
2012-13,2563,Dahntay Jones,32.0,78,1016.56,101,48,6,22,262
2012-13,203081,Damian Lillard,22.0,82,3166.87,257,531,19,74,1562
2012-13,2863,Damien Wilkins,33.0,61,1095.125,105,91,18,37,388
2012-13,202345,Damion James,25.0,2,0.39,1,0,0,0,0
2012-13,200789,Daniel Gibson,27.0,46,919.355,60,82,4,30,250
2012-13,202350,Daniel Orton,22.0,13,103.885,26,4,3,4,33
2012-13,201568,Danilo Gallinari,24.0,71,2308.5783333333334,367,176,36,64,1149
2012-13,101122,Danny Granger,30.0,5,73.66666666666667,9,3,1,2,27
2012-13,201980,Danny Green,26.0,80,2200.565,244,141,54,92,838
2012-13,201967,Dante Cunningham,26.0,80,2010.05,408,67,38,84,695
2012-13,203130,Darius Johnson-Odom,23.0,4,5.611666666666666,4,1,0,0,0
2012-13,203121,Darius Miller,23.0,52,694.0,78,44,12,17,118
2012-13,202721,Darius Morris,22.0,48,682.6933333333334,57,76,2,21,194
2012-13,2545,Darko Milicic,28.0,1,4.5,1,0,0,0,0
2012-13,201589,Darrell Arthur,25.0,59,969.9716666666667,169,33,33,24,362
2012-13,201954,Darren Collison,25.0,81,2371.7066666666665,219,415,8,100,972
2012-13,101135,David Lee,30.0,79,2907.35,886,279,22,67,1459
2012-13,2561,David West,32.0,73,2435.4016666666666,563,213,69,74,1250
2012-13,201599,DeAndre Jordan,24.0,82,2009.69,594,28,112,48,724
2012-13,202732,DeAndre Liggins,25.0,39,290.005,53,15,3,18,58
2012-13,201971,DeJuan Blair,24.0,61,850.9883333333333,230,45,10,37,328
2012-13,201942,DeMar DeRozan,23.0,82,3013.0466666666666,320,204,24,76,1485
2012-13,202326,DeMarcus Cousins,22.0,75,2289.3166666666666,746,199,55,108,1280
2012-13,201960,DeMarre Carroll,26.0,66,1110.8116666666667,188,61,24,58,393
2012-13,203199,DeQuan Jones,23.0,63,803.0183333333333,105,16,22,19,233
2012-13,2205,DeSagana Diop,31.0,22,225.99333333333334,51,13,16,5,16
2012-13,2052,DeShawn Stevenson,32.0,56,1157.8183333333334,122,52,6,29,284
2012-13,965,Derek Fisher,38.0,33,574.735,37,47,3,19,175
2012-13,101114,Deron Williams,29.0,78,2842.16,232,604,30,75,1476
2012-13,202324,Derrick Favors,21.0,77,1786.8616666666667,546,75,130,67,727
2012-13,202682,Derrick Williams,22.0,78,1915.825,430,46,37,44,933
2012-13,202365,Devin Ebanks,23.0,19,196.59,41,10,1,3,65
2012-13,2734,Devin Harris,30.0,58,1421.33,116,197,13,64,577
2012-13,202354,Dexter Pittman,25.0,11,31.851666666666667,12,0,0,0,8
2012-13,203197,Diante Garrett,24.0,19,149.405,15,31,0,10,40
2012-13,203079,Dion Waiters,21.0,61,1756.305,149,183,16,59,894
2012-13,1717,Dirk Nowitzki,35.0,53,1661.3983333333333,363,132,37,38,917
2012-13,201187,Dominic McGuire,27.0,26,386.8616666666667,78,20,11,13,51
2012-13,202346,Dominique Jones,24.0,29,337.635,45,83,2,14,116
2012-13,202388,Donald Sloan,25.0,23,263.16333333333336,28,38,0,5,81
2012-13,202700,Donatas Motiejunas,22.0,44,537.5083333333333,93,31,10,7,250
2012-13,2748,Dorell Wright,27.0,79,1782.7783333333334,302,150,35,62,729
2012-13,203117,Doron Lamb,21.0,47,577.7783333333333,46,32,0,13,154
2012-13,203110,Draymond Green,23.0,79,1060.9283333333333,260,53,25,42,227
2012-13,2400,Drew Gooden,31.0,16,151.43833333333333,31,6,6,5,52
2012-13,2730,Dwight Howard,27.0,76,2721.7816666666668,945,108,186,84,1296
2012-13,2548,Dwyane Wade,31.0,69,2390.5516666666667,344,352,56,128,1463
2012-13,202734,E'Twaun Moore,24.0,75,1682.295,167,206,23,51,588
2012-13,2853,Earl Barron,31.0,12,158.16166666666666,61,5,6,5,39
2012-13,201947,Earl Clark,25.0,59,1363.0783333333334,325,65,44,36,428
2012-13,2248,Earl Watson,34.0,48,829.0566666666666,87,190,8,40,96
2012-13,202334,Ed Davis,24.0,81,1630.8766666666668,460,63,85,38,623
2012-13,2201,Eddy Curry,30.0,2,24.75,4,0,0,0,9
2012-13,202327,Ekpe Udoh,26.0,76,1312.2466666666667,251,43,85,39,323
2012-13,1882,Elton Brand,34.0,72,1526.9983333333332,430,70,90,50,518
2012-13,2731,Emeka Okafor,30.0,79,2051.951666666667,692,93,77,45,765
2012-13,202683,Enes Freedom,21.0,70,1077.7466666666667,304,31,32,28,506
2012-13,202339,Eric Bledsoe,23.0,76,1553.0083333333334,225,233,55,109,643
2012-13,201569,Eric Gordon,24.0,42,1263.8,77,137,8,45,713
2012-13,201953,Eric Maynor,26.0,64,962.7133333333334,46,182,1,22,291
2012-13,101141,Ersan Ilyasova,26.0,73,2012.2733333333333,520,117,36,68,962
2012-13,203095,Evan Fournier,20.0,38,428.27,35,44,1,19,202
2012-13,202323,Evan Turner,24.0,82,2891.7533333333336,517,354,17,71,1094
2012-13,203097,Fab Melo,23.0,6,35.995,3,0,2,2,7
2012-13,203105,Festus Ezeli,23.0,78,1120.0616666666667,313,22,74,23,191
2012-13,101128,Francisco Garcia,31.0,58,1029.4116666666666,91,63,38,46,321
2012-13,202066,Garrett Temple,27.0,51,1155.5966666666666,123,115,17,50,262
2012-13,202390,Gary Neal,28.0,68,1483.8333333333333,143,129,2,30,645
2012-13,201588,George Hill,27.0,76,2619.616666666667,284,355,26,81,1076
2012-13,101123,Gerald Green,27.0,60,1080.445,141,50,23,19,421
2012-13,201945,Gerald Henderson,25.0,68,2133.2716666666665,250,177,34,68,1055
2012-13,2222,Gerald Wallace,30.0,69,2075.7233333333334,319,181,46,97,531
2012-13,201175,Glen Davis,27.0,34,1064.2766666666666,246,70,21,32,512
2012-13,201609,Goran Dragic,27.0,77,2581.1916666666666,238,569,26,124,1134
2012-13,202330,Gordon Hayward,23.0,72,2104.201666666667,225,213,38,58,1017
2012-13,255,Grant Hill,40.0,29,436.67333333333335,49,26,7,11,93
2012-13,202328,Greg Monroe,23.0,81,2687.26,777,281,55,105,1298
2012-13,202962,Greg Smith,22.0,70,1110.3416666666667,321,25,40,18,421
2012-13,201880,Greg Stiemsma,27.0,76,1209.3433333333332,261,30,90,44,307
2012-13,202349,Greivis Vasquez,26.0,78,2685.2116666666666,337,704,6,66,1083
2012-13,202970,Gustavo Ayon,28.0,55,734.7016666666667,199,71,17,22,204
2012-13,101124,Hakim Warrick,30.0,28,488.905,89,25,6,13,194
2012-13,201632,Hamed Haddadi,28.0,30,321.56333333333333,111,12,27,6,84
2012-13,203084,Harrison Barnes,21.0,81,2057.5316666666668,333,98,14,52,748
2012-13,201934,Hasheem Thabeet,26.0,66,769.93,195,11,60,30,160
2012-13,2045,Hedo Turkoglu,34.0,11,188.89,26,23,1,7,32
2012-13,203156,Henry Sims,23.0,2,4.783333333333333,2,0,0,0,4
2012-13,101133,Ian Mahinmi,26.0,80,1322.1266666666668,311,27,66,39,402
2012-13,202697,Iman Shumpert,23.0,45,996.2716666666666,136,75,7,43,305
2012-13,202738,Isaiah Thomas,24.0,79,2121.451666666667,161,316,3,67,1100
2012-13,202397,Ish Smith,24.0,52,516.0816666666667,61,87,9,21,123
2012-13,201274,Ivan Johnson,29.0,69,1034.8683333333333,266,46,14,56,452
2012-13,200826,J.J. Barea,29.0,74,1712.8333333333333,207,294,0,32,834
2012-13,201581,JJ Hickson,24.0,80,2322.565,828,88,51,48,1018
2012-13,200755,JJ Redick,29.0,78,2379.4616666666666,171,296,9,38,1100
2012-13,2747,JR Smith,27.0,80,2677.943333333333,425,218,24,100,1446
2012-13,201580,JaVale McGee,25.0,79,1433.4116666666666,381,24,157,30,717
2012-13,203109,Jae Crowder,22.0,78,1353.165,187,94,17,63,392
2012-13,2224,Jamaal Tinsley,35.0,66,1220.5366666666666,115,290,14,64,229
2012-13,2037,Jamal Crawford,33.0,76,2230.32,128,193,13,79,1255
2012-13,2749,Jameer Nelson,31.0,56,1977.055,209,413,6,71,822
2012-13,202341,James Anderson,24.0,39,401.24666666666667,72,42,5,15,149
2012-13,201935,James Harden,23.0,78,2984.5183333333334,379,455,38,142,2023
2012-13,201949,James Johnson,26.0,54,878.4333333333333,145,58,50,41,276
2012-13,2592,James Jones,32.0,38,220.57333333333332,22,13,6,2,60
2012-13,200778,James White,30.0,57,435.40833333333336,48,29,4,13,125
2012-13,202686,Jan Vesely,23.0,51,601.365,122,28,17,15,126
2012-13,2457,Jannero Pargo,33.0,32,507.4433333333333,35,67,3,18,207
2012-13,203099,Jared Cunningham,22.0,8,25.685,3,1,0,1,16
2012-13,201162,Jared Dudley,27.0,79,2169.9733333333334,245,203,8,75,861
2012-13,2407,Jared Jeffries,31.0,38,349.81333333333333,60,14,6,6,44
2012-13,203096,Jared Sullinger,21.0,45,891.5316666666666,264,35,22,22,270
2012-13,101127,Jarrett Jack,29.0,79,2348.576666666667,243,439,11,60,1023
2012-13,202363,Jarvis Varnado,25.0,13,58.21666666666667,9,3,2,1,8
2012-13,2215,Jason Collins,34.0,38,384.6333333333333,60,8,10,12,41
2012-13,467,Jason Kidd,40.0,76,2042.5966666666666,323,249,25,125,458
2012-13,101131,Jason Maxiell,30.0,72,1788.8116666666667,409,54,95,32,498
2012-13,2202,Jason Richardson,32.0,33,936.4816666666667,127,51,15,40,347
2012-13,201160,Jason Smith,27.0,51,875.635,186,34,45,15,420
2012-13,1891,Jason Terry,35.0,79,2123.6183333333333,159,198,11,66,799
2012-13,201574,Jason Thompson,26.0,82,2284.69,549,84,61,48,891
2012-13,202399,Jeff Adrien,27.0,52,713.0083333333333,196,36,27,18,209
2012-13,201965,Jeff Ayres,26.0,37,369.1333333333333,104,15,12,6,145
2012-13,201145,Jeff Green,26.0,81,2251.475,318,128,68,56,1036
2012-13,201952,Jeff Teague,25.0,80,2628.4383333333335,180,579,28,117,1166
2012-13,203106,Jeffery Taylor,24.0,77,1507.4416666666666,150,63,15,47,472
2012-13,202379,Jeremy Evans,25.0,37,215.06833333333333,58,11,13,8,75
2012-13,203087,Jeremy Lamb,21.0,23,146.59166666666667,18,5,2,2,71
2012-13,202391,Jeremy Lin,24.0,82,2639.955,247,497,29,134,1095
2012-13,202951,Jeremy Pargo,27.0,39,655.1233333333333,49,92,2,13,265
2012-13,202719,Jeremy Tyler,22.0,21,68.41333333333333,20,1,2,1,22
2012-13,979,Jermaine O'Neal,34.0,55,1028.725,293,42,78,19,454
2012-13,711,Jerry Stackhouse,38.0,37,543.6816666666666,33,35,4,7,182
2012-13,201573,Jerryd Bayless,24.0,80,1764.715,176,264,17,59,693
2012-13,202690,Jimmer Fredette,24.0,69,966.5166666666667,71,92,3,31,494
2012-13,202710,Jimmy Butler III,23.0,82,2133.5733333333333,328,115,31,78,705
2012-13,201149,Joakim Noah,28.0,66,2426.2616666666668,733,262,141,78,784
2012-13,201975,Jodie Meeks,25.0,78,1663.23,171,69,5,58,618
2012-13,2207,Joe Johnson,32.0,72,2642.0616666666665,218,253,14,49,1170
2012-13,201202,Joel Anthony,30.0,62,566.1766666666666,115,13,42,13,87
2012-13,200777,Joel Freeland,26.0,51,477.33666666666664,119,13,11,13,134
2012-13,2038,Joel Przybilla,33.0,12,68.08333333333333,21,4,2,1,2
2012-13,101130,Johan Petro,27.0,31,351.71,112,16,9,10,108
2012-13,203089,John Henson,22.0,63,827.1483333333333,297,31,42,19,380
2012-13,203098,John Jenkins,22.0,61,901.8283333333334,94,56,10,12,374
2012-13,101249,John Lucas III,30.0,63,827.1416666666667,65,105,1,23,333
2012-13,2422,John Salmons,33.0,76,2278.3783333333336,207,226,25,51,672
2012-13,202322,John Wall,22.0,49,1602.125,196,373,37,65,906
2012-13,202720,Jon Leuer,24.0,28,186.54166666666666,37,8,0,6,56
2012-13,201973,Jonas Jerebko,26.0,49,891.6283333333333,185,43,8,38,377
2012-13,202685,Jonas Valančiūnas,21.0,62,1481.5983333333334,372,45,78,17,554
2012-13,202348,Jordan Crawford,24.0,70,1708.5283333333334,209,225,7,39,814
2012-13,202706,Jordan Hamilton,22.0,40,396.58,95,23,8,15,208
2012-13,201941,Jordan Hill,25.0,29,457.97333333333336,166,13,19,8,194
2012-13,101181,Jose Calderon,31.0,73,2159.3866666666668,176,518,8,58,826
2012-13,203006,Josh Akognon,27.0,3,8.703333333333333,1,1,0,0,5
2012-13,2735,Josh Childress,30.0,14,100.11833333333334,15,5,2,2,14
2012-13,202725,Josh Harrellson,24.0,6,30.661666666666665,7,0,1,1,10
2012-13,2572,Josh Howard,33.0,11,207.15666666666667,36,4,3,10,74
2012-13,201177,Josh McRoberts,26.0,67,1487.4433333333334,325,141,27,32,401
2012-13,202729,Josh Selby,22.0,10,58.836666666666666,5,4,0,2,20
2012-13,2746,Josh Smith,27.0,76,2682.855,639,321,136,94,1327
2012-13,201950,Jrue Holiday,23.0,78,2925.575,329,625,32,123,1383
2012-13,202933,Julyan Stone,24.0,4,27.8,3,2,0,1,7
2012-13,202458,Justin Dentmon,27.0,2,4.366666666666666,0,0,0,0,0
2012-13,203200,Justin Holiday,24.0,9,142.00333333333333,14,15,6,3,42
2012-13,436,Juwan Howard,40.0,7,50.666666666666664,8,6,0,0,21
2012-13,202695,Kawhi Leonard,22.0,58,1810.1316666666667,346,93,32,97,689
2012-13,2586,Keith Bogans,33.0,74,1408.0,120,76,4,28,311
2012-13,202689,Kemba Walker,23.0,82,2858.7,283,471,31,160,1455
2012-13,203088,Kendall Marshall,21.0,48,702.34,42,143,4,22,143
2012-13,2570,Kendrick Perkins,28.0,78,1954.2783333333334,466,111,83,43,330
2012-13,202702,Kenneth Faried,23.0,80,2247.5783333333334,734,77,83,81,923
2012-13,203145,Kent Bazemore,23.0,61,266.8183333333333,22,22,4,17,123
2012-13,2030,Kenyon Martin,35.0,18,431.28333333333336,95,8,17,16,129
2012-13,201142,Kevin Durant,24.0,81,3118.8166666666666,640,374,105,116,2280
2012-13,708,Kevin Garnett,37.0,68,2022.23,530,159,62,78,1004
2012-13,203158,Kevin Jones,23.0,32,334.01666666666665,78,10,5,9,95
2012-13,201567,Kevin Love,24.0,18,617.9616666666667,252,42,9,13,330
2012-13,2755,Kevin Martin,30.0,77,2136.2466666666664,178,106,8,72,1077
2012-13,203122,Kevin Murphy,23.0,17,52.388333333333335,4,2,0,1,15
2012-13,202338,Kevin Seraphin,23.0,79,1720.8183333333334,346,57,59,24,721
2012-13,2039,Keyon Dooling,33.0,7,81.68666666666667,1,8,0,1,31
2012-13,203114,Khris Middleton,21.0,27,475.41833333333335,50,28,4,15,165
2012-13,203119,Kim English,24.0,41,406.56666666666666,37,26,3,16,119
2012-13,2550,Kirk Hinrich,32.0,60,1764.375,158,314,25,63,459
2012-13,202691,Klay Thompson,23.0,82,2935.943333333333,306,183,45,86,1359
2012-13,977,Kobe Bryant,34.0,78,3012.6133333333332,433,469,25,106,2133
2012-13,201585,Kosta Koufos,24.0,81,1817.12,562,32,103,44,648
2012-13,2743,Kris Humphries,28.0,65,1191.1833333333334,365,32,33,16,375
2012-13,203126,Kris Joseph,24.0,10,53.901666666666664,7,1,0,3,9
2012-13,703,Kurt Thomas,40.0,39,392.39,89,21,16,10,97
2012-13,2198,Kwame Brown,31.0,22,269.475,74,9,10,6,41
2012-13,2594,Kyle Korver,32.0,74,2258.735,293,146,37,70,810
2012-13,200768,Kyle Lowry,27.0,68,2020.1933333333334,321,435,24,94,791
2012-13,203124,Kyle O'Quinn,23.0,57,637.9166666666666,209,52,26,11,232
2012-13,202713,Kyle Singler,25.0,82,2292.923333333333,330,77,37,57,720
2012-13,202681,Kyrie Irving,21.0,59,2047.8716666666667,216,350,21,89,1325
2012-13,200746,LaMarcus Aldridge,27.0,74,2789.92,670,192,91,62,1560
2012-13,1885,Lamar Odom,33.0,82,1615.9766666666667,480,142,58,69,330
2012-13,202362,Lance Stephenson,22.0,78,2278.1016666666665,304,223,16,81,687
2012-13,202498,Lance Thomas,25.0,59,646.1666666666666,115,17,7,11,149
2012-13,202361,Landry Fields,25.0,51,1036.69,208,60,8,32,240
2012-13,202336,Larry Sanders,24.0,71,1937.4466666666667,672,83,201,53,696
2012-13,202730,Lavoy Allen,24.0,79,1668.7016666666666,395,73,55,24,455
2012-13,202351,Lazar Hayward,26.0,4,31.073333333333334,4,3,0,2,10
2012-13,2544,LeBron James,28.0,76,2877.055,610,551,67,129,2036
2012-13,2571,Leandro Barbosa,30.0,41,512.785,46,58,6,17,215
2012-13,101132,Linas Kleiza,28.0,20,375.965,52,16,2,4,148
2012-13,200811,Lou Amundson,30.0,39,371.455,106,11,12,16,76
2012-13,101150,Lou Williams,26.0,39,1119.0233333333333,80,139,10,44,551
2012-13,201601,Luc Mbah a Moute,26.0,58,1326.18,256,55,14,42,387
2012-13,2449,Luis Scola,33.0,82,2184.215,541,182,35,67,1048
2012-13,202337,Luke Babbitt,24.0,62,730.375,137,29,5,14,244
2012-13,2557,Luke Ridnour,32.0,82,2474.1233333333334,206,311,15,82,939
2012-13,2575,Luke Walton,33.0,50,857.18,145,166,13,42,172
2012-13,202545,Luke Zeller,26.0,16,58.178333333333335,10,3,0,0,19
2012-13,2736,Luol Deng,28.0,75,2902.8733333333334,476,222,32,81,1237
2012-13,203146,Maalik Wayns,22.0,27,201.955,7,27,0,6,76
2012-13,202723,Malcolm Lee,23.0,16,288.64,39,20,6,12,78
2012-13,202952,Malcolm Thomas,24.0,12,56.78,16,4,2,2,15
2012-13,1938,Manu Ginobili,35.0,60,1393.2166666666667,201,274,13,80,705
2012-13,202705,MarShon Brooks,24.0,73,911.7816666666666,104,76,16,34,394
2012-13,201188,Marc Gasol,28.0,80,2796.05,622,318,139,80,1127
2012-13,101162,Marcin Gortat,29.0,61,1875.7516666666668,516,75,98,40,680
2012-13,201158,Marco Belinelli,27.0,73,1881.545,140,148,6,44,702
2012-13,948,Marcus Camby,39.0,24,250.43666666666667,80,14,14,7,42
2012-13,202694,Marcus Morris Sr.,23.0,77,1523.91,277,62,20,45,596
2012-13,201977,Marcus Thornton,26.0,72,1726.4066666666668,181,91,4,61,916
2012-13,201596,Mario Chalmers,27.0,77,2067.508333333333,171,273,12,118,666
2012-13,202693,Markieff Morris,23.0,82,1836.9816666666666,396,108,64,77,670
2012-13,2605,Marquis Daniels,32.0,59,1085.0866666666666,150,65,10,51,324
2012-13,203104,Marquis Teague,20.0,48,391.9216666666667,44,63,7,9,99
2012-13,201578,Marreese Speights,25.0,79,1300.0066666666667,386,47,53,24,658
2012-13,101110,Martell Webster,26.0,76,2200.0866666666666,294,143,17,49,869
2012-13,101107,Marvin Williams,27.0,73,1727.1516666666666,263,77,38,37,529
2012-13,2440,Matt Barnes,33.0,80,2057.915,366,123,63,82,822
2012-13,2588,Matt Bonner,33.0,68,908.5533333333333,129,36,19,17,288
2012-13,2679,Matt Carroll,32.0,1,5.85,0,1,0,0,0
2012-13,203090,Maurice Harkless,20.0,76,1973.605,335,50,62,88,625
2012-13,1897,Metta World Peace,33.0,75,2529.635,372,112,42,122,929
2012-13,203086,Meyers Leonard,21.0,69,1206.2516666666668,255,33,38,11,377
2012-13,201563,Michael Beasley,24.0,75,1554.0566666666666,282,111,34,31,759
2012-13,203077,Michael Kidd-Gilchrist,19.0,78,2024.7633333333333,455,117,70,54,704
2012-13,101153,Mickael Gelabale,30.0,36,643.955,99,26,4,16,181
2012-13,2554,Mickael Pietrus,31.0,19,386.32,36,9,6,12,100
2012-13,201144,Mike Conley,25.0,80,2756.575,225,487,24,174,1168
2012-13,2399,Mike Dunleavy,32.0,75,1942.55,291,145,35,39,785
2012-13,2229,Mike James,38.0,45,861.8083333333333,72,139,3,26,273
2012-13,2034,Mike Miller,33.0,59,899.6433333333333,157,99,4,21,281
2012-13,203118,Mike Scott,24.0,40,375.72833333333335,110,12,2,4,183
2012-13,203101,Miles Plumlee,24.0,14,55.03333333333333,22,2,3,0,13
2012-13,203141,Mirza Teletovic,27.0,53,499.425,95,23,8,13,188
2012-13,2590,Mo Williams,30.0,46,1417.77,110,285,9,46,592
2012-13,101145,Monta Ellis,27.0,82,3076.403333333333,316,496,36,169,1577
2012-13,201986,Nando De Colo,26.0,72,920.2916666666666,138,138,6,41,276
2012-13,101126,Nate Robinson,29.0,82,2086.258333333333,184,358,10,85,1074
2012-13,1737,Nazr Mohammed,35.0,63,692.9283333333333,195,26,32,21,166
2012-13,2403,Nene,30.0,61,1659.29,407,177,37,55,766
2012-13,2555,Nick Collison,32.0,81,1582.9033333333334,333,121,30,51,412
2012-13,201156,Nick Young,28.0,59,1411.285,130,84,14,36,628
2012-13,201587,Nicolas Batum,24.0,73,2806.5633333333335,412,360,83,91,1047
2012-13,201593,Nikola Pekovic,27.0,62,1959.3783333333333,545,53,50,43,1011
2012-13,202696,Nikola Vučević,22.0,77,2559.133333333333,917,143,79,61,1008
2012-13,202701,Nolan Smith,24.0,40,287.64,27,35,1,7,110
2012-13,202708,Norris Cole,24.0,80,1590.18,130,164,7,57,445
2012-13,201564,O.J. Mayo,25.0,82,2913.235,291,361,23,93,1255
2012-13,201600,Omer Asik,26.0,82,2464.0533333333333,956,75,87,46,832
2012-13,201956,Omri Casspi,25.0,43,502.66833333333335,114,28,12,25,173
2012-13,203111,Orlando Johnson,24.0,51,618.6566666666666,110,47,9,11,203
2012-13,200782,P.J. Tucker,28.0,79,1910.4333333333334,350,109,19,62,506
2012-13,203143,Pablo Prigioni,36.0,78,1263.0816666666667,143,236,2,69,275
2012-13,201976,Patrick Beverley,24.0,41,712.5916666666667,109,117,21,37,228
2012-13,202335,Patrick Patterson,24.0,71,1774.92,337,81,40,31,737
2012-13,201988,Patty Mills,24.0,58,656.3833333333333,50,62,4,26,294
2012-13,2200,Pau Gasol,32.0,49,1654.9566666666667,421,200,61,24,673
2012-13,202331,Paul George,23.0,79,2971.8933333333334,603,327,51,143,1377
2012-13,200794,Paul Millsap,28.0,78,2374.7683333333334,554,201,80,102,1135
2012-13,1718,Paul Pierce,35.0,77,2575.1366666666668,487,370,30,84,1430
2012-13,203103,Perry Jones III,21.0,38,279.8666666666667,62,10,6,5,88
2012-13,2047,Quentin Richardson,33.0,1,28.916666666666668,10,1,0,0,5
2012-13,203112,Quincy Acy,22.0,29,342.33666666666664,77,11,15,13,116
2012-13,203113,Quincy Miller,20.0,7,25.683333333333334,2,3,0,1,9
2012-13,202347,Quincy Pondexter,25.0,59,1243.185,132,61,6,35,375
2012-13,200765,Rajon Rondo,27.0,38,1422.775,212,420,9,70,522
2012-13,201196,Ramon Sessions,27.0,61,1651.56,169,230,7,48,876
2012-13,200751,Randy Foye,29.0,82,2248.9066666666668,127,167,27,66,882
2012-13,1740,Rashard Lewis,33.0,55,791.9816666666667,121,30,14,21,285
2012-13,739,Rasheed Wallace,38.0,21,296.04,83,6,15,13,146
2012-13,951,Ray Allen,37.0,79,2035.2516666666668,217,135,15,67,863
2012-13,101109,Raymond Felton,29.0,68,2312.8083333333334,194,372,14,94,948
2012-13,2501,Reggie Evans,33.0,80,1967.2233333333334,888,43,13,74,363
2012-13,202704,Reggie Jackson,23.0,70,992.6083333333333,166,122,13,29,374
2012-13,202130,Reggie Williams,26.0,40,379.95666666666665,51,39,1,12,146
2012-13,1888,Richard Hamilton,35.0,50,1087.9133333333334,83,119,5,24,490
2012-13,2210,Richard Jefferson,33.0,56,568.3633333333333,84,31,7,14,176
2012-13,201937,Ricky Rubio,22.0,57,1690.9083333333333,229,418,5,137,608
2012-13,203135,Robert Sacre,24.0,32,203.445,34,6,10,0,43
2012-13,201577,Robin Lopez,25.0,82,2135.7633333333333,462,64,128,32,929
2012-13,201155,Rodney Stuckey,27.0,76,2171.0933333333332,212,270,17,51,876
2012-13,201958,Rodrigue Beaubois,25.0,45,549.2833333333333,57,84,4,19,181
2012-13,2427,Roger Mason Jr.,32.0,69,1218.5083333333334,132,74,11,26,369
2012-13,200758,Ronnie Brewer,28.0,60,852.3066666666666,140,50,6,43,179
2012-13,101179,Ronnie Price,30.0,39,509.84166666666664,44,73,3,26,105
2012-13,101142,Ronny Turiaf,30.0,65,700.7,152,35,35,19,121
2012-13,201579,Roy Hibbert,26.0,79,2268.77,656,113,206,39,937
2012-13,2767,Royal Ivey,31.0,53,698.445,57,32,3,23,170
2012-13,200752,Rudy Gay,26.0,75,2687.0133333333333,461,202,53,113,1366
2012-13,201566,Russell Westbrook,24.0,82,2860.98,428,607,24,145,1903
2012-13,201583,Ryan Anderson,25.0,81,2502.7683333333334,519,97,31,42,1309
2012-13,200797,Ryan Hollins,28.0,60,663.2466666666667,139,11,34,6,206
2012-13,201970,Sam Young,28.0,56,692.915,123,42,8,15,155
2012-13,202396,Samardo Samuels,24.0,18,195.54666666666665,28,8,3,3,58
2012-13,2223,Samuel Dalembert,33.0,47,764.6866666666666,276,21,53,17,313
2012-13,2562,Sasha Pavlovic,29.0,39,527.5066666666667,56,32,5,24,103
2012-13,203159,Scott Machado,23.0,6,21.25,1,6,0,2,8
2012-13,2742,Sebastian Telfair,28.0,59,980.08,84,153,11,37,331
2012-13,201586,Serge Ibaka,23.0,80,2486.3283333333334,617,43,242,28,1055
2012-13,2203,Shane Battier,34.0,72,1786.2616666666668,165,72,55,41,472
2012-13,200769,Shannon Brown,27.0,59,1401.9933333333333,149,108,15,59,617
2012-13,2733,Shaun Livingston,27.0,66,1454.79,158,215,31,48,417
2012-13,101183,Shavlik Randolph,29.0,16,198.07166666666666,70,4,7,8,67
2012-13,1890,Shawn Marion,35.0,67,2010.2783333333334,525,163,47,75,812
2012-13,202714,Shelvin Mack,23.0,31,415.99,40,68,0,15,143
2012-13,200780,Solomon Jones,28.0,2,26.05,3,0,1,0,0
2012-13,201150,Spencer Hawes,25.0,82,2233.32,590,183,113,24,905
2012-13,201939,Stephen Curry,25.0,78,2982.555,314,539,12,126,1786
2012-13,1536,Stephen Jackson,35.0,55,1075.085,155,80,14,37,341
2012-13,2581,Steve Blake,33.0,45,1174.7633333333333,132,173,6,34,327
2012-13,959,Steve Nash,39.0,50,1626.795,142,333,5,30,636
2012-13,200779,Steve Novak,30.0,81,1640.6916666666666,152,35,8,28,535
2012-13,201959,Taj Gibson,28.0,65,1459.3766666666668,345,61,90,27,517
2012-13,2419,Tayshaun Prince,33.0,82,2631.605,364,196,25,48,852
2012-13,202227,Terrel Harris,25.0,20,137.15166666666667,26,9,3,2,15
2012-13,203093,Terrence Jones,21.0,19,275.7,65,15,19,12,104
2012-13,203082,Terrence Ross,22.0,73,1239.2683333333334,144,53,14,43,467
2012-13,201944,Terrence Williams,26.0,24,317.99833333333333,44,38,2,11,110
2012-13,200757,Thabo Sefolosha,29.0,81,2228.745,317,125,44,103,613
2012-13,201152,Thaddeus Young,25.0,76,2628.5383333333334,571,125,55,133,1127
2012-13,203080,Thomas Robinson,22.0,70,1055.715,315,46,26,41,333
2012-13,201168,Tiago Splitter,28.0,81,1997.015,515,130,64,63,838
2012-13,1495,Tim Duncan,37.0,69,2078.0316666666668,686,184,183,50,1227
2012-13,203317,Tim Ohlbrecht,24.0,3,11.733333333333333,1,1,0,1,3
2012-13,202389,Timofey Mozgov,26.0,41,366.2083333333333,107,9,18,6,108
2012-13,202699,Tobias Harris,20.0,55,1298.595,287,69,44,32,603
2012-13,201962,Toney Douglas,27.0,71,1288.01,138,151,3,71,534
2012-13,2754,Tony Allen,31.0,79,2109.095,363,98,44,119,705
2012-13,2225,Tony Parker,31.0,66,2173.89,198,499,6,54,1341
2012-13,203100,Tony Wroten,20.0,35,271.94666666666666,28,43,4,8,91
2012-13,203129,Tornike Shengelia,21.0,19,92.69166666666666,23,3,1,3,30
2012-13,2566,Travis Outlaw,28.0,38,443.79333333333335,61,21,8,11,200
2012-13,2772,Trevor Ariza,28.0,56,1470.705,266,113,20,72,530
2012-13,202344,Trevor Booker,25.0,48,886.885,239,40,16,32,256
2012-13,202684,Tristan Thompson,22.0,82,2564.161666666667,773,108,71,60,957
2012-13,2211,Troy Murphy,33.0,14,255.96666666666667,49,7,6,10,65
2012-13,201951,Ty Lawson,25.0,73,2512.67,198,501,8,107,1216
2012-13,201946,Tyler Hansbrough,27.0,81,1365.5366666666666,373,36,18,29,568
2012-13,202715,Tyler Honeycutt,22.0,9,31.503333333333334,10,2,1,0,8
2012-13,203092,Tyler Zeller,23.0,77,2033.1783333333333,438,96,70,35,610
2012-13,201936,Tyreke Evans,23.0,65,2016.0633333333333,287,229,27,90,987
2012-13,200748,Tyrus Thomas,26.0,26,359.94666666666666,60,19,15,14,125
2012-13,203116,Tyshawn Taylor,23.0,38,220.50333333333333,18,21,0,13,85
2012-13,2199,Tyson Chandler,30.0,66,2163.53,703,62,75,42,689
2012-13,2617,Udonis Haslem,33.0,75,1413.8416666666667,404,38,15,30,290
2012-13,203139,Viacheslav Kravtsov,25.0,25,223.71333333333334,45,9,9,5,77
2012-13,201964,Victor Claver,24.0,49,812.1216666666667,119,43,12,26,187
2012-13,1713,Vince Carter,36.0,81,2092.75,334,194,44,74,1088
2012-13,2209,Vladimir Radmanovic,32.0,25,143.605,28,8,4,8,33
2012-13,201961,Wayne Ellington,25.0,78,1660.835,166,104,3,45,614
2012-13,202325,Wesley Johnson,25.0,50,952.5833333333334,123,34,18,22,399
2012-13,202083,Wesley Matthews,26.0,69,2402.6383333333333,191,174,18,90,1022
2012-13,203115,Will Barton,22.0,73,893.77,145,58,9,34,295
2012-13,101198,Will Bynum,30.0,65,1219.165,97,231,5,45,636
2012-13,101215,Will Conroy,30.0,4,20.436666666666667,1,0,0,0,1
2012-13,2584,Willie Green,31.0,72,1187.7816666666668,97,55,12,29,450
2012-13,201163,Wilson Chandler,26.0,43,1079.3616666666667,218,58,12,45,560
2012-13,202333,Xavier Henry,22.0,50,625.1366666666667,90,13,5,16,194
2012-13,2216,Zach Randolph,31.0,76,2606.991666666667,854,108,31,61,1169
2012-13,2585,Zaza Pachulia,29.0,52,1134.3116666666667,336,79,12,35,306
2013-14,201985,AJ Price,27.0,28,99.36833333333334,10,13,0,1,44
2013-14,201166,Aaron Brooks,29.0,72,1557.2716666666668,140,233,13,52,645
2013-14,201189,Aaron Gray,29.0,37,354.375,111,22,8,10,65
2013-14,203519,Adonis Thomas,21.0,6,37.583333333333336,3,3,0,0,14
2013-14,1733,Al Harrington,34.0,34,511.365,80,28,0,14,225
2013-14,201143,Al Horford,28.0,29,957.73,244,76,44,27,538
2013-14,2744,Al Jefferson,29.0,73,2553.2383333333332,792,155,79,67,1594
2013-14,202329,Al-Farouq Aminu,23.0,80,2045.4266666666667,496,114,38,82,572
2013-14,101187,Alan Anderson,31.0,78,1772.51,175,81,11,48,564
2013-14,202692,Alec Burks,22.0,78,2193.108333333333,257,212,14,69,1089
2013-14,203458,Alex Len,21.0,42,362.28333333333336,99,4,18,4,86
2013-14,203144,Alexey Shved,25.0,63,664.0566666666666,81,68,16,26,250
2013-14,201582,Alexis Ajinca,26.0,56,950.5783333333334,277,40,46,23,328
2013-14,203459,Allen Crabbe,22.0,15,99.77833333333334,9,6,1,2,33
2013-14,202087,Alonzo Gee,27.0,65,1019.735,149,47,15,39,258
2013-14,2405,Amar'e Stoudemire,31.0,65,1466.185,320,34,37,23,772
2013-14,101161,Amir Johnson,27.0,77,2213.8783333333336,505,115,88,56,799
2013-14,2760,Anderson Varejao,31.0,65,1800.2383333333332,629,140,39,69,546
2013-14,101154,Andray Blatche,27.0,73,1618.1283333333333,390,112,38,75,821
2013-14,203083,Andre Drummond,20.0,81,2619.0783333333334,1071,35,131,101,1095
2013-14,2738,Andre Iguodala,30.0,63,2039.7083333333333,293,263,18,95,588
2013-14,1889,Andre Miller,38.0,58,981.8766666666667,130,197,9,34,283
2013-14,203460,Andre Roberson,22.0,40,399.04333333333335,94,15,10,19,75
2013-14,200745,Andrea Bargnani,28.0,42,1257.12,222,45,52,14,558
2013-14,1905,Andrei Kirilenko,33.0,45,857.3083333333333,146,72,19,40,226
2013-14,101106,Andrew Bogut,29.0,67,1769.4083333333333,671,112,121,47,492
2013-14,101115,Andrew Bynum,26.0,26,515.5116666666667,145,29,29,6,225
2013-14,203094,Andrew Nicholson,24.0,76,1173.5333333333333,255,25,23,18,435
2013-14,2740,Andris Biedrins,28.0,6,44.583333333333336,17,0,0,0,3
2013-14,1712,Antawn Jamison,38.0,22,247.55666666666667,55,7,3,9,84
2013-14,203461,Anthony Bennett,21.0,52,662.6383333333333,155,17,8,21,217
2013-14,203076,Anthony Davis,21.0,67,2357.7716666666665,673,105,189,89,1394
2013-14,201627,Anthony Morrow,28.0,76,1425.7533333333333,140,59,12,38,636
2013-14,201576,Anthony Randolph,24.0,43,527.0033333333333,122,32,19,26,206
2013-14,201229,Anthony Tolliver,29.0,64,1298.1016666666667,168,42,15,19,393
2013-14,203462,Archie Goodwin,19.0,52,532.88,87,20,11,20,194
2013-14,202620,Arinze Onuaku,26.0,5,30.15,8,3,0,0,3
2013-14,203102,Arnett Moultrie,23.0,12,187.06,35,2,4,8,36
2013-14,203382,Aron Baynes,27.0,53,490.80833333333334,145,34,5,2,161
2013-14,201167,Arron Afflalo,28.0,73,2552.3416666666667,262,248,3,35,1330
2013-14,201948,Austin Daye,26.0,22,148.22333333333333,27,8,4,4,66
2013-14,203085,Austin Rivers,21.0,69,1338.685,129,160,9,45,530
2013-14,202340,Avery Bradley,23.0,60,1855.095,226,85,11,63,891
2013-14,2732,Ben Gordon,31.0,19,278.76166666666666,27,21,2,10,99
2013-14,203463,Ben McLemore,21.0,82,2186.9066666666668,235,82,18,45,720
2013-14,2757,Beno Udrih,31.0,41,642.9166666666666,59,116,4,23,200
2013-14,203108,Bernard James,29.0,30,146.005,42,3,8,3,28
2013-14,202687,Bismack Biyombo,21.0,77,1072.4566666666667,366,8,86,7,222
2013-14,201933,Blake Griffin,25.0,80,2863.3016666666667,757,309,51,92,1930
2013-14,2564,Boris Diaw,32.0,79,1974.0716666666667,326,222,32,44,717
2013-14,203078,Bradley Beal,21.0,73,2530.0183333333334,273,243,18,71,1249
2013-14,201148,Brandan Wright,26.0,58,1077.385,244,31,55,32,525
2013-14,101138,Brandon Bass,29.0,82,2266.3983333333335,470,87,71,36,911
2013-14,203561,Brandon Davies,22.0,51,575.0283333333333,109,28,8,24,144
2013-14,201943,Brandon Jennings,24.0,80,2728.1133333333332,244,609,8,101,1241
2013-14,202688,Brandon Knight,22.0,72,2400.0833333333335,255,352,17,69,1291
2013-14,201575,Brandon Rush,28.0,38,417.9683333333333,44,24,9,5,79
2013-14,203148,Brian Roberts,28.0,72,1666.8083333333334,136,234,7,43,677
2013-14,201572,Brook Lopez,26.0,17,533.41,102,16,30,9,352
2013-14,201957,Byron Mullens,25.0,45,414.41833333333335,92,14,11,15,189
2013-14,201228,C.J. Watson,30.0,63,1193.2816666666668,101,107,8,60,414
2013-14,203468,CJ McCollum,22.0,38,475.74,48,27,2,14,201
2013-14,101139,CJ Miles,27.0,51,984.1233333333333,103,52,15,46,503
2013-14,201171,Carl Landry,30.0,18,232.96666666666667,57,5,1,3,76
2013-14,2430,Carlos Boozer,32.0,76,2141.1233333333334,632,118,22,53,1042
2013-14,2546,Carmelo Anthony,30.0,77,2981.7316666666666,622,242,51,95,2112
2013-14,2406,Caron Butler,34.0,56,1419.05,229,82,17,47,587
2013-14,203467,Carrick Felix,23.0,7,38.1,6,4,0,0,19
2013-14,201858,Cartier Martin,29.0,59,869.835,110,33,7,27,329
2013-14,203810,Casper Ware,24.0,9,115.76333333333334,9,10,0,8,48
2013-14,202718,Chandler Parsons,25.0,74,2782.5783333333334,409,298,29,88,1226
2013-14,101112,Channing Frye,31.0,82,2312.305,416,98,63,60,910
2013-14,101111,Charlie Villanueva,29.0,20,179.67666666666668,34,6,5,4,92
2013-14,201978,Chase Budinger,26.0,41,750.7866666666666,103,31,2,19,274
2013-14,1497,Chauncey Billups,37.0,19,309.47,28,42,1,8,72
2013-14,2365,Chris Andersen,35.0,72,1396.0216666666668,379,19,97,32,477
2013-14,203569,Chris Babb,24.0,14,132.33,17,3,0,6,22
2013-14,2547,Chris Bosh,30.0,79,2531.3516666666665,522,87,78,80,1281
2013-14,203142,Chris Copeland,30.0,41,264.61,32,18,7,3,153
2013-14,201604,Chris Douglas-Roberts,27.0,49,1015.52,119,51,16,29,339
2013-14,203187,Chris Johnson,24.0,40,789.1483333333333,97,31,4,27,250
2013-14,2549,Chris Kaman,32.0,39,735.975,229,58,40,11,404
2013-14,101108,Chris Paul,29.0,62,2170.983333333333,268,663,4,154,1185
2013-14,202698,Chris Singleton,24.0,25,249.96833333333333,55,6,3,9,75
2013-14,203147,Chris Smith,26.0,2,1.9566666666666668,0,0,0,0,0
2013-14,202874,Chris Wright,25.0,8,125.50666666666666,20,5,5,7,48
2013-14,101236,Chuck Hayes,31.0,61,753.3616666666667,210,35,12,34,132
2013-14,203469,Cody Zeller,21.0,82,1416.6816666666666,353,92,41,40,490
2013-14,202332,Cole Aldrich,25.0,46,330.01666666666665,129,14,30,8,92
2013-14,201147,Corey Brewer,28.0,81,2609.3533333333335,207,135,30,151,998
2013-14,202709,Cory Joseph,22.0,68,935.98,107,114,14,35,343
2013-14,201584,Courtney Lee,28.0,79,1972.9633333333334,187,115,28,65,761
2013-14,201571,D.J. Augustin,26.0,71,1938.6433333333334,130,313,3,53,930
2013-14,203474,DJ Stephens,23.0,3,14.631666666666666,5,0,0,0,7
2013-14,201591,DJ White,27.0,2,10.183333333333334,2,0,0,1,0
2013-14,203081,Damian Lillard,23.0,82,2936.615,288,457,22,64,1695
2013-14,202345,Damion James,26.0,5,50.355,12,3,1,0,6
2013-14,202350,Daniel Orton,23.0,22,250.80333333333334,61,15,16,6,65
2013-14,101122,Danny Granger,31.0,41,847.5983333333334,133,41,17,12,338
2013-14,201980,Danny Green,27.0,68,1651.1,229,104,61,65,618
2013-14,201967,Dante Cunningham,27.0,81,1634.84,330,83,58,62,510
2013-14,203130,Darius Johnson-Odom,24.0,3,15.295,2,1,0,1,0
2013-14,203121,Darius Miller,24.0,45,722.7633333333333,52,43,9,24,200
2013-14,202721,Darius Morris,23.0,27,312.815,26,44,0,13,107
2013-14,201589,Darrell Arthur,26.0,68,1161.105,210,61,47,39,401
2013-14,201954,Darren Collison,26.0,80,2069.306666666667,188,297,15,93,911
2013-14,101135,David Lee,31.0,69,2288.3033333333333,643,147,26,48,1257
2013-14,2561,David West,33.0,80,2472.145,542,223,74,61,1118
2013-14,201599,DeAndre Jordan,25.0,82,2870.435,1114,74,203,80,856
2013-14,202732,DeAndre Liggins,26.0,1,1.4,1,0,0,0,2
2013-14,201971,DeJuan Blair,25.0,78,1213.8233333333333,368,70,21,60,497
2013-14,201942,DeMar DeRozan,24.0,79,3016.6266666666666,343,313,28,86,1791
2013-14,202326,DeMarcus Cousins,23.0,71,2297.9416666666666,831,207,91,109,1614
2013-14,201960,DeMarre Carroll,27.0,73,2340.505,403,134,21,108,810
2013-14,203471,Dennis Schröder,20.0,49,641.4083333333333,60,93,0,17,183
2013-14,965,Derek Fisher,39.0,81,1428.0216666666668,122,117,3,70,425
2013-14,101114,Deron Williams,30.0,64,2059.345,168,392,13,93,915
2013-14,202324,Derrick Favors,22.0,73,2201.193333333333,637,91,108,75,970
2013-14,201565,Derrick Rose,25.0,10,310.8883333333333,32,43,1,5,159
2013-14,202682,Derrick Williams,23.0,78,1820.2016666666666,323,56,20,48,624
2013-14,2734,Devin Harris,31.0,40,817.7933333333333,85,178,2,28,315
2013-14,203473,Dewayne Dedmon,24.0,31,390.42333333333335,127,5,22,7,97
2013-14,202354,Dexter Pittman,26.0,2,2.94,3,0,0,0,0
2013-14,203197,Diante Garrett,25.0,71,1047.5716666666667,97,120,5,41,248
2013-14,203079,Dion Waiters,22.0,70,2072.03,195,209,17,63,1113
2013-14,202091,Dionte Christmas,27.0,31,197.87333333333333,38,8,3,2,71
2013-14,1717,Dirk Nowitzki,36.0,80,2628.068333333333,498,216,45,73,1735
2013-14,202388,Donald Sloan,26.0,48,392.1766666666667,44,50,1,10,110
2013-14,202700,Donatas Motiejunas,23.0,62,952.1983333333334,225,34,21,20,341
2013-14,2748,Dorell Wright,28.0,68,984.49,191,64,16,23,343
2013-14,203117,Doron Lamb,22.0,53,694.81,49,43,1,11,191
2013-14,203110,Draymond Green,24.0,82,1796.7416666666666,409,152,72,102,511
2013-14,2400,Drew Gooden,32.0,22,395.1016666666667,114,15,7,10,183
2013-14,202779,Dwight Buycks,25.0,14,146.03166666666667,23,10,0,8,43
2013-14,2730,Dwight Howard,28.0,71,2396.411666666667,866,131,128,60,1297
2013-14,2548,Dwyane Wade,32.0,54,1774.6533333333334,241,252,29,79,1028
2013-14,202734,E'Twaun Moore,25.0,79,1505.7283333333332,136,112,13,60,499
2013-14,201947,Earl Clark,26.0,54,768.4383333333334,143,18,25,17,257
2013-14,2248,Earl Watson,35.0,24,160.59333333333333,15,28,1,5,12
2013-14,202334,Ed Davis,25.0,63,956.0833333333334,260,27,43,17,357
2013-14,202327,Ekpe Udoh,27.0,42,803.7833333333333,148,31,44,15,144
2013-14,203548,Elias Harris,24.0,2,11.383333333333333,1,1,0,1,0
2013-14,202343,Elliot Williams,25.0,67,1157.2016666666666,130,72,3,35,404
2013-14,1882,Elton Brand,35.0,73,1413.6583333333333,361,74,88,40,419
2013-14,202683,Enes Freedom,22.0,80,2138.16,598,75,42,28,987
2013-14,202339,Eric Bledsoe,24.0,43,1416.4733333333334,202,235,14,69,763
2013-14,201569,Eric Gordon,25.0,64,2057.2766666666666,165,208,12,74,988
2013-14,201953,Eric Maynor,27.0,31,326.6766666666667,39,52,3,9,82
2013-14,203513,Erik Murphy,23.0,24,62.151666666666664,8,2,4,0,6
2013-14,101141,Ersan Ilyasova,27.0,55,1478.505,342,72,8,46,618
2013-14,203095,Evan Fournier,21.0,76,1503.48,202,112,7,34,638
2013-14,202323,Evan Turner,25.0,81,2456.9616666666666,408,262,7,67,1131
2013-14,101128,Francisco Garcia,32.0,55,1083.25,122,63,33,27,315
2013-14,203539,Gal Mekel,26.0,31,291.69166666666666,27,63,1,4,73
2013-14,202066,Garrett Temple,28.0,75,638.075,68,72,11,35,138
2013-14,202390,Gary Neal,29.0,52,1113.4816666666666,90,83,0,18,548
2013-14,201588,George Hill,28.0,76,2433.6883333333335,283,265,23,75,781
2013-14,101123,Gerald Green,28.0,82,2329.8783333333336,275,122,42,70,1295
2013-14,201945,Gerald Henderson,26.0,77,2460.6233333333334,310,199,32,51,1081
2013-14,2222,Gerald Wallace,31.0,58,1416.22,212,143,14,73,298
2013-14,203507,Giannis Antetokounmpo,19.0,77,1896.8083333333334,339,150,61,60,525
2013-14,203540,Gigi Datome,26.0,34,237.54666666666665,46,11,1,6,83
2013-14,201175,Glen Davis,28.0,68,1661.88,351,77,29,58,641
2013-14,203318,Glen Rice,23.0,11,108.63,20,7,1,6,32
2013-14,201609,Goran Dragic,28.0,76,2667.9933333333333,245,447,22,104,1542
2013-14,202330,Gordon Hayward,24.0,77,2799.635,391,400,40,110,1248
2013-14,203476,Gorgui Dieng,24.0,60,817.8233333333334,300,39,50,30,286
2013-14,202328,Greg Monroe,24.0,82,2689.4483333333333,760,171,47,91,1249
2013-14,201141,Greg Oden,26.0,23,212.145,54,1,13,7,67
2013-14,202962,Greg Smith,23.0,11,100.295,27,0,2,1,38
2013-14,201880,Greg Stiemsma,28.0,55,1006.5066666666667,226,36,57,35,159
2013-14,202349,Greivis Vasquez,27.0,79,1778.8983333333333,173,323,5,31,758
2013-14,202970,Gustavo Ayon,29.0,26,429.25,125,28,10,25,112
2013-14,202380,Hamady Ndiaye,27.0,14,74.25333333333333,18,3,4,0,6
2013-14,203084,Harrison Barnes,22.0,78,2203.7566666666667,311,116,20,65,738
2013-14,201934,Hasheem Thabeet,27.0,23,192.41333333333333,40,1,9,4,27
2013-14,2045,Hedo Turkoglu,35.0,38,391.885,89,33,10,19,115
2013-14,203156,Henry Sims,24.0,46,875.0333333333333,237,52,20,28,350
2013-14,200756,Hilton Armstrong,29.0,15,96.605,47,5,4,4,25
2013-14,203138,Hollis Thompson,23.0,77,1741.695,247,73,12,53,461
2013-14,203546,Ian Clark,23.0,23,171.59666666666666,19,15,2,8,68
2013-14,101133,Ian Mahinmi,27.0,77,1247.8033333333333,257,24,72,41,272
2013-14,202697,Iman Shumpert,24.0,74,1962.2566666666667,308,129,13,92,495
2013-14,203477,Isaiah Canaan,23.0,22,252.245,24,22,4,8,101
2013-14,202738,Isaiah Thomas,25.0,72,2497.285,210,454,8,93,1465
2013-14,202397,Ish Smith,25.0,70,1006.4666666666667,129,179,13,49,261
2013-14,200826,J.J. Barea,30.0,79,1471.3183333333334,154,303,0,26,660
2013-14,201581,JJ Hickson,25.0,69,1859.445,632,96,51,47,814
2013-14,200755,JJ Redick,30.0,35,987.285,74,78,3,28,532
2013-14,2747,JR Smith,28.0,74,2421.213333333333,296,219,20,65,1071
2013-14,201580,JaVale McGee,26.0,5,79.49,17,2,7,1,35
2013-14,203109,Jae Crowder,23.0,78,1253.5,194,60,21,59,356
2013-14,203479,Jamaal Franklin,22.0,21,161.52333333333334,23,6,2,4,39
2013-14,2224,Jamaal Tinsley,36.0,8,110.2,11,23,0,2,9
2013-14,2037,Jamal Crawford,34.0,69,2094.3016666666667,158,223,12,59,1282
2013-14,2749,Jameer Nelson,32.0,68,2178.983333333333,231,476,5,52,820
2013-14,202341,James Anderson,25.0,80,2309.245,300,149,28,74,810
2013-14,201935,James Harden,24.0,73,2777.46,344,446,29,115,1851
2013-14,201949,James Johnson,27.0,52,956.3166666666667,166,111,57,42,384
2013-14,2592,James Jones,33.0,20,235.72833333333332,23,9,4,3,97
2013-14,203263,James Nunnally,23.0,13,165.45166666666665,19,8,2,6,44
2013-14,203480,James Southerland,24.0,4,29.933333333333334,8,0,2,1,14
2013-14,202686,Jan Vesely,24.0,54,776.3783333333333,191,21,35,53,197
2013-14,2457,Jannero Pargo,34.0,29,241.74833333333333,20,52,1,14,136
2013-14,203099,Jared Cunningham,23.0,13,80.145,6,8,0,3,26
2013-14,201162,Jared Dudley,28.0,74,1728.9716666666666,160,104,10,41,511
2013-14,203096,Jared Sullinger,22.0,74,2041.2316666666666,601,118,49,35,982
2013-14,101127,Jarrett Jack,30.0,80,2252.11,223,324,22,56,760
2013-14,202363,Jarvis Varnado,26.0,24,339.34,63,13,29,10,99
2013-14,2215,Jason Collins,35.0,22,172.10833333333332,19,4,1,8,25
2013-14,101131,Jason Maxiell,31.0,34,488.4716666666667,86,9,20,8,109
2013-14,201160,Jason Smith,28.0,31,830.1033333333334,181,29,29,11,301
2013-14,1891,Jason Terry,36.0,35,570.315,37,56,0,13,159
2013-14,201574,Jason Thompson,27.0,82,2006.6666666666667,527,53,56,32,586
2013-14,202399,Jeff Adrien,28.0,53,961.9283333333333,306,38,36,24,362
2013-14,201965,Jeff Ayres,27.0,73,952.255,258,60,25,13,240
2013-14,201145,Jeff Green,27.0,82,2805.3,380,138,47,57,1382
2013-14,201952,Jeff Teague,26.0,79,2541.9216666666666,208,528,17,89,1304
2013-14,203481,Jeff Withey,24.0,58,684.4133333333333,150,26,50,15,190
2013-14,203106,Jeffery Taylor,25.0,26,629.2033333333334,60,22,5,13,208
2013-14,202379,Jeremy Evans,26.0,66,1209.4066666666668,310,44,46,42,401
2013-14,203087,Jeremy Lamb,22.0,78,1537.855,189,115,26,56,665
2013-14,202391,Jeremy Lin,25.0,71,2054.025,187,294,27,68,890
2013-14,202719,Jeremy Tyler,23.0,41,397.52166666666665,109,8,20,6,146
2013-14,979,Jermaine O'Neal,35.0,44,883.3233333333334,242,25,40,14,349
2013-14,201573,Jerryd Bayless,25.0,72,1685.7433333333333,145,194,9,60,666
2013-14,202690,Jimmer Fredette,25.0,49,518.655,52,64,3,14,273
2013-14,202710,Jimmy Butler III,24.0,67,2590.4933333333333,330,175,36,127,878
2013-14,201149,Joakim Noah,29.0,80,2819.695,900,431,121,99,1007
2013-14,201975,Jodie Meeks,26.0,77,2556.0116666666668,194,138,4,111,1209
2013-14,2207,Joe Johnson,33.0,79,2574.6066666666666,270,216,10,47,1245
2013-14,201202,Joel Anthony,31.0,33,186.135,38,2,12,3,28
2013-14,200777,Joel Freeland,27.0,52,727.2383333333333,208,36,22,10,174
2013-14,203089,John Henson,23.0,70,1856.3733333333332,497,113,116,41,779
2013-14,203098,John Jenkins,23.0,13,157.55666666666667,22,11,1,1,40
2013-14,101249,John Lucas III,31.0,42,591.445,39,42,0,14,159
2013-14,2422,John Salmons,34.0,78,1725.77,163,147,19,47,403
2013-14,202322,John Wall,23.0,82,2979.865,333,721,40,149,1583
2013-14,202720,Jon Leuer,25.0,49,641.6566666666666,158,20,13,18,302
2013-14,201973,Jonas Jerebko,27.0,64,741.085,175,39,6,21,270
2013-14,202685,Jonas Valančiūnas,22.0,81,2282.21,714,57,71,24,916
2013-14,202348,Jordan Crawford,25.0,81,1859.545,183,281,5,47,890
2013-14,200770,Jordan Farmar,27.0,41,912.3166666666667,104,199,8,38,416
2013-14,202706,Jordan Hamilton,23.0,60,1019.6566666666666,194,52,20,44,404
2013-14,201941,Jordan Hill,26.0,72,1499.7583333333334,535,54,64,29,696
2013-14,203268,Jorge Gutierrez,25.0,15,244.03666666666666,22,30,1,10,62
2013-14,101181,Jose Calderon,32.0,81,2468.28,192,377,11,69,925
2013-14,2735,Josh Childress,31.0,4,23.843333333333334,3,2,0,1,0
2013-14,202725,Josh Harrellson,25.0,32,317.37666666666667,76,15,15,6,93
2013-14,201177,Josh McRoberts,27.0,78,2360.048333333333,373,333,46,58,661
2013-14,2694,Josh Powell,31.0,1,19.366666666666667,5,0,1,0,4
2013-14,2746,Josh Smith,28.0,77,2730.2766666666666,520,252,110,105,1264
2013-14,201950,Jrue Holiday,24.0,34,1143.4083333333333,142,268,12,56,487
2013-14,202933,Julyan Stone,25.0,21,120.07333333333334,20,12,0,3,18
2013-14,203120,Justin Hamilton,24.0,8,72.14666666666666,7,0,0,5,26
2013-14,202695,Kawhi Leonard,23.0,66,1922.575,412,133,50,114,844
2013-14,2586,Keith Bogans,34.0,6,55.21333333333333,3,3,0,1,12
2013-14,203482,Kelly Olynyk,23.0,70,1399.955,365,109,27,35,607
2013-14,202689,Kemba Walker,24.0,73,2613.965,306,447,32,86,1289
2013-14,203088,Kendall Marshall,22.0,54,1563.8466666666666,155,477,4,48,430
2013-14,2570,Kendrick Perkins,29.0,62,1206.5866666666666,305,67,32,26,211
2013-14,202702,Kenneth Faried,24.0,80,2178.0733333333333,684,96,69,70,1096
2013-14,203145,Kent Bazemore,24.0,67,911.1516666666666,117,91,13,43,403
2013-14,203484,Kentavious Caldwell-Pope,21.0,80,1582.5133333333333,156,55,12,75,470
2013-14,2030,Kenyon Martin,36.0,32,632.955,134,50,27,25,137
2013-14,201142,Kevin Durant,25.0,81,3121.7066666666665,598,445,59,103,2593
2013-14,708,Kevin Garnett,38.0,54,1108.5533333333333,358,82,40,43,352
2013-14,201567,Kevin Love,25.0,77,2796.5,963,341,35,59,2010
2013-14,2755,Kevin Martin,31.0,68,2176.9183333333335,203,121,6,66,1298
2013-14,202338,Kevin Seraphin,24.0,53,578.425,128,17,26,3,249
2013-14,203114,Khris Middleton,22.0,82,2460.3866666666668,310,169,20,83,990
2013-14,2550,Kirk Hinrich,33.0,73,2116.4066666666668,192,286,26,80,666
2013-14,202691,Klay Thompson,24.0,81,2867.7883333333334,249,181,37,74,1488
2013-14,977,Kobe Bryant,35.0,6,177.28333333333333,26,38,1,7,83
2013-14,201585,Kosta Koufos,25.0,80,1349.365,418,39,71,32,514
2013-14,2743,Kris Humphries,29.0,69,1375.8383333333334,409,67,61,31,579
2013-14,2594,Kyle Korver,33.0,71,2408.4533333333334,282,208,24,70,850
2013-14,200768,Kyle Lowry,28.0,79,2861.951666666667,369,586,15,121,1417
2013-14,203124,Kyle O'Quinn,24.0,69,1188.075,364,78,88,39,429
2013-14,202713,Kyle Singler,26.0,82,2337.415,303,75,38,61,784
2013-14,202681,Kyrie Irving,22.0,71,2495.67,259,433,23,108,1478
2013-14,200746,LaMarcus Aldridge,28.0,69,2498.891666666667,765,178,68,63,1603
2013-14,202362,Lance Stephenson,23.0,78,2752.04,558,359,7,54,1080
2013-14,202498,Lance Thomas,26.0,5,42.23166666666667,7,3,0,0,6
2013-14,202361,Landry Fields,26.0,30,322.195,59,20,3,10,68
2013-14,202336,Larry Sanders,25.0,23,584.4316666666666,165,19,40,18,178
2013-14,202730,Lavoy Allen,25.0,65,1071.4583333333333,311,71,33,24,303
2013-14,2544,LeBron James,29.0,77,2901.87,533,488,26,121,2089
2013-14,2571,Leandro Barbosa,31.0,20,367.605,37,32,4,7,150
2013-14,203485,Lorenzo Brown,23.0,26,223.75,28,41,3,13,64
2013-14,200811,Lou Amundson,31.0,19,184.67,55,6,11,9,38
2013-14,101150,Lou Williams,27.0,60,1444.6516666666666,124,210,4,45,625
2013-14,201601,Luc Mbah a Moute,27.0,64,1003.0233333333333,146,36,14,30,224
2013-14,2449,Luis Scola,34.0,82,1399.125,391,81,16,26,626
2013-14,202337,Luke Babbitt,25.0,27,473.39,88,29,11,7,170
2013-14,2557,Luke Ridnour,33.0,61,1140.5216666666668,97,176,8,32,306
2013-14,2736,Luol Deng,29.0,63,2212.6666666666665,361,183,9,62,1011
2013-14,203146,Maalik Wayns,23.0,2,9.373333333333333,2,2,0,2,2
2013-14,202952,Malcolm Thomas,25.0,8,62.725,21,2,3,0,15
2013-14,202412,Manny Harris,24.0,9,179.705,34,11,1,4,73
2013-14,1938,Manu Ginobili,36.0,68,1550.4516666666666,202,293,17,70,838
2013-14,202705,MarShon Brooks,25.0,35,316.61,54,25,4,14,159
2013-14,201188,Marc Gasol,29.0,59,1970.2316666666666,424,215,76,59,859
2013-14,101162,Marcin Gortat,30.0,81,2654.975,767,138,121,41,1068
2013-14,201158,Marco Belinelli,28.0,80,2015.825,226,179,7,50,911
2013-14,202694,Marcus Morris Sr.,24.0,82,1799.8816666666667,319,88,18,72,796
2013-14,201977,Marcus Thornton,27.0,72,1740.6733333333334,198,77,11,58,703
2013-14,201596,Mario Chalmers,28.0,73,2178.1366666666668,214,357,16,119,716
2013-14,202693,Markieff Morris,24.0,81,2153.1,485,144,51,68,1115
2013-14,203104,Marquis Teague,21.0,40,442.415,40,58,5,10,107
2013-14,201578,Marreese Speights,26.0,79,982.23,290,32,34,10,508
2013-14,101110,Martell Webster,27.0,78,2157.115,222,97,15,41,759
2013-14,101107,Marvin Williams,28.0,66,1673.5816666666667,334,78,31,54,603
2013-14,203486,Mason Plumlee,24.0,70,1274.7616666666668,308,60,55,49,520
2013-14,2440,Matt Barnes,34.0,63,1735.2366666666667,292,125,28,56,625
2013-14,2588,Matt Bonner,34.0,61,690.0433333333333,130,31,11,15,197
2013-14,203521,Matthew Dellavedova,23.0,72,1271.07,123,187,5,33,339
2013-14,203090,Maurice Harkless,21.0,80,1949.6066666666666,264,80,50,97,592
2013-14,2408,Melvin Ely,36.0,2,27.25,1,0,1,0,6
2013-14,1897,Metta World Peace,34.0,29,388.2033333333333,59,17,8,24,139
2013-14,203086,Meyers Leonard,22.0,40,355.21166666666664,111,18,5,7,98
2013-14,201563,Michael Beasley,25.0,55,831.4216666666666,172,42,21,23,436
2013-14,203487,Michael Carter-Williams,22.0,70,2413.9133333333334,437,441,43,130,1167
2013-14,203077,Michael Kidd-Gilchrist,20.0,62,1502.0683333333334,324,52,39,43,448
2013-14,201144,Mike Conley,26.0,73,2445.8783333333336,213,441,13,110,1256
2013-14,2399,Mike Dunleavy,33.0,82,2583.715,345,186,46,64,929
2013-14,200839,Mike Harris,31.0,20,224.78666666666666,33,5,7,16,84
2013-14,2229,Mike James,39.0,11,77.10666666666667,7,17,0,2,11
2013-14,2034,Mike Miller,34.0,82,1706.48,207,130,5,26,579
2013-14,203488,Mike Muscala,22.0,20,214.97,52,7,10,3,76
2013-14,203118,Mike Scott,25.0,80,1481.815,284,75,7,30,767
2013-14,203101,Miles Plumlee,25.0,80,1963.7183333333332,626,43,90,50,646
2013-14,203545,Miroslav Raduljica,26.0,48,464.5466666666667,108,23,13,7,181
2013-14,203141,Mirza Teletovic,28.0,72,1395.5883333333334,266,57,23,29,622
2013-14,2590,Mo Williams,31.0,74,1833.2366666666667,153,321,10,55,721
2013-14,101145,Monta Ellis,28.0,82,3022.555,295,471,23,141,1560
2013-14,201203,Mustafa Shakur,29.0,3,11.483333333333333,0,4,0,0,1
2013-14,201986,Nando De Colo,27.0,47,494.37,73,65,6,22,177
2013-14,101126,Nate Robinson,30.0,44,866.0783333333334,81,112,4,36,457
2013-14,203489,Nate Wolters,23.0,58,1309.3583333333333,149,187,15,35,417
2013-14,1737,Nazr Mohammed,36.0,80,562.4383333333334,175,20,30,14,124
2013-14,203517,Nemanja Nedovic,23.0,24,142.35666666666665,15,13,1,0,26
2013-14,2403,Nene,31.0,53,1560.385,294,153,47,64,754
2013-14,201979,Nick Calathes,25.0,71,1172.575,137,207,8,66,347
2013-14,2555,Nick Collison,33.0,81,1353.1766666666667,293,104,28,30,338
2013-14,201156,Nick Young,29.0,64,1809.4866666666667,166,95,12,46,1144
2013-14,201587,Nicolas Batum,25.0,82,2955.9783333333335,611,420,57,75,1070
2013-14,201593,Nikola Pekovic,28.0,54,1663.4366666666667,468,50,23,30,944
2013-14,202696,Nikola Vučević,23.0,57,1812.265,626,104,47,60,811
2013-14,202708,Norris Cole,25.0,82,2014.34,160,248,5,77,527
2013-14,201564,O.J. Mayo,26.0,52,1346.11,124,113,13,28,608
2013-14,203136,Ognjen Kuzmic,24.0,21,92.46666666666667,21,2,4,3,15
2013-14,201600,Omer Asik,27.0,48,968.0883333333334,378,25,37,14,280
2013-14,201956,Omri Casspi,26.0,71,1282.8333333333333,260,88,14,44,490
2013-14,203111,Orlando Johnson,25.0,45,392.375,55,20,2,6,100
2013-14,201785,Othyus Jeffers,28.0,6,46.70166666666667,9,1,0,0,9
2013-14,203490,Otto Porter Jr.,21.0,37,318.9533333333333,57,10,1,8,78
2013-14,200782,P.J. Tucker,29.0,81,2490.1266666666666,529,141,23,110,760
2013-14,203143,Pablo Prigioni,37.0,66,1282.5233333333333,129,228,2,67,252
2013-14,201976,Patrick Beverley,25.0,56,1750.7,196,151,23,77,573
2013-14,202335,Patrick Patterson,25.0,65,1532.46,342,78,37,55,555
2013-14,201988,Patty Mills,25.0,81,1527.4633333333334,169,149,9,68,826
2013-14,2200,Pau Gasol,33.0,60,1884.2216666666666,580,201,92,27,1041
2013-14,202331,Paul George,24.0,80,2898.3083333333334,542,283,22,151,1737
2013-14,200794,Paul Millsap,29.0,74,2481.6683333333335,627,232,78,129,1328
2013-14,1718,Paul Pierce,36.0,75,2098.0383333333334,348,178,31,86,1010
2013-14,203544,Pero Antic,31.0,50,924.8083333333333,209,58,12,19,352
2013-14,203103,Perry Jones III,22.0,62,764.4866666666667,114,26,19,14,216
2013-14,203491,Peyton Siva,23.0,24,224.34,14,34,1,9,54
2013-14,203515,Phil Pressey,23.0,75,1131.6466666666668,105,241,5,68,213
2013-14,203112,Quincy Acy,23.0,63,847.695,216,28,26,23,171
2013-14,203113,Quincy Miller,21.0,52,789.1016666666667,147,26,32,22,257
2013-14,202347,Quincy Pondexter,26.0,15,270.30833333333334,26,20,1,5,94
2013-14,200765,Rajon Rondo,28.0,30,998.2316666666667,164,294,2,40,350
2013-14,201196,Ramon Sessions,28.0,83,2214.036666666667,203,340,9,49,1021
2013-14,200751,Randy Foye,30.0,81,2484.971666666667,232,287,39,67,1068
2013-14,1740,Rashard Lewis,34.0,60,971.005,110,57,8,53,268
2013-14,2446,Rasual Butler,35.0,50,378.22833333333335,41,17,9,7,136
2013-14,951,Ray Allen,38.0,73,1935.765,205,143,8,54,701
2013-14,203492,Ray McCallum,23.0,45,896.705,79,120,9,22,280
2013-14,101109,Raymond Felton,30.0,65,2017.31,197,365,27,78,630
2013-14,203493,Reggie Bullock Jr.,23.0,43,395.5733333333333,54,12,1,9,115
2013-14,2501,Reggie Evans,34.0,54,898.9816666666667,334,21,3,37,214
2013-14,202704,Reggie Jackson,24.0,80,2277.47,313,331,9,85,1047
2013-14,202130,Reggie Williams,27.0,3,16.683333333333334,0,1,0,1,11
2013-14,2210,Richard Jefferson,34.0,82,2212.5833333333335,219,130,14,56,831
2013-14,203495,Ricky Ledo,21.0,11,33.18,2,2,0,1,19
2013-14,201937,Ricky Rubio,23.0,82,2637.8933333333334,342,704,11,191,781
2013-14,203133,Robbie Hummel,25.0,53,655.1533333333333,132,23,2,16,181
2013-14,203496,Robert Covington,23.0,7,33.83,5,0,0,2,16
2013-14,203135,Robert Sacre,25.0,65,1088.8,254,51,47,24,350
2013-14,201577,Robin Lopez,26.0,82,2603.616666666667,700,73,139,25,908
2013-14,201155,Rodney Stuckey,28.0,73,1950.3833333333334,169,152,10,54,1012
2013-14,2427,Roger Mason Jr.,33.0,25,259.98833333333334,22,19,1,6,74
2013-14,200758,Ronnie Brewer,29.0,24,160.28833333333333,14,10,1,6,7
2013-14,101179,Ronnie Price,31.0,31,376.90833333333336,43,66,2,25,74
2013-14,101142,Ronny Turiaf,31.0,31,605.645,174,24,50,8,149
2013-14,201579,Roy Hibbert,27.0,81,2408.9616666666666,538,91,182,29,871
2013-14,2767,Royal Ivey,32.0,2,4.8,1,0,0,0,0
2013-14,203091,Royce White,23.0,3,8.906666666666666,0,0,0,0,0
2013-14,200752,Rudy Gay,27.0,73,2530.7266666666665,437,209,56,95,1457
2013-14,203497,Rudy Gobert,22.0,45,433.69166666666666,155,7,41,8,104
2013-14,201566,Russell Westbrook,25.0,46,1411.7033333333334,263,319,7,88,1002
2013-14,201583,Ryan Anderson,26.0,22,794.7533333333333,142,17,7,10,436
2013-14,101155,Ryan Gomes,31.0,5,34.25,4,1,0,0,6
2013-14,200797,Ryan Hollins,29.0,61,481.7916666666667,90,8,31,9,141
2013-14,203527,Ryan Kelly,23.0,59,1311.8666666666666,219,95,45,32,472
2013-14,2223,Samuel Dalembert,34.0,80,1613.68,541,38,94,41,529
2013-14,2756,Sasha Vujacic,30.0,2,10.386666666666667,3,0,0,1,5
2013-14,203816,Scotty Hopson,24.0,2,6.766666666666667,0,1,0,1,1
2013-14,201586,Serge Ibaka,24.0,81,2665.9333333333334,709,85,219,39,1227
2013-14,203508,Sergey Karasev,20.0,22,155.82333333333332,16,6,1,3,37
2013-14,203552,Seth Curry,23.0,2,12.916666666666666,1,0,0,2,3
2013-14,203498,Shabazz Muhammad,21.0,37,289.9483333333333,53,6,1,8,143
2013-14,2203,Shane Battier,35.0,73,1467.5833333333333,138,63,39,50,298
2013-14,202197,Shane Edwards,27.0,2,11.766666666666667,2,0,0,0,2
2013-14,203499,Shane Larkin,21.0,48,489.43833333333333,42,71,1,26,132
2013-14,200769,Shannon Brown,28.0,29,251.28666666666666,28,9,0,13,63
2013-14,2733,Shaun Livingston,28.0,76,1974.1433333333334,246,245,31,93,629
2013-14,101183,Shavlik Randolph,30.0,14,94.94833333333334,25,1,1,3,20
2013-14,1890,Shawn Marion,36.0,76,2408.693333333333,497,124,37,90,791
2013-14,200761,Shawne Williams,28.0,36,750.7683333333333,167,30,30,19,202
2013-14,202714,Shelvin Mack,24.0,73,1490.4016666666666,160,271,2,50,544
2013-14,203524,Solomon Hill,23.0,28,225.59,41,12,2,5,47
2013-14,200780,Solomon Jones,29.0,11,85.19833333333334,16,2,2,2,14
2013-14,201150,Spencer Hawes,26.0,80,2469.5833333333335,660,240,94,44,1053
2013-14,201939,Stephen Curry,26.0,78,2845.858333333333,334,666,14,128,1873
2013-14,1536,Stephen Jackson,36.0,9,106.785,10,5,1,6,15
2013-14,2581,Steve Blake,34.0,55,1498.1683333333333,159,307,8,54,378
2013-14,959,Steve Nash,40.0,15,312.61833333333334,29,86,2,7,102
2013-14,200779,Steve Novak,31.0,54,540.375,58,13,4,12,178
2013-14,203500,Steven Adams,20.0,81,1197.3233333333333,332,43,57,40,265
2013-14,201959,Taj Gibson,29.0,82,2351.11,558,91,112,41,1069
2013-14,2419,Tayshaun Prince,34.0,76,1948.375,234,119,19,39,454
2013-14,203093,Terrence Jones,22.0,76,2078.06,528,87,99,53,921
2013-14,203082,Terrence Ross,23.0,81,2159.0916666666667,252,79,27,64,879
2013-14,200757,Thabo Sefolosha,30.0,61,1584.095,220,94,17,79,383
2013-14,201152,Thaddeus Young,26.0,79,2717.6116666666667,476,182,36,167,1417
2013-14,203080,Thomas Robinson,23.0,70,872.975,307,34,20,23,339
2013-14,201168,Tiago Splitter,29.0,59,1271.165,363,90,31,29,483
2013-14,1495,Tim Duncan,38.0,74,2158.1583333333333,721,220,139,43,1119
2013-14,203501,Tim Hardaway Jr.,22.0,81,1875.4783333333332,121,66,7,44,824
2013-14,202389,Timofey Mozgov,27.0,82,1770.04,528,62,100,27,770
2013-14,202699,Tobias Harris,21.0,61,1849.545,424,82,24,41,893
2013-14,201962,Toney Douglas,28.0,51,674.6916666666667,87,68,5,19,202
2013-14,2754,Tony Allen,32.0,55,1278.205,208,94,19,90,495
2013-14,203502,Tony Mitchell,22.0,21,79.12833333333333,26,2,3,6,22
2013-14,203183,Tony Mitchell,24.0,3,9.75,1,1,0,1,6
2013-14,2225,Tony Parker,32.0,68,1996.9283333333333,155,388,9,36,1134
2013-14,203503,Tony Snell,22.0,77,1230.7066666666667,124,68,15,29,346
2013-14,203100,Tony Wroten,21.0,72,1764.6683333333333,228,217,16,78,939
2013-14,203129,Tornike Shengelia,22.0,26,154.80666666666667,16,14,1,3,29
2013-14,203315,Toure' Murry,24.0,51,372.44166666666666,44,49,1,19,140
2013-14,2566,Travis Outlaw,29.0,63,1065.04,168,48,19,20,343
2013-14,2772,Trevor Ariza,28.0,77,2722.54,475,191,20,126,1107
2013-14,202344,Trevor Booker,26.0,72,1553.4216666666666,379,64,45,41,491
2013-14,203504,Trey Burke,21.0,70,2262.43,208,396,6,42,895
2013-14,202684,Tristan Thompson,23.0,82,2593.6116666666667,754,72,35,42,961
2013-14,203584,Troy Daniels,22.0,5,74.8,4,5,0,0,42
2013-14,201951,Ty Lawson,26.0,62,2221.5033333333336,215,543,10,100,1090
2013-14,201946,Tyler Hansbrough,28.0,64,978.03,287,17,19,28,312
2013-14,203092,Tyler Zeller,24.0,70,1049.4083333333333,282,36,38,18,399
2013-14,201936,Tyreke Evans,24.0,72,2027.8416666666667,341,363,21,84,1042
2013-14,203116,Tyshawn Taylor,24.0,23,270.19166666666666,15,36,1,12,89
2013-14,2199,Tyson Chandler,31.0,55,1661.9133333333334,529,59,63,36,480
2013-14,2617,Udonis Haslem,34.0,46,652.87,175,13,15,11,173
2013-14,203505,Vander Blue,21.0,3,14.666666666666666,3,1,0,0,5
2013-14,203139,Viacheslav Kravtsov,26.0,20,59.46666666666667,17,1,1,0,20
2013-14,201964,Victor Claver,25.0,21,183.73833333333334,39,12,3,3,47
2013-14,203506,Victor Oladipo,22.0,80,2486.4933333333333,329,327,37,129,1106
2013-14,1713,Vince Carter,37.0,81,1972.9566666666667,284,212,35,61,967
2013-14,203543,Vitor Faverani,26.0,37,487.615,128,16,27,14,164
2013-14,201961,Wayne Ellington,26.0,45,392.95,43,19,2,16,145
2013-14,202325,Wesley Johnson,26.0,79,2240.0016666666666,348,124,77,86,715
2013-14,202083,Wesley Matthews,27.0,82,2780.26,289,197,14,76,1343
2013-14,203115,Will Barton,23.0,41,386.63666666666666,74,33,7,9,166
2013-14,101198,Will Bynum,31.0,56,1054.1483333333333,99,216,7,39,485
2013-14,2584,Willie Green,32.0,55,869.25,78,50,11,22,273
2013-14,201163,Wilson Chandler,27.0,62,1926.72,294,114,31,46,846
2013-14,202333,Xavier Henry,23.0,43,908.1766666666666,114,51,7,44,432
2013-14,2216,Zach Randolph,32.0,79,2705.005,795,200,23,54,1372
2013-14,2585,Zaza Pachulia,30.0,53,1324.575,333,136,14,45,408
2014-15,201985,AJ Price,28.0,26,323.49,32,46,0,7,133
2014-15,201166,Aaron Brooks,30.0,82,1884.6133333333332,166,261,15,54,954
2014-15,203932,Aaron Gordon,19.0,47,796.925,169,33,22,21,243
2014-15,203940,Adreian Payne,24.0,32,739.6383333333333,162,30,9,19,213
2014-15,201143,Al Horford,29.0,76,2318.1666666666665,544,244,98,68,1156
2014-15,2744,Al Jefferson,30.0,65,1991.7733333333333,548,113,84,47,1082
2014-15,202329,Al-Farouq Aminu,24.0,74,1365.7883333333334,342,59,62,70,412
2014-15,101187,Alan Anderson,32.0,74,1744.2983333333334,204,83,5,56,545
2014-15,202692,Alec Burks,23.0,27,899.0716666666667,114,82,5,17,374
2014-15,203945,Alex Kirk,23.0,5,13.985,1,1,0,0,4
2014-15,203458,Alex Len,22.0,69,1518.0,454,32,105,34,432
2014-15,203144,Alexey Shved,26.0,42,767.24,99,106,6,30,434
2014-15,201582,Alexis Ajinca,27.0,68,956.5366666666666,315,47,51,21,443
2014-15,203459,Allen Crabbe,23.0,51,682.9983333333333,73,39,15,19,168
2014-15,202087,Alonzo Gee,28.0,54,661.4866666666667,94,25,7,35,241
2014-15,2405,Amar'e Stoudemire,32.0,59,1244.375,329,45,38,29,680
2014-15,101161,Amir Johnson,28.0,75,1978.75,456,117,59,44,694
2014-15,2760,Anderson Varejao,32.0,26,635.6016666666667,170,35,16,19,255
2014-15,203958,Andre Dawkins,23.0,4,21.678333333333335,2,1,0,0,3
2014-15,203083,Andre Drummond,21.0,82,2501.858333333333,1104,55,153,73,1130
2014-15,2738,Andre Iguodala,31.0,77,2068.5933333333332,257,228,25,89,604
2014-15,1889,Andre Miller,39.0,81,1253.2716666666668,153,284,6,32,355
2014-15,203460,Andre Roberson,23.0,67,1286.1133333333332,255,70,29,53,228
2014-15,200745,Andrea Bargnani,29.0,29,785.3416666666667,127,46,27,2,430
2014-15,1905,Andrei Kirilenko,34.0,7,36.39666666666667,8,1,0,1,3
2014-15,101106,Andrew Bogut,30.0,67,1582.5333333333333,543,180,113,39,422
2014-15,203094,Andrew Nicholson,25.0,40,492.0966666666667,82,22,12,6,194
2014-15,203952,Andrew Wiggins,20.0,82,2968.7966666666666,374,170,50,86,1387
2014-15,203461,Anthony Bennett,22.0,57,893.825,216,48,16,27,298
2014-15,203076,Anthony Davis,22.0,68,2454.695,696,149,200,100,1656
2014-15,201627,Anthony Morrow,29.0,74,1805.6133333333332,195,60,11,54,790
2014-15,201229,Anthony Tolliver,30.0,76,1432.785,236,59,16,24,482
2014-15,203462,Archie Goodwin,20.0,41,534.8316666666667,74,44,9,18,231
2014-15,202620,Arinze Onuaku,27.0,6,68.25833333333334,21,4,3,1,27
2014-15,203382,Aron Baynes,28.0,70,1122.34,318,35,22,16,461
2014-15,201167,Arron Afflalo,29.0,78,2501.548333333333,247,129,7,41,1035
2014-15,201948,Austin Daye,27.0,34,343.99333333333334,75,17,5,12,129
2014-15,203085,Austin Rivers,22.0,76,1562.99,152,155,14,48,530
2014-15,202340,Avery Bradley,24.0,77,2427.5466666666666,241,135,15,82,1071
2014-15,2732,Ben Gordon,32.0,56,790.3716666666667,63,50,1,14,349
2014-15,203463,Ben McLemore,22.0,82,2670.105,241,140,19,77,996
2014-15,2757,Beno Udrih,32.0,79,1494.4666666666667,143,220,8,46,605
2014-15,203108,Bernard James,30.0,16,157.65333333333334,39,4,15,2,44
2014-15,202687,Bismack Biyombo,22.0,64,1243.1016666666667,407,16,99,18,304
2014-15,201933,Blake Griffin,26.0,67,2355.7883333333334,508,354,35,63,1469
2014-15,202711,Bojan Bogdanovic,26.0,78,1853.8583333333333,213,68,9,34,700
2014-15,2564,Boris Diaw,33.0,81,1984.3,348,233,23,36,708
2014-15,203078,Bradley Beal,22.0,63,2107.4366666666665,241,194,18,76,962
2014-15,201148,Brandan Wright,27.0,75,1448.5733333333333,321,41,94,50,544
2014-15,101138,Brandon Bass,30.0,82,1928.67,398,104,32,41,866
2014-15,203561,Brandon Davies,23.0,27,422.845,83,30,7,18,142
2014-15,201943,Brandon Jennings,25.0,41,1172.8066666666666,104,272,4,44,632
2014-15,202688,Brandon Knight,23.0,63,2035.1916666666666,244,330,10,90,1070
2014-15,201575,Brandon Rush,29.0,33,271.06333333333333,41,12,12,5,30
2014-15,2217,Brendan Haywood,35.0,22,119.03,29,2,10,2,35
2014-15,203148,Brian Roberts,29.0,72,1329.9366666666667,109,162,6,33,480
2014-15,201572,Brook Lopez,27.0,72,2100.275,535,50,126,43,1236
2014-15,203998,Bruno Caboclo,19.0,8,23.416666666666668,2,0,1,0,10
2014-15,203955,Bryce Cotton,22.0,15,159.38666666666666,18,15,0,4,80
2014-15,201228,C.J. Watson,31.0,57,1421.9516666666666,163,208,9,57,570
2014-15,203912,C.J. Wilcox,24.0,21,100.56666666666666,7,8,1,3,41
2014-15,203468,CJ McCollum,23.0,62,973.0983333333334,91,64,8,43,424
2014-15,101139,CJ Miles,28.0,70,1841.0616666666667,214,75,26,60,942
2014-15,203946,Cameron Bairstow,24.0,18,63.531666666666666,8,1,1,2,10
2014-15,201171,Carl Landry,31.0,70,1191.7133333333334,268,26,17,15,503
2014-15,2430,Carlos Boozer,33.0,71,1691.71,482,95,12,41,836
2014-15,2546,Carmelo Anthony,31.0,40,1427.625,264,122,17,40,966
2014-15,2406,Caron Butler,35.0,78,1623.4583333333333,196,79,4,43,460
2014-15,201858,Cartier Martin,30.0,23,198.20666666666668,20,11,1,3,36
2014-15,202718,Chandler Parsons,26.0,66,2186.175,323,161,19,69,1037
2014-15,101112,Channing Frye,32.0,75,1869.7166666666667,293,94,39,47,549
2014-15,101111,Charlie Villanueva,30.0,64,678.1,149,19,22,15,403
2014-15,201978,Chase Budinger,27.0,67,1285.88,198,64,10,44,457
2014-15,2365,Chris Andersen,36.0,60,1131.71,299,43,61,26,320
2014-15,2547,Chris Bosh,31.0,44,1555.965,310,95,25,41,928
2014-15,203142,Chris Copeland,31.0,50,827.485,111,51,11,11,309
2014-15,201604,Chris Douglas-Roberts,28.0,12,102.53833333333333,12,4,0,1,19
2014-15,203187,Chris Johnson,25.0,29,526.765,55,15,7,26,166
2014-15,2549,Chris Kaman,33.0,74,1398.1716666666666,484,65,54,18,638
2014-15,101108,Chris Paul,30.0,82,2857.2433333333333,376,838,15,156,1564
2014-15,101236,Chuck Hayes,32.0,29,255.35166666666666,51,20,4,10,50
2014-15,203921,Cleanthony Early,24.0,39,647.045,97,36,12,24,210
2014-15,203991,Clint Capela,21.0,12,89.63833333333334,36,2,9,1,32
2014-15,203469,Cody Zeller,22.0,62,1486.685,362,100,49,34,472
2014-15,202332,Cole Aldrich,26.0,61,976.2983333333333,338,75,65,37,338
2014-15,201147,Corey Brewer,29.0,80,2087.385,297,173,19,114,917
2014-15,203928,Cory Jefferson,24.0,50,531.1583333333333,145,16,21,10,183
2014-15,202709,Cory Joseph,23.0,79,1443.6883333333333,192,188,17,46,535
2014-15,201584,Courtney Lee,29.0,77,2354.4266666666667,178,151,12,75,777
2014-15,201571,D.J. Augustin,27.0,82,1963.785,161,353,3,49,777
2014-15,2563,Dahntay Jones,34.0,33,123.33,11,2,0,3,21
2014-15,203081,Damian Lillard,24.0,82,2924.565,378,507,21,97,1720
2014-15,204014,Damjan Rudez,29.0,68,1047.395,47,53,5,16,323
2014-15,201568,Danilo Gallinari,26.0,59,1425.8316666666667,218,83,20,47,734
2014-15,101122,Danny Granger,32.0,30,612.7416666666667,80,17,6,13,188
2014-15,201980,Danny Green,28.0,81,2311.4883333333332,343,158,87,101,946
2014-15,201967,Dante Cunningham,28.0,66,1652.185,256,50,37,46,340
2014-15,203957,Dante Exum,19.0,82,1817.05,131,198,14,41,393
2014-15,203121,Darius Miller,25.0,5,43.36666666666667,1,2,0,1,2
2014-15,202721,Darius Morris,24.0,38,299.22833333333335,27,48,0,9,83
2014-15,201589,Darrell Arthur,27.0,58,987.855,171,57,26,48,382
2014-15,201954,Darren Collison,27.0,45,1564.7233333333334,143,252,14,67,725
2014-15,101135,David Lee,32.0,49,904.3733333333333,257,85,26,31,388
2014-15,204065,David Stockton,24.0,3,33.083333333333336,2,9,0,2,8
2014-15,204033,David Wear,24.0,2,6.966666666666667,2,1,0,0,0
2014-15,2561,David West,34.0,66,1895.31,449,223,48,48,769
2014-15,201599,DeAndre Jordan,26.0,82,2820.0416666666665,1226,61,183,81,946
2014-15,201971,DeJuan Blair,26.0,29,180.36833333333334,56,3,1,7,56
2014-15,201942,DeMar DeRozan,25.0,60,2100.2716666666665,277,210,11,73,1204
2014-15,202326,DeMarcus Cousins,24.0,59,2013.1816666666666,747,210,103,90,1421
2014-15,201960,DeMarre Carroll,28.0,70,2188.548333333333,372,118,17,94,883
2014-15,203471,Dennis Schröder,21.0,77,1516.0566666666666,164,317,4,49,768
2014-15,101114,Deron Williams,31.0,68,2114.036666666667,237,448,17,64,884
2014-15,202324,Derrick Favors,23.0,74,2279.61,607,112,123,60,1187
2014-15,201565,Derrick Rose,26.0,51,1529.8816666666667,161,251,16,36,904
2014-15,202682,Derrick Williams,24.0,74,1461.67,202,50,4,34,617
2014-15,2734,Devin Harris,32.0,76,1685.15,135,237,14,78,665
2014-15,203906,Devyn Marble,22.0,16,208.16166666666666,31,17,2,9,37
2014-15,203473,Dewayne Dedmon,25.0,59,845.0616666666666,295,9,50,16,216
2014-15,203079,Dion Waiters,23.0,80,2208.05,192,163,21,90,940
2014-15,1717,Dirk Nowitzki,37.0,77,2281.625,457,143,33,39,1333
2014-15,202388,Donald Sloan,27.0,53,1106.74,143,190,0,23,391
2014-15,202700,Donatas Motiejunas,24.0,71,2036.9683333333332,421,130,34,56,855
2014-15,2748,Dorell Wright,29.0,48,592.4866666666667,111,41,11,20,219
2014-15,203926,Doug McDermott,23.0,36,320.8333333333333,43,6,1,4,109
2014-15,203110,Draymond Green,25.0,79,2489.991666666667,647,291,99,123,921
2014-15,2400,Drew Gooden,33.0,51,863.73,223,49,9,21,277
2014-15,204079,Drew Gordon,24.0,9,71.185,18,2,0,1,17
2014-15,202779,Dwight Buycks,26.0,6,122.72833333333334,12,14,0,3,52
2014-15,2730,Dwight Howard,29.0,41,1222.7733333333333,431,50,53,28,646
2014-15,203939,Dwight Powell,23.0,29,236.35166666666666,50,9,6,9,90
2014-15,2548,Dwyane Wade,33.0,62,1970.8766666666668,219,299,21,73,1331
2014-15,202734,E'Twaun Moore,26.0,56,504.28833333333336,46,33,6,20,149
2014-15,2853,Earl Barron,33.0,16,142.83833333333334,28,5,2,4,32
2014-15,201947,Earl Clark,27.0,10,93.11666666666666,23,3,4,3,27
2014-15,202334,Ed Davis,26.0,79,1840.0333333333333,600,94,98,49,656
2014-15,202327,Ekpe Udoh,28.0,33,128.45,26,8,7,8,29
2014-15,203901,Elfrid Payton,21.0,82,2488.6666666666665,349,533,20,142,731
2014-15,202407,Elijah Millsap,27.0,47,923.5983333333334,150,58,16,56,248
2014-15,202343,Elliot Williams,26.0,13,118.755,8,12,0,4,37
2014-15,1882,Elton Brand,36.0,36,485.67333333333335,100,22,25,17,96
2014-15,202683,Enes Freedom,23.0,75,2135.64,671,55,29,36,1163
2014-15,202339,Eric Bledsoe,25.0,81,2799.5733333333333,423,493,45,127,1377
2014-15,201569,Eric Gordon,26.0,61,2018.1116666666667,159,229,14,50,818
2014-15,203961,Eric Moreland,23.0,3,2.078333333333333,1,0,0,0,2
2014-15,203475,Erick Green,24.0,43,409.8883333333333,31,39,0,12,146
2014-15,101141,Ersan Ilyasova,28.0,58,1319.0066666666667,277,56,19,36,669
2014-15,203095,Evan Fournier,22.0,58,1661.16,153,120,2,40,698
2014-15,202323,Evan Turner,26.0,82,2259.7166666666667,417,449,19,83,779
2014-15,203105,Festus Ezeli,25.0,46,503.625,155,9,42,7,201
2014-15,101128,Francisco Garcia,33.0,14,200.40166666666667,17,15,5,9,45
2014-15,203128,Furkan Aldemir,23.0,41,540.4933333333333,176,28,16,17,93
2014-15,203539,Gal Mekel,27.0,4,43.48166666666667,1,13,0,2,6
2014-15,202066,Garrett Temple,29.0,52,735.48,90,56,9,42,204
2014-15,203914,Gary Harris,20.0,55,718.955,64,29,7,39,188
2014-15,202390,Gary Neal,30.0,54,1192.3266666666666,129,100,1,23,543
2014-15,201588,George Hill,29.0,43,1267.1283333333333,179,220,14,44,692
2014-15,101123,Gerald Green,29.0,74,1446.1833333333334,186,91,12,42,884
2014-15,201945,Gerald Henderson,27.0,80,2315.055,273,206,22,51,969
2014-15,2222,Gerald Wallace,32.0,32,286.1483333333333,57,11,4,15,35
2014-15,203507,Giannis Antetokounmpo,20.0,81,2540.59,542,207,85,73,1030
2014-15,203540,Gigi Datome,27.0,21,209.21833333333333,29,9,7,2,105
2014-15,201175,Glen Davis,29.0,74,904.0383333333333,169,39,21,41,294
2014-15,203318,Glen Rice,24.0,5,42.60333333333333,4,2,0,0,11
2014-15,203922,Glenn Robinson III,21.0,35,260.77166666666665,39,11,1,6,73
2014-15,201609,Goran Dragic,29.0,78,2640.0233333333335,274,350,15,78,1275
2014-15,202330,Gordon Hayward,25.0,76,2617.51,373,313,30,108,1463
2014-15,203476,Gorgui Dieng,25.0,73,2193.028333333333,609,146,126,71,710
2014-15,203511,Grant Jerrett,21.0,8,50.931666666666665,9,3,2,2,16
2014-15,202328,Greg Monroe,25.0,69,2137.1966666666667,704,142,34,78,1098
2014-15,202962,Greg Smith,24.0,42,362.805,79,9,11,7,80
2014-15,201880,Greg Stiemsma,29.0,17,65.60166666666667,15,3,0,2,14
2014-15,202349,Greivis Vasquez,28.0,82,1990.645,216,302,10,46,775
2014-15,203084,Harrison Barnes,23.0,82,2318.3316666666665,453,116,19,61,827
2014-15,202355,Hassan Whiteside,26.0,48,1142.2066666666667,482,6,123,27,564
2014-15,2045,Hedo Turkoglu,36.0,62,704.6083333333333,99,37,7,19,232
2014-15,203156,Henry Sims,25.0,73,1398.6116666666667,359,79,30,39,586
2014-15,201611,Henry Walker,27.0,24,627.5483333333333,82,29,9,24,175
2014-15,203138,Hollis Thompson,24.0,71,1775.97,198,85,26,57,626
2014-15,203546,Ian Clark,24.0,30,192.19166666666666,16,12,3,9,57
2014-15,101133,Ian Mahinmi,28.0,61,1145.8516666666667,356,33,46,30,265
2014-15,202697,Iman Shumpert,25.0,62,1544.63,224,135,16,81,496
2014-15,203477,Isaiah Canaan,24.0,47,937.955,87,98,3,29,432
2014-15,202738,Isaiah Thomas,26.0,67,1726.055,153,284,5,57,1101
2014-15,202397,Ish Smith,26.0,55,831.4566666666667,100,180,6,36,338
2014-15,200826,J.J. Barea,31.0,77,1361.685,134,263,1,33,580
2014-15,201581,JJ Hickson,26.0,73,1411.2733333333333,452,57,35,36,552
2014-15,200755,JJ Redick,31.0,78,2409.0783333333334,167,137,8,39,1277
2014-15,2747,JR Smith,29.0,70,2079.4566666666665,218,195,22,82,847
2014-15,203960,JaKarr Sampson,22.0,74,1131.1833333333334,163,77,26,38,386
2014-15,203210,JaMychal Green,25.0,24,163.93,45,4,5,5,62
2014-15,201580,JaVale McGee,27.0,23,256.02166666666665,61,3,20,2,106
2014-15,203913,Jabari Brown,22.0,19,568.3616666666667,36,40,2,12,227
2014-15,203953,Jabari Parker,20.0,25,738.435,138,42,5,31,308
2014-15,204022,Jack Cooley,24.0,16,87.145,25,1,3,6,27
2014-15,203109,Jae Crowder,24.0,82,1646.6283333333333,293,94,25,72,628
2014-15,203479,Jamaal Franklin,23.0,3,13.178333333333333,2,3,1,0,3
2014-15,2037,Jamal Crawford,35.0,64,1703.0366666666666,124,158,14,59,1010
2014-15,2749,Jameer Nelson,33.0,63,1406.015,146,253,6,47,523
2014-15,203516,James Ennis III,24.0,62,1051.41,176,48,17,25,312
2014-15,201935,James Harden,25.0,81,2980.865,459,565,60,154,2217
2014-15,201949,James Johnson,28.0,70,1369.9533333333334,257,95,70,54,554
2014-15,2592,James Jones,34.0,57,669.3716666666667,62,24,8,13,250
2014-15,203949,James Michael McAdoo,22.0,15,137.17,37,2,9,5,62
2014-15,203923,James Young,19.0,31,332.075,42,13,2,8,105
2014-15,2457,Jannero Pargo,35.0,9,73.185,3,8,0,0,41
2014-15,203099,Jared Cunningham,24.0,19,89.00333333333333,9,10,0,3,35
2014-15,201162,Jared Dudley,29.0,72,1716.7533333333333,220,130,11,72,518
2014-15,203096,Jared Sullinger,23.0,58,1566.3483333333334,441,134,42,44,770
2014-15,203950,Jarnell Stokes,21.0,19,126.14166666666667,34,4,5,5,57
2014-15,101127,Jarrett Jack,31.0,80,2240.8783333333336,245,373,13,75,957
2014-15,101131,Jason Maxiell,32.0,61,877.9033333333333,203,19,44,18,203
2014-15,2202,Jason Richardson,34.0,19,416.46166666666664,66,38,3,13,172
2014-15,201160,Jason Smith,29.0,82,1784.8666666666666,324,140,44,32,656
2014-15,1891,Jason Terry,37.0,77,1641.26,121,147,19,66,541
2014-15,201574,Jason Thompson,28.0,81,1990.995,530,85,57,33,491
2014-15,202399,Jeff Adrien,29.0,17,215.33166666666668,77,15,9,4,60
2014-15,201965,Jeff Ayres,28.0,51,382.77,117,14,8,8,137
2014-15,201145,Jeff Green,28.0,78,2454.7733333333335,328,134,34,53,1168
2014-15,201952,Jeff Teague,27.0,73,2227.8616666666667,184,513,31,125,1162
2014-15,203481,Jeff Withey,25.0,37,258.585,64,11,18,4,98
2014-15,203106,Jeffery Taylor,26.0,29,430.40833333333336,53,22,1,12,127
2014-15,203924,Jerami Grant,21.0,65,1376.5483333333334,198,79,68,40,411
2014-15,202077,Jerel McNeal,28.0,6,36.333333333333336,3,2,1,3,9
2014-15,202379,Jeremy Evans,27.0,38,265.81333333333333,71,13,12,11,90
2014-15,203087,Jeremy Lamb,23.0,47,632.6633333333333,107,44,6,21,295
2014-15,202391,Jeremy Lin,26.0,74,1906.7233333333334,196,339,32,82,832
2014-15,202366,Jerome Jordan,28.0,44,383.00666666666666,105,13,15,8,138
2014-15,203968,Jerrelle Benimon,23.0,2,2.723333333333333,3,0,0,0,0
2014-15,201573,Jerryd Bayless,26.0,77,1717.3783333333333,211,233,12,59,598
2014-15,202690,Jimmer Fredette,26.0,50,508.9633333333333,40,58,2,15,178
2014-15,202710,Jimmy Butler III,25.0,65,2513.4733333333334,379,212,36,114,1301
2014-15,201149,Joakim Noah,30.0,67,2048.645,646,312,74,48,485
2014-15,201975,Jodie Meeks,27.0,60,1462.3716666666667,104,79,6,59,663
2014-15,203925,Joe Harris,23.0,51,492.99,41,26,2,7,136
2014-15,204060,Joe Ingles,27.0,79,1672.6033333333332,175,182,10,72,396
2014-15,2207,Joe Johnson,34.0,80,2790.8733333333334,384,292,14,59,1154
2014-15,201202,Joel Anthony,32.0,49,406.44,93,5,49,12,87
2014-15,200777,Joel Freeland,28.0,48,616.655,191,16,23,9,169
2014-15,201595,Joey Dorsey,31.0,69,854.33,279,25,25,40,184
2014-15,203530,Joffrey Lauvergne,23.0,24,267.9533333333333,77,13,10,8,93
2014-15,203089,John Henson,24.0,67,1228.465,312,59,135,28,470
2014-15,203098,John Jenkins,24.0,24,297.12333333333333,39,13,0,10,135
2014-15,101249,John Lucas III,32.0,21,271.735,16,60,0,8,98
2014-15,2422,John Salmons,35.0,21,269.695,21,13,4,9,42
2014-15,202322,John Wall,24.0,79,2836.5333333333333,366,792,45,138,1387
2014-15,203948,Johnny O'Bryant III,22.0,34,367.62666666666667,64,17,4,5,100
2014-15,202720,Jon Leuer,26.0,63,824.0133333333333,207,46,9,17,286
2014-15,201973,Jonas Jerebko,28.0,75,1230.16,282,71,18,46,448
2014-15,202685,Jonas Valančiūnas,23.0,80,2095.9133333333334,693,39,95,33,963
2014-15,203919,Jordan Adams,20.0,30,248.41833333333332,28,16,7,16,94
2014-15,203903,Jordan Clarkson,23.0,59,1475.8233333333333,191,206,12,51,703
2014-15,200770,Jordan Farmar,28.0,36,529.44,42,67,5,20,167
2014-15,202706,Jordan Hamilton,24.0,14,122.07,16,7,0,2,38
2014-15,201941,Jordan Hill,27.0,70,1874.29,556,103,52,34,841
2014-15,203268,Jorge Gutierrez,26.0,20,174.405,25,22,0,6,53
2014-15,101181,Jose Calderon,33.0,42,1270.2283333333332,124,198,0,31,382
2014-15,201177,Josh McRoberts,28.0,17,295.8933333333333,45,33,3,12,72
2014-15,2746,Josh Smith,29.0,83,2300.5216666666665,530,277,116,87,1027
2014-15,201950,Jrue Holiday,25.0,40,1303.0033333333333,135,274,23,63,592
2014-15,203944,Julius Randle,20.0,1,13.566666666666666,0,0,0,0,2
2014-15,203120,Justin Hamilton,25.0,41,712.5566666666666,134,36,30,27,219
2014-15,203200,Justin Holiday,26.0,59,657.4533333333334,73,48,12,40,254
2014-15,203994,Jusuf Nurkić,20.0,62,1103.2583333333334,382,50,68,52,426
2014-15,203909,KJ McDaniels,22.0,62,1351.895,200,72,70,44,487
2014-15,203564,Kalin Lucas,26.0,1,5.53,0,0,0,1,0
2014-15,202695,Kawhi Leonard,24.0,64,2032.9,461,161,48,148,1057
2014-15,203482,Kelly Olynyk,24.0,64,1423.4466666666667,303,109,39,64,656
2014-15,202689,Kemba Walker,25.0,62,2118.6033333333335,220,318,31,89,1075
2014-15,203088,Kendall Marshall,23.0,28,417.45,28,86,0,21,118
2014-15,2570,Kendrick Perkins,30.0,68,1148.2933333333333,320,51,42,16,246
2014-15,202702,Kenneth Faried,25.0,75,2085.905,668,89,57,62,946
2014-15,203145,Kent Bazemore,25.0,75,1323.49,222,78,33,52,390
2014-15,203484,Kentavious Caldwell-Pope,22.0,82,2586.805,255,109,18,93,1043
2014-15,2030,Kenyon Martin,37.0,11,104.065,19,5,6,5,20
2014-15,201142,Kevin Durant,26.0,27,912.615,178,110,25,24,686
2014-15,708,Kevin Garnett,39.0,47,952.4616666666667,311,77,17,46,323
2014-15,201567,Kevin Love,26.0,75,2531.765,731,168,39,51,1228
2014-15,2755,Kevin Martin,32.0,39,1302.4666666666667,142,89,1,33,779
2014-15,202338,Kevin Seraphin,25.0,79,1235.1366666666668,288,59,59,10,520
2014-15,203114,Khris Middleton,23.0,79,2378.1183333333333,347,182,11,122,1055
2014-15,2550,Kirk Hinrich,34.0,66,1609.9666666666667,121,148,14,46,377
2014-15,202691,Klay Thompson,25.0,77,2454.59,247,222,60,87,1668
2014-15,977,Kobe Bryant,36.0,35,1206.8683333333333,199,197,7,47,782
2014-15,201585,Kosta Koufos,26.0,81,1348.2466666666667,426,37,63,29,419
2014-15,203123,Kostas Papanikolaou,24.0,43,795.43,118,85,13,29,182
2014-15,2743,Kris Humphries,30.0,64,1344.9566666666667,416,57,25,34,509
2014-15,203937,Kyle Anderson,21.0,33,358.08,72,28,7,15,74
2014-15,2594,Kyle Korver,34.0,75,2417.7816666666668,304,196,42,52,911
2014-15,200768,Kyle Lowry,29.0,70,2414.4,328,473,13,109,1244
2014-15,203124,Kyle O'Quinn,25.0,51,823.9066666666666,199,59,39,31,294
2014-15,202713,Kyle Singler,27.0,80,1743.6383333333333,194,85,21,47,480
2014-15,202681,Kyrie Irving,23.0,75,2729.8633333333332,237,389,20,114,1628
2014-15,200746,LaMarcus Aldridge,29.0,71,2511.588333333333,726,124,68,48,1661
2014-15,202362,Lance Stephenson,24.0,61,1573.2383333333332,277,240,8,38,501
2014-15,202498,Lance Thomas,27.0,62,1490.645,195,69,8,37,443
2014-15,202361,Landry Fields,27.0,26,216.47333333333333,26,15,0,11,46
2014-15,204038,Langston Galloway,23.0,45,1457.4033333333334,190,150,12,52,533
2014-15,203580,Larry Drew II,25.0,12,219.10666666666665,15,45,0,6,46
2014-15,202336,Larry Sanders,26.0,27,585.5616666666666,166,23,39,26,196
2014-15,202730,Lavoy Allen,26.0,63,1070.0483333333334,323,73,42,15,315
2014-15,2544,LeBron James,30.0,69,2493.4216666666666,416,511,49,109,1743
2014-15,2571,Leandro Barbosa,32.0,66,982.1566666666666,91,99,8,41,467
2014-15,201991,Lester Hudson,30.0,5,55.553333333333335,8,5,1,6,18
2014-15,203485,Lorenzo Brown,24.0,29,548.6133333333333,70,90,6,28,122
2014-15,200811,Lou Amundson,32.0,53,937.2516666666667,268,70,52,22,259
2014-15,101150,Lou Williams,28.0,80,2015.515,151,164,10,88,1242
2014-15,201601,Luc Mbah a Moute,28.0,67,1916.3766666666668,328,106,21,81,660
2014-15,203512,Lucas Nogueira,22.0,6,23.05,11,1,0,2,6
2014-15,2449,Luis Scola,35.0,81,1659.0633333333333,526,105,18,47,763
2014-15,202337,Luke Babbitt,26.0,63,829.5733333333334,111,24,11,17,256
2014-15,2557,Luke Ridnour,34.0,47,682.925,68,96,4,20,188
2014-15,2736,Luol Deng,30.0,72,2420.556666666667,376,139,22,65,1007
2014-15,202723,Malcolm Lee,25.0,1,2.0166666666666666,0,0,0,0,0
2014-15,202952,Malcolm Thomas,26.0,17,194.28,56,7,1,3,45
2014-15,1938,Manu Ginobili,37.0,70,1586.8683333333333,211,293,20,67,738
2014-15,201188,Marc Gasol,30.0,81,2687.03,630,307,131,70,1413
2014-15,101162,Marcin Gortat,31.0,82,2452.7166666666667,717,97,110,49,1001
2014-15,201158,Marco Belinelli,29.0,62,1388.3433333333332,157,94,3,31,568
2014-15,202694,Marcus Morris Sr.,25.0,81,2045.0033333333333,385,133,16,63,845
2014-15,203935,Marcus Smart,21.0,67,1808.2266666666667,222,208,18,99,523
2014-15,201977,Marcus Thornton,28.0,48,720.5916666666667,86,36,7,27,380
2014-15,201596,Mario Chalmers,29.0,80,2368.358333333333,206,307,10,122,813
2014-15,203900,Markel Brown,23.0,47,781.4166666666666,107,39,12,31,216
2014-15,202693,Markieff Morris,25.0,82,2580.6883333333335,506,192,39,101,1258
2014-15,201578,Marreese Speights,27.0,76,1206.9533333333334,325,72,34,20,791
2014-15,101110,Martell Webster,28.0,32,351.62833333333333,46,17,1,7,106
2014-15,101107,Marvin Williams,29.0,78,2034.6916666666666,386,100,36,69,577
2014-15,203486,Mason Plumlee,25.0,82,1742.62,512,74,63,65,717
2014-15,2440,Matt Barnes,35.0,76,2271.2233333333334,302,114,50,67,764
2014-15,2588,Matt Bonner,35.0,72,935.465,115,47,12,10,264
2014-15,203521,Matthew Dellavedova,24.0,67,1380.2333333333333,126,204,2,24,319
2014-15,203090,Maurice Harkless,22.0,45,674.2233333333334,106,25,9,32,158
2014-15,203086,Meyers Leonard,23.0,55,846.585,250,32,14,10,327
2014-15,201563,Michael Beasley,26.0,24,504.805,89,32,13,15,212
2014-15,203487,Michael Carter-Williams,23.0,66,2149.943333333333,353,442,30,111,966
2014-15,203077,Michael Kidd-Gilchrist,21.0,55,1587.37,416,77,38,30,598
2014-15,201144,Mike Conley,27.0,70,2224.985,209,375,14,89,1107
2014-15,2399,Mike Dunleavy,34.0,63,1837.7966666666666,248,114,21,39,595
2014-15,2034,Mike Miller,35.0,52,701.18,91,46,4,14,109
2014-15,203488,Mike Muscala,23.0,40,502.14,119,25,19,16,197
2014-15,203118,Mike Scott,26.0,68,1123.0566666666666,199,75,3,25,529
2014-15,203101,Miles Plumlee,26.0,73,1194.2366666666667,320,34,66,41,294
2014-15,203545,Miroslav Raduljica,27.0,5,22.75,5,0,0,1,8
2014-15,203141,Mirza Teletovic,29.0,40,892.3683333333333,194,46,16,14,339
2014-15,203956,Mitch McGary,23.0,32,484.935,165,14,16,16,201
2014-15,2590,Mo Williams,32.0,68,1980.1666666666667,174,424,14,46,964
2014-15,101145,Monta Ellis,29.0,80,2699.245,190,329,25,148,1513
2014-15,101126,Nate Robinson,31.0,42,590.9333333333333,50,97,3,20,238
2014-15,203489,Nate Wolters,24.0,21,246.67833333333334,34,21,2,8,42
2014-15,1737,Nazr Mohammed,37.0,23,128.04333333333332,38,3,5,4,27
2014-15,2403,Nene,32.0,67,1693.4733333333334,345,123,22,66,737
2014-15,203457,Nerlens Noel,21.0,75,2311.2366666666667,611,128,142,133,744
2014-15,201979,Nick Calathes,26.0,58,837.9366666666666,106,146,5,63,243
2014-15,2555,Nick Collison,34.0,66,1100.7333333333333,250,90,25,35,273
2014-15,203910,Nick Johnson,22.0,28,262.34833333333336,39,11,3,7,74
2014-15,201156,Nick Young,30.0,42,1000.18,96,41,11,23,563
2014-15,201587,Nicolas Batum,26.0,71,2380.0933333333332,416,341,40,78,664
2014-15,203917,Nik Stauskas,21.0,73,1126.52,88,67,17,20,319
2014-15,202703,Nikola Mirotic,24.0,82,1654.1216666666667,404,97,54,54,833
2014-15,201593,Nikola Pekovic,29.0,31,815.0616666666666,234,27,12,19,386
2014-15,202696,Nikola Vučević,24.0,74,2528.6633333333334,810,147,54,54,1428
2014-15,203943,Noah Vonleh,19.0,25,258.51666666666665,86,4,9,4,83
2014-15,202708,Norris Cole,26.0,75,1831.1083333333333,159,255,15,57,573
2014-15,201564,O.J. Mayo,27.0,71,1697.365,187,197,18,57,806
2014-15,203136,Ognjen Kuzmic,25.0,16,71.73666666666666,17,6,1,2,20
2014-15,201600,Omer Asik,28.0,76,1981.8083333333334,748,72,54,29,557
2014-15,201956,Omri Casspi,27.0,67,1416.3816666666667,260,102,9,31,593
2014-15,203490,Otto Porter Jr.,22.0,74,1432.055,221,65,30,44,445
2014-15,200782,P.J. Tucker,30.0,78,2383.45,502,122,23,107,713
2014-15,203798,PJ Hairston,22.0,45,687.2733333333333,92,21,13,21,254
2014-15,203143,Pablo Prigioni,38.0,67,1196.6283333333333,119,171,1,79,274
2014-15,201976,Patrick Beverley,26.0,56,1726.6783333333333,237,192,23,59,568
2014-15,203565,Patrick Christopher,27.0,4,28.733333333333334,6,0,0,1,6
2014-15,202335,Patrick Patterson,26.0,81,2156.29,433,155,44,60,648
2014-15,201988,Patty Mills,26.0,51,801.33,75,87,2,28,351
2014-15,2200,Pau Gasol,34.0,78,2680.7433333333333,919,210,147,25,1446
2014-15,202331,Paul George,25.0,6,90.91666666666667,22,6,1,5,53
2014-15,200794,Paul Millsap,30.0,73,2389.5333333333333,570,223,69,130,1218
2014-15,1718,Paul Pierce,37.0,73,1913.665,294,144,24,46,868
2014-15,203544,Pero Antic,32.0,63,1037.2133333333334,189,49,14,18,356
2014-15,203103,Perry Jones III,23.0,43,631.1616666666666,76,18,8,17,184
2014-15,203515,Phil Pressey,24.0,50,600.1483333333333,80,117,6,30,177
2014-15,203112,Quincy Acy,24.0,68,1287.0816666666667,301,68,22,27,398
2014-15,203113,Quincy Miller,22.0,10,119.73166666666667,20,8,5,7,29
2014-15,202347,Quincy Pondexter,27.0,75,1793.4766666666667,195,94,24,19,538
2014-15,200765,Rajon Rondo,29.0,68,2018.8216666666667,373,538,7,91,608
2014-15,201196,Ramon Sessions,29.0,64,1188.0733333333333,144,182,0,29,402
2014-15,200751,Randy Foye,31.0,50,1086.48,85,119,11,34,435
2014-15,2446,Rasual Butler,36.0,75,1504.6316666666667,197,63,22,29,580
2014-15,203492,Ray McCallum,24.0,68,1435.7916666666667,180,188,11,45,503
2014-15,101109,Raymond Felton,31.0,29,281.39,26,41,4,11,108
2014-15,203493,Reggie Bullock Jr.,24.0,36,337.88166666666666,50,8,4,10,69
2014-15,2501,Reggie Evans,35.0,47,763.8416666666667,299,32,5,22,176
2014-15,202704,Reggie Jackson,25.0,77,2268.2433333333333,327,462,9,62,1117
2014-15,202130,Reggie Williams,28.0,20,105.065,17,10,0,1,37
2014-15,2210,Richard Jefferson,35.0,74,1244.1483333333333,183,61,11,32,432
2014-15,203495,Ricky Ledo,22.0,17,244.04166666666666,36,19,1,6,90
2014-15,201937,Ricky Rubio,24.0,22,692.1266666666667,125,193,1,38,226
2014-15,203133,Robbie Hummel,26.0,45,741.79,134,27,9,16,198
2014-15,203496,Robert Covington,24.0,70,1955.9216666666666,316,105,31,97,943
2014-15,203135,Robert Sacre,26.0,67,1133.3183333333334,233,55,43,28,307
2014-15,201577,Robin Lopez,27.0,59,1637.8583333333333,394,55,84,16,566
2014-15,203918,Rodney Hood,22.0,50,1064.38,117,83,12,30,433
2014-15,201155,Rodney Stuckey,29.0,71,1873.5033333333333,248,219,10,56,896
2014-15,101179,Ronnie Price,32.0,43,982.0733333333334,69,165,4,67,221
2014-15,101142,Ronny Turiaf,32.0,2,19.366666666666667,1,2,0,0,0
2014-15,201579,Roy Hibbert,28.0,76,1926.425,540,84,125,18,802
2014-15,200752,Rudy Gay,28.0,68,2408.2483333333334,399,250,41,71,1432
2014-15,203497,Rudy Gobert,23.0,82,2158.425,775,109,189,64,686
2014-15,203893,Russ Smith,24.0,12,65.06666666666666,6,8,0,3,30
2014-15,201566,Russell Westbrook,26.0,67,2301.8233333333333,488,574,14,140,1886
2014-15,201583,Ryan Anderson,27.0,61,1674.66,295,55,20,33,833
2014-15,200797,Ryan Hollins,30.0,46,441.0783333333333,103,14,19,6,137
2014-15,203527,Ryan Kelly,24.0,52,1233.2366666666667,146,92,24,30,332
2014-15,2223,Samuel Dalembert,35.0,32,543.5833333333334,168,29,41,14,128
2014-15,203930,Sean Kilpatrick,25.0,4,71.515,6,4,0,3,22
2014-15,2742,Sebastian Telfair,30.0,16,327.0833333333333,30,45,0,10,134
2014-15,201586,Serge Ibaka,25.0,64,2115.785,499,55,155,30,917
2014-15,203508,Sergey Karasev,21.0,33,555.2233333333334,66,46,1,23,153
2014-15,203552,Seth Curry,24.0,2,7.8,2,1,0,0,0
2014-15,203498,Shabazz Muhammad,22.0,38,865.6233333333333,154,44,7,18,512
2014-15,203894,Shabazz Napier,23.0,51,1011.58,113,130,4,40,261
2014-15,203499,Shane Larkin,22.0,76,1864.575,176,226,9,93,470
2014-15,200769,Shannon Brown,29.0,5,88.76,1,3,0,4,20
2014-15,2733,Shaun Livingston,29.0,78,1468.2283333333332,183,259,20,49,461
2014-15,101183,Shavlik Randolph,31.0,21,126.24666666666667,38,4,3,5,24
2014-15,1890,Shawn Marion,37.0,57,1100.8383333333334,202,51,27,27,276
2014-15,200761,Shawne Williams,29.0,63,1086.6966666666667,166,44,21,25,341
2014-15,203963,Shayne Whittington,24.0,20,108.16166666666666,29,6,2,5,57
2014-15,202714,Shelvin Mack,25.0,55,832.7683333333333,79,155,2,30,299
2014-15,204021,Sim Bhullar,22.0,3,2.685,1,1,1,0,2
2014-15,203524,Solomon Hill,24.0,82,2380.963333333333,314,184,18,66,729
2014-15,203915,Spencer Dinwiddie,22.0,34,455.26166666666666,48,104,6,19,145
2014-15,201150,Spencer Hawes,27.0,73,1274.02,258,88,53,24,425
2014-15,201939,Stephen Curry,27.0,80,2613.2,341,619,16,163,1900
2014-15,2581,Steve Blake,35.0,81,1529.1816666666666,137,288,5,41,350
2014-15,200779,Steve Novak,32.0,35,197.145,22,11,2,0,63
2014-15,203500,Steven Adams,21.0,70,1770.55,523,66,86,38,537
2014-15,203933,T.J. Warren,21.0,40,614.13,85,25,9,18,245
2014-15,201959,Taj Gibson,30.0,62,1691.9033333333334,396,71,75,36,640
2014-15,204028,Tarik Black,23.0,63,1195.3133333333333,368,42,24,19,379
2014-15,2419,Tayshaun Prince,35.0,58,1396.7416666666666,210,93,16,29,434
2014-15,203093,Terrence Jones,23.0,33,889.4716666666667,220,36,59,18,386
2014-15,203082,Terrence Ross,24.0,82,2091.7683333333334,226,86,25,53,807
2014-15,200757,Thabo Sefolosha,31.0,52,975.6566666666666,223,75,21,53,278
2014-15,201152,Thaddeus Young,27.0,76,2433.9816666666666,411,173,25,124,1071
2014-15,203080,Thomas Robinson,24.0,54,797.7066666666667,303,33,20,32,308
2014-15,201168,Tiago Splitter,30.0,52,1029.815,252,78,37,35,428
2014-15,1495,Tim Duncan,39.0,77,2226.8016666666667,704,230,151,63,1070
2014-15,204025,Tim Frazier,24.0,11,239.49833333333333,28,60,0,8,57
2014-15,203501,Tim Hardaway Jr.,23.0,70,1681.2633333333333,156,127,14,20,804
2014-15,202389,Timofey Mozgov,28.0,81,2045.53,591,55,97,33,785
2014-15,202699,Tobias Harris,22.0,68,2369.1366666666668,430,124,36,69,1164
2014-15,201962,Toney Douglas,29.0,12,176.56666666666666,22,24,4,11,51
2014-15,2754,Tony Allen,33.0,63,1647.6983333333333,280,86,30,129,539
2014-15,2225,Tony Parker,33.0,68,1952.615,129,335,2,44,976
2014-15,203503,Tony Snell,23.0,72,1412.1583333333333,176,62,11,32,435
2014-15,203100,Tony Wroten,22.0,30,894.57,86,157,8,48,507
2014-15,203315,Toure' Murry,25.0,5,18.125,1,1,0,1,6
2014-15,204037,Travis Wear,24.0,51,671.9933333333333,106,40,11,15,199
2014-15,2772,Trevor Ariza,29.0,82,2930.12,459,209,17,152,1048
2014-15,202344,Trevor Booker,27.0,79,1563.8333333333333,397,83,41,43,567
2014-15,203504,Trey Burke,22.0,76,2287.8416666666667,204,328,15,65,973
2014-15,202684,Tristan Thompson,24.0,82,2193.9383333333335,657,39,61,34,693
2014-15,203584,Troy Daniels,23.0,47,397.39666666666665,33,22,1,6,176
2014-15,201951,Ty Lawson,27.0,75,2665.411666666667,234,720,9,92,1143
2014-15,203898,Tyler Ennis,20.0,33,411.42333333333335,35,73,5,18,121
2014-15,201946,Tyler Hansbrough,29.0,74,1057.6,265,21,15,30,270
2014-15,204020,Tyler Johnson,23.0,32,602.9966666666667,81,42,9,33,190
2014-15,203092,Tyler Zeller,25.0,82,1730.775,465,113,52,18,833
2014-15,201936,Tyreke Evans,25.0,79,2689.8166666666666,416,521,37,100,1313
2014-15,200748,Tyrus Thomas,28.0,2,6.516666666666667,0,1,0,0,4
2014-15,2199,Tyson Chandler,32.0,75,2285.84,864,84,91,42,771
2014-15,2617,Udonis Haslem,35.0,62,994.8116666666666,258,46,13,21,261
2014-15,203505,Vander Blue,22.0,2,73.71666666666667,9,8,0,3,22
2014-15,201964,Victor Claver,26.0,10,75.98333333333333,20,1,1,1,24
2014-15,203506,Victor Oladipo,23.0,72,2572.7883333333334,302,295,19,120,1292
2014-15,1713,Vince Carter,38.0,66,1091.2433333333333,133,79,14,43,384
2014-15,201961,Wayne Ellington,27.0,65,1674.6383333333333,210,105,2,33,650
2014-15,202325,Wesley Johnson,27.0,76,2244.5633333333335,319,124,45,59,753
2014-15,202083,Wesley Matthews,28.0,60,2024.1716666666666,222,139,10,77,956
2014-15,203115,Will Barton,24.0,58,983.8633333333333,162,81,19,48,397
2014-15,101198,Will Bynum,32.0,7,66.68666666666667,6,18,1,1,22
2014-15,203805,Will Cherry,24.0,8,69.42166666666667,5,8,1,6,15
2014-15,2584,Willie Green,33.0,52,951.1966666666667,79,68,5,26,306
2014-15,201163,Wilson Chandler,28.0,78,2471.1516666666666,475,134,29,58,1085
2014-15,202333,Xavier Henry,24.0,9,85.56666666666666,4,3,0,3,20
2014-15,203897,Zach LaVine,20.0,77,1901.7216666666666,214,276,10,54,778
2014-15,2216,Zach Randolph,33.0,71,2303.59,747,153,14,69,1143
2014-15,2585,Zaza Pachulia,31.0,73,1729.6666666666667,500,178,21,80,606
2014-15,204054,Zoran Dragic,26.0,16,75.22333333333333,8,5,0,2,28
2015-16,201166,Aaron Brooks,31.0,69,1107.71,101,180,10,30,491
2015-16,203932,Aaron Gordon,20.0,78,1863.12,507,128,55,59,719
2015-16,1626151,Aaron Harrison,21.0,21,93.3,15,2,0,6,18
2015-16,203940,Adreian Payne,25.0,52,485.59,111,29,11,16,132
2015-16,201143,Al Horford,30.0,82,2631.181666666667,596,263,121,68,1249
2015-16,2744,Al Jefferson,31.0,47,1096.4383333333333,301,70,41,30,562
2015-16,202329,Al-Farouq Aminu,25.0,82,2340.8883333333333,499,138,53,72,839
2015-16,101187,Alan Anderson,33.0,13,192.18333333333334,27,14,1,4,65
2015-16,1626210,Alan Williams,23.0,10,68.15,38,5,5,4,29
2015-16,202692,Alec Burks,24.0,31,797.2733333333333,109,63,4,18,412
2015-16,203458,Alex Len,23.0,78,1820.795,594,97,62,38,703
2015-16,1627293,Alex Stepheson,28.0,8,72.15166666666667,28,2,5,1,22
2015-16,201582,Alexis Ajinca,28.0,59,860.715,269,31,36,19,352
2015-16,203459,Allen Crabbe,24.0,81,2104.9583333333335,216,99,16,63,832
2015-16,202087,Alonzo Gee,29.0,73,1632.0016666666668,245,72,13,63,325
2015-16,2405,Amar'e Stoudemire,33.0,52,762.3016666666666,222,27,41,18,300
2015-16,101161,Amir Johnson,29.0,79,1800.1283333333333,505,138,83,52,577
2015-16,2760,Anderson Varejao,33.0,53,495.6066666666667,141,35,10,16,138
2015-16,203083,Andre Drummond,22.0,81,2665.4666666666667,1198,67,112,119,1314
2015-16,2738,Andre Iguodala,32.0,65,1731.6416666666667,263,219,19,73,457
2015-16,1889,Andre Miller,40.0,39,461.19,51,87,0,16,144
2015-16,203460,Andre Roberson,24.0,70,1553.2916666666667,251,47,42,53,337
2015-16,200745,Andrea Bargnani,30.0,46,633.66,97,18,9,4,304
2015-16,101106,Andrew Bogut,31.0,70,1451.26,492,162,114,33,375
2015-16,202726,Andrew Goudelock,27.0,8,49.708333333333336,2,4,2,6,22
2015-16,203094,Andrew Nicholson,26.0,56,822.7716666666666,201,25,22,10,384
2015-16,203952,Andrew Wiggins,21.0,81,2844.59,291,164,46,78,1675
2015-16,203461,Anthony Bennett,23.0,19,84.24666666666667,23,0,0,5,28
2015-16,1626148,Anthony Brown,23.0,29,598.6666666666666,70,19,5,14,115
2015-16,203076,Anthony Davis,23.0,61,2164.26,627,116,125,78,1481
2015-16,201627,Anthony Morrow,30.0,68,926.4316666666666,62,24,5,22,380
2015-16,201229,Anthony Tolliver,31.0,72,1340.61,229,52,16,26,383
2015-16,203462,Archie Goodwin,21.0,57,1113.7783333333334,142,118,13,27,505
2015-16,203382,Aron Baynes,29.0,81,1232.9466666666667,384,51,52,21,514
2015-16,201167,Arron Afflalo,30.0,71,2370.923333333333,266,144,10,25,909
2015-16,203085,Austin Rivers,23.0,67,1463.775,130,99,9,48,593
2015-16,202340,Avery Bradley,25.0,76,2536.1233333333334,220,158,19,117,1155
2015-16,1626253,Axel Toupane,23.0,21,305.425,31,15,6,7,76
2015-16,203463,Ben McLemore,23.0,68,1442.7833333333333,148,79,10,52,531
2015-16,2757,Beno Udrih,33.0,44,707.6533333333333,72,116,1,14,205
2015-16,202687,Bismack Biyombo,23.0,82,1807.8433333333332,655,29,133,19,454
2015-16,201933,Blake Griffin,27.0,35,1170.2816666666668,294,170,17,28,749
2015-16,1626246,Boban Marjanovic,27.0,54,507.805,194,21,23,12,297
2015-16,1626171,Bobby Portis,21.0,62,1102.08,337,52,22,25,436
2015-16,202711,Bojan Bogdanovic,27.0,79,2114.6283333333336,255,99,5,29,887
2015-16,2564,Boris Diaw,34.0,76,1385.53,233,176,21,26,485
2015-16,203078,Bradley Beal,23.0,55,1708.245,188,162,11,54,958
2015-16,201148,Brandan Wright,28.0,12,212.12333333333333,43,6,15,5,83
2015-16,1626183,Branden Dawson,23.0,6,28.865,4,0,1,0,5
2015-16,101138,Brandon Bass,31.0,66,1342.4116666666666,285,74,55,33,473
2015-16,201943,Brandon Jennings,26.0,48,867.505,96,170,7,29,332
2015-16,202688,Brandon Knight,24.0,52,1870.3866666666668,202,263,20,61,1018
2015-16,201575,Brandon Rush,30.0,72,1054.7416666666666,181,57,23,20,305
2015-16,203148,Brian Roberts,30.0,51,470.14666666666665,41,54,2,10,205
2015-16,1627362,Briante Weber,23.0,7,168.655,25,21,3,9,31
2015-16,201572,Brook Lopez,28.0,73,2456.548333333333,573,146,124,58,1501
2015-16,203998,Bruno Caboclo,20.0,6,42.68333333333333,2,1,1,2,3
2015-16,203955,Bryce Cotton,23.0,8,38.75833333333333,0,3,0,3,8
2015-16,1626214,Bryce Dejean-Jones,23.0,14,278.5566666666667,48,15,2,10,79
2015-16,201228,C.J. Watson,32.0,33,655.7033333333334,66,88,5,19,142
2015-16,203912,C.J. Wilcox,25.0,23,166.81833333333333,12,10,2,10,70
2015-16,203468,CJ McCollum,24.0,80,2779.7616666666668,259,341,23,97,1666
2015-16,101139,CJ Miles,29.0,64,1463.6066666666666,175,63,29,53,753
2015-16,203946,Cameron Bairstow,25.0,18,102.6,28,6,3,2,34
2015-16,1626166,Cameron Payne,21.0,57,697.6133333333333,85,108,6,36,283
2015-16,201171,Carl Landry,32.0,36,569.39,146,32,9,12,351
2015-16,2546,Carmelo Anthony,32.0,72,2529.8,556,299,38,62,1573
2015-16,2406,Caron Butler,36.0,17,175.66833333333332,22,10,1,9,63
2015-16,202718,Chandler Parsons,27.0,61,1799.39,285,169,21,46,837
2015-16,101112,Channing Frye,33.0,70,1199.4066666666668,234,71,28,29,425
2015-16,101111,Charlie Villanueva,31.0,62,665.0366666666666,152,24,15,18,319
2015-16,201978,Chase Budinger,28.0,66,929.7166666666667,150,64,10,32,271
2015-16,2365,Chris Andersen,37.0,27,402.5316666666667,98,12,13,15,105
2015-16,2547,Chris Bosh,32.0,53,1777.9183333333333,390,128,34,36,1010
2015-16,203142,Chris Copeland,32.0,24,155.93,10,11,0,2,50
2015-16,203187,Chris Johnson,26.0,70,856.855,132,45,20,32,205
2015-16,2549,Chris Kaman,34.0,16,111.76666666666667,24,11,1,1,44
2015-16,1626191,Chris McCullough,21.0,24,362.385,68,9,12,28,112
2015-16,101108,Chris Paul,31.0,74,2420.2383333333332,310,738,13,152,1446
2015-16,1626174,Christian Wood,20.0,17,144.79833333333335,38,3,7,5,61
2015-16,101236,Chuck Hayes,33.0,2,23.833333333333332,8,2,0,0,4
2015-16,203921,Cleanthony Early,25.0,17,153.82333333333332,26,6,3,2,31
2015-16,1626146,Cliff Alexander,20.0,8,35.958333333333336,6,0,2,1,10
2015-16,203991,Clint Capela,22.0,77,1470.71,494,47,92,59,542
2015-16,203469,Cody Zeller,23.0,73,1773.7316666666666,455,71,63,57,638
2015-16,202332,Cole Aldrich,27.0,60,799.6366666666667,288,50,68,47,328
2015-16,201147,Corey Brewer,30.0,82,1668.8833333333334,199,109,19,84,590
2015-16,203928,Cory Jefferson,25.0,8,50.06333333333333,16,0,1,0,22
2015-16,202709,Cory Joseph,24.0,80,2046.4016666666666,210,250,20,63,677
2015-16,1626262,Coty Clarke,23.0,3,5.801666666666667,1,0,0,0,6
2015-16,201584,Courtney Lee,30.0,79,2334.4733333333334,205,136,28,85,761
2015-16,1626245,Cristiano Felicio,23.0,31,320.7033333333333,102,26,13,6,105
2015-16,1626156,D'Angelo Russell,20.0,80,2259.08,274,266,13,93,1054
2015-16,201571,D.J. Augustin,28.0,62,1177.6233333333332,95,198,4,38,467
2015-16,2563,Dahntay Jones,35.0,1,42.35,5,2,2,1,13
2015-16,203081,Damian Lillard,25.0,75,2675.7616666666668,302,512,28,65,1879
2015-16,203996,Damien Inglis,21.0,20,156.35166666666666,31,10,3,6,36
2015-16,204014,Damjan Rudez,30.0,33,277.285,20,11,1,3,75
2015-16,201568,Danilo Gallinari,27.0,53,1838.7066666666667,281,135,19,42,1036
2015-16,201980,Danny Green,29.0,79,2061.525,303,141,64,79,572
2015-16,201967,Dante Cunningham,29.0,80,1970.9483333333333,236,77,33,42,484
2015-16,201589,Darrell Arthur,28.0,70,1515.9916666666666,293,96,48,53,527
2015-16,201954,Darren Collison,28.0,74,2218.846666666667,169,318,4,77,1035
2015-16,1626199,Darrun Hilliard,23.0,38,383.01666666666665,45,27,1,9,152
2015-16,101135,David Lee,33.0,55,902.93,305,84,28,22,427
2015-16,2561,David West,35.0,78,1404.2283333333332,309,143,55,44,554
2015-16,201599,DeAndre Jordan,27.0,77,2597.681666666667,1059,90,177,51,980
2015-16,201971,DeJuan Blair,27.0,29,218.07,57,11,2,8,61
2015-16,201942,DeMar DeRozan,26.0,78,2803.795,349,315,21,81,1830
2015-16,202326,DeMarcus Cousins,25.0,65,2245.835,747,214,92,101,1748
2015-16,201960,DeMarre Carroll,29.0,26,786.4416666666667,122,27,6,44,286
2015-16,1626153,Delon Wright,24.0,27,229.275,37,31,3,8,103
2015-16,203471,Dennis Schröder,22.0,80,1620.9583333333333,204,349,9,70,879
2015-16,101114,Deron Williams,32.0,65,2106.0216666666665,190,378,14,61,918
2015-16,202324,Derrick Favors,24.0,62,1983.2016666666666,503,94,91,74,1016
2015-16,201565,Derrick Rose,27.0,66,2097.423333333333,225,311,14,44,1080
2015-16,202682,Derrick Williams,25.0,80,1434.865,296,75,9,29,746
2015-16,1626164,Devin Booker,19.0,76,2107.665,187,200,20,44,1048
2015-16,2734,Devin Harris,33.0,64,1280.45,138,118,13,60,487
2015-16,203906,Devyn Marble,23.0,28,248.74666666666667,38,12,1,13,60
2015-16,203473,Dewayne Dedmon,26.0,58,704.875,228,13,46,22,255
2015-16,203079,Dion Waiters,24.0,78,2151.6233333333334,202,154,15,81,762
2015-16,1717,Dirk Nowitzki,38.0,75,2363.5066666666667,489,132,52,52,1372
2015-16,202388,Donald Sloan,28.0,61,1317.8033333333333,173,268,4,32,424
2015-16,202700,Donatas Motiejunas,25.0,37,546.6933333333334,109,41,5,17,230
2015-16,203926,Doug McDermott,24.0,81,1860.56,195,59,6,14,764
2015-16,203110,Draymond Green,26.0,81,2807.9983333333334,769,598,113,119,1131
2015-16,2400,Drew Gooden,34.0,30,305.17833333333334,85,13,11,8,82
2015-16,1626251,Duje Dukan,24.0,1,24.233333333333334,4,1,0,1,6
2015-16,2730,Dwight Howard,30.0,71,2279.6633333333334,835,98,113,69,976
2015-16,203939,Dwight Powell,24.0,69,991.6283333333333,273,44,24,36,399
2015-16,2548,Dwyane Wade,34.0,74,2257.995,302,344,42,79,1409
2015-16,202734,E'Twaun Moore,27.0,59,1263.1,133,99,18,37,443
2015-16,202334,Ed Davis,27.0,81,1684.1866666666667,599,88,72,57,526
2015-16,204002,Edy Tavares,24.0,11,72.65,21,3,6,1,25
2015-16,203901,Elfrid Payton,22.0,73,2144.92,261,467,20,89,778
2015-16,202407,Elijah Millsap,28.0,20,172.775,35,19,3,7,36
2015-16,202343,Elliot Williams,27.0,5,45.138333333333335,4,4,0,0,8
2015-16,1882,Elton Brand,37.0,17,224.695,63,18,8,9,70
2015-16,1626144,Emmanuel Mudiay,20.0,68,2067.8866666666668,232,372,35,65,872
2015-16,202683,Enes Freedom,24.0,82,1720.6783333333333,664,33,33,26,1038
2015-16,202339,Eric Bledsoe,26.0,31,1058.7716666666668,125,190,19,63,632
2015-16,201569,Eric Gordon,27.0,45,1481.3516666666667,99,121,14,43,686
2015-16,203961,Eric Moreland,24.0,8,47.583333333333336,11,1,4,0,8
2015-16,203475,Erick Green,25.0,9,42.13333333333333,6,3,0,1,13
2015-16,101141,Ersan Ilyasova,29.0,74,1880.3866666666668,403,67,33,52,767
2015-16,203095,Evan Fournier,23.0,79,2566.088333333333,225,214,2,96,1213
2015-16,202323,Evan Turner,27.0,81,2270.6983333333333,397,359,28,80,854
2015-16,203105,Festus Ezeli,26.0,46,770.1883333333334,257,32,50,18,320
2015-16,1626163,Frank Kaminsky,23.0,81,1707.5733333333333,335,98,43,38,606
2015-16,202066,Garrett Temple,30.0,80,1951.195,212,140,18,69,582
2015-16,203914,Gary Harris,21.0,76,2438.6366666666668,220,147,18,97,932
2015-16,202390,Gary Neal,31.0,40,807.4283333333333,83,47,1,20,390
2015-16,201588,George Hill,30.0,74,2524.4133333333334,298,259,17,83,894
2015-16,101123,Gerald Green,30.0,69,1557.2183333333332,163,56,19,38,616
2015-16,201945,Gerald Henderson,28.0,72,1431.0666666666666,211,75,19,39,624
2015-16,203507,Giannis Antetokounmpo,21.0,80,2823.4133333333334,612,345,113,94,1350
2015-16,203922,Glenn Robinson III,22.0,45,508.1983333333333,68,26,9,17,171
2015-16,201609,Goran Dragic,30.0,72,2362.62,277,419,17,71,1018
2015-16,202330,Gordon Hayward,26.0,80,2892.9566666666665,397,296,27,95,1578
2015-16,203476,Gorgui Dieng,26.0,82,2220.068333333333,585,143,96,94,827
2015-16,202328,Greg Monroe,26.0,79,2314.185,696,178,67,72,1210
2015-16,202962,Greg Smith,25.0,18,191.94,42,6,1,4,43
2015-16,202349,Greivis Vasquez,29.0,23,459.9116666666667,47,91,0,10,130
2015-16,203084,Harrison Barnes,24.0,66,2041.5766666666666,325,117,10,41,774
2015-16,202355,Hassan Whiteside,27.0,73,2125.3566666666666,865,29,269,44,1040
2015-16,203156,Henry Sims,26.0,14,262.87166666666667,72,9,14,9,91
2015-16,203138,Hollis Thompson,25.0,77,2153.85,272,99,24,36,758
2015-16,203546,Ian Clark,25.0,66,578.18,68,64,13,17,236
2015-16,101133,Ian Mahinmi,29.0,71,1815.7633333333333,507,104,75,65,660
2015-16,202697,Iman Shumpert,26.0,54,1316.33,203,92,19,54,311
2015-16,203477,Isaiah Canaan,25.0,77,1965.8483333333334,174,137,12,56,846
2015-16,202738,Isaiah Thomas,27.0,82,2644.403333333333,243,509,9,91,1823
2015-16,202397,Ish Smith,27.0,77,2238.81,305,502,24,88,972
2015-16,200826,J.J. Barea,32.0,74,1666.9083333333333,152,302,2,26,808
2015-16,201581,JJ Hickson,27.0,35,436.5466666666667,132,23,14,15,206
2015-16,1626266,JJ O'Brien,24.0,2,6.266666666666667,1,0,0,1,0
2015-16,200755,JJ Redick,32.0,75,2096.8316666666665,139,106,5,42,1226
2015-16,2747,JR Smith,30.0,77,2361.9883333333332,217,130,21,81,955
2015-16,203960,JaKarr Sampson,23.0,73,1159.7316666666666,190,46,33,23,374
2015-16,203210,JaMychal Green,26.0,78,1446.12,373,67,33,46,578
2015-16,201580,JaVale McGee,28.0,34,369.78333333333336,133,3,26,5,172
2015-16,203953,Jabari Parker,21.0,76,2407.971666666667,395,130,29,69,1070
2015-16,203109,Jae Crowder,25.0,73,2308.19,373,135,35,126,1038
2015-16,1626143,Jahlil Okafor,20.0,53,1590.565,373,65,61,22,928
2015-16,2037,Jamal Crawford,36.0,79,2126.15,145,183,12,52,1120
2015-16,2749,Jameer Nelson,34.0,39,1035.655,115,190,5,25,299
2015-16,202341,James Anderson,27.0,51,720.9833333333333,86,41,14,21,179
2015-16,203516,James Ennis III,25.0,22,328.515,42,21,5,16,159
2015-16,201935,James Harden,26.0,82,3124.635,501,612,51,139,2376
2015-16,201949,James Johnson,29.0,57,925.7316666666667,126,67,33,29,287
2015-16,2592,James Jones,35.0,48,463.42,50,14,10,11,178
2015-16,203949,James Michael McAdoo,23.0,41,261.525,58,17,8,10,117
2015-16,203923,James Young,20.0,29,198.90166666666667,26,9,1,6,29
2015-16,203099,Jared Cunningham,25.0,44,410.385,38,20,2,14,120
2015-16,201162,Jared Dudley,30.0,81,2097.6716666666666,286,171,18,75,638
2015-16,203096,Jared Sullinger,24.0,81,1914.62,673,187,47,75,834
2015-16,204067,Jarell Eddie,24.0,26,146.76666666666668,23,5,1,5,63
2015-16,1626185,Jarell Martin,22.0,27,379.54,86,15,7,8,153
2015-16,203950,Jarnell Stokes,22.0,7,18.583333333333332,4,1,0,1,7
2015-16,101127,Jarrett Jack,32.0,32,1026.6533333333334,136,236,7,34,411
2015-16,201160,Jason Smith,30.0,76,1180.8616666666667,219,62,65,33,546
2015-16,1891,Jason Terry,38.0,72,1257.7016666666666,79,103,9,47,422
2015-16,201574,Jason Thompson,29.0,47,471.3983333333333,134,29,20,12,147
2015-16,201965,Jeff Ayres,29.0,17,106.61833333333334,22,5,3,0,30
2015-16,201145,Jeff Green,29.0,80,2253.245,332,138,40,58,939
2015-16,201952,Jeff Teague,28.0,79,2254.701666666667,214,470,24,97,1239
2015-16,203481,Jeff Withey,26.0,51,657.885,173,20,53,21,217
2015-16,203924,Jerami Grant,22.0,77,2066.3333333333335,361,135,127,54,749
2015-16,202379,Jeremy Evans,28.0,30,251.40833333333333,54,2,9,6,71
2015-16,203087,Jeremy Lamb,24.0,66,1227.255,252,77,30,42,580
2015-16,202391,Jeremy Lin,27.0,78,2047.555,253,235,42,58,914
2015-16,1626170,Jerian Grant,23.0,76,1264.7733333333333,143,177,10,50,426
2015-16,201573,Jerryd Bayless,27.0,52,1504.8183333333334,141,163,11,47,541
2015-16,202690,Jimmer Fredette,27.0,6,17.558333333333334,0,1,0,1,9
2015-16,202710,Jimmy Butler III,26.0,67,2473.625,358,321,43,110,1399
2015-16,201149,Joakim Noah,31.0,29,635.4233333333333,255,110,29,18,124
2015-16,201975,Jodie Meeks,28.0,3,43.486666666666665,5,3,0,0,22
2015-16,203925,Joe Harris,24.0,5,15.103333333333333,3,2,0,0,3
2015-16,204060,Joe Ingles,28.0,81,1241.0966666666666,151,96,4,55,342
2015-16,2207,Joe Johnson,35.0,81,2703.3,292,318,4,61,992
2015-16,1626202,Joe Young,24.0,41,383.5133333333333,50,65,0,15,154
2015-16,201202,Joel Anthony,33.0,19,95.70333333333333,21,1,12,2,18
2015-16,203530,Joffrey Lauvergne,24.0,59,1041.2433333333333,290,56,15,13,465
2015-16,203089,John Henson,25.0,57,959.4733333333334,221,54,109,18,397
2015-16,203098,John Jenkins,25.0,43,480.30333333333334,57,35,1,8,178
2015-16,202322,John Wall,25.0,77,2784.015,379,789,59,145,1531
2015-16,203948,Johnny O'Bryant III,23.0,66,857.085,176,32,8,18,200
2015-16,202720,Jon Leuer,27.0,67,1255.3183333333334,373,72,30,38,567
2015-16,201973,Jonas Jerebko,29.0,78,1176.4966666666667,288,62,24,20,340
2015-16,202685,Jonas Valančiūnas,24.0,60,1556.9216666666666,547,42,80,25,768
2015-16,203613,Jonathon Simmons,26.0,55,812.83,96,58,5,24,331
2015-16,203919,Jordan Adams,21.0,2,14.666666666666666,2,3,0,3,7
2015-16,203903,Jordan Clarkson,24.0,79,2552.435,313,192,7,88,1225
2015-16,200770,Jordan Farmar,29.0,12,291.29333333333335,25,37,2,15,110
2015-16,202706,Jordan Hamilton,25.0,11,303.675,62,25,3,8,125
2015-16,201941,Jordan Hill,28.0,73,1512.6666666666667,451,87,37,36,645
2015-16,203895,Jordan McRae,25.0,22,195.95166666666665,20,25,1,3,99
2015-16,1626175,Jordan Mickey,21.0,16,57.178333333333335,13,1,11,0,21
2015-16,203268,Jorge Gutierrez,27.0,12,63.3,7,17,0,3,22
2015-16,101181,Jose Calderon,34.0,72,2023.8383333333334,229,298,7,63,544
2015-16,203962,Josh Huestis,24.0,5,54.983333333333334,10,0,2,1,14
2015-16,201177,Josh McRoberts,29.0,42,594.6933333333334,105,81,7,18,150
2015-16,1626196,Josh Richardson,22.0,52,1106.95,107,73,25,36,341
2015-16,2746,Josh Smith,30.0,55,879.9733333333334,192,90,47,34,332
2015-16,201950,Jrue Holiday,26.0,65,1830.8816666666667,195,391,22,88,1089
2015-16,203944,Julius Randle,21.0,81,2286.1966666666667,829,144,29,53,919
2015-16,1626147,Justin Anderson,22.0,55,646.8766666666667,132,29,25,19,208
2015-16,202712,Justin Harper,26.0,5,35.083333333333336,1,0,0,1,13
2015-16,203200,Justin Holiday,27.0,53,772.5866666666667,90,56,19,32,239
2015-16,1626159,Justise Winslow,20.0,78,2232.135,403,118,26,68,502
2015-16,203994,Jusuf Nurkić,21.0,32,547.075,175,40,44,24,263
2015-16,203909,KJ McDaniels,23.0,37,235.32333333333332,42,10,6,7,89
2015-16,1626157,Karl-Anthony Towns,20.0,82,2626.485,858,161,138,58,1503
2015-16,202695,Kawhi Leonard,25.0,72,2379.5633333333335,493,186,71,128,1523
2015-16,203951,Keith Appling,24.0,5,26.85,1,1,0,1,6
2015-16,203482,Kelly Olynyk,25.0,69,1394.8466666666666,281,105,33,52,687
2015-16,1626162,Kelly Oubre Jr.,20.0,63,671.3816666666667,133,13,7,22,236
2015-16,202689,Kemba Walker,26.0,81,2885.15,357,421,39,126,1689
2015-16,203088,Kendall Marshall,24.0,30,399.64666666666665,28,73,2,16,111
2015-16,2570,Kendrick Perkins,31.0,37,542.0416666666666,128,31,11,11,91
2015-16,202702,Kenneth Faried,26.0,67,1694.4516666666666,581,79,60,32,835
2015-16,203145,Kent Bazemore,26.0,75,2082.7966666666666,379,171,38,98,872
2015-16,203484,Kentavious Caldwell-Pope,23.0,76,2788.7316666666666,282,138,17,110,1105
2015-16,201142,Kevin Durant,27.0,72,2577.62,589,361,85,69,2029
2015-16,708,Kevin Garnett,40.0,38,555.675,150,62,10,28,122
2015-16,201567,Kevin Love,27.0,77,2424.395,762,185,41,58,1234
2015-16,2755,Kevin Martin,33.0,55,1094.98,110,58,3,26,514
2015-16,202338,Kevin Seraphin,26.0,48,526.4883333333333,126,47,36,8,187
2015-16,1626172,Kevon Looney,20.0,5,20.598333333333333,10,0,0,0,9
2015-16,203114,Khris Middleton,24.0,79,2852.0,302,331,19,131,1434
2015-16,2550,Kirk Hinrich,35.0,46,630.9983333333333,70,73,2,15,137
2015-16,202691,Klay Thompson,26.0,80,2666.415,306,166,49,60,1771
2015-16,977,Kobe Bryant,37.0,66,1863.3233333333333,247,184,13,62,1161
2015-16,201585,Kosta Koufos,27.0,78,1482.4,423,33,70,40,529
2015-16,203123,Kostas Papanikolaou,25.0,26,294.015,40,16,5,13,67
2015-16,2743,Kris Humphries,31.0,53,834.7133333333334,218,36,23,16,343
2015-16,204001,Kristaps Porziņģis,20.0,72,2046.4616666666666,526,94,134,53,1028
2015-16,203937,Kyle Anderson,22.0,78,1245.0616666666667,244,123,29,60,350
2015-16,2594,Kyle Korver,35.0,80,2400.665,260,164,35,60,739
2015-16,200768,Kyle Lowry,30.0,77,2851.155,365,494,34,158,1634
2015-16,203124,Kyle O'Quinn,26.0,65,764.2883333333333,250,72,49,20,309
2015-16,202713,Kyle Singler,28.0,68,977.1183333333333,141,24,9,30,231
2015-16,202681,Kyrie Irving,24.0,53,1667.3733333333332,157,250,18,56,1041
2015-16,200746,LaMarcus Aldridge,30.0,74,2260.86,632,110,81,38,1331
2015-16,203934,Lamar Patterson,24.0,35,394.9,50,39,2,9,84
2015-16,202362,Lance Stephenson,25.0,69,1372.3066666666666,223,133,9,43,573
2015-16,202498,Lance Thomas,28.0,59,1313.39,131,53,7,22,484
2015-16,204038,Langston Galloway,24.0,82,2033.2983333333334,288,207,22,77,625
2015-16,1626204,Larry Nance Jr.,23.0,63,1265.715,312,44,23,54,349
2015-16,202730,Lavoy Allen,27.0,79,1598.8066666666666,424,76,42,26,428
2015-16,2544,LeBron James,31.0,76,2708.5783333333334,565,514,49,104,1920
2015-16,2571,Leandro Barbosa,33.0,68,1079.205,117,82,10,44,433
2015-16,203485,Lorenzo Brown,25.0,8,60.733333333333334,7,11,1,3,20
2015-16,200811,Lou Amundson,33.0,29,204.435,49,12,7,6,52
2015-16,101150,Lou Williams,29.0,67,1906.7116666666666,169,167,19,62,1028
2015-16,201601,Luc Mbah a Moute,29.0,75,1273.835,171,30,19,44,231
2015-16,203512,Lucas Nogueira,23.0,29,224.73,46,7,12,12,65
2015-16,1626242,Luis Montero,23.0,12,42.03666666666667,4,1,0,0,14
2015-16,2449,Luis Scola,36.0,76,1636.195,360,66,27,46,664
2015-16,202337,Luke Babbitt,27.0,47,845.0833333333334,148,53,7,11,327
2015-16,2736,Luol Deng,31.0,74,2393.9183333333335,443,140,29,74,911
2015-16,1938,Manu Ginobili,38.0,58,1134.1016666666667,146,177,11,66,555
2015-16,201188,Marc Gasol,31.0,52,1791.045,362,196,70,50,861
2015-16,1626273,Marcelo Huertas,33.0,53,868.8166666666667,90,182,7,26,237
2015-16,101162,Marcin Gortat,32.0,75,2255.9166666666665,741,106,96,47,1012
2015-16,201158,Marco Belinelli,30.0,68,1671.6816666666666,117,127,2,37,696
2015-16,202694,Marcus Morris Sr.,26.0,80,2856.451666666667,404,201,23,67,1131
2015-16,203935,Marcus Smart,22.0,61,1666.805,255,185,18,91,558
2015-16,201977,Marcus Thornton,29.0,61,1108.0783333333334,150,84,4,47,590
2015-16,201596,Mario Chalmers,30.0,61,1372.7666666666667,157,230,13,88,628
2015-16,1626209,Mario Hezonja,21.0,79,1412.8533333333332,176,109,17,39,478
2015-16,203900,Markel Brown,24.0,62,982.3516666666667,122,91,15,38,363
2015-16,202693,Markieff Morris,26.0,64,1628.875,352,124,34,58,765
2015-16,201578,Marreese Speights,28.0,72,832.4166666666666,239,61,34,19,512
2015-16,101107,Marvin Williams,30.0,81,2338.165,521,110,77,58,948
2015-16,203486,Mason Plumlee,26.0,82,2083.5133333333333,628,226,85,68,749
2015-16,2440,Matt Barnes,36.0,76,2190.153333333333,420,163,57,78,758
2015-16,2588,Matt Bonner,36.0,30,205.91166666666666,27,9,1,6,76
2015-16,203521,Matthew Dellavedova,25.0,76,1867.3333333333333,162,337,9,44,569
2015-16,203090,Maurice Harkless,23.0,78,1457.045,280,67,35,49,498
2015-16,1897,Metta World Peace,36.0,35,589.8766666666667,89,27,11,22,176
2015-16,203086,Meyers Leonard,24.0,61,1332.5933333333332,314,92,18,8,511
2015-16,201563,Michael Beasley,27.0,20,362.58666666666664,98,16,9,11,255
2015-16,203487,Michael Carter-Williams,24.0,54,1649.3033333333333,276,281,41,80,623
2015-16,203077,Michael Kidd-Gilchrist,22.0,7,204.74166666666667,45,9,3,3,89
2015-16,201144,Mike Conley,28.0,56,1760.5116666666668,164,342,16,67,857
2015-16,2399,Mike Dunleavy,35.0,31,702.6366666666667,83,39,10,14,222
2015-16,2034,Mike Miller,36.0,47,372.96,53,40,4,13,63
2015-16,203488,Mike Muscala,24.0,60,564.8916666666667,117,34,27,13,195
2015-16,203118,Mike Scott,27.0,75,1146.2233333333334,206,78,17,25,464
2015-16,203101,Miles Plumlee,27.0,61,869.8966666666666,232,16,50,21,314
2015-16,203141,Mirza Teletovic,30.0,79,1685.4766666666667,302,89,21,32,965
2015-16,203956,Mitch McGary,24.0,20,72.45,18,3,2,1,26
2015-16,2590,Mo Williams,33.0,41,747.7783333333333,72,98,5,14,338
2015-16,101145,Monta Ellis,30.0,81,2733.9683333333332,271,383,37,150,1121
2015-16,1626149,Montrezl Harrell,22.0,39,378.6116666666667,65,17,11,11,140
2015-16,1626167,Myles Turner,20.0,60,1367.185,332,41,86,25,619
2015-16,101126,Nate Robinson,32.0,2,23.296666666666667,0,4,0,1,0
2015-16,1737,Nazr Mohammed,38.0,5,19.458333333333332,4,0,0,0,8
2015-16,202357,Nemanja Bjelica,28.0,60,1074.8033333333333,210,82,21,26,308
2015-16,2403,Nene,33.0,57,1093.91,259,97,26,54,525
2015-16,203457,Nerlens Noel,22.0,67,1965.245,542,122,100,118,747
2015-16,2555,Nick Collison,35.0,59,699.2783333333333,171,52,16,15,123
2015-16,201156,Nick Young,31.0,54,1033.41,97,34,7,23,392
2015-16,201587,Nicolas Batum,27.0,70,2447.56,428,403,43,65,1046
2015-16,203917,Nik Stauskas,22.0,73,1809.05,183,138,20,44,617
2015-16,203999,Nikola Jokić,21.0,80,1732.5516666666667,560,189,50,79,796
2015-16,202703,Nikola Mirotic,25.0,66,1646.11,362,100,46,58,777
2015-16,201593,Nikola Pekovic,30.0,12,156.315,21,11,0,1,54
2015-16,202696,Nikola Vučević,25.0,65,2036.8216666666667,576,179,70,53,1181
2015-16,203943,Noah Vonleh,20.0,78,1173.4933333333333,305,30,26,27,283
2015-16,1626181,Norman Powell,23.0,49,725.2266666666667,111,47,10,29,273
2015-16,202708,Norris Cole,27.0,45,1198.3133333333333,151,167,5,37,477
2015-16,201564,O.J. Mayo,28.0,41,1089.6766666666667,105,118,8,48,321
2015-16,201600,Omer Asik,29.0,68,1178.1733333333334,414,26,23,21,269
2015-16,201956,Omri Casspi,28.0,69,1880.405,410,95,17,56,813
2015-16,203111,Orlando Johnson,27.0,7,101.71,15,2,3,3,26
2015-16,203490,Otto Porter Jr.,23.0,75,2275.8733333333334,391,120,32,105,871
2015-16,200782,P.J. Tucker,31.0,82,2539.5983333333334,512,177,20,106,652
2015-16,203798,PJ Hairston,23.0,66,1313.12,174,38,11,32,410
2015-16,203143,Pablo Prigioni,39.0,59,822.6366666666667,114,130,1,53,145
2015-16,1626192,Pat Connaughton,23.0,34,143.46666666666667,32,10,0,2,36
2015-16,201976,Patrick Beverley,27.0,71,2040.6483333333333,250,239,26,94,700
2015-16,202335,Patrick Patterson,27.0,79,2019.5583333333334,342,94,32,53,543
2015-16,201988,Patty Mills,27.0,81,1662.06,158,226,6,59,690
2015-16,2200,Pau Gasol,35.0,72,2291.358333333333,793,294,146,42,1187
2015-16,202331,Paul George,26.0,81,2818.9333333333334,563,329,29,152,1874
2015-16,200794,Paul Millsap,31.0,81,2646.9166666666665,732,265,139,147,1385
2015-16,1718,Paul Pierce,38.0,68,1230.6133333333332,186,71,17,33,417
2015-16,203515,Phil Pressey,25.0,23,283.4433333333333,31,75,4,18,77
2015-16,203112,Quincy Acy,25.0,59,875.8933333333333,188,27,24,29,307
2015-16,1626154,RJ Hunter,22.0,36,314.5683333333333,37,13,4,14,97
2015-16,200765,Rajon Rondo,30.0,72,2536.6883333333335,435,839,10,141,859
2015-16,1626176,Rakeem Christmas,24.0,1,6.1,1,0,0,0,4
2015-16,201196,Ramon Sessions,30.0,82,1667.035,203,239,5,46,810
2015-16,200751,Randy Foye,32.0,81,1641.505,156,161,29,39,474
2015-16,1626173,Rashad Vaughn,19.0,70,1000.6933333333334,88,39,16,29,217
2015-16,2446,Rasual Butler,37.0,46,431.51166666666666,56,24,23,13,124
2015-16,203526,Raul Neto,24.0,81,1498.6016666666667,120,174,2,62,476
2015-16,203492,Ray McCallum,25.0,41,474.38166666666666,47,60,7,12,137
2015-16,101109,Raymond Felton,32.0,80,2191.995,258,284,15,68,763
2015-16,203493,Reggie Bullock Jr.,25.0,37,428.845,68,27,2,10,122
2015-16,202704,Reggie Jackson,26.0,79,2424.2116666666666,253,492,11,59,1489
2015-16,2210,Richard Jefferson,36.0,74,1325.625,128,59,14,33,410
2015-16,1626158,Richaun Holmes,22.0,51,702.0016666666667,135,33,40,19,287
2015-16,201937,Ricky Rubio,25.0,76,2322.62,326,658,10,162,766
2015-16,203496,Robert Covington,25.0,67,1903.0533333333333,419,97,40,105,858
2015-16,203135,Robert Sacre,27.0,25,320.09,72,14,10,4,87
2015-16,201577,Robin Lopez,28.0,82,2218.94,602,114,129,16,842
2015-16,203918,Rodney Hood,23.0,79,2541.016666666667,267,213,16,73,1149
2015-16,201155,Rodney Stuckey,30.0,58,1275.4633333333334,156,142,8,43,517
2015-16,1626178,Rondae Hollis-Jefferson,21.0,29,615.4566666666667,154,43,16,39,167
2015-16,101179,Ronnie Price,33.0,62,1211.1833333333334,99,147,13,74,331
2015-16,201579,Roy Hibbert,29.0,81,1877.87,398,95,110,32,481
2015-16,200752,Rudy Gay,29.0,70,2378.71,456,120,51,100,1204
2015-16,203497,Rudy Gobert,24.0,61,1932.0733333333333,668,91,135,45,557
2015-16,203893,Russ Smith,25.0,15,66.185,9,11,1,5,23
2015-16,201566,Russell Westbrook,27.0,80,2749.4683333333332,626,834,20,163,1878
2015-16,201583,Ryan Anderson,28.0,66,2008.13,396,73,25,38,1124
2015-16,200797,Ryan Hollins,31.0,37,459.67333333333335,98,10,21,6,124
2015-16,203527,Ryan Kelly,25.0,36,469.8066666666667,121,20,10,13,152
2015-16,1626257,Salah Mejri,30.0,34,397.23,123,10,36,8,125
2015-16,1626155,Sam Dekker,22.0,3,6.148333333333333,1,0,0,1,0
2015-16,201619,Sasha Kaun,31.0,25,95.395,26,3,5,4,23
2015-16,2756,Sasha Vujacic,32.0,61,908.3916666666667,149,84,5,34,296
2015-16,203930,Sean Kilpatrick,26.0,31,616.175,56,29,2,12,345
2015-16,201586,Serge Ibaka,26.0,78,2500.2933333333335,533,66,148,38,983
2015-16,203508,Sergey Karasev,22.0,40,399.42333333333335,58,35,2,6,97
2015-16,203552,Seth Curry,25.0,44,691.7433333333333,60,67,3,22,299
2015-16,203498,Shabazz Muhammad,23.0,82,1681.985,267,52,7,24,863
2015-16,203894,Shabazz Napier,24.0,55,599.865,55,97,1,23,203
2015-16,203499,Shane Larkin,23.0,78,1750.6516666666666,180,342,12,95,566
2015-16,2733,Shaun Livingston,30.0,78,1519.5333333333333,169,237,27,57,488
2015-16,203963,Shayne Whittington,25.0,7,40.71666666666667,12,3,1,1,11
2015-16,202714,Shelvin Mack,26.0,52,1057.9366666666667,128,187,3,34,448
2015-16,203524,Solomon Hill,25.0,59,866.1666666666666,166,57,11,37,246
2015-16,201603,Sonny Weems,29.0,43,498.355,53,49,1,10,107
2015-16,203915,Spencer Dinwiddie,23.0,12,159.23,17,22,0,3,58
2015-16,201150,Spencer Hawes,28.0,57,1035.0033333333333,244,109,27,22,340
2015-16,1626169,Stanley Johnson,20.0,73,1687.0716666666667,306,118,12,55,593
2015-16,201939,Stephen Curry,28.0,79,2699.975,430,527,15,169,2375
2015-16,2581,Steve Blake,36.0,58,986.4,89,200,5,24,254
2015-16,200779,Steve Novak,33.0,10,44.288333333333334,5,0,0,0,24
2015-16,203500,Steven Adams,22.0,80,2014.3883333333333,533,62,89,42,636
2015-16,204456,T.J. McConnell,24.0,81,1605.9416666666666,250,367,10,95,493
2015-16,203933,T.J. Warren,22.0,47,1070.19,147,44,16,37,515
2015-16,201959,Taj Gibson,31.0,73,1935.5583333333334,504,106,77,47,627
2015-16,204028,Tarik Black,24.0,39,495.59,157,16,18,14,133
2015-16,2419,Tayshaun Prince,36.0,77,1461.5616666666667,147,74,13,36,221
2015-16,203093,Terrence Jones,24.0,50,1044.235,211,41,39,23,434
2015-16,203082,Terrence Ross,25.0,73,1747.3766666666668,185,56,25,54,720
2015-16,1626179,Terry Rozier,22.0,39,311.325,63,37,1,6,72
2015-16,200757,Thabo Sefolosha,32.0,75,1757.665,334,107,37,85,480
2015-16,201152,Thaddeus Young,28.0,73,2407.4183333333335,660,136,37,112,1102
2015-16,203648,Thanasis Antetokounmpo,23.0,2,6.25,1,0,0,0,6
2015-16,203080,Thomas Robinson,25.0,71,916.4483333333334,359,46,36,39,307
2015-16,201168,Tiago Splitter,31.0,36,579.4733333333334,120,30,12,20,201
2015-16,202353,Tibor Pleiss,26.0,12,81.54,15,2,2,1,24
2015-16,1495,Tim Duncan,40.0,61,1536.4266666666667,447,163,78,47,522
2015-16,204025,Tim Frazier,25.0,51,741.255,110,162,2,33,261
2015-16,203501,Tim Hardaway Jr.,24.0,51,864.11,86,51,7,21,326
2015-16,202389,Timofey Mozgov,29.0,76,1325.5883333333334,337,33,57,22,475
2015-16,202699,Tobias Harris,23.0,76,2513.395,510,169,40,65,1116
2015-16,201962,Toney Douglas,30.0,61,1262.2883333333334,143,157,5,70,531
2015-16,2754,Tony Allen,34.0,64,1619.8216666666667,296,70,18,110,535
2015-16,2225,Tony Parker,34.0,72,1980.4416666666666,176,379,11,54,857
2015-16,203503,Tony Snell,24.0,64,1301.0133333333333,199,63,17,16,338
2015-16,203100,Tony Wroten,23.0,8,144.3,21,20,0,3,67
2015-16,2772,Trevor Ariza,31.0,81,2859.1216666666664,366,188,26,160,1025
2015-16,202344,Trevor Booker,28.0,79,1632.0333333333333,452,83,41,59,463
2015-16,203504,Trey Burke,23.0,64,1365.7916666666667,112,148,6,35,679
2015-16,1626168,Trey Lyles,20.0,80,1382.3933333333334,299,59,18,26,488
2015-16,202684,Tristan Thompson,25.0,82,2269.266666666667,738,62,51,38,643
2015-16,203584,Troy Daniels,24.0,43,476.25666666666666,57,21,3,11,242
2015-16,201951,Ty Lawson,28.0,66,1411.1916666666666,120,237,7,53,373
2015-16,203898,Tyler Ennis,21.0,46,654.4783333333334,75,95,1,25,206
2015-16,201946,Tyler Hansbrough,30.0,44,342.65833333333336,89,8,7,12,104
2015-16,204020,Tyler Johnson,24.0,36,862.5566666666666,109,79,14,24,314
2015-16,203092,Tyler Zeller,26.0,60,709.9383333333334,178,29,22,10,364
2015-16,201936,Tyreke Evans,26.0,25,765.335,129,164,8,32,379
2015-16,2199,Tyson Chandler,33.0,66,1617.9133333333334,576,64,44,36,472
2015-16,1626145,Tyus Jones,20.0,37,572.72,47,108,3,31,156
2015-16,2617,Udonis Haslem,36.0,37,259.53833333333336,75,14,2,5,59
2015-16,203506,Victor Oladipo,24.0,72,2379.33,345,282,54,116,1153
2015-16,1713,Vince Carter,39.0,60,1005.3533333333334,146,56,16,38,395
2015-16,201961,Wayne Ellington,28.0,76,1614.9766666666667,174,83,5,48,586
2015-16,202325,Wesley Johnson,28.0,80,1665.8116666666667,248,49,56,89,549
2015-16,202083,Wesley Matthews,29.0,78,2644.3016666666667,238,151,17,78,977
2015-16,203115,Will Barton,25.0,82,2353.3716666666664,476,203,39,71,1178
2015-16,1626161,Willie Cauley-Stein,22.0,66,1411.545,352,37,66,47,463
2015-16,203186,Willie Reed,26.0,39,425.6333333333333,122,10,30,6,182
2015-16,204098,Xavier Munford,24.0,14,244.29333333333332,31,22,3,13,80
2015-16,203897,Zach LaVine,21.0,82,2293.483333333333,228,251,17,69,1150
2015-16,2216,Zach Randolph,34.0,68,2016.405,529,142,13,43,1040
2015-16,2585,Zaza Pachulia,32.0,76,2004.1066666666666,718,128,22,64,650
2016-17,1627773,AJ Hammons,24.0,22,163.23166666666665,36,4,13,1,48
2016-17,201166,Aaron Brooks,32.0,65,893.7316666666667,69,125,9,25,322
2016-17,203932,Aaron Gordon,21.0,80,2297.965,405,150,40,65,1019
2016-17,1626151,Aaron Harrison,22.0,5,16.566666666666666,3,3,0,0,1
2016-17,203940,Adreian Payne,26.0,18,135.27166666666668,33,7,7,8,63
2016-17,201143,Al Horford,31.0,68,2193.2616666666668,465,337,86,52,952
2016-17,2744,Al Jefferson,32.0,66,930.635,278,57,16,19,535
2016-17,202329,Al-Farouq Aminu,26.0,61,1772.9183333333333,451,99,44,60,532
2016-17,101187,Alan Anderson,34.0,30,308.36833333333334,24,11,0,3,86
2016-17,1626210,Alan Williams,24.0,47,707.7133333333334,292,23,32,27,346
2016-17,202692,Alec Burks,25.0,42,653.04,120,30,5,18,283
2016-17,203518,Alex Abrines,23.0,68,1055.1966666666667,86,40,8,37,406
2016-17,203458,Alex Len,24.0,77,1559.5966666666666,510,44,98,38,613
2016-17,1627816,Alex Poythress,23.0,6,156.83333333333334,29,5,2,3,64
2016-17,201582,Alexis Ajinca,29.0,39,584.335,177,12,22,20,207
2016-17,203459,Allen Crabbe,25.0,79,2254.108333333333,226,94,20,54,845
2016-17,202087,Alonzo Gee,30.0,13,89.41666666666667,15,6,1,5,11
2016-17,101161,Amir Johnson,30.0,80,1607.985,366,140,62,51,520
2016-17,2760,Anderson Varejao,34.0,14,91.86166666666666,27,10,3,3,18
2016-17,203083,Andre Drummond,23.0,81,2409.4216666666666,1115,90,89,124,1105
2016-17,2738,Andre Iguodala,33.0,76,1997.5416666666667,304,261,39,76,574
2016-17,203460,Andre Roberson,25.0,79,2375.8366666666666,403,79,79,94,522
2016-17,101106,Andrew Bogut,32.0,27,583.1833333333333,218,49,25,13,79
2016-17,1626150,Andrew Harrison,22.0,72,1473.8733333333332,136,198,21,53,425
2016-17,203094,Andrew Nicholson,27.0,38,341.9916666666667,61,10,6,16,100
2016-17,203952,Andrew Wiggins,22.0,82,3048.3683333333333,328,189,30,82,1933
2016-17,203461,Anthony Bennett,24.0,23,264.15,78,12,3,5,115
2016-17,1626148,Anthony Brown,24.0,11,159.025,33,8,1,5,43
2016-17,203076,Anthony Davis,24.0,75,2707.661666666667,884,157,167,94,2099
2016-17,201627,Anthony Morrow,31.0,49,714.0733333333334,31,25,2,24,271
2016-17,201229,Anthony Tolliver,32.0,65,1476.725,237,77,20,34,461
2016-17,203462,Archie Goodwin,22.0,15,214.14,28,24,5,4,110
2016-17,202620,Arinze Onuaku,29.0,8,28.333333333333332,6,2,1,0,4
2016-17,203382,Aron Baynes,30.0,75,1162.545,333,32,39,17,365
2016-17,201167,Arron Afflalo,31.0,61,1579.815,125,78,6,21,515
2016-17,203085,Austin Rivers,24.0,74,2053.6983333333333,161,204,10,48,889
2016-17,202340,Avery Bradley,26.0,55,1834.49,334,122,11,68,894
2016-17,1626253,Axel Toupane,24.0,4,47.46333333333333,1,0,1,1,11
2016-17,1627791,Ben Bentil,22.0,3,9.866666666666667,2,0,0,0,0
2016-17,203463,Ben McLemore,24.0,61,1176.2383333333332,129,51,6,29,495
2016-17,2757,Beno Udrih,34.0,39,560.18,57,131,0,13,227
2016-17,202687,Bismack Biyombo,24.0,81,1793.415,567,74,91,25,483
2016-17,201933,Blake Griffin,28.0,61,2076.1766666666667,497,300,22,57,1316
2016-17,1626246,Boban Marjanovic,28.0,35,293.27,130,9,12,6,191
2016-17,201628,Bobby Brown,32.0,25,123.03,6,14,0,1,62
2016-17,1626171,Bobby Portis,22.0,64,1000.4516666666667,296,35,11,16,437
2016-17,202711,Bojan Bogdanovic,28.0,81,2082.855,277,111,7,34,1113
2016-17,2564,Boris Diaw,35.0,73,1282.6933333333334,158,170,9,18,338
2016-17,203078,Bradley Beal,24.0,77,2684.0133333333333,240,267,21,83,1779
2016-17,201148,Brandan Wright,29.0,28,446.875,78,15,20,11,189
2016-17,101138,Brandon Bass,32.0,52,576.865,129,21,11,14,292
2016-17,1627742,Brandon Ingram,19.0,79,2279.2616666666668,316,166,36,50,740
2016-17,201943,Brandon Jennings,27.0,81,1801.48,196,395,4,70,577
2016-17,202688,Brandon Knight,25.0,54,1139.7883333333334,118,130,5,27,595
2016-17,201575,Brandon Rush,31.0,47,1029.905,99,45,23,22,197
2016-17,203148,Brian Roberts,31.0,41,416.27166666666665,39,52,1,9,142
2016-17,1627362,Briante Weber,24.0,20,204.97166666666666,26,21,1,12,62
2016-17,1627744,Brice Johnson,23.0,3,9.216666666666667,3,1,1,2,4
2016-17,201572,Brook Lopez,29.0,75,2222.0316666666668,403,176,124,38,1539
2016-17,203998,Bruno Caboclo,21.0,9,40.29833333333333,10,4,1,2,14
2016-17,1627854,Bryn Forbes,23.0,36,284.895,23,23,0,1,94
2016-17,1627741,Buddy Hield,24.0,82,1888.1833333333334,269,121,9,38,866
2016-17,201228,C.J. Watson,33.0,62,1012.5,89,114,2,43,281
2016-17,203912,C.J. Wilcox,26.0,22,107.73,12,12,1,2,21
2016-17,203468,CJ McCollum,25.0,80,2795.58,289,285,42,72,1837
2016-17,101139,CJ Miles,30.0,76,1776.3516666666667,229,48,25,46,815
2016-17,1626166,Cameron Payne,22.0,31,462.06,48,55,4,14,160
2016-17,1627747,Caris LeVert,22.0,57,1236.8666666666666,188,110,8,49,468
2016-17,2546,Carmelo Anthony,33.0,74,2538.08,438,213,34,60,1659
2016-17,202718,Chandler Parsons,28.0,34,674.675,84,55,5,20,210
2016-17,101112,Channing Frye,34.0,74,1397.8316666666667,290,45,37,33,676
2016-17,1626184,Chasson Randle,24.0,26,299.0416666666667,32,34,2,9,137
2016-17,1627767,Cheick Diallo,20.0,17,198.655,73,4,7,4,87
2016-17,1627778,Chinanu Onuaku,20.0,5,51.6,10,3,1,3,14
2016-17,2365,Chris Andersen,38.0,12,113.79333333333334,31,5,7,5,28
2016-17,1626191,Chris McCullough,22.0,16,80.45333333333333,19,2,2,2,36
2016-17,101108,Chris Paul,32.0,61,1920.8233333333333,304,563,8,119,1104
2016-17,1626174,Christian Wood,21.0,13,106.98166666666667,29,2,6,3,35
2016-17,203991,Clint Capela,23.0,65,1551.3016666666667,526,63,79,34,818
2016-17,203469,Cody Zeller,24.0,62,1725.4716666666666,405,99,58,62,639
2016-17,202332,Cole Aldrich,28.0,62,531.045,158,25,23,25,105
2016-17,201147,Corey Brewer,31.0,82,1281.2166666666667,166,97,20,61,371
2016-17,202709,Cory Joseph,25.0,80,2002.7233333333334,235,265,13,66,740
2016-17,201584,Courtney Lee,31.0,77,2459.4133333333334,259,179,24,81,835
2016-17,1626245,Cristiano Felicio,24.0,66,1040.0733333333333,311,40,17,25,316
2016-17,1626156,D'Angelo Russell,21.0,63,1810.5783333333334,221,303,16,87,984
2016-17,201571,D.J. Augustin,29.0,78,1538.255,117,209,1,31,616
2016-17,2563,Dahntay Jones,36.0,1,12.0,2,1,0,0,9
2016-17,1627745,Damian Jones,22.0,10,85.08333333333333,23,0,4,1,19
2016-17,203081,Damian Lillard,26.0,75,2693.075,368,440,20,68,2024
2016-17,204014,Damjan Rudez,31.0,45,313.56,25,20,1,12,82
2016-17,1627849,Daniel Ochefu,23.0,19,74.90333333333334,22,3,0,2,24
2016-17,201568,Danilo Gallinari,28.0,63,2134.0066666666667,325,135,15,40,1145
2016-17,201980,Danny Green,30.0,68,1806.825,224,124,57,70,497
2016-17,201967,Dante Cunningham,30.0,66,1648.5783333333334,277,37,28,39,435
2016-17,203957,Dante Exum,21.0,66,1227.7616666666668,132,111,12,21,412
2016-17,1627863,Danuel House Jr.,24.0,1,0.8266666666666667,1,0,0,0,0
2016-17,203967,Dario Saric,23.0,81,2129.0233333333335,513,182,30,57,1040
2016-17,201589,Darrell Arthur,29.0,41,638.54,112,42,21,19,262
2016-17,201954,Darren Collison,29.0,68,2063.32,152,312,9,67,900
2016-17,1626199,Darrun Hilliard,24.0,39,380.99666666666667,33,33,2,11,127
2016-17,101135,David Lee,34.0,79,1476.9583333333333,441,124,40,31,576
2016-17,1628021,David Nwaba,24.0,20,397.2416666666667,63,14,7,13,120
2016-17,2561,David West,36.0,68,854.08,203,151,48,42,316
2016-17,202722,Davis Bertans,24.0,67,807.5583333333333,98,46,28,20,303
2016-17,201599,DeAndre Jordan,28.0,81,2570.305,1114,96,134,51,1029
2016-17,202732,DeAndre Liggins,29.0,62,776.5633333333334,108,54,14,47,152
2016-17,1627761,DeAndre' Bembry,22.0,38,370.74,59,28,5,8,101
2016-17,201942,DeMar DeRozan,27.0,74,2620.241666666667,386,290,13,78,2020
2016-17,202326,DeMarcus Cousins,26.0,72,2465.3633333333332,794,332,93,100,1942
2016-17,201960,DeMarre Carroll,30.0,72,1881.3833333333334,275,74,27,81,638
2016-17,1627749,Dejounte Murray,20.0,38,321.4816666666667,42,48,6,8,130
2016-17,1626153,Delon Wright,25.0,27,446.44666666666666,48,57,11,27,150
2016-17,1627743,Demetrius Jackson,22.0,5,17.013333333333332,4,3,0,0,10
2016-17,203471,Dennis Schröder,23.0,79,2484.8233333333333,248,499,16,74,1414
2016-17,1627756,Denzel Valentine,23.0,57,976.5283333333333,151,63,7,30,291
2016-17,101114,Deron Williams,33.0,64,1657.3266666666666,147,360,8,31,701
2016-17,202324,Derrick Favors,25.0,50,1185.6116666666667,305,56,40,45,476
2016-17,1627884,Derrick Jones Jr.,20.0,32,545.4,79,12,13,14,168
2016-17,201565,Derrick Rose,28.0,64,2081.825,246,283,17,44,1154
2016-17,202682,Derrick Williams,26.0,50,804.315,130,28,7,14,304
2016-17,1626164,Devin Booker,20.0,78,2730.5533333333333,249,268,21,72,1726
2016-17,2734,Devin Harris,34.0,65,1087.16,127,136,7,43,437
2016-17,203473,Dewayne Dedmon,27.0,76,1329.6883333333333,496,44,61,37,387
2016-17,1627738,Deyonta Davis,20.0,36,238.05,60,2,17,3,58
2016-17,1627754,Diamond Stone,20.0,7,24.255,6,0,1,0,10
2016-17,203079,Dion Waiters,25.0,46,1384.225,153,200,20,42,729
2016-17,1717,Dirk Nowitzki,39.0,54,1424.235,353,82,38,30,769
2016-17,1627734,Domantas Sabonis,21.0,81,1631.4883333333332,288,82,32,39,479
2016-17,202700,Donatas Motiejunas,26.0,34,478.685,101,32,11,18,150
2016-17,1627827,Dorian Finney-Smith,24.0,81,1641.8416666666667,222,67,25,52,350
2016-17,203926,Doug McDermott,25.0,66,1507.7266666666667,179,58,5,13,592
2016-17,1627733,Dragan Bender,19.0,43,573.6433333333333,103,23,22,10,146
2016-17,203110,Draymond Green,27.0,76,2470.8866666666668,599,533,106,154,776
2016-17,2730,Dwight Howard,31.0,74,2198.72,940,104,92,64,1002
2016-17,203939,Dwight Powell,25.0,77,1333.4533333333334,306,49,39,61,516
2016-17,2548,Dwyane Wade,35.0,60,1792.1966666666667,270,228,41,86,1096
2016-17,202734,E'Twaun Moore,28.0,73,1819.6833333333334,152,164,32,50,700
2016-17,202334,Ed Davis,28.0,46,788.995,244,26,22,15,200
2016-17,204002,Edy Tavares,25.0,2,27.6,11,1,6,0,8
2016-17,203901,Elfrid Payton,23.0,82,2412.1716666666666,387,529,40,88,1046
2016-17,202407,Elijah Millsap,29.0,2,23.133333333333333,6,1,0,0,3
2016-17,1626144,Emmanuel Mudiay,21.0,55,1405.5616666666667,178,217,13,41,603
2016-17,202683,Enes Freedom,25.0,72,1532.835,482,67,38,32,1033
2016-17,202339,Eric Bledsoe,27.0,66,2176.2483333333334,320,418,31,91,1390
2016-17,201569,Eric Gordon,28.0,75,2323.465,201,188,41,48,1217
2016-17,101141,Ersan Ilyasova,30.0,82,2142.3983333333335,481,141,23,58,1071
2016-17,203095,Evan Fournier,24.0,68,2233.661666666667,209,202,4,66,1167
2016-17,202323,Evan Turner,28.0,65,1658.56,247,205,24,53,586
2016-17,1626163,Frank Kaminsky,24.0,75,1954.015,336,162,34,46,874
2016-17,1627832,Fred VanVleet,23.0,37,293.81,42,35,3,16,107
2016-17,202066,Garrett Temple,31.0,65,1728.3816666666667,184,168,28,84,506
2016-17,203914,Gary Harris,22.0,57,1782.2883333333334,178,164,8,71,851
2016-17,202390,Gary Neal,32.0,2,18.333333333333332,1,1,0,0,4
2016-17,1627780,Gary Payton II,24.0,6,99.23333333333333,12,13,4,3,20
2016-17,201588,George Hill,31.0,49,1543.9916666666666,167,204,11,50,829
2016-17,1627777,Georges Niang,24.0,23,92.73166666666667,17,5,0,3,21
2016-17,1627834,Georgios Papagiannis,19.0,22,355.01666666666665,86,20,17,3,124
2016-17,101123,Gerald Green,31.0,47,537.8833333333333,84,33,7,9,262
2016-17,201945,Gerald Henderson,29.0,72,1667.1233333333332,185,112,15,40,662
2016-17,203507,Giannis Antetokounmpo,22.0,80,2845.036666666667,700,434,151,131,1832
2016-17,203922,Glenn Robinson III,23.0,69,1426.7066666666667,246,47,20,41,419
2016-17,201609,Goran Dragic,31.0,73,2459.4383333333335,279,423,13,89,1483
2016-17,202330,Gordon Hayward,27.0,73,2515.535,394,252,20,73,1601
2016-17,203476,Gorgui Dieng,27.0,82,2653.215,647,158,95,88,816
2016-17,202328,Greg Monroe,27.0,81,1822.6933333333334,532,187,38,92,951
2016-17,202349,Greivis Vasquez,30.0,3,38.56666666666667,2,5,1,1,7
2016-17,203084,Harrison Barnes,25.0,79,2803.51,394,116,15,65,1518
2016-17,202355,Hassan Whiteside,28.0,77,2513.3766666666666,1088,57,161,57,1309
2016-17,1627740,Henry Ellenson,20.0,19,146.24333333333334,41,7,1,1,60
2016-17,203138,Hollis Thompson,26.0,40,752.1833333333333,112,35,6,20,205
2016-17,203546,Ian Clark,26.0,77,1136.525,121,90,8,39,527
2016-17,101133,Ian Mahinmi,30.0,31,554.8016666666666,150,19,24,33,173
2016-17,202697,Iman Shumpert,27.0,76,1937.2416666666666,218,109,27,62,567
2016-17,203477,Isaiah Canaan,26.0,39,592.1066666666667,50,37,1,22,181
2016-17,1627819,Isaiah Taylor,22.0,4,52.0,3,3,1,1,3
2016-17,202738,Isaiah Thomas,28.0,76,2569.451666666667,204,448,13,70,2199
2016-17,1627785,Isaiah Whitehead,22.0,73,1643.4716666666666,184,192,36,42,543
2016-17,202397,Ish Smith,28.0,81,1955.215,235,418,33,61,758
2016-17,1627826,Ivica Zubac,20.0,38,608.515,159,30,33,14,284
2016-17,200826,J.J. Barea,33.0,35,770.775,84,193,1,14,381
2016-17,200755,JJ Redick,33.0,78,2198.1316666666667,171,110,13,54,1173
2016-17,2747,JR Smith,31.0,41,1187.2216666666666,113,62,11,40,351
2016-17,203210,JaMychal Green,27.0,77,2101.1033333333335,544,84,34,47,689
2016-17,201580,JaVale McGee,29.0,77,739.0983333333334,244,17,67,19,472
2016-17,203953,Jabari Parker,22.0,51,1727.8816666666667,314,142,22,50,1025
2016-17,203109,Jae Crowder,26.0,72,2335.3783333333336,415,155,23,73,999
2016-17,1626143,Jahlil Okafor,21.0,50,1133.9833333333333,240,58,49,20,590
2016-17,1627774,Jake Layman,23.0,35,248.77666666666667,24,11,3,9,78
2016-17,1627751,Jakob Poeltl,21.0,54,626.43,165,12,20,17,165
2016-17,2037,Jamal Crawford,37.0,82,2157.068333333333,129,214,14,61,1008
2016-17,1627750,Jamal Murray,20.0,82,1764.6433333333334,214,170,24,51,811
2016-17,2749,Jameer Nelson,35.0,75,2044.8116666666667,192,385,8,54,687
2016-17,203516,James Ennis III,26.0,64,1500.5583333333334,259,64,19,46,429
2016-17,201935,James Harden,27.0,81,2946.72,659,907,38,121,2356
2016-17,201949,James Johnson,30.0,76,2084.9166666666665,376,276,86,76,975
2016-17,2592,James Jones,36.0,48,380.605,37,14,10,6,132
2016-17,203949,James Michael McAdoo,24.0,52,457.445,91,18,29,18,147
2016-17,203923,James Young,21.0,29,220.10333333333332,26,4,2,10,68
2016-17,201162,Jared Dudley,31.0,64,1362.44,225,121,16,42,434
2016-17,203096,Jared Sullinger,25.0,11,117.73666666666666,27,3,1,4,37
2016-17,204067,Jarell Eddie,25.0,5,62.34166666666667,7,0,0,1,24
2016-17,1626185,Jarell Martin,23.0,42,558.4216666666666,162,8,9,17,165
2016-17,203950,Jarnell Stokes,23.0,2,6.543333333333333,2,2,0,1,3
2016-17,101127,Jarrett Jack,33.0,2,33.083333333333336,0,5,0,2,6
2016-17,1627784,Jarrod Uthoff,24.0,9,114.74666666666667,22,9,4,2,40
2016-17,201160,Jason Smith,31.0,74,1067.7433333333333,258,37,54,21,420
2016-17,1891,Jason Terry,39.0,74,1365.0833333333333,106,98,20,46,307
2016-17,1627759,Jaylen Brown,20.0,78,1341.3266666666666,220,64,18,35,515
2016-17,201145,Jeff Green,30.0,69,1533.745,214,81,13,37,638
2016-17,201952,Jeff Teague,29.0,82,2657.025,330,639,32,100,1254
2016-17,203481,Jeff Withey,27.0,51,432.34833333333336,121,7,32,16,146
2016-17,203924,Jerami Grant,23.0,80,1531.0016666666668,205,46,79,33,437
2016-17,203087,Jeremy Lamb,25.0,62,1142.545,264,75,23,27,603
2016-17,202391,Jeremy Lin,28.0,36,882.5883333333334,135,184,14,42,523
2016-17,1626170,Jerian Grant,24.0,63,1028.43,111,121,8,47,370
2016-17,201573,Jerryd Bayless,28.0,3,71.49,12,13,0,0,33
2016-17,202710,Jimmy Butler III,27.0,76,2808.9566666666665,470,417,32,143,1816
2016-17,201149,Joakim Noah,32.0,46,1014.5816666666667,403,103,37,30,232
2016-17,201975,Jodie Meeks,29.0,36,737.6216666666667,77,45,4,34,327
2016-17,203925,Joe Harris,25.0,52,1138.375,147,54,8,30,428
2016-17,204060,Joe Ingles,29.0,82,1972.1583333333333,261,225,8,96,581
2016-17,2207,Joe Johnson,36.0,78,1842.9283333333333,243,144,18,36,715
2016-17,1626202,Joe Young,25.0,33,135.16333333333333,17,15,0,4,68
2016-17,201202,Joel Anthony,34.0,19,121.965,31,3,6,2,25
2016-17,1627762,Joel Bolomboy,23.0,12,52.53333333333333,17,2,2,1,22
2016-17,203954,Joel Embiid,23.0,31,786.06,243,66,76,27,627
2016-17,203530,Joffrey Lauvergne,25.0,70,980.105,251,70,6,25,375
2016-17,203089,John Henson,26.0,58,1122.5266666666666,295,57,78,29,392
2016-17,203098,John Jenkins,26.0,4,12.933333333333334,1,1,0,0,7
2016-17,101249,John Lucas III,34.0,5,10.68,0,1,0,2,2
2016-17,202322,John Wall,26.0,78,2835.483333333333,326,831,49,157,1805
2016-17,203948,Johnny O'Bryant III,24.0,11,80.65166666666667,19,6,1,0,38
2016-17,202720,Jon Leuer,28.0,75,1943.7383333333332,402,111,26,31,767
2016-17,201973,Jonas Jerebko,30.0,78,1231.7633333333333,272,71,17,25,299
2016-17,202685,Jonas Valančiūnas,25.0,80,2065.475,759,57,63,37,959
2016-17,1626780,Jonathan Gibson,29.0,17,231.21,22,26,0,8,106
2016-17,203613,Jonathon Simmons,27.0,78,1392.4666666666667,160,126,25,47,483
2016-17,203903,Jordan Clarkson,25.0,82,2396.555,246,213,8,88,1205
2016-17,202348,Jordan Crawford,28.0,19,442.30333333333334,34,57,2,11,267
2016-17,200770,Jordan Farmar,30.0,2,35.38,3,9,0,2,12
2016-17,201941,Jordan Hill,29.0,7,46.56666666666667,14,0,0,1,12
2016-17,203895,Jordan McRae,26.0,37,383.50666666666666,41,19,6,8,161
2016-17,1626175,Jordan Mickey,22.0,25,141.03166666666667,34,7,6,3,38
2016-17,101181,Jose Calderon,35.0,41,538.7983333333333,74,88,1,11,141
2016-17,203962,Josh Huestis,25.0,2,30.883333333333333,9,3,3,0,14
2016-17,201177,Josh McRoberts,30.0,22,381.2133333333333,74,50,4,10,107
2016-17,1626196,Josh Richardson,23.0,53,1614.355,168,140,39,60,539
2016-17,201950,Jrue Holiday,27.0,67,2189.903333333333,264,488,44,100,1029
2016-17,1627823,Juancho Hernangomez,21.0,62,841.9016666666666,187,29,12,30,305
2016-17,203944,Julius Randle,22.0,74,2132.1066666666666,636,264,37,49,975
2016-17,1626147,Justin Anderson,23.0,75,1227.2333333333333,245,66,23,41,532
2016-17,203120,Justin Hamilton,27.0,64,1176.5133333333333,262,55,43,29,442
2016-17,202712,Justin Harper,27.0,3,31.316666666666666,5,2,0,0,12
2016-17,203200,Justin Holiday,28.0,82,1639.1233333333332,225,102,31,65,629
2016-17,1626159,Justise Winslow,21.0,18,625.295,94,66,6,26,196
2016-17,203994,Jusuf Nurkić,22.0,65,1390.98,467,123,74,50,662
2016-17,203909,KJ McDaniels,24.0,49,505.51,82,13,18,19,206
2016-17,1626157,Karl-Anthony Towns,21.0,82,3030.33,1007,220,103,56,2061
2016-17,202695,Kawhi Leonard,26.0,74,2474.48,430,260,55,133,1888
2016-17,1627770,Kay Felder,22.0,42,385.75,41,58,7,18,166
2016-17,203482,Kelly Olynyk,26.0,75,1538.33,361,148,29,44,678
2016-17,1626162,Kelly Oubre Jr.,21.0,79,1605.255,261,47,17,58,501
2016-17,202689,Kemba Walker,27.0,79,2739.3083333333334,308,434,22,85,1830
2016-17,202702,Kenneth Faried,27.0,61,1295.8766666666668,462,55,40,43,587
2016-17,203145,Kent Bazemore,27.0,73,1962.7816666666668,231,177,52,91,801
2016-17,203484,Kentavious Caldwell-Pope,24.0,76,2528.4933333333333,248,193,12,89,1047
2016-17,201142,Kevin Durant,28.0,62,2070.36,513,300,99,66,1555
2016-17,201567,Kevin Love,28.0,60,1884.645,666,116,21,53,1142
2016-17,202338,Kevin Seraphin,27.0,49,559.315,142,23,20,7,232
2016-17,1626172,Kevon Looney,21.0,53,446.99666666666667,124,29,17,15,135
2016-17,203114,Khris Middleton,25.0,29,889.0466666666666,123,99,7,41,426
2016-17,202691,Klay Thompson,27.0,78,2649.04,285,160,40,66,1742
2016-17,201585,Kosta Koufos,28.0,71,1419.3716666666667,403,47,48,36,470
2016-17,1627739,Kris Dunn,23.0,78,1333.0,166,188,36,78,293
2016-17,2743,Kris Humphries,32.0,56,688.6483333333333,206,29,21,15,257
2016-17,204001,Kristaps Porziņģis,21.0,66,2164.4133333333334,475,97,129,47,1196
2016-17,203937,Kyle Anderson,23.0,72,1020.0916666666667,208,91,26,51,246
2016-17,2594,Kyle Korver,36.0,67,1753.0666666666666,186,110,21,34,678
2016-17,200768,Kyle Lowry,31.0,60,2244.025,286,417,19,88,1344
2016-17,203124,Kyle O'Quinn,27.0,79,1229.1683333333333,439,117,104,36,496
2016-17,202713,Kyle Singler,29.0,32,385.24666666666667,48,9,5,7,88
2016-17,1627787,Kyle Wiltjer,24.0,14,43.88333333333333,10,2,1,3,13
2016-17,202681,Kyrie Irving,25.0,72,2524.63,230,418,24,83,1816
2016-17,200746,LaMarcus Aldridge,31.0,72,2335.0116666666668,523,139,88,46,1243
2016-17,203934,Lamar Patterson,25.0,5,40.36666666666667,7,6,0,1,9
2016-17,202362,Lance Stephenson,26.0,18,361.6166666666667,52,59,3,5,122
2016-17,202498,Lance Thomas,29.0,46,967.6483333333333,142,35,5,21,275
2016-17,204038,Langston Galloway,25.0,74,1494.3916666666667,156,93,6,46,585
2016-17,1626204,Larry Nance Jr.,24.0,63,1441.84,369,96,39,82,449
2016-17,202336,Larry Sanders,28.0,5,12.693333333333333,4,0,1,1,4
2016-17,202730,Lavoy Allen,28.0,61,871.3216666666667,219,57,24,18,177
2016-17,2544,LeBron James,32.0,74,2794.575,639,646,44,92,1954
2016-17,2571,Leandro Barbosa,34.0,67,963.3983333333333,104,81,8,31,419
2016-17,101150,Lou Williams,30.0,81,1993.4133333333334,202,239,20,80,1421
2016-17,201601,Luc Mbah a Moute,30.0,80,1787.185,170,39,35,81,484
2016-17,203512,Lucas Nogueira,24.0,57,1088.25,244,42,89,52,253
2016-17,2449,Luis Scola,37.0,36,460.90833333333336,139,37,4,14,184
2016-17,202337,Luke Babbitt,28.0,68,1064.9383333333333,141,36,11,20,324
2016-17,2736,Luol Deng,32.0,56,1485.8733333333332,295,74,20,48,425
2016-17,1627781,Malachi Richardson,21.0,22,198.11833333333334,23,11,1,5,79
2016-17,1627763,Malcolm Brogdon,24.0,75,1982.39,213,317,12,84,767
2016-17,1627098,Malcolm Delaney,28.0,73,1247.55,123,193,1,39,391
2016-17,1627736,Malik Beasley,20.0,22,164.895,17,11,0,7,83
2016-17,202412,Manny Harris,27.0,4,24.75,9,2,0,0,8
2016-17,1938,Manu Ginobili,39.0,69,1291.45,157,183,16,82,517
2016-17,201188,Marc Gasol,32.0,74,2531.0333333333333,464,338,99,67,1446
2016-17,1626273,Marcelo Huertas,34.0,23,236.56166666666667,24,52,2,10,63
2016-17,101162,Marcin Gortat,33.0,82,2555.4783333333335,849,121,61,40,883
2016-17,201158,Marco Belinelli,31.0,74,1777.5633333333333,178,147,9,44,780
2016-17,1627875,Marcus Georges-Hunt,23.0,5,47.516666666666666,9,3,0,1,14
2016-17,202694,Marcus Morris Sr.,27.0,79,2565.09,366,160,25,52,1105
2016-17,203935,Marcus Smart,23.0,79,2399.2883333333334,305,364,34,125,835
2016-17,201977,Marcus Thornton,30.0,33,574.6716666666666,76,41,3,19,219
2016-17,1626209,Mario Hezonja,22.0,65,960.2833333333333,146,62,15,30,317
2016-17,202693,Markieff Morris,27.0,76,2374.3333333333335,493,126,42,82,1063
2016-17,1627737,Marquese Chriss,19.0,82,1743.36,348,60,70,67,753
2016-17,201578,Marreese Speights,29.0,82,1285.8616666666667,373,65,41,23,711
2016-17,1627850,Marshall Plumlee,24.0,21,170.18,51,10,4,4,40
2016-17,101107,Marvin Williams,31.0,76,2294.5433333333335,500,106,53,58,849
2016-17,203486,Mason Plumlee,27.0,81,2147.58,605,284,92,69,842
2016-17,2440,Matt Barnes,37.0,74,1775.9133333333334,384,195,26,48,527
2016-17,203521,Matthew Dellavedova,26.0,76,1986.0016666666668,147,357,0,53,577
2016-17,203090,Maurice Harkless,24.0,77,2223.0633333333335,341,88,70,85,773
2016-17,1626254,Maurice Ndour,25.0,32,331.455,64,8,8,15,98
2016-17,1897,Metta World Peace,37.0,25,160.33,20,11,2,10,57
2016-17,203086,Meyers Leonard,25.0,74,1221.9033333333334,237,71,28,13,401
2016-17,201563,Michael Beasley,28.0,56,934.5,193,53,27,27,528
2016-17,203487,Michael Carter-Williams,25.0,45,846.4516666666667,153,113,23,38,297
2016-17,1627771,Michael Gbinije,25.0,9,31.55,3,2,0,0,4
2016-17,203077,Michael Kidd-Gilchrist,23.0,81,2349.4083333333333,565,114,77,81,743
2016-17,201144,Mike Conley,29.0,69,2291.8633333333332,241,433,19,92,1415
2016-17,2399,Mike Dunleavy,36.0,53,840.9383333333334,115,50,7,15,275
2016-17,2034,Mike Miller,37.0,20,150.54333333333332,38,22,0,2,28
2016-17,203488,Mike Muscala,25.0,70,1236.8616666666667,240,95,41,30,435
2016-17,203118,Mike Scott,28.0,18,194.95666666666668,37,17,3,4,45
2016-17,1627861,Mike Tobey,22.0,2,25.183333333333334,3,1,0,0,2
2016-17,203101,Miles Plumlee,28.0,45,484.61,95,21,13,18,113
2016-17,1627851,Mindaugas Kuzminskas,27.0,68,1016.3083333333333,126,69,11,29,425
2016-17,203141,Mirza Teletovic,31.0,70,1133.3583333333333,162,48,13,12,451
2016-17,101145,Monta Ellis,31.0,74,1997.7083333333333,204,236,27,78,630
2016-17,1626149,Montrezl Harrell,23.0,58,1063.5583333333334,219,64,42,20,527
2016-17,1626167,Myles Turner,21.0,81,2541.005,589,106,172,74,1173
2016-17,202357,Nemanja Bjelica,29.0,65,1189.645,244,79,20,40,403
2016-17,2403,Nene,34.0,67,1197.73,282,65,39,56,609
2016-17,203457,Nerlens Noel,23.0,51,1046.8233333333333,294,50,50,65,445
2016-17,2555,Nick Collison,36.0,20,127.77333333333333,31,12,2,2,33
2016-17,201156,Nick Young,32.0,60,1556.2666666666667,138,58,14,37,791
2016-17,201587,Nicolas Batum,28.0,77,2617.2483333333334,481,456,29,86,1164
2016-17,1627852,Nicolas Brussino,24.0,54,521.3783333333333,95,47,8,17,150
2016-17,1627879,Nicolas Laprovittola,27.0,18,173.95333333333335,10,28,1,4,59
2016-17,203917,Nik Stauskas,23.0,80,2187.7116666666666,226,188,32,45,756
2016-17,203999,Nikola Jokić,22.0,73,2037.7283333333332,718,359,55,61,1221
2016-17,202703,Nikola Mirotic,26.0,70,1678.9116666666666,384,75,55,53,744
2016-17,202696,Nikola Vučević,26.0,75,2162.735,779,208,74,76,1096
2016-17,203943,Noah Vonleh,21.0,74,1265.375,387,31,27,30,327
2016-17,1626181,Norman Powell,24.0,76,1367.6516666666666,169,82,14,52,636
2016-17,202708,Norris Cole,28.0,13,124.92666666666666,11,14,0,8,43
2016-17,1627855,Okaro White,24.0,35,471.175,82,21,10,10,98
2016-17,201600,Omer Asik,30.0,31,482.12333333333333,163,15,10,5,85
2016-17,201956,Omri Casspi,29.0,36,642.155,112,37,3,23,186
2016-17,203490,Otto Porter Jr.,24.0,80,2605.0716666666667,514,121,42,116,1075
2016-17,200782,P.J. Tucker,32.0,81,2235.895,471,99,19,116,540
2016-17,1627783,Pascal Siakam,23.0,55,859.0866666666667,185,17,45,26,229
2016-17,1626192,Pat Connaughton,24.0,39,315.94666666666666,52,28,2,6,98
2016-17,1627868,Patricio Garino,24.0,5,43.11666666666667,7,0,0,0,0
2016-17,201976,Patrick Beverley,28.0,67,2057.963333333333,393,281,25,99,639
2016-17,1627775,Patrick McCaw,21.0,71,1073.995,100,77,15,32,282
2016-17,202335,Patrick Patterson,28.0,65,1598.5316666666668,293,76,23,40,445
2016-17,201988,Patty Mills,28.0,80,1754.4133333333334,141,280,3,65,759
2016-17,2200,Pau Gasol,36.0,64,1626.735,501,150,70,24,792
2016-17,202331,Paul George,27.0,75,2689.346666666667,492,251,27,119,1775
2016-17,200794,Paul Millsap,32.0,69,2342.83,533,252,62,90,1246
2016-17,1718,Paul Pierce,39.0,25,277.09833333333336,48,10,5,4,81
2016-17,1627835,Paul Zipser,23.0,44,843.38,125,36,16,15,240
2016-17,203510,Pierre Jackson,25.0,9,84.40166666666667,9,19,0,2,35
2016-17,203112,Quincy Acy,26.0,38,557.7333333333333,115,18,15,14,222
2016-17,1626188,Quinn Cook,24.0,14,187.46,7,26,0,4,79
2016-17,1626154,RJ Hunter,23.0,3,9.15,1,0,0,0,0
2016-17,200765,Rajon Rondo,31.0,69,1842.7016666666666,355,461,11,99,538
2016-17,1626176,Rakeem Christmas,25.0,29,219.38833333333332,56,4,6,3,59
2016-17,201196,Ramon Sessions,31.0,50,810.6766666666666,73,129,3,27,312
2016-17,200751,Randy Foye,33.0,69,1284.2783333333334,155,135,9,35,357
2016-17,1626173,Rashad Vaughn,20.0,41,458.5366666666667,49,23,10,19,142
2016-17,203526,Raul Neto,25.0,40,345.90166666666664,30,34,5,21,100
2016-17,101109,Raymond Felton,33.0,80,1699.8283333333334,218,191,22,66,538
2016-17,203493,Reggie Bullock Jr.,26.0,31,466.79333333333335,64,29,3,18,141
2016-17,202704,Reggie Jackson,27.0,52,1424.395,114,270,5,35,752
2016-17,202130,Reggie Williams,30.0,6,79.45333333333333,6,4,0,3,27
2016-17,2210,Richard Jefferson,37.0,79,1613.61,203,78,10,26,448
2016-17,1626158,Richaun Holmes,23.0,57,1192.7,311,58,55,42,559
2016-17,201937,Ricky Rubio,26.0,75,2469.11,305,682,10,128,836
2016-17,203496,Robert Covington,26.0,67,2118.57,436,102,69,127,864
2016-17,201577,Robin Lopez,29.0,81,2270.7566666666667,520,80,117,18,839
2016-17,203918,Rodney Hood,24.0,59,1593.2733333333333,202,96,11,38,748
2016-17,203585,Rodney McGruder,25.0,78,1965.8866666666668,256,124,18,46,497
2016-17,201155,Rodney Stuckey,31.0,39,696.18,84,84,0,16,281
2016-17,1627758,Ron Baker,24.0,52,857.0333333333333,98,107,8,34,215
2016-17,1626178,Rondae Hollis-Jefferson,22.0,78,1761.4083333333333,452,154,44,82,675
2016-17,101179,Ronnie Price,34.0,14,134.195,11,18,1,11,14
2016-17,201579,Roy Hibbert,30.0,48,682.31,152,21,46,8,221
2016-17,200752,Rudy Gay,30.0,30,1012.8916666666667,190,83,26,44,562
2016-17,203497,Rudy Gobert,25.0,81,2743.7466666666664,1035,97,214,49,1137
2016-17,201566,Russell Westbrook,28.0,81,2801.7483333333334,864,840,31,132,2558
2016-17,201583,Ryan Anderson,29.0,72,2116.391666666667,330,68,14,31,979
2016-17,203527,Ryan Kelly,26.0,16,110.13333333333334,18,8,5,4,25
2016-17,1626257,Salah Mejri,31.0,73,905.0833333333334,308,14,61,32,213
2016-17,1626155,Sam Dekker,23.0,77,1419.065,284,76,21,38,504
2016-17,2756,Sasha Vujacic,33.0,42,408.22833333333335,59,52,2,13,124
2016-17,203930,Sean Kilpatrick,27.0,70,1753.5566666666666,280,157,6,45,919
2016-17,203902,Semaj Christon,24.0,64,972.6416666666667,87,130,7,28,183
2016-17,201586,Serge Ibaka,27.0,79,2422.08,538,75,124,41,1173
2016-17,200771,Sergio Rodriguez,31.0,68,1517.4116666666666,157,344,4,49,530
2016-17,203552,Seth Curry,26.0,70,2029.03,179,189,7,79,898
2016-17,203498,Shabazz Muhammad,24.0,78,1515.5216666666668,220,35,6,22,772
2016-17,203894,Shabazz Napier,25.0,53,512.2816666666666,61,67,2,32,218
2016-17,2733,Shaun Livingston,31.0,76,1344.7466666666667,151,139,20,38,389
2016-17,1627848,Shawn Long,24.0,18,233.615,85,13,9,9,148
2016-17,1627815,Sheldon Mac,24.0,30,286.7633333333333,34,15,2,8,90
2016-17,202714,Shelvin Mack,27.0,55,1205.1266666666668,125,154,3,42,430
2016-17,1627746,Skal Labissiere,21.0,33,611.6383333333333,162,27,13,16,289
2016-17,203524,Solomon Hill,26.0,80,2374.3016666666667,307,141,32,72,563
2016-17,203915,Spencer Dinwiddie,24.0,59,1333.7416666666666,164,185,23,44,432
2016-17,201150,Spencer Hawes,29.0,54,797.1283333333333,191,81,30,15,337
2016-17,1626169,Stanley Johnson,21.0,77,1370.625,189,105,24,56,339
2016-17,201939,Stephen Curry,29.0,79,2638.555,353,524,17,142,1999
2016-17,1627757,Stephen Zimmerman,20.0,19,107.76,35,4,5,2,23
2016-17,200779,Steve Novak,34.0,8,21.916666666666668,3,0,0,0,5
2016-17,203500,Steven Adams,23.0,80,2389.365,613,86,78,89,905
2016-17,204456,T.J. McConnell,25.0,81,2133.3966666666665,251,534,10,134,556
2016-17,203933,T.J. Warren,23.0,66,2048.03,339,75,39,76,951
2016-17,201959,Taj Gibson,32.0,78,1988.5583333333334,485,73,65,41,846
2016-17,204028,Tarik Black,25.0,67,1090.8983333333333,343,39,44,29,383
2016-17,1627752,Taurean Prince,23.0,59,981.4416666666667,157,55,27,43,335
2016-17,203093,Terrence Jones,25.0,54,1270.8566666666666,306,59,54,40,584
2016-17,203082,Terrence Ross,26.0,78,1954.9666666666667,206,88,33,87,858
2016-17,1626179,Terry Rozier,23.0,74,1263.0383333333334,227,131,11,45,410
2016-17,200757,Thabo Sefolosha,33.0,62,1595.565,270,107,31,96,444
2016-17,201152,Thaddeus Young,29.0,74,2236.5916666666667,448,122,29,113,814
2016-17,203080,Thomas Robinson,26.0,48,560.4083333333333,223,31,9,26,241
2016-17,1627748,Thon Maker,20.0,57,562.1883333333334,114,23,26,10,226
2016-17,201168,Tiago Splitter,32.0,8,75.96666666666667,22,4,1,1,39
2016-17,204025,Tim Frazier,26.0,65,1524.6516666666666,173,335,6,56,464
2016-17,203501,Tim Hardaway Jr.,25.0,79,2153.475,224,182,15,55,1143
2016-17,1627817,Tim Quarterman,22.0,16,80.04166666666667,14,11,3,2,31
2016-17,202389,Timofey Mozgov,30.0,54,1103.86,264,43,31,16,401
2016-17,1627789,Timothe Luwawu-Cabarrot,22.0,69,1189.91,149,75,10,32,445
2016-17,202699,Tobias Harris,24.0,82,2566.443333333333,416,142,39,60,1321
2016-17,203107,Tomas Satoransky,25.0,57,719.2083333333334,83,92,6,26,154
2016-17,201962,Toney Douglas,31.0,24,393.80333333333334,61,56,5,18,117
2016-17,2754,Tony Allen,35.0,71,1913.7383333333332,391,98,29,115,643
2016-17,2225,Tony Parker,35.0,63,1587.0266666666666,113,285,2,34,638
2016-17,203503,Tony Snell,25.0,80,2335.655,248,96,14,55,683
2016-17,1626203,Treveon Graham,23.0,27,188.90333333333334,22,6,1,6,57
2016-17,2772,Trevor Ariza,32.0,80,2772.61,458,175,20,147,936
2016-17,202344,Trevor Booker,29.0,71,1754.315,571,138,28,75,709
2016-17,203504,Trey Burke,24.0,57,702.79,47,100,5,11,285
2016-17,1626168,Trey Lyles,21.0,71,1158.35,235,69,20,26,440
2016-17,202684,Tristan Thompson,26.0,78,2336.3816666666667,715,77,84,39,630
2016-17,203584,Troy Daniels,25.0,67,1183.3016666666667,100,46,4,20,551
2016-17,1627786,Troy Williams,22.0,30,556.5866666666667,69,25,10,27,185
2016-17,201951,Ty Lawson,29.0,69,1732.1233333333332,179,334,6,74,681
2016-17,203898,Tyler Ennis,22.0,53,588.1466666666666,45,86,2,25,228
2016-17,204020,Tyler Johnson,25.0,73,2177.483333333333,293,233,44,84,1002
2016-17,1627755,Tyler Ulis,21.0,61,1122.73,95,226,5,48,444
2016-17,203092,Tyler Zeller,27.0,51,524.655,124,42,21,7,178
2016-17,201936,Tyreke Evans,27.0,40,788.065,137,124,9,35,411
2016-17,2199,Tyson Chandler,34.0,47,1297.61,539,30,24,33,397
2016-17,1626145,Tyus Jones,21.0,60,774.3883333333333,67,156,5,48,209
2016-17,2617,Udonis Haslem,37.0,16,130.17666666666668,36,6,1,6,31
2016-17,203506,Victor Oladipo,25.0,67,2222.6383333333333,291,176,21,78,1067
2016-17,1713,Vince Carter,40.0,73,1799.56,227,133,36,60,586
2016-17,1627735,Wade Baldwin IV,21.0,33,404.955,46,61,7,18,106
2016-17,201961,Wayne Ellington,29.0,62,1499.7166666666667,132,70,4,35,648
2016-17,1627782,Wayne Selden,22.0,14,236.00333333333333,16,13,1,6,71
2016-17,202325,Wesley Johnson,29.0,68,810.1183333333333,181,23,30,29,186
2016-17,202083,Wesley Matthews,30.0,73,2494.805,259,210,15,77,986
2016-17,203115,Will Barton,26.0,60,1705.0566666666666,259,206,28,48,820
2016-17,1626161,Willie Cauley-Stein,23.0,75,1420.79,339,80,44,53,611
2016-17,203186,Willie Reed,27.0,71,1030.7166666666667,332,26,47,18,374
2016-17,1626195,Willy Hernangomez,23.0,72,1324.41,502,96,36,41,587
2016-17,201163,Wilson Chandler,30.0,71,2196.6833333333334,460,141,30,51,1117
2016-17,1627812,Yogi Ferrell,24.0,46,1197.0116666666668,111,172,9,42,462
2016-17,203897,Zach LaVine,22.0,47,1748.8033333333333,160,139,10,41,889
2016-17,2216,Zach Randolph,35.0,73,1786.235,598,122,10,38,1028
2016-17,2585,Zaza Pachulia,33.0,70,1268.3333333333333,410,132,33,59,426
2017-18,201166,Aaron Brooks,33.0,32,189.41333333333333,17,20,0,6,75
2017-18,203932,Aaron Gordon,22.0,58,1909.0783333333334,457,136,45,59,1022
2017-18,1626151,Aaron Harrison,23.0,9,233.25166666666667,24,11,2,9,60
2017-18,1628935,Aaron Jackson,32.0,1,34.5,3,1,0,0,8
2017-18,1627846,Abdel Nader,24.0,48,521.5266666666666,71,26,10,15,146
2017-18,203940,Adreian Payne,27.0,5,42.54833333333333,9,0,0,2,21
2017-18,201143,Al Horford,32.0,72,2277.025,531,339,78,43,927
2017-18,2744,Al Jefferson,33.0,36,483.56,143,30,23,16,252
2017-18,202329,Al-Farouq Aminu,27.0,69,2072.1716666666666,525,84,40,79,644
2017-18,1626210,Alan Williams,25.0,5,70.335,22,8,1,5,20
2017-18,202692,Alec Burks,26.0,64,1058.66,192,67,8,37,494
2017-18,1628409,Alec Peters,23.0,20,224.855,37,12,2,2,82
2017-18,203518,Alex Abrines,24.0,75,1134.1866666666667,114,28,8,38,353
2017-18,1627936,Alex Caruso,24.0,37,561.91,65,75,10,23,134
2017-18,203458,Alex Len,25.0,69,1395.3466666666666,518,82,61,27,587
2017-18,1627816,Alex Poythress,24.0,25,104.125,17,2,1,3,26
2017-18,1628035,Alfonzo McKinnie,25.0,14,53.43833333333333,7,1,1,1,21
2017-18,203459,Allen Crabbe,26.0,75,2197.2,324,117,35,47,990
2017-18,101161,Amir Johnson,31.0,74,1170.3016666666667,330,118,44,45,342
2017-18,203083,Andre Drummond,24.0,78,2624.8483333333334,1247,237,127,114,1171
2017-18,2738,Andre Iguodala,34.0,64,1622.4783333333332,246,210,38,54,384
2017-18,201281,Andre Ingram,32.0,2,64.13333333333334,6,7,3,3,24
2017-18,203460,Andre Roberson,26.0,39,1036.6783333333333,185,46,35,45,194
2017-18,101106,Andrew Bogut,33.0,24,216.395,78,15,13,4,36
2017-18,1626150,Andrew Harrison,23.0,56,1326.2716666666668,131,177,26,38,533
2017-18,1628510,Andrew White III,25.0,15,209.10666666666665,34,6,1,3,69
2017-18,203952,Andrew Wiggins,23.0,82,2978.7033333333334,358,160,51,91,1452
2017-18,1627790,Ante Zizic,21.0,32,214.24,60,5,13,2,119
2017-18,1626148,Anthony Brown,25.0,1,3.7333333333333334,0,1,0,0,3
2017-18,203076,Anthony Davis,25.0,75,2727.2366666666667,831,174,193,115,2110
2017-18,201229,Anthony Tolliver,33.0,79,1757.055,241,90,21,32,703
2017-18,1628469,Antonio Blakeney,21.0,19,313.9,33,20,1,7,151
2017-18,1628499,Antonius Cleveland,24.0,17,122.53,14,2,5,7,23
2017-18,203382,Aron Baynes,31.0,81,1484.4933333333333,434,93,51,22,482
2017-18,201167,Arron Afflalo,32.0,53,681.575,66,30,9,4,179
2017-18,203085,Austin Rivers,25.0,61,2056.5916666666667,145,242,16,74,920
2017-18,202340,Avery Bradley,27.0,46,1433.07,116,94,8,51,656
2017-18,1628389,Bam Adebayo,20.0,69,1368.185,381,101,41,32,477
2017-18,203463,Ben McLemore,25.0,56,1090.62,139,51,15,38,422
2017-18,1628500,Ben Moore,23.0,2,9.283333333333333,1,1,0,0,0
2017-18,1627732,Ben Simmons,21.0,81,2731.5533333333333,659,661,70,140,1279
2017-18,202687,Bismack Biyombo,25.0,82,1494.89,468,66,95,21,468
2017-18,201933,Blake Griffin,29.0,58,1969.8216666666667,428,334,18,40,1242
2017-18,1626246,Boban Marjanovic,29.0,39,337.87,144,22,11,10,235
2017-18,201628,Bobby Brown,33.0,20,114.93333333333334,7,11,0,4,50
2017-18,1626171,Bobby Portis,23.0,73,1642.52,498,123,23,50,964
2017-18,203992,Bogdan Bogdanović,25.0,78,2175.155,223,258,16,72,917
2017-18,202711,Bojan Bogdanovic,29.0,80,2464.4616666666666,270,119,8,55,1141
2017-18,203078,Bradley Beal,25.0,82,2976.701666666667,363,373,36,96,1857
2017-18,201148,Brandan Wright,30.0,28,380.875,95,13,26,13,139
2017-18,1627742,Brandon Ingram,20.0,59,1974.5616666666667,314,230,43,45,949
2017-18,201943,Brandon Jennings,28.0,14,205.14333333333335,31,44,4,6,73
2017-18,203464,Brandon Paul,27.0,64,575.84,68,37,7,25,147
2017-18,1627362,Briante Weber,25.0,18,236.50333333333333,35,22,5,18,50
2017-18,1627744,Brice Johnson,24.0,18,97.96666666666667,31,2,6,9,43
2017-18,201572,Brook Lopez,30.0,74,1734.9466666666667,294,126,98,30,961
2017-18,203998,Bruno Caboclo,22.0,12,106.29833333333333,22,4,4,3,26
2017-18,1627854,Bryn Forbes,24.0,80,1516.8916666666667,110,80,2,28,555
2017-18,1627741,Buddy Hield,25.0,80,2024.2316666666666,307,155,22,85,1079
2017-18,203710,C.J. Williams,28.0,38,706.5016666666667,56,43,13,31,209
2017-18,203468,CJ McCollum,26.0,81,2923.67,321,272,35,77,1732
2017-18,101139,CJ Miles,31.0,70,1336.5,152,55,21,37,699
2017-18,1628403,Caleb Swanigan,21.0,27,189.34666666666666,54,14,3,5,61
2017-18,1626166,Cameron Payne,23.0,25,581.5233333333333,69,113,9,26,221
2017-18,1627747,Caris LeVert,23.0,71,1863.6833333333334,260,299,22,82,858
2017-18,2546,Carmelo Anthony,34.0,78,2501.14,453,103,49,47,1261
2017-18,1626224,Cedi Osman,23.0,61,672.4933333333333,120,41,3,22,238
2017-18,202718,Chandler Parsons,29.0,36,691.3833333333333,90,69,11,18,284
2017-18,101112,Channing Frye,35.0,53,694.8583333333333,135,38,13,18,264
2017-18,1628429,Charles Cooke,23.0,13,38.105,2,1,0,1,6
2017-18,1627767,Cheick Diallo,21.0,52,580.95,211,19,21,11,254
2017-18,1627778,Chinanu Onuaku,21.0,1,21.566666666666666,4,1,0,0,4
2017-18,1628449,Chris Boucher,25.0,1,1.3166666666666667,1,0,0,0,0
2017-18,1626191,Chris McCullough,23.0,19,89.76666666666667,25,4,5,0,46
2017-18,101108,Chris Paul,33.0,58,1846.5566666666666,313,457,14,96,1081
2017-18,203991,Clint Capela,24.0,74,2034.1083333333333,802,68,137,58,1026
2017-18,203469,Cody Zeller,25.0,33,627.1833333333333,177,31,21,14,233
2017-18,202332,Cole Aldrich,29.0,21,48.69833333333333,15,3,1,2,12
2017-18,201147,Corey Brewer,32.0,72,1208.5183333333334,154,65,14,79,380
2017-18,202709,Cory Joseph,26.0,82,2209.9183333333335,263,260,18,80,649
2017-18,201584,Courtney Lee,32.0,76,2309.9783333333335,224,180,17,80,913
2017-18,1626245,Cristiano Felicio,25.0,55,977.45,233,55,11,16,308
2017-18,1626156,D'Angelo Russell,22.0,48,1233.715,189,249,17,36,743
2017-18,201571,D.J. Augustin,30.0,75,1760.0483333333334,160,287,0,54,766
2017-18,1628391,D.J. Wilson,22.0,22,71.09833333333333,10,3,1,3,21
2017-18,1626177,Dakari Johnson,22.0,31,161.37,34,8,8,6,55
2017-18,1627745,Damian Jones,23.0,15,88.71166666666667,14,2,3,1,25
2017-18,203081,Damian Lillard,27.0,73,2669.89,325,481,27,77,1962
2017-18,2863,Damien Wilkins,38.0,19,152.405,16,9,1,2,33
2017-18,1627814,Damion Lee,25.0,15,404.4116666666667,71,29,1,19,161
2017-18,1628422,Damyean Dotson,24.0,44,474.06166666666667,84,31,2,12,182
2017-18,1627772,Daniel Hamilton,22.0,6,27.72833333333333,5,8,0,1,12
2017-18,1628464,Daniel Theis,26.0,63,935.63,274,56,48,30,331
2017-18,201568,Danilo Gallinari,29.0,21,671.055,101,41,10,13,321
2017-18,201980,Danny Green,31.0,70,1791.0866666666666,249,110,80,63,600
2017-18,201967,Dante Cunningham,31.0,73,1561.885,298,48,30,39,417
2017-18,203957,Dante Exum,22.0,14,234.51833333333335,26,43,3,8,114
2017-18,1627863,Danuel House Jr.,25.0,23,402.625,76,25,6,7,152
2017-18,203967,Dario Saric,24.0,78,2310.07,520,202,20,51,1141
2017-18,203121,Darius Miller,28.0,82,1944.44,164,111,17,28,637
2017-18,201589,Darrell Arthur,30.0,19,140.77166666666668,15,9,3,8,54
2017-18,201954,Darren Collison,30.0,69,2018.36,178,368,15,92,855
2017-18,1626199,Darrun Hilliard,25.0,14,95.195,7,11,0,2,16
2017-18,1628021,David Nwaba,25.0,70,1645.9533333333334,326,104,29,59,555
2017-18,204065,David Stockton,27.0,3,9.333333333333334,0,0,0,0,10
2017-18,2561,David West,37.0,73,998.6966666666667,238,138,75,47,495
2017-18,202722,Davis Bertans,25.0,77,1086.2083333333333,153,74,28,26,456
2017-18,1628432,Davon Reed,23.0,21,242.15833333333333,39,13,2,10,63
2017-18,1628368,De'Aaron Fox,20.0,73,2025.53,204,320,20,70,844
2017-18,201599,DeAndre Jordan,29.0,77,2423.4366666666665,1171,117,70,39,927
2017-18,202732,DeAndre Liggins,30.0,58,723.5583333333333,75,48,14,37,101
2017-18,1627761,DeAndre' Bembry,23.0,26,455.21666666666664,72,49,12,21,136
2017-18,201942,DeMar DeRozan,28.0,80,2711.721666666667,315,417,22,85,1840
2017-18,202326,DeMarcus Cousins,27.0,48,1737.07,617,257,76,79,1210
2017-18,201960,DeMarre Carroll,31.0,73,2179.7166666666667,479,147,30,59,983
2017-18,1627749,Dejounte Murray,21.0,81,1742.925,459,231,31,97,654
2017-18,1626153,Delon Wright,26.0,69,1432.7233333333334,198,200,33,72,555
2017-18,1627743,Demetrius Jackson,23.0,15,79.95,12,9,1,5,16
2017-18,203471,Dennis Schröder,24.0,67,2077.9216666666666,208,417,6,72,1301
2017-18,1628372,Dennis Smith Jr.,20.0,69,2049.105,260,358,18,71,1048
2017-18,1627756,Denzel Valentine,24.0,77,2095.141666666667,393,244,11,65,783
2017-18,202324,Derrick Favors,26.0,77,2153.4016666666666,552,102,82,54,944
2017-18,1627884,Derrick Jones Jr.,21.0,20,245.17166666666665,38,9,13,4,61
2017-18,201565,Derrick Rose,29.0,25,419.24,35,37,4,7,209
2017-18,1628476,Derrick Walton Jr.,23.0,16,147.21333333333334,16,16,3,7,29
2017-18,1628401,Derrick White,23.0,17,138.72833333333332,26,9,3,4,54
2017-18,202682,Derrick Williams,27.0,2,8.525,1,0,0,0,2
2017-18,1626164,Devin Booker,21.0,54,1865.2966666666666,244,253,14,47,1346
2017-18,2734,Devin Harris,35.0,71,1339.5216666666668,127,152,12,47,595
2017-18,1628421,Devin Robinson,23.0,1,13.213333333333333,5,0,0,1,2
2017-18,203473,Dewayne Dedmon,28.0,62,1542.2733333333333,489,90,51,40,617
2017-18,1627738,Deyonta Davis,21.0,62,942.6733333333333,250,40,39,15,360
2017-18,1628415,Dillon Brooks,22.0,82,2349.8316666666665,257,135,17,73,898
2017-18,203079,Dion Waiters,26.0,30,917.53,77,113,9,23,429
2017-18,1717,Dirk Nowitzki,40.0,77,1900.3383333333334,438,120,45,43,927
2017-18,1627734,Domantas Sabonis,22.0,74,1810.12,572,151,32,40,861
2017-18,1628378,Donovan Mitchell,21.0,79,2638.11,296,291,27,118,1616
2017-18,1627827,Dorian Finney-Smith,25.0,21,448.34,75,26,4,10,123
2017-18,203926,Doug McDermott,26.0,81,1768.0016666666668,200,79,16,19,630
2017-18,1627733,Dragan Bender,20.0,82,2069.38,361,130,53,22,531
2017-18,203110,Draymond Green,28.0,70,2286.8533333333335,535,508,91,95,773
2017-18,1628407,Dwayne Bacon,22.0,53,712.9983333333333,124,38,2,16,175
2017-18,202779,Dwight Buycks,29.0,29,427.2366666666667,41,59,2,19,215
2017-18,2730,Dwight Howard,32.0,81,2463.3433333333332,1012,105,131,48,1347
2017-18,203939,Dwight Powell,26.0,79,1671.745,444,91,32,67,671
2017-18,2548,Dwyane Wade,36.0,67,1536.1133333333332,252,228,47,61,765
2017-18,202734,E'Twaun Moore,29.0,82,2585.858333333333,238,187,12,79,1022
2017-18,202334,Ed Davis,29.0,78,1470.885,575,40,52,32,414
2017-18,1628410,Edmond Sumner,22.0,1,2.1666666666666665,1,0,0,0,2
2017-18,202327,Ekpe Udoh,31.0,63,809.6716666666666,150,53,74,43,162
2017-18,203901,Elfrid Payton,24.0,63,1808.51,274,393,22,83,797
2017-18,2731,Emeka Okafor,35.0,26,353.235,120,8,25,8,114
2017-18,1626144,Emmanuel Mudiay,22.0,64,1244.2233333333334,152,206,11,41,553
2017-18,202683,Enes Freedom,26.0,71,1829.7,780,105,37,36,1000
2017-18,202339,Eric Bledsoe,28.0,74,2321.6133333333332,284,370,42,149,1313
2017-18,201569,Eric Gordon,29.0,69,2153.983333333333,170,154,27,44,1243
2017-18,203961,Eric Moreland,26.0,67,805.115,278,78,51,31,143
2017-18,1628571,Erik McCree,24.0,4,7.5216666666666665,1,0,0,1,0
2017-18,101141,Ersan Ilyasova,31.0,69,1729.6483333333333,405,90,26,61,750
2017-18,203095,Evan Fournier,25.0,57,1837.215,180,165,16,47,1013
2017-18,202323,Evan Turner,29.0,79,2033.8283333333334,244,173,29,47,649
2017-18,1626163,Frank Kaminsky,25.0,79,1835.1883333333333,288,129,19,36,873
2017-18,1628412,Frank Mason III,24.0,52,983.9933333333333,130,147,10,34,413
2017-18,1628373,Frank Ntilikina,19.0,78,1705.6483333333333,177,250,18,65,463
2017-18,1627832,Fred VanVleet,24.0,76,1520.0883333333334,184,243,19,68,656
2017-18,1627788,Furkan Korkmaz,20.0,14,79.73333333333333,11,4,1,2,23
2017-18,202066,Garrett Temple,32.0,65,1615.0766666666666,152,124,27,57,547
2017-18,203914,Gary Harris,23.0,67,2304.55,176,194,15,122,1170
2017-18,1627780,Gary Payton II,25.0,23,220.86,44,21,3,7,69
2017-18,201588,George Hill,32.0,67,1812.1266666666668,181,186,27,61,667
2017-18,1627777,Georges Niang,25.0,9,31.68,9,3,0,2,9
2017-18,1627834,Georgios Papagiannis,20.0,17,121.61166666666666,37,9,6,4,36
2017-18,101123,Gerald Green,32.0,41,929.155,133,25,15,24,497
2017-18,1628492,Gian Clavell,24.0,7,63.63333333333333,7,3,0,2,20
2017-18,203507,Giannis Antetokounmpo,23.0,75,2756.2033333333334,753,361,106,109,2014
2017-18,203922,Glenn Robinson III,24.0,23,337.77666666666664,37,17,1,13,95
2017-18,201609,Goran Dragic,32.0,75,2377.545,306,359,12,63,1296
2017-18,202330,Gordon Hayward,28.0,1,5.25,1,0,0,0,2
2017-18,203476,Gorgui Dieng,28.0,79,1332.615,360,71,39,45,470
2017-18,202328,Greg Monroe,28.0,51,1040.8483333333334,350,114,23,44,524
2017-18,1627824,Guerschon Yabusele,22.0,33,235.05666666666667,52,16,5,4,79
2017-18,203084,Harrison Barnes,26.0,77,2634.47,468,152,14,49,1452
2017-18,202355,Hassan Whiteside,29.0,54,1364.07,618,54,94,37,754
2017-18,1627740,Henry Ellenson,21.0,38,328.92333333333335,81,20,0,5,151
2017-18,203546,Ian Clark,27.0,74,1454.34,127,110,10,33,551
2017-18,101133,Ian Mahinmi,31.0,77,1145.3266666666666,312,53,42,38,366
2017-18,1628387,Ike Anigbogu,19.0,11,29.79,9,0,3,1,13
2017-18,202697,Iman Shumpert,28.0,14,276.195,41,17,4,9,62
2017-18,203477,Isaiah Canaan,27.0,20,421.6933333333333,45,76,1,16,172
2017-18,1628439,Isaiah Hicks,23.0,18,239.47,41,16,4,2,80
2017-18,1627819,Isaiah Taylor,23.0,67,1167.0116666666668,94,206,10,34,445
2017-18,202738,Isaiah Thomas,29.0,32,861.68,67,153,3,15,486
2017-18,1627785,Isaiah Whitehead,23.0,16,179.65833333333333,26,20,2,8,100
2017-18,202397,Ish Smith,29.0,82,2042.635,224,360,20,64,894
2017-18,1628397,Ivan Rabb,21.0,36,515.61,158,32,13,12,201
2017-18,1627826,Ivica Zubac,21.0,43,409.82166666666666,123,25,15,8,161
2017-18,200826,J.J. Barea,34.0,69,1603.2616666666668,201,434,3,35,801
2017-18,200755,JJ Redick,34.0,70,2115.8533333333335,178,210,6,35,1198
2017-18,2747,JR Smith,32.0,80,2244.145,235,141,11,68,662
2017-18,203960,JaKarr Sampson,25.0,22,344.21666666666664,78,9,22,8,103
2017-18,203210,JaMychal Green,28.0,55,1541.8133333333333,464,79,25,32,569
2017-18,201580,JaVale McGee,30.0,65,615.3866666666667,169,33,57,21,310
2017-18,1628444,Jabari Bird,23.0,13,114.53,19,8,1,3,39
2017-18,203953,Jabari Parker,23.0,31,742.7483333333333,151,59,10,25,391
2017-18,204022,Jack Cooley,27.0,7,87.27333333333333,30,6,0,1,40
2017-18,1626643,Jacob Pullen,28.0,3,6.083333333333333,0,0,0,0,2
2017-18,1628451,Jacob Wiley,23.0,5,33.25666666666667,11,2,0,1,4
2017-18,203109,Jae Crowder,27.0,80,2089.545,275,99,21,64,773
2017-18,1626143,Jahlil Okafor,22.0,28,352.83166666666665,85,12,18,3,176
2017-18,1627774,Jake Layman,24.0,35,160.32666666666665,16,11,4,6,34
2017-18,1627751,Jakob Poeltl,22.0,82,1523.545,393,57,100,39,567
2017-18,1627883,Jalen Jones,25.0,16,181.37166666666667,38,4,1,5,74
2017-18,2037,Jamal Crawford,38.0,80,1653.2583333333334,99,185,9,40,822
2017-18,1627750,Jamal Murray,21.0,81,2564.7183333333332,297,274,28,79,1352
2017-18,1627866,Jameel Warney,24.0,3,26.85,9,0,0,0,17
2017-18,2749,Jameer Nelson,36.0,50,1013.165,104,179,4,27,247
2017-18,1628503,Jamel Artis,25.0,15,279.0083333333333,38,18,3,2,77
2017-18,203516,James Ennis III,27.0,72,1604.03,224,71,18,47,512
2017-18,201935,James Harden,28.0,72,2550.785,389,630,50,126,2191
2017-18,201949,James Johnson,31.0,73,1943.2866666666666,358,280,51,70,788
2017-18,203949,James Michael McAdoo,25.0,3,17.95,2,0,1,0,8
2017-18,1627821,James Webb III,24.0,10,119.93166666666667,24,4,0,1,16
2017-18,203923,James Young,22.0,6,61.108333333333334,2,2,0,0,17
2017-18,203966,Jamil Wilson,27.0,15,273.75666666666666,32,10,8,5,105
2017-18,201162,Jared Dudley,32.0,48,686.485,94,78,11,24,152
2017-18,204067,Jarell Eddie,26.0,3,8.616666666666667,1,0,0,1,0
2017-18,1626185,Jarell Martin,24.0,73,1660.6266666666668,318,73,49,39,565
2017-18,1628386,Jarrett Allen,20.0,72,1441.115,388,49,88,28,587
2017-18,101127,Jarrett Jack,34.0,62,1547.5683333333334,191,348,4,35,466
2017-18,201160,Jason Smith,32.0,33,284.74666666666667,53,14,13,3,113
2017-18,1891,Jason Terry,40.0,51,813.6466666666666,48,59,13,42,166
2017-18,1628393,Jawun Evans,21.0,48,777.8583333333333,84,100,6,36,231
2017-18,1627759,Jaylen Brown,21.0,70,2151.745,346,114,26,70,1017
2017-18,1628537,Jaylen Morris,22.0,6,98.49,16,7,1,2,28
2017-18,1628369,Jayson Tatum,20.0,80,2442.911666666667,402,128,58,83,1112
2017-18,201145,Jeff Green,31.0,78,1827.8,246,99,34,41,846
2017-18,201952,Jeff Teague,30.0,70,2311.2616666666668,209,492,23,102,994
2017-18,203481,Jeff Withey,28.0,10,39.3,10,0,3,0,15
2017-18,203924,Jerami Grant,24.0,81,1647.1116666666667,319,57,77,31,682
2017-18,202379,Jeremy Evans,30.0,1,5.35,1,0,0,0,2
2017-18,203087,Jeremy Lamb,26.0,80,1967.36,324,186,32,61,1033
2017-18,202391,Jeremy Lin,29.0,1,25.183333333333334,0,4,0,0,18
2017-18,1626170,Jerian Grant,25.0,74,1686.33,171,342,8,63,619
2017-18,201573,Jerryd Bayless,29.0,39,924.6916666666667,80,54,6,23,307
2017-18,202710,Jimmy Butler III,28.0,59,2163.9966666666664,314,288,24,116,1307
2017-18,201149,Joakim Noah,33.0,7,40.145,14,4,2,2,12
2017-18,201975,Jodie Meeks,30.0,77,1118.7283333333332,126,70,4,29,487
2017-18,203925,Joe Harris,26.0,78,1974.5983333333334,260,128,20,35,846
2017-18,204060,Joe Ingles,30.0,82,2578.4983333333334,344,392,20,90,940
2017-18,2207,Joe Johnson,37.0,55,1204.75,172,83,7,18,372
2017-18,1626202,Joe Young,26.0,53,558.1166666666667,63,39,1,14,207
2017-18,1627762,Joel Bolomboy,24.0,6,37.66,10,0,0,2,9
2017-18,203954,Joel Embiid,24.0,63,1912.135,690,199,111,40,1445
2017-18,203530,Joffrey Lauvergne,26.0,55,533.9083333333333,171,41,3,9,226
2017-18,1628381,John Collins,20.0,74,1784.62,541,98,80,47,777
2017-18,203089,John Henson,27.0,76,1969.505,513,114,109,45,665
2017-18,204066,John Holland,29.0,24,174.44166666666666,24,5,2,7,54
2017-18,202322,John Wall,27.0,41,1409.83,150,393,45,57,797
2017-18,1628405,Johnathan Motley,23.0,11,175.765,49,7,2,3,96
2017-18,203948,Johnny O'Bryant III,25.0,36,379.06166666666667,93,14,6,9,171
2017-18,202720,Jon Leuer,29.0,8,136.46666666666667,32,5,3,1,43
2017-18,201973,Jonas Jerebko,31.0,74,1133.515,246,42,12,24,429
2017-18,202685,Jonas Valančiūnas,26.0,77,1727.24,660,81,69,29,980
2017-18,1626780,Jonathan Gibson,30.0,4,39.935,3,4,0,0,34
2017-18,1628371,Jonathan Isaac,20.0,27,535.4116666666666,99,18,30,33,145
2017-18,203613,Jonathon Simmons,28.0,69,2029.2466666666667,239,171,16,58,962
2017-18,1628395,Jordan Bell,23.0,57,808.9133333333333,207,102,56,35,262
2017-18,203903,Jordan Clarkson,26.0,81,1887.3983333333333,217,221,6,58,1124
2017-18,202348,Jordan Crawford,29.0,5,53.28333333333333,4,13,1,1,33
2017-18,1626175,Jordan Mickey,23.0,23,284.05833333333334,81,9,10,6,93
2017-18,101181,Jose Calderon,36.0,57,914.325,84,117,2,27,255
2017-18,1627982,Josh Gray,24.0,5,86.43333333333334,10,12,2,8,32
2017-18,1628404,Josh Hart,23.0,63,1460.5216666666668,263,80,16,47,496
2017-18,203962,Josh Huestis,26.0,69,981.5483333333333,161,20,43,15,159
2017-18,1628367,Josh Jackson,21.0,77,1959.2183333333332,351,119,35,80,1012
2017-18,203705,Josh Magette,28.0,18,216.165,19,57,1,8,46
2017-18,201177,Josh McRoberts,31.0,2,5.75,0,0,0,0,0
2017-18,1626196,Josh Richardson,24.0,81,2689.475,285,231,75,121,1045
2017-18,2746,Josh Smith,32.0,3,11.821666666666667,4,0,0,0,2
2017-18,201950,Jrue Holiday,28.0,81,2926.733333333333,365,486,64,123,1537
2017-18,1627823,Juancho Hernangomez,22.0,25,277.08,54,12,3,6,82
2017-18,203944,Julius Randle,23.0,82,2190.383333333333,654,210,45,43,1323
2017-18,202933,Julyan Stone,29.0,23,174.755,29,26,2,4,19
2017-18,1626147,Justin Anderson,24.0,38,519.15,93,25,7,15,236
2017-18,203200,Justin Holiday,29.0,72,2264.925,291,153,31,80,876
2017-18,1628382,Justin Jackson,23.0,68,1506.2583333333334,187,74,13,28,453
2017-18,1628383,Justin Patton,21.0,1,3.7333333333333334,0,0,0,1,2
2017-18,1626159,Justise Winslow,22.0,68,1680.4566666666667,370,148,33,54,529
2017-18,203994,Jusuf Nurkić,23.0,79,2088.11,708,143,111,64,1132
2017-18,1628443,Kadeem Allen,25.0,18,107.18833333333333,11,12,2,3,19
2017-18,1626157,Karl-Anthony Towns,22.0,82,2918.1883333333335,1012,199,115,64,1743
2017-18,202695,Kawhi Leonard,27.0,9,209.86166666666668,42,21,9,18,146
2017-18,1627770,Kay Felder,23.0,16,139.54166666666666,18,20,1,3,57
2017-18,203482,Kelly Olynyk,27.0,76,1778.6816666666666,431,207,35,62,872
2017-18,1626162,Kelly Oubre Jr.,22.0,81,2230.6566666666668,363,98,35,80,953
2017-18,202689,Kemba Walker,28.0,80,2735.8783333333336,248,444,24,91,1770
2017-18,2570,Kendrick Perkins,33.0,1,14.533333333333333,1,2,0,1,3
2017-18,202702,Kenneth Faried,28.0,32,460.75333333333333,153,18,13,12,188
2017-18,203145,Kent Bazemore,28.0,65,1789.4416666666666,248,228,45,100,836
2017-18,203484,Kentavious Caldwell-Pope,25.0,74,2457.905,387,162,16,106,992
2017-18,201142,Kevin Durant,29.0,68,2325.095,464,366,119,50,1792
2017-18,201567,Kevin Love,29.0,59,1651.0083333333334,546,103,24,43,1039
2017-18,1626172,Kevon Looney,22.0,66,910.07,215,42,56,34,267
2017-18,203920,Khem Birch,25.0,42,578.4066666666666,180,34,21,15,178
2017-18,203114,Khris Middleton,26.0,82,2981.965,429,328,21,119,1652
2017-18,202691,Klay Thompson,28.0,73,2504.2166666666667,277,185,34,55,1461
2017-18,1628424,Kobi Simmons,20.0,32,643.0933333333334,50,68,5,18,196
2017-18,201585,Kosta Koufos,29.0,71,1391.065,472,87,32,47,477
2017-18,1627739,Kris Dunn,24.0,52,1524.8333333333333,221,310,27,104,699
2017-18,204001,Kristaps Porziņģis,22.0,48,1553.1683333333333,316,57,115,36,1088
2017-18,203937,Kyle Anderson,24.0,74,1978.39,396,202,60,115,585
2017-18,1627858,Kyle Collinsworth,26.0,32,479.5566666666667,107,56,9,17,101
2017-18,2594,Kyle Korver,37.0,73,1573.8716666666667,165,88,27,31,672
2017-18,1628398,Kyle Kuzma,22.0,77,2400.905,483,141,34,49,1242
2017-18,200768,Kyle Lowry,32.0,78,2509.6066666666666,434,537,19,85,1267
2017-18,203124,Kyle O'Quinn,28.0,77,1386.595,470,158,98,36,550
2017-18,202713,Kyle Singler,30.0,12,58.845,10,2,0,1,23
2017-18,202681,Kyrie Irving,26.0,60,1931.425,227,306,17,65,1466
2017-18,200746,LaMarcus Aldridge,32.0,75,2508.6183333333333,635,152,90,43,1735
2017-18,202362,Lance Stephenson,27.0,82,1850.0283333333334,424,235,17,46,757
2017-18,202498,Lance Thomas,30.0,73,1353.0583333333334,175,44,14,30,298
2017-18,204038,Langston Galloway,26.0,58,863.445,92,58,5,35,360
2017-18,203580,Larry Drew II,28.0,10,70.04166666666667,3,10,0,0,17
2017-18,1626204,Larry Nance Jr.,25.0,66,1420.5183333333334,452,82,38,88,573
2017-18,1628374,Lauri Markkanen,21.0,68,2020.02,508,79,40,39,1033
2017-18,2544,LeBron James,33.0,82,3025.588333333333,709,747,71,116,2251
2017-18,1628506,London Perrantes,23.0,14,65.52333333333333,4,5,1,2,7
2017-18,1628366,Lonzo Ball,20.0,52,1780.0566666666666,360,376,43,88,528
2017-18,203485,Lorenzo Brown,27.0,14,138.55,15,13,0,5,32
2017-18,101150,Lou Williams,31.0,79,2589.09,198,417,19,85,1782
2017-18,201601,Luc Mbah a Moute,31.0,61,1564.3466666666666,186,55,25,72,460
2017-18,203512,Lucas Nogueira,25.0,49,417.84,87,22,43,23,122
2017-18,1626242,Luis Montero,25.0,2,7.95,2,0,0,0,0
2017-18,202337,Luke Babbitt,29.0,50,714.7533333333333,96,31,7,8,259
2017-18,1628379,Luke Kennard,22.0,73,1462.7733333333333,176,124,13,44,558
2017-18,1628436,Luke Kornet,22.0,20,326.48833333333334,64,26,16,6,134
2017-18,2736,Luol Deng,33.0,1,13.133333333333333,0,1,0,1,2
2017-18,1627781,Malachi Richardson,22.0,26,323.315,34,13,1,10,89
2017-18,1627763,Malcolm Brogdon,25.0,48,1436.0166666666667,156,152,13,41,625
2017-18,1627098,Malcolm Delaney,29.0,54,1014.1666666666666,100,163,6,35,338
2017-18,1626259,Malcolm Miller,25.0,15,125.75,15,3,2,1,38
2017-18,1627736,Malik Beasley,21.0,62,582.7316666666667,71,31,7,15,196
2017-18,1628370,Malik Monk,20.0,63,853.505,66,91,9,20,421
2017-18,1628493,Mangok Mathiang,25.0,4,19.8,10,0,0,1,8
2017-18,1938,Manu Ginobili,40.0,65,1298.9183333333333,142,163,16,43,576
2017-18,202705,MarShon Brooks,29.0,7,192.58333333333334,21,25,3,11,141
2017-18,201188,Marc Gasol,33.0,73,2408.335,592,305,101,54,1258
2017-18,101162,Marcin Gortat,34.0,82,2074.495,623,151,61,40,690
2017-18,201158,Marco Belinelli,32.0,80,1946.7316666666666,151,148,12,66,971
2017-18,1627875,Marcus Georges-Hunt,24.0,42,224.36166666666668,16,7,0,6,59
2017-18,202694,Marcus Morris Sr.,28.0,54,1442.055,289,72,12,35,734
2017-18,1627779,Marcus Paige,24.0,5,28.016666666666666,4,3,0,0,12
2017-18,203935,Marcus Smart,24.0,54,1613.5883333333334,188,259,23,71,550
2017-18,201596,Mario Chalmers,32.0,66,1421.3516666666667,157,197,14,79,507
2017-18,1626209,Mario Hezonja,23.0,75,1657.0433333333333,281,106,31,81,722
2017-18,203900,Markel Brown,26.0,4,31.483333333333334,5,2,0,0,5
2017-18,1628365,Markelle Fultz,20.0,14,252.98166666666665,43,53,4,12,100
2017-18,202693,Markieff Morris,28.0,73,1967.7533333333333,409,142,38,56,841
2017-18,1627737,Marquese Chriss,20.0,72,1526.9,395,83,70,51,556
2017-18,203104,Marquis Teague,25.0,3,73.78333333333333,6,13,0,4,11
2017-18,201578,Marreese Speights,30.0,52,675.0333333333333,133,40,22,8,402
2017-18,1627850,Marshall Plumlee,25.0,8,51.75333333333333,17,2,1,0,14
2017-18,101107,Marvin Williams,32.0,78,2005.8516666666667,370,96,38,56,744
2017-18,203486,Mason Plumlee,28.0,74,1439.45,400,142,81,49,524
2017-18,1627856,Matt Costello,24.0,4,32.2,9,2,2,2,4
2017-18,1628475,Matt Williams Jr.,24.0,3,11.4,1,0,0,0,5
2017-18,203521,Matthew Dellavedova,27.0,38,712.495,64,145,0,14,164
2017-18,203090,Maurice Harkless,25.0,59,1263.77,162,53,43,48,385
2017-18,1628467,Maxi Kleber,26.0,72,1206.1083333333333,234,51,47,26,386
2017-18,203086,Meyers Leonard,26.0,33,253.63666666666666,70,17,0,7,112
2017-18,201563,Michael Beasley,29.0,74,1653.4416666666666,414,123,43,36,976
2017-18,203487,Michael Carter-Williams,26.0,52,834.7433333333333,138,116,23,44,239
2017-18,203077,Michael Kidd-Gilchrist,24.0,74,1850.2883333333334,302,71,32,51,681
2017-18,201144,Mike Conley,30.0,12,373.23833333333334,27,49,3,12,205
2017-18,1628455,Mike James,27.0,36,686.4883333333333,90,126,7,28,336
2017-18,203488,Mike Muscala,26.0,53,1060.0866666666666,230,51,27,31,405
2017-18,203118,Mike Scott,29.0,76,1406.315,247,80,10,23,668
2017-18,203101,Miles Plumlee,29.0,55,917.6316666666667,228,45,30,17,237
2017-18,1628462,Milos Teodosic,31.0,45,1134.055,126,209,5,23,429
2017-18,1628495,Milton Doyle,24.0,10,124.51666666666667,18,10,2,6,34
2017-18,1627851,Mindaugas Kuzminskas,28.0,1,1.85,0,0,0,0,0
2017-18,203141,Mirza Teletovic,32.0,10,159.16333333333333,23,10,1,4,71
2017-18,1628420,Monte Morris,23.0,3,25.285,2,7,0,3,10
2017-18,1626149,Montrezl Harrell,24.0,76,1293.175,306,74,52,36,836
2017-18,1627988,Myke Henry,25.0,20,378.07666666666665,38,22,6,31,107
2017-18,1626167,Myles Turner,22.0,65,1836.155,417,87,118,38,828
2017-18,203489,Nate Wolters,27.0,5,18.783333333333335,2,1,0,0,2
2017-18,1628513,Naz Mitrou-Long,24.0,1,0.5166666666666667,0,0,0,0,3
2017-18,202357,Nemanja Bjelica,30.0,67,1370.9583333333333,274,86,16,50,454
2017-18,2403,Nene,35.0,52,758.4066666666666,176,45,14,28,340
2017-18,203457,Nerlens Noel,24.0,30,471.64,168,20,22,31,131
2017-18,2555,Nick Collison,37.0,15,74.80666666666667,20,4,0,0,31
2017-18,201156,Nick Young,33.0,80,1393.1716666666666,125,36,7,38,581
2017-18,201587,Nicolas Batum,29.0,64,1980.8233333333333,306,349,23,65,740
2017-18,1627852,Nicolas Brussino,25.0,4,9.91,3,0,0,0,0
2017-18,1628502,Nigel Hayes-Davis,23.0,9,122.17166666666667,22,6,3,2,27
2017-18,203917,Nik Stauskas,24.0,41,523.3,64,39,4,9,181
2017-18,203999,Nikola Jokić,23.0,75,2442.505,803,458,61,90,1385
2017-18,202703,Nikola Mirotic,27.0,55,1493.98,405,80,39,44,859
2017-18,202696,Nikola Vučević,27.0,57,1683.1283333333333,523,191,62,56,939
2017-18,203943,Noah Vonleh,22.0,54,875.6633333333333,311,34,17,19,264
2017-18,1626181,Norman Powell,25.0,70,1061.5366666666666,119,89,16,37,385
2017-18,1628384,OG Anunoby,20.0,74,1481.4616666666666,184,55,14,52,438
2017-18,1627855,Okaro White,25.0,6,79.56333333333333,11,2,1,1,20
2017-18,204179,Omari Johnson,29.0,4,75.1,11,7,0,2,22
2017-18,201600,Omer Asik,31.0,18,182.12666666666667,47,3,4,2,22
2017-18,201956,Omri Casspi,30.0,53,741.5933333333334,200,51,19,18,300
2017-18,203490,Otto Porter Jr.,25.0,77,2431.536666666667,492,157,41,116,1134
2017-18,200782,P.J. Tucker,33.0,82,2281.1866666666665,457,77,26,78,502
2017-18,1628408,PJ Dozier,21.0,2,3.1883333333333335,1,0,0,0,2
2017-18,1627783,Pascal Siakam,24.0,81,1679.2266666666667,364,159,42,62,589
2017-18,1626192,Pat Connaughton,25.0,82,1487.8533333333332,161,91,22,23,441
2017-18,201976,Patrick Beverley,29.0,11,333.54833333333335,45,32,5,19,134
2017-18,1627775,Patrick McCaw,22.0,57,961.1333333333333,82,81,10,43,229
2017-18,202335,Patrick Patterson,29.0,82,1269.9183333333333,193,57,23,48,318
2017-18,201988,Patty Mills,29.0,82,2107.2516666666666,154,229,11,55,819
2017-18,2200,Pau Gasol,37.0,77,1811.9216666666666,619,238,79,24,775
2017-18,202331,Paul George,28.0,79,2890.7383333333332,447,263,39,161,1734
2017-18,200794,Paul Millsap,33.0,38,1143.4766666666667,245,105,44,39,555
2017-18,1627835,Paul Zipser,24.0,54,824.0,131,46,15,20,218
2017-18,203112,Quincy Acy,27.0,70,1359.2216666666666,257,57,29,33,411
2017-18,202347,Quincy Pondexter,30.0,23,195.69166666666666,27,9,2,8,45
2017-18,1626188,Quinn Cook,25.0,33,740.5033333333333,82,89,1,12,312
2017-18,1626154,RJ Hunter,24.0,5,45.07833333333333,5,3,0,3,19
2017-18,200765,Rajon Rondo,32.0,65,1704.965,263,533,10,70,537
2017-18,201196,Ramon Sessions,32.0,28,392.45166666666665,38,77,2,14,136
2017-18,1626173,Rashad Vaughn,21.0,28,211.96833333333333,21,13,3,5,64
2017-18,203526,Raul Neto,26.0,41,498.1566666666667,49,75,4,13,183
2017-18,101109,Raymond Felton,34.0,82,1364.7183333333332,156,203,16,49,565
2017-18,203493,Reggie Bullock Jr.,27.0,62,1731.56,154,95,13,47,698
2017-18,203687,Reggie Hearn,26.0,3,6.626666666666667,0,0,0,0,3
2017-18,202704,Reggie Jackson,28.0,45,1200.99,125,238,4,27,656
2017-18,2210,Richard Jefferson,38.0,20,163.37166666666667,17,15,1,2,30
2017-18,1626158,Richaun Holmes,24.0,48,745.9216666666666,211,61,29,20,311
2017-18,201937,Ricky Rubio,27.0,77,2254.4416666666666,351,410,11,121,1008
2017-18,203496,Robert Covington,27.0,80,2531.365,433,156,72,137,1009
2017-18,201577,Robin Lopez,30.0,64,1689.7766666666666,290,124,53,14,756
2017-18,203918,Rodney Hood,25.0,60,1615.4716666666666,165,95,12,45,882
2017-18,203585,Rodney McGruder,26.0,18,299.24,33,17,3,8,91
2017-18,1628681,Rodney Purvis,24.0,16,289.58666666666664,27,17,3,3,96
2017-18,1627758,Ron Baker,25.0,29,384.67333333333335,30,47,6,26,71
2017-18,1626178,Rondae Hollis-Jefferson,23.0,68,1920.5633333333333,459,167,48,65,946
2017-18,1626220,Royce O'Neale,25.0,69,1149.5516666666667,236,95,16,36,343
2017-18,200752,Rudy Gay,31.0,57,1231.1833333333334,291,73,38,46,655
2017-18,203497,Rudy Gobert,26.0,56,1816.04,601,80,129,44,756
2017-18,201566,Russell Westbrook,29.0,80,2913.6566666666668,804,820,20,147,2028
2017-18,201583,Ryan Anderson,30.0,66,1725.3666666666666,331,60,21,24,617
2017-18,1627853,Ryan Arcidiacono,24.0,24,304.12166666666667,25,35,0,13,48
2017-18,1626257,Salah Mejri,32.0,61,728.7566666666667,246,35,67,22,214
2017-18,1626155,Sam Dekker,24.0,73,882.7516666666667,174,38,9,24,303
2017-18,203816,Scotty Hopson,28.0,1,8.378333333333334,0,1,0,0,1
2017-18,203930,Sean Kilpatrick,28.0,52,640.055,87,46,5,13,330
2017-18,1628400,Semi Ojeleye,23.0,73,1150.21,161,20,4,21,195
2017-18,201586,Serge Ibaka,28.0,76,2093.2,478,62,99,29,959
2017-18,203498,Shabazz Muhammad,25.0,43,417.96666666666664,76,14,3,9,214
2017-18,203894,Shabazz Napier,26.0,74,1535.465,170,150,14,81,644
2017-18,203499,Shane Larkin,25.0,54,774.7116666666667,92,98,2,29,231
2017-18,1627885,Shaquille Harrison,24.0,23,384.4766666666667,61,55,7,26,152
2017-18,2733,Shaun Livingston,32.0,71,1129.3166666666666,131,140,21,35,394
2017-18,202714,Shelvin Mack,28.0,69,1364.735,166,272,8,54,473
2017-18,1628414,Sindarius Thornwell,23.0,73,1155.88,140,68,25,48,282
2017-18,1627746,Skal Labissiere,22.0,60,1240.2516666666668,287,72,49,25,523
2017-18,203524,Solomon Hill,27.0,12,187.12333333333333,36,22,1,7,29
2017-18,203915,Spencer Dinwiddie,25.0,80,2306.025,259,524,23,68,1007
2017-18,1626169,Stanley Johnson,22.0,69,1893.525,252,112,14,95,599
2017-18,201939,Stephen Curry,30.0,51,1630.7966666666666,261,310,8,80,1346
2017-18,1628425,Sterling Brown,23.0,54,776.4466666666667,143,25,13,31,217
2017-18,203500,Steven Adams,24.0,76,2486.8516666666665,685,88,78,92,1056
2017-18,1628388,T.J. Leaf,21.0,53,459.24333333333334,82,9,4,5,156
2017-18,204456,T.J. McConnell,26.0,76,1706.6133333333332,226,303,13,92,478
2017-18,203933,T.J. Warren,24.0,65,2141.766666666667,333,85,41,65,1271
2017-18,201959,Taj Gibson,33.0,82,2726.37,584,99,59,62,999
2017-18,204028,Tarik Black,26.0,51,536.5,163,13,30,21,180
2017-18,1627752,Taurean Prince,24.0,82,2464.02,389,214,42,85,1158
2017-18,1628390,Terrance Ferguson,20.0,61,763.0966666666667,47,19,10,24,189
2017-18,203082,Terrence Ross,27.0,24,600.3833333333333,73,38,11,27,209
2017-18,1626179,Terry Rozier,24.0,80,2068.14,376,232,19,80,900
2017-18,200757,Thabo Sefolosha,34.0,38,805.565,161,33,12,52,312
2017-18,201152,Thaddeus Young,30.0,81,2607.0316666666668,512,152,36,135,955
2017-18,1628418,Thomas Bryant,20.0,15,72.285,17,6,2,1,22
2017-18,1627748,Thon Maker,21.0,74,1237.885,225,46,53,38,356
2017-18,204025,Tim Frazier,27.0,59,837.9083333333333,115,194,7,47,176
2017-18,203501,Tim Hardaway Jr.,26.0,57,1884.955,224,155,10,62,996
2017-18,1627817,Tim Quarterman,23.0,3,12.75,3,1,0,0,4
2017-18,202389,Timofey Mozgov,31.0,31,359.48333333333335,98,11,13,5,131
2017-18,1627789,Timothe Luwawu-Cabarrot,23.0,52,806.565,72,54,5,12,299
2017-18,202699,Tobias Harris,25.0,80,2667.983333333333,437,192,35,71,1486
2017-18,203107,Tomas Satoransky,26.0,73,1642.6533333333334,233,286,15,52,524
2017-18,2754,Tony Allen,36.0,22,272.54833333333335,47,9,3,11,103
2017-18,1628396,Tony Bradley,20.0,9,29.1,11,1,0,0,8
2017-18,2225,Tony Parker,36.0,55,1070.8716666666667,95,195,1,28,421
2017-18,203503,Tony Snell,26.0,75,2053.2883333333334,141,98,28,47,516
2017-18,1628470,Torrey Craig,27.0,39,628.8816666666667,127,25,15,12,163
2017-18,204037,Travis Wear,27.0,17,227.79666666666665,38,7,5,4,75
2017-18,1626203,Treveon Graham,24.0,63,1049.5383333333334,121,59,2,33,273
2017-18,2772,Trevor Ariza,33.0,67,2269.201666666667,294,105,13,98,782
2017-18,202344,Trevor Booker,30.0,68,1158.09,318,82,21,28,428
2017-18,203504,Trey Burke,25.0,36,784.655,71,170,4,24,461
2017-18,1626168,Trey Lyles,22.0,73,1390.6816666666666,347,91,34,30,724
2017-18,203590,Trey McKinney-Jones,27.0,1,1.2333333333333334,0,0,0,0,0
2017-18,202684,Tristan Thompson,27.0,53,1072.245,352,33,17,16,307
2017-18,203584,Troy Daniels,26.0,79,1622.33,127,48,5,26,703
2017-18,1627786,Troy Williams,23.0,21,307.2033333333333,63,16,4,20,133
2017-18,1628463,Tyler Cavanaugh,24.0,39,518.48,127,27,4,9,183
2017-18,1628416,Tyler Dorsey,22.0,56,974.21,130,79,5,17,405
2017-18,203898,Tyler Ennis,23.0,54,683.3766666666667,95,105,10,30,224
2017-18,204020,Tyler Johnson,26.0,72,2052.241666666667,248,165,34,60,843
2017-18,1628399,Tyler Lydon,22.0,1,2.1666666666666665,0,0,0,0,0
2017-18,1627755,Tyler Ulis,22.0,71,1658.4616666666666,128,311,7,70,554
2017-18,203092,Tyler Zeller,28.0,66,1108.16,305,47,35,15,441
2017-18,201936,Tyreke Evans,28.0,52,1607.1616666666666,265,269,17,57,1010
2017-18,1627820,Tyrone Wallace,24.0,30,851.185,105,71,13,27,291
2017-18,2199,Tyson Chandler,35.0,46,1150.6933333333334,418,53,27,16,300
2017-18,1626145,Tyus Jones,22.0,82,1466.81,132,232,6,95,416
2017-18,2617,Udonis Haslem,38.0,14,71.66333333333333,10,5,2,0,8
2017-18,203505,Vander Blue,25.0,5,44.916666666666664,1,3,0,1,3
2017-18,203506,Victor Oladipo,26.0,75,2552.0383333333334,390,323,57,177,1735
2017-18,1713,Vince Carter,41.0,58,1025.99,148,69,26,42,313
2017-18,1626205,Vincent Hunter,23.0,4,7.406666666666666,3,0,1,0,6
2017-18,1627735,Wade Baldwin IV,22.0,7,80.48166666666667,8,5,1,2,38
2017-18,1627215,Walt Lemon Jr.,25.0,5,35.10166666666667,2,5,1,0,17
2017-18,201961,Wayne Ellington,30.0,77,2041.2033333333334,218,79,8,53,864
2017-18,1627782,Wayne Selden,23.0,35,691.33,56,66,5,18,325
2017-18,1628411,Wes Iwundu,23.0,62,1020.305,137,57,12,33,229
2017-18,202325,Wesley Johnson,30.0,74,1486.4116666666666,216,61,62,76,403
2017-18,202083,Wesley Matthews,31.0,63,2131.4333333333334,198,172,16,76,802
2017-18,203115,Will Barton,27.0,81,2682.9016666666666,409,331,52,82,1268
2017-18,1626161,Willie Cauley-Stein,24.0,73,2043.8233333333333,510,172,67,77,932
2017-18,203186,Willie Reed,28.0,42,427.855,121,10,22,9,195
2017-18,1626195,Willy Hernangomez,24.0,48,494.325,183,33,16,18,246
2017-18,201163,Wilson Chandler,31.0,74,2346.2533333333336,398,159,39,43,738
2017-18,204098,Xavier Munford,26.0,6,20.753333333333334,1,4,0,1,3
2017-18,1628504,Xavier Rathan-Mayes,24.0,5,117.79,5,18,3,6,29
2017-18,202918,Xavier Silas,30.0,2,7.498333333333333,2,0,0,1,0
2017-18,1627812,Yogi Ferrell,25.0,82,2281.485,249,201,9,64,838
2017-18,1628380,Zach Collins,20.0,66,1045.45,221,52,31,17,292
2017-18,203897,Zach LaVine,23.0,24,656.2866666666666,94,72,4,24,401
2017-18,2216,Zach Randolph,36.0,59,1507.6116666666667,397,127,10,42,857
2017-18,2585,Zaza Pachulia,34.0,69,971.7466666666667,321,109,17,38,373
2017-18,1627753,Zhou Qi,22.0,18,123.96666666666667,22,2,14,2,22
2018-19,203932,Aaron Gordon,23.0,78,2632.5333333333333,574,289,56,57,1246
2018-19,1628988,Aaron Holiday,22.0,50,645.83,67,87,13,21,294
2018-19,1627846,Abdel Nader,25.0,61,693.6566666666666,116,20,12,20,241
2018-19,201143,Al Horford,33.0,68,1972.6833333333334,458,283,86,59,925
2018-19,202329,Al-Farouq Aminu,28.0,81,2291.6983333333333,610,104,33,68,760
2018-19,1626210,Alan Williams,26.0,5,25.533333333333335,19,3,0,1,18
2018-19,202692,Alec Burks,27.0,64,1374.9466666666667,235,128,21,39,561
2018-19,203518,Alex Abrines,25.0,31,588.2733333333333,48,20,6,17,165
2018-19,1627936,Alex Caruso,25.0,25,531.1266666666667,67,77,9,24,229
2018-19,203458,Alex Len,26.0,77,1544.075,424,86,69,27,854
2018-19,1627816,Alex Poythress,25.0,21,304.9,76,17,10,4,107
2018-19,1628035,Alfonzo McKinnie,26.0,72,1003.3583333333333,247,31,15,18,337
2018-19,1628993,Alize Johnson,23.0,14,64.43333333333334,19,1,3,1,13
2018-19,203459,Allen Crabbe,27.0,43,1133.0883333333334,148,46,13,23,413
2018-19,1629019,Allonzo Trier,23.0,64,1458.5633333333333,197,119,14,28,695
2018-19,1628518,Amile Jefferson,26.0,12,68.25,21,3,3,3,27
2018-19,101161,Amir Johnson,32.0,51,529.1716666666666,147,60,13,16,201
2018-19,203083,Andre Drummond,25.0,79,2646.89,1232,112,138,136,1370
2018-19,2738,Andre Iguodala,35.0,68,1577.88,252,216,51,61,389
2018-19,201281,Andre Ingram,33.0,4,14.626666666666667,2,0,0,1,0
2018-19,101106,Andrew Bogut,34.0,11,134.36333333333334,55,11,8,3,39
2018-19,1626150,Andrew Harrison,24.0,17,185.785,20,24,2,4,54
2018-19,203952,Andrew Wiggins,24.0,73,2542.713333333333,352,184,48,70,1321
2018-19,1629014,Anfernee Simons,20.0,20,140.50833333333333,13,13,0,1,75
2018-19,1629116,Angel Delgado,24.0,2,14.766666666666667,4,0,0,1,3
2018-19,1627790,Ante Zizic,22.0,59,1081.9683333333332,320,53,22,13,459
2018-19,203076,Anthony Davis,26.0,56,1849.8833333333334,672,218,135,88,1452
2018-19,201229,Anthony Tolliver,34.0,65,1079.3416666666667,177,46,21,17,326
2018-19,1628469,Antonio Blakeney,22.0,57,829.0366666666666,106,42,9,12,418
2018-19,203382,Aron Baynes,32.0,51,820.795,240,57,34,12,284
2018-19,203085,Austin Rivers,26.0,76,2027.7266666666667,162,167,23,47,618
2018-19,202340,Avery Bradley,28.0,63,1905.4483333333333,175,152,16,41,625
2018-19,1629168,BJ Johnson,23.0,7,49.35,8,0,0,2,23
2018-19,1628389,Bam Adebayo,21.0,82,1912.6,597,184,65,71,729
2018-19,203463,Ben McLemore,26.0,19,157.62333333333333,17,4,3,6,75
2018-19,1627732,Ben Simmons,22.0,79,2700.2633333333333,697,610,61,112,1337
2018-19,1628656,Billy Garrett,24.0,4,63.43333333333333,3,7,1,1,26
2018-19,202687,Bismack Biyombo,26.0,54,782.4416666666667,247,33,41,11,236
2018-19,201933,Blake Griffin,30.0,75,2622.3333333333335,565,402,28,52,1841
2018-19,1626246,Boban Marjanovic,30.0,58,680.6583333333333,265,54,27,16,422
2018-19,1626171,Bobby Portis,24.0,50,1298.1766666666667,403,72,20,35,710
2018-19,203992,Bogdan Bogdanović,26.0,70,1947.17,243,267,15,72,990
2018-19,202711,Bojan Bogdanovic,30.0,81,2573.0583333333334,333,161,1,69,1454
2018-19,1629045,Bonzie Colson,23.0,8,98.47666666666667,30,3,1,5,39
2018-19,202954,Brad Wanamaker,29.0,36,342.60833333333335,41,56,2,12,140
2018-19,203078,Bradley Beal,26.0,82,3027.6516666666666,411,448,58,121,2099
2018-19,1629164,Brandon Goodwin,23.0,16,57.053333333333335,3,14,0,0,23
2018-19,1627742,Brandon Ingram,21.0,52,1760.4933333333333,267,154,31,28,950
2018-19,202688,Brandon Knight,27.0,39,736.545,59,71,2,21,266
2018-19,1629102,Brandon Sampson,22.0,14,214.305,16,10,3,8,71
2018-19,201572,Brook Lopez,31.0,81,2321.595,396,98,179,51,1009
2018-19,1628971,Bruce Brown,22.0,74,1449.3166666666666,185,91,36,40,319
2018-19,203998,Bruno Caboclo,23.0,34,799.7016666666667,158,50,33,14,282
2018-19,1627854,Bryn Forbes,25.0,82,2292.6,239,175,4,45,967
2018-19,1627741,Buddy Hield,26.0,82,2614.858333333333,412,205,33,58,1695
2018-19,203710,C.J. Williams,29.0,15,128.16666666666666,8,12,0,6,39
2018-19,203468,CJ McCollum,27.0,70,2375.2566666666667,282,207,28,55,1468
2018-19,101139,CJ Miles,32.0,53,856.595,95,36,15,26,339
2018-19,1628403,Caleb Swanigan,22.0,21,178.03333333333333,64,11,1,6,43
2018-19,1629244,Cam Reynolds,24.0,19,259.4483333333333,31,13,2,6,95
2018-19,1626166,Cameron Payne,24.0,40,712.225,72,106,9,28,250
2018-19,1627747,Caris LeVert,24.0,40,1062.8866666666668,151,156,14,42,547
2018-19,2546,Carmelo Anthony,35.0,10,294.14166666666665,54,5,7,4,134
2018-19,1626224,Cedi Osman,24.0,76,2443.911666666667,357,195,11,60,991
2018-19,1628990,Chandler Hutchison,23.0,44,894.615,185,34,6,23,229
2018-19,202718,Chandler Parsons,30.0,25,495.77,70,43,5,19,187
2018-19,101112,Channing Frye,36.0,36,340.995,52,20,5,6,129
2018-19,1626184,Chasson Randle,26.0,49,742.91,56,97,3,25,271
2018-19,1627767,Cheick Diallo,22.0,64,895.645,332,33,33,29,387
2018-19,1629002,Chimezie Metu,22.0,29,145.44,36,13,2,6,51
2018-19,1628449,Chris Boucher,26.0,28,163.16166666666666,56,2,24,6,93
2018-19,1629185,Chris Chiozza,23.0,7,32.53333333333333,4,4,1,1,6
2018-19,101108,Chris Paul,34.0,58,1856.775,265,473,18,114,906
2018-19,1626174,Christian Wood,23.0,21,250.305,83,8,10,7,172
2018-19,203991,Clint Capela,25.0,67,2248.7283333333335,848,96,102,44,1114
2018-19,203469,Cody Zeller,26.0,49,1242.9633333333334,333,102,41,38,497
2018-19,1629012,Collin Sexton,20.0,82,2605.0233333333335,236,243,6,44,1371
2018-19,201147,Corey Brewer,33.0,31,491.5683333333333,76,39,7,32,151
2018-19,202709,Cory Joseph,27.0,82,2063.4816666666666,279,321,22,94,537
2018-19,201584,Courtney Lee,33.0,34,428.23,54,37,3,21,136
2018-19,1626245,Cristiano Felicio,26.0,60,746.3966666666666,218,37,7,11,240
2018-19,1626156,D'Angelo Russell,23.0,81,2447.955,315,563,20,100,1712
2018-19,201571,D.J. Augustin,31.0,81,2268.9616666666666,203,426,4,52,948
2018-19,1628391,D.J. Wilson,23.0,48,882.0383333333333,222,52,20,18,280
2018-19,203474,DJ Stephens,28.0,1,6.733333333333333,0,0,0,1,2
2018-19,1629541,Dairis Bertans,29.0,12,167.04333333333332,9,10,0,1,34
2018-19,1627745,Damian Jones,24.0,24,409.61833333333334,75,28,25,12,130
2018-19,203081,Damian Lillard,28.0,80,2837.7566666666667,371,551,34,88,2067
2018-19,1627814,Damion Lee,26.0,32,375.18833333333333,64,13,0,13,158
2018-19,1628422,Damyean Dotson,25.0,73,2003.805,262,135,10,58,779
2018-19,1627772,Daniel Hamilton,23.0,19,204.17166666666665,47,22,1,6,57
2018-19,1628464,Daniel Theis,27.0,66,907.58,225,68,42,21,374
2018-19,201568,Danilo Gallinari,30.0,68,2059.2116666666666,417,178,23,49,1346
2018-19,201980,Danny Green,32.0,80,2215.465,317,126,53,73,821
2018-19,201967,Dante Cunningham,32.0,64,928.46,188,50,13,27,194
2018-19,203957,Dante Exum,23.0,42,664.0483333333333,68,110,5,14,288
2018-19,1627863,Danuel House Jr.,26.0,39,978.665,140,40,11,21,366
2018-19,203967,Dario Saric,25.0,81,2022.4116666666666,457,127,9,45,858
2018-19,203121,Darius Miller,29.0,69,1757.505,128,146,23,40,567
2018-19,201954,Darren Collison,31.0,76,2143.1783333333333,232,459,9,110,853
2018-19,1629133,Daryl Macon,23.0,8,89.84666666666666,12,7,0,1,29
2018-19,1628021,David Nwaba,26.0,51,984.23,163,54,17,36,334
2018-19,202722,Davis Bertans,26.0,76,1631.7083333333333,264,100,33,35,606
2018-19,1628432,Davon Reed,24.0,10,46.916666666666664,6,3,0,1,12
2018-19,1628368,De'Aaron Fox,21.0,81,2545.8433333333332,304,590,45,133,1399
2018-19,1629001,De'Anthony Melton,21.0,50,983.89,134,159,23,68,250
2018-19,201599,DeAndre Jordan,30.0,69,2047.1833333333334,902,156,73,42,758
2018-19,1627761,DeAndre' Bembry,24.0,82,1931.28,358,202,41,105,687
2018-19,201942,DeMar DeRozan,29.0,77,2688.1566666666668,462,475,36,86,1635
2018-19,202326,DeMarcus Cousins,28.0,30,770.5783333333334,247,107,44,40,488
2018-19,201960,DeMarre Carroll,32.0,67,1703.4583333333333,349,85,10,31,744
2018-19,1629152,DeVaughn Akoon-Purcell,26.0,7,21.64666666666667,4,6,0,2,7
2018-19,1629028,Deandre Ayton,20.0,71,2182.6883333333335,729,125,67,61,1159
2018-19,1626153,Delon Wright,27.0,75,1698.4366666666667,266,248,30,88,653
2018-19,1627743,Demetrius Jackson,24.0,6,39.45166666666667,3,5,0,2,22
2018-19,1629061,Deng Adel,22.0,19,194.17,19,5,4,1,32
2018-19,203471,Dennis Schröder,25.0,79,2313.7516666666666,284,323,12,65,1224
2018-19,1628372,Dennis Smith Jr.,21.0,53,1508.475,155,252,20,67,722
2018-19,1629126,Deonte Burton,25.0,32,239.88166666666666,28,9,8,6,82
2018-19,202324,Derrick Favors,27.0,76,1766.4716666666666,560,89,106,56,897
2018-19,1627884,Derrick Jones Jr.,22.0,60,1153.5366666666666,240,37,42,46,422
2018-19,201565,Derrick Rose,30.0,51,1392.1616666666666,140,220,12,31,917
2018-19,1628401,Derrick White,24.0,67,1727.9733333333334,247,263,47,67,663
2018-19,1626164,Devin Booker,22.0,64,2242.1183333333333,265,433,13,56,1700
2018-19,2734,Devin Harris,36.0,68,1070.59,112,122,16,35,428
2018-19,1628421,Devin Robinson,24.0,7,94.51666666666667,20,6,6,4,47
2018-19,1628984,Devonte' Graham,24.0,46,676.095,63,121,2,23,217
2018-19,203473,Dewayne Dedmon,29.0,64,1609.2066666666667,480,90,71,69,693
2018-19,1627738,Deyonta Davis,22.0,9,118.435,36,5,5,3,36
2018-19,1628415,Dillon Brooks,23.0,18,329.895,31,16,4,10,135
2018-19,203079,Dion Waiters,27.0,44,1137.9033333333334,116,121,9,29,527
2018-19,1717,Dirk Nowitzki,41.0,51,795.14,158,35,18,9,373
2018-19,1627734,Domantas Sabonis,23.0,74,1838.4466666666667,690,212,30,48,1043
2018-19,202700,Donatas Motiejunas,28.0,3,12.783333333333333,3,1,1,0,6
2018-19,1628378,Donovan Mitchell,22.0,77,2598.2716666666665,316,322,31,106,1829
2018-19,1628978,Donte DiVincenzo,22.0,27,411.2866666666667,65,31,6,13,131
2018-19,1629055,Donte Grantham,24.0,3,2.4316666666666666,0,0,0,0,0
2018-19,1627827,Dorian Finney-Smith,26.0,81,1985.2833333333333,389,95,36,69,608
2018-19,203926,Doug McDermott,27.0,77,1339.665,109,67,8,18,564
2018-19,1627733,Dragan Bender,21.0,46,826.2083333333334,183,56,22,18,230
2018-19,203110,Draymond Green,29.0,66,2064.693333333333,481,454,70,95,486
2018-19,1629234,Drew Eubanks,22.0,23,113.41,34,7,5,2,41
2018-19,1629130,Duncan Robinson,25.0,15,160.93666666666667,19,5,0,5,50
2018-19,1628605,Dusty Hannahs,25.0,2,25.916666666666668,1,5,0,1,8
2018-19,1628407,Dwayne Bacon,23.0,43,758.6683333333333,89,47,5,12,316
2018-19,2730,Dwight Howard,33.0,9,229.53666666666666,83,4,4,7,115
2018-19,203939,Dwight Powell,27.0,77,1662.535,411,112,50,44,815
2018-19,2548,Dwyane Wade,37.0,72,1885.2266666666667,285,301,38,59,1083
2018-19,1629058,Dzanan Musa,20.0,9,39.288333333333334,5,2,0,2,19
2018-19,202734,E'Twaun Moore,30.0,53,1463.0133333333333,127,102,8,40,633
2018-19,202334,Ed Davis,30.0,81,1446.0116666666668,694,61,33,35,472
2018-19,1628410,Edmond Sumner,23.0,23,209.83833333333334,24,10,5,12,66
2018-19,202327,Ekpe Udoh,32.0,51,320.01166666666666,90,28,31,10,119
2018-19,203901,Elfrid Payton,25.0,42,1249.7733333333333,220,320,17,44,446
2018-19,1629059,Elie Okobo,21.0,53,958.19,98,127,7,32,304
2018-19,1629150,Emanuel Terry,22.0,3,22.731666666666666,7,2,0,3,10
2018-19,1626144,Emmanuel Mudiay,23.0,59,1607.0616666666667,196,228,19,43,873
2018-19,202683,Enes Freedom,27.0,67,1639.3783333333333,659,116,26,32,915
2018-19,202339,Eric Bledsoe,29.0,78,2271.705,362,430,29,116,1241
2018-19,201569,Eric Gordon,30.0,68,2158.01,148,129,27,41,1103
2018-19,203961,Eric Moreland,27.0,5,43.20666666666666,20,4,1,1,7
2018-19,101141,Ersan Ilyasova,32.0,67,1231.3133333333333,302,52,20,32,453
2018-19,203095,Evan Fournier,26.0,81,2553.2816666666668,258,295,12,71,1226
2018-19,202323,Evan Turner,30.0,73,1605.7133333333334,328,283,18,33,494
2018-19,1628402,Frank Jackson,21.0,61,1168.8633333333332,134,69,2,25,495
2018-19,1626163,Frank Kaminsky,26.0,47,754.69,163,63,12,12,405
2018-19,1628412,Frank Mason III,25.0,38,435.47833333333335,43,84,4,16,195
2018-19,1628373,Frank Ntilikina,20.0,43,903.6033333333334,87,121,14,30,246
2018-19,1627832,Fred VanVleet,25.0,64,1760.2533333333333,167,307,20,57,701
2018-19,1627788,Furkan Korkmaz,21.0,48,679.2316666666667,107,52,2,29,279
2018-19,202066,Garrett Temple,33.0,75,2040.5916666666667,216,106,30,76,586
2018-19,1629109,Gary Clark,24.0,51,640.6066666666667,116,18,26,20,148
2018-19,203914,Gary Harris,24.0,57,1639.2433333333333,160,127,19,55,737
2018-19,1627780,Gary Payton II,26.0,3,15.916666666666666,2,4,1,3,11
2018-19,1629018,Gary Trent Jr.,20.0,15,110.55,11,5,2,1,40
2018-19,201588,George Hill,33.0,60,1302.305,148,135,8,52,458
2018-19,1628994,George King,25.0,1,5.9,1,0,0,0,0
2018-19,1627777,Georges Niang,26.0,59,516.3483333333334,87,35,6,10,235
2018-19,101123,Gerald Green,33.0,73,1472.9816666666666,182,40,27,33,675
2018-19,203507,Giannis Antetokounmpo,24.0,72,2358.221666666667,898,424,110,92,1994
2018-19,203922,Glenn Robinson III,25.0,47,610.1116666666667,71,21,8,14,198
2018-19,201609,Goran Dragic,33.0,36,990.5166666666667,111,174,5,30,494
2018-19,202330,Gordon Hayward,29.0,72,1863.3383333333334,322,244,23,62,825
2018-19,203476,Gorgui Dieng,29.0,76,1031.2216666666666,311,72,41,48,485
2018-19,1628960,Grayson Allen,23.0,38,416.29333333333335,23,25,6,6,211
2018-19,202328,Greg Monroe,29.0,43,479.9166666666667,172,24,8,14,230
2018-19,1627824,Guerschon Yabusele,23.0,41,250.80333333333334,53,15,7,8,94
2018-19,1628977,Hamidou Diallo,20.0,51,526.28,97,17,10,21,190
2018-19,203084,Harrison Barnes,27.0,77,2532.5933333333332,361,115,13,50,1265
2018-19,1628385,Harry Giles III,21.0,58,819.99,222,85,22,31,408
2018-19,202355,Hassan Whiteside,30.0,72,1674.2266666666667,817,56,136,46,887
2018-19,1629312,Haywood Highsmith,22.0,5,39.78333333333333,5,2,0,1,9
2018-19,1627740,Henry Ellenson,22.0,19,259.1066666666667,66,16,2,7,114
2018-19,203546,Ian Clark,28.0,60,972.5783333333334,89,94,8,22,401
2018-19,101133,Ian Mahinmi,32.0,34,497.76666666666665,128,25,16,25,139
2018-19,1628387,Ike Anigbogu,20.0,3,6.15,3,1,1,0,0
2018-19,202697,Iman Shumpert,29.0,62,1480.8,183,112,24,59,465
2018-19,1629067,Isaac Bonga,19.0,22,120.025,25,15,4,9,19
2018-19,1629353,Isaac Humphries,21.0,5,56.43333333333333,11,0,0,1,15
2018-19,1628515,Isaiah Briscoe,23.0,39,559.23,74,87,2,11,136
2018-19,203477,Isaiah Canaan,28.0,30,627.9233333333333,58,84,2,14,181
2018-19,1628392,Isaiah Hartenstein,21.0,28,221.26,47,15,12,7,53
2018-19,1628439,Isaiah Hicks,24.0,3,32.333333333333336,7,2,3,1,12
2018-19,202738,Isaiah Thomas,30.0,12,180.78,13,23,1,5,97
2018-19,202397,Ish Smith,30.0,56,1250.99,145,203,11,28,501
2018-19,1628397,Ivan Rabb,22.0,49,720.6816666666666,206,54,14,17,284
2018-19,1627826,Ivica Zubac,22.0,59,1039.2,362,63,51,14,525
2018-19,200826,J.J. Barea,35.0,38,751.8083333333333,95,211,1,22,415
2018-19,1629122,J.P. Macura,24.0,2,16.833333333333332,3,2,0,0,6
2018-19,200755,JJ Redick,35.0,76,2379.116666666667,186,206,17,32,1372
2018-19,2747,JR Smith,33.0,11,222.335,18,21,3,11,74
2018-19,203960,JaKarr Sampson,26.0,4,127.26666666666667,32,4,3,4,80
2018-19,203210,JaMychal Green,29.0,65,1370.5833333333333,409,50,34,45,611
2018-19,201580,JaVale McGee,31.0,75,1670.6933333333334,566,52,148,47,897
2018-19,203953,Jabari Parker,24.0,64,1724.2716666666668,421,152,30,46,930
2018-19,1628980,Jacob Evans,22.0,30,203.59666666666666,25,23,3,5,40
2018-19,203109,Jae Crowder,28.0,80,2165.7316666666666,384,133,31,64,951
2018-19,1626143,Jahlil Okafor,23.0,59,934.8483333333334,278,40,40,15,484
2018-19,1627774,Jake Layman,25.0,71,1326.9366666666667,217,53,30,31,541
2018-19,1627751,Jakob Poeltl,23.0,77,1272.655,410,93,68,29,423
2018-19,1628973,Jalen Brunson,22.0,73,1591.2583333333334,169,230,4,37,678
2018-19,1627883,Jalen Jones,26.0,16,214.12333333333333,34,7,2,9,81
2018-19,2037,Jamal Crawford,39.0,64,1210.9116666666666,85,229,12,33,508
2018-19,1627750,Jamal Murray,22.0,75,2447.3116666666665,317,363,27,67,1367
2018-19,203516,James Ennis III,28.0,58,1229.6383333333333,182,41,23,41,389
2018-19,201935,James Harden,29.0,78,2866.725,518,586,58,158,2818
2018-19,201949,James Johnson,32.0,55,1163.8383333333334,176,135,27,35,428
2018-19,203263,James Nunnally,28.0,15,101.49333333333334,5,7,0,1,36
2018-19,201162,Jared Dudley,33.0,59,1219.6483333333333,155,83,16,36,287
2018-19,1629123,Jared Terrell,24.0,14,110.92166666666667,6,12,2,3,31
2018-19,1626185,Jarell Martin,25.0,42,327.88,73,18,8,3,115
2018-19,1628991,Jaren Jackson Jr.,19.0,58,1514.6883333333333,272,64,82,52,798
2018-19,1628417,Jaron Blossomgame,25.0,27,439.16,98,13,8,7,114
2018-19,1629020,Jarred Vanderbilt,20.0,17,69.18666666666667,23,3,1,6,24
2018-19,1628386,Jarrett Allen,21.0,80,2095.97,672,110,120,43,873
2018-19,201160,Jason Smith,33.0,20,190.51666666666668,52,14,7,3,65
2018-19,1628393,Jawun Evans,22.0,8,64.34833333333333,12,10,0,3,6
2018-19,1629121,Jaylen Adams,23.0,34,427.5883333333333,60,65,5,14,108
2018-19,1627759,Jaylen Brown,22.0,74,1913.3516666666667,313,100,32,69,964
2018-19,1628537,Jaylen Morris,23.0,4,28.513333333333332,5,4,0,2,10
2018-19,1628369,Jayson Tatum,21.0,79,2454.6966666666667,477,168,57,84,1243
2018-19,201145,Jeff Green,32.0,77,2096.6883333333335,309,137,39,43,946
2018-19,201952,Jeff Teague,31.0,42,1264.035,106,343,18,43,510
2018-19,1629203,Jemerrio Jones,24.0,6,143.11666666666667,49,13,5,7,27
2018-19,203924,Jerami Grant,25.0,80,2612.26,417,79,100,61,1090
2018-19,203087,Jeremy Lamb,27.0,79,2250.09,434,172,32,88,1208
2018-19,202391,Jeremy Lin,30.0,74,1436.3133333333333,179,231,13,47,707
2018-19,1626170,Jerian Grant,26.0,60,938.7733333333333,98,156,6,44,250
2018-19,1629010,Jerome Robinson,22.0,33,320.52,41,19,3,11,112
2018-19,201573,Jerryd Bayless,30.0,34,656.9966666666667,62,119,2,18,209
2018-19,1628975,Jevon Carter,23.0,39,576.5016666666667,66,69,11,26,172
2018-19,202690,Jimmer Fredette,30.0,6,64.76666666666667,7,8,0,3,22
2018-19,202710,Jimmy Butler III,29.0,65,2184.9766666666665,342,263,39,123,1215
2018-19,201149,Joakim Noah,34.0,42,692.485,238,89,31,20,298
2018-19,201975,Jodie Meeks,31.0,8,104.04,12,8,1,1,51
2018-19,1629147,Joe Chealey,23.0,1,7.75,0,1,0,0,2
2018-19,203925,Joe Harris,27.0,76,2293.5216666666665,291,181,17,38,1041
2018-19,204060,Joe Ingles,31.0,82,2567.5666666666666,330,469,20,98,994
2018-19,203954,Joel Embiid,25.0,64,2154.305,871,234,122,46,1761
2018-19,1628381,John Collins,21.0,61,1828.4016666666666,595,121,39,22,1188
2018-19,203089,John Henson,28.0,14,188.40833333333333,71,14,11,7,79
2018-19,204066,John Holland,30.0,1,0.7366666666666667,0,0,0,0,0
2018-19,203098,John Jenkins,28.0,26,333.105,37,22,2,0,121
2018-19,202322,John Wall,28.0,32,1103.78,116,279,29,49,663
2018-19,1628405,Johnathan Motley,24.0,22,156.01833333333335,51,11,3,5,102
2018-19,1629140,Johnathan Williams,24.0,24,371.7033333333333,99,13,7,8,157
2018-19,202720,Jon Leuer,30.0,41,402.36833333333334,97,14,4,12,156
2018-19,1628413,Jonah Bolden,23.0,44,638.6716666666666,165,40,39,17,207
2018-19,201973,Jonas Jerebko,32.0,73,1217.9633333333334,288,96,18,27,459
2018-19,202685,Jonas Valančiūnas,27.0,49,1091.1733333333334,419,70,53,19,763
2018-19,1628371,Jonathan Isaac,21.0,75,1996.1833333333334,411,80,98,59,720
2018-19,203613,Jonathon Simmons,29.0,56,1064.265,126,128,15,29,366
2018-19,1628395,Jordan Bell,24.0,68,788.29,184,76,51,20,223
2018-19,203903,Jordan Clarkson,27.0,81,2214.48,270,196,13,57,1364
2018-19,1628070,Jordan Loyd,25.0,12,54.833333333333336,9,6,0,0,29
2018-19,203895,Jordan McRae,28.0,27,332.8433333333333,40,30,7,13,160
2018-19,1626296,Jordan Sibert,26.0,1,4.233333333333333,0,0,0,0,3
2018-19,101181,Jose Calderon,37.0,49,631.9633333333334,60,115,3,16,113
2018-19,1628404,Josh Hart,24.0,67,1714.815,248,93,40,64,525
2018-19,1628367,Josh Jackson,22.0,79,1988.1266666666668,347,183,56,74,910
2018-19,1629006,Josh Okogie,20.0,74,1757.17,218,91,33,88,570
2018-19,1626196,Josh Richardson,25.0,73,2539.43,263,298,34,79,1209
2018-19,201950,Jrue Holiday,29.0,67,2401.9283333333333,334,518,54,109,1420
2018-19,1627823,Juancho Hernangomez,23.0,70,1358.1566666666668,265,55,24,27,408
2018-19,1627395,Julian Washburn,27.0,18,253.88666666666666,41,14,2,13,40
2018-19,203944,Julius Randle,24.0,73,2231.635,634,229,45,52,1565
2018-19,1626147,Justin Anderson,25.0,48,463.505,84,23,13,22,178
2018-19,203200,Justin Holiday,30.0,82,2606.6116666666667,323,146,36,121,857
2018-19,1628382,Justin Jackson,24.0,81,1613.25,212,96,14,32,583
2018-19,1628383,Justin Patton,22.0,3,20.6,6,3,0,2,5
2018-19,1626159,Justise Winslow,23.0,66,1959.505,355,282,19,72,830
2018-19,203994,Jusuf Nurkić,24.0,72,1973.5533333333333,748,233,103,71,1125
2018-19,1628443,Kadeem Allen,26.0,19,415.54833333333335,51,76,4,16,189
2018-19,203564,Kalin Lucas,30.0,1,5.583333333333333,3,1,0,0,2
2018-19,1626157,Karl-Anthony Towns,23.0,77,2544.66,954,259,125,67,1880
2018-19,202695,Kawhi Leonard,28.0,60,2040.1833333333334,439,199,24,106,1596
2018-19,1628966,Keita Bates-Diop,23.0,30,503.37666666666667,83,17,14,18,151
2018-19,203482,Kelly Olynyk,28.0,79,1812.2533333333333,375,140,37,53,787
2018-19,1626162,Kelly Oubre Jr.,23.0,69,1934.7933333333333,325,84,59,84,1047
2018-19,202689,Kemba Walker,29.0,82,2862.605,361,484,34,102,2102
2018-19,202702,Kenneth Faried,29.0,37,728.1766666666666,250,20,23,17,384
2018-19,1629026,Kenrich Williams,24.0,46,1079.22,219,83,19,45,279
2018-19,203145,Kent Bazemore,29.0,67,1643.4133333333334,261,152,42,89,779
2018-19,203484,Kentavious Caldwell-Pope,26.0,82,2035.135,238,110,13,73,938
2018-19,201142,Kevin Durant,30.0,78,2701.5316666666668,497,457,84,58,2027
2018-19,1628989,Kevin Huerter,20.0,75,2048.53,245,214,25,65,727
2018-19,1628995,Kevin Knox II,19.0,75,2157.8933333333334,335,82,24,43,963
2018-19,201567,Kevin Love,30.0,22,597.9116666666666,239,48,5,6,374
2018-19,1626172,Kevon Looney,23.0,80,1481.3233333333333,417,123,53,46,500
2018-19,203920,Khem Birch,26.0,50,642.8616666666667,190,38,29,18,240
2018-19,203114,Khris Middleton,27.0,77,2393.338333333333,461,331,7,80,1407
2018-19,1629017,Khyri Thomas,23.0,26,195.46833333333333,20,8,5,7,61
2018-19,202691,Klay Thompson,29.0,78,2652.3333333333335,299,186,47,84,1680
2018-19,1628424,Kobi Simmons,21.0,1,1.8,0,0,0,0,0
2018-19,201585,Kosta Koufos,30.0,42,501.56166666666667,177,36,18,15,156
2018-19,1628961,Kostas Antetokounmpo,21.0,2,10.566666666666666,1,0,0,2,2
2018-19,1627739,Kris Dunn,25.0,46,1389.3533333333332,187,277,21,68,519
2018-19,203937,Kyle Anderson,25.0,43,1281.5266666666666,251,128,37,54,346
2018-19,2594,Kyle Korver,38.0,70,1333.89,162,81,12,25,600
2018-19,1628398,Kyle Kuzma,23.0,70,2313.5816666666665,382,178,26,41,1308
2018-19,200768,Kyle Lowry,33.0,65,2213.2933333333335,312,564,31,91,926
2018-19,203124,Kyle O'Quinn,29.0,45,370.71666666666664,119,56,25,9,156
2018-19,202681,Kyrie Irving,27.0,67,2213.846666666667,335,464,34,103,1596
2018-19,200746,LaMarcus Aldridge,33.0,81,2686.65,744,194,107,43,1727
2018-19,202362,Lance Stephenson,28.0,68,1122.7683333333334,215,140,7,41,491
2018-19,202498,Lance Thomas,31.0,46,783.36,117,27,7,17,205
2018-19,1629013,Landry Shamet,22.0,79,1801.8933333333334,134,117,10,37,722
2018-19,204038,Langston Galloway,27.0,80,1745.1716666666666,171,85,8,37,672
2018-19,1626204,Larry Nance Jr.,26.0,67,1795.4433333333334,552,214,40,100,627
2018-19,1628374,Lauri Markkanen,22.0,52,1682.1283333333333,470,75,33,37,974
2018-19,2544,LeBron James,34.0,55,1937.4016666666666,465,454,33,72,1505
2018-19,1629022,Lonnie Walker IV,20.0,17,117.79833333333333,17,9,3,7,45
2018-19,1628366,Lonzo Ball,21.0,47,1422.5383333333334,251,255,19,69,465
2018-19,203485,Lorenzo Brown,28.0,26,212.19166666666666,31,28,5,12,55
2018-19,101150,Lou Williams,32.0,75,1992.5883333333334,222,402,11,57,1498
2018-19,201601,Luc Mbah a Moute,32.0,4,61.0,7,2,1,1,20
2018-19,1629029,Luka Dončić,20.0,72,2317.74,563,429,25,77,1526
2018-19,1628379,Luke Kennard,23.0,63,1436.63,183,114,10,26,613
2018-19,1628436,Luke Kornet,23.0,46,784.0033333333333,135,54,42,27,322
2018-19,2736,Luol Deng,34.0,22,392.225,73,18,8,15,157
2018-19,1627781,Malachi Richardson,23.0,22,103.42333333333333,13,0,0,1,30
2018-19,1627763,Malcolm Brogdon,26.0,64,1831.5916666666667,288,205,13,46,1001
2018-19,1626259,Malcolm Miller,26.0,10,67.1,5,1,1,1,35
2018-19,1627736,Malik Beasley,22.0,81,1878.7233333333334,200,97,10,55,917
2018-19,1628370,Malik Monk,21.0,73,1258.095,137,117,19,37,653
2018-19,202705,MarShon Brooks,30.0,29,386.75333333333333,45,25,4,9,190
2018-19,201188,Marc Gasol,34.0,79,2435.985,627,349,86,84,1071
2018-19,101162,Marcin Gortat,35.0,47,750.4816666666667,261,65,24,6,233
2018-19,201158,Marco Belinelli,33.0,79,1815.3566666666666,198,132,8,35,829
2018-19,1629094,Marcus Derrickson,23.0,11,67.32166666666667,13,1,1,0,46
2018-19,202694,Marcus Morris Sr.,29.0,75,2090.5066666666667,458,109,25,43,1046
2018-19,203935,Marcus Smart,25.0,80,2199.7833333333333,234,321,28,143,708
2018-19,1626209,Mario Hezonja,24.0,58,1206.27,239,88,8,57,511
2018-19,1628365,Markelle Fultz,21.0,19,426.85,70,59,5,17,155
2018-19,202693,Markieff Morris,29.0,58,1270.5266666666666,265,79,22,36,547
2018-19,1627737,Marquese Chriss,21.0,43,498.8016666666667,142,22,11,17,182
2018-19,1628963,Marvin Bagley III,20.0,62,1567.495,471,62,59,33,923
2018-19,101107,Marvin Williams,33.0,75,2133.2633333333333,407,92,61,71,756
2018-19,203486,Mason Plumlee,29.0,82,1730.92,524,243,76,66,637
2018-19,203521,Matthew Dellavedova,28.0,48,812.1933333333334,77,181,2,14,282
2018-19,203090,Maurice Harkless,26.0,60,1415.13,269,74,53,67,460
2018-19,1628467,Maxi Kleber,27.0,71,1502.1616666666666,329,70,78,36,485
2018-19,1628982,Melvin Frazier Jr.,22.0,10,44.43333333333333,5,1,0,1,15
2018-19,203086,Meyers Leonard,27.0,61,877.6783333333333,233,75,9,13,357
2018-19,201563,Michael Beasley,30.0,26,277.48333333333335,60,25,10,9,181
2018-19,203487,Michael Carter-Williams,27.0,28,371.81666666666666,70,70,15,20,134
2018-19,203077,Michael Kidd-Gilchrist,25.0,64,1179.1633333333334,246,61,39,32,427
2018-19,1628969,Mikal Bridges,22.0,82,2417.115,264,173,38,129,684
2018-19,201144,Mike Conley,31.0,70,2341.8,239,449,22,94,1478
2018-19,203488,Mike Muscala,27.0,64,1305.8816666666667,244,76,38,22,449
2018-19,203118,Mike Scott,30.0,79,1395.7816666666668,276,66,13,26,459
2018-19,1628970,Miles Bridges,21.0,80,1696.3333333333333,323,95,49,55,597
2018-19,203101,Miles Plumlee,30.0,18,172.92166666666665,39,17,4,6,80
2018-19,1628462,Milos Teodosic,32.0,15,150.00333333333333,16,32,1,3,48
2018-19,1628249,Mitchell Creek,27.0,5,47.15,12,6,0,2,21
2018-19,1629011,Mitchell Robinson,21.0,66,1359.5083333333334,423,37,161,52,485
2018-19,1628964,Mo Bamba,21.0,47,766.1933333333334,233,39,64,13,292
2018-19,1628420,Monte Morris,24.0,82,1970.2083333333333,194,297,4,73,851
2018-19,1626149,Montrezl Harrell,25.0,82,2158.1483333333335,535,162,110,71,1361
2018-19,1629021,Moritz Wagner,22.0,43,446.18,85,24,13,11,207
2018-19,1626167,Myles Turner,23.0,74,2118.8166666666666,531,115,199,60,984
2018-19,1628513,Naz Mitrou-Long,25.0,14,83.915,6,15,1,1,16
2018-19,202357,Nemanja Bjelica,31.0,77,1787.91,444,147,56,54,741
2018-19,2403,Nene,36.0,42,545.7833333333333,123,26,15,18,151
2018-19,203457,Nerlens Noel,25.0,77,1055.6166666666666,325,45,96,66,378
2018-19,201156,Nick Young,34.0,4,37.13333333333333,1,2,1,0,9
2018-19,201587,Nicolas Batum,30.0,75,2354.0183333333334,390,247,43,71,699
2018-19,203917,Nik Stauskas,25.0,68,1014.7966666666666,127,81,7,21,399
2018-19,203999,Nikola Jokić,24.0,80,2503.5866666666666,865,580,55,108,1604
2018-19,202703,Nikola Mirotic,28.0,46,1245.195,339,55,34,31,697
2018-19,202696,Nikola Vučević,28.0,80,2510.1766666666667,960,307,89,81,1665
2018-19,203943,Noah Vonleh,23.0,68,1721.695,528,129,51,46,571
2018-19,1626181,Norman Powell,26.0,60,1126.465,139,91,13,39,516
2018-19,1628384,OG Anunoby,21.0,67,1352.2666666666667,197,47,22,46,469
2018-19,1627855,Okaro White,26.0,3,6.276666666666666,2,0,0,0,0
2018-19,1629016,Omari Spellman,21.0,46,804.5416666666666,194,47,25,26,272
2018-19,201956,Omri Casspi,31.0,36,520.435,115,26,9,20,226
2018-19,203490,Otto Porter Jr.,26.0,56,1683.7516666666668,314,120,31,82,780
2018-19,200782,P.J. Tucker,34.0,82,2802.1266666666666,479,96,39,132,601
2018-19,1628408,PJ Dozier,22.0,6,50.843333333333334,17,5,0,2,19
2018-19,1627783,Pascal Siakam,25.0,80,2547.6133333333332,549,248,52,73,1354
2018-19,1626192,Pat Connaughton,26.0,61,1261.1733333333334,258,122,25,33,421
2018-19,201976,Patrick Beverley,30.0,78,2137.221666666667,388,300,43,67,596
2018-19,1627775,Patrick McCaw,23.0,29,397.295,48,29,2,23,74
2018-19,202335,Patrick Patterson,30.0,63,860.6716666666666,147,31,13,16,229
2018-19,201988,Patty Mills,30.0,82,1907.7083333333333,182,245,10,49,811
2018-19,2200,Pau Gasol,38.0,30,360.545,137,52,15,5,118
2018-19,202331,Paul George,29.0,77,2841.306666666667,628,318,34,170,2159
2018-19,200794,Paul Millsap,34.0,70,1894.5183333333334,505,141,54,83,883
2018-19,203112,Quincy Acy,28.0,10,122.93,25,8,4,1,17
2018-19,202347,Quincy Pondexter,31.0,53,291.87833333333333,46,24,1,11,98
2018-19,1626188,Quinn Cook,26.0,74,1058.9016666666666,157,116,3,20,509
2018-19,1626154,RJ Hunter,25.0,1,25.683333333333334,3,3,0,1,17
2018-19,200765,Rajon Rondo,33.0,46,1368.565,243,367,7,57,424
2018-19,203526,Raul Neto,27.0,37,473.5883333333333,62,93,4,14,196
2018-19,1628959,Rawle Alkins,21.0,10,120.35333333333334,26,13,0,1,37
2018-19,1629034,Ray Spalding,22.0,14,147.62666666666667,48,5,8,9,54
2018-19,101109,Raymond Felton,35.0,33,379.37,34,52,6,10,142
2018-19,203493,Reggie Bullock Jr.,28.0,63,1878.89,173,129,12,40,711
2018-19,202704,Reggie Jackson,29.0,82,2288.8683333333333,216,344,9,55,1260
2018-19,1626158,Richaun Holmes,25.0,70,1183.6883333333333,331,60,79,42,572
2018-19,201937,Ricky Rubio,28.0,68,1898.95,243,416,10,91,864
2018-19,203496,Robert Covington,28.0,35,1202.6016666666667,193,46,47,74,465
2018-19,1629057,Robert Williams III,21.0,32,282.84,81,7,40,9,81
2018-19,201577,Robin Lopez,31.0,74,1605.6816666666666,286,89,78,11,704
2018-19,1629066,Rodions Kurucs,21.0,63,1293.75,246,52,25,41,534
2018-19,203918,Rodney Hood,26.0,72,1892.5633333333333,157,126,12,59,805
2018-19,203585,Rodney McGruder,27.0,66,1549.715,238,112,12,36,503
2018-19,1627758,Ron Baker,26.0,15,151.985,11,15,1,6,14
2018-19,1626178,Rondae Hollis-Jefferson,24.0,59,1233.9633333333334,310,96,27,44,527
2018-19,1626220,Royce O'Neale,26.0,82,1671.105,285,124,24,54,426
2018-19,200752,Rudy Gay,32.0,69,1842.2933333333333,470,182,34,54,946
2018-19,203497,Rudy Gobert,27.0,81,2576.6866666666665,1041,161,187,66,1284
2018-19,201566,Russell Westbrook,30.0,73,2629.4333333333334,807,784,33,142,1675
2018-19,201583,Ryan Anderson,31.0,25,321.2916666666667,54,19,1,4,63
2018-19,1627853,Ryan Arcidiacono,25.0,81,1961.3,219,269,4,65,544
2018-19,1629151,Ryan Broekhoff,28.0,42,453.58666666666664,63,22,4,6,167
2018-19,1626257,Salah Mejri,33.0,36,399.12666666666667,131,35,26,10,141
2018-19,1626155,Sam Dekker,25.0,47,788.605,148,46,7,38,287
2018-19,203159,Scott Machado,29.0,4,19.166666666666668,0,3,0,1,10
2018-19,1628400,Semi Ojeleye,24.0,56,594.4383333333334,86,23,4,10,186
2018-19,201586,Serge Ibaka,29.0,74,2010.375,601,99,103,29,1112
2018-19,203552,Seth Curry,28.0,74,1399.3916666666667,120,66,12,36,581
2018-19,203894,Shabazz Napier,27.0,56,982.8366666666667,100,143,16,41,529
2018-19,1628983,Shai Gilgeous-Alexander,20.0,82,2173.9066666666668,232,270,45,96,889
2018-19,1629003,Shake Milton,22.0,20,268.225,35,18,8,8,87
2018-19,1627885,Shaquille Harrison,25.0,73,1429.97,222,139,30,89,474
2018-19,2733,Shaun Livingston,33.0,64,966.8916666666667,117,114,27,31,258
2018-19,202714,Shelvin Mack,29.0,57,1246.645,104,183,4,47,430
2018-19,1628414,Sindarius Thornwell,24.0,64,313.45166666666665,44,18,7,14,62
2018-19,1627746,Skal Labissiere,23.0,22,176.47,43,11,6,5,67
2018-19,203524,Solomon Hill,28.0,44,878.525,133,55,10,23,191
2018-19,203915,Spencer Dinwiddie,26.0,68,1914.0033333333333,166,311,17,40,1143
2018-19,1626169,Stanley Johnson,23.0,66,1207.37,217,88,14,60,454
2018-19,201939,Stephen Curry,31.0,69,2331.1666666666665,369,361,25,92,1881
2018-19,1628425,Sterling Brown,24.0,58,1034.3633333333332,184,84,8,25,372
2018-19,203500,Steven Adams,25.0,80,2669.258333333333,760,124,76,117,1108
2018-19,1629004,Svi Mykhailiuk,22.0,42,440.13,36,37,1,14,133
2018-19,1628388,T.J. Leaf,22.0,58,521.5666666666667,125,24,19,9,225
2018-19,204456,T.J. McConnell,27.0,76,1470.285,174,258,17,79,483
2018-19,203933,T.J. Warren,25.0,43,1359.9983333333332,174,64,29,51,772
2018-19,1628769,Tahjere McCall,24.0,1,7.966666666666667,1,0,0,0,4
2018-19,201959,Taj Gibson,34.0,70,1686.35,458,84,39,53,753
2018-19,1627752,Taurean Prince,25.0,55,1552.2916666666667,199,118,19,53,742
2018-19,1628390,Terrance Ferguson,21.0,74,1931.0783333333334,141,72,16,40,513
2018-19,203093,Terrence Jones,27.0,2,5.1,4,0,0,0,2
2018-19,203082,Terrence Ross,28.0,81,2150.0533333333333,280,135,29,72,1223
2018-19,1626179,Terry Rozier,25.0,79,1791.385,307,231,21,68,708
2018-19,200757,Thabo Sefolosha,35.0,50,608.6566666666666,123,27,5,43,190
2018-19,201152,Thaddeus Young,31.0,81,2488.838333333333,523,204,36,123,1024
2018-19,1629033,Theo Pinson,23.0,18,211.37333333333333,36,21,0,6,81
2018-19,1628418,Thomas Bryant,21.0,72,1496.3433333333332,454,92,67,25,758
2018-19,1629118,Thomas Welsh,23.0,11,36.306666666666665,4,5,0,0,18
2018-19,1627748,Thon Maker,22.0,64,972.3016666666666,202,45,51,21,323
2018-19,204025,Tim Frazier,28.0,59,1119.6633333333334,168,248,5,30,310
2018-19,203501,Tim Hardaway Jr.,27.0,65,2056.6066666666666,222,159,8,54,1174
2018-19,1627789,Timothe Luwawu-Cabarrot,24.0,50,669.29,97,26,8,19,231
2018-19,202699,Tobias Harris,26.0,82,2847.82,645,229,37,51,1644
2018-19,203107,Tomas Satoransky,27.0,80,2163.5666666666666,279,399,13,82,709
2018-19,1628396,Tony Bradley,21.0,3,35.9,15,1,2,2,17
2018-19,2225,Tony Parker,37.0,56,1002.8016666666666,83,207,7,21,530
2018-19,203503,Tony Snell,27.0,74,1303.915,157,68,18,26,444
2018-19,1628470,Torrey Craig,28.0,75,1503.015,263,72,46,37,430
2018-19,1629027,Trae Young,20.0,81,2503.2816666666668,301,653,15,72,1549
2018-19,1626203,Treveon Graham,25.0,35,715.3616666666667,107,34,7,13,184
2018-19,1628979,Trevon Duval,20.0,3,5.6033333333333335,1,2,0,0,5
2018-19,2772,Trevor Ariza,33.0,69,2348.866666666667,371,252,21,91,863
2018-19,203504,Trey Burke,26.0,58,1124.595,99,159,7,33,631
2018-19,1626168,Trey Lyles,23.0,64,1119.695,246,87,23,30,546
2018-19,202684,Tristan Thompson,28.0,43,1197.6883333333333,438,86,16,28,470
2018-19,1628972,Troy Brown Jr.,19.0,52,729.7366666666667,145,80,5,21,248
2018-19,1628505,Troy Caupain,23.0,4,15.633333333333333,3,4,0,1,10
2018-19,203584,Troy Daniels,27.0,51,759.73,73,26,5,26,318
2018-19,1627786,Troy Williams,24.0,21,311.9716666666667,59,11,8,10,111
2018-19,1628463,Tyler Cavanaugh,25.0,11,39.498333333333335,8,1,0,0,9
2018-19,1629093,Tyler Davis,22.0,1,0.9116666666666666,1,0,0,0,0
2018-19,1628416,Tyler Dorsey,23.0,48,697.8533333333334,113,56,2,14,296
2018-19,204020,Tyler Johnson,27.0,57,1529.075,173,166,27,54,619
2018-19,1628399,Tyler Lydon,23.0,25,93.53666666666666,18,6,0,2,23
2018-19,1627755,Tyler Ulis,23.0,1,0.8283333333333334,0,0,0,0,0
2018-19,203092,Tyler Zeller,29.0,6,92.84666666666666,24,4,3,1,46
2018-19,201936,Tyreke Evans,29.0,69,1401.9833333333333,201,166,18,58,706
2018-19,1627820,Tyrone Wallace,25.0,62,627.7183333333334,101,42,7,21,218
2018-19,2199,Tyson Chandler,36.0,55,874.7566666666667,307,37,23,21,173
2018-19,1626145,Tyus Jones,23.0,68,1560.4233333333334,134,327,5,81,468
2018-19,2617,Udonis Haslem,39.0,10,74.5,27,2,0,0,25
2018-19,203506,Victor Oladipo,27.0,36,1146.6733333333334,202,186,11,60,675
2018-19,1713,Vince Carter,42.0,76,1330.3566666666666,194,87,27,44,562
2018-19,1629053,Vincent Edwards,23.0,2,15.716666666666667,2,0,0,0,3
2018-19,1627735,Wade Baldwin IV,23.0,16,93.65333333333334,15,12,2,1,30
2018-19,1627215,Walt Lemon Jr.,26.0,6,167.15,27,30,1,11,86
2018-19,201961,Wayne Ellington,31.0,53,1296.8483333333334,107,72,6,54,545
2018-19,1627782,Wayne Selden,24.0,75,1438.58,180,109,13,33,514
2018-19,1628976,Wendell Carter Jr.,20.0,44,1109.8,307,78,58,26,455
2018-19,1628411,Wes Iwundu,24.0,68,1233.2,184,73,22,28,339
2018-19,202325,Wesley Johnson,31.0,38,533.9583333333334,72,23,12,14,128
2018-19,202083,Wesley Matthews,32.0,69,2091.0233333333335,170,160,17,54,840
2018-19,203115,Will Barton,28.0,43,1188.9783333333332,199,124,22,18,494
2018-19,1626161,Willie Cauley-Stein,25.0,81,2212.5466666666666,678,194,51,96,965
2018-19,1626195,Willy Hernangomez,25.0,58,811.8533333333334,311,60,20,16,421
2018-19,201163,Wilson Chandler,32.0,51,1176.3283333333334,215,82,21,25,305
2018-19,1628999,Yante Maten,22.0,2,13.033333333333333,3,0,0,1,2
2018-19,1627812,Yogi Ferrell,26.0,71,1066.6483333333333,109,137,4,36,420
2018-19,1629139,Yuta Watanabe,24.0,15,174.35,31,8,1,4,39
2018-19,1628380,Zach Collins,21.0,77,1355.7366666666667,324,71,66,25,512
2018-19,203897,Zach LaVine,24.0,63,2170.855,294,283,26,60,1492
2018-19,1629155,Zach Lofton,26.0,1,3.75,0,0,0,1,0
2018-19,2585,Zaza Pachulia,35.0,68,878.165,265,91,17,31,267
2018-19,1629015,Zhaire Smith,20.0,6,110.61666666666666,13,10,2,2,40
2018-19,1627753,Zhou Qi,23.0,1,0.955,0,0,0,0,2
2019-20,203932,Aaron Gordon,24.0,62,2017.1433333333334,475,228,39,51,894
2019-20,1628988,Aaron Holiday,23.0,66,1617.3316666666667,156,225,16,55,627
2019-20,1627846,Abdel Nader,26.0,55,866.9516666666667,100,38,20,23,345
2019-20,1629690,Adam Mokoka,21.0,11,111.66666666666667,10,4,0,4,32
2019-20,1629678,Admiral Schofield,23.0,33,368.38166666666666,47,15,4,8,99
2019-20,201143,Al Horford,34.0,67,2025.5433333333333,456,270,61,52,798
2019-20,202329,Al-Farouq Aminu,29.0,18,380.0783333333333,87,21,8,18,78
2019-20,202692,Alec Burks,28.0,66,1754.2516666666668,282,189,17,62,993
2019-20,1629346,Alen Smailagic,19.0,14,138.89333333333335,27,13,4,3,59
2019-20,1627936,Alex Caruso,26.0,64,1175.275,123,124,18,70,349
2019-20,203458,Alex Len,27.0,55,970.5233333333333,321,50,48,23,438
2019-20,1628035,Alfonzo McKinnie,27.0,40,593.4583333333334,113,14,8,23,182
2019-20,1628993,Alize Johnson,24.0,17,117.72666666666667,48,7,2,3,34
2019-20,203459,Allen Crabbe,28.0,37,653.01,77,33,4,15,172
2019-20,1629019,Allonzo Trier,24.0,24,290.73833333333334,29,28,4,3,155
2019-20,1628518,Amile Jefferson,27.0,18,74.33,23,4,3,1,15
2019-20,1629599,Amir Coffey,23.0,18,158.99,16,14,2,5,58
2019-20,203083,Andre Drummond,26.0,57,1878.2016666666666,864,152,93,109,1010
2019-20,2738,Andre Iguodala,36.0,21,418.1666666666667,78,51,21,14,96
2019-20,203460,Andre Roberson,28.0,7,86.965,27,4,3,1,20
2019-20,203952,Andrew Wiggins,25.0,54,1858.8816666666667,274,198,53,45,1175
2019-20,1629014,Anfernee Simons,21.0,70,1448.8066666666666,152,97,10,26,579
2019-20,1627790,Ante Zizic,23.0,22,220.62166666666667,66,6,5,7,96
2019-20,203076,Anthony Davis,27.0,62,2131.193333333333,577,200,143,91,1618
2019-20,201229,Anthony Tolliver,35.0,55,871.9233333333333,154,42,11,19,200
2019-20,1628499,Antonius Cleveland,26.0,11,45.73833333333334,7,1,3,1,11
2019-20,1628394,Anžejs Pasečņiks,24.0,27,436.89666666666665,107,18,12,9,156
2019-20,203382,Aron Baynes,33.0,42,934.4366666666666,237,67,23,10,481
2019-20,203085,Austin Rivers,27.0,68,1593.94,175,113,10,49,596
2019-20,202340,Avery Bradley,29.0,49,1186.465,115,63,5,43,423
2019-20,1629168,BJ Johnson,24.0,10,82.56666666666666,15,3,0,3,30
2019-20,1628389,Bam Adebayo,22.0,72,2416.9616666666666,735,368,93,82,1146
2019-20,203463,Ben McLemore,27.0,71,1619.485,157,58,16,45,715
2019-20,1627732,Ben Simmons,23.0,57,2016.8633333333332,444,455,33,119,937
2019-20,202687,Bismack Biyombo,27.0,53,1029.0416666666667,308,50,49,10,393
2019-20,201933,Blake Griffin,31.0,18,512.28,84,59,7,7,279
2019-20,1626246,Boban Marjanovic,31.0,44,421.89166666666665,197,20,10,8,289
2019-20,1626171,Bobby Portis,25.0,66,1393.5066666666667,338,98,18,32,668
2019-20,203992,Bogdan Bogdanović,27.0,61,1765.8266666666666,207,207,15,64,924
2019-20,202711,Bojan Bogdanovic,31.0,63,2082.81,259,131,7,34,1275
2019-20,1629626,Bol Bol,20.0,7,86.93833333333333,19,6,6,2,40
2019-20,202954,Brad Wanamaker,30.0,71,1369.1166666666666,144,179,14,61,487
2019-20,203078,Bradley Beal,27.0,57,2053.096666666667,242,347,23,71,1741
2019-20,1629634,Brandon Clarke,23.0,58,1300.02,345,81,48,32,700
2019-20,1629164,Brandon Goodwin,24.0,34,430.46666666666664,72,51,4,12,206
2019-20,1627742,Brandon Ingram,22.0,62,2103.44,380,259,38,61,1477
2019-20,202688,Brandon Knight,28.0,25,462.49833333333333,41,69,3,10,183
2019-20,1628968,Brian Bowen II,21.0,6,31.066666666666666,7,0,1,0,6
2019-20,201572,Brook Lopez,32.0,68,1816.9366666666667,312,99,163,46,813
2019-20,1628971,Bruce Brown,23.0,58,1634.0416666666667,274,230,29,63,517
2019-20,203998,Bruno Caboclo,24.0,30,244.22,60,12,17,15,90
2019-20,1628981,Bruno Fernando,21.0,56,712.5283333333333,198,49,17,18,240
2019-20,1627854,Bryn Forbes,26.0,63,1579.215,126,108,0,33,707
2019-20,1627741,Buddy Hield,27.0,72,2216.0616666666665,328,213,17,66,1382
2019-20,203468,CJ McCollum,28.0,70,2556.5916666666667,297,310,42,54,1556
2019-20,101139,CJ Miles,33.0,10,161.035,12,12,4,10,64
2019-20,1628997,Caleb Martin,24.0,18,316.75333333333333,38,23,7,12,111
2019-20,1628403,Caleb Swanigan,23.0,27,288.0566666666667,100,31,7,3,65
2019-20,1629629,Cam Reddish,20.0,58,1550.745,216,87,28,62,610
2019-20,1629661,Cameron Johnson,24.0,57,1255.405,187,69,20,36,504
2019-20,1626166,Cameron Payne,25.0,8,183.15833333333333,31,24,2,8,87
2019-20,1627747,Caris LeVert,25.0,45,1329.84,189,199,10,53,842
2019-20,2546,Carmelo Anthony,36.0,58,1902.0466666666666,368,85,27,49,895
2019-20,1629035,Carsen Edwards,22.0,37,350.53833333333336,47,24,4,12,121
2019-20,1626224,Cedi Osman,25.0,65,1910.3683333333333,231,154,16,54,718
2019-20,1628990,Chandler Hutchison,24.0,28,526.7916666666666,108,26,7,27,218
2019-20,202718,Chandler Parsons,31.0,5,54.22,7,3,1,4,14
2019-20,1629718,Charlie Brown Jr.,23.0,10,40.45666666666666,4,2,2,2,20
2019-20,1626184,Chasson Randle,27.0,3,40.406666666666666,2,5,0,2,5
2019-20,1627767,Cheick Diallo,23.0,47,478.54,131,22,12,11,219
2019-20,1629002,Chimezie Metu,23.0,18,105.28,33,10,6,3,58
2019-20,1628449,Chris Boucher,27.0,62,818.605,277,26,61,22,411
2019-20,1629185,Chris Chiozza,24.0,28,400.96166666666664,53,83,4,21,142
2019-20,1629598,Chris Clemons,22.0,33,290.52166666666665,30,27,6,9,161
2019-20,101108,Chris Paul,35.0,70,2207.8533333333335,349,472,11,111,1232
2019-20,1629735,Chris Silva,23.0,44,346.27166666666665,126,23,21,9,133
2019-20,1626174,Christian Wood,24.0,62,1324.6433333333334,390,60,54,34,810
2019-20,203991,Clint Capela,26.0,39,1279.3033333333333,537,48,72,33,543
2019-20,1629632,Coby White,20.0,65,1674.0,230,175,6,49,859
2019-20,1628998,Cody Martin,24.0,48,902.695,158,95,9,39,238
2019-20,203469,Cody Zeller,27.0,58,1340.6083333333333,411,88,25,40,642
2019-20,1629012,Collin Sexton,21.0,65,2142.615,204,192,7,65,1349
2019-20,201147,Corey Brewer,34.0,5,32.54833333333333,8,2,0,4,5
2019-20,202709,Cory Joseph,28.0,72,1759.3966666666668,188,251,21,53,458
2019-20,201584,Courtney Lee,34.0,24,345.48833333333334,32,12,6,18,107
2019-20,1626245,Cristiano Felicio,27.0,22,385.71666666666664,102,16,2,10,86
2019-20,1626156,D'Angelo Russell,24.0,45,1452.1283333333333,177,285,13,48,1039
2019-20,201571,D.J. Augustin,32.0,57,1420.415,122,262,1,34,599
2019-20,1628391,D.J. Wilson,24.0,37,362.94,92,25,5,3,133
2019-20,1629610,DaQuan Jeffries,22.0,13,141.11333333333334,18,7,1,4,50
2019-20,1627745,Damian Jones,25.0,55,886.9416666666667,206,35,40,26,306
2019-20,203081,Damian Lillard,29.0,66,2473.655,284,530,22,70,1978
2019-20,1627814,Damion Lee,27.0,49,1422.5933333333332,239,133,6,50,621
2019-20,1628422,Damyean Dotson,26.0,48,836.0616666666666,91,57,4,23,321
2019-20,1629655,Daniel Gafford,21.0,43,609.0533333333333,106,21,56,13,220
2019-20,1628464,Daniel Theis,28.0,65,1566.135,426,111,84,37,601
2019-20,201568,Danilo Gallinari,31.0,62,1833.9283333333333,322,119,5,42,1160
2019-20,201980,Danny Green,33.0,68,1686.72,225,91,32,85,547
2019-20,203957,Dante Exum,24.0,35,485.62,67,40,8,13,159
2019-20,1627863,Danuel House Jr.,27.0,63,1912.6516666666666,267,85,34,67,662
2019-20,203967,Dario Saric,26.0,66,1631.7816666666668,406,123,16,37,704
2019-20,1629647,Darius Bazley,20.0,61,1129.46,246,41,41,23,342
2019-20,1629636,Darius Garland,20.0,59,1823.9683333333332,111,229,4,42,728
2019-20,1629133,Daryl Macon,24.0,4,14.1,0,1,0,0,3
2019-20,1628021,David Nwaba,27.0,20,268.46,45,8,12,11,104
2019-20,202722,Davis Bertans,27.0,54,1583.0116666666668,245,92,33,37,834
2019-20,1628368,De'Aaron Fox,22.0,51,1634.3966666666668,196,348,25,74,1077
2019-20,1629631,De'Andre Hunter,22.0,63,2017.935,286,112,18,44,778
2019-20,1629001,De'Anthony Melton,22.0,60,1167.3466666666666,220,175,20,77,455
2019-20,201599,DeAndre Jordan,31.0,56,1234.1666666666667,561,105,52,18,465
2019-20,1627761,DeAndre' Bembry,25.0,43,915.36,152,81,19,55,249
2019-20,201942,DeMar DeRozan,30.0,68,2316.2833333333333,375,380,20,70,1504
2019-20,201960,DeMarre Carroll,33.0,24,289.8666666666667,55,25,5,8,87
2019-20,1629731,Dean Wade,23.0,12,71.41666666666667,19,2,4,2,20
2019-20,1629028,Deandre Ayton,21.0,38,1236.335,436,72,58,26,690
2019-20,1627749,Dejounte Murray,23.0,66,1686.7633333333333,383,271,17,111,720
2019-20,1626153,Delon Wright,28.0,73,1569.7166666666667,280,244,22,85,504
2019-20,203471,Dennis Schröder,26.0,65,1998.8966666666668,236,262,14,45,1229
2019-20,1628372,Dennis Smith Jr.,22.0,34,537.4,78,98,8,28,187
2019-20,1627756,Denzel Valentine,26.0,36,487.895,74,43,6,26,246
2019-20,1629126,Deonte Burton,26.0,39,356.52666666666664,57,17,10,7,104
2019-20,202324,Derrick Favors,28.0,51,1242.455,501,81,46,30,459
2019-20,1627884,Derrick Jones Jr.,23.0,59,1375.0833333333333,233,62,38,58,500
2019-20,201565,Derrick Rose,31.0,50,1297.66,121,278,16,40,904
2019-20,1628476,Derrick Walton Jr.,25.0,26,248.30333333333334,16,27,0,7,53
2019-20,1628401,Derrick White,25.0,68,1676.735,223,241,59,44,765
2019-20,1626164,Devin Booker,23.0,70,2511.66,297,456,18,49,1863
2019-20,1628985,Devon Hall,24.0,11,80.73833333333333,7,13,1,4,20
2019-20,1629719,Devontae Cacok,23.0,1,8.866666666666667,5,1,0,0,6
2019-20,1628984,Devonte' Graham,25.0,63,2211.2316666666666,212,471,15,62,1145
2019-20,1629608,Dewan Hernandez,23.0,6,28.235,14,3,0,1,14
2019-20,203473,Dewayne Dedmon,30.0,44,773.655,249,22,41,25,256
2019-20,1628415,Dillon Brooks,24.0,73,2111.9883333333332,243,150,27,63,1181
2019-20,203079,Dion Waiters,28.0,10,207.45,24,20,6,4,111
2019-20,1627734,Domantas Sabonis,24.0,62,2158.65,771,310,30,47,1147
2019-20,1628378,Donovan Mitchell,23.0,69,2363.9666666666667,304,294,14,70,1655
2019-20,1629743,Donta Hall,22.0,9,133.14833333333334,38,4,6,3,39
2019-20,1628978,Donte DiVincenzo,23.0,66,1520.4066666666668,318,154,20,85,610
2019-20,1627827,Dorian Finney-Smith,27.0,71,2119.5383333333334,405,114,39,45,678
2019-20,203926,Doug McDermott,28.0,69,1372.3916666666667,174,78,5,12,710
2019-20,1627733,Dragan Bender,22.0,16,285.55,73,28,9,4,107
2019-20,203110,Draymond Green,30.0,43,1221.6566666666668,266,266,33,59,345
2019-20,1629234,Drew Eubanks,23.0,22,272.22,85,15,17,5,107
2019-20,1629130,Duncan Robinson,26.0,73,2165.63,232,102,19,35,983
2019-20,1628605,Dusty Hannahs,26.0,2,13.433333333333334,1,0,0,0,12
2019-20,1628407,Dwayne Bacon,24.0,39,687.3033333333333,100,52,2,23,224
2019-20,2730,Dwight Howard,34.0,69,1305.7133333333334,507,45,79,31,517
2019-20,203939,Dwight Powell,28.0,40,1060.5383333333334,227,59,22,34,376
2019-20,1629058,Dzanan Musa,21.0,40,487.215,86,43,1,15,192
2019-20,202734,E'Twaun Moore,31.0,56,1019.8866666666667,131,78,11,32,466
2019-20,202334,Ed Davis,31.0,28,303.4716666666667,105,12,9,11,51
2019-20,1628410,Edmond Sumner,24.0,31,446.785,46,55,9,15,152
2019-20,203901,Elfrid Payton,26.0,45,1245.8833333333334,212,323,17,70,449
2019-20,1629059,Elie Okobo,22.0,55,718.7066666666667,90,115,4,24,219
2019-20,1626144,Emmanuel Mudiay,24.0,54,849.5966666666667,126,116,10,24,395
2019-20,202683,Enes Freedom,28.0,58,983.3383333333334,431,56,41,22,469
2019-20,202339,Eric Bledsoe,30.0,61,1646.2833333333333,282,328,26,57,911
2019-20,201569,Eric Gordon,31.0,36,1016.205,71,54,13,23,520
2019-20,1628450,Eric Mika,25.0,1,19.041666666666668,7,0,0,0,6
2019-20,1629672,Eric Paschall,23.0,60,1653.795,275,127,13,32,837
2019-20,101141,Ersan Ilyasova,33.0,63,986.3833333333333,302,49,17,24,414
2019-20,203095,Evan Fournier,27.0,66,2075.64,171,209,15,71,1221
2019-20,202323,Evan Turner,31.0,19,251.46,38,38,8,9,62
2019-20,1628402,Frank Jackson,22.0,59,797.155,83,61,4,17,371
2019-20,1626163,Frank Kaminsky,27.0,39,777.4233333333333,176,75,10,14,378
2019-20,1628412,Frank Mason III,26.0,9,117.925,19,29,1,5,62
2019-20,1628373,Frank Ntilikina,21.0,57,1186.6733333333334,121,172,16,54,357
2019-20,1627832,Fred VanVleet,26.0,54,1928.1533333333334,203,357,17,100,952
2019-20,1627788,Furkan Korkmaz,22.0,72,1558.9133333333334,168,79,16,41,704
2019-20,1629216,Gabe Vincent,24.0,9,82.81166666666667,5,6,0,5,22
2019-20,202066,Garrett Temple,34.0,62,1729.7716666666668,218,156,29,49,641
2019-20,1629726,Garrison Mathews,23.0,18,227.39666666666668,24,10,1,8,98
2019-20,1629109,Gary Clark,25.0,42,566.3666666666667,110,17,22,6,156
2019-20,203914,Gary Harris,25.0,56,1780.2,163,118,14,76,581
2019-20,1627780,Gary Payton II,27.0,29,431.78,80,48,7,33,113
2019-20,1629018,Gary Trent Jr.,21.0,61,1331.9966666666667,100,61,16,48,541
2019-20,201588,George Hill,34.0,59,1271.2016666666666,177,180,5,47,554
2019-20,1627777,Georges Niang,27.0,66,923.1916666666667,127,44,5,18,392
2019-20,203507,Giannis Antetokounmpo,25.0,63,1916.88,856,354,66,61,1857
2019-20,203922,Glenn Robinson III,26.0,62,1786.4316666666666,270,96,16,54,727
2019-20,1629048,Goga Bitadze,20.0,54,471.2916666666667,106,23,37,10,172
2019-20,201609,Goran Dragic,34.0,59,1662.8666666666666,187,301,10,40,953
2019-20,202330,Gordon Hayward,30.0,52,1739.9883333333332,348,212,22,38,909
2019-20,203476,Gorgui Dieng,30.0,63,1096.4966666666667,354,73,59,51,464
2019-20,1629684,Grant Williams,21.0,69,1043.2233333333334,178,68,36,30,237
2019-20,1628960,Grayson Allen,24.0,38,718.47,85,52,2,10,330
2019-20,1628977,Hamidou Diallo,21.0,46,895.5866666666667,167,36,9,37,318
2019-20,203084,Harrison Barnes,28.0,72,2481.615,355,159,12,43,1046
2019-20,1628385,Harry Giles III,22.0,46,667.0033333333333,188,60,18,22,316
2019-20,202355,Hassan Whiteside,31.0,67,2008.0833333333333,905,78,196,26,1040
2019-20,1627740,Henry Ellenson,23.0,5,15.116666666666667,6,1,0,0,2
2019-20,101133,Ian Mahinmi,33.0,38,807.825,218,49,44,31,283
2019-20,1629649,Ignas Brazdeikis,21.0,9,53.25,5,4,1,0,17
2019-20,202697,Iman Shumpert,30.0,13,240.64333333333335,34,12,2,12,54
2019-20,1629067,Isaac Bonga,20.0,66,1249.6516666666666,222,76,22,45,330
2019-20,1628392,Isaiah Hartenstein,22.0,23,266.02166666666665,90,18,12,9,107
2019-20,1629676,Isaiah Roby,22.0,3,11.4,2,0,0,0,0
2019-20,202738,Isaiah Thomas,31.0,40,924.6766666666666,68,146,6,13,488
2019-20,202397,Ish Smith,31.0,68,1786.92,219,334,30,59,740
2019-20,1627826,Ivica Zubac,23.0,72,1326.0,543,82,66,16,596
2019-20,200826,J.J. Barea,36.0,29,449.6816666666667,53,112,2,5,222
2019-20,1629122,J.P. Macura,25.0,1,0.6233333333333333,0,0,0,0,0
2019-20,200755,JJ Redick,36.0,60,1580.9666666666667,151,119,10,20,917
2019-20,2747,JR Smith,34.0,6,78.90333333333334,5,3,0,1,17
2019-20,1629630,Ja Morant,20.0,67,2074.3233333333333,259,488,18,58,1193
2019-20,203960,JaKarr Sampson,27.0,34,470.645,88,21,12,16,156
2019-20,203210,JaMychal Green,30.0,63,1307.0416666666667,388,49,24,29,430
2019-20,201580,JaVale McGee,32.0,68,1130.0916666666667,390,37,94,36,446
2019-20,203953,Jabari Parker,25.0,38,917.8116666666666,214,68,16,45,531
2019-20,1628980,Jacob Evans,23.0,29,418.12,41,31,12,11,128
2019-20,203109,Jae Crowder,29.0,65,1874.7316666666666,384,161,24,72,684
2019-20,1626143,Jahlil Okafor,24.0,30,466.94166666666666,127,37,22,7,243
2019-20,1627774,Jake Layman,26.0,23,505.1766666666667,57,15,10,17,210
2019-20,1627751,Jakob Poeltl,24.0,66,1171.1166666666666,375,116,95,37,372
2019-20,1628973,Jalen Brunson,23.0,57,1022.0733333333334,134,188,4,22,466
2019-20,1629665,Jalen Lecque,20.0,5,31.60333333333333,2,2,0,0,10
2019-20,1629667,Jalen McDaniels,22.0,16,293.32166666666666,65,13,3,8,89
2019-20,2037,Jamal Crawford,40.0,1,5.966666666666667,0,3,0,0,5
2019-20,1627750,Jamal Murray,23.0,59,1903.4816666666666,236,284,17,67,1091
2019-20,203516,James Ennis III,29.0,69,1265.905,245,63,22,35,454
2019-20,201935,James Harden,30.0,68,2482.55,446,512,60,125,2335
2019-20,201949,James Johnson,33.0,32,619.5716666666667,118,74,32,25,270
2019-20,201162,Jared Dudley,34.0,45,363.56666666666666,52,28,3,15,68
2019-20,1629607,Jared Harper,22.0,3,7.883333333333334,0,0,0,0,2
2019-20,1628991,Jaren Jackson Jr.,20.0,57,1621.9933333333333,262,78,92,40,990
2019-20,1629020,Jarred Vanderbilt,21.0,11,46.53666666666667,9,2,1,3,12
2019-20,1629714,Jarrell Brantley,24.0,9,96.03,20,11,5,3,24
2019-20,1628386,Jarrett Allen,22.0,70,1851.8633333333332,671,110,92,40,775
2019-20,1629633,Jarrett Culver,21.0,63,1505.6066666666666,212,110,38,57,580
2019-20,1627784,Jarrod Uthoff,27.0,7,53.15,6,0,0,1,19
2019-20,1629750,Javonte Green,26.0,48,467.84833333333336,93,26,8,24,163
2019-20,1629637,Jaxson Hayes,20.0,64,1079.715,259,56,55,26,472
2019-20,1627759,Jaylen Brown,23.0,57,1933.665,364,118,20,65,1159
2019-20,1629658,Jaylen Hoard,21.0,13,102.99833333333333,32,4,0,5,38
2019-20,1629669,Jaylen Nowell,20.0,15,151.20166666666665,13,19,1,3,57
2019-20,1628369,Jayson Tatum,22.0,66,2265.085,460,200,57,93,1547
2019-20,201145,Jeff Green,33.0,48,960.1016666666667,133,50,19,26,453
2019-20,201952,Jeff Teague,32.0,59,1464.2766666666666,142,308,19,44,641
2019-20,203924,Jerami Grant,26.0,71,1891.945,248,88,57,50,851
2019-20,1629725,Jeremiah Martin,24.0,9,99.10333333333334,10,18,2,7,64
2019-20,203087,Jeremy Lamb,28.0,46,1291.1533333333334,200,96,22,55,577
2019-20,202951,Jeremy Pargo,34.0,3,44.31,3,8,0,1,25
2019-20,1626170,Jerian Grant,27.0,6,80.35166666666667,6,9,1,1,27
2019-20,1629010,Jerome Robinson,23.0,63,979.305,129,87,17,28,319
2019-20,1628975,Jevon Carter,24.0,58,945.1483333333333,118,84,17,47,287
2019-20,202710,Jimmy Butler III,30.0,58,1959.1033333333332,386,350,32,103,1157
2019-20,201149,Joakim Noah,35.0,5,50.166666666666664,16,7,1,1,14
2019-20,1629147,Joe Chealey,24.0,4,33.44833333333333,0,1,0,4,2
2019-20,203925,Joe Harris,28.0,69,2123.015,298,144,17,41,998
2019-20,204060,Joe Ingles,32.0,72,2136.576666666667,278,373,11,65,707
2019-20,203954,Joel Embiid,26.0,51,1505.815,593,152,65,45,1172
2019-20,1628381,John Collins,22.0,41,1363.1616666666666,416,60,66,31,885
2019-20,203089,John Henson,29.0,40,600.2066666666667,162,54,42,24,221
2019-20,1629723,John Konchar,24.0,19,181.11333333333334,47,22,3,7,54
2019-20,1628405,Johnathan Motley,25.0,13,41.14666666666667,10,8,0,3,28
2019-20,1629140,Johnathan Williams,25.0,15,179.77666666666667,64,8,8,1,45
2019-20,1628413,Jonah Bolden,24.0,7,47.053333333333335,9,0,2,3,10
2019-20,202685,Jonas Valančiūnas,28.0,70,1845.1033333333332,788,131,76,30,1044
2019-20,1628371,Jonathan Isaac,22.0,34,979.895,231,48,78,53,404
2019-20,1628395,Jordan Bell,25.0,29,256.38666666666666,81,16,10,3,93
2019-20,1629648,Jordan Bone,22.0,10,53.03,4,8,0,1,12
2019-20,203903,Jordan Clarkson,28.0,71,1704.7283333333332,187,136,16,46,1078
2019-20,1629162,Jordan McLaughlin,24.0,30,590.4466666666667,49,125,4,34,229
2019-20,203895,Jordan McRae,29.0,37,784.5383333333333,124,93,16,21,426
2019-20,1629673,Jordan Poole,21.0,57,1273.89,118,134,10,35,503
2019-20,1627982,Josh Gray,26.0,2,22.716666666666665,2,2,0,0,2
2019-20,1628404,Josh Hart,25.0,65,1755.215,425,108,23,63,656
2019-20,1628367,Josh Jackson,23.0,22,381.455,66,35,9,18,198
2019-20,203705,Josh Magette,30.0,8,37.89333333333333,6,5,1,3,12
2019-20,1629006,Josh Okogie,21.0,62,1547.2933333333333,268,99,26,68,533
2019-20,1629729,Josh Reaves,23.0,4,28.31833333333333,3,3,0,0,8
2019-20,1626196,Josh Richardson,26.0,55,1693.185,174,162,36,52,755
2019-20,201950,Jrue Holiday,30.0,61,2116.8166666666666,293,408,48,99,1167
2019-20,1629308,Juan Toscano-Anderson,27.0,13,272.10333333333335,52,26,5,13,69
2019-20,1627823,Juancho Hernangomez,24.0,48,833.5116666666667,197,40,9,19,288
2019-20,203944,Julius Randle,25.0,64,2080.4,622,198,22,51,1248
2019-20,1626147,Justin Anderson,26.0,10,107.33333333333333,21,8,6,0,28
2019-20,203200,Justin Holiday,31.0,73,1825.7016666666666,238,93,46,87,603
2019-20,1628382,Justin Jackson,25.0,65,1044.6316666666667,154,52,10,15,360
2019-20,1629713,Justin James,23.0,36,232.36666666666667,32,18,9,6,89
2019-20,1628383,Justin Patton,23.0,5,24.241666666666667,5,2,0,0,9
2019-20,1629620,Justin Robinson,22.0,9,48.68666666666667,5,7,1,0,13
2019-20,1629625,Justin Wright-Foreman,22.0,4,45.15,5,7,0,2,19
2019-20,1626159,Justise Winslow,24.0,11,352.25,73,44,5,7,124
2019-20,203994,Jusuf Nurkić,25.0,8,253.13833333333332,82,32,16,11,141
2019-20,1629752,Juwan Morgan,23.0,21,134.45666666666668,29,6,2,1,36
2019-20,1629644,KZ Okpala,21.0,5,25.975,5,1,1,2,7
2019-20,1628443,Kadeem Allen,27.0,10,117.05,9,21,2,5,50
2019-20,1626157,Karl-Anthony Towns,24.0,35,1187.03,378,153,42,33,926
2019-20,202695,Kawhi Leonard,29.0,57,1848.1083333333333,402,280,33,103,1543
2019-20,1628966,Keita Bates-Diop,24.0,44,744.3233333333334,127,30,24,19,288
2019-20,1629103,Kelan Martin,24.0,31,494.89666666666665,96,23,9,7,197
2019-20,1629640,Keldon Johnson,20.0,17,300.5966666666667,57,15,2,14,154
2019-20,203482,Kelly Olynyk,29.0,67,1300.305,305,116,23,45,549
2019-20,1626162,Kelly Oubre Jr.,24.0,56,1933.3716666666667,361,85,40,71,1046
2019-20,202689,Kemba Walker,30.0,56,1742.405,217,268,28,48,1145
2019-20,1629134,Kendrick Nunn,24.0,67,1962.4683333333332,180,220,15,56,1024
2019-20,1629026,Kenrich Williams,25.0,39,831.8816666666667,186,57,21,27,136
2019-20,203145,Kent Bazemore,30.0,68,1687.7166666666667,294,93,40,74,597
2019-20,203484,Kentavious Caldwell-Pope,27.0,69,1761.9616666666666,142,111,14,57,645
2019-20,1628987,Kevin Hervey,23.0,10,52.12833333333333,12,5,1,1,17
2019-20,1628989,Kevin Huerter,21.0,56,1760.375,228,213,27,51,684
2019-20,1628995,Kevin Knox II,20.0,65,1166.1333333333334,184,61,28,23,419
2019-20,201567,Kevin Love,31.0,56,1779.87,547,178,19,33,987
2019-20,1629645,Kevin Porter Jr.,20.0,50,1161.72,162,109,14,46,498
2019-20,1626172,Kevon Looney,24.0,20,261.6016666666667,66,20,6,12,68
2019-20,203920,Khem Birch,27.0,48,922.0183333333333,220,50,23,20,212
2019-20,203114,Khris Middleton,28.0,62,1852.6716666666666,382,265,7,53,1297
2019-20,1629017,Khyri Thomas,24.0,8,61.20666666666666,1,3,0,3,17
2019-20,1628961,Kostas Antetokounmpo,22.0,5,20.105,3,2,0,0,7
2019-20,1627739,Kris Dunn,26.0,51,1268.62,186,173,17,101,373
2019-20,204001,Kristaps Porziņģis,24.0,57,1813.7766666666666,540,102,115,41,1164
2019-20,1629065,Ky Bowman,23.0,45,1015.1866666666666,121,131,10,44,335
2019-20,1629734,Kyle Alexander,23.0,2,13.366666666666667,3,0,0,0,2
2019-20,203937,Kyle Anderson,26.0,67,1329.8866666666668,285,162,37,54,390
2019-20,1629657,Kyle Guy,22.0,3,9.583333333333334,1,1,0,0,4
2019-20,2594,Kyle Korver,39.0,58,959.98,122,68,12,26,386
2019-20,1628398,Kyle Kuzma,24.0,61,1526.185,273,80,26,28,782
2019-20,200768,Kyle Lowry,34.0,58,2098.3216666666667,292,433,26,82,1126
2019-20,203124,Kyle O'Quinn,30.0,29,312.6333333333333,116,51,24,7,102
2019-20,202681,Kyrie Irving,28.0,20,657.9666666666667,103,128,10,27,548
2019-20,200746,LaMarcus Aldridge,34.0,53,1753.9383333333333,392,129,87,36,1001
2019-20,202498,Lance Thomas,32.0,7,97.75833333333334,13,6,0,0,24
2019-20,1629013,Landry Shamet,23.0,53,1451.93,100,99,10,20,492
2019-20,204038,Langston Galloway,28.0,66,1702.225,149,101,11,48,677
2019-20,1626204,Larry Nance Jr.,27.0,56,1472.1133333333332,409,123,22,56,564
2019-20,1628374,Lauri Markkanen,23.0,50,1491.5783333333334,313,74,23,42,737
2019-20,2544,LeBron James,35.0,67,2316.266666666667,525,684,36,78,1698
2019-20,1629022,Lonnie Walker IV,21.0,61,988.2983333333333,139,68,14,32,389
2019-20,1628366,Lonzo Ball,22.0,63,2025.215,383,438,38,88,745
2019-20,101150,Lou Williams,33.0,65,1863.7083333333333,201,365,12,43,1185
2019-20,1629663,Louis King,21.0,10,62.2,10,5,0,2,20
2019-20,201601,Luc Mbah a Moute,33.0,3,24.6,2,0,0,2,5
2019-20,1629652,Luguentz Dort,21.0,36,820.33,81,27,4,31,244
2019-20,1629029,Luka Dončić,21.0,61,2047.245,573,538,14,62,1759
2019-20,1629677,Luka Samanic,20.0,3,48.416666666666664,10,6,2,0,16
2019-20,1628379,Luke Kennard,24.0,28,921.9233333333333,98,115,6,12,442
2019-20,1628436,Luke Kornet,24.0,36,558.5433333333333,84,32,26,11,215
2019-20,1627763,Malcolm Brogdon,27.0,54,1666.2683333333334,262,381,10,35,893
2019-20,1626259,Malcolm Miller,27.0,28,161.91833333333332,16,11,2,5,35
2019-20,1627736,Malik Beasley,23.0,55,1208.7116666666666,148,75,8,40,615
2019-20,1628370,Malik Monk,22.0,55,1169.1033333333332,157,114,16,25,564
2019-20,1629005,Malik Newman,23.0,1,3.683333333333333,0,0,0,0,2
2019-20,201188,Marc Gasol,35.0,44,1161.1566666666668,275,147,38,34,331
2019-20,201158,Marco Belinelli,34.0,57,883.4016666666666,99,69,1,12,361
2019-20,202694,Marcus Morris Sr.,30.0,62,1936.2733333333333,311,86,30,47,1033
2019-20,203935,Marcus Smart,26.0,60,1919.27,225,291,29,101,776
2019-20,1629621,Marial Shayok,24.0,4,27.865,7,1,1,0,11
2019-20,1626209,Mario Hezonja,25.0,53,871.405,184,50,9,36,256
2019-20,1628365,Markelle Fultz,22.0,72,1995.945,238,369,11,90,870
2019-20,202693,Markieff Morris,30.0,58,1187.5333333333333,218,77,17,31,560
2019-20,1629741,Marko Guduric,25.0,44,483.615,73,45,8,12,173
2019-20,1629716,Marques Bolden,22.0,1,2.816666666666667,2,0,0,1,0
2019-20,1627737,Marquese Chriss,22.0,59,1196.1283333333333,365,114,62,39,548
2019-20,1628963,Marvin Bagley III,21.0,13,333.9266666666667,97,10,12,6,185
2019-20,101107,Marvin Williams,34.0,58,1128.9166666666667,183,60,30,36,343
2019-20,203486,Mason Plumlee,30.0,61,1057.2983333333334,317,154,38,33,437
2019-20,1629680,Matisse Thybulle,23.0,65,1287.4316666666666,107,79,47,93,305
2019-20,1629760,Matt Mooney,25.0,4,18.75,3,1,1,2,2
2019-20,1629744,Matt Thomas,25.0,41,440.02,61,22,1,10,202
2019-20,203521,Matthew Dellavedova,29.0,57,820.7733333333333,75,180,2,20,177
2019-20,203090,Maurice Harkless,27.0,62,1426.775,240,68,33,58,357
2019-20,1629622,Max Strus,24.0,2,6.233333333333333,1,0,0,0,5
2019-20,1628467,Maxi Kleber,28.0,74,1889.7033333333334,388,88,83,25,672
2019-20,1628982,Melvin Frazier Jr.,23.0,19,125.93,10,3,2,9,40
2019-20,203086,Meyers Leonard,28.0,51,1033.9316666666666,260,55,15,14,309
2019-20,1629662,Mfiondu Kabengele,22.0,12,64.41666666666667,11,2,2,2,42
2019-20,203487,Michael Carter-Williams,28.0,45,833.1433333333333,147,109,22,49,323
2019-20,1626187,Michael Frazier II,26.0,13,144.57,10,2,0,2,27
2019-20,203077,Michael Kidd-Gilchrist,26.0,25,280.6933333333333,67,14,6,2,60
2019-20,1629008,Michael Porter Jr.,22.0,55,903.2866666666666,259,46,25,27,512
2019-20,1628969,Mikal Bridges,23.0,73,2042.1283333333333,292,129,46,102,667
2019-20,201144,Mike Conley,32.0,47,1363.2733333333333,151,208,5,36,675
2019-20,203488,Mike Muscala,28.0,47,571.7666666666667,108,40,12,9,226
2019-20,203118,Mike Scott,31.0,68,1207.0116666666668,248,56,5,22,408
2019-20,1628970,Miles Bridges,22.0,65,1995.5766666666666,362,114,48,40,843
2019-20,1629011,Mitchell Robinson,22.0,61,1412.325,428,36,119,52,590
2019-20,1629671,Miye Oni,22.0,10,109.075,17,4,2,4,35
2019-20,1628964,Mo Bamba,22.0,62,878.3683333333333,302,42,86,23,332
2019-20,1628420,Monte Morris,25.0,73,1636.5516666666667,137,255,17,55,660
2019-20,1626149,Montrezl Harrell,26.0,63,1749.1266666666668,445,107,72,39,1173
2019-20,1629021,Moritz Wagner,23.0,45,835.3316666666667,219,56,19,28,393
2019-20,1629650,Moses Brown,20.0,9,32.843333333333334,14,1,1,1,11
2019-20,1628539,Mychal Mulder,26.0,7,203.68666666666667,23,8,1,2,77
2019-20,1626167,Myles Turner,24.0,62,1825.8016666666667,407,72,132,46,749
2019-20,1629642,Nassir Little,20.0,48,572.485,108,22,14,13,172
2019-20,1628513,Naz Mitrou-Long,26.0,5,46.85,7,8,1,1,14
2019-20,1629675,Naz Reid,20.0,30,495.4633333333333,124,35,22,19,269
2019-20,202357,Nemanja Bjelica,32.0,72,2011.1883333333333,458,203,40,62,831
2019-20,203457,Nerlens Noel,26.0,61,1126.9333333333334,300,57,91,59,449
2019-20,1629651,Nic Claxton,21.0,15,186.85,44,16,8,1,66
2019-20,1629638,Nickeil Alexander-Walker,21.0,47,590.8033333333333,84,89,8,17,267
2019-20,201587,Nicolas Batum,31.0,22,504.9816666666667,100,66,8,17,79
2019-20,1629740,Nicolo Melli,29.0,60,1042.1233333333332,180,82,23,34,395
2019-20,1628430,Nigel Williams-Goss,25.0,10,49.805,6,6,1,3,14
2019-20,203999,Nikola Jokić,25.0,73,2335.405,711,512,44,85,1456
2019-20,202696,Nikola Vučević,29.0,62,1998.1783333333333,673,222,47,54,1215
2019-20,203943,Noah Vonleh,24.0,36,377.73833333333334,124,28,6,11,132
2019-20,1626181,Norman Powell,27.0,52,1478.825,190,91,21,60,830
2019-20,203658,Norvel Pelle,27.0,24,231.73833333333334,72,8,31,3,57
2019-20,1628384,OG Anunoby,22.0,69,2065.6766666666667,364,108,45,96,733
2019-20,1629016,Omari Spellman,22.0,49,885.985,219,47,24,33,370
2019-20,1629052,Oshae Brissett,22.0,19,135.07333333333332,26,7,1,4,37
2019-20,203490,Otto Porter Jr.,27.0,14,330.78,48,25,6,15,167
2019-20,200782,P.J. Tucker,35.0,72,2467.233333333333,476,115,36,77,500
2019-20,1629023,P.J. Washington,21.0,58,1758.9916666666666,316,123,44,51,710
2019-20,1628408,PJ Dozier,23.0,29,411.56166666666667,55,63,6,14,168
2019-20,1627783,Pascal Siakam,26.0,60,2110.161666666667,439,207,53,61,1371
2019-20,1626192,Pat Connaughton,27.0,67,1243.1333333333334,284,107,31,25,360
2019-20,201976,Patrick Beverley,31.0,51,1341.7016666666666,266,183,25,54,405
2019-20,1627775,Patrick McCaw,24.0,37,908.1416666666667,86,79,4,39,170
2019-20,202335,Patrick Patterson,31.0,59,776.1866666666666,151,41,3,7,292
2019-20,201988,Patty Mills,31.0,66,1484.7483333333332,108,118,6,53,767
2019-20,202331,Paul George,30.0,48,1418.8783333333333,272,185,20,68,1033
2019-20,200794,Paul Millsap,35.0,51,1239.95,293,83,30,44,591
2019-20,1628778,Paul Watson,25.0,10,87.21166666666667,17,8,1,4,31
2019-20,1626188,Quinn Cook,27.0,44,507.95166666666665,51,49,2,12,224
2019-20,1629683,Quinndary Weatherspoon,23.0,11,77.73833333333333,7,11,1,3,12
2019-20,1629628,RJ Barrett,20.0,56,1704.4216666666666,279,143,17,55,803
2019-20,200765,Rajon Rondo,34.0,48,984.24,142,240,2,40,342
2019-20,203526,Raul Neto,28.0,54,667.6,61,95,6,24,275
2019-20,1629730,Rayjon Tucker,22.0,20,161.44833333333332,20,5,1,1,62
2019-20,203493,Reggie Bullock Jr.,29.0,29,684.325,68,42,3,25,234
2019-20,202704,Reggie Jackson,30.0,31,742.66,92,126,5,13,370
2019-20,1626158,Richaun Holmes,26.0,44,1241.615,358,42,56,41,539
2019-20,201937,Ricky Rubio,29.0,65,2016.3616666666667,304,570,11,94,847
2019-20,203496,Robert Covington,29.0,70,2136.8083333333334,463,88,93,115,870
2019-20,1629057,Robert Williams III,22.0,29,387.7733333333333,128,27,35,22,150
2019-20,201577,Robin Lopez,32.0,66,958.1083333333333,161,45,45,10,357
2019-20,1629066,Rodions Kurucs,22.0,47,683.525,137,51,5,25,215
2019-20,203918,Rodney Hood,27.0,21,618.6716666666666,72,32,4,17,230
2019-20,203585,Rodney McGruder,28.0,56,871.0133333333333,151,36,8,26,187
2019-20,1629641,Romeo Langford,20.0,32,369.84833333333336,41,13,8,8,79
2019-20,1626178,Rondae Hollis-Jefferson,25.0,60,1121.895,283,106,23,46,418
2019-20,1626220,Royce O'Neale,27.0,71,2049.4683333333332,389,180,32,59,450
2019-20,200752,Rudy Gay,33.0,67,1460.5833333333333,362,114,33,35,726
2019-20,203497,Rudy Gobert,28.0,68,2332.7066666666665,916,101,135,51,1026
2019-20,1629060,Rui Hachimura,22.0,48,1444.0316666666668,294,87,8,37,649
2019-20,201566,Russell Westbrook,31.0,57,2049.1683333333335,451,401,20,93,1553
2019-20,201583,Ryan Anderson,32.0,2,13.966666666666667,7,2,0,1,5
2019-20,1627853,Ryan Arcidiacono,26.0,58,929.9733333333334,110,96,3,27,261
2019-20,1629151,Ryan Broekhoff,29.0,17,180.11833333333334,43,11,4,5,71
2019-20,1629635,Sekou Doumbouya,19.0,38,753.7266666666667,118,19,8,20,243
2019-20,1628400,Semi Ojeleye,25.0,69,1010.595,145,37,5,21,236
2019-20,201586,Serge Ibaka,30.0,55,1484.6266666666668,452,77,46,28,845
2019-20,203552,Seth Curry,29.0,64,1575.7133333333334,145,124,9,38,793
2019-20,203894,Shabazz Napier,28.0,56,1344.4933333333333,158,262,11,69,578
2019-20,1628983,Shai Gilgeous-Alexander,21.0,70,2428.335,412,232,47,79,1331
2019-20,1629003,Shake Milton,23.0,40,805.365,88,104,7,20,377
2019-20,1629044,Shamorie Ponds,22.0,4,10.583333333333334,1,2,1,0,9
2019-20,1627885,Shaquille Harrison,26.0,43,484.3516666666667,86,49,19,34,209
2019-20,1628414,Sindarius Thornwell,25.0,2,35.483333333333334,4,4,1,1,16
2019-20,1627746,Skal Labissiere,24.0,33,566.79,169,42,31,7,190
2019-20,203524,Solomon Hill,29.0,59,1088.3383333333334,165,104,12,43,323
2019-20,203915,Spencer Dinwiddie,27.0,64,1994.15,221,432,21,40,1318
2019-20,1626169,Stanley Johnson,24.0,25,149.72666666666666,37,20,4,6,60
2019-20,1629742,Stanton Kidd,28.0,4,15.283333333333333,3,1,0,0,0
2019-20,201939,Stephen Curry,32.0,5,139.31666666666666,26,33,2,5,104
2019-20,1628425,Sterling Brown,25.0,52,766.68,183,51,7,29,266
2019-20,203500,Steven Adams,26.0,63,1680.51,583,146,67,51,684
2019-20,1629004,Svi Mykhailiuk,23.0,56,1265.0133333333333,104,106,4,41,504
2019-20,1628388,T.J. Leaf,23.0,28,221.8,71,9,4,10,84
2019-20,204456,T.J. McConnell,28.0,71,1326.045,189,355,11,56,464
2019-20,203933,T.J. Warren,26.0,67,2202.3516666666665,280,99,34,78,1326
2019-20,1629605,Tacko Fall,24.0,7,32.53666666666667,15,1,4,1,23
2019-20,201959,Taj Gibson,35.0,62,1025.1666666666667,267,52,30,27,379
2019-20,1629659,Talen Horton-Tucker,19.0,6,81.15,7,6,1,8,34
2019-20,1629745,Tariq Owens,25.0,3,15.4,3,0,0,1,4
2019-20,1627752,Taurean Prince,26.0,64,1857.435,381,116,25,57,773
2019-20,1629611,Terance Mann,23.0,41,362.12,55,53,5,11,99
2019-20,1629056,Terence Davis,23.0,72,1209.1633333333334,237,115,14,39,543
2019-20,1628390,Terrance Ferguson,22.0,56,1257.4483333333333,74,51,17,27,220
2019-20,203082,Terrence Ross,29.0,69,1889.0833333333333,222,82,24,77,1016
2019-20,1626179,Terry Rozier,26.0,63,2164.46,276,259,10,61,1134
2019-20,200757,Thabo Sefolosha,36.0,41,435.8433333333333,93,25,12,24,92
2019-20,201152,Thaddeus Young,32.0,64,1590.6616666666666,315,117,23,92,659
2019-20,203648,Thanasis Antetokounmpo,27.0,20,128.63,24,15,2,7,55
2019-20,1629033,Theo Pinson,24.0,33,365.4116666666667,54,56,4,17,120
2019-20,1628418,Thomas Bryant,22.0,46,1146.7916666666667,331,83,49,25,609
2019-20,1627748,Thon Maker,23.0,60,776.095,167,43,39,25,281
2019-20,204025,Tim Frazier,29.0,27,354.82666666666665,33,93,4,14,97
2019-20,203501,Tim Hardaway Jr.,28.0,71,2091.3533333333335,232,137,5,41,1121
2019-20,1627789,Timothe Luwawu-Cabarrot,25.0,47,852.6666666666666,127,29,7,18,365
2019-20,202699,Tobias Harris,27.0,72,2469.1783333333333,495,227,40,53,1411
2019-20,203107,Tomas Satoransky,28.0,65,1877.9383333333333,254,354,7,80,644
2019-20,1628396,Tony Bradley,22.0,58,663.1633333333333,267,23,33,14,285
2019-20,203503,Tony Snell,28.0,59,1641.0766666666666,111,127,15,32,474
2019-20,1628470,Torrey Craig,29.0,58,1071.9316666666666,189,47,36,23,315
2019-20,1629027,Trae Young,21.0,60,2120.2083333333335,255,560,8,65,1778
2019-20,1629682,Tremont Waters,22.0,11,118.64166666666667,12,16,2,10,40
2019-20,1626203,Treveon Graham,26.0,55,929.3316666666667,150,45,6,24,243
2019-20,2772,Trevor Ariza,35.0,53,1492.275,246,91,15,69,423
2019-20,203504,Trey Burke,27.0,33,520.0333333333333,50,83,2,16,243
2019-20,1626168,Trey Lyles,24.0,63,1270.8233333333333,361,69,28,28,404
2019-20,202684,Tristan Thompson,29.0,57,1721.525,577,120,50,33,684
2019-20,1628972,Troy Brown Jr.,20.0,69,1782.0183333333334,383,178,7,85,716
2019-20,203584,Troy Daniels,28.0,47,531.9716666666667,52,17,3,11,200
2019-20,1629660,Ty Jerome,22.0,31,327.59,46,44,3,15,102
2019-20,1629076,Tyler Cook,22.0,13,54.071666666666665,14,1,0,3,23
2019-20,1629639,Tyler Herro,20.0,55,1508.08,224,121,9,34,743
2019-20,204020,Tyler Johnson,28.0,39,709.3016666666666,76,74,9,16,274
2019-20,203092,Tyler Zeller,30.0,2,3.875,4,0,0,0,2
2019-20,1627820,Tyrone Wallace,26.0,14,160.37833333333333,22,13,1,7,40
2019-20,2199,Tyson Chandler,37.0,26,219.20666666666668,66,6,8,6,34
2019-20,1626145,Tyus Jones,24.0,65,1231.9766666666667,103,285,6,59,484
2019-20,2617,Udonis Haslem,40.0,4,44.13,16,1,0,0,12
2019-20,1629724,Vic Law,24.0,8,61.888333333333335,11,3,0,2,15
2019-20,203506,Victor Oladipo,28.0,19,528.14,75,56,4,17,275
2019-20,1713,Vince Carter,43.0,60,875.5666666666667,124,48,25,23,298
2019-20,1629738,Vincent Poirier,26.0,22,129.99166666666667,43,8,9,2,41
2019-20,1628427,Vlatko Čančar,23.0,14,45.42,10,3,1,1,17
2019-20,201961,Wayne Ellington,32.0,36,558.385,65,44,4,13,183
2019-20,1628976,Wendell Carter Jr.,21.0,43,1255.7866666666666,405,51,36,33,484
2019-20,1629117,Wenyen Gabriel,23.0,30,234.91833333333332,52,8,7,11,63
2019-20,1628411,Wes Iwundu,25.0,52,953.2933333333333,131,60,13,25,300
2019-20,202083,Wesley Matthews,33.0,67,1634.865,166,92,9,38,494
2019-20,203115,Will Barton,29.0,58,1915.8383333333334,365,212,29,61,874
2019-20,1629739,William Howard,26.0,2,13.266666666666667,2,1,0,0,0
2019-20,1626161,Willie Cauley-Stein,26.0,54,1097.4466666666667,315,70,61,49,390
2019-20,1626195,Willy Hernangomez,26.0,31,375.2183333333333,134,29,7,10,190
2019-20,201163,Wilson Chandler,33.0,35,734.11,145,39,12,16,205
2019-20,1627812,Yogi Ferrell,27.0,50,529.76,49,69,4,18,218
2019-20,1629139,Yuta Watanabe,25.0,18,104.76833333333333,20,5,1,5,36
2019-20,1628380,Zach Collins,22.0,11,289.9066666666667,69,16,5,5,77
2019-20,203897,Zach LaVine,25.0,60,2085.41,289,254,28,88,1530
2019-20,1629668,Zach Norvell Jr.,22.0,5,40.80166666666667,6,3,0,2,10
2019-20,1629015,Zhaire Smith,21.0,7,32.33166666666666,2,2,0,3,8
2019-20,1629627,Zion Williamson,19.0,24,668.1416666666667,150,50,9,16,540
2019-20,1629597,Zylan Cheatham,24.0,4,51.04333333333334,9,3,1,1,12
2020-21,203932,Aaron Gordon,25.0,50,1383.78,284,161,34,33,618
2020-21,1628988,Aaron Holiday,24.0,66,1176.0866666666666,89,123,13,46,475
2020-21,1630174,Aaron Nesmith,21.0,46,668.7316666666667,127,23,9,15,218
2020-21,1627846,Abdel Nader,27.0,24,355.25,62,19,9,10,160
2020-21,1629690,Adam Mokoka,22.0,14,56.178333333333335,5,5,1,2,15
2020-21,201143,Al Horford,35.0,28,781.755,188,94,26,25,398
2020-21,202329,Al-Farouq Aminu,30.0,23,434.14,110,31,9,19,102
2020-21,202692,Alec Burks,29.0,49,1254.56,227,107,14,31,623
2020-21,1630197,Aleksej Pokusevski,19.0,45,1089.915,212,97,42,20,367
2020-21,1629346,Alen Smailagic,20.0,15,83.855,16,4,5,3,28
2020-21,1627936,Alex Caruso,27.0,58,1216.1233333333332,170,160,15,64,370
2020-21,203458,Alex Len,28.0,64,978.7383333333333,260,49,64,20,423
2020-21,1628035,Alfonzo McKinnie,28.0,39,258.0083333333333,54,6,0,7,122
2020-21,1628993,Alize Johnson,25.0,18,188.69333333333333,90,14,5,5,94
2020-21,1628578,Amida Brimah,27.0,5,29.278333333333332,8,1,5,0,13
2020-21,1629599,Amir Coffey,24.0,44,394.565,44,22,0,10,140
2020-21,2760,Anderson Varejao,38.0,5,35.93333333333333,20,3,2,0,13
2020-21,203083,Andre Drummond,27.0,46,1241.5883333333334,551,94,49,63,687
2020-21,2738,Andre Iguodala,37.0,63,1338.8633333333332,221,142,35,57,275
2020-21,203460,Andre Roberson,29.0,5,62.92666666666667,15,4,1,3,6
2020-21,203952,Andrew Wiggins,26.0,71,2364.27,347,167,70,67,1320
2020-21,1629014,Anfernee Simons,22.0,64,1104.4566666666667,140,89,8,18,502
2020-21,203076,Anthony Davis,28.0,36,1161.735,286,110,59,45,786
2020-21,1630162,Anthony Edwards,19.0,72,2314.1666666666665,336,211,36,82,1392
2020-21,1630264,Anthony Gill,28.0,26,218.015,51,11,4,10,80
2020-21,1630237,Anthony Lamb,23.0,24,415.21,70,23,5,6,133
2020-21,201229,Anthony Tolliver,36.0,11,98.97333333333333,10,2,2,3,17
2020-21,1628394,Anžejs Pasečņiks,25.0,1,6.316666666666666,1,1,0,0,0
2020-21,1629717,Armoni Brooks,23.0,20,520.36,68,30,5,12,223
2020-21,203382,Aron Baynes,34.0,53,980.2766666666666,273,47,22,17,324
2020-21,1630204,Ashton Hagans,21.0,2,4.066666666666666,0,0,0,0,0
2020-21,203085,Austin Rivers,28.0,36,844.9683333333334,82,81,2,30,285
2020-21,202340,Avery Bradley,30.0,27,601.925,57,46,3,21,173
2020-21,1626253,Axel Toupane,28.0,8,61.21666666666667,6,4,3,2,14
2020-21,1628389,Bam Adebayo,23.0,64,2142.616666666667,573,346,66,75,1197
2020-21,203463,Ben McLemore,28.0,53,904.81,100,39,9,23,406
2020-21,1627732,Ben Simmons,24.0,58,1877.2883333333334,417,401,35,93,829
2020-21,202687,Bismack Biyombo,28.0,66,1348.7816666666668,347,81,74,17,331
2020-21,201933,Blake Griffin,32.0,46,1186.62,225,140,15,32,505
2020-21,1626246,Boban Marjanovic,32.0,33,271.3183333333333,128,10,6,2,156
2020-21,1626171,Bobby Portis,26.0,66,1372.1766666666667,466,71,26,52,754
2020-21,203992,Bogdan Bogdanović,28.0,44,1305.4016666666666,160,147,13,49,720
2020-21,202711,Bojan Bogdanovic,32.0,72,2215.565,281,136,4,45,1225
2020-21,1629626,Bol Bol,21.0,32,159.65666666666667,24,7,10,3,69
2020-21,202954,Brad Wanamaker,31.0,61,1053.3283333333334,105,174,11,43,336
2020-21,203078,Bradley Beal,28.0,60,2146.9983333333334,283,265,22,69,1878
2020-21,1629634,Brandon Clarke,24.0,59,1414.765,328,95,51,60,610
2020-21,1629164,Brandon Goodwin,25.0,47,619.5916666666667,69,95,0,17,228
2020-21,1627742,Brandon Ingram,23.0,61,2092.41,299,296,36,42,1450
2020-21,1628968,Brian Bowen II,22.0,6,14.865,3,0,0,0,3
2020-21,1630271,Brodric Thomas,24.0,32,399.27,53,30,10,15,125
2020-21,201572,Brook Lopez,33.0,70,1901.7883333333334,347,50,103,40,859
2020-21,1628971,Bruce Brown,24.0,65,1451.1583333333333,349,104,28,58,573
2020-21,203998,Bruno Caboclo,25.0,6,36.43333333333333,14,1,2,0,17
2020-21,1628981,Bruno Fernando,22.0,33,225.93333333333334,78,10,3,4,51
2020-21,1627854,Bryn Forbes,27.0,70,1354.36,112,45,1,24,701
2020-21,1627741,Buddy Hield,28.0,71,2432.858333333333,334,257,30,63,1176
2020-21,1629604,CJ Elleby,21.0,30,192.38333333333333,32,10,3,6,68
2020-21,203468,CJ McCollum,29.0,47,1599.7583333333334,185,223,21,44,1087
2020-21,1628997,Caleb Martin,25.0,53,818.4866666666667,141,67,12,37,264
2020-21,1629629,Cam Reddish,21.0,26,750.3383333333334,104,35,9,33,292
2020-21,1629244,Cam Reynolds,26.0,5,40.483333333333334,5,2,0,0,15
2020-21,1629661,Cameron Johnson,25.0,60,1437.4433333333334,199,86,16,37,573
2020-21,1628419,Cameron Oliver,24.0,4,87.38333333333334,21,5,4,2,43
2020-21,1626166,Cameron Payne,26.0,60,1079.435,144,217,16,36,505
2020-21,1627747,Caris LeVert,26.0,47,1485.34,214,245,30,66,948
2020-21,2546,Carmelo Anthony,37.0,69,1690.1433333333334,214,104,38,46,924
2020-21,1629035,Carsen Edwards,23.0,31,275.5833333333333,26,14,1,7,123
2020-21,1630199,Cassius Stanley,21.0,24,93.31833333333333,20,1,2,1,36
2020-21,1630216,Cassius Winston,23.0,22,98.195,9,12,1,2,41
2020-21,1626224,Cedi Osman,26.0,59,1510.5083333333334,201,174,9,53,613
2020-21,1628990,Chandler Hutchison,25.0,25,345.80333333333334,78,17,5,12,107
2020-21,1629718,Charlie Brown Jr.,24.0,9,151.82666666666665,17,9,2,4,40
2020-21,1626184,Chasson Randle,28.0,41,837.0483333333333,82,74,5,22,266
2020-21,1629002,Chimezie Metu,24.0,36,488.0566666666667,112,28,18,14,226
2020-21,1628449,Chris Boucher,28.0,60,1452.6783333333333,404,63,111,35,818
2020-21,1629185,Chris Chiozza,25.0,22,232.345,24,65,6,7,88
2020-21,101108,Chris Paul,36.0,70,2199.5333333333333,312,622,19,99,1149
2020-21,1629735,Chris Silva,24.0,15,92.35833333333333,27,6,6,1,32
2020-21,1626174,Christian Wood,25.0,41,1325.8983333333333,395,71,48,34,860
2020-21,1629643,Chuma Okeke,22.0,45,1132.5533333333333,181,101,22,48,349
2020-21,203991,Clint Capela,27.0,63,1898.3766666666668,903,49,129,44,956
2020-21,1629632,Coby White,21.0,69,2155.82,284,328,15,38,1041
2020-21,1628998,Cody Martin,25.0,52,849.1916666666667,161,86,12,37,207
2020-21,203469,Cody Zeller,28.0,48,1005.3433333333334,328,86,17,27,451
2020-21,1630175,Cole Anthony,21.0,47,1272.8433333333332,221,192,18,30,605
2020-21,1629012,Collin Sexton,22.0,60,2115.1683333333335,187,262,10,62,1460
2020-21,202709,Cory Joseph,29.0,63,1446.1283333333333,159,213,18,61,517
2020-21,1626245,Cristiano Felicio,28.0,18,83.55,26,9,0,4,23
2020-21,1626156,D'Angelo Russell,25.0,42,1196.2566666666667,111,244,18,45,796
2020-21,201571,D.J. Augustin,33.0,57,1128.8133333333333,94,188,1,28,438
2020-21,1628391,D.J. Wilson,25.0,35,432.63,112,23,16,11,183
2020-21,1629610,DaQuan Jeffries,23.0,31,492.7733333333333,71,22,10,15,127
2020-21,1629751,Dakota Mathias,25.0,8,123.46,7,13,3,1,48
2020-21,1627745,Damian Jones,26.0,39,545.7266666666667,121,29,29,11,183
2020-21,203081,Damian Lillard,30.0,67,2397.7966666666666,283,505,17,62,1928
2020-21,1627814,Damion Lee,28.0,57,1079.0,180,73,8,38,373
2020-21,1628422,Damyean Dotson,27.0,46,907.2183333333334,93,91,4,16,308
2020-21,1629655,Daniel Gafford,22.0,54,791.3866666666667,231,29,75,26,380
2020-21,1630187,Daniel Oturu,21.0,30,160.90333333333334,48,10,7,4,54
2020-21,1628464,Daniel Theis,29.0,65,1600.6766666666667,356,108,57,41,627
2020-21,201568,Danilo Gallinari,32.0,51,1221.8916666666667,211,76,10,30,676
2020-21,201980,Danny Green,34.0,69,1934.3583333333333,260,118,56,92,654
2020-21,203957,Dante Exum,25.0,6,116.14833333333333,17,13,2,4,23
2020-21,1627863,Danuel House Jr.,28.0,36,932.3383333333334,132,69,16,20,315
2020-21,203967,Dario Saric,27.0,50,870.4833333333333,190,65,4,30,437
2020-21,1629647,Darius Bazley,21.0,55,1714.205,396,99,25,29,754
2020-21,1629636,Darius Garland,21.0,54,1789.9433333333334,129,329,6,66,941
2020-21,203121,Darius Miller,31.0,18,196.795,24,21,5,13,73
2020-21,1628021,David Nwaba,28.0,30,678.5633333333334,118,31,21,30,276
2020-21,202722,Davis Bertans,28.0,57,1463.675,168,49,13,33,655
2020-21,1628368,De'Aaron Fox,23.0,58,2036.1416666666667,203,417,27,87,1461
2020-21,1629631,De'Andre Hunter,23.0,23,677.7966666666666,110,44,12,19,344
2020-21,1629001,De'Anthony Melton,23.0,52,1045.2133333333334,161,132,31,60,472
2020-21,201599,DeAndre Jordan,32.0,57,1246.0183333333334,427,93,65,17,426
2020-21,1627761,DeAndre' Bembry,26.0,51,971.875,146,107,18,53,293
2020-21,201942,DeMar DeRozan,31.0,61,2056.46,259,422,15,56,1316
2020-21,202326,DeMarcus Cousins,30.0,41,712.8716666666667,263,76,24,34,366
2020-21,1629731,Dean Wade,24.0,63,1212.1083333333333,215,74,21,35,376
2020-21,1629028,Deandre Ayton,22.0,69,2114.59,727,99,81,41,997
2020-21,1629686,Deividas Sirvydis,21.0,20,133.11333333333334,29,5,0,2,41
2020-21,1627749,Dejounte Murray,24.0,67,2139.415,473,363,7,101,1051
2020-21,1626153,Delon Wright,29.0,63,1747.9483333333333,269,278,30,101,645
2020-21,1630166,Deni Avdija,20.0,54,1256.8766666666668,262,63,15,32,342
2020-21,203471,Dennis Schröder,27.0,61,1956.2766666666666,211,351,13,70,941
2020-21,1628372,Dennis Smith Jr.,23.0,23,420.0183333333333,55,77,14,23,154
2020-21,1627756,Denzel Valentine,27.0,62,1035.775,197,105,7,30,406
2020-21,202324,Derrick Favors,29.0,68,1039.205,376,44,68,32,369
2020-21,1627884,Derrick Jones Jr.,24.0,58,1317.9283333333333,205,47,54,37,396
2020-21,201565,Derrick Rose,32.0,50,1278.8583333333333,130,209,19,49,734
2020-21,1628401,Derrick White,26.0,36,1063.5383333333334,107,127,36,26,553
2020-21,1630217,Desmond Bane,23.0,68,1518.965,210,118,16,41,625
2020-21,1626164,Devin Booker,24.0,67,2270.0533333333333,281,289,16,53,1712
2020-21,1629962,Devin Cannady,25.0,8,74.35,5,1,1,5,34
2020-21,1630170,Devin Vassell,20.0,62,1055.9633333333334,174,56,18,43,341
2020-21,1629653,Devon Dotson,21.0,11,50.21333333333333,5,7,0,4,23
2020-21,1629719,Devontae Cacok,24.0,20,97.63333333333334,32,1,4,5,39
2020-21,1628984,Devonte' Graham,26.0,55,1658.6033333333332,148,295,6,48,816
2020-21,203473,Dewayne Dedmon,31.0,16,210.47166666666666,86,12,6,9,113
2020-21,1629712,Didi Louzada,21.0,3,56.336666666666666,3,3,0,2,8
2020-21,1628415,Dillon Brooks,25.0,67,1996.6566666666668,196,157,26,78,1151
2020-21,1627734,Domantas Sabonis,25.0,62,2231.4466666666667,742,415,33,76,1260
2020-21,1628378,Donovan Mitchell,24.0,53,1771.4366666666667,235,277,15,52,1401
2020-21,1629743,Donta Hall,23.0,13,179.24833333333333,62,11,10,5,73
2020-21,1628978,Donte DiVincenzo,24.0,66,1814.6633333333334,380,203,15,72,688
2020-21,1627827,Dorian Finney-Smith,28.0,60,1920.5383333333334,326,102,25,52,590
2020-21,203926,Doug McDermott,29.0,66,1619.1316666666667,221,85,6,20,899
2020-21,203110,Draymond Green,31.0,63,1981.7616666666668,448,558,52,105,444
2020-21,1629234,Drew Eubanks,24.0,54,755.2783333333333,241,42,49,18,311
2020-21,1629130,Duncan Robinson,27.0,72,2261.725,250,127,20,43,942
2020-21,1628407,Dwayne Bacon,25.0,72,1852.7833333333333,224,93,5,45,788
2020-21,2730,Dwight Howard,35.0,69,1195.535,580,61,62,30,482
2020-21,203939,Dwight Powell,29.0,58,965.5783333333334,234,63,30,36,342
2020-21,1629685,Dylan Windler,24.0,31,512.6516666666666,107,33,12,19,161
2020-21,202734,E'Twaun Moore,32.0,27,388.74666666666667,45,40,5,15,133
2020-21,202334,Ed Davis,32.0,23,298.93333333333334,115,21,13,13,48
2020-21,1628410,Edmond Sumner,25.0,53,861.2033333333334,94,49,10,33,399
2020-21,203901,Elfrid Payton,27.0,63,1484.41,216,203,9,47,639
2020-21,1629091,Elijah Bryant,26.0,1,31.57,6,3,1,0,16
2020-21,1630190,Elijah Hughes,23.0,18,63.715,9,6,1,1,31
2020-21,202683,Enes Freedom,29.0,72,1757.2366666666667,795,84,48,33,806
2020-21,202339,Eric Bledsoe,31.0,71,2111.516666666667,244,268,24,55,869
2020-21,201569,Eric Gordon,32.0,27,788.7133333333334,58,71,13,14,481
2020-21,1629672,Eric Paschall,24.0,40,695.0166666666667,128,51,7,12,381
2020-21,101141,Ersan Ilyasova,34.0,17,147.53833333333333,29,4,3,10,65
2020-21,203095,Evan Fournier,28.0,42,1259.0033333333333,128,144,19,47,719
2020-21,1630267,Facundo Campazzo,30.0,65,1424.9316666666666,134,232,14,79,396
2020-21,1628402,Frank Jackson,23.0,40,738.2416666666667,86,36,1,15,390
2020-21,1626163,Frank Kaminsky,28.0,47,714.8066666666666,188,79,17,14,310
2020-21,1628412,Frank Mason III,27.0,4,79.28333333333333,12,12,0,0,25
2020-21,1628373,Frank Ntilikina,22.0,33,322.005,31,19,4,18,89
2020-21,1627832,Fred VanVleet,27.0,52,1898.5566666666666,220,328,37,87,1019
2020-21,1630273,Freddie Gillespie,24.0,20,391.9033333333333,97,9,20,13,111
2020-21,1627788,Furkan Korkmaz,23.0,55,1061.575,113,82,9,49,501
2020-21,1629216,Gabe Vincent,25.0,50,654.8616666666667,56,67,2,21,242
2020-21,1630466,Gabriel Deck,26.0,10,211.60666666666665,40,24,0,8,84
2020-21,202066,Garrett Temple,35.0,56,1528.24,160,124,30,43,423
2020-21,1629726,Garrison Mathews,24.0,64,1037.9516666666666,87,26,7,29,354
2020-21,1629109,Gary Clark,26.0,39,653.7633333333333,115,31,7,13,119
2020-21,203914,Gary Harris,26.0,39,1080.2066666666667,79,78,11,28,388
2020-21,1627780,Gary Payton II,28.0,10,40.41166666666667,11,1,1,6,25
2020-21,1629018,Gary Trent Jr.,22.0,58,1801.985,152,80,10,56,888
2020-21,201588,George Hill,35.0,30,671.595,61,73,5,23,261
2020-21,1627777,Georges Niang,28.0,72,1154.4366666666667,176,59,8,25,500
2020-21,203507,Giannis Antetokounmpo,26.0,61,2012.7333333333333,671,357,73,72,1717
2020-21,203922,Glenn Robinson III,27.0,23,369.335,45,20,3,4,121
2020-21,1629048,Goga Bitadze,21.0,45,561.2766666666666,150,37,60,9,231
2020-21,201609,Goran Dragic,35.0,50,1336.4916666666666,169,219,8,33,672
2020-21,202330,Gordon Hayward,31.0,44,1496.1833333333334,258,181,14,52,863
2020-21,203476,Gorgui Dieng,31.0,38,552.7366666666667,140,48,16,26,258
2020-21,1630203,Grant Riller,24.0,7,27.233333333333334,1,3,0,1,18
2020-21,1629684,Grant Williams,22.0,63,1137.9066666666668,178,64,24,32,294
2020-21,1628960,Grayson Allen,25.0,50,1259.485,160,108,8,46,532
2020-21,204222,Greg Whittington,28.0,4,12.016666666666667,0,0,0,0,0
2020-21,1628977,Hamidou Diallo,22.0,52,1226.0866666666666,272,101,24,41,604
2020-21,203084,Harrison Barnes,29.0,58,2102.3933333333334,385,201,11,43,933
2020-21,1628385,Harry Giles III,23.0,38,347.9216666666667,133,29,13,8,108
2020-21,202355,Hassan Whiteside,32.0,36,545.8566666666667,215,20,46,9,293
2020-21,1627740,Henry Ellenson,24.0,2,38.36666666666667,12,5,0,0,15
2020-21,1629649,Ignas Brazdeikis,22.0,13,248.81166666666667,45,17,3,4,91
2020-21,202697,Iman Shumpert,31.0,2,10.983333333333333,1,0,0,1,2
2020-21,1630193,Immanuel Quickley,22.0,64,1243.485,137,127,12,30,731
2020-21,1629067,Isaac Bonga,21.0,40,431.98833333333334,66,23,9,11,78
2020-21,1630171,Isaac Okoro,20.0,67,2173.235,206,128,24,62,646
2020-21,1628392,Isaiah Hartenstein,23.0,46,558.8983333333333,181,55,39,19,236
2020-21,1630198,Isaiah Joe,21.0,41,382.8233333333333,36,20,4,12,153
2020-21,1629676,Isaiah Roby,23.0,61,1425.2766666666666,341,107,37,52,533
2020-21,1630191,Isaiah Stewart,20.0,68,1454.8283333333334,453,59,86,39,537
2020-21,202738,Isaiah Thomas,32.0,3,48.266666666666666,4,5,0,1,23
2020-21,202397,Ish Smith,32.0,44,923.62,150,172,13,32,295
2020-21,1627826,Ivica Zubac,24.0,72,1608.47,519,90,62,24,650
2020-21,200755,JJ Redick,37.0,44,723.3633333333333,64,51,3,11,327
2020-21,1629630,Ja Morant,21.0,63,2052.8683333333333,252,465,13,57,1204
2020-21,203960,JaKarr Sampson,28.0,29,316.27166666666665,77,4,14,2,134
2020-21,203210,JaMychal Green,31.0,58,1119.8333333333333,277,53,22,26,471
2020-21,201580,JaVale McGee,33.0,46,678.4033333333333,239,39,54,19,337
2020-21,203953,Jabari Parker,26.0,13,165.45833333333334,42,11,5,1,72
2020-21,1630183,Jaden McDaniels,20.0,63,1510.7833333333333,232,71,60,35,427
2020-21,203109,Jae Crowder,30.0,60,1648.3816666666667,282,127,27,48,603
2020-21,1630256,Jae'Sean Tate,25.0,70,2042.7166666666667,374,178,36,85,794
2020-21,1626143,Jahlil Okafor,25.0,27,347.2366666666667,66,13,5,6,145
2020-21,1630186,Jahmi'us Ramsey,20.0,13,94.475,10,6,1,4,40
2020-21,1627774,Jake Layman,27.0,45,627.245,67,28,19,29,231
2020-21,1627751,Jakob Poeltl,25.0,69,1845.1333333333334,547,134,123,47,593
2020-21,1628973,Jalen Brunson,24.0,68,1697.2083333333333,231,239,1,35,857
2020-21,1630223,Jalen Harris,22.0,13,172.105,18,17,0,8,96
2020-21,1629665,Jalen Lecque,21.0,4,12.133333333333333,5,2,0,0,5
2020-21,1629667,Jalen McDaniels,23.0,47,903.58,169,53,19,28,346
2020-21,1630188,Jalen Smith,21.0,27,155.725,37,4,4,1,53
2020-21,1627750,Jamal Murray,24.0,48,1703.6416666666667,194,231,13,64,1018
2020-21,203516,James Ennis III,30.0,41,986.3,166,62,7,32,345
2020-21,201935,James Harden,31.0,44,1608.8366666666666,348,475,33,53,1083
2020-21,201949,James Johnson,34.0,51,1042.965,177,98,42,42,368
2020-21,203263,James Nunnally,30.0,9,47.785,9,3,0,0,15
2020-21,1630164,James Wiseman,20.0,39,835.88,226,26,36,11,448
2020-21,201162,Jared Dudley,35.0,12,80.65,21,5,1,1,6
2020-21,1629607,Jared Harper,23.0,8,16.25,2,1,0,0,3
2020-21,1628991,Jaren Jackson Jr.,21.0,11,258.435,62,12,18,12,158
2020-21,1629020,Jarred Vanderbilt,22.0,64,1139.305,368,76,46,64,344
2020-21,1629714,Jarrell Brantley,25.0,28,138.31333333333333,27,15,2,7,64
2020-21,1628386,Jarrett Allen,23.0,63,1863.5433333333333,631,106,90,32,806
2020-21,1629633,Jarrett Culver,22.0,34,499.09166666666664,104,24,9,17,180
2020-21,1629750,Javonte Green,27.0,41,473.725,71,17,6,28,146
2020-21,1629637,Jaxson Hayes,21.0,60,963.7066666666667,257,35,38,25,449
2020-21,1630206,Jay Scrubb,20.0,4,84.18333333333334,14,1,0,4,35
2020-21,1629121,Jaylen Adams,25.0,7,18.12,3,2,0,0,2
2020-21,1627759,Jaylen Brown,24.0,58,1998.6316666666667,347,195,32,72,1430
2020-21,1629658,Jaylen Hoard,22.0,19,319.63,65,24,5,13,116
2020-21,1629669,Jaylen Nowell,21.0,42,759.045,95,62,12,22,379
2020-21,1628369,Jayson Tatum,23.0,64,2289.7033333333334,472,276,31,75,1692
2020-21,201145,Jeff Green,34.0,68,1835.165,263,108,27,36,750
2020-21,201952,Jeff Teague,33.0,55,950.1216666666667,88,132,12,34,371
2020-21,203924,Jerami Grant,27.0,54,1829.2633333333333,250,152,58,35,1205
2020-21,1629725,Jeremiah Martin,25.0,9,75.15,7,4,2,5,22
2020-21,203087,Jeremy Lamb,29.0,36,765.3416666666667,131,53,23,34,363
2020-21,1629010,Jerome Robinson,24.0,17,304.95166666666665,38,25,6,12,83
2020-21,1628975,Jevon Carter,25.0,60,716.68,92,71,9,29,248
2020-21,202710,Jimmy Butler III,31.0,52,1744.615,359,369,18,108,1116
2020-21,203925,Joe Harris,29.0,69,2141.54,248,130,14,46,974
2020-21,204060,Joe Ingles,33.0,67,1866.555,244,318,12,45,809
2020-21,203954,Joel Embiid,27.0,51,1585.105,539,145,69,50,1451
2020-21,1628381,John Collins,23.0,63,1848.1083333333333,467,78,63,34,1111
2020-21,1629723,John Konchar,25.0,43,574.9633333333334,128,47,9,30,184
2020-21,202322,John Wall,30.0,40,1288.0716666666667,129,275,31,42,823
2020-21,202685,Jonas Valančiūnas,29.0,62,1755.3283333333334,776,112,57,35,1058
2020-21,1629007,Jontay Porter,21.0,11,53.99166666666667,14,1,1,3,22
2020-21,1628395,Jordan Bell,26.0,6,81.88666666666667,24,7,5,3,15
2020-21,1629648,Jordan Bone,23.0,14,195.85666666666665,24,18,0,2,56
2020-21,203903,Jordan Clarkson,29.0,68,1817.6166666666666,274,168,10,61,1251
2020-21,1629162,Jordan McLaughlin,25.0,51,938.0866666666667,108,193,6,51,256
2020-21,1629670,Jordan Nwora,22.0,30,273.58666666666664,60,7,8,17,171
2020-21,1629673,Jordan Poole,22.0,51,987.835,92,99,9,26,612
2020-21,1630182,Josh Green,20.0,39,444.63166666666666,78,28,3,16,101
2020-21,1630221,Josh Hall,20.0,21,336.0,59,28,1,4,86
2020-21,1628404,Josh Hart,26.0,47,1349.53,377,109,12,38,434
2020-21,1628367,Josh Jackson,24.0,62,1559.6,254,143,47,53,828
2020-21,1629006,Josh Okogie,22.0,59,1196.7383333333332,156,63,28,54,316
2020-21,1626196,Josh Richardson,27.0,59,1789.6383333333333,195,153,24,61,715
2020-21,201950,Jrue Holiday,31.0,59,1906.8066666666666,268,357,37,96,1046
2020-21,1629308,Juan Toscano-Anderson,28.0,53,1107.485,235,150,26,41,301
2020-21,1627823,Juancho Hernangomez,25.0,52,900.04,205,35,7,19,375
2020-21,203944,Julius Randle,26.0,71,2666.7366666666667,724,427,18,64,1712
2020-21,203200,Justin Holiday,32.0,72,2183.33,256,119,41,74,756
2020-21,1628382,Justin Jackson,26.0,34,576.8916666666667,77,52,2,15,245
2020-21,1629713,Justin James,24.0,36,310.43666666666667,30,22,3,8,139
2020-21,1628383,Justin Patton,24.0,13,246.75833333333333,49,14,14,12,70
2020-21,1629620,Justin Robinson,23.0,9,87.74166666666666,7,9,0,3,21
2020-21,1626159,Justise Winslow,25.0,26,507.0566666666667,118,50,12,15,178
2020-21,203994,Jusuf Nurkić,26.0,37,880.0983333333334,332,125,39,38,424
2020-21,1629752,Juwan Morgan,24.0,29,147.10166666666666,28,9,1,4,35
2020-21,1630231,KJ Martin,20.0,45,1067.6483333333333,242,48,41,30,419
2020-21,1629644,KZ Okpala,22.0,37,446.95166666666665,68,19,11,10,92
2020-21,1630211,Karim Mane,21.0,10,88.31666666666666,14,4,2,0,11
2020-21,1626157,Karl-Anthony Towns,25.0,50,1688.9183333333333,529,225,57,39,1239
2020-21,202695,Kawhi Leonard,30.0,52,1772.43,337,269,21,81,1292
2020-21,1628966,Keita Bates-Diop,25.0,30,244.67833333333334,49,12,5,11,79
2020-21,1629103,Kelan Martin,25.0,35,322.56666666666666,78,17,10,10,157
2020-21,1629640,Keldon Johnson,21.0,69,1967.7866666666666,412,121,24,40,881
2020-21,1629833,Keljin Blevins,25.0,17,74.91333333333333,10,4,0,2,12
2020-21,203482,Kelly Olynyk,30.0,70,1996.8916666666667,489,203,42,79,945
2020-21,1626162,Kelly Oubre Jr.,25.0,55,1687.55,329,73,42,57,849
2020-21,202689,Kemba Walker,31.0,43,1369.3533333333332,170,212,12,48,829
2020-21,1629134,Kendrick Nunn,25.0,56,1650.1933333333334,179,148,14,52,816
2020-21,1629026,Kenrich Williams,26.0,66,1426.0616666666667,273,152,17,55,526
2020-21,203145,Kent Bazemore,31.0,67,1333.5366666666666,229,108,33,69,481
2020-21,203484,Kentavious Caldwell-Pope,28.0,67,1901.9866666666667,179,127,26,62,653
2020-21,201142,Kevin Durant,32.0,35,1156.7716666666668,247,195,45,25,943
2020-21,1628989,Kevin Huerter,22.0,69,2125.995,231,241,18,82,822
2020-21,1628995,Kevin Knox II,21.0,42,464.4,61,19,6,12,163
2020-21,201567,Kevin Love,32.0,25,622.15,186,63,2,16,305
2020-21,1629645,Kevin Porter Jr.,21.0,26,835.4883333333333,99,164,8,19,431
2020-21,1626172,Kevon Looney,25.0,61,1160.6933333333334,322,119,22,21,251
2020-21,203920,Khem Birch,28.0,67,1529.23,387,89,50,48,482
2020-21,203114,Khris Middleton,29.0,68,2268.616666666667,406,370,9,74,1385
2020-21,1629017,Khyri Thomas,25.0,5,152.93333333333334,18,25,6,9,82
2020-21,1630165,Killian Hayes,19.0,26,670.2116666666667,69,138,10,27,176
2020-21,1629681,Killian Tillie,23.0,18,181.77,24,8,8,5,57
2020-21,1630184,Kira Lewis Jr.,20.0,54,904.4433333333334,71,124,10,38,343
2020-21,1628961,Kostas Antetokounmpo,23.0,15,55.81666666666667,19,1,4,2,12
2020-21,1627739,Kris Dunn,27.0,4,45.41,6,2,2,2,5
2020-21,204001,Kristaps Porziņģis,25.0,43,1326.5633333333333,381,68,58,20,865
2020-21,203937,Kyle Anderson,27.0,69,1887.335,396,250,57,84,854
2020-21,1629657,Kyle Guy,23.0,31,235.175,35,32,0,6,87
2020-21,1628398,Kyle Kuzma,25.0,68,1954.2333333333333,417,127,41,35,874
2020-21,200768,Kyle Lowry,35.0,46,1601.5,247,338,14,45,791
2020-21,202681,Kyrie Irving,29.0,54,1886.2016666666666,257,324,37,76,1451
2020-21,200746,LaMarcus Aldridge,35.0,26,674.3966666666666,118,49,29,11,352
2020-21,1630163,LaMelo Ball,19.0,51,1468.5733333333333,302,313,18,81,803
2020-21,1630205,Lamar Stevens,23.0,40,498.765,96,25,13,17,165
2020-21,1629013,Landry Shamet,24.0,61,1402.6666666666667,112,99,10,31,567
2020-21,204038,Langston Galloway,29.0,40,437.6716666666667,42,26,0,8,190
2020-21,1626204,Larry Nance Jr.,28.0,35,1091.4733333333334,235,107,17,61,327
2020-21,1628374,Lauri Markkanen,24.0,51,1317.4466666666667,268,45,15,26,695
2020-21,2544,LeBron James,36.0,45,1503.7016666666666,346,350,25,48,1126
2020-21,1629022,Lonnie Walker IV,22.0,60,1521.8433333333332,155,101,15,29,669
2020-21,1628366,Lonzo Ball,23.0,55,1747.2383333333332,263,316,31,82,802
2020-21,101150,Lou Williams,34.0,66,1422.9083333333333,138,225,6,47,749
2020-21,1629663,Louis King,22.0,6,85.30333333333333,18,9,3,7,44
2020-21,1629652,Luguentz Dort,22.0,52,1543.205,189,88,19,45,729
2020-21,1629029,Luka Dončić,22.0,66,2262.3966666666665,527,567,36,64,1830
2020-21,1629677,Luka Samanic,21.0,33,308.1766666666667,68,15,8,8,122
2020-21,1628379,Luke Kennard,25.0,63,1232.2483333333332,161,104,9,23,520
2020-21,1628436,Luke Kornet,25.0,31,347.435,67,24,32,4,106
2020-21,1630201,Malachi Flynn,23.0,47,927.545,116,137,7,38,353
2020-21,1627763,Malcolm Brogdon,28.0,56,1929.5433333333333,294,329,15,49,1186
2020-21,1627736,Malik Beasley,24.0,37,1214.065,162,88,7,30,724
2020-21,1630238,Malik Fitts,23.0,3,10.816666666666666,3,0,0,0,3
2020-21,1628370,Malik Monk,23.0,42,878.405,101,87,4,19,490
2020-21,1629603,Mamadi Diakite,24.0,14,141.05,34,8,5,6,44
2020-21,201188,Marc Gasol,36.0,52,993.075,215,109,58,26,262
2020-21,202694,Marcus Morris Sr.,31.0,57,1501.8883333333333,234,58,15,34,765
2020-21,203935,Marcus Smart,27.0,48,1581.2516666666668,167,273,23,72,627
2020-21,1628365,Markelle Fultz,23.0,8,215.2,25,43,2,8,103
2020-21,202693,Markieff Morris,31.0,61,1200.1233333333332,266,73,19,22,407
2020-21,1630210,Markus Howard,22.0,37,204.94833333333332,21,18,1,4,105
2020-21,1629716,Marques Bolden,23.0,6,28.633333333333333,6,0,2,2,7
2020-21,1627737,Marquese Chriss,23.0,2,26.716666666666665,13,2,2,0,13
2020-21,1628963,Marvin Bagley III,22.0,43,1111.8283333333334,318,43,21,21,608
2020-21,1630222,Mason Jones,22.0,32,334.4866666666667,55,42,1,7,168
2020-21,203486,Mason Plumlee,31.0,56,1498.605,519,202,50,43,581
2020-21,1629680,Matisse Thybulle,24.0,65,1298.005,124,63,71,105,255
2020-21,1629744,Matt Thomas,26.0,45,326.63,44,19,0,4,139
2020-21,203521,Matthew Dellavedova,30.0,13,224.1,24,58,1,4,36
2020-21,203090,Maurice Harkless,28.0,37,771.8766666666667,89,44,20,30,194
2020-21,1629622,Max Strus,25.0,39,506.53333333333336,41,24,2,11,236
2020-21,1628467,Maxi Kleber,29.0,50,1340.7966666666666,260,68,35,24,353
2020-21,203086,Meyers Leonard,29.0,3,29.386666666666667,7,2,0,0,10
2020-21,1629662,Mfiondu Kabengele,23.0,39,280.0183333333333,60,17,13,8,95
2020-21,203487,Michael Carter-Williams,29.0,31,799.6316666666667,139,129,17,25,274
2020-21,1629008,Michael Porter Jr.,23.0,61,1912.25,445,70,54,40,1162
2020-21,1628969,Mikal Bridges,24.0,72,2347.7283333333335,309,152,63,76,970
2020-21,201144,Mike Conley,33.0,51,1497.615,177,305,9,70,827
2020-21,1628455,Mike James,30.0,13,235.99,32,54,1,6,100
2020-21,203488,Mike Muscala,29.0,35,645.4416666666667,132,28,11,8,339
2020-21,203118,Mike Scott,32.0,51,851.6516666666666,120,40,14,24,213
2020-21,1628970,Miles Bridges,23.0,66,1931.9216666666666,397,147,52,44,840
2020-21,1629011,Mitchell Robinson,23.0,31,852.5183333333333,252,17,45,35,256
2020-21,1629671,Miye Oni,23.0,54,519.4116666666666,84,28,8,11,105
2020-21,1628964,Mo Bamba,23.0,46,724.5766666666667,265,35,58,14,367
2020-21,1628420,Monte Morris,26.0,47,1196.1533333333334,96,150,13,34,481
2020-21,1626149,Montrezl Harrell,27.0,69,1580.3283333333334,428,73,49,46,931
2020-21,1629021,Moritz Wagner,24.0,45,721.8316666666667,146,50,18,26,310
2020-21,1629650,Moses Brown,21.0,43,920.195,383,10,47,31,370
2020-21,1628539,Mychal Mulder,27.0,60,765.725,60,26,12,12,337
2020-21,1626167,Myles Turner,25.0,47,1455.32,306,48,159,40,592
2020-21,1630230,Naji Marshall,23.0,32,699.6983333333334,148,88,10,26,246
2020-21,1629642,Nassir Little,21.0,48,640.37,128,23,13,5,220
2020-21,1630268,Nate Darling,22.0,7,26.116666666666667,1,1,1,0,9
2020-21,1630207,Nate Hinton,22.0,21,93.35,9,8,2,7,41
2020-21,1630233,Nathan Knight,23.0,33,278.77666666666664,72,8,10,9,124
2020-21,1629675,Naz Reid,21.0,70,1346.6883333333333,322,72,76,34,784
2020-21,202357,Nemanja Bjelica,33.0,37,595.145,127,69,5,15,242
2020-21,203457,Nerlens Noel,27.0,64,1546.6083333333333,407,46,141,70,324
2020-21,1629651,Nic Claxton,22.0,32,594.2366666666667,166,28,40,23,212
2020-21,1630208,Nick Richards,23.0,18,62.61833333333333,11,2,0,0,15
2020-21,1629638,Nickeil Alexander-Walker,22.0,46,1006.9183333333333,144,102,22,47,508
2020-21,1630185,Nico Mannion,20.0,30,363.91833333333335,46,70,1,16,123
2020-21,201587,Nicolas Batum,32.0,67,1834.7816666666668,316,148,37,69,540
2020-21,1629740,Nicolo Melli,30.0,45,566.1483333333333,122,44,3,14,134
2020-21,203999,Nikola Jokić,26.0,72,2487.7816666666668,780,599,48,95,1898
2020-21,202696,Nikola Vučević,30.0,70,2348.153333333333,817,269,48,65,1639
2020-21,203943,Noah Vonleh,25.0,4,10.766666666666667,1,1,0,0,0
2020-21,1626181,Norman Powell,28.0,69,2205.4816666666666,215,129,18,82,1283
2020-21,203658,Norvel Pelle,28.0,13,83.29833333333333,19,2,9,1,20
2020-21,1628384,OG Anunoby,23.0,43,1433.2616666666668,237,94,32,66,682
2020-21,1630167,Obi Toppin,23.0,62,683.08,138,29,15,17,253
2020-21,1630168,Onyeka Okongwu,20.0,50,601.2083333333334,163,18,33,23,228
2020-21,1629052,Oshae Brissett,23.0,21,519.1316666666667,115,18,20,19,229
2020-21,203490,Otto Porter Jr.,28.0,28,606.79,152,55,4,16,271
2020-21,200782,P.J. Tucker,36.0,52,1355.61,204,61,20,39,193
2020-21,1629023,P.J. Washington,22.0,64,1953.6683333333333,418,161,79,69,824
2020-21,1628408,PJ Dozier,24.0,50,1088.465,182,92,22,31,385
2020-21,1627783,Pascal Siakam,27.0,56,2006.025,405,250,37,64,1196
2020-21,1626192,Pat Connaughton,28.0,69,1574.71,332,81,23,49,468
2020-21,201976,Patrick Beverley,32.0,37,832.4666666666667,119,76,28,29,278
2020-21,1627775,Patrick McCaw,25.0,5,33.37166666666667,3,4,0,2,5
2020-21,202335,Patrick Patterson,32.0,38,581.6516666666666,75,29,8,14,197
2020-21,1630172,Patrick Williams,19.0,71,1983.3566666666666,327,99,46,64,655
2020-21,201988,Patty Mills,32.0,68,1684.7816666666668,116,162,3,42,736
2020-21,202331,Paul George,31.0,54,1820.9416666666666,359,280,24,62,1259
2020-21,200794,Paul Millsap,36.0,56,1162.245,262,98,36,51,502
2020-21,1630194,Paul Reed,22.0,26,177.28166666666667,61,12,13,10,88
2020-21,1628778,Paul Watson,26.0,27,296.6566666666667,45,17,3,6,111
2020-21,1630202,Payton Pritchard,23.0,66,1267.5583333333334,158,120,9,37,510
2020-21,1630173,Precious Achiuwa,21.0,61,737.0833333333334,208,29,28,20,304
2020-21,1626188,Quinn Cook,28.0,23,157.355,17,18,1,4,76
2020-21,1629683,Quinndary Weatherspoon,24.0,20,121.09,11,8,2,8,46
2020-21,1630181,R.J. Hampton,20.0,51,888.2833333333333,179,87,10,21,354
2020-21,1629628,RJ Barrett,21.0,72,2510.8816666666667,414,217,20,53,1264
2020-21,200765,Rajon Rondo,35.0,45,769.32,110,199,4,37,242
2020-21,203526,Raul Neto,29.0,64,1403.2,156,146,6,73,557
2020-21,1629034,Ray Spalding,24.0,2,18.733333333333334,4,0,2,0,4
2020-21,1629730,Rayjon Tucker,23.0,14,68.15,11,6,0,2,34
2020-21,203493,Reggie Bullock Jr.,30.0,65,1949.27,223,99,11,52,709
2020-21,202704,Reggie Jackson,31.0,67,1544.145,192,205,7,41,715
2020-21,1629617,Reggie Perry,21.0,26,210.67,73,14,6,6,78
2020-21,1626158,Richaun Holmes,27.0,61,1781.4033333333334,504,101,96,39,869
2020-21,201937,Ricky Rubio,30.0,68,1771.57,223,433,4,98,582
2020-21,203496,Robert Covington,30.0,70,2242.778333333333,466,117,84,101,593
2020-21,1629606,Robert Franks,24.0,7,100.71666666666667,14,5,3,3,43
2020-21,1629057,Robert Williams III,23.0,52,985.25,358,94,91,43,417
2020-21,1630218,Robert Woodard II,21.0,13,45.38,16,2,3,0,20
2020-21,201577,Robin Lopez,33.0,71,1353.565,272,55,44,15,642
2020-21,1629066,Rodions Kurucs,23.0,21,124.53333333333333,23,10,4,9,31
2020-21,203918,Rodney Hood,28.0,55,942.7166666666667,103,53,7,24,246
2020-21,203585,Rodney McGruder,29.0,16,193.65833333333333,22,16,1,8,91
2020-21,1629641,Romeo Langford,21.0,18,282.75,35,13,5,6,56
2020-21,1626178,Rondae Hollis-Jefferson,26.0,11,107.30166666666666,26,13,4,2,27
2020-21,1626220,Royce O'Neale,28.0,71,2240.48,485,181,32,57,496
2020-21,200752,Rudy Gay,34.0,63,1357.6616666666666,303,88,40,45,716
2020-21,203497,Rudy Gobert,29.0,71,2186.661666666667,960,89,190,40,1015
2020-21,1629060,Rui Hachimura,23.0,57,1797.1866666666667,312,82,7,44,789
2020-21,201566,Russell Westbrook,32.0,65,2368.846666666667,750,763,23,89,1445
2020-21,1627853,Ryan Arcidiacono,27.0,44,450.42333333333335,67,56,0,9,136
2020-21,1630240,Saben Lee,22.0,48,780.595,97,174,13,32,267
2020-21,1630180,Saddiq Bey,22.0,70,1909.0166666666667,318,95,14,52,857
2020-21,1630241,Sam Merrill,25.0,30,232.59833333333333,30,21,1,8,89
2020-21,1630253,Sean McDermott,24.0,18,157.68666666666667,19,4,3,2,39
2020-21,1629635,Sekou Doumbouya,20.0,56,869.085,143,47,9,24,285
2020-21,1628400,Semi Ojeleye,26.0,56,949.81,147,37,0,17,260
2020-21,201586,Serge Ibaka,31.0,41,954.6816666666666,275,74,47,9,454
2020-21,203552,Seth Curry,30.0,57,1638.2016666666666,136,155,8,44,711
2020-21,1628983,Shai Gilgeous-Alexander,22.0,35,1179.6083333333333,166,207,23,27,830
2020-21,1629003,Shake Milton,24.0,63,1460.87,148,193,18,39,817
2020-21,1627885,Shaquille Harrison,27.0,34,332.3983333333333,48,25,5,17,73
2020-21,1628414,Sindarius Thornwell,26.0,21,216.83833333333334,18,21,2,13,41
2020-21,1630219,Skylar Mays,23.0,33,269.19666666666666,35,30,2,14,124
2020-21,203524,Solomon Hill,30.0,71,1513.5266666666666,214,75,11,50,317
2020-21,203915,Spencer Dinwiddie,28.0,3,64.33333333333333,13,9,1,2,20
2020-21,1626169,Stanley Johnson,25.0,61,1005.5616666666666,153,89,18,52,267
2020-21,201939,Stephen Curry,33.0,63,2151.5183333333334,345,363,8,77,2015
2020-21,1628425,Sterling Brown,26.0,51,1228.7133333333334,224,72,12,38,416
2020-21,203500,Steven Adams,27.0,58,1604.4983333333332,514,111,38,54,438
2020-21,1629004,Svi Mykhailiuk,24.0,66,1324.4483333333333,163,110,12,51,559
2020-21,1628388,T.J. Leaf,24.0,7,35.416666666666664,5,1,1,2,12
2020-21,204456,T.J. McConnell,29.0,69,1796.1966666666667,256,456,23,128,596
2020-21,203933,T.J. Warren,27.0,4,117.38166666666666,14,5,0,2,62
2020-21,1629605,Tacko Fall,25.0,19,135.54833333333335,52,3,20,1,47
2020-21,201959,Taj Gibson,36.0,45,935.705,250,36,49,31,241
2020-21,1629659,Talen Horton-Tucker,20.0,65,1304.2616666666668,169,181,21,63,585
2020-21,1627752,Taurean Prince,27.0,41,905.3333333333334,142,76,23,28,389
2020-21,1629611,Terance Mann,24.0,67,1263.3266666666666,242,104,13,29,472
2020-21,1629056,Terence Davis,24.0,61,1074.0383333333334,154,83,14,44,533
2020-21,1628390,Terrance Ferguson,23.0,13,49.32,1,2,0,1,2
2020-21,203082,Terrence Ross,30.0,46,1346.4866666666667,158,108,21,47,717
2020-21,1626179,Terry Rozier,27.0,69,2383.405,302,293,26,87,1407
2020-21,201152,Thaddeus Young,33.0,68,1652.195,423,291,40,74,823
2020-21,203648,Thanasis Antetokounmpo,28.0,57,551.04,124,46,10,22,166
2020-21,1630177,Theo Maledon,20.0,65,1777.7016666666666,211,227,11,56,658
2020-21,1629033,Theo Pinson,25.0,17,34.056666666666665,5,1,0,0,2
2020-21,1628418,Thomas Bryant,23.0,10,270.84166666666664,61,15,8,4,143
2020-21,1627748,Thon Maker,24.0,8,76.47,18,4,4,2,30
2020-21,204025,Tim Frazier,30.0,5,61.96666666666667,8,16,1,2,8
2020-21,203501,Tim Hardaway Jr.,29.0,70,1985.2233333333334,229,126,11,31,1163
2020-21,1627789,Timothe Luwawu-Cabarrot,26.0,58,1050.2566666666667,129,69,6,33,370
2020-21,202699,Tobias Harris,28.0,62,2014.3083333333334,419,220,51,55,1210
2020-21,203107,Tomas Satoransky,29.0,58,1306.555,142,271,14,40,447
2020-21,1628396,Tony Bradley,23.0,42,683.9466666666667,239,37,30,15,300
2020-21,203503,Tony Snell,29.0,47,992.0783333333334,112,59,11,13,249
2020-21,1628470,Torrey Craig,30.0,50,803.465,197,49,27,28,274
2020-21,1629027,Trae Young,22.0,63,2124.6066666666666,245,594,12,53,1594
2020-21,1630200,Tre Jones,21.0,37,268.6066666666667,21,39,0,8,94
2020-21,1629682,Tremont Waters,23.0,26,237.67333333333335,21,62,1,15,99
2020-21,1630235,Trent Forrest,23.0,30,302.0133333333333,44,45,4,9,88
2020-21,2772,Trevor Ariza,36.0,30,840.9683333333334,144,55,18,31,282
2020-21,203504,Trey Burke,28.0,62,911.335,54,81,7,36,411
2020-21,1626168,Trey Lyles,25.0,23,357.8283333333333,86,14,1,6,115
2020-21,202684,Tristan Thompson,30.0,54,1286.6733333333334,439,67,33,24,409
2020-21,1628972,Troy Brown Jr.,21.0,34,523.3866666666667,105,29,6,10,161
2020-21,1629660,Ty Jerome,23.0,33,787.7833333333333,91,120,6,20,353
2020-21,1630234,Ty-Shon Alexander,22.0,15,47.485,10,6,1,0,9
2020-21,1630189,Tyler Bey,23.0,18,70.95,19,3,1,0,18
2020-21,1629076,Tyler Cook,23.0,32,437.3466666666667,95,17,2,8,156
2020-21,1629639,Tyler Herro,21.0,54,1635.1616666666666,268,184,17,35,815
2020-21,204020,Tyler Johnson,29.0,39,683.8916666666667,77,47,0,14,210
2020-21,1630179,Tyrell Terry,20.0,11,56.306666666666665,6,6,0,5,11
2020-21,1630169,Tyrese Haliburton,21.0,58,1745.6766666666667,173,309,28,77,753
2020-21,1630178,Tyrese Maxey,20.0,61,935.575,104,120,13,26,488
2020-21,1626145,Tyus Jones,25.0,70,1222.5266666666666,140,259,6,64,442
2020-21,1628962,Udoka Azubuike,21.0,15,57.2,13,0,4,1,16
2020-21,2617,Udonis Haslem,41.0,1,2.671666666666667,1,0,0,0,4
2020-21,1630176,Vernon Carey Jr.,20.0,19,114.7,27,2,5,1,46
2020-21,203506,Victor Oladipo,29.0,33,1080.095,160,151,14,46,652
2020-21,1629738,Vincent Poirier,27.0,10,39.13333333333333,14,2,3,0,8
2020-21,1628427,Vlatko Čančar,24.0,41,281.145,50,14,2,11,85
2020-21,201961,Wayne Ellington,33.0,46,1011.8566666666667,85,67,9,18,442
2020-21,1628976,Wendell Carter Jr.,22.0,54,1375.3166666666666,443,104,42,35,606
2020-21,1629117,Wenyen Gabriel,24.0,21,240.84166666666667,54,11,8,9,72
2020-21,1628411,Wes Iwundu,26.0,41,538.9416666666667,90,18,4,15,99
2020-21,202083,Wesley Matthews,34.0,58,1129.9083333333333,93,54,17,38,279
2020-21,203115,Will Barton,30.0,56,1735.77,226,181,23,50,711
2020-21,1630266,Will Magnay,23.0,1,3.2666666666666666,0,0,0,0,0
2020-21,1626161,Willie Cauley-Stein,27.0,53,905.91,236,35,43,21,280
2020-21,1626195,Willy Hernangomez,27.0,47,846.1666666666666,334,50,23,22,365
2020-21,1630214,Xavier Tillman,22.0,59,1084.675,256,75,33,44,390
2020-21,1627812,Yogi Ferrell,28.0,10,136.98166666666665,19,22,3,7,56
2020-21,1629139,Yuta Watanabe,26.0,50,722.8233333333334,159,40,19,26,218
2020-21,203897,Zach LaVine,26.0,58,2033.6266666666668,289,282,27,46,1591
2020-21,1630192,Zeke Nnaji,20.0,42,397.2783333333333,65,10,4,8,136
2020-21,1629627,Zion Williamson,20.0,61,2025.89,441,226,39,57,1647
2021-22,203932,Aaron Gordon,26.0,75,2375.4183333333335,439,188,44,44,1126
2021-22,1630565,Aaron Henry,22.0,6,16.983333333333334,1,0,2,0,2
2021-22,1628988,Aaron Holiday,25.0,63,1020.75,122,153,9,42,400
2021-22,1630174,Aaron Nesmith,22.0,52,573.8783333333333,89,22,5,20,196
2021-22,1630598,Aaron Wiggins,23.0,50,1208.75,178,68,10,30,416
2021-22,1627846,Abdel Nader,28.0,14,145.23833333333334,27,7,4,8,34
2021-22,1630278,Ade Murkey,24.0,1,1.4666666666666666,0,0,0,0,0
2021-22,1629678,Admiral Schofield,25.0,38,468.8233333333333,89,25,5,4,146
2021-22,1629958,Ahmad Caver,25.0,1,0.8433333333333334,0,0,0,0,2
2021-22,201143,Al Horford,36.0,69,2004.7916666666667,530,232,92,49,701
2021-22,202692,Alec Burks,30.0,81,2317.6766666666667,397,239,26,85,944
2021-22,1630758,Aleem Ford,24.0,5,73.53,15,2,0,1,14
2021-22,1630197,Aleksej Pokusevski,20.0,61,1232.705,318,131,38,39,464
2021-22,1627936,Alex Caruso,28.0,41,1146.8316666666667,148,165,15,71,304
2021-22,203458,Alex Len,29.0,39,620.2,161,45,25,13,235
2021-22,1628035,Alfonzo McKinnie,29.0,17,206.31333333333333,33,5,3,2,59
2021-22,1628993,Alize Johnson,26.0,23,167.22,61,9,0,5,41
2021-22,1630578,Alperen Sengun,19.0,72,1489.2933333333333,393,185,68,59,692
2021-22,1629599,Amir Coffey,25.0,69,1567.3666666666666,197,124,15,38,619
2021-22,203083,Andre Drummond,28.0,73,1436.785,680,131,68,78,580
2021-22,2738,Andre Iguodala,38.0,31,602.8316666666667,100,114,22,27,124
2021-22,203952,Andrew Wiggins,27.0,73,2329.5133333333333,325,161,51,76,1256
2021-22,1629014,Anfernee Simons,23.0,57,1681.0133333333333,151,221,6,30,988
2021-22,203076,Anthony Davis,29.0,40,1404.2483333333332,394,122,90,49,927
2021-22,1630162,Anthony Edwards,20.0,72,2465.9933333333333,343,275,46,105,1533
2021-22,1630264,Anthony Gill,29.0,44,463.4,85,27,11,5,180
2021-22,1630237,Anthony Lamb,24.0,2,7.683333333333334,1,2,0,0,0
2021-22,1629717,Armoni Brooks,24.0,54,843.755,103,62,11,28,288
2021-22,1629083,Arnoldas Kulboka,24.0,2,5.3,0,0,0,0,0
2021-22,1630559,Austin Reaves,24.0,61,1417.6816666666666,193,110,20,29,444
2021-22,203085,Austin Rivers,29.0,67,1479.8783333333333,114,90,6,51,403
2021-22,202340,Avery Bradley,31.0,62,1405.9116666666666,136,47,9,53,394
2021-22,1630245,Ayo Dosunmu,22.0,77,2109.641666666667,214,256,29,60,679
2021-22,1629168,BJ Johnson,26.0,4,64.595,15,0,1,0,26
2021-22,1628389,Bam Adebayo,24.0,56,1825.2616666666668,564,190,44,80,1068
2021-22,203463,Ben McLemore,29.0,64,1284.885,103,59,10,38,655
2021-22,202687,Bismack Biyombo,29.0,36,505.89666666666665,167,23,26,12,210
2021-22,201933,Blake Griffin,33.0,56,958.085,228,105,14,27,359
2021-22,1626246,Boban Marjanovic,33.0,23,127.94333333333333,39,3,3,0,98
2021-22,1626171,Bobby Portis,27.0,72,2028.34,657,86,51,53,1052
2021-22,203992,Bogdan Bogdanović,29.0,63,1848.54,250,194,14,68,950
2021-22,202711,Bojan Bogdanovic,33.0,69,2131.31,296,120,1,34,1248
2021-22,1629626,Bol Bol,22.0,14,80.84,20,5,2,1,33
2021-22,1630538,Bones Hyland,21.0,69,1309.8583333333333,188,191,20,41,698
2021-22,202954,Brad Wanamaker,32.0,23,319.62,39,55,6,7,83
2021-22,203078,Bradley Beal,29.0,40,1438.95,189,265,15,36,928
2021-22,1630527,Brandon Boston,20.0,51,760.245,111,51,13,26,343
2021-22,1629634,Brandon Clarke,25.0,64,1246.0266666666666,342,86,68,39,666
2021-22,1629164,Brandon Goodwin,26.0,36,501.54,67,91,1,25,171
2021-22,1627742,Brandon Ingram,24.0,55,1869.1816666666666,320,307,26,34,1246
2021-22,202688,Brandon Knight,30.0,5,64.54166666666667,8,8,0,1,32
2021-22,1630314,Brandon Williams,22.0,24,639.705,74,94,10,24,309
2021-22,1630296,Braxton Key,25.0,11,197.15,50,11,11,10,79
2021-22,1630271,Brodric Thomas,25.0,12,59.855,10,11,1,1,21
2021-22,201572,Brook Lopez,34.0,13,298.4066666666667,53,6,15,8,161
2021-22,1628971,Bruce Brown,25.0,72,1773.9616666666666,345,148,52,77,647
2021-22,1628981,Bruno Fernando,23.0,30,152.58,55,7,11,1,88
2021-22,1627854,Bryn Forbes,28.0,75,1285.8783333333333,93,75,5,25,663
2021-22,1627741,Buddy Hield,29.0,81,2498.795,353,229,25,73,1265
2021-22,1629604,CJ Elleby,22.0,58,1174.4016666666666,227,87,19,35,339
2021-22,203468,CJ McCollum,30.0,62,2145.08,269,315,22,70,1370
2021-22,101139,CJ Miles,35.0,1,1.95,0,0,0,0,0
2021-22,1630595,Cade Cunningham,20.0,64,2088.055,354,356,43,78,1114
2021-22,1628997,Caleb Martin,26.0,60,1372.1683333333333,230,64,30,58,551
2021-22,1629629,Cam Reddish,22.0,49,1012.25,105,48,15,47,497
2021-22,1630560,Cam Thomas,20.0,67,1176.06,161,78,8,33,570
2021-22,1629661,Cameron Johnson,26.0,66,1729.9733333333334,273,99,16,57,822
2021-22,1630787,Cameron McGriff,24.0,3,45.96666666666667,15,3,1,0,14
2021-22,1628419,Cameron Oliver,25.0,2,43.3,6,3,1,1,23
2021-22,1626166,Cameron Payne,27.0,58,1277.5983333333334,175,282,17,40,626
2021-22,1627747,Caris LeVert,27.0,58,1780.3733333333332,214,248,23,51,986
2021-22,1630637,Carlik Jones,24.0,5,23.258333333333333,3,5,0,1,4
2021-22,2546,Carmelo Anthony,38.0,69,1793.19,288,68,52,47,919
2021-22,1629035,Carsen Edwards,24.0,4,79.16666666666667,6,14,0,2,23
2021-22,1630199,Cassius Stanley,22.0,9,155.0,19,4,2,5,52
2021-22,1630216,Cassius Winston,24.0,7,38.995,1,7,0,0,14
2021-22,1627760,Cat Barber,27.0,3,12.85,3,3,0,0,0
2021-22,1626224,Cedi Osman,27.0,66,1461.745,146,135,10,52,709
2021-22,1628990,Chandler Hutchison,26.0,6,22.376666666666665,5,2,0,0,4
2021-22,1629646,Charles Bassey,21.0,23,167.86,62,7,17,5,69
2021-22,1629718,Charlie Brown Jr.,25.0,22,177.7,32,6,4,10,30
2021-22,1630602,Chaundee Brown Jr.,23.0,5,103.65833333333333,16,4,0,2,31
2021-22,1627767,Cheick Diallo,25.0,3,30.633333333333333,12,0,0,1,11
2021-22,1629002,Chimezie Metu,25.0,60,1278.7416666666666,335,60,32,51,534
2021-22,1628449,Chris Boucher,29.0,80,1690.1116666666667,494,25,75,49,754
2021-22,1629185,Chris Chiozza,26.0,34,371.8833333333333,36,65,0,13,67
2021-22,1630537,Chris Duarte,25.0,55,1540.8266666666666,226,114,10,56,720
2021-22,101108,Chris Paul,37.0,65,2138.9583333333335,283,702,20,121,958
2021-22,1629735,Chris Silva,25.0,10,91.16166666666666,36,7,1,0,26
2021-22,1626174,Christian Wood,26.0,68,2093.6266666666666,686,155,65,54,1218
2021-22,1629643,Chuma Okeke,23.0,70,1748.825,347,118,42,97,605
2021-22,203991,Clint Capela,28.0,74,2041.53,877,92,93,55,820
2021-22,1629632,Coby White,22.0,61,1674.9266666666667,182,176,11,29,772
2021-22,1628998,Cody Martin,26.0,71,1865.6183333333333,285,179,32,88,544
2021-22,203469,Cody Zeller,29.0,27,354.535,125,22,6,8,140
2021-22,1630175,Cole Anthony,22.0,65,2059.3983333333335,348,369,17,46,1062
2021-22,1629012,Collin Sexton,23.0,11,316.44166666666666,36,23,0,10,176
2021-22,1630557,Corey Kispert,23.0,77,1801.0583333333334,209,85,22,35,634
2021-22,202709,Cory Joseph,30.0,65,1599.8383333333334,174,237,17,42,521
2021-22,1628591,Craig Sword,28.0,3,18.983333333333334,0,1,0,4,6
2021-22,1626156,D'Angelo Russell,26.0,65,2076.6116666666667,216,460,22,62,1176
2021-22,201571,D.J. Augustin,34.0,55,883.2283333333334,68,107,1,17,294
2021-22,1628391,D.J. Wilson,26.0,4,54.075,16,5,1,5,30
2021-22,1629610,DaQuan Jeffries,24.0,3,8.791666666666666,2,1,0,0,2
2021-22,1630227,Daishen Nix,20.0,24,261.43,33,40,0,15,77
2021-22,1629751,Dakota Mathias,26.0,6,16.225,2,1,0,1,6
2021-22,1630625,Dalano Banton,22.0,64,695.6866666666666,124,99,10,28,205
2021-22,1627745,Damian Jones,27.0,56,1016.645,246,69,47,26,454
2021-22,203081,Damian Lillard,31.0,29,1056.19,120,212,11,17,695
2021-22,1627814,Damion Lee,29.0,63,1256.5233333333333,203,63,6,39,467
2021-22,1628422,Damyean Dotson,28.0,2,20.541666666666668,2,1,0,0,4
2021-22,1629655,Daniel Gafford,23.0,72,1444.0083333333334,407,68,99,30,677
2021-22,1630187,Daniel Oturu,22.0,3,27.281666666666666,5,0,2,0,9
2021-22,1628464,Daniel Theis,30.0,47,977.42,228,41,31,20,384
2021-22,201568,Danilo Gallinari,33.0,66,1672.0633333333333,308,101,12,28,771
2021-22,201980,Danny Green,35.0,62,1353.405,157,64,37,60,366
2021-22,1627863,Danuel House Jr.,29.0,42,726.9833333333333,111,44,17,21,248
2021-22,1629647,Darius Bazley,22.0,69,1923.9133333333334,436,97,70,58,745
2021-22,1629636,Darius Garland,22.0,68,2429.9533333333334,224,583,7,89,1473
2021-22,201954,Darren Collison,34.0,3,37.166666666666664,4,2,0,1,4
2021-22,1630561,David Duke Jr.,22.0,22,341.0733333333333,67,17,7,14,104
2021-22,1630525,David Johnson,21.0,2,1.985,0,0,0,0,0
2021-22,1628021,David Nwaba,29.0,46,608.905,151,35,20,28,233
2021-22,1630558,Davion Mitchell,23.0,75,2075.825,166,313,24,55,861
2021-22,202722,Davis Bertans,29.0,56,806.29,117,31,12,17,311
2021-22,1628432,Davon Reed,27.0,48,667.8516666666667,108,53,9,24,209
2021-22,1630549,Day'Ron Sharpe,20.0,32,390.67,160,17,15,10,198
2021-22,1628368,De'Aaron Fox,24.0,59,2083.455,231,330,25,68,1367
2021-22,1629631,De'Andre Hunter,24.0,53,1577.16,176,68,21,36,709
2021-22,1629001,De'Anthony Melton,24.0,73,1656.81,328,194,39,104,791
2021-22,201599,DeAndre Jordan,33.0,48,622.41,264,21,35,12,206
2021-22,1627761,DeAndre' Bembry,27.0,56,1026.03,163,66,25,49,284
2021-22,1630610,DeJon Jarreau,24.0,1,0.8616666666666667,0,0,0,0,0
2021-22,201942,DeMar DeRozan,32.0,76,2742.9483333333333,392,374,24,68,2118
2021-22,202326,DeMarcus Cousins,31.0,48,717.225,270,71,21,35,430
2021-22,1629731,Dean Wade,25.0,51,980.175,150,52,7,29,269
2021-22,1629028,Deandre Ayton,23.0,58,1712.645,593,84,40,40,997
2021-22,1629686,Deividas Sirvydis,22.0,3,26.615,6,1,1,3,3
2021-22,1627749,Dejounte Murray,25.0,68,2365.931666666667,563,627,23,138,1438
2021-22,1626153,Delon Wright,30.0,77,1452.5166666666667,220,188,19,93,342
2021-22,1630166,Deni Avdija,21.0,82,1984.0516666666667,425,167,44,59,685
2021-22,203471,Dennis Schröder,28.0,64,1837.4833333333333,214,296,8,53,867
2021-22,1628372,Dennis Smith Jr.,24.0,37,638.535,88,132,12,45,206
2021-22,1627756,Denzel Valentine,28.0,24,221.99666666666667,42,11,0,8,69
2021-22,202324,Derrick Favors,30.0,39,652.46,184,25,12,17,206
2021-22,1627884,Derrick Jones Jr.,25.0,51,899.41,169,30,33,25,286
2021-22,201565,Derrick Rose,33.0,26,635.8633333333333,78,103,12,22,311
2021-22,1628476,Derrick Walton Jr.,27.0,3,108.22,10,21,4,7,19
2021-22,1628401,Derrick White,27.0,75,2198.8016666666667,261,366,58,64,992
2021-22,1630217,Desmond Bane,24.0,76,2266.225,334,208,29,92,1384
2021-22,1626164,Devin Booker,25.0,68,2344.5933333333332,342,329,26,77,1822
2021-22,1629962,Devin Cannady,26.0,5,144.53333333333333,6,10,3,5,50
2021-22,1630170,Devin Vassell,21.0,71,1936.8866666666668,306,136,41,76,872
2021-22,1629653,Devon Dotson,22.0,11,85.17,9,15,0,1,29
2021-22,1629719,Devontae Cacok,25.0,15,121.01666666666667,42,6,7,8,46
2021-22,1628984,Devonte' Graham,27.0,76,2161.575,177,316,12,71,902
2021-22,203473,Dewayne Dedmon,32.0,67,1065.1816666666666,386,47,42,24,422
2021-22,1629712,Didi Louzada,22.0,9,129.36666666666667,17,5,2,2,35
2021-22,1628415,Dillon Brooks,26.0,32,885.0266666666666,102,88,8,36,590
2021-22,1627734,Domantas Sabonis,26.0,62,2135.8366666666666,752,323,27,59,1171
2021-22,1628378,Donovan Mitchell,25.0,67,2265.6116666666667,282,358,12,99,1733
2021-22,1628978,Donte DiVincenzo,25.0,42,1005.4,170,118,8,48,380
2021-22,1627827,Dorian Finney-Smith,29.0,80,2643.625,375,150,39,88,880
2021-22,203926,Doug McDermott,30.0,51,1223.24,115,64,6,13,578
2021-22,203110,Draymond Green,32.0,46,1328.9633333333334,336,320,50,61,346
2021-22,1629234,Drew Eubanks,25.0,71,1244.6083333333333,382,85,40,31,546
2021-22,1630613,Duane Washington Jr.,22.0,48,967.99,83,85,3,26,473
2021-22,1629130,Duncan Robinson,28.0,79,2042.77,203,129,14,42,863
2021-22,2730,Dwight Howard,36.0,60,970.7233333333334,356,35,36,34,372
2021-22,203939,Dwight Powell,30.0,82,1798.1966666666667,404,97,39,37,717
2021-22,1629685,Dylan Windler,25.0,50,459.2366666666667,89,34,3,14,110
2021-22,202334,Ed Davis,33.0,31,201.35833333333332,64,7,9,3,28
2021-22,203901,Elfrid Payton,28.0,50,549.11,88,99,6,25,150
2021-22,1630190,Elijah Hughes,24.0,36,434.465,58,22,8,14,126
2021-22,1629150,Emanuel Terry,25.0,3,18.21,15,2,0,1,0
2021-22,1626144,Emmanuel Mudiay,26.0,2,10.983333333333333,0,4,0,1,3
2021-22,202683,Enes Freedom,30.0,35,411.36833333333334,160,8,14,5,128
2021-22,202339,Eric Bledsoe,32.0,54,1360.6166666666666,182,225,19,69,534
2021-22,201569,Eric Gordon,33.0,57,1669.53,113,154,18,28,765
2021-22,1629672,Eric Paschall,25.0,58,736.5066666666667,106,36,5,9,334
2021-22,1630647,Eugene Omoruyi,25.0,4,17.816666666666666,7,2,0,0,7
2021-22,203095,Evan Fournier,29.0,80,2357.9666666666667,210,171,20,79,1125
2021-22,1630596,Evan Mobley,21.0,69,2331.036666666667,570,174,115,56,1034
2021-22,1630267,Facundo Campazzo,31.0,65,1184.05,117,220,23,63,332
2021-22,1630624,Feron Hunt,22.0,2,8.366666666666667,1,1,0,1,0
2021-22,1628402,Frank Jackson,24.0,53,1163.96,87,55,9,27,560
2021-22,1626163,Frank Kaminsky,29.0,9,180.93833333333333,41,13,7,8,95
2021-22,1628373,Frank Ntilikina,23.0,58,684.655,79,69,7,27,240
2021-22,1630532,Franz Wagner,20.0,79,2429.0466666666666,356,231,34,68,1197
2021-22,1627832,Fred VanVleet,28.0,65,2462.0216666666665,289,434,35,111,1320
2021-22,1630273,Freddie Gillespie,25.0,9,118.685,36,5,9,3,21
2021-22,1627788,Furkan Korkmaz,24.0,67,1413.7816666666668,175,127,9,33,509
2021-22,1629216,Gabe Vincent,26.0,68,1588.945,126,210,12,62,591
2021-22,1628221,Gabe York,28.0,2,21.305,2,4,1,2,8
2021-22,1630466,Gabriel Deck,27.0,7,55.605,6,5,0,1,18
2021-22,1630994,Gabriel Lundberg,27.0,4,44.2,7,11,0,3,13
2021-22,202066,Garrett Temple,36.0,59,1098.4083333333333,143,74,23,43,309
2021-22,1629726,Garrison Mathews,25.0,65,1711.8883333333333,190,64,24,57,650
2021-22,1629109,Gary Clark,27.0,38,378.2216666666667,90,18,7,13,101
2021-22,203914,Gary Harris,27.0,61,1730.2033333333334,122,108,9,59,679
2021-22,1627780,Gary Payton II,29.0,71,1247.685,247,64,22,96,502
2021-22,1629018,Gary Trent Jr.,23.0,70,2447.9016666666666,191,141,19,122,1283
2021-22,201588,George Hill,36.0,54,1253.2033333333334,155,120,6,42,334
2021-22,1628994,George King,28.0,4,19.161666666666665,5,0,0,0,1
2021-22,1627777,Georges Niang,29.0,76,1736.3783333333333,203,102,13,30,700
2021-22,1630686,Georgios Kalaitzakis,23.0,13,213.47833333333332,21,12,2,11,86
2021-22,203507,Giannis Antetokounmpo,27.0,67,2204.225,778,388,91,72,2002
2021-22,1629048,Goga Bitadze,22.0,50,728.9133333333333,177,55,42,21,349
2021-22,201609,Goran Dragic,36.0,21,497.49833333333333,65,86,4,19,157
2021-22,202330,Gordon Hayward,32.0,49,1563.8733333333332,224,177,22,47,778
2021-22,203476,Gorgui Dieng,32.0,44,371.1816666666667,121,34,13,11,154
2021-22,1629684,Grant Williams,23.0,77,1875.08,274,78,57,38,602
2021-22,1628960,Grayson Allen,26.0,66,1804.755,222,100,18,46,733
2021-22,1630535,Greg Brown III,20.0,48,639.8266666666667,135,35,24,26,225
2021-22,202328,Greg Monroe,32.0,14,194.78833333333333,64,22,10,8,76
2021-22,1628977,Hamidou Diallo,23.0,58,1268.8216666666667,277,73,17,71,636
2021-22,203084,Harrison Barnes,30.0,77,2586.7283333333335,432,186,14,53,1265
2021-22,202355,Hassan Whiteside,33.0,65,1162.2483333333332,494,26,103,22,534
2021-22,1629755,Hassani Gravett,25.0,8,171.095,21,20,1,5,50
2021-22,1629312,Haywood Highsmith,25.0,19,163.32666666666665,26,6,3,2,43
2021-22,1630529,Herbert Jones,23.0,78,2335.1833333333334,296,167,60,130,742
2021-22,1629649,Ignas Brazdeikis,23.0,42,535.5916666666667,72,37,3,10,210
2021-22,1630193,Immanuel Quickley,23.0,78,1802.4333333333334,247,275,3,54,882
2021-22,1629067,Isaac Bonga,22.0,15,68.65666666666667,7,4,2,8,12
2021-22,1630171,Isaac Okoro,21.0,67,1980.9016666666666,201,121,22,56,588
2021-22,1628392,Isaiah Hartenstein,24.0,68,1215.7983333333334,332,160,77,50,563
2021-22,1630543,Isaiah Jackson,20.0,36,541.045,149,10,52,25,297
2021-22,1630198,Isaiah Joe,22.0,55,609.4683333333334,56,35,3,14,198
2021-22,1630587,Isaiah Livers,23.0,19,383.25666666666666,57,21,7,13,121
2021-22,1629676,Isaiah Roby,24.0,45,948.4233333333333,217,71,34,36,454
2021-22,1630191,Isaiah Stewart,21.0,71,1815.6433333333334,617,82,78,22,589
2021-22,202738,Isaiah Thomas,33.0,22,333.3066666666667,29,34,5,7,184
2021-22,1630225,Isaiah Todd,20.0,12,74.14833333333333,12,4,2,4,20
2021-22,202397,Ish Smith,33.0,65,1126.02,140,244,23,47,410
2021-22,1630688,Ish Wainright,27.0,45,358.73,54,15,6,20,108
2021-22,1627826,Ivica Zubac,25.0,76,1851.6616666666666,644,120,77,36,785
2021-22,1630550,JT Thor,19.0,33,261.8833333333333,43,19,11,8,67
2021-22,1629630,Ja Morant,22.0,57,1888.7866666666666,325,384,22,66,1564
2021-22,203210,JaMychal Green,32.0,67,1085.42,281,59,26,43,432
2021-22,1630605,JaQuori McLaughlin,24.0,4,10.9,0,2,0,0,0
2021-22,201580,JaVale McGee,34.0,74,1171.7483333333332,496,42,81,22,680
2021-22,203953,Jabari Parker,27.0,12,112.455,28,6,1,4,53
2021-22,1630183,Jaden McDaniels,21.0,70,1802.6666666666667,293,79,54,52,647
2021-22,1630531,Jaden Springer,19.0,2,5.633333333333334,2,0,2,0,2
2021-22,203109,Jae Crowder,31.0,67,1885.8716666666667,354,124,30,95,632
2021-22,1630256,Jae'Sean Tate,26.0,78,2056.445,420,222,41,72,919
2021-22,1630186,Jahmi'us Ramsey,21.0,19,133.92,13,7,1,1,60
2021-22,1630693,Jaime Echenique,25.0,1,3.066666666666667,0,0,0,0,0
2021-22,1627774,Jake Layman,28.0,34,230.565,36,9,5,7,81
2021-22,1627751,Jakob Poeltl,26.0,68,1969.65,634,189,118,45,915
2021-22,1628973,Jalen Brunson,25.0,79,2524.01,309,377,3,66,1285
2021-22,1630224,Jalen Green,20.0,67,2137.7233333333334,226,176,18,44,1157
2021-22,1630552,Jalen Johnson,20.0,22,120.39,26,3,2,3,52
2021-22,1629667,Jalen McDaniels,24.0,55,895.2416666666667,170,58,22,26,340
2021-22,1630188,Jalen Smith,22.0,51,924.1816666666666,307,24,41,15,470
2021-22,1630591,Jalen Suggs,21.0,48,1306.6533333333334,171,209,19,59,564
2021-22,1630547,James Bouknight,21.0,31,304.4766666666667,52,26,1,7,142
2021-22,203516,James Ennis III,31.0,7,55.6,12,3,2,2,29
2021-22,201935,James Harden,32.0,65,2419.68,500,667,36,82,1432
2021-22,201949,James Johnson,35.0,62,1191.225,215,130,34,30,340
2021-22,1630691,Jamorko Pickett,24.0,13,176.46833333333333,32,7,7,0,50
2021-22,1630215,Jared Butler,21.0,42,359.7733333333333,45,63,8,17,161
2021-22,1629607,Jared Harper,24.0,5,42.88333333333333,2,14,1,4,37
2021-22,1628991,Jaren Jackson Jr.,22.0,78,2126.2483333333334,454,86,177,73,1272
2021-22,1629020,Jarred Vanderbilt,23.0,74,1880.5166666666667,624,94,46,99,512
2021-22,1628386,Jarrett Allen,24.0,56,1809.56,602,92,75,44,904
2021-22,1629633,Jarrett Culver,23.0,37,338.185,48,33,5,20,130
2021-22,1629600,Jarron Cumberland,24.0,3,12.316666666666666,3,1,0,0,2
2021-22,1629602,Javin DeLaurier,24.0,1,2.8,1,0,0,1,0
2021-22,1629750,Javonte Green,28.0,65,1519.045,276,60,32,67,468
2021-22,1630606,Javonte Smart,23.0,17,199.85666666666665,24,16,3,6,51
2021-22,1629637,Jaxson Hayes,22.0,70,1397.54,315,43,55,33,654
2021-22,1630643,Jay Huff,24.0,4,20.25,4,1,1,1,0
2021-22,1630206,Jay Scrubb,21.0,18,121.38166666666666,16,8,3,4,49
2021-22,1627759,Jaylen Brown,25.0,66,2220.4533333333334,404,231,18,70,1559
2021-22,1629658,Jaylen Hoard,23.0,7,239.57166666666666,84,17,5,6,103
2021-22,1628537,Jaylen Morris,26.0,3,16.033333333333335,2,2,0,0,2
2021-22,1629669,Jaylen Nowell,22.0,62,974.795,123,130,10,27,527
2021-22,1629873,Jaysean Paige,27.0,1,6.616666666666666,1,1,0,0,0
2021-22,1628369,Jayson Tatum,24.0,76,2730.971666666667,609,334,49,75,2046
2021-22,1630288,Jeff Dowtin Jr.,25.0,9,108.01666666666667,18,10,1,5,19
2021-22,201145,Jeff Green,35.0,75,1848.965,231,96,27,28,772
2021-22,1629203,Jemerrio Jones,27.0,2,14.716666666666667,3,0,0,1,4
2021-22,203924,Jerami Grant,28.0,47,1499.8733333333332,191,111,49,44,904
2021-22,1630526,Jeremiah Robinson-Earl,21.0,49,1087.1083333333333,274,49,15,29,366
2021-22,203087,Jeremy Lamb,30.0,56,935.4483333333334,154,81,22,31,410
2021-22,1630579,Jericho Sims,23.0,41,555.0433333333333,169,21,22,11,90
2021-22,1628975,Jevon Carter,26.0,66,905.1783333333333,110,96,14,24,277
2021-22,202710,Jimmy Butler III,32.0,57,1930.8316666666667,336,312,27,94,1219
2021-22,1629111,Jock Landale,26.0,54,588.7316666666667,138,45,14,10,265
2021-22,203925,Joe Harris,30.0,14,422.7083333333333,56,14,2,7,158
2021-22,204060,Joe Ingles,34.0,45,1122.135,131,158,5,23,325
2021-22,2207,Joe Johnson,41.0,1,1.95,0,0,0,0,2
2021-22,1630580,Joe Wieskamp,22.0,29,205.14166666666668,14,9,3,4,61
2021-22,1630555,Joel Ayayi,22.0,7,20.216666666666665,3,4,0,0,2
2021-22,203954,Joel Embiid,28.0,68,2296.405,796,284,99,77,2079
2021-22,1628381,John Collins,24.0,54,1662.6033333333332,422,98,56,33,876
2021-22,1629723,John Konchar,26.0,72,1291.5283333333334,329,109,22,45,349
2021-22,1630257,Jon Teske,25.0,3,7.741666666666666,2,1,0,1,0
2021-22,202685,Jonas Valančiūnas,30.0,74,2240.0583333333334,843,190,60,41,1314
2021-22,1630228,Jonathan Kuminga,19.0,70,1184.75,234,64,22,31,652
2021-22,1628395,Jordan Bell,27.0,1,2.0166666666666666,1,0,0,1,0
2021-22,203903,Jordan Clarkson,30.0,79,2140.86,273,194,16,66,1266
2021-22,1630692,Jordan Goodwin,23.0,2,5.933333333333334,1,0,0,0,0
2021-22,1629162,Jordan McLaughlin,26.0,62,901.6083333333333,94,180,10,57,233
2021-22,1629670,Jordan Nwora,23.0,62,1185.2716666666668,221,59,17,25,487
2021-22,1629673,Jordan Poole,23.0,76,2283.3116666666665,260,304,23,60,1405
2021-22,1630648,Jordan Schakel,24.0,4,30.266666666666666,8,0,0,1,5
2021-22,1630631,Jose Alvarado,24.0,54,833.9083333333333,100,152,7,71,330
2021-22,1630528,Josh Christopher,20.0,74,1333.7416666666666,186,150,13,65,587
2021-22,1630581,Josh Giddey,19.0,54,1700.3516666666667,421,345,20,51,674
2021-22,1630182,Josh Green,21.0,67,1038.9566666666667,161,79,14,45,319
2021-22,1628404,Josh Hart,27.0,54,1790.99,388,224,13,61,807
2021-22,1628367,Josh Jackson,25.0,51,829.9383333333334,141,54,22,26,328
2021-22,1629006,Josh Okogie,23.0,49,515.79,70,25,12,26,133
2021-22,1626196,Josh Richardson,28.0,65,1599.7166666666667,185,115,29,56,666
2021-22,1630563,Joshua Primo,19.0,50,965.04,113,81,23,20,288
2021-22,201950,Jrue Holiday,32.0,67,2207.44,301,457,29,108,1225
2021-22,1629308,Juan Toscano-Anderson,29.0,73,994.1316666666667,176,127,17,48,298
2021-22,1627823,Juancho Hernangomez,26.0,40,444.5516666666667,100,20,10,14,131
2021-22,203944,Julius Randle,27.0,72,2543.8633333333332,716,370,39,53,1447
2021-22,1626147,Justin Anderson,28.0,16,315.8516666666667,46,33,6,8,102
2021-22,1630551,Justin Champagnie,21.0,36,280.83166666666665,72,11,4,8,81
2021-22,203200,Justin Holiday,33.0,74,2056.81,190,128,33,57,749
2021-22,1628382,Justin Jackson,27.0,7,36.46666666666667,7,2,0,0,15
2021-22,1629620,Justin Robinson,24.0,25,303.72833333333335,21,32,1,9,78
2021-22,1626159,Justise Winslow,26.0,48,774.6633333333333,202,84,25,35,274
2021-22,203994,Jusuf Nurkić,27.0,56,1578.485,619,157,34,62,842
2021-22,1629752,Juwan Morgan,25.0,2,30.965,4,1,0,0,5
2021-22,1630231,KJ Martin,21.0,79,1656.325,297,101,40,34,696
2021-22,1629644,KZ Okpala,23.0,21,244.07166666666666,41,14,7,4,77
2021-22,1630539,Kai Jones,21.0,21,62.685,11,4,2,1,22
2021-22,1626157,Karl-Anthony Towns,26.0,74,2475.4566666666665,727,269,83,72,1818
2021-22,1626208,Keifer Sykes,28.0,32,566.4033333333333,45,62,4,12,180
2021-22,1628966,Keita Bates-Diop,26.0,59,956.5483333333333,231,41,14,27,335
2021-22,1629103,Kelan Martin,26.0,30,449.70166666666665,55,21,9,13,171
2021-22,1629640,Keldon Johnson,22.0,75,2391.725,457,158,14,58,1278
2021-22,1629833,Keljin Blevins,26.0,31,349.35333333333335,45,19,1,13,95
2021-22,203482,Kelly Olynyk,31.0,40,763.7166666666667,177,111,19,31,365
2021-22,1626162,Kelly Oubre Jr.,26.0,76,1999.18,302,84,31,77,1137
2021-22,202689,Kemba Walker,32.0,37,947.69,111,131,7,26,431
2021-22,1629026,Kenrich Williams,27.0,49,1072.3183333333334,220,108,10,44,363
2021-22,203145,Kent Bazemore,32.0,39,544.6133333333333,69,34,9,25,132
2021-22,203484,Kentavious Caldwell-Pope,29.0,77,2328.77,261,145,26,83,1018
2021-22,1630553,Keon Johnson,20.0,37,696.2466666666667,81,76,12,28,267
2021-22,1630556,Kessler Edwards,21.0,48,987.195,172,31,24,29,284
2021-22,201142,Kevin Durant,33.0,55,2047.4066666666668,407,351,52,48,1643
2021-22,1628989,Kevin Huerter,23.0,74,2188.4566666666665,254,203,26,55,892
2021-22,1628995,Kevin Knox II,22.0,30,222.49,44,10,2,4,93
2021-22,201567,Kevin Love,33.0,74,1664.865,536,160,18,26,1007
2021-22,1630698,Kevin Pangos,29.0,24,166.01333333333332,11,30,0,3,39
2021-22,1629645,Kevin Porter Jr.,22.0,61,1907.1533333333334,267,376,22,69,949
2021-22,1626172,Kevon Looney,26.0,82,1732.3433333333332,596,165,52,50,491
2021-22,203920,Khem Birch,29.0,55,991.1683333333333,239,56,26,30,247
2021-22,203114,Khris Middleton,30.0,66,2141.29,356,358,18,76,1325
2021-22,1630165,Killian Hayes,20.0,66,1646.9716666666666,210,277,35,78,453
2021-22,1629681,Killian Tillie,24.0,36,460.59166666666664,60,22,15,23,118
2021-22,1630184,Kira Lewis Jr.,21.0,24,341.14,39,49,1,11,141
2021-22,202691,Klay Thompson,32.0,32,940.8516666666667,125,88,17,16,652
2021-22,1627739,Kris Dunn,28.0,14,336.345,49,79,3,23,106
2021-22,204001,Kristaps Porziņģis,26.0,51,1480.6183333333333,411,119,84,37,1030
2021-22,203937,Kyle Anderson,28.0,69,1483.6566666666668,368,183,45,77,521
2021-22,1629657,Kyle Guy,24.0,19,185.73333333333332,17,17,1,7,74
2021-22,1628398,Kyle Kuzma,26.0,66,2204.27,561,233,57,42,1130
2021-22,200768,Kyle Lowry,36.0,63,2133.155,282,474,17,67,844
2021-22,202681,Kyrie Irving,30.0,29,1091.505,127,167,17,41,796
2021-22,200746,LaMarcus Aldridge,36.0,47,1050.085,258,42,47,14,607
2021-22,1630163,LaMelo Ball,20.0,75,2422.0666666666666,501,571,30,119,1508
2021-22,1630205,Lamar Stevens,24.0,63,1014.86,164,44,18,31,383
2021-22,202362,Lance Stephenson,31.0,46,813.9783333333334,127,165,4,24,384
2021-22,1629013,Landry Shamet,25.0,69,1437.3833333333334,126,108,9,28,573
2021-22,204038,Langston Galloway,30.0,7,106.7,18,12,0,1,14
2021-22,1626204,Larry Nance Jr.,29.0,46,1040.0716666666667,248,81,20,43,321
2021-22,1628374,Lauri Markkanen,25.0,61,1877.5866666666666,345,81,30,45,900
2021-22,2544,LeBron James,37.0,56,2084.335,459,349,59,73,1695
2021-22,1630195,Leandro Bolmaro,21.0,35,240.945,43,21,0,6,50
2021-22,1629623,Lindell Wigginton,24.0,19,199.12833333333333,25,23,1,5,80
2021-22,1630322,Lindy Waters III,24.0,25,465.25,73,24,8,19,199
2021-22,1629022,Lonnie Walker IV,23.0,70,1612.3233333333333,181,152,19,44,849
2021-22,1628366,Lonzo Ball,24.0,35,1212.345,190,178,31,64,455
2021-22,101150,Lou Williams,35.0,56,798.8766666666667,87,105,3,28,354
2021-22,1629663,Louis King,23.0,10,103.60666666666667,12,9,1,2,45
2021-22,1629652,Luguentz Dort,23.0,51,1665.3533333333332,212,88,18,46,877
2021-22,1629029,Luka Dončić,23.0,65,2300.7183333333332,593,568,36,75,1847
2021-22,1630568,Luka Garza,23.0,32,388.965,100,20,6,9,186
2021-22,1628379,Luke Kennard,26.0,70,1919.1333333333334,229,146,6,42,833
2021-22,1628436,Luke Kornet,26.0,15,103.33333333333333,29,9,3,3,30
2021-22,1630640,MJ Walker,24.0,2,8.393333333333333,1,1,0,2,0
2021-22,1630644,Mac McClung,23.0,2,24.383333333333333,3,1,1,1,8
2021-22,1630201,Malachi Flynn,24.0,44,537.0566666666666,63,70,4,20,189
2021-22,1627763,Malcolm Brogdon,29.0,36,1206.2483333333332,185,212,14,30,687
2021-22,1630792,Malcolm Hill,26.0,19,212.09,35,8,3,7,72
2021-22,1627736,Malik Beasley,25.0,79,1976.26,227,116,12,43,953
2021-22,1630238,Malik Fitts,24.0,15,62.75833333333333,17,5,0,0,21
2021-22,1628370,Malik Monk,24.0,76,2138.435,256,218,29,61,1048
2021-22,1629005,Malik Newman,25.0,1,7.683333333333334,1,1,0,0,8
2021-22,1629603,Mamadi Diakite,25.0,13,187.68333333333334,59,2,9,5,56
2021-22,1630585,Marcus Garrett,23.0,12,128.22833333333332,23,7,3,5,13
2021-22,202694,Marcus Morris Sr.,32.0,54,1564.28,239,113,18,28,830
2021-22,203935,Marcus Smart,28.0,71,2295.8416666666667,270,417,18,119,861
2021-22,1628365,Markelle Fultz,24.0,18,359.7316666666667,49,99,5,20,195
2021-22,202693,Markieff Morris,32.0,17,298.3383333333333,45,23,1,6,129
2021-22,1630250,Marko Simonovic,22.0,9,35.185,10,0,1,1,17
2021-22,1630210,Markus Howard,23.0,31,176.49666666666667,12,7,0,9,126
2021-22,1627737,Marquese Chriss,24.0,34,345.67833333333334,103,17,12,13,154
2021-22,1628963,Marvin Bagley III,23.0,48,1146.0616666666667,338,36,18,22,540
2021-22,1630222,Mason Jones,23.0,4,50.583333333333336,10,4,0,2,27
2021-22,203486,Mason Plumlee,32.0,73,1792.525,565,226,52,61,477
2021-22,1629680,Matisse Thybulle,25.0,66,1685.2633333333333,151,75,71,115,379
2021-22,1629760,Matt Mooney,27.0,1,1.9333333333333333,0,0,0,1,0
2021-22,1630346,Matt Ryan,25.0,1,5.25,0,0,0,1,3
2021-22,1629744,Matt Thomas,27.0,40,459.51166666666666,50,20,3,8,161
2021-22,203090,Maurice Harkless,29.0,47,863.4716666666667,112,23,24,29,217
2021-22,1629622,Max Strus,26.0,68,1587.0816666666667,202,92,16,28,721
2021-22,1628467,Maxi Kleber,30.0,59,1449.8616666666667,350,68,58,30,411
2021-22,1630593,McKinley Wright IV,23.0,5,18.866666666666667,0,3,0,0,5
2021-22,1628982,Melvin Frazier Jr.,25.0,3,119.56666666666666,13,1,0,1,32
2021-22,1630695,Micah Potter,24.0,3,30.93166666666667,9,0,1,1,12
2021-22,1629008,Michael Porter Jr.,24.0,9,265.04833333333335,59,17,2,10,89
2021-22,1628969,Mikal Bridges,25.0,82,2854.3533333333335,347,185,36,96,1162
2021-22,201144,Mike Conley,34.0,72,2058.1383333333333,217,385,21,96,986
2021-22,203488,Mike Muscala,30.0,43,592.52,129,22,26,18,344
2021-22,1628970,Miles Bridges,24.0,80,2837.1133333333332,559,300,67,74,1613
2021-22,1630540,Miles McBride,21.0,40,372.21166666666664,42,41,1,14,89
2021-22,1629011,Mitchell Robinson,24.0,72,1848.3666666666666,617,38,133,58,610
2021-22,1629671,Miye Oni,24.0,16,44.18666666666667,7,5,0,0,5
2021-22,1628964,Mo Bamba,24.0,71,1823.7066666666667,572,85,118,38,756
2021-22,1628420,Monte Morris,27.0,75,2238.9483333333333,226,333,14,56,945
2021-22,1626149,Montrezl Harrell,28.0,71,1640.3583333333333,431,145,43,29,932
2021-22,1629021,Moritz Wagner,25.0,63,959.5316666666666,232,87,13,20,564
2021-22,1629650,Moses Brown,22.0,40,344.325,135,1,16,7,171
2021-22,1630541,Moses Moody,20.0,52,607.12,80,23,10,7,228
2021-22,1630589,Moses Wright,23.0,4,14.733333333333333,3,2,1,0,5
2021-22,1628539,Mychal Mulder,28.0,17,239.555,24,5,2,4,69
2021-22,1629619,Myles Powell,24.0,11,52.06666666666667,6,3,0,1,13
2021-22,1626167,Myles Turner,26.0,42,1234.7283333333332,297,44,118,28,540
2021-22,1630230,Naji Marshall,24.0,55,735.58,142,62,8,33,313
2021-22,1629642,Nassir Little,22.0,42,1088.3683333333333,236,54,36,25,410
2021-22,1630207,Nate Hinton,23.0,2,2.4266666666666667,0,0,0,0,0
2021-22,1630233,Nathan Knight,24.0,37,267.31666666666666,85,22,8,7,138
2021-22,1629675,Naz Reid,22.0,77,1215.2866666666666,301,71,71,40,637
2021-22,1629674,Neemias Queta,22.0,15,119.6,31,6,8,1,45
2021-22,202357,Nemanja Bjelica,34.0,71,1142.3666666666666,294,159,26,41,433
2021-22,203457,Nerlens Noel,28.0,25,561.97,141,23,31,30,85
2021-22,1629651,Nic Claxton,23.0,47,974.0916666666667,264,43,51,24,410
2021-22,1630208,Nick Richards,24.0,50,367.1433333333333,86,13,21,9,150
2021-22,1629638,Nickeil Alexander-Walker,23.0,65,1465.82,187,156,23,46,692
2021-22,201587,Nicolas Batum,33.0,59,1462.595,254,100,42,58,491
2021-22,203917,Nik Stauskas,28.0,8,38.788333333333334,3,2,0,0,18
2021-22,203999,Nikola Jokić,27.0,74,2475.5916666666667,1019,584,63,109,2004
2021-22,202696,Nikola Vučević,31.0,73,2417.5433333333335,804,236,71,70,1288
2021-22,1626181,Norman Powell,29.0,45,1458.215,145,96,21,42,853
2021-22,203658,Norvel Pelle,29.0,3,19.016666666666666,6,0,1,0,6
2021-22,1628384,OG Anunoby,24.0,48,1728.3133333333333,264,125,25,71,822
2021-22,1630167,Obi Toppin,24.0,72,1229.7533333333333,268,77,33,25,648
2021-22,1630846,Olivier Sarr,23.0,22,420.87,93,19,15,6,153
2021-22,1630209,Omer Yurtseven,24.0,56,706.1983333333334,294,49,20,17,299
2021-22,1630168,Onyeka Okongwu,21.0,48,992.0633333333334,283,53,60,31,392
2021-22,1629052,Oshae Brissett,24.0,67,1564.04,358,72,29,44,613
2021-22,203490,Otto Porter Jr.,29.0,63,1395.4983333333332,362,94,29,68,515
2021-22,200782,P.J. Tucker,37.0,71,1980.7583333333334,387,149,15,58,539
2021-22,1629023,P.J. Washington,23.0,65,1768.0733333333333,337,147,61,57,668
2021-22,1628408,PJ Dozier,25.0,18,340.48833333333334,63,29,6,11,97
2021-22,1628238,Paris Bass,26.0,2,7.383333333333334,4,0,0,1,6
2021-22,1627783,Pascal Siakam,28.0,68,2577.8533333333335,580,360,42,85,1551
2021-22,1626192,Pat Connaughton,29.0,65,1690.83,273,82,15,59,645
2021-22,201976,Patrick Beverley,33.0,58,1475.7383333333332,240,268,52,67,533
2021-22,1630172,Patrick Williams,20.0,17,422.3283333333333,69,15,9,9,153
2021-22,201988,Patty Mills,33.0,81,2345.7233333333334,156,183,17,51,923
2021-22,202331,Paul George,32.0,31,1077.3866666666668,213,176,13,67,754
2021-22,200794,Paul Millsap,37.0,33,375.70166666666665,114,29,13,10,115
2021-22,1630194,Paul Reed,23.0,38,302.5316666666667,92,16,14,33,116
2021-22,1628778,Paul Watson,27.0,9,156.20833333333334,27,8,3,3,31
2021-22,1630202,Payton Pritchard,24.0,71,1001.0,134,139,6,25,442
2021-22,1627822,Petr Cornelie,26.0,13,37.965,14,3,1,1,14
2021-22,1630173,Precious Achiuwa,22.0,73,1724.6533333333334,473,82,41,37,664
2021-22,1629656,Quentin Grimes,22.0,46,786.2266666666667,94,44,11,31,275
2021-22,1629683,Quinndary Weatherspoon,25.0,11,73.40833333333333,14,5,1,1,30
2021-22,1630181,R.J. Hampton,21.0,64,1402.2616666666668,194,158,13,42,489
2021-22,1629628,RJ Barrett,22.0,70,2417.19,408,208,16,43,1402
2021-22,200765,Rajon Rondo,36.0,39,697.9333333333333,108,170,6,30,186
2021-22,203526,Raul Neto,30.0,70,1371.995,134,217,3,55,526
2021-22,1629730,Rayjon Tucker,24.0,5,70.81833333333333,8,10,0,4,21
2021-22,203493,Reggie Bullock Jr.,31.0,68,1901.8483333333334,241,83,14,41,583
2021-22,202704,Reggie Jackson,32.0,75,2336.528333333333,271,359,15,55,1263
2021-22,1629617,Reggie Perry,22.0,10,187.26666666666668,47,12,6,9,92
2021-22,1626158,Richaun Holmes,28.0,45,1074.0783333333334,317,48,41,17,468
2021-22,201937,Ricky Rubio,31.0,34,970.15,141,225,7,49,445
2021-22,1630306,Rob Edwards,25.0,2,10.85,3,0,0,0,3
2021-22,203496,Robert Covington,31.0,71,1939.48,391,92,91,103,604
2021-22,1629057,Robert Williams III,24.0,61,1804.3333333333333,588,121,134,56,607
2021-22,1630218,Robert Woodard II,22.0,12,42.193333333333335,11,3,1,1,7
2021-22,201577,Robin Lopez,34.0,36,611.9033333333333,126,54,18,2,254
2021-22,203918,Rodney Hood,29.0,52,709.435,77,38,6,15,163
2021-22,203585,Rodney McGruder,30.0,51,754.0566666666666,111,48,7,21,273
2021-22,1629641,Romeo Langford,22.0,48,770.9066666666666,108,21,16,22,218
2021-22,1626220,Royce O'Neale,29.0,77,2405.5383333333334,368,191,32,86,570
2021-22,1630612,Ruben Nembhard Jr.,23.0,14,62.733333333333334,7,12,0,1,15
2021-22,200752,Rudy Gay,35.0,55,1038.2366666666667,242,56,19,25,446
2021-22,203497,Rudy Gobert,30.0,66,2120.4166666666665,968,72,137,45,1027
2021-22,1629060,Rui Hachimura,24.0,42,943.525,160,48,9,23,475
2021-22,201566,Russell Westbrook,33.0,78,2677.866666666667,580,550,20,75,1441
2021-22,1627853,Ryan Arcidiacono,28.0,10,76.25333333333333,8,4,0,1,16
2021-22,1630240,Saben Lee,23.0,37,603.7283333333334,87,107,12,36,208
2021-22,1630180,Saddiq Bey,23.0,82,2704.1766666666667,441,233,16,73,1321
2021-22,1626155,Sam Dekker,28.0,1,0.9066666666666666,0,0,0,0,0
2021-22,1630573,Sam Hauser,24.0,26,157.605,29,10,2,1,65
2021-22,1630241,Sam Merrill,26.0,6,57.833333333333336,7,4,0,0,25
2021-22,1630572,Sandro Mamukelashvili,23.0,41,407.00166666666667,82,22,9,9,154
2021-22,1630583,Santi Aldama,21.0,32,359.7683333333333,87,21,10,6,132
2021-22,1630567,Scottie Barnes,20.0,74,2617.2883333333334,557,256,55,80,1134
2021-22,1630575,Scottie Lewis,22.0,2,6.55,0,1,0,1,1
2021-22,203816,Scotty Hopson,32.0,1,17.733333333333334,1,1,0,0,4
2021-22,1629635,Sekou Doumbouya,21.0,2,16.383333333333333,6,0,2,3,14
2021-22,1628400,Semi Ojeleye,27.0,30,405.83666666666664,74,9,6,7,98
2021-22,201586,Serge Ibaka,32.0,54,877.6016666666667,250,49,33,11,365
2021-22,203552,Seth Curry,31.0,64,2134.266666666667,200,230,14,53,960
2021-22,1628983,Shai Gilgeous-Alexander,23.0,56,1941.855,278,331,46,71,1371
2021-22,1629003,Shake Milton,25.0,55,1179.4333333333334,142,139,17,28,450
2021-22,1629783,Shaq Buchanan,25.0,2,9.816666666666666,2,2,0,1,2
2021-22,1627885,Shaquille Harrison,28.0,2,22.583333333333332,4,3,1,1,4
2021-22,1630536,Sharife Cooper,21.0,13,38.586666666666666,5,5,0,0,7
2021-22,1630219,Skylar Mays,24.0,28,219.88666666666666,25,17,0,7,80
2021-22,203524,Solomon Hill,31.0,13,139.41333333333333,23,12,2,4,8
2021-22,203915,Spencer Dinwiddie,29.0,67,1980.4916666666666,279,346,13,44,919
2021-22,1626169,Stanley Johnson,26.0,48,1094.3983333333333,155,80,14,43,320
2021-22,201939,Stephen Curry,34.0,64,2211.085,335,404,23,85,1630
2021-22,1628425,Sterling Brown,27.0,49,628.4116666666666,149,34,7,14,160
2021-22,203500,Steven Adams,28.0,76,1998.5766666666666,760,256,60,65,528
2021-22,1629004,Svi Mykhailiuk,25.0,56,716.1216666666667,92,45,4,26,255
2021-22,204456,T.J. McConnell,30.0,27,652.1033333333334,90,131,10,29,229
2021-22,1629605,Tacko Fall,26.0,11,58.78333333333333,23,2,6,0,12
2021-22,201959,Taj Gibson,37.0,52,945.7233333333334,229,32,40,22,229
2021-22,1629659,Talen Horton-Tucker,21.0,60,1511.0283333333334,193,159,29,59,597
2021-22,1627752,Taurean Prince,28.0,69,1176.655,174,68,23,47,502
2021-22,1629611,Terance Mann,25.0,81,2316.81,425,209,21,55,872
2021-22,1629056,Terence Davis,25.0,30,536.3116666666666,94,40,11,25,311
2021-22,203082,Terrence Ross,31.0,63,1448.1783333333333,161,116,12,28,629
2021-22,1626179,Terry Rozier,28.0,73,2457.8433333333332,315,326,25,93,1408
2021-22,1630678,Terry Taylor,22.0,33,713.795,172,41,8,14,318
2021-22,201152,Thaddeus Young,34.0,52,845.2083333333334,208,104,18,54,322
2021-22,203648,Thanasis Antetokounmpo,29.0,48,473.3433333333333,101,22,12,16,171
2021-22,1630177,Theo Maledon,21.0,51,908.22,131,111,11,31,361
2021-22,1629033,Theo Pinson,26.0,19,148.09666666666666,21,17,2,5,48
2021-22,1628418,Thomas Bryant,24.0,27,439.11333333333334,108,23,21,6,201
2021-22,204025,Tim Frazier,31.0,12,207.59833333333333,19,34,1,3,39
2021-22,203501,Tim Hardaway Jr.,30.0,42,1245.01,156,92,6,38,598
2021-22,1627789,Timothe Luwawu-Cabarrot,27.0,52,684.8116666666666,82,40,6,18,227
2021-22,202699,Tobias Harris,29.0,73,2543.155,496,252,43,47,1257
2021-22,203107,Tomas Satoransky,30.0,55,905.9883333333333,126,184,5,29,198
2021-22,1628396,Tony Bradley,24.0,55,549.065,186,27,33,10,163
2021-22,203503,Tony Snell,30.0,53,822.4883333333333,103,28,9,16,187
2021-22,1628470,Torrey Craig,31.0,78,1595.82,310,91,36,46,516
2021-22,1629027,Trae Young,23.0,76,2651.891666666667,284,737,7,72,2155
2021-22,1629309,Trayvon Palmer,27.0,1,16.773333333333333,2,0,0,0,0
2021-22,1630200,Tre Jones,22.0,69,1148.125,155,233,7,42,413
2021-22,1630544,Tre Mann,21.0,60,1366.925,171,91,12,47,625
2021-22,1629682,Tremont Waters,24.0,3,50.278333333333336,4,7,0,5,10
2021-22,1630570,Trendon Watford,21.0,48,869.3466666666667,199,81,28,25,364
2021-22,1630235,Trent Forrest,24.0,60,765.5183333333333,99,106,6,30,195
2021-22,1630243,Trevelin Queen,25.0,10,74.43833333333333,16,4,1,5,43
2021-22,1630286,Trevon Scott,25.0,2,11.366666666666667,2,0,1,1,6
2021-22,2772,Trevor Ariza,37.0,24,462.30333333333334,82,27,6,13,96
2021-22,203504,Trey Burke,29.0,42,441.195,33,57,0,12,214
2021-22,1626168,Trey Lyles,26.0,75,1536.2666666666667,379,88,32,29,786
2021-22,1630530,Trey Murphy III,22.0,62,863.595,147,38,7,23,334
2021-22,202684,Tristan Thompson,31.0,57,896.2183333333334,288,34,21,23,344
2021-22,1628972,Troy Brown Jr.,22.0,66,1054.74,203,66,5,36,283
2021-22,1629660,Ty Jerome,24.0,48,801.0916666666667,78,109,5,30,340
2021-22,1629076,Tyler Cook,24.0,20,199.61666666666667,53,3,4,4,67
2021-22,1629788,Tyler Hall,25.0,1,1.9333333333333333,0,0,0,0,0
2021-22,1629639,Tyler Herro,22.0,66,2151.0116666666668,329,263,8,44,1367
2021-22,204020,Tyler Johnson,30.0,6,91.375,12,7,3,3,17
2021-22,1630179,Tyrell Terry,21.0,2,3.05,0,0,0,0,2
2021-22,1630169,Tyrese Haliburton,22.0,77,2694.1316666666667,311,628,49,134,1181
2021-22,1630178,Tyrese Maxey,21.0,75,2650.3566666666666,240,321,32,55,1311
2021-22,1627820,Tyrone Wallace,28.0,6,74.92166666666667,8,1,1,3,17
2021-22,1626145,Tyus Jones,26.0,73,1549.4366666666667,176,324,2,66,632
2021-22,1628962,Udoka Azubuike,22.0,17,194.875,71,0,11,1,80
2021-22,2617,Udonis Haslem,42.0,13,83.21666666666667,25,4,1,1,32
2021-22,1630586,Usman Garuba,20.0,24,239.16,83,17,11,10,48
2021-22,1630176,Vernon Carey Jr.,21.0,7,44.14833333333333,12,0,1,2,20
2021-22,203506,Victor Oladipo,30.0,8,173.11666666666667,23,28,1,5,99
2021-22,1628427,Vlatko Čančar,25.0,15,176.32666666666665,31,17,3,2,62
2021-22,1630249,Vít Krejčí,22.0,30,689.9,101,57,8,19,187
2021-22,201961,Wayne Ellington,34.0,43,810.2266666666667,77,30,5,23,287
2021-22,1627782,Wayne Selden,27.0,3,19.14,1,1,0,0,5
2021-22,1628976,Wendell Carter Jr.,23.0,62,1851.57,648,171,43,36,931
2021-22,1629117,Wenyen Gabriel,25.0,26,358.79333333333335,97,14,11,5,141
2021-22,1628411,Wes Iwundu,27.0,3,82.21666666666667,13,0,0,1,22
2021-22,202083,Wesley Matthews,35.0,49,1002.17,92,36,8,23,249
2021-22,203115,Will Barton,31.0,71,2276.463333333333,340,276,31,55,1043
2021-22,1626161,Willie Cauley-Stein,28.0,20,182.81666666666666,40,10,3,6,34
2021-22,1626195,Willy Hernangomez,28.0,50,838.9583333333334,338,63,19,21,453
2021-22,1629875,Xavier Moon,27.0,10,137.36833333333334,14,24,3,7,58
2021-22,1630270,Xavier Sneed,24.0,9,38.71666666666667,6,1,0,0,5
2021-22,1630214,Xavier Tillman,23.0,53,700.55,161,62,15,49,252
2021-22,1629139,Yuta Watanabe,27.0,38,445.46166666666664,92,21,16,11,163
2021-22,1630582,Yves Pons,23.0,12,70.975,12,1,4,1,13
2021-22,1628380,Zach Collins,24.0,28,502.04,153,61,23,13,218
2021-22,203897,Zach LaVine,27.0,67,2328.0783333333334,308,303,23,41,1635
2021-22,1630285,Zavier Simpson,25.0,4,174.08333333333334,21,30,4,5,44
2021-22,1630192,Zeke Nnaji,21.0,41,697.6083333333333,147,17,13,16,270
2021-22,1630533,Ziaire Williams,20.0,62,1346.4666666666667,129,65,12,35,501
2021-22,1629597,Zylan Cheatham,26.0,1,5.183333333333334,0,0,0,0,0
2022-23,1630639,A.J. Lawson,22.0,15,108.26833333333333,21,2,0,2,56
2022-23,1631260,AJ Green,23.0,35,344.95,45,22,0,6,154
2022-23,1631100,AJ Griffin,19.0,72,1401.435,153,73,12,42,639
2022-23,203932,Aaron Gordon,27.0,68,2055.1066666666666,446,203,51,54,1109
2022-23,1628988,Aaron Holiday,26.0,63,845.2566666666667,74,89,12,37,247
2022-23,1630174,Aaron Nesmith,23.0,73,1816.4033333333334,277,98,34,55,738
2022-23,1630598,Aaron Wiggins,24.0,70,1297.4366666666667,211,80,15,39,479
2022-23,1629678,Admiral Schofield,26.0,37,451.26166666666666,62,31,5,8,155
2022-23,201143,Al Horford,37.0,63,1921.375,390,189,61,30,616
2022-23,202692,Alec Burks,31.0,51,1122.4433333333334,158,114,8,38,652
2022-23,1630197,Aleksej Pokusevski,21.0,34,701.3483333333334,159,64,43,20,276
2022-23,1627936,Alex Caruso,29.0,67,1575.3766666666668,196,193,46,98,374
2022-23,203458,Alex Len,30.0,26,161.24666666666667,60,12,11,4,43
2022-23,1628993,Alize Johnson,27.0,4,29.516666666666666,10,1,0,1,7
2022-23,1631214,Alondes Williams,24.0,1,5.266666666666667,1,0,0,0,0
2022-23,1630578,Alperen Sengun,20.0,75,2170.6566666666668,678,291,70,70,1109
2022-23,1629599,Amir Coffey,26.0,50,625.2766666666666,53,53,5,7,172
2022-23,203083,Andre Drummond,29.0,67,849.1383333333333,444,33,27,45,399
2022-23,2738,Andre Iguodala,39.0,8,112.56333333333333,17,19,3,4,17
2022-23,1629614,Andrew Nembhard,23.0,75,2073.5316666666668,199,341,13,70,709
2022-23,203952,Andrew Wiggins,28.0,37,1190.28,186,85,28,45,633
2022-23,1629014,Anfernee Simons,24.0,62,2170.66,161,253,14,42,1306
2022-23,203076,Anthony Davis,30.0,56,1904.51,702,148,114,59,1451
2022-23,1630162,Anthony Edwards,21.0,79,2841.455,458,350,58,125,1946
2022-23,1630264,Anthony Gill,30.0,59,624.5933333333334,99,34,12,7,195
2022-23,1630237,Anthony Lamb,25.0,62,1195.0183333333334,215,96,20,28,415
2022-23,1630559,Austin Reaves,25.0,64,1843.2266666666667,193,215,19,33,833
2022-23,203085,Austin Rivers,30.0,52,1016.33,83,75,4,28,255
2022-23,1630245,Ayo Dosunmu,23.0,80,2097.616666666667,220,206,26,62,687
2022-23,1628389,Bam Adebayo,25.0,75,2597.9933333333333,688,240,61,88,1529
2022-23,1627732,Ben Simmons,26.0,42,1105.0166666666667,263,256,24,54,291
2022-23,1631097,Bennedict Mathurin,21.0,78,2222.38,318,116,13,48,1302
2022-23,202687,Bismack Biyombo,30.0,61,874.085,260,56,88,18,263
2022-23,201933,Blake Griffin,34.0,41,568.885,155,61,9,14,170
2022-23,1631104,Blake Wesley,20.0,37,669.055,82,98,5,25,184
2022-23,1626246,Boban Marjanovic,34.0,31,171.065,60,9,2,5,102
2022-23,1626171,Bobby Portis,28.0,70,1818.4316666666666,672,105,16,29,987
2022-23,203992,Bogdan Bogdanović,30.0,54,1508.6083333333333,165,150,18,43,756
2022-23,202711,Bojan Bogdanovic,34.0,59,1892.8666666666666,223,152,8,34,1273
2022-23,1629626,Bol Bol,23.0,70,1505.4183333333333,405,69,85,30,634
2022-23,1630538,Bones Hyland,22.0,56,1085.4883333333332,135,172,15,39,659
2022-23,203078,Bradley Beal,30.0,50,1672.9333333333334,196,271,33,45,1160
2022-23,1630527,Brandon Boston,21.0,22,248.345,30,20,0,9,143
2022-23,1629634,Brandon Clarke,26.0,56,1090.1383333333333,310,72,37,34,559
2022-23,1627742,Brandon Ingram,25.0,45,1538.0766666666666,246,262,19,32,1112
2022-23,1630296,Braxton Key,26.0,3,9.1,1,0,0,0,4
2022-23,201572,Brook Lopez,35.0,78,2372.4766666666665,520,99,193,37,1239
2022-23,1628971,Bruce Brown,26.0,80,2279.485,328,268,51,87,923
2022-23,1628981,Bruno Fernando,24.0,39,405.12166666666667,137,31,34,6,153
2022-23,1631121,Bryce McGowens,20.0,46,786.9966666666667,93,54,6,15,246
2022-23,1627854,Bryn Forbes,29.0,25,267.72,15,17,2,7,89
2022-23,1631205,Buddy Boeheim,23.0,10,90.14333333333333,6,4,0,2,16
2022-23,1627741,Buddy Hield,30.0,80,2481.875,400,225,26,92,1344
2022-23,203468,CJ McCollum,31.0,75,2649.1683333333335,328,429,38,70,1568
2022-23,1630595,Cade Cunningham,21.0,12,400.18333333333334,74,72,7,10,239
2022-23,1631216,Caleb Houstan,20.0,51,812.19,99,30,7,12,193
2022-23,1628997,Caleb Martin,27.0,71,2077.7383333333332,344,117,31,71,683
2022-23,1629629,Cam Reddish,23.0,40,989.6066666666667,88,57,14,39,387
2022-23,1630560,Cam Thomas,21.0,57,947.5533333333333,95,78,7,20,604
2022-23,1629661,Cameron Johnson,27.0,42,1199.815,185,78,14,50,650
2022-23,1626166,Cameron Payne,28.0,48,968.3116666666666,106,214,8,33,493
2022-23,1627747,Caris LeVert,28.0,74,2237.34,282,287,24,72,897
2022-23,1630637,Carlik Jones,25.0,7,55.97,5,6,0,2,20
2022-23,1626224,Cedi Osman,28.0,77,1548.3133333333333,176,115,11,35,669
2022-23,1628435,Chance Comanche,27.0,1,20.783333333333335,3,0,1,0,7
2022-23,1629646,Charles Bassey,22.0,35,507.87166666666667,193,48,33,16,199
2022-23,1631320,Chima Moneke,27.0,2,7.931666666666667,2,1,0,0,2
2022-23,1629002,Chimezie Metu,26.0,66,689.0166666666667,198,40,21,22,321
2022-23,1628449,Chris Boucher,30.0,76,1523.47,421,29,64,47,712
2022-23,1630537,Chris Duarte,26.0,46,897.2266666666667,115,64,9,25,362
2022-23,101108,Chris Paul,38.0,59,1888.635,251,524,22,91,819
2022-23,1629735,Chris Silva,26.0,1,3.0166666666666666,0,0,0,0,2
2022-23,1631128,Christian Braun,22.0,76,1181.14,181,59,17,41,360
2022-23,1631132,Christian Koloko,23.0,58,801.7933333333333,171,31,57,21,182
2022-23,1626174,Christian Wood,27.0,67,1738.3583333333333,491,121,72,30,1114
2022-23,1629643,Chuma Okeke,24.0,27,517.9866666666667,96,37,11,19,128
2022-23,203991,Clint Capela,29.0,65,1730.0833333333333,717,58,79,45,779
2022-23,1629632,Coby White,23.0,74,1730.2283333333332,212,204,6,54,715
2022-23,1628998,Cody Martin,27.0,7,133.71166666666667,24,11,1,4,35
2022-23,203469,Cody Zeller,30.0,15,216.61166666666668,64,10,4,3,98
2022-23,1630175,Cole Anthony,23.0,60,1551.76,288,235,31,37,781
2022-23,1631306,Cole Swider,24.0,7,41.138333333333335,7,4,0,0,9
2022-23,1629012,Collin Sexton,24.0,48,1145.1533333333334,105,138,6,27,685
2022-23,1630557,Corey Kispert,24.0,74,2093.29,207,87,9,32,820
2022-23,202709,Cory Joseph,31.0,62,1227.4333333333334,106,217,9,34,427
2022-23,1626156,D'Angelo Russell,27.0,71,2304.096666666667,215,437,29,70,1263
2022-23,1630227,Daishen Nix,21.0,57,914.3833333333333,98,132,7,31,226
2022-23,1630625,Dalano Banton,23.0,31,278.54333333333335,45,36,13,13,142
2022-23,1631207,Dalen Terry,20.0,38,213.945,37,22,5,11,85
2022-23,1627745,Damian Jones,28.0,41,477.39166666666665,122,15,21,8,142
2022-23,203081,Damian Lillard,32.0,58,2106.59,277,425,18,50,1866
2022-23,1627814,Damion Lee,30.0,74,1506.295,225,99,7,30,604
2022-23,1629655,Daniel Gafford,24.0,78,1604.22,433,84,99,33,705
2022-23,1628464,Daniel Theis,31.0,7,108.83666666666667,22,9,6,2,49
2022-23,201980,Danny Green,36.0,11,138.71833333333333,14,6,3,6,61
2022-23,1627863,Danuel House Jr.,30.0,56,807.025,94,44,9,14,268
2022-23,203967,Dario Saric,29.0,57,805.9533333333334,207,74,7,20,362
2022-23,1629647,Darius Bazley,23.0,43,616.1616666666666,138,38,34,22,224
2022-23,1630620,Darius Days,23.0,4,24.983333333333334,6,1,1,0,15
2022-23,1629636,Darius Garland,23.0,69,2447.15,185,538,9,85,1490
2022-23,1630561,David Duke Jr.,23.0,23,228.02333333333334,29,21,1,10,85
2022-23,1631223,David Roddy,22.0,70,1258.5016666666668,193,59,19,29,466
2022-23,1630558,Davion Mitchell,24.0,80,1447.03,105,185,15,44,450
2022-23,202722,Davis Bertans,30.0,45,491.81666666666666,53,21,8,11,206
2022-23,1628432,Davon Reed,28.0,43,342.54833333333335,59,23,4,15,89
2022-23,1630549,Day'Ron Sharpe,21.0,48,552.4866666666667,200,37,32,15,227
2022-23,1628368,De'Aaron Fox,25.0,73,2435.241666666667,306,447,23,83,1826
2022-23,1629631,De'Andre Hunter,25.0,67,2125.63,284,94,17,35,1029
2022-23,1629001,De'Anthony Melton,25.0,77,2149.826666666667,312,197,41,126,780
2022-23,201599,DeAndre Jordan,34.0,39,585.855,202,34,23,12,199
2022-23,201942,DeMar DeRozan,33.0,74,2681.61,343,377,36,83,1816
2022-23,1629731,Dean Wade,26.0,44,891.5633333333334,150,37,21,28,206
2022-23,1629028,Deandre Ayton,24.0,67,2035.3366666666666,667,115,53,37,1203
2022-23,1627749,Dejounte Murray,26.0,74,2693.395,389,448,19,112,1515
2022-23,1626153,Delon Wright,31.0,50,1221.1716666666666,180,194,17,92,369
2022-23,1630166,Deni Avdija,22.0,76,2020.38,487,211,29,65,697
2022-23,203471,Dennis Schröder,29.0,66,1985.945,165,298,10,50,830
2022-23,1628372,Dennis Smith Jr.,25.0,54,1389.8433333333332,167,261,25,75,474
2022-23,1629126,Deonte Burton,29.0,2,6.498333333333333,0,0,0,0,0
2022-23,1631220,Dereon Seabron,23.0,5,11.6,1,0,0,0,4
2022-23,1627884,Derrick Jones Jr.,26.0,64,893.4083333333333,153,34,37,29,319
2022-23,201565,Derrick Rose,34.0,27,337.865,40,46,5,7,152
2022-23,1628401,Derrick White,28.0,82,2319.3283333333334,293,321,76,54,1017
2022-23,1630217,Desmond Bane,25.0,58,1841.4533333333334,291,254,22,56,1247
2022-23,1626164,Devin Booker,26.0,53,1835.4133333333334,240,293,18,51,1471
2022-23,1630170,Devin Vassell,22.0,38,1178.0783333333334,148,136,17,43,703
2022-23,1629653,Devon Dotson,23.0,6,53.1,10,8,0,5,3
2022-23,1628984,Devonte' Graham,28.0,73,1338.445,122,196,16,45,539
2022-23,203473,Dewayne Dedmon,33.0,38,426.21,134,26,19,9,199
2022-23,1628415,Dillon Brooks,27.0,73,2214.2633333333333,244,189,16,65,1047
2022-23,1627734,Domantas Sabonis,27.0,79,2735.555,973,573,39,65,1510
2022-23,1631230,Dominick Barlow,20.0,28,407.565,102,24,19,10,110
2022-23,1628378,Donovan Mitchell,26.0,68,2432.38,289,301,27,99,1922
2022-23,1631495,Donovan Williams,21.0,2,4.25,2,0,0,0,4
2022-23,1628978,Donte DiVincenzo,26.0,72,1894.38,325,252,10,97,678
2022-23,1627827,Dorian Finney-Smith,30.0,66,2008.825,316,100,36,55,551
2022-23,203926,Doug McDermott,31.0,64,1314.2016666666666,138,91,6,13,654
2022-23,203110,Draymond Green,33.0,73,2297.635,525,500,61,74,617
2022-23,1629234,Drew Eubanks,26.0,78,1583.6766666666667,418,103,102,40,518
2022-23,1630696,Dru Smith,25.0,15,158.42666666666668,24,22,4,10,44
2022-23,1630613,Duane Washington Jr.,23.0,31,393.82666666666665,36,63,4,6,244
2022-23,1629130,Duncan Robinson,29.0,42,690.46,69,46,0,14,268
2022-23,203939,Dwight Powell,31.0,76,1457.935,314,69,26,48,506
2022-23,1629685,Dylan Windler,26.0,3,10.383333333333333,0,1,0,1,5
2022-23,1630700,Dyson Daniels,20.0,59,1042.125,188,134,11,43,227
2022-23,1628410,Edmond Sumner,27.0,53,736.1566666666666,79,68,10,31,378
2022-23,201569,Eric Gordon,34.0,69,1965.5083333333334,134,183,25,43,856
2022-23,1630647,Eugene Omoruyi,26.0,40,645.3233333333334,111,28,3,28,278
2022-23,203095,Evan Fournier,30.0,27,458.6933333333333,49,36,3,16,165
2022-23,1630596,Evan Mobley,22.0,79,2715.2616666666668,711,224,119,60,1277
2022-23,1630267,Facundo Campazzo,32.0,8,52.16166666666667,2,9,0,6,10
2022-23,1628402,Frank Jackson,25.0,1,5.05,2,1,0,0,0
2022-23,1626163,Frank Kaminsky,30.0,36,234.86333333333334,52,32,4,6,89
2022-23,1628373,Frank Ntilikina,24.0,47,607.5916666666667,62,58,7,16,135
2022-23,1630532,Franz Wagner,21.0,80,2608.7266666666665,329,283,17,77,1485
2022-23,1627832,Fred VanVleet,29.0,69,2534.9866666666667,280,495,38,123,1335
2022-23,1627788,Furkan Korkmaz,25.0,37,353.49,42,22,3,10,140
2022-23,1629216,Gabe Vincent,27.0,68,1758.6766666666667,145,167,5,62,641
2022-23,1628221,Gabe York,29.0,3,55.83166666666666,6,5,0,2,24
2022-23,202066,Garrett Temple,37.0,25,161.82333333333332,17,13,2,9,50
2022-23,1629726,Garrison Mathews,26.0,54,686.2583333333333,73,26,5,24,257
2022-23,203914,Gary Harris,28.0,48,1184.3516666666667,98,59,12,45,397
2022-23,1627780,Gary Payton II,30.0,22,367.605,69,30,5,22,101
2022-23,1629018,Gary Trent Jr.,24.0,66,2117.9933333333333,173,106,14,104,1148
2022-23,201588,George Hill,37.0,46,833.31,85,110,6,26,232
2022-23,1627777,Georges Niang,30.0,78,1511.8483333333334,185,77,14,31,637
2022-23,203507,Giannis Antetokounmpo,28.0,63,2023.615,742,359,51,52,1959
2022-23,1629048,Goga Bitadze,23.0,38,456.8016666666667,137,39,26,16,167
2022-23,201609,Goran Dragic,37.0,58,870.015,81,151,4,13,365
2022-23,202330,Gordon Hayward,33.0,50,1576.9016666666666,215,206,12,42,733
2022-23,203476,Gorgui Dieng,33.0,31,358.11333333333334,107,53,14,4,121
2022-23,1629684,Grant Williams,24.0,79,2044.7616666666668,363,131,31,41,641
2022-23,1628960,Grayson Allen,27.0,72,1972.1366666666668,237,163,14,62,750
2022-23,1630535,Greg Brown III,21.0,16,93.09166666666667,19,3,5,4,28
2022-23,1628977,Hamidou Diallo,24.0,56,995.865,194,55,16,53,522
2022-23,203084,Harrison Barnes,31.0,82,2662.0383333333334,366,128,10,57,1230
2022-23,1629312,Haywood Highsmith,26.0,54,969.4,188,43,17,36,236
2022-23,1630529,Herbert Jones,24.0,66,1950.53,269,162,42,103,649
2022-23,1630193,Immanuel Quickley,24.0,81,2344.105,337,279,14,80,1209
2022-23,1630171,Isaac Okoro,22.0,76,1652.5666666666666,187,87,30,56,490
2022-23,1628392,Isaiah Hartenstein,25.0,82,1628.2166666666667,536,102,64,53,406
2022-23,1630543,Isaiah Jackson,21.0,63,1042.2933333333333,282,51,93,31,455
2022-23,1630198,Isaiah Joe,23.0,73,1395.3466666666666,175,88,8,48,691
2022-23,1630587,Isaiah Livers,24.0,52,1198.7366666666667,143,41,28,28,346
2022-23,1630600,Isaiah Mobley,23.0,12,84.24,20,3,3,4,31
2022-23,1629676,Isaiah Roby,25.0,42,473.62833333333333,108,38,7,18,172
2022-23,1630191,Isaiah Stewart,22.0,50,1414.0583333333334,403,70,34,20,567
2022-23,1630225,Isaiah Todd,21.0,6,61.4,12,4,0,1,9
2022-23,202397,Ish Smith,34.0,43,397.90833333333336,54,100,7,8,108
2022-23,1630688,Ish Wainright,28.0,60,915.1266666666667,139,53,22,38,251
2022-23,1627826,Ivica Zubac,26.0,76,2169.41,756,77,98,29,818
2022-23,1631120,JD Davison,20.0,12,65.70666666666666,9,11,2,2,19
2022-23,1630550,JT Thor,20.0,69,968.775,152,36,23,22,262
2022-23,1629630,Ja Morant,23.0,61,1948.3483333333334,357,493,16,66,1596
2022-23,203210,JaMychal Green,33.0,57,796.7,205,51,23,25,366
2022-23,201580,JaVale McGee,35.0,42,354.54,107,11,26,4,186
2022-23,1631095,Jabari Smith Jr.,20.0,79,2450.5466666666666,569,101,74,43,1010
2022-23,1631133,Jabari Walker,20.0,56,619.1633333333333,131,34,13,10,216
2022-23,1631298,Jack White,25.0,17,66.03333333333333,17,4,2,3,21
2022-23,1631367,Jacob Gilyard,24.0,1,40.78333333333333,4,7,0,3,3
2022-23,1630702,Jaden Hardy,20.0,48,708.39,89,65,7,17,420
2022-23,1631093,Jaden Ivey,21.0,74,2304.3166666666666,288,387,17,61,1204
2022-23,1630183,Jaden McDaniels,22.0,79,2416.4883333333332,307,148,76,74,953
2022-23,1630531,Jaden Springer,20.0,16,89.26666666666667,14,8,3,7,42
2022-23,203109,Jae Crowder,32.0,18,339.7083333333333,69,27,6,12,124
2022-23,1630256,Jae'Sean Tate,27.0,31,677.4883333333333,118,84,7,21,283
2022-23,1631222,Jake LaRavia,21.0,35,414.2866666666667,63,21,4,12,105
2022-23,1627751,Jakob Poeltl,27.0,72,1906.125,653,197,86,66,897
2022-23,1628973,Jalen Brunson,26.0,68,2378.6716666666666,241,421,15,61,1633
2022-23,1631105,Jalen Duren,19.0,67,1670.145,595,75,59,44,612
2022-23,1630224,Jalen Green,21.0,76,2602.155,284,281,18,59,1683
2022-23,1630552,Jalen Johnson,21.0,70,1041.6016666666667,282,83,34,38,395
2022-23,1629667,Jalen McDaniels,25.0,80,1912.8533333333332,346,130,34,83,755
2022-23,1630188,Jalen Smith,23.0,68,1278.825,394,66,60,21,642
2022-23,1630591,Jalen Suggs,22.0,53,1245.865,161,155,27,67,524
2022-23,1631114,Jalen Williams,22.0,75,2275.5916666666667,337,248,35,103,1056
2022-23,1631288,Jamal Cain,24.0,18,240.04666666666665,52,12,1,11,98
2022-23,1627750,Jamal Murray,26.0,65,2133.385,257,400,16,66,1298
2022-23,1631123,Jamaree Bouyea,24.0,5,70.53833333333333,6,4,2,4,15
2022-23,1630547,James Bouknight,22.0,34,515.4666666666667,72,41,5,14,191
2022-23,201935,James Harden,33.0,58,2135.005,354,618,31,71,1216
2022-23,201949,James Johnson,36.0,18,162.35833333333332,30,15,6,7,51
2022-23,1630164,James Wiseman,22.0,45,867.1866666666666,267,30,27,7,450
2022-23,1630215,Jared Butler,22.0,6,76.52833333333334,4,8,0,5,37
2022-23,1631197,Jared Rhoden,23.0,14,197.87,37,4,1,4,45
2022-23,1628991,Jaren Jackson Jr.,23.0,63,1787.5033333333333,426,60,189,65,1173
2022-23,1629020,Jarred Vanderbilt,24.0,78,1879.7416666666666,582,184,21,83,619
2022-23,1629714,Jarrell Brantley,27.0,4,38.95,6,3,2,0,22
2022-23,1628386,Jarrett Allen,25.0,68,2220.1116666666667,666,113,84,54,969
2022-23,1629633,Jarrett Culver,24.0,10,136.875,38,6,2,6,44
2022-23,1630554,Jason Preston,23.0,14,123.76833333333333,22,27,0,2,41
2022-23,1629750,Javonte Green,29.0,32,480.25666666666666,88,23,21,24,165
2022-23,1629637,Jaxson Hayes,23.0,47,610.0566666666666,132,34,19,20,233
2022-23,1630643,Jay Huff,25.0,7,94.93333333333334,21,10,4,3,51
2022-23,1630206,Jay Scrubb,22.0,2,30.116666666666667,6,1,0,2,13
2022-23,1627759,Jaylen Brown,26.0,67,2404.9183333333335,459,232,26,75,1784
2022-23,1629669,Jaylen Nowell,23.0,65,1251.695,170,132,5,42,704
2022-23,1631119,Jaylin Williams,21.0,49,914.1583333333333,241,76,12,28,288
2022-23,1628369,Jayson Tatum,25.0,74,2732.1966666666667,649,342,51,78,2225
2022-23,1630288,Jeff Dowtin Jr.,26.0,25,258.70166666666665,23,31,3,9,61
2022-23,201145,Jeff Green,36.0,56,1091.1166666666666,144,69,17,18,437
2022-23,203924,Jerami Grant,29.0,63,2245.525,283,150,53,51,1290
2022-23,1630526,Jeremiah Robinson-Earl,22.0,43,813.7083333333334,180,43,11,24,292
2022-23,1631110,Jeremy Sochan,20.0,56,1457.7,295,142,23,43,614
2022-23,1630579,Jericho Sims,24.0,52,812.4033333333333,242,25,28,15,178
2022-23,1628975,Jevon Carter,27.0,81,1811.7516666666668,202,197,29,66,651
2022-23,202710,Jimmy Butler III,33.0,64,2138.015,375,340,21,117,1466
2022-23,1629111,Jock Landale,27.0,69,978.4966666666667,280,68,30,16,456
2022-23,203925,Joe Harris,31.0,74,1527.175,164,101,13,34,562
2022-23,204060,Joe Ingles,35.0,46,1043.4983333333332,128,150,6,33,317
2022-23,1630580,Joe Wieskamp,23.0,9,49.655,4,3,0,0,9
2022-23,203954,Joel Embiid,29.0,66,2284.1066666666666,670,274,112,66,2183
2022-23,1631219,John Butler Jr.,20.0,19,221.10166666666666,17,11,9,7,45
2022-23,1628381,John Collins,25.0,71,2129.6466666666665,462,85,73,42,931
2022-23,1629723,John Konchar,27.0,72,1493.8133333333333,310,100,25,77,364
2022-23,202322,John Wall,32.0,34,754.73,92,178,12,27,386
2022-23,1631098,Johnny Davis,21.0,28,422.575,65,28,8,10,163
2022-23,1630548,Johnny Juzang,22.0,18,232.25,39,8,3,4,87
2022-23,202685,Jonas Valančiūnas,31.0,79,1968.2433333333333,804,140,52,20,1115
2022-23,1628371,Jonathan Isaac,25.0,11,124.035,44,6,4,14,55
2022-23,1630228,Jonathan Kuminga,20.0,67,1394.425,231,125,31,41,666
2022-23,203903,Jordan Clarkson,31.0,61,1988.3033333333333,246,270,13,33,1271
2022-23,1630692,Jordan Goodwin,24.0,62,1105.4233333333334,205,168,26,58,407
2022-23,1631160,Jordan Hall,21.0,9,82.66,12,11,0,1,28
2022-23,1629162,Jordan McLaughlin,27.0,43,678.49,62,148,4,32,161
2022-23,1629670,Jordan Nwora,24.0,62,1188.085,229,88,14,24,542
2022-23,1629673,Jordan Poole,24.0,82,2458.0933333333332,225,369,21,63,1675
2022-23,1630648,Jordan Schakel,25.0,2,6.233333333333333,0,1,0,1,3
2022-23,1630631,Jose Alvarado,25.0,61,1309.9816666666666,141,186,10,67,550
2022-23,1630528,Josh Christopher,21.0,64,786.215,71,73,15,33,372
2022-23,1630581,Josh Giddey,20.0,76,2367.2716666666665,599,469,31,57,1260
2022-23,1630182,Josh Green,22.0,60,1539.23,182,103,5,42,546
2022-23,1628404,Josh Hart,28.0,76,2454.025,593,290,21,88,743
2022-23,1631169,Josh Minott,20.0,15,96.22333333333333,25,5,6,4,46
2022-23,1629006,Josh Okogie,24.0,72,1350.59,251,105,34,56,529
2022-23,1626196,Josh Richardson,29.0,65,1529.6016666666667,175,174,20,69,654
2022-23,1630563,Joshua Primo,20.0,4,93.36166666666666,13,18,2,1,28
2022-23,201950,Jrue Holiday,33.0,67,2182.54,341,495,25,79,1290
2022-23,1629308,Juan Toscano-Anderson,30.0,52,700.0583333333333,124,65,10,16,155
2022-23,1627823,Juancho Hernangomez,27.0,42,613.495,123,25,6,16,122
2022-23,1630577,Julian Champagnie,22.0,17,320.135,60,10,5,6,165
2022-23,203944,Julius Randle,28.0,77,2737.2516666666666,767,316,21,49,1936
2022-23,1630551,Justin Champagnie,22.0,5,34.28333333333333,8,4,0,1,11
2022-23,203200,Justin Holiday,34.0,46,706.1133333333333,55,41,19,19,205
2022-23,1628382,Justin Jackson,28.0,23,107.42333333333333,17,9,4,4,20
2022-23,1631303,Justin Minaya,24.0,4,88.85,15,4,5,2,17
2022-23,1626159,Justise Winslow,27.0,29,775.7916666666666,145,98,11,30,196
2022-23,203994,Jusuf Nurkić,28.0,52,1391.415,471,149,44,43,694
2022-23,1630231,KJ Martin,22.0,82,2292.1583333333333,452,123,30,41,1039
2022-23,1629644,KZ Okpala,24.0,35,248.025,34,13,7,7,46
2022-23,1630539,Kai Jones,22.0,46,549.6266666666667,123,15,30,17,157
2022-23,1626157,Karl-Anthony Towns,27.0,29,957.05,236,140,17,20,602
2022-23,202695,Kawhi Leonard,32.0,52,1747.4883333333332,338,204,28,72,1239
2022-23,1631099,Keegan Murray,22.0,80,2381.673333333333,371,98,42,61,976
2022-23,1628966,Keita Bates-Diop,27.0,67,1452.5883333333334,247,103,20,46,647
2022-23,1629640,Keldon Johnson,23.0,63,2063.3316666666665,318,183,11,46,1385
2022-23,203482,Kelly Olynyk,32.0,68,1941.5933333333332,420,252,37,60,847
2022-23,1626162,Kelly Oubre Jr.,27.0,48,1547.5116666666668,249,54,18,68,972
2022-23,202689,Kemba Walker,33.0,9,143.90166666666667,16,19,2,2,72
2022-23,1631112,Kendall Brown,20.0,6,40.295,6,3,0,4,9
2022-23,1629134,Kendrick Nunn,27.0,70,963.43,109,90,7,28,496
2022-23,1631113,Kennedy Chandler,20.0,36,281.5083333333333,38,58,5,12,78
2022-23,1631254,Kenneth Lofton Jr.,20.0,24,175.95833333333334,51,20,2,5,120
2022-23,1629026,Kenrich Williams,28.0,53,1205.9816666666666,261,105,14,45,425
2022-23,203484,Kentavious Caldwell-Pope,30.0,76,2381.2066666666665,208,183,35,112,822
2022-23,1631165,Keon Ellis,23.0,16,70.86333333333333,8,6,1,5,24
2022-23,1630553,Keon Johnson,21.0,40,416.36,44,59,6,19,189
2022-23,1630556,Kessler Edwards,22.0,36,385.75333333333333,61,23,6,14,100
2022-23,201142,Kevin Durant,34.0,47,1671.7566666666667,313,235,67,34,1366
2022-23,1628989,Kevin Huerter,24.0,75,2202.7766666666666,251,221,24,80,1140
2022-23,1628995,Kevin Knox II,23.0,63,951.7233333333334,177,33,12,24,415
2022-23,201567,Kevin Love,34.0,62,1239.4783333333332,399,116,12,16,509
2022-23,1629645,Kevin Porter Jr.,23.0,59,2023.8833333333334,314,338,17,82,1130
2022-23,1630284,Kevon Harris,26.0,34,457.04833333333335,70,16,5,17,141
2022-23,1626172,Kevon Looney,27.0,82,1957.595,760,207,50,52,578
2022-23,203920,Khem Birch,30.0,20,161.85,25,7,5,5,43
2022-23,203114,Khris Middleton,31.0,33,800.7733333333333,140,163,5,23,497
2022-23,1630165,Killian Hayes,21.0,76,2153.588333333333,221,470,28,104,786
2022-23,1630184,Kira Lewis Jr.,22.0,25,234.76666666666668,33,23,2,10,114
2022-23,202691,Klay Thompson,33.0,69,2278.911666666667,286,163,29,49,1509
2022-23,1628424,Kobi Simmons,25.0,5,27.77166666666667,4,5,2,0,5
2022-23,1627739,Kris Dunn,29.0,22,567.5416666666666,100,124,10,25,290
2022-23,204001,Kristaps Porziņģis,27.0,65,2119.5116666666668,546,174,100,58,1505
2022-23,203937,Kyle Anderson,29.0,69,1956.5733333333333,368,335,63,78,647
2022-23,1628398,Kyle Kuzma,27.0,64,2238.8516666666665,463,239,29,36,1357
2022-23,200768,Kyle Lowry,37.0,55,1717.725,225,281,21,57,615
2022-23,202681,Kyrie Irving,31.0,60,2240.5733333333333,304,331,45,66,1623
2022-23,1630163,LaMelo Ball,21.0,36,1267.755,231,304,11,46,838
2022-23,1630205,Lamar Stevens,25.0,62,1120.4833333333333,207,33,19,27,328
2022-23,1629013,Landry Shamet,26.0,40,806.91,67,93,5,26,346
2022-23,1626204,Larry Nance Jr.,30.0,65,1380.8266666666666,354,119,37,56,441
2022-23,1628374,Lauri Markkanen,26.0,66,2272.4866666666667,570,123,38,42,1691
2022-23,2544,LeBron James,38.0,55,1953.94,457,375,32,50,1590
2022-23,1630195,Leandro Bolmaro,22.0,14,68.47333333333333,7,7,1,3,6
2022-23,1631311,Lester Quinones,22.0,4,18.116666666666667,3,2,0,1,10
2022-23,1629623,Lindell Wigginton,25.0,7,86.65,7,14,2,0,50
2022-23,1630322,Lindy Waters III,25.0,41,530.825,75,28,11,14,214
2022-23,1629022,Lonnie Walker IV,24.0,56,1297.0366666666666,109,64,17,30,654
2022-23,1629663,Louis King,24.0,1,28.8,4,2,0,1,20
2022-23,1629652,Luguentz Dort,24.0,74,2272.3566666666666,344,154,23,75,1013
2022-23,1629029,Luka Dončić,24.0,66,2390.471666666667,569,529,33,90,2138
2022-23,1630568,Luka Garza,24.0,28,243.42,63,18,2,3,181
2022-23,1629677,Luka Samanic,23.0,7,160.81333333333333,30,15,2,6,69
2022-23,1628379,Luke Kennard,27.0,59,1315.085,158,91,5,32,546
2022-23,1628436,Luke Kornet,27.0,69,804.0883333333334,197,53,46,11,261
2022-23,1630644,Mac McClung,24.0,2,41.06666666666667,10,9,0,0,25
2022-23,1630201,Malachi Flynn,25.0,53,690.7883333333333,76,70,4,21,246
2022-23,1631103,Malaki Branham,20.0,66,1549.5966666666666,181,127,7,33,673
2022-23,1627763,Malcolm Brogdon,30.0,67,1743.815,280,248,18,45,1000
2022-23,1630792,Malcolm Hill,27.0,5,9.15,3,0,0,0,5
2022-23,1627736,Malik Beasley,26.0,81,2093.085,283,124,9,65,1025
2022-23,1628370,Malik Monk,25.0,77,1719.235,203,298,20,49,1041
2022-23,1629603,Mamadi Diakite,26.0,22,175.87833333333333,30,8,9,4,57
2022-23,1630699,MarJon Beauchamp,22.0,52,701.3816666666667,115,35,7,21,266
2022-23,202694,Marcus Morris Sr.,33.0,65,1825.1133333333332,258,114,21,42,728
2022-23,203935,Marcus Smart,29.0,61,1956.76,191,382,23,93,703
2022-23,1631109,Mark Williams,21.0,43,827.975,304,18,45,28,387
2022-23,1628365,Markelle Fultz,25.0,60,1777.9416666666666,234,341,26,87,837
2022-23,202693,Markieff Morris,33.0,35,355.07,71,31,5,9,132
2022-23,1630250,Marko Simonovic,23.0,7,19.596666666666668,2,0,0,0,6
2022-23,1628963,Marvin Bagley III,24.0,42,990.455,269,36,30,19,504
2022-23,203486,Mason Plumlee,33.0,79,2052.945,700,245,47,46,857
2022-23,1629680,Matisse Thybulle,26.0,71,1200.4383333333333,140,53,32,83,293
2022-23,1630346,Matt Ryan,26.0,34,310.1816666666667,26,16,1,5,122
2022-23,203521,Matthew Dellavedova,32.0,32,212.79833333333335,13,41,0,7,47
2022-23,1631108,Max Christie,20.0,41,512.425,75,21,7,9,128
2022-23,1629622,Max Strus,27.0,80,2271.9783333333335,258,171,12,42,923
2022-23,1628467,Maxi Kleber,31.0,37,929.7683333333333,135,52,30,12,220
2022-23,1630593,McKinley Wright IV,24.0,27,335.03,47,58,5,8,114
2022-23,203086,Meyers Leonard,31.0,9,113.73833333333333,34,1,0,2,43
2022-23,1629662,Mfiondu Kabengele,25.0,4,36.43333333333333,10,0,0,2,6
2022-23,1630695,Micah Potter,25.0,7,52.44,16,4,0,1,24
2022-23,203487,Michael Carter-Williams,31.0,4,44.483333333333334,5,7,1,1,17
2022-23,1630701,Michael Foster Jr.,20.0,1,1.0333333333333334,0,0,0,0,0
2022-23,1629008,Michael Porter Jr.,25.0,62,1797.8933333333334,341,65,29,37,1080
2022-23,1628969,Mikal Bridges,26.0,83,2963.1766666666667,364,273,61,91,1671
2022-23,201144,Mike Conley,35.0,67,2028.055,182,450,14,73,798
2022-23,203488,Mike Muscala,31.0,63,945.09,203,50,24,15,383
2022-23,1630540,Miles McBride,22.0,64,760.2466666666667,50,72,8,37,222
2022-23,1629011,Mitchell Robinson,25.0,59,1588.8283333333334,555,53,109,56,435
2022-23,1628964,Mo Bamba,25.0,49,768.4283333333333,225,46,43,13,323
2022-23,1628420,Monte Morris,28.0,62,1696.0866666666666,210,326,13,43,636
2022-23,1626149,Montrezl Harrell,29.0,57,681.075,159,33,25,17,320
2022-23,1629021,Moritz Wagner,26.0,57,1109.4666666666667,259,84,13,37,600
2022-23,1629650,Moses Brown,23.0,36,294.145,139,4,14,4,155
2022-23,1630541,Moses Moody,21.0,63,817.1466666666666,105,51,7,18,302
2022-23,1631217,Moussa Diabaté,21.0,22,195.49666666666667,50,4,8,7,59
2022-23,1626167,Myles Turner,27.0,62,1825.21,466,89,140,36,1113
2022-23,1630230,Naji Marshall,25.0,77,1792.0366666666666,279,189,14,54,698
2022-23,1629642,Nassir Little,23.0,54,976.0566666666666,141,50,20,20,359
2022-23,1631466,Nate Williams,24.0,5,126.56666666666666,15,10,2,3,53
2022-23,1630233,Nathan Knight,25.0,38,290.74833333333333,56,13,6,10,139
2022-23,1629675,Naz Reid,23.0,68,1250.9083333333333,333,77,53,42,781
2022-23,1629674,Neemias Queta,23.0,5,28.69,11,1,2,0,12
2022-23,203457,Nerlens Noel,29.0,17,194.68,46,10,10,16,35
2022-23,1629651,Nic Claxton,24.0,76,2270.6566666666668,702,144,189,65,961
2022-23,1630208,Nick Richards,25.0,65,1217.675,416,38,71,11,532
2022-23,1629638,Nickeil Alexander-Walker,24.0,59,883.885,101,108,21,32,363
2022-23,201587,Nicolas Batum,34.0,78,1709.57,299,121,44,54,478
2022-23,203999,Nikola Jokić,28.0,69,2323.0066666666667,817,678,47,87,1690
2022-23,1631107,Nikola Jović,20.0,15,204.455,31,10,2,7,82
2022-23,202696,Nikola Vučević,32.0,82,2746.355,903,265,57,60,1447
2022-23,203943,Noah Vonleh,27.0,23,171.635,48,7,8,2,25
2022-23,1626181,Norman Powell,30.0,60,1567.135,175,109,18,50,1019
2022-23,1628384,OG Anunoby,25.0,67,2385.6516666666666,332,131,50,128,1124
2022-23,1630167,Obi Toppin,25.0,67,1050.5083333333334,187,66,12,23,497
2022-23,1630534,Ochai Agbaji,23.0,59,1209.2066666666667,121,67,15,16,467
2022-23,1630846,Olivier Sarr,24.0,9,113.64166666666667,31,4,5,1,36
2022-23,1630209,Omer Yurtseven,25.0,9,83.23166666666667,23,2,2,2,40
2022-23,1630168,Onyeka Okongwu,22.0,80,1848.555,576,81,107,56,791
2022-23,1631115,Orlando Robinson,22.0,31,425.15,126,25,12,12,116
2022-23,1629052,Oshae Brissett,25.0,65,1083.1766666666667,218,44,13,33,398
2022-23,203490,Otto Porter Jr.,30.0,8,146.34166666666667,19,8,0,11,44
2022-23,1631172,Ousmane Dieng,20.0,39,568.71,105,46,7,14,193
2022-23,200782,P.J. Tucker,38.0,75,1920.055,295,60,15,39,266
2022-23,1629023,P.J. Washington,24.0,73,2379.5633333333335,358,175,79,66,1144
2022-23,1628408,PJ Dozier,26.0,16,79.34666666666666,14,10,1,6,22
2022-23,1631094,Paolo Banchero,20.0,72,2429.7233333333334,497,269,39,60,1437
2022-23,1627783,Pascal Siakam,29.0,71,2652.036666666667,556,415,36,65,1720
2022-23,1626192,Pat Connaughton,30.0,61,1442.735,283,77,11,37,466
2022-23,1631116,Patrick Baldwin Jr.,20.0,31,225.845,40,11,4,6,122
2022-23,201976,Patrick Beverley,34.0,67,1816.5266666666666,247,194,41,63,415
2022-23,1630172,Patrick Williams,21.0,82,2322.8416666666667,327,100,70,72,833
2022-23,201988,Patty Mills,34.0,40,566.6483333333333,44,56,3,15,246
2022-23,202331,Paul George,33.0,56,1938.8916666666667,342,288,20,83,1332
2022-23,1630194,Paul Reed,24.0,69,755.1633333333333,262,27,51,45,287
2022-23,1630202,Payton Pritchard,25.0,48,642.7766666666666,88,64,1,14,270
2022-23,1631212,Peyton Watson,20.0,23,186.11166666666668,37,11,11,2,75
2022-23,1630173,Precious Achiuwa,23.0,55,1140.52,328,50,30,31,508
2022-23,1629656,Quentin Grimes,23.0,71,2120.9066666666668,229,150,26,47,799
2022-23,1631245,Quenton Jackson,24.0,9,134.58333333333334,8,15,1,4,56
2022-23,1630181,R.J. Hampton,22.0,47,749.635,87,54,9,27,302
2022-23,1629628,RJ Barrett,23.0,73,2475.465,368,201,15,31,1431
2022-23,1630564,RaiQuan Gray,23.0,1,35.083333333333336,9,7,1,0,16
2022-23,203526,Raul Neto,31.0,48,505.2316666666667,46,79,4,17,157
2022-23,203493,Reggie Bullock Jr.,32.0,78,2364.485,283,108,13,54,561
2022-23,202704,Reggie Jackson,33.0,68,1656.8533333333332,144,233,6,47,693
2022-23,1626158,Richaun Holmes,29.0,42,347.575,80,9,11,3,130
2022-23,201937,Ricky Rubio,32.0,33,565.9933333333333,70,115,6,26,171
2022-23,203496,Robert Covington,32.0,48,778.6416666666667,166,57,33,38,288
2022-23,1629057,Robert Williams III,25.0,35,823.55,292,50,48,22,279
2022-23,201577,Robin Lopez,35.0,37,298.49833333333333,51,19,8,2,112
2022-23,203585,Rodney McGruder,31.0,32,523.9016666666666,74,28,1,16,183
2022-23,1629641,Romeo Langford,23.0,43,844.3016666666666,114,50,13,24,297
2022-23,1631199,Ron Harper Jr.,23.0,9,47.5,7,4,1,0,20
2022-23,1626220,Royce O'Neale,30.0,76,2409.235,384,283,49,65,671
2022-23,200752,Rudy Gay,36.0,56,815.5683333333334,163,57,18,19,293
2022-23,203497,Rudy Gobert,31.0,70,2148.483333333333,814,87,95,56,939
2022-23,1629060,Rui Hachimura,25.0,63,1466.03,283,58,26,19,707
2022-23,201566,Russell Westbrook,34.0,73,2125.826666666667,423,551,33,76,1159
2022-23,1627853,Ryan Arcidiacono,29.0,20,172.35333333333332,15,23,0,5,26
2022-23,1631157,Ryan Rollins,20.0,12,62.07,12,6,1,1,23
2022-23,1630240,Saben Lee,24.0,25,373.53,45,67,1,19,151
2022-23,1630180,Saddiq Bey,24.0,77,2128.695,362,118,13,70,1062
2022-23,1630573,Sam Hauser,25.0,80,1289.8983333333333,204,71,21,29,512
2022-23,1630241,Sam Merrill,27.0,5,58.516666666666666,9,5,0,4,25
2022-23,1630572,Sandro Mamukelashvili,24.0,43,659.6533333333333,185,62,12,14,263
2022-23,1630583,Santi Aldama,22.0,77,1681.7483333333332,371,97,48,45,696
2022-23,1630567,Scottie Barnes,21.0,77,2677.55,512,371,61,83,1179
2022-23,1630590,Scotty Pippen Jr.,22.0,6,31.516666666666666,4,2,1,2,14
2022-23,201586,Serge Ibaka,33.0,16,185.35833333333332,44,4,7,2,66
2022-23,203552,Seth Curry,32.0,61,1210.715,100,99,7,36,561
2022-23,1631101,Shaedon Sharpe,20.0,80,1778.6033333333332,236,94,24,38,789
2022-23,1628983,Shai Gilgeous-Alexander,24.0,68,2415.985,329,371,65,112,2135
2022-23,1629003,Shake Milton,26.0,76,1567.3533333333332,191,240,13,25,637
2022-23,1627885,Shaquille Harrison,29.0,5,119.91666666666667,22,30,2,11,44
2022-23,1631323,Simone Fontecchio,27.0,52,765.8116666666666,86,42,8,15,328
2022-23,1630219,Skylar Mays,25.0,6,188.76666666666668,19,50,1,6,92
2022-23,203915,Spencer Dinwiddie,30.0,79,2725.335,270,515,24,67,1369
2022-23,1626169,Stanley Johnson,27.0,30,469.495,95,67,6,16,174
2022-23,1630649,Stanley Umude,24.0,1,2.1166666666666667,0,0,1,1,2
2022-23,201939,Stephen Curry,35.0,56,1941.1516666666666,341,352,20,52,1648
2022-23,1628425,Sterling Brown,28.0,4,24.363333333333333,8,2,0,3,0
2022-23,203500,Steven Adams,29.0,42,1133.2916666666667,485,97,46,36,361
2022-23,1629004,Svi Mykhailiuk,26.0,32,467.90166666666664,53,53,4,15,222
2022-23,204456,T.J. McConnell,31.0,75,1526.4133333333334,234,397,10,81,650
2022-23,203933,T.J. Warren,29.0,42,686.7083333333334,121,40,12,22,314
2022-23,201959,Taj Gibson,38.0,49,480.445,93,34,12,15,168
2022-23,1629659,Talen Horton-Tucker,22.0,65,1313.215,210,246,29,41,698
2022-23,1631106,Tari Eason,22.0,82,1767.22,496,88,47,96,760
2022-23,1627752,Taurean Prince,29.0,54,1192.5483333333334,132,84,15,28,493
2022-23,1629611,Terance Mann,26.0,81,1872.1766666666667,276,184,22,42,713
2022-23,1629056,Terence Davis,26.0,64,840.9766666666667,139,67,12,43,431
2022-23,203082,Terrence Ross,32.0,63,1330.5083333333334,154,95,10,35,522
2022-23,1626179,Terry Rozier,29.0,63,2220.9266666666667,259,319,16,74,1329
2022-23,1630678,Terry Taylor,23.0,31,263.43666666666667,47,10,6,3,89
2022-23,201152,Thaddeus Young,35.0,54,795.46,166,75,5,54,240
2022-23,203648,Thanasis Antetokounmpo,30.0,37,206.20666666666668,44,15,3,3,51
2022-23,1630177,Theo Maledon,22.0,44,853.6566666666666,123,152,12,37,295
2022-23,1629033,Theo Pinson,27.0,40,322.95666666666665,63,46,1,6,95
2022-23,1628418,Thomas Bryant,25.0,59,1081.4866666666667,339,31,30,16,579
2022-23,203501,Tim Hardaway Jr.,31.0,71,2152.233333333333,251,129,12,49,1019
2022-23,202699,Tobias Harris,30.0,74,2435.8783333333336,424,186,40,68,1085
2022-23,1628396,Tony Bradley,25.0,12,33.365,11,1,1,1,19
2022-23,1628470,Torrey Craig,32.0,79,1947.8416666666667,426,117,62,50,588
2022-23,1629027,Trae Young,24.0,73,2540.74,217,741,9,80,1914
2022-23,1630200,Tre Jones,23.0,68,1983.7383333333332,245,448,9,89,875
2022-23,1630544,Tre Mann,22.0,67,1183.3883333333333,155,120,11,40,517
2022-23,1630570,Trendon Watford,22.0,62,1181.6083333333333,238,130,12,32,459
2022-23,1630235,Trent Forrest,25.0,23,276.975,37,38,2,7,52
2022-23,1630243,Trevelin Queen,26.0,7,70.0,17,6,5,2,21
2022-23,1631309,Trevor Hudgins,24.0,5,28.333333333333332,0,3,0,0,9
2022-23,1631211,Trevor Keels,19.0,3,8.04,2,0,0,0,3
2022-23,1626168,Trey Lyles,27.0,74,1247.235,300,66,31,27,562
2022-23,1630530,Trey Murphy III,23.0,79,2448.005,281,112,43,89,1148
2022-23,1628972,Troy Brown Jr.,23.0,76,1859.79,308,95,16,59,541
2022-23,1629660,Ty Jerome,25.0,45,815.5783333333334,78,135,5,23,309
2022-23,1631102,TyTy Washington Jr.,21.0,31,432.7133333333333,45,47,2,15,145
2022-23,1628416,Tyler Dorsey,27.0,3,8.25,2,0,0,0,9
2022-23,1629639,Tyler Herro,23.0,67,2335.391666666667,360,280,16,51,1347
2022-23,1630169,Tyrese Haliburton,23.0,56,1882.8533333333332,205,585,25,91,1160
2022-23,1631213,Tyrese Martin,24.0,16,65.54,12,2,0,1,21
2022-23,1630178,Tyrese Maxey,22.0,60,2015.77,176,212,8,49,1218
2022-23,1626145,Tyus Jones,27.0,80,1939.4233333333334,200,417,6,83,822
2022-23,1628962,Udoka Azubuike,23.0,36,358.535,119,11,15,6,125
2022-23,2617,Udonis Haslem,43.0,7,72.11833333333334,11,0,2,1,27
2022-23,1630586,Usman Garuba,21.0,75,970.18,307,64,29,44,225
2022-23,1630176,Vernon Carey Jr.,22.0,11,28.483333333333334,11,3,2,2,6
2022-23,203506,Victor Oladipo,31.0,42,1105.64,128,146,12,57,449
2022-23,1631246,Vince Williams Jr.,22.0,15,104.59,15,4,2,6,30
2022-23,1628427,Vlatko Čančar,26.0,60,889.0233333333333,128,80,14,22,297
2022-23,1630249,Vít Krejčí,23.0,29,165.42333333333335,26,17,1,5,36
2022-23,1631117,Walker Kessler,21.0,74,1703.2066666666667,620,69,173,26,679
2022-23,1628976,Wendell Carter Jr.,24.0,57,1689.54,497,132,33,30,868
2022-23,1631111,Wendell Moore Jr.,21.0,29,152.65833333333333,18,18,5,8,42
2022-23,1629117,Wenyen Gabriel,26.0,68,1023.75,286,36,35,26,372
2022-23,202083,Wesley Matthews,36.0,52,820.425,113,34,13,20,179
2022-23,203115,Will Barton,32.0,56,992.96,137,112,13,28,379
2022-23,1626195,Willy Hernangomez,29.0,38,457.6616666666667,180,33,13,17,262
2022-23,1641645,Xavier Cooks,27.0,10,125.78333333333333,38,6,4,6,38
2022-23,1629875,Xavier Moon,28.0,4,19.566666666666666,3,5,0,0,7
2022-23,1630270,Xavier Sneed,25.0,4,48.22666666666667,5,5,1,0,17
2022-23,1630214,Xavier Tillman,24.0,61,1180.1083333333333,307,96,29,58,429
2022-23,1629139,Yuta Watanabe,28.0,58,927.7866666666666,141,48,17,25,322
2022-23,1628380,Zach Collins,25.0,63,1440.5966666666666,402,180,49,37,731
2022-23,203897,Zach LaVine,28.0,77,2767.95,345,327,18,69,1913
2022-23,1630192,Zeke Nnaji,22.0,53,727.7983333333333,138,18,23,17,277
2022-23,1630533,Ziaire Williams,21.0,37,560.755,79,35,6,14,210
2022-23,1629627,Zion Williamson,22.0,29,956.0983333333334,202,133,16,32,754
2023-24,1630639,A.J. Lawson,23.0,42,310.9,50,20,3,10,136
2023-24,1631260,AJ Green,24.0,56,614.2816666666666,64,30,4,9,252
2023-24,1631100,AJ Griffin,20.0,20,170.73,18,5,2,1,48
2023-24,203932,Aaron Gordon,28.0,73,2296.81,471,259,45,56,1013
2023-24,1628988,Aaron Holiday,27.0,78,1269.2966666666666,123,140,6,42,514
2023-24,1630174,Aaron Nesmith,24.0,72,1994.655,275,108,49,65,877
2023-24,1630598,Aaron Wiggins,25.0,78,1227.9383333333333,186,86,19,56,542
2023-24,1641745,Adam Flagler,24.0,2,14.016666666666667,0,4,0,0,3
2023-24,1641766,Adama Sanogo,22.0,9,65.76166666666667,36,0,0,1,36
2023-24,1629678,Admiral Schofield,27.0,23,84.35833333333333,17,7,0,1,26
2023-24,201143,Al Horford,38.0,65,1739.7966666666666,413,168,62,38,562
2023-24,202692,Alec Burks,32.0,66,1211.545,150,88,12,28,689
2023-24,1630197,Aleksej Pokusevski,22.0,28,405.3833333333333,89,35,13,15,146
2023-24,1627936,Alex Caruso,30.0,71,2040.3433333333332,273,247,70,120,715
2023-24,1641788,Alex Fudge,21.0,6,40.21666666666667,5,0,0,3,15
2023-24,203458,Alex Len,31.0,48,444.245,128,50,33,11,120
2023-24,1631214,Alondes Williams,25.0,7,15.595,1,0,1,0,5
2023-24,1630578,Alperen Sengun,21.0,63,2045.635,589,312,46,76,1331
2023-24,1641735,Amari Bailey,20.0,10,64.63333333333334,9,7,0,3,23
2023-24,1641708,Amen Thompson,21.0,62,1388.5316666666668,409,163,38,78,592
2023-24,1629599,Amir Coffey,27.0,70,1460.5966666666666,148,76,14,41,463
2023-24,203083,Andre Drummond,30.0,79,1351.2516666666668,708,37,48,73,663
2023-24,1641748,Andre Jackson Jr.,22.0,57,572.3283333333334,113,50,6,16,125
2023-24,1641847,Andrew Funk,24.0,5,13.4,0,0,1,1,0
2023-24,1629614,Andrew Nembhard,24.0,68,1696.685,141,280,6,63,626
2023-24,203952,Andrew Wiggins,29.0,71,1920.4483333333333,321,119,41,42,939
2023-24,1629014,Anfernee Simons,25.0,46,1581.7433333333333,167,255,5,23,1039
2023-24,1641710,Anthony Black,20.0,69,1164.21,139,91,21,35,316
2023-24,203076,Anthony Davis,31.0,76,2700.2433333333333,961,266,178,91,1876
2023-24,1630162,Anthony Edwards,22.0,79,2770.383333333333,430,405,42,101,2049
2023-24,1630264,Anthony Gill,31.0,50,466.49666666666667,94,34,11,13,189
2023-24,1629717,Armoni Brooks,26.0,10,104.02333333333333,18,5,1,1,42
2023-24,1630204,Ashton Hagans,24.0,19,315.57166666666666,45,54,9,11,80
2023-24,1641709,Ausar Thompson,21.0,63,1582.805,402,120,59,68,556
2023-24,1630559,Austin Reaves,26.0,82,2628.95,352,450,25,66,1300
2023-24,1630245,Ayo Dosunmu,24.0,76,2212.4683333333332,216,242,36,68,924
2023-24,1628389,Bam Adebayo,26.0,71,2416.4733333333334,737,278,66,81,1367
2023-24,1641767,Ben Sheppard,22.0,57,814.26,89,53,2,33,252
2023-24,1627732,Ben Simmons,27.0,15,358.9166666666667,119,86,9,12,92
2023-24,1631097,Bennedict Mathurin,22.0,59,1538.39,234,119,14,35,856
2023-24,1641731,Bilal Coulibaly,19.0,63,1715.25,256,110,48,57,532
2023-24,202687,Bismack Biyombo,31.0,40,791.4616666666667,209,53,37,11,174
2023-24,1631104,Blake Wesley,21.0,61,875.925,94,166,9,29,268
2023-24,1626246,Boban Marjanovic,35.0,14,70.91,32,6,2,1,45
2023-24,1626171,Bobby Portis,29.0,82,2008.1666666666667,607,104,34,68,1130
2023-24,203992,Bogdan Bogdanović,31.0,79,2401.4083333333333,272,247,26,96,1333
2023-24,202711,Bojan Bogdanovic,35.0,57,1478.0033333333333,152,97,5,30,868
2023-24,1629626,Bol Bol,24.0,43,469.0283333333333,137,17,25,10,223
2023-24,1630538,Bones Hyland,23.0,37,540.21,55,93,4,26,256
2023-24,203078,Bradley Beal,31.0,53,1766.7333333333333,232,265,27,52,964
2023-24,1641764,Brandin Podziemski,21.0,74,1968.2533333333333,427,273,14,61,682
2023-24,1630527,Brandon Boston,22.0,32,345.1716666666667,52,13,8,11,167
2023-24,1629634,Brandon Clarke,27.0,6,134.31833333333333,32,9,6,5,68
2023-24,1627742,Brandon Ingram,26.0,64,2102.68,324,363,40,50,1332
2023-24,1641706,Brandon Miller,21.0,74,2382.963333333333,315,175,42,66,1279
2023-24,1630314,Brandon Williams,24.0,17,112.87,13,17,1,1,54
2023-24,1630296,Braxton Key,27.0,20,59.983333333333334,18,9,1,2,22
2023-24,1641729,Brice Sensabaugh,20.0,32,584.3633333333333,102,55,6,13,241
2023-24,201572,Brook Lopez,36.0,79,2411.1516666666666,409,127,189,43,990
2023-24,1628971,Bruce Brown,27.0,67,1865.3666666666666,284,192,17,59,726
2023-24,1628981,Bruno Fernando,25.0,45,682.3033333333333,193,46,28,25,282
2023-24,1631121,Bryce McGowens,21.0,59,881.595,102,51,10,21,302
2023-24,1631205,Buddy Boeheim,24.0,10,84.00166666666667,10,3,1,0,34
2023-24,1627741,Buddy Hield,31.0,84,2159.8883333333333,269,236,42,70,1013
2023-24,203468,CJ McCollum,32.0,66,2158.536666666667,286,305,41,62,1322
2023-24,1630595,Cade Cunningham,22.0,62,2074.225,268,464,22,56,1405
2023-24,1631216,Caleb Houstan,21.0,59,815.335,84,29,4,15,253
2023-24,1628997,Caleb Martin,28.0,64,1756.5533333333333,281,143,29,47,640
2023-24,1629629,Cam Reddish,24.0,48,984.0616666666666,99,48,14,47,260
2023-24,1630560,Cam Thomas,22.0,66,2074.85,214,192,16,45,1482
2023-24,1641715,Cam Whitmore,19.0,47,880.3333333333334,180,33,17,30,579
2023-24,1629661,Cameron Johnson,28.0,58,1599.0383333333334,251,138,15,49,776
2023-24,1626166,Cameron Payne,29.0,78,1304.0766666666666,117,205,11,42,578
2023-24,1627747,Caris LeVert,29.0,68,1958.0833333333333,280,346,34,76,952
2023-24,1641717,Cason Wallace,20.0,82,1691.9216666666666,187,120,37,76,561
2023-24,1626224,Cedi Osman,29.0,72,1268.7516666666668,180,119,11,36,489
2023-24,1629646,Charles Bassey,23.0,19,205.275,76,21,17,8,63
2023-24,1629718,Charlie Brown Jr.,27.0,8,37.28333333333333,2,0,2,0,6
2023-24,1631096,Chet Holmgren,22.0,82,2412.7966666666666,648,200,190,53,1357
2023-24,1629002,Chimezie Metu,27.0,51,858.9066666666666,194,46,16,43,332
2023-24,1628449,Chris Boucher,31.0,50,704.8833333333333,207,23,24,14,322
2023-24,1630537,Chris Duarte,27.0,59,719.5183333333333,106,44,8,28,230
2023-24,1641753,Chris Livingston,20.0,21,90.53333333333333,21,5,0,2,26
2023-24,101108,Chris Paul,39.0,58,1530.89,225,393,6,70,533
2023-24,1631128,Christian Braun,23.0,82,1655.565,306,132,35,42,600
2023-24,1626174,Christian Wood,28.0,50,871.9433333333334,254,49,33,16,347
2023-24,1629643,Chuma Okeke,25.0,47,431.73,80,20,7,9,107
2023-24,203991,Clint Capela,30.0,73,1883.0866666666666,776,91,106,43,836
2023-24,1629632,Coby White,24.0,79,2881.3566666666666,358,405,18,53,1509
2023-24,1628998,Cody Martin,28.0,28,752.9916666666667,109,104,18,32,211
2023-24,203469,Cody Zeller,31.0,43,319.70666666666665,112,39,5,9,76
2023-24,1641732,Colby Jones,22.0,30,191.73666666666668,40,20,5,7,64
2023-24,1630175,Cole Anthony,24.0,81,1817.3116666666667,311,236,37,64,937
2023-24,1631306,Cole Swider,25.0,18,86.79833333333333,7,5,1,1,42
2023-24,1630658,Colin Castleton,24.0,16,59.08,12,3,0,2,24
2023-24,1631221,Collin Gillespie,25.0,24,225.365,21,27,0,13,87
2023-24,1629012,Collin Sexton,25.0,78,2074.7633333333333,205,383,18,62,1458
2023-24,1630557,Corey Kispert,25.0,80,2067.435,225,157,16,42,1070
2023-24,202709,Cory Joseph,32.0,26,295.8933333333333,30,42,3,4,63
2023-24,1641854,Craig Porter Jr.,24.0,51,649.355,109,118,15,21,285
2023-24,1626156,D'Angelo Russell,28.0,76,2484.1283333333336,236,482,36,69,1369
2023-24,1641793,D'Moi Hodge,25.0,7,41.24333333333333,0,5,1,1,14
2023-24,1630618,D.J. Carton,23.0,4,35.53333333333333,4,3,0,1,11
2023-24,1628391,D.J. Wilson,28.0,2,15.466666666666667,2,2,2,0,10
2023-24,1629610,DaQuan Jeffries,26.0,17,45.975,5,5,1,0,14
2023-24,1630227,Daishen Nix,22.0,15,49.78333333333333,3,6,0,5,27
2023-24,1630625,Dalano Banton,24.0,54,1046.8466666666666,178,127,20,33,557
2023-24,1631207,Dalen Terry,21.0,59,680.71,113,81,18,27,180
2023-24,1627745,Damian Jones,29.0,39,269.7316666666667,62,15,13,7,107
2023-24,203081,Damian Lillard,33.0,73,2578.4283333333333,320,508,18,72,1775
2023-24,1629655,Daniel Gafford,25.0,74,1814.355,562,115,153,65,814
2023-24,1628464,Daniel Theis,32.0,60,1014.84,244,61,51,21,376
2023-24,201568,Danilo Gallinari,35.0,49,629.29,108,55,6,14,280
2023-24,201980,Danny Green,37.0,2,18.45,2,1,0,1,0
2023-24,203957,Dante Exum,28.0,55,1087.6216666666667,149,157,5,22,428
2023-24,1627863,Danuel House Jr.,31.0,34,509.055,58,28,5,15,144
2023-24,203967,Dario Saric,30.0,64,1097.7516666666668,283,144,10,31,515
2023-24,1641727,Dariq Whitehead,19.0,2,23.983333333333334,4,3,1,0,3
2023-24,1629647,Darius Bazley,24.0,9,151.825,28,7,7,6,48
2023-24,1629636,Darius Garland,24.0,57,1900.4383333333333,152,373,7,74,1028
2023-24,1630561,David Duke Jr.,24.0,4,51.35,10,5,0,2,26
2023-24,1631223,David Roddy,23.0,65,1176.9816666666666,211,80,11,27,425
2023-24,1630558,Davion Mitchell,25.0,72,1101.1,95,134,3,17,379
2023-24,202722,Davis Bertans,31.0,43,674.0716666666667,61,35,12,26,290
2023-24,1630549,Day'Ron Sharpe,22.0,61,920.575,389,85,44,24,415
2023-24,1628368,De'Aaron Fox,26.0,74,2658.7633333333333,340,418,31,150,1966
2023-24,1629631,De'Andre Hunter,26.0,57,1681.0933333333332,222,87,16,40,891
2023-24,1629001,De'Anthony Melton,26.0,38,1023.3316666666667,141,114,16,60,421
2023-24,201599,DeAndre Jordan,35.0,36,395.71666666666664,157,26,16,6,142
2023-24,1630610,DeJon Jarreau,26.0,9,149.54666666666665,44,26,2,6,43
2023-24,201942,DeMar DeRozan,34.0,79,2988.568333333333,340,421,45,90,1897
2023-24,1629731,Dean Wade,27.0,54,1108.08,218,43,25,40,291
2023-24,1629028,Deandre Ayton,25.0,55,1783.4983333333332,609,90,42,56,920
2023-24,1627749,Dejounte Murray,27.0,78,2783.3433333333332,416,502,24,111,1753
2023-24,1626153,Delon Wright,32.0,47,741.5666666666667,86,119,11,54,210
2023-24,1630166,Deni Avdija,23.0,75,2256.6433333333334,540,286,36,59,1102
2023-24,203471,Dennis Schröder,30.0,80,2485.945,242,488,17,63,1122
2023-24,1628372,Dennis Smith Jr.,26.0,56,1058.6583333333333,164,203,12,68,369
2023-24,1641726,Dereck Lively II,20.0,55,1294.2816666666668,378,60,77,36,483
2023-24,1631220,Dereon Seabron,24.0,6,55.083333333333336,7,5,1,2,14
2023-24,1627884,Derrick Jones Jr.,27.0,76,1782.8566666666666,250,75,51,53,657
2023-24,201565,Derrick Rose,35.0,24,399.33666666666664,45,78,2,8,191
2023-24,1628401,Derrick White,29.0,73,2380.985,310,377,87,74,1107
2023-24,1630217,Desmond Bane,26.0,42,1442.8483333333334,185,230,22,43,997
2023-24,1626164,Devin Booker,27.0,68,2446.6566666666668,308,472,28,61,1841
2023-24,1630170,Devin Vassell,23.0,68,2247.7433333333333,261,277,23,73,1323
2023-24,1628984,Devonte' Graham,29.0,23,312.92333333333335,36,49,2,9,114
2023-24,1641926,Dexter Dennis,25.0,4,29.866666666666667,9,4,1,0,22
2023-24,1628415,Dillon Brooks,28.0,72,2226.7383333333332,246,119,10,64,915
2023-24,1631376,Dmytro Skapintsev,26.0,2,2.1333333333333333,0,0,0,0,0
2023-24,1627734,Domantas Sabonis,28.0,82,2928.0216666666665,1120,673,48,74,1593
2023-24,1631230,Dominick Barlow,21.0,33,419.54,113,36,14,12,144
2023-24,1628378,Donovan Mitchell,27.0,55,1942.65,280,333,30,101,1463
2023-24,1628978,Donte DiVincenzo,27.0,81,2360.3933333333334,297,216,36,107,1259
2023-24,1627827,Dorian Finney-Smith,31.0,68,1934.5933333333332,317,107,38,56,580
2023-24,203926,Doug McDermott,32.0,64,904.4783333333334,59,70,2,16,351
2023-24,203110,Draymond Green,34.0,55,1490.1833333333334,398,332,47,55,475
2023-24,1629234,Drew Eubanks,27.0,75,1168.705,322,63,61,27,379
2023-24,1641809,Drew Peterson,24.0,3,22.683333333333334,1,1,0,2,11
2023-24,1630696,Dru Smith,26.0,9,130.895,14,14,3,9,39
2023-24,1629130,Duncan Robinson,30.0,68,1905.4483333333333,173,192,16,46,875
2023-24,1641871,Duop Reath,28.0,68,1214.115,250,67,38,33,617
2023-24,203939,Dwight Powell,32.0,63,836.3033333333333,214,84,20,26,208
2023-24,1629685,Dylan Windler,27.0,17,108.41,16,10,0,2,43
2023-24,1630700,Dyson Daniels,21.0,61,1358.525,236,164,25,85,354
2023-24,1630604,E.J. Liddell,23.0,8,23.083333333333332,5,1,2,2,4
2023-24,1641734,Emoni Bates,20.0,15,132.815,14,10,2,1,41
2023-24,201569,Eric Gordon,35.0,68,1892.63,122,139,30,66,749
2023-24,1630647,Eugene Omoruyi,27.0,43,393.3066666666667,85,35,5,27,207
2023-24,203095,Evan Fournier,31.0,32,579.6733333333333,58,48,7,29,220
2023-24,1630596,Evan Mobley,23.0,50,1532.35,468,160,72,45,785
2023-24,1630196,Filip Petrusev,24.0,3,9.31,1,0,0,0,3
2023-24,1628373,Frank Ntilikina,25.0,5,42.9,6,4,0,0,5
2023-24,1630532,Franz Wagner,22.0,72,2337.4166666666665,381,269,28,76,1421
2023-24,1627832,Fred VanVleet,30.0,73,2684.4266666666667,278,589,59,101,1270
2023-24,1627788,Furkan Korkmaz,26.0,35,299.9266666666667,30,25,3,14,88
2023-24,1641713,GG Jackson,19.0,48,1233.165,196,59,24,28,699
2023-24,1629216,Gabe Vincent,28.0,11,217.635,9,21,0,9,34
2023-24,202066,Garrett Temple,38.0,27,288.75333333333333,45,28,3,12,88
2023-24,1629726,Garrison Mathews,27.0,66,992.1216666666667,92,37,8,20,325
2023-24,203914,Gary Harris,29.0,54,1297.3466666666666,91,87,14,49,372
2023-24,1627780,Gary Payton II,31.0,44,679.9,113,48,18,39,240
2023-24,1629018,Gary Trent Jr.,25.0,71,1993.5983333333334,188,119,10,77,974
2023-24,1627777,Georges Niang,31.0,82,1831.125,278,98,18,30,768
2023-24,203507,Giannis Antetokounmpo,29.0,73,2567.2433333333333,841,476,79,87,2222
2023-24,1629048,Goga Bitadze,24.0,62,957.0866666666667,286,79,72,32,311
2023-24,202330,Gordon Hayward,34.0,51,1245.25,181,158,13,40,500
2023-24,1641711,Gradey Dick,20.0,60,1267.6683333333333,132,68,2,34,510
2023-24,1629684,Grant Williams,25.0,76,2129.56,318,174,39,44,784
2023-24,1628960,Grayson Allen,28.0,75,2513.3,295,227,45,69,1014
2023-24,1630535,Greg Brown III,22.0,6,39.74333333333333,9,4,4,0,15
2023-24,1630611,Gui Santos,22.0,23,192.09,49,14,2,4,82
2023-24,1628977,Hamidou Diallo,25.0,2,4.75,2,1,0,2,2
2023-24,203084,Harrison Barnes,32.0,82,2380.87,249,99,12,54,1000
2023-24,1628385,Harry Giles III,26.0,23,99.92,30,6,3,2,56
2023-24,1629312,Haywood Highsmith,27.0,66,1365.835,210,70,30,53,405
2023-24,1630929,Henri Drell,24.0,4,29.916666666666668,4,4,1,2,11
2023-24,1630529,Herbert Jones,25.0,76,2321.4283333333333,272,199,62,105,837
2023-24,1641816,Hunter Tyson,24.0,18,47.97666666666667,9,2,0,1,20
2023-24,1630641,Ibou Badji,21.0,22,225.81833333333333,51,13,20,3,34
2023-24,1630193,Immanuel Quickley,25.0,68,1985.3366666666666,259,331,10,50,1156
2023-24,1630171,Isaac Okoro,23.0,69,1887.0566666666666,206,132,34,57,647
2023-24,1628392,Isaiah Hartenstein,26.0,75,1896.3483333333334,626,188,85,87,582
2023-24,1630543,Isaiah Jackson,22.0,60,770.905,238,50,61,34,383
2023-24,1630198,Isaiah Joe,24.0,78,1444.8666666666666,180,99,22,46,636
2023-24,1630587,Isaiah Livers,25.0,23,469.39666666666665,48,25,5,13,114
2023-24,1630600,Isaiah Mobley,24.0,10,71.92166666666667,10,6,0,2,23
2023-24,1630191,Isaiah Stewart,23.0,46,1422.8166666666666,305,73,38,17,503
2023-24,202738,Isaiah Thomas,35.0,6,19.383333333333333,0,3,0,0,8
2023-24,1631209,Isaiah Wong,23.0,1,4.283333333333333,0,0,0,0,2
2023-24,202397,Ish Smith,35.0,43,740.8466666666667,76,145,4,17,139
2023-24,1630688,Ish Wainright,29.0,11,62.39,14,1,1,4,23
2023-24,1627826,Ivica Zubac,27.0,68,1794.4483333333333,626,93,83,22,794
2023-24,1631167,Izaiah Brockington,24.0,1,3.3833333333333333,2,0,0,0,4
2023-24,1631120,JD Davison,21.0,8,39.01,10,10,1,1,16
2023-24,1630550,JT Thor,21.0,63,780.6266666666667,146,29,27,11,199
2023-24,1629630,Ja Morant,24.0,9,317.925,50,73,5,7,226
2023-24,201580,JaVale McGee,36.0,46,339.3616666666667,126,17,20,14,185
2023-24,1631095,Jabari Smith Jr.,21.0,76,2423.845,616,121,61,52,1044
2023-24,1631133,Jabari Walker,21.0,72,1700.5733333333333,508,71,22,42,638
2023-24,1631298,Jack White,26.0,4,63.64833333333333,12,1,1,4,6
2023-24,1631367,Jacob Gilyard,25.0,41,698.405,46,137,5,33,173
2023-24,1631210,Jacob Toppin,24.0,9,38.151666666666664,7,3,1,0,13
2023-24,1630702,Jaden Hardy,21.0,73,989.2133333333334,131,109,4,22,530
2023-24,1631093,Jaden Ivey,22.0,77,2217.4766666666665,264,296,41,57,1185
2023-24,1630183,Jaden McDaniels,23.0,72,2105.4533333333334,224,101,42,63,757
2023-24,1630531,Jaden Springer,21.0,49,506.995,78,44,15,36,163
2023-24,203109,Jae Crowder,33.0,50,1155.6983333333333,161,66,9,38,312
2023-24,1630256,Jae'Sean Tate,28.0,65,1031.4566666666667,197,64,15,42,265
2023-24,1630186,Jahmi'us Ramsey,23.0,7,121.085,22,8,0,7,47
2023-24,1631170,Jaime Jaquez Jr.,23.0,75,2113.195,285,195,20,77,889
2023-24,1631222,Jake LaRavia,22.0,35,805.55,128,58,12,29,379
2023-24,1627751,Jakob Poeltl,28.0,50,1319.1083333333333,429,127,76,35,555
2023-24,1628973,Jalen Brunson,27.0,77,2726.3033333333333,278,519,13,70,2212
2023-24,1630622,Jalen Crutcher,24.0,1,2.65,0,0,0,0,0
2023-24,1631105,Jalen Duren,20.0,61,1777.4816666666666,709,147,47,33,841
2023-24,1630224,Jalen Green,22.0,82,2601.3816666666667,423,291,28,66,1610
2023-24,1641720,Jalen Hood-Schifino,21.0,21,108.98333333333333,13,8,2,3,34
2023-24,1630552,Jalen Johnson,22.0,56,1888.8666666666666,488,203,47,67,896
2023-24,1629667,Jalen McDaniels,26.0,50,538.0066666666667,79,37,6,19,169
2023-24,1629618,Jalen Pickett,24.0,27,121.78833333333333,14,21,0,4,42
2023-24,1641771,Jalen Slawson,24.0,12,36.975,7,2,1,1,8
2023-24,1630188,Jalen Smith,24.0,61,1046.625,337,63,38,17,601
2023-24,1630591,Jalen Suggs,23.0,75,2024.59,229,205,47,106,943
2023-24,1631114,Jalen Williams,23.0,71,2223.5983333333334,282,322,45,80,1355
2023-24,1630592,Jalen Wilson,23.0,43,664.5366666666666,131,45,4,11,214
2023-24,1631288,Jamal Cain,25.0,26,259.09166666666664,37,10,5,10,97
2023-24,1627750,Jamal Murray,27.0,59,1861.37,242,384,39,57,1250
2023-24,1631123,Jamaree Bouyea,25.0,9,94.9,19,11,0,1,21
2023-24,1630547,James Bouknight,23.0,14,80.9,9,6,1,1,50
2023-24,201935,James Harden,34.0,72,2469.6683333333335,369,614,57,77,1192
2023-24,201949,James Johnson,37.0,9,47.195,4,8,1,5,8
2023-24,1630164,James Wiseman,23.0,63,1091.0433333333333,336,54,39,12,446
2023-24,1641716,Jarace Walker,20.0,33,340.42333333333335,63,40,11,15,120
2023-24,1630215,Jared Butler,23.0,40,565.6516666666666,58,126,8,29,251
2023-24,1631197,Jared Rhoden,24.0,17,245.01666666666668,33,14,13,3,83
2023-24,1628991,Jaren Jackson Jr.,24.0,66,2124.18,365,154,106,80,1486
2023-24,1629020,Jarred Vanderbilt,25.0,29,581.2366666666667,138,36,5,36,150
2023-24,1628386,Jarrett Allen,26.0,77,2442.0616666666665,811,210,81,53,1271
2023-24,1630554,Jason Preston,24.0,7,71.13333333333334,17,16,1,2,12
2023-24,1631241,Javon Freeman-Liberty,24.0,22,403.03833333333336,70,40,4,10,153
2023-24,1629750,Javonte Green,30.0,9,230.4,67,5,8,10,110
2023-24,1630606,Javonte Smart,25.0,1,0.6666666666666666,0,0,0,0,0
2023-24,1629637,Jaxson Hayes,24.0,70,877.1333333333333,211,33,29,34,303
2023-24,1630643,Jay Huff,26.0,20,49.325,11,2,3,2,23
2023-24,1627759,Jaylen Brown,27.0,70,2342.5216666666665,387,249,37,83,1610
2023-24,1629669,Jaylen Nowell,24.0,13,213.76333333333332,24,19,2,4,81
2023-24,1631119,Jaylin Williams,22.0,69,896.9466666666667,234,110,27,28,276
2023-24,1628369,Jayson Tatum,26.0,74,2645.213333333333,601,364,43,75,1987
2023-24,1630288,Jeff Dowtin Jr.,27.0,12,142.01666666666668,20,27,1,7,52
2023-24,201145,Jeff Green,37.0,78,1307.3383333333334,178,70,31,16,509
2023-24,203924,Jerami Grant,30.0,54,1830.1866666666667,191,152,34,45,1132
2023-24,1630526,Jeremiah Robinson-Earl,23.0,39,334.31333333333333,76,21,4,10,115
2023-24,1631110,Jeremy Sochan,21.0,74,2193.095,476,249,40,62,861
2023-24,1630579,Jericho Sims,25.0,45,584.7833333333333,147,25,19,8,92
2023-24,1631257,Jermaine Samuels Jr.,25.0,14,60.13166666666667,13,3,2,1,20
2023-24,1629010,Jerome Robinson,27.0,22,80.71666666666667,6,5,3,1,31
2023-24,1641724,Jett Howard,20.0,18,66.51666666666667,7,6,2,2,29
2023-24,1628975,Jevon Carter,28.0,72,1003.6016666666667,60,94,16,37,357
2023-24,202710,Jimmy Butler III,34.0,60,2042.0583333333334,318,298,17,79,1246
2023-24,1629111,Jock Landale,28.0,56,763.46,172,65,33,20,274
2023-24,203925,Joe Harris,32.0,16,169.97833333333332,13,10,2,3,39
2023-24,204060,Joe Ingles,36.0,68,1169.0316666666668,142,203,5,43,296
2023-24,203954,Joel Embiid,30.0,39,1309.3716666666667,430,219,66,46,1353
2023-24,1628381,John Collins,26.0,68,1901.06,575,77,61,40,1027
2023-24,1629723,John Konchar,28.0,55,1173.5733333333333,257,110,51,51,235
2023-24,1631098,Johnny Davis,22.0,50,613.48,72,32,10,18,152
2023-24,1630548,Johnny Juzang,23.0,20,371.80333333333334,36,23,2,4,144
2023-24,202685,Jonas Valančiūnas,32.0,82,1924.8316666666667,721,173,68,33,1002
2023-24,1628371,Jonathan Isaac,26.0,58,914.61,260,30,70,43,393
2023-24,1630228,Jonathan Kuminga,21.0,74,1949.5133333333333,355,163,36,55,1188
2023-24,1629007,Jontay Porter,24.0,26,359.73833333333334,82,60,20,20,115
2023-24,203903,Jordan Clarkson,32.0,55,1682.3416666666667,188,277,6,35,942
2023-24,1630259,Jordan Ford,26.0,6,21.816666666666666,2,2,0,0,12
2023-24,1630692,Jordan Goodwin,25.0,57,1055.77,253,155,18,48,368
2023-24,1641722,Jordan Hawkins,22.0,67,1160.58,148,70,7,19,524
2023-24,1629162,Jordan McLaughlin,28.0,56,626.12,72,110,7,35,195
2023-24,1641757,Jordan Miller,24.0,8,28.191666666666666,5,0,0,0,13
2023-24,1629670,Jordan Nwora,25.0,52,711.3933333333333,149,62,13,26,364
2023-24,1629673,Jordan Poole,25.0,78,2345.555,212,343,25,86,1356
2023-24,1641775,Jordan Walsh,20.0,9,83.47333333333333,20,5,1,5,15
2023-24,1630631,Jose Alvarado,26.0,56,1028.37,128,117,15,59,397
2023-24,1630581,Josh Giddey,21.0,80,2011.5583333333334,514,386,44,52,986
2023-24,1630182,Josh Green,23.0,57,1504.72,184,130,9,47,469
2023-24,1628404,Josh Hart,29.0,81,2706.7716666666665,675,331,23,75,761
2023-24,1631169,Josh Minott,21.0,32,91.42833333333333,17,8,5,5,50
2023-24,1629006,Josh Okogie,25.0,60,959.715,154,64,24,48,277
2023-24,1626196,Josh Richardson,30.0,43,1102.83,121,105,14,24,425
2023-24,1630563,Joshua Primo,21.0,2,10.266666666666667,1,0,1,0,2
2023-24,201950,Jrue Holiday,34.0,69,2263.278333333333,373,333,53,61,860
2023-24,1629308,Juan Toscano-Anderson,31.0,11,52.663333333333334,14,4,1,1,7
2023-24,1631262,Jules Bernard,24.0,19,149.275,26,16,1,3,74
2023-24,1630577,Julian Champagnie,23.0,74,1467.875,206,103,42,48,504
2023-24,1641763,Julian Phillips,20.0,40,322.55,36,13,7,7,89
2023-24,1631124,Julian Strawther,22.0,50,545.415,61,47,7,17,227
2023-24,203944,Julius Randle,29.0,46,1630.095,423,229,12,25,1102
2023-24,1630551,Justin Champagnie,23.0,15,234.83833333333334,53,19,9,10,89
2023-24,203200,Justin Holiday,35.0,58,862.0133333333333,71,67,9,36,234
2023-24,1628382,Justin Jackson,29.0,2,0.7,0,0,0,0,0
2023-24,1631303,Justin Minaya,25.0,34,380.98333333333335,56,21,10,9,61
2023-24,203994,Jusuf Nurkić,29.0,76,2078.035,837,301,80,81,829
2023-24,1630231,KJ Martin,23.0,60,746.495,131,51,12,22,224
2023-24,1629232,Kaiser Gates,27.0,1,7.433333333333334,1,0,0,0,0
2023-24,1626157,Karl-Anthony Towns,28.0,62,2025.565,515,189,41,43,1349
2023-24,202695,Kawhi Leonard,33.0,68,2330.04,416,244,59,111,1613
2023-24,1631099,Keegan Murray,23.0,77,2588.5666666666666,420,129,59,79,1172
2023-24,1628966,Keita Bates-Diop,28.0,53,664.59,110,38,22,25,197
2023-24,1629640,Keldon Johnson,24.0,69,2038.3616666666667,377,195,20,51,1084
2023-24,203482,Kelly Olynyk,33.0,78,1758.73,411,347,30,74,762
2023-24,1626162,Kelly Oubre Jr.,28.0,68,2055.32,341,101,47,77,1049
2023-24,1631112,Kendall Brown,21.0,15,62.50833333333333,5,5,0,0,21
2023-24,1631254,Kenneth Lofton Jr.,21.0,21,198.30166666666668,38,33,5,6,96
2023-24,1629026,Kenrich Williams,29.0,69,1029.0066666666667,209,93,9,38,325
2023-24,203484,Kentavious Caldwell-Pope,31.0,76,2401.7566666666667,183,183,42,98,766
2023-24,1631165,Keon Ellis,24.0,57,978.485,124,85,29,51,310
2023-24,1630553,Keon Johnson,22.0,5,61.401666666666664,7,3,1,3,31
2023-24,1630556,Kessler Edwards,23.0,54,274.7416666666667,42,15,4,10,93
2023-24,201142,Kevin Durant,35.0,75,2790.6366666666668,495,378,91,69,2032
2023-24,1628989,Kevin Huerter,25.0,64,1562.2266666666667,224,166,23,45,655
2023-24,1628995,Kevin Knox II,24.0,31,560.2333333333333,75,23,7,13,223
2023-24,201567,Kevin Love,35.0,55,924.2633333333333,338,115,10,18,485
2023-24,1630284,Kevon Harris,27.0,2,6.05,2,1,0,0,4
2023-24,1626172,Kevon Looney,28.0,74,1194.4283333333333,419,133,29,28,334
2023-24,1641749,Keyontae Johnson,24.0,9,66.2,10,4,0,1,11
2023-24,1641718,Keyonte George,20.0,75,2022.5766666666666,211,332,7,36,974
2023-24,203114,Khris Middleton,32.0,55,1487.27,257,292,15,51,828
2023-24,1630165,Killian Hayes,22.0,42,1007.6583333333333,119,205,20,36,289
2023-24,1630184,Kira Lewis Jr.,23.0,28,264.2366666666667,26,37,2,9,89
2023-24,202691,Klay Thompson,34.0,77,2284.1683333333335,254,176,35,50,1375
2023-24,1641738,Kobe Brown,24.0,44,393.99833333333333,62,25,6,12,89
2023-24,1641723,Kobe Bufkin,20.0,17,196.00333333333333,33,27,5,7,81
2023-24,1628424,Kobi Simmons,26.0,4,67.43333333333334,7,12,2,6,20
2023-24,1627739,Kris Dunn,30.0,66,1249.1766666666667,189,254,28,68,357
2023-24,1631200,Kris Murray,23.0,62,1348.2716666666668,224,80,21,53,376
2023-24,204001,Kristaps Porziņģis,28.0,57,1689.9483333333333,409,115,111,42,1145
2023-24,203937,Kyle Anderson,30.0,79,1781.8816666666667,273,331,47,71,506
2023-24,1628398,Kyle Kuzma,28.0,70,2281.141666666667,464,296,49,37,1553
2023-24,200768,Kyle Lowry,38.0,60,1689.7666666666667,194,253,21,59,487
2023-24,202681,Kyrie Irving,32.0,58,2029.6083333333333,290,299,28,74,1487
2023-24,1630163,LaMelo Ball,22.0,22,711.35,113,176,4,40,526
2023-24,1630205,Lamar Stevens,26.0,38,559.0133333333333,127,28,22,23,272
2023-24,1629013,Landry Shamet,27.0,46,726.4966666666667,62,54,10,25,327
2023-24,1626204,Larry Nance Jr.,31.0,61,1216.1383333333333,307,113,19,61,350
2023-24,1628374,Lauri Markkanen,27.0,55,1819.7466666666667,449,110,26,50,1278
2023-24,2544,LeBron James,39.0,71,2503.6833333333334,518,589,38,89,1822
2023-24,1641778,Leaky Black,25.0,26,284.08166666666665,48,24,11,8,69
2023-24,1631159,Leonard Miller,20.0,17,52.4,20,8,1,2,29
2023-24,1631311,Lester Quinones,23.0,37,394.455,72,36,2,6,164
2023-24,1629623,Lindell Wigginton,26.0,3,7.63,0,0,0,0,6
2023-24,1630322,Lindy Waters III,26.0,38,280.2083333333333,40,24,7,5,137
2023-24,1629022,Lonnie Walker IV,25.0,58,1011.14,127,74,20,32,565
2023-24,1629652,Luguentz Dort,25.0,79,2245.971666666667,284,113,47,71,860
2023-24,1629029,Luka Dončić,25.0,70,2624.04,647,686,38,99,2370
2023-24,1630568,Luka Garza,25.0,25,121.84,31,4,1,4,99
2023-24,1629677,Luka Samanic,24.0,43,404.37666666666667,102,19,7,5,177
2023-24,1628379,Luke Kennard,28.0,39,999.0466666666666,113,136,2,20,429
2023-24,1628436,Luke Kornet,28.0,63,983.31,261,67,61,23,334
2023-24,1630201,Malachi Flynn,26.0,69,876.9216666666666,114,130,8,38,380
2023-24,1631103,Malaki Branham,21.0,75,1594.3266666666666,148,156,8,27,690
2023-24,1627763,Malcolm Brogdon,31.0,39,1120.8166666666666,148,214,8,27,613
2023-24,1630608,Malcolm Cazalon,22.0,1,2.5833333333333335,0,0,0,0,0
2023-24,1627736,Malik Beasley,27.0,79,2337.3716666666664,290,108,9,59,889
2023-24,1628370,Malik Monk,26.0,72,1872.3066666666666,212,370,39,45,1110
2023-24,1642013,Malik Williams,25.0,7,106.50833333333334,38,2,4,3,19
2023-24,1629603,Mamadi Diakite,27.0,6,24.435,4,2,1,1,12
2023-24,1641970,Maozinha Pereira,23.0,7,121.63333333333334,37,2,4,6,48
2023-24,1630699,MarJon Beauchamp,23.0,48,607.6883333333334,99,31,7,13,211
2023-24,202694,Marcus Morris Sr.,34.0,49,816.9766666666667,134,36,13,15,316
2023-24,1631204,Marcus Sasser,23.0,71,1351.11,125,236,12,44,586
2023-24,203935,Marcus Smart,30.0,20,604.845,53,86,5,41,289
2023-24,1631109,Mark Williams,22.0,19,508.39166666666665,184,22,20,16,242
2023-24,1628365,Markelle Fultz,26.0,43,909.9383333333334,138,120,15,42,335
2023-24,202693,Markieff Morris,34.0,26,216.38833333333332,39,16,3,5,66
2023-24,1641806,Markquis Nowell,24.0,1,3.5166666666666666,2,2,0,1,2
2023-24,1629716,Marques Bolden,26.0,11,121.28,34,4,7,3,37
2023-24,1628963,Marvin Bagley III,25.0,50,1053.3516666666667,312,55,33,20,583
2023-24,1630222,Mason Jones,25.0,5,27.683333333333334,5,5,0,1,7
2023-24,203486,Mason Plumlee,34.0,46,673.9266666666666,234,55,17,14,244
2023-24,1629680,Matisse Thybulle,27.0,65,1487.3833333333334,136,90,49,113,354
2023-24,1630562,Matt Hurt,24.0,8,113.23833333333333,16,4,3,3,32
2023-24,1630346,Matt Ryan,27.0,28,390.385,40,18,1,6,152
2023-24,1631108,Max Christie,21.0,67,944.3183333333334,142,60,17,20,284
2023-24,1629622,Max Strus,28.0,70,2239.175,338,283,29,64,853
2023-24,1628467,Maxi Kleber,32.0,43,871.4116666666666,143,68,30,17,191
2023-24,1641721,Maxwell Lewis,21.0,34,102.825,4,6,1,2,11
2023-24,1630695,Micah Potter,26.0,16,186.06,43,6,6,4,53
2023-24,1629008,Michael Porter Jr.,26.0,81,2564.605,565,122,53,42,1356
2023-24,1628969,Mikal Bridges,27.0,82,2854.24,372,299,30,81,1606
2023-24,201144,Mike Conley,36.0,76,2193.4583333333335,218,449,17,88,869
2023-24,203488,Mike Muscala,33.0,53,600.18,125,37,13,9,157
2023-24,1628970,Miles Bridges,26.0,69,2581.116666666667,505,231,33,65,1449
2023-24,1630540,Miles McBride,23.0,68,1327.74,100,114,7,50,562
2023-24,1629011,Mitchell Robinson,26.0,31,768.11,263,18,35,37,173
2023-24,1628964,Mo Bamba,26.0,57,740.3516666666667,238,41,60,22,253
2023-24,1628420,Monte Morris,29.0,33,476.04333333333335,57,69,9,19,164
2023-24,1629021,Moritz Wagner,27.0,80,1414.7366666666667,347,96,21,39,868
2023-24,1629650,Moses Brown,24.0,22,199.97833333333332,86,7,7,5,75
2023-24,1630541,Moses Moody,22.0,66,1155.885,196,57,24,42,533
2023-24,1631338,Mouhamadou Gueye,25.0,11,119.94166666666666,23,5,18,3,26
2023-24,1631243,Mouhamed Gueye,21.0,6,72.8,22,4,4,5,24
2023-24,1631217,Moussa Diabaté,22.0,11,64.23833333333333,24,4,1,5,29
2023-24,1626167,Myles Turner,28.0,77,2076.4366666666665,533,100,144,39,1313
2023-24,1630230,Naji Marshall,26.0,66,1257.1233333333332,240,128,12,49,466
2023-24,1629642,Nassir Little,24.0,45,458.28333333333336,75,21,10,10,152
2023-24,1630207,Nate Hinton,25.0,15,74.55166666666666,22,10,2,3,33
2023-24,1631466,Nate Williams,25.0,22,129.385,23,7,1,4,63
2023-24,1641877,Nathan Mensah,26.0,25,306.64166666666665,65,9,14,6,33
2023-24,1629675,Naz Reid,24.0,81,1963.8283333333334,423,106,73,63,1090
2023-24,1629674,Neemias Queta,24.0,28,333.21666666666664,122,20,21,13,154
2023-24,1629651,Nic Claxton,25.0,71,2115.6633333333334,706,147,146,46,841
2023-24,1630208,Nick Richards,26.0,67,1758.7366666666667,539,54,74,26,652
2023-24,1641733,Nick Smith Jr.,20.0,51,728.71,72,59,7,10,302
2023-24,1629638,Nickeil Alexander-Walker,25.0,82,1920.9183333333333,167,204,42,64,655
2023-24,201587,Nicolas Batum,35.0,60,1529.5866666666666,248,128,38,48,320
2023-24,203999,Nikola Jokić,29.0,79,2736.5333333333333,976,708,68,108,2085
2023-24,1631107,Nikola Jović,21.0,46,896.2366666666667,192,90,14,25,352
2023-24,202696,Nikola Vučević,33.0,76,2609.5016666666666,801,254,60,50,1370
2023-24,1641730,Noah Clowney,19.0,23,369.85833333333335,81,18,16,8,133
2023-24,1626181,Norman Powell,31.0,76,1990.3783333333333,195,82,22,43,1056
2023-24,1628384,OG Anunoby,26.0,50,1702.035,208,107,36,68,733
2023-24,1630167,Obi Toppin,26.0,82,1730.6016666666667,320,128,43,47,843
2023-24,1630534,Ochai Agbaji,24.0,78,1641.6116666666667,216,83,44,47,455
2023-24,1630846,Olivier Sarr,25.0,15,98.20166666666667,36,2,7,0,34
2023-24,1641765,Olivier-Maxence Prosper,21.0,40,336.21166666666664,79,22,4,7,121
2023-24,1630209,Omer Yurtseven,26.0,48,545.1016666666667,208,29,18,8,222
2023-24,1641931,Onuralp Bitim,25.0,23,267.9916666666667,32,13,2,3,80
2023-24,1630168,Onyeka Okongwu,23.0,55,1404.7366666666667,376,74,60,26,561
2023-24,1631115,Orlando Robinson,23.0,36,303.69,84,34,8,7,99
2023-24,1631131,Oscar Tshiebwe,24.0,8,41.916666666666664,16,2,1,2,26
2023-24,1629052,Oshae Brissett,26.0,55,630.165,160,44,8,19,201
2023-24,203490,Otto Porter Jr.,31.0,15,174.07333333333332,29,8,5,5,39
2023-24,1631172,Ousmane Dieng,21.0,33,364.9533333333333,51,37,5,8,133
2023-24,200782,P.J. Tucker,39.0,31,486.31333333333333,85,16,7,16,52
2023-24,1629023,P.J. Washington,25.0,73,2220.6783333333333,411,141,59,72,939
2023-24,1631094,Paolo Banchero,21.0,80,2798.701666666667,554,431,47,71,1804
2023-24,1627783,Pascal Siakam,30.0,80,2657.8883333333333,565,342,25,63,1737
2023-24,1626192,Pat Connaughton,31.0,76,1676.28,239,161,19,40,428
2023-24,1630311,Pat Spencer,27.0,6,25.65,4,5,0,0,4
2023-24,1631116,Patrick Baldwin Jr.,21.0,38,493.5083333333333,123,29,15,18,168
2023-24,201976,Patrick Beverley,35.0,73,1462.5116666666668,239,212,31,43,451
2023-24,1630172,Patrick Williams,22.0,43,1174.085,166,66,33,40,429
2023-24,201988,Patty Mills,35.0,32,415.315,35,34,1,20,127
2023-24,202331,Paul George,34.0,74,2501.766666666667,388,262,37,113,1671
2023-24,1630194,Paul Reed,25.0,82,1589.5016666666668,488,109,84,67,600
2023-24,1630202,Payton Pritchard,26.0,82,1825.7333333333333,265,281,6,39,787
2023-24,1631250,Pete Nance,24.0,8,27.35,3,0,0,1,3
2023-24,1631212,Peyton Watson,21.0,80,1487.8366666666666,258,86,88,42,532
2023-24,1630173,Precious Achiuwa,24.0,74,1623.7533333333333,487,97,68,46,565
2023-24,1629656,Quentin Grimes,24.0,51,1024.9433333333334,100,66,7,35,359
2023-24,1631245,Quenton Jackson,25.0,3,10.533333333333333,4,2,0,1,2
2023-24,1630181,R.J. Hampton,23.0,8,76.02166666666666,6,8,0,0,10
2023-24,1629628,RJ Barrett,24.0,58,1838.1333333333334,315,193,22,31,1170
2023-24,1630564,RaiQuan Gray,24.0,3,39.03333333333333,7,6,1,1,23
2023-24,1641712,Rayan Rupert,20.0,39,633.225,92,62,3,12,155
2023-24,203493,Reggie Bullock Jr.,33.0,44,417.47333333333336,73,15,5,12,96
2023-24,202704,Reggie Jackson,34.0,82,1816.82,155,308,12,44,833
2023-24,1626158,Richaun Holmes,30.0,40,554.11,182,25,19,11,199
2023-24,1641741,Ricky Council IV,22.0,32,288.64,46,16,1,8,173
2023-24,203496,Robert Covington,33.0,29,488.415,97,24,18,39,127
2023-24,1629057,Robert Williams III,26.0,6,118.75,38,5,7,7,41
2023-24,201577,Robin Lopez,36.0,16,64.73,5,4,3,1,18
2023-24,1631199,Ron Harper Jr.,24.0,1,3.65,0,1,0,0,0
2023-24,1626220,Royce O'Neale,31.0,79,1954.2416666666666,377,219,44,59,608
2023-24,203497,Rudy Gobert,32.0,76,2593.1133333333332,982,102,162,52,1061
2023-24,1629060,Rui Hachimura,26.0,68,1825.4933333333333,294,81,25,41,923
2023-24,201566,Russell Westbrook,35.0,68,1528.8166666666666,343,306,23,74,754
2023-24,1627853,Ryan Arcidiacono,30.0,20,45.155,8,4,0,2,0
2023-24,1631157,Ryan Rollins,21.0,13,77.85,13,14,3,10,44
2023-24,1630240,Saben Lee,25.0,24,184.97166666666666,31,30,3,7,71
2023-24,1630180,Saddiq Bey,25.0,63,2061.6583333333333,411,92,11,51,863
2023-24,1630573,Sam Hauser,26.0,79,1740.585,276,82,25,40,712
2023-24,1630241,Sam Merrill,28.0,61,1068.9183333333333,120,108,4,19,485
2023-24,1630572,Sandro Mamukelashvili,25.0,46,450.9583333333333,147,49,12,7,190
2023-24,1630583,Santi Aldama,23.0,61,1618.0566666666666,352,138,54,43,654
2023-24,1628426,Sasha Vezenkov,28.0,42,511.0733333333333,96,19,7,20,225
2023-24,1630703,Scoot Henderson,20.0,62,1765.3933333333334,194,336,13,48,868
2023-24,1630567,Scottie Barnes,22.0,60,2094.2483333333334,494,363,88,75,1191
2023-24,1630590,Scotty Pippen Jr.,23.0,21,526.8283333333334,67,98,10,36,271
2023-24,203552,Seth Curry,33.0,44,615.4133333333333,68,44,6,22,226
2023-24,1641754,Seth Lundy,24.0,9,51.983333333333334,7,0,0,0,14
2023-24,1631101,Shaedon Sharpe,21.0,32,1059.0183333333334,160,94,12,28,510
2023-24,1628983,Shai Gilgeous-Alexander,25.0,75,2552.6866666666665,415,465,67,150,2254
2023-24,1629003,Shake Milton,27.0,48,581.16,75,60,6,19,216
2023-24,1627885,Shaquille Harrison,30.0,3,5.966666666666667,2,0,1,0,2
2023-24,1631321,Sidy Cissoko,20.0,12,140.91833333333332,22,10,3,7,45
2023-24,1631323,Simone Fontecchio,28.0,66,1643.8933333333334,246,101,23,44,692
2023-24,1630219,Skylar Mays,26.0,38,433.27166666666665,43,85,4,21,155
2023-24,203915,Spencer Dinwiddie,31.0,76,2152.4083333333333,205,356,22,51,795
2023-24,1630649,Stanley Umude,25.0,24,307.12166666666667,51,11,7,8,127
2023-24,201939,Stephen Curry,36.0,74,2421.5383333333334,330,379,28,54,1956
2023-24,1629004,Svi Mykhailiuk,27.0,41,413.16333333333336,51,35,1,11,162
2023-24,204456,T.J. McConnell,32.0,71,1290.9766666666667,191,390,8,72,727
2023-24,203933,T.J. Warren,30.0,11,124.67333333333333,22,9,1,4,41
2023-24,201959,Taj Gibson,39.0,20,204.50333333333333,37,11,7,3,34
2023-24,1629659,Talen Horton-Tucker,23.0,51,1008.6983333333334,121,177,19,45,516
2023-24,1631106,Tari Eason,23.0,22,480.105,153,27,19,31,215
2023-24,1627752,Taurean Prince,30.0,78,2107.6216666666664,230,119,35,58,697
2023-24,1641707,Taylor Hendricks,20.0,40,856.4316666666666,185,32,30,28,292
2023-24,1631386,Taze Moore,26.0,4,40.333333333333336,8,5,0,2,18
2023-24,1629611,Terance Mann,27.0,75,1872.8916666666667,254,119,15,43,658
2023-24,1631173,Terquavion Smith,21.0,16,84.49666666666667,4,12,0,8,52
2023-24,1626179,Terry Rozier,30.0,61,2040.3816666666667,247,342,21,63,1205
2023-24,1630678,Terry Taylor,24.0,31,187.63,37,10,2,5,46
2023-24,201152,Thaddeus Young,36.0,33,439.50166666666667,103,57,5,23,137
2023-24,203648,Thanasis Antetokounmpo,31.0,34,155.43166666666667,13,17,4,7,32
2023-24,1630177,Theo Maledon,23.0,17,213.19666666666666,24,28,0,7,59
2023-24,1628418,Thomas Bryant,26.0,38,441.365,141,23,16,10,217
2023-24,203501,Tim Hardaway Jr.,32.0,79,2120.3283333333334,254,139,6,42,1139
2023-24,1641851,Timmy Allen,24.0,5,125.45166666666667,17,5,0,4,13
2023-24,202699,Tobias Harris,31.0,70,2367.78,453,217,46,70,1204
2023-24,1628470,Torrey Craig,33.0,53,1048.6016666666667,217,58,21,30,303
2023-24,1641787,Tosan Evbuomwan,23.0,17,366.5783333333333,60,16,5,6,101
2023-24,1641739,Toumani Camara,24.0,70,1739.32,343,87,33,66,527
2023-24,1629027,Trae Young,25.0,54,1941.7133333333334,149,583,11,72,1389
2023-24,1631218,Trayce Jackson-Davis,24.0,68,1130.4516666666666,341,82,76,29,540
2023-24,1630200,Tre Jones,24.0,77,2138.18,289,478,9,78,771
2023-24,1630544,Tre Mann,23.0,41,987.0983333333334,149,165,3,51,382
2023-24,1630570,Trendon Watford,23.0,63,856.52,194,81,19,23,432
2023-24,1630235,Trent Forrest,26.0,38,413.76166666666666,51,92,3,11,83
2023-24,1630243,Trevelin Queen,27.0,14,164.72666666666666,20,18,5,7,40
2023-24,1641998,Trey Jemison III,24.0,25,573.985,134,27,28,12,171
2023-24,1626168,Trey Lyles,28.0,58,1158.2183333333332,257,72,19,17,419
2023-24,1630530,Trey Murphy III,24.0,57,1690.265,280,124,28,51,842
2023-24,202684,Tristan Thompson,33.0,49,548.9166666666666,174,51,14,12,161
2023-24,1641774,Tristan Vukcevic,21.0,10,153.41166666666666,36,13,7,5,85
2023-24,1628972,Troy Brown Jr.,24.0,59,826.5116666666667,144,60,3,24,247
2023-24,1629660,Ty Jerome,26.0,2,14.816666666666666,1,3,0,0,4
2023-24,1631102,TyTy Washington Jr.,22.0,11,55.92166666666667,5,5,0,3,14
2023-24,1629639,Tyler Herro,24.0,42,1407.105,222,188,3,30,875
2023-24,1630169,Tyrese Haliburton,24.0,69,2223.5383333333334,271,752,48,83,1389
2023-24,1630178,Tyrese Maxey,23.0,70,2625.806666666667,258,433,33,69,1816
2023-24,1626145,Tyus Jones,28.0,66,1932.6666666666667,179,485,18,71,790
2023-24,1628962,Udoka Azubuike,24.0,16,112.82833333333333,32,3,6,1,35
2023-24,1630586,Usman Garuba,22.0,6,17.783333333333335,7,1,3,1,3
2023-24,203995,Vasilije Micic,30.0,60,1175.73,88,262,7,31,422
2023-24,1641705,Victor Wembanyama,20.0,71,2106.235,755,274,254,88,1522
2023-24,1631246,Vince Williams Jr.,23.0,52,1436.53,290,175,34,47,521
2023-24,1630249,Vít Krejčí,24.0,22,541.32,52,50,6,13,135
2023-24,1631117,Walker Kessler,22.0,64,1493.1066666666666,481,60,154,30,518
2023-24,1628976,Wendell Carter Jr.,25.0,55,1406.3033333333333,381,95,28,35,603
2023-24,1631111,Wendell Moore Jr.,22.0,25,75.13166666666666,12,6,1,5,18
2023-24,1629117,Wenyen Gabriel,27.0,5,81.01666666666667,25,3,2,2,17
2023-24,202083,Wesley Matthews,37.0,36,412.87,53,23,11,16,110
2023-24,1629875,Xavier Moon,29.0,14,119.25,18,21,3,3,33
2023-24,1630214,Xavier Tillman,25.0,54,974.555,211,77,44,51,284
2023-24,1629139,Yuta Watanabe,29.0,34,464.37333333333333,54,15,7,12,117
2023-24,1628380,Zach Collins,26.0,69,1525.7283333333332,370,194,52,34,776
2023-24,203897,Zach LaVine,29.0,25,871.8616666666667,129,98,8,21,487
2023-24,1630285,Zavier Simpson,27.0,7,161.38333333333333,20,25,3,7,42
2023-24,1630192,Zeke Nnaji,23.0,58,576.12,125,32,38,15,186
2023-24,1630533,Ziaire Williams,22.0,51,1037.6816666666666,180,75,9,36,420
2023-24,1629627,Zion Williamson,23.0,70,2206.923333333333,406,352,47,76,1601
2024-25,1630639,A.J. Lawson,24.0,26,486.41,86,31,6,13,236
2024-25,1631260,AJ Green,25.0,73,1659.1416666666667,174,108,7,37,541
2024-25,1642358,AJ Johnson,20.0,29,638.3866666666667,59,76,3,12,220
2024-25,203932,Aaron Gordon,29.0,51,1446.7166666666667,247,164,14,23,748
2024-25,1628988,Aaron Holiday,28.0,62,792.2466666666667,78,83,11,19,340
2024-25,1630174,Aaron Nesmith,25.0,45,1121.6183333333333,178,54,17,35,541
2024-25,1630598,Aaron Wiggins,26.0,76,1743.9,295,134,18,60,914
2024-25,1641745,Adam Flagler,25.0,37,202.965,27,12,3,8,65
2024-25,1641766,Adama Sanogo,23.0,4,21.498333333333335,6,1,0,0,8
2024-25,1641737,Adem Bona,22.0,58,904.55,245,27,69,26,337
2024-25,1642349,Ajay Mitchell,23.0,36,596.955,68,64,4,25,234
2024-25,201143,Al Horford,39.0,60,1658.5733333333333,369,128,51,36,538
2024-25,202692,Alec Burks,33.0,49,863.4966666666667,124,55,7,28,356
2024-25,1627936,Alex Caruso,31.0,54,1040.635,159,137,30,87,382
2024-25,1642505,Alex Ducas,24.0,21,125.34166666666667,26,5,0,5,36
2024-25,203458,Alex Len,32.0,46,379.79,95,38,21,9,74
2024-25,1642024,Alex Reese,26.0,15,216.04666666666665,47,4,10,10,76
2024-25,1642259,Alex Sarr,20.0,67,1814.2283333333332,435,161,101,44,869
2024-25,1631214,Alondes Williams,26.0,1,3.716666666666667,0,1,0,0,5
2024-25,1630578,Alperen Sengun,22.0,76,2394.9766666666665,786,372,61,84,1451
2024-25,1641708,Amen Thompson,22.0,69,2225.415,564,265,89,97,970
2024-25,1629599,Amir Coffey,28.0,72,1747.54,161,77,7,40,696
2024-25,203083,Andre Drummond,31.0,40,750.6333333333333,310,34,18,39,293
2024-25,1641748,Andre Jackson Jr.,23.0,67,980.0916666666667,182,83,14,34,230
2024-25,1629614,Andrew Nembhard,25.0,65,1880.67,216,326,11,79,653
2024-25,203952,Andrew Wiggins,30.0,60,1842.2816666666668,269,158,50,60,1078
2024-25,1629014,Anfernee Simons,26.0,70,2291.8983333333335,189,337,5,60,1348
2024-25,1641710,Anthony Black,21.0,78,1886.9933333333333,230,240,48,86,736
2024-25,203076,Anthony Davis,32.0,51,1705.4883333333332,590,181,110,59,1261
2024-25,1630162,Anthony Edwards,23.0,79,2871.0583333333334,450,359,51,91,2177
2024-25,1630264,Anthony Gill,32.0,51,397.575,66,16,2,9,129
2024-25,1641817,Anton Watson,24.0,9,22.166666666666668,3,2,0,1,8
2024-25,1641810,Antonio Reeves,24.0,44,659.5583333333333,63,39,4,21,305
2024-25,1630574,Ariel Hukporti,23.0,25,217.365,51,11,15,1,48
2024-25,1642422,Armel Traore,22.0,9,66.66666666666667,15,1,2,4,14
2024-25,1641709,Ausar Thompson,22.0,59,1327.715,303,134,40,98,594
2024-25,1630559,Austin Reaves,27.0,73,2550.0916666666667,329,421,22,81,1475
2024-25,1630245,Ayo Dosunmu,25.0,46,1393.8833333333334,161,208,18,43,566
2024-25,1628389,Bam Adebayo,27.0,78,2673.693333333333,749,337,53,98,1410
2024-25,1631248,Baylor Scheierman,24.0,31,383.8883333333333,65,33,2,17,113
2024-25,1641767,Ben Sheppard,23.0,63,1229.5583333333334,177,85,14,38,332
2024-25,1627732,Ben Simmons,28.0,51,1119.6933333333334,241,285,23,38,256
2024-25,1631097,Bennedict Mathurin,23.0,72,2149.318333333333,383,136,24,47,1156
2024-25,1641731,Bilal Coulibaly,20.0,59,1947.5066666666667,294,199,41,78,727
2024-25,202687,Bismack Biyombo,32.0,28,527.4866666666667,158,31,23,16,144
2024-25,1631104,Blake Wesley,22.0,58,683.1066666666667,61,114,6,37,217
2024-25,1626171,Bobby Portis,30.0,49,1243.68,411,104,26,35,680
2024-25,1641752,Bobi Klintman,22.0,8,42.38166666666667,7,7,1,2,15
2024-25,203992,Bogdan Bogdanović,32.0,54,1347.6583333333333,159,146,11,41,583
2024-25,1629626,Bol Bol,25.0,36,448.48333333333335,104,22,25,9,244
2024-25,1630538,Bones Hyland,24.0,24,238.77,25,32,4,18,149
2024-25,203078,Bradley Beal,32.0,53,1702.1916666666666,177,195,28,58,902
2024-25,1642382,Branden Carlson,26.0,32,246.40333333333334,54,14,21,5,122
2024-25,1641764,Brandin Podziemski,22.0,64,1716.3483333333334,325,220,13,69,747
2024-25,1630527,Brandon Boston,23.0,42,992.78,134,92,9,53,448
2024-25,1629634,Brandon Clarke,28.0,64,1206.8616666666667,326,66,36,52,534
2024-25,1627742,Brandon Ingram,27.0,18,595.0316666666666,100,93,11,16,400
2024-25,1641706,Brandon Miller,22.0,27,923.565,131,98,20,29,568
2024-25,1630314,Brandon Williams,25.0,33,487.13,58,76,5,24,275
2024-25,1630296,Braxton Key,28.0,3,10.825,2,0,0,2,3
2024-25,1641729,Brice Sensabaugh,21.0,71,1431.9216666666666,210,110,8,46,772
2024-25,1642355,Bronny James,20.0,27,181.24333333333334,18,22,3,9,62
2024-25,201572,Brook Lopez,37.0,80,2546.07,401,143,148,50,1041
2024-25,1628971,Bruce Brown,28.0,41,921.53,164,84,10,34,340
2024-25,1628981,Bruno Fernando,26.0,17,146.58,51,18,9,4,58
2024-25,1631121,Bryce McGowens,22.0,13,32.016666666666666,3,2,0,1,13
2024-25,1642267,Bub Carrington,19.0,82,2457.79,341,364,21,54,807
2024-25,1627741,Buddy Hield,32.0,82,1862.9883333333332,264,134,23,69,912
2024-25,203468,CJ McCollum,33.0,56,1831.6783333333333,212,227,24,46,1183
2024-25,1630595,Cade Cunningham,23.0,70,2451.9466666666667,425,638,53,71,1830
2024-25,1631216,Caleb Houstan,22.0,58,787.99,75,35,6,22,239
2024-25,1628997,Caleb Martin,29.0,45,1218.0166666666667,177,95,23,46,356
2024-25,1642353,Cam Christie,19.0,13,58.64833333333333,12,6,1,5,18
2024-25,1629629,Cam Reddish,25.0,33,589.45,66,22,10,33,105
2024-25,1642285,Cam Spencer,25.0,25,252.24333333333334,30,34,1,9,106
2024-25,1630560,Cam Thomas,23.0,25,781.1566666666666,83,94,2,15,599
2024-25,1641715,Cam Whitmore,20.0,51,826.585,151,49,13,31,477
2024-25,1629661,Cameron Johnson,29.0,57,1799.7633333333333,247,194,25,53,1070
2024-25,1626166,Cameron Payne,30.0,72,1089.9766666666667,104,203,16,39,500
2024-25,1627747,Caris LeVert,30.0,64,1596.1066666666666,203,215,33,57,776
2024-25,1641717,Cason Wallace,21.0,68,1876.26,229,173,35,120,568
2024-25,1629646,Charles Bassey,24.0,36,375.515,152,17,30,14,157
2024-25,1631096,Chet Holmgren,23.0,32,876.54,257,63,71,23,479
2024-25,1628449,Chris Boucher,32.0,50,862.3,224,33,25,24,502
2024-25,1630537,Chris Duarte,28.0,17,74.46833333333333,20,9,0,0,36
2024-25,1641753,Chris Livingston,21.0,21,105.81,35,5,0,5,30
2024-25,101108,Chris Paul,40.0,82,2292.1633333333334,296,605,22,103,723
2024-25,1631128,Christian Braun,24.0,79,2675.383333333333,410,205,37,85,1218
2024-25,1631132,Christian Koloko,25.0,37,341.53,92,16,16,8,90
2024-25,1629643,Chuma Okeke,26.0,9,196.68,47,15,4,5,53
2024-25,203991,Clint Capela,31.0,55,1176.4333333333334,469,62,53,34,488
2024-25,1629632,Coby White,25.0,74,2450.2566666666667,273,330,16,69,1509
2024-25,1628998,Cody Martin,29.0,53,1173.2066666666667,224,105,32,56,358
2024-25,1642262,Cody Williams,20.0,50,1059.6116666666667,113,59,16,23,230
2024-25,1641732,Colby Jones,23.0,39,514.6483333333333,87,44,13,26,157
2024-25,1630175,Cole Anthony,25.0,67,1234.1133333333332,204,191,32,45,630
2024-25,1631306,Cole Swider,26.0,10,169.5,27,3,2,4,59
2024-25,1630658,Colin Castleton,25.0,26,431.99,122,28,10,8,123
2024-25,1631221,Collin Gillespie,26.0,33,461.2183333333333,78,78,5,21,194
2024-25,1629012,Collin Sexton,26.0,63,1757.76,171,264,6,47,1159
2024-25,1630557,Corey Kispert,26.0,61,1601.5233333333333,181,103,14,26,705
2024-25,202709,Cory Joseph,33.0,50,611.7333333333333,74,72,4,26,177
2024-25,1641854,Craig Porter Jr.,25.0,51,513.265,67,71,15,17,188
2024-25,1642385,Cui Cui,22.0,5,10.318333333333333,2,0,0,0,3
2024-25,1626156,D'Angelo Russell,29.0,58,1480.4183333333333,162,297,23,56,732
2024-25,1630618,D.J. Carton,24.0,4,33.38666666666666,4,3,0,2,3
2024-25,1629610,DaQuan Jeffries,27.0,47,1071.5066666666667,135,53,25,26,315
2024-25,1631342,Daeqwon Plowden,26.0,6,71.55,11,2,0,0,43
2024-25,1630227,Daishen Nix,23.0,3,13.233333333333333,4,3,0,0,1
2024-25,1630625,Dalano Banton,25.0,67,1119.945,135,160,34,43,559
2024-25,1631207,Dalen Terry,22.0,73,987.1783333333333,124,97,15,44,326
2024-25,1642261,Dalton Knecht,24.0,78,1493.795,216,66,8,24,706
2024-25,203081,Damian Lillard,34.0,58,2092.87,272,410,10,70,1447
2024-25,1641878,Damion Baugh,24.0,15,370.48833333333334,50,56,2,15,109
2024-25,1627814,Damion Lee,32.0,25,144.01833333333335,20,11,0,6,83
2024-25,1629655,Daniel Gafford,26.0,57,1226.095,388,80,102,23,701
2024-25,1628464,Daniel Theis,33.0,38,621.2416666666667,164,60,20,18,162
2024-25,1642450,Daniss Jenkins,23.0,7,22.748333333333335,2,3,0,0,7
2024-25,203957,Dante Exum,29.0,20,372.31,33,56,3,12,174
2024-25,203967,Dario Saric,31.0,16,210.38333333333333,50,23,1,7,56
2024-25,1641727,Dariq Whitehead,20.0,20,246.07833333333335,29,12,1,6,114
2024-25,1629636,Darius Garland,25.0,75,2300.77,214,506,11,91,1544
2024-25,1630561,David Duke Jr.,25.0,6,33.71666666666667,5,4,0,1,16
2024-25,1631223,David Roddy,24.0,33,409.75333333333333,84,35,9,14,153
2024-25,1630558,Davion Mitchell,26.0,74,2027.3133333333333,167,363,16,72,588
2024-25,1630549,Day'Ron Sharpe,23.0,50,907.4583333333334,330,91,42,41,397
2024-25,1628368,De'Aaron Fox,27.0,62,2241.1366666666668,298,392,25,91,1459
2024-25,1629631,De'Andre Hunter,27.0,64,1740.015,258,92,13,50,1088
2024-25,1629001,De'Anthony Melton,27.0,6,120.98333333333333,20,17,2,7,62
2024-25,201599,DeAndre Jordan,36.0,56,690.7016666666667,284,53,27,16,209
2024-25,201942,DeMar DeRozan,35.0,77,2767.615,298,342,32,62,1710
2024-25,1629731,Dean Wade,28.0,59,1252.4516666666666,249,76,20,42,320
2024-25,1629028,Deandre Ayton,26.0,40,1205.62,406,64,39,31,576
2024-25,1627749,Dejounte Murray,28.0,31,1012.1483333333333,200,228,12,63,542
2024-25,1626153,Delon Wright,33.0,40,634.4966666666667,66,77,12,35,125
2024-25,1630166,Deni Avdija,24.0,72,2161.1483333333335,522,281,35,71,1219
2024-25,203471,Dennis Schröder,31.0,75,2104.778333333333,198,404,12,66,980
2024-25,1641726,Dereck Lively II,21.0,36,832.7366666666667,270,85,56,20,314
2024-25,1627884,Derrick Jones Jr.,28.0,77,1873.3883333333333,263,60,33,79,781
2024-25,1628401,Derrick White,30.0,76,2573.615,341,361,80,72,1248
2024-25,1630217,Desmond Bane,27.0,69,2205.225,418,369,28,80,1327
2024-25,1626164,Devin Booker,28.0,75,2794.9666666666667,305,529,16,67,1923
2024-25,1642269,Devin Carter,23.0,36,395.9433333333333,76,41,4,21,138
2024-25,1630170,Devin Vassell,24.0,64,1983.185,255,183,33,84,1041
2024-25,1628415,Dillon Brooks,29.0,75,2388.2616666666668,275,128,16,60,1053
2024-25,1641794,Dillon Jones,23.0,54,551.4933333333333,121,58,4,16,135
2024-25,1627734,Domantas Sabonis,29.0,70,2428.8766666666666,972,423,26,48,1337
2024-25,1631230,Dominick Barlow,22.0,35,374.99833333333333,85,19,16,9,148
2024-25,1642270,Donovan Clingan,21.0,67,1323.6433333333334,527,77,110,34,436
2024-25,1628378,Donovan Mitchell,28.0,71,2232.0333333333333,322,354,17,95,1701
2024-25,1628978,Donte DiVincenzo,28.0,62,1605.7333333333333,228,225,17,73,723
2024-25,1627827,Dorian Finney-Smith,32.0,63,1818.6783333333333,247,90,23,58,549
2024-25,203926,Doug McDermott,33.0,42,341.65166666666664,22,7,2,4,147
2024-25,203110,Draymond Green,35.0,68,1983.3066666666666,414,383,70,99,613
2024-25,1629234,Drew Eubanks,28.0,61,746.01,226,54,39,12,280
2024-25,1641809,Drew Peterson,25.0,25,186.14666666666668,40,13,2,5,54
2024-25,1631166,Drew Timme,24.0,9,253.87833333333333,65,20,1,4,109
2024-25,1630696,Dru Smith,27.0,14,268.205,36,23,6,21,87
2024-25,1629130,Duncan Robinson,31.0,74,1785.595,167,176,6,40,817
2024-25,1641871,Duop Reath,29.0,46,469.4266666666667,92,26,14,12,194
2024-25,203939,Dwight Powell,33.0,55,550.86,118,55,21,18,114
2024-25,1630700,Dyson Daniels,22.0,76,2571.17,449,333,55,229,1073
2024-25,1630604,E.J. Liddell,24.0,12,52.85666666666667,9,3,1,1,21
2024-25,203901,Elfrid Payton,31.0,24,510.805,79,166,11,24,85
2024-25,1641989,Elijah Harkless,25.0,10,138.0,21,8,1,10,32
2024-25,1641801,Emanuel Miller,25.0,6,24.733333333333334,8,2,0,1,10
2024-25,1641734,Emoni Bates,21.0,10,74.78333333333333,7,8,1,1,37
2024-25,1642402,Enrique Freeman,24.0,22,181.205,30,9,3,3,46
2024-25,201569,Eric Gordon,36.0,39,768.4916666666667,46,65,12,26,266
2024-25,1630596,Evan Mobley,24.0,71,2166.555,659,226,113,61,1316
2024-25,1630532,Franz Wagner,23.0,60,2023.3066666666666,342,284,21,75,1449
2024-25,1627832,Fred VanVleet,31.0,60,2111.298333333333,221,333,25,94,844
2024-25,1641713,GG Jackson,20.0,29,458.615,92,29,5,12,209
2024-25,1629216,Gabe Vincent,29.0,72,1527.265,92,98,13,51,460
2024-25,202066,Garrett Temple,39.0,28,226.76833333333335,29,31,2,17,53
2024-25,1629726,Garrison Mathews,28.0,47,829.5083333333333,87,60,15,26,353
2024-25,203914,Gary Harris,30.0,48,710.71,64,30,12,26,145
2024-25,1627780,Gary Payton II,32.0,62,927.1766666666666,185,83,17,52,400
2024-25,1629018,Gary Trent Jr.,26.0,74,1893.395,168,87,4,72,824
2024-25,1627777,Georges Niang,32.0,79,1697.2333333333333,272,111,14,28,784
2024-25,203507,Giannis Antetokounmpo,30.0,67,2288.63,798,433,78,58,2036
2024-25,1629048,Goga Bitadze,25.0,70,1429.4616666666666,463,137,98,49,502
2024-25,1641711,Gradey Dick,21.0,54,1587.3733333333332,193,98,10,48,777
2024-25,1629684,Grant Williams,26.0,16,479.025,82,37,13,18,166
2024-25,1628960,Grayson Allen,29.0,64,1543.705,194,137,19,54,680
2024-25,1627824,Guerschon Yabusele,29.0,70,1894.7366666666667,395,148,24,58,768
2024-25,1630611,Gui Santos,23.0,56,761.5233333333333,172,80,10,25,227
2024-25,203084,Harrison Barnes,33.0,82,2230.0633333333335,310,136,14,39,1011
2024-25,1631127,Harrison Ingram,22.0,5,34.75,9,3,0,3,4
2024-25,1629312,Haywood Highsmith,28.0,74,1818.3266666666666,252,112,37,68,478
2024-25,1630529,Herbert Jones,26.0,20,648.1316666666667,78,65,9,37,205
2024-25,1641816,Hunter Tyson,25.0,51,399.935,78,20,6,10,134
2024-25,1630193,Immanuel Quickley,26.0,33,917.7533333333333,117,191,4,23,564
2024-25,1642403,Isaac Jones,24.0,40,303.86333333333334,57,12,10,5,134
2024-25,1630171,Isaac Okoro,24.0,55,1053.2033333333334,130,68,16,32,337
2024-25,1642268,Isaiah Collier,20.0,71,1839.1066666666666,235,446,16,66,615
2024-25,1642384,Isaiah Crawford,23.0,15,45.666666666666664,8,1,2,1,13
2024-25,1628392,Isaiah Hartenstein,27.0,57,1589.6416666666667,611,219,62,47,637
2024-25,1630543,Isaiah Jackson,23.0,5,83.88,28,5,8,3,35
2024-25,1630198,Isaiah Joe,25.0,74,1603.9766666666667,196,119,9,48,756
2024-25,1630600,Isaiah Mobley,25.0,1,17.366666666666667,4,5,1,1,6
2024-25,1641815,Isaiah Stevens,24.0,3,5.55,2,0,0,1,0
2024-25,1630191,Isaiah Stewart,24.0,72,1433.8483333333334,399,123,101,28,435
2024-25,1631209,Isaiah Wong,24.0,20,265.50333333333333,32,28,0,11,120
2024-25,1627826,Ivica Zubac,28.0,80,2624.1766666666667,1010,214,90,55,1340
2024-25,1631120,JD Davison,22.0,16,92.915,13,13,1,5,33
2024-25,1630550,JT Thor,22.0,20,249.31666666666666,48,6,9,8,71
2024-25,1629630,Ja Morant,25.0,50,1519.11,205,364,12,61,1159
2024-25,1642266,Ja'Kobe Walter,20.0,52,1103.235,160,81,10,43,449
2024-25,1631095,Jabari Smith Jr.,22.0,57,1715.5783333333334,399,60,41,25,698
2024-25,1631133,Jabari Walker,22.0,60,749.165,211,37,6,33,313
2024-25,1629098,Jack McVeigh,29.0,9,43.25,5,1,2,0,14
2024-25,1642050,Jackson Rowe,28.0,6,51.73166666666667,11,4,0,4,22
2024-25,1631210,Jacob Toppin,25.0,17,75.15,15,6,0,2,23
2024-25,1630702,Jaden Hardy,22.0,57,907.4383333333334,89,81,5,28,496
2024-25,1631093,Jaden Ivey,23.0,30,898.0333333333333,124,119,11,28,528
2024-25,1630183,Jaden McDaniels,24.0,82,2614.41,470,163,74,110,1000
2024-25,1630531,Jaden Springer,22.0,43,365.175,58,33,4,24,109
2024-25,203109,Jae Crowder,34.0,9,102.76166666666667,20,6,0,3,23
2024-25,1630256,Jae'Sean Tate,29.0,52,588.11,117,47,7,26,188
2024-25,1626143,Jahlil Okafor,29.0,1,3.3666666666666667,1,1,0,0,0
2024-25,1642443,Jahmir Young,24.0,6,29.666666666666668,3,6,0,0,11
2024-25,1631170,Jaime Jaquez Jr.,24.0,66,1368.38,290,166,14,61,570
2024-25,1631222,Jake LaRavia,23.0,66,1349.28,259,158,23,62,458
2024-25,1627751,Jakob Poeltl,29.0,57,1685.7483333333332,547,158,71,66,824
2024-25,1641779,Jalen Bridges,24.0,8,30.373333333333335,4,0,0,0,9
2024-25,1628973,Jalen Brunson,28.0,65,2300.7083333333335,187,475,8,60,1690
2024-25,1631105,Jalen Duren,21.0,78,2033.5483333333334,807,209,89,54,918
2024-25,1630224,Jalen Green,23.0,82,2697.11,377,282,27,71,1723
2024-25,1641720,Jalen Hood-Schifino,22.0,15,314.6766666666667,27,37,7,5,106
2024-25,1630552,Jalen Johnson,23.0,36,1284.1783333333333,359,181,36,56,680
2024-25,1629667,Jalen McDaniels,27.0,4,7.335,0,1,0,1,0
2024-25,1629618,Jalen Pickett,25.0,49,666.19,71,107,5,19,200
2024-25,1630188,Jalen Smith,25.0,64,962.3833333333333,357,65,44,17,524
2024-25,1630591,Jalen Suggs,24.0,35,1002.4533333333334,141,129,33,51,567
2024-25,1631114,Jalen Williams,24.0,69,2236.673333333333,369,354,46,111,1490
2024-25,1630592,Jalen Wilson,24.0,79,2031.3866666666668,270,145,5,40,749
2024-25,1631288,Jamal Cain,26.0,37,501.79833333333335,85,22,9,23,196
2024-25,1627750,Jamal Murray,28.0,67,2418.346666666667,261,403,33,91,1436
2024-25,1642347,Jamal Shead,22.0,75,1466.825,115,316,10,58,533
2024-25,1631123,Jamaree Bouyea,26.0,5,61.7,5,10,2,4,17
2024-25,201935,James Harden,35.0,79,2789.036666666667,456,687,55,118,1802
2024-25,201949,James Johnson,38.0,12,36.61666666666667,6,4,2,0,8
2024-25,1630164,James Wiseman,24.0,1,4.633333333333334,1,0,0,0,6
2024-25,1642419,Jamison Battle,24.0,59,1041.6783333333333,158,53,10,17,419
2024-25,1641716,Jarace Walker,21.0,75,1186.62,229,110,25,54,461
2024-25,1630215,Jared Butler,24.0,60,1043.735,110,220,13,42,541
2024-25,1642272,Jared McCain,21.0,23,591.7916666666666,56,60,0,15,352
2024-25,1631197,Jared Rhoden,25.0,14,226.16333333333333,42,16,2,10,118
2024-25,1628991,Jaren Jackson Jr.,25.0,74,2206.951666666667,417,148,113,92,1641
2024-25,1629020,Jarred Vanderbilt,26.0,36,580.8583333333333,182,41,10,35,147
2024-25,1628386,Jarrett Allen,27.0,82,2296.0533333333333,798,158,73,77,1103
2024-25,1629750,Javonte Green,31.0,68,1257.8333333333333,218,56,31,65,347
2024-25,1629637,Jaxson Hayes,25.0,56,1092.6833333333334,269,58,51,31,383
2024-25,1630643,Jay Huff,27.0,64,748.0316666666666,129,38,56,16,439
2024-25,1627759,Jaylen Brown,28.0,63,2157.9283333333333,368,286,19,73,1398
2024-25,1641740,Jaylen Clark,23.0,40,521.9933333333333,53,26,2,36,163
2024-25,1641798,Jaylen Martin,21.0,16,238.62666666666667,44,17,0,9,78
2024-25,1629669,Jaylen Nowell,25.0,8,168.075,20,18,4,1,67
2024-25,1631301,Jaylen Sims,26.0,6,111.80833333333334,6,12,1,3,42
2024-25,1642377,Jaylen Wells,21.0,79,2043.4816666666666,268,135,8,44,823
2024-25,1631119,Jaylin Williams,23.0,47,784.055,262,120,29,22,278
2024-25,1642281,Jaylon Tyson,22.0,47,452.96,96,44,3,13,167
2024-25,1628369,Jayson Tatum,27.0,72,2623.8166666666666,623,431,38,76,1932
2024-25,1641789,Jazian Gortman,22.0,16,56.61666666666667,5,6,1,2,24
2024-25,1630288,Jeff Dowtin Jr.,28.0,41,620.77,60,78,12,24,285
2024-25,201145,Jeff Green,38.0,32,396.44666666666666,58,20,4,6,172
2024-25,203924,Jerami Grant,31.0,47,1523.5866666666666,163,101,46,41,677
2024-25,1630526,Jeremiah Robinson-Earl,24.0,66,1238.9,315,88,7,39,418
2024-25,1631110,Jeremy Sochan,22.0,54,1363.9683333333332,352,128,27,45,617
2024-25,1630579,Jericho Sims,26.0,53,631.245,197,33,19,10,98
2024-25,1642399,Jesse Edwards,25.0,2,4.666666666666667,0,1,0,0,0
2024-25,1641724,Jett Howard,21.0,60,701.1066666666667,70,44,11,13,267
2024-25,1628975,Jevon Carter,29.0,36,320.5733333333333,39,40,3,13,153
2024-25,202710,Jimmy Butler III,35.0,55,1746.135,296,298,18,77,964
2024-25,1629111,Jock Landale,29.0,42,500.0233333333333,137,37,10,13,200
2024-25,204060,Joe Ingles,37.0,19,114.08666666666667,11,23,0,2,15
2024-25,203954,Joel Embiid,31.0,19,574.3933333333333,155,85,18,14,452
2024-25,1628381,John Collins,27.0,40,1220.4916666666666,327,80,40,39,758
2024-25,1629723,John Konchar,29.0,46,558.2233333333334,151,42,14,30,112
2024-25,1631098,Johnny Davis,23.0,34,241.65833333333333,38,11,6,15,80
2024-25,1642277,Johnny Furphy,20.0,50,379.49666666666667,71,19,11,18,103
2024-25,1630548,Johnny Juzang,24.0,64,1269.83,184,68,8,39,571
2024-25,202685,Jonas Valančiūnas,33.0,81,1523.7633333333333,627,164,46,37,843
2024-25,1628371,Jonathan Isaac,27.0,71,1090.015,314,40,80,61,380
2024-25,1630228,Jonathan Kuminga,22.0,47,1144.08,217,104,21,38,719
2024-25,1642367,Jonathan Mogbo,23.0,63,1285.655,311,146,34,55,389
2024-25,203903,Jordan Clarkson,33.0,37,962.47,118,138,9,31,600
2024-25,1630692,Jordan Goodwin,26.0,29,542.575,112,42,11,30,161
2024-25,1641722,Jordan Hawkins,23.0,56,1320.5,158,66,23,30,604
2024-25,1629162,Jordan McLaughlin,29.0,46,314.27666666666664,30,51,1,16,98
2024-25,1641757,Jordan Miller,25.0,37,420.31,58,34,5,17,152
2024-25,1629673,Jordan Poole,26.0,68,2000.8866666666668,203,303,27,86,1391
2024-25,1641775,Jordan Walsh,21.0,52,403.00333333333333,69,19,11,12,82
2024-25,1630631,Jose Alvarado,27.0,56,1365.9,136,259,14,74,579
2024-25,1630528,Josh Christopher,23.0,14,69.35,9,8,3,5,28
2024-25,1630581,Josh Giddey,22.0,70,2116.641666666667,566,503,45,84,1022
2024-25,1630182,Josh Green,24.0,68,1887.5033333333333,172,108,15,74,506
2024-25,1628404,Josh Hart,30.0,77,2896.83,737,453,27,119,1051
2024-25,1631169,Josh Minott,22.0,46,276.275,47,18,12,15,119
2024-25,1629006,Josh Okogie,26.0,40,624.9783333333334,113,33,19,48,283
2024-25,1626196,Josh Richardson,31.0,8,149.49,12,12,1,8,32
2024-25,201950,Jrue Holiday,35.0,62,1896.0683333333334,265,239,27,66,686
2024-25,1630577,Julian Champagnie,24.0,82,1932.1283333333333,318,111,35,61,815
2024-25,1641763,Julian Phillips,21.0,79,1122.905,169,39,20,38,366
2024-25,1631124,Julian Strawther,23.0,65,1383.47,142,83,16,39,588
2024-25,203944,Julius Randle,30.0,69,2225.5266666666666,487,323,16,47,1288
2024-25,1630551,Justin Champagnie,24.0,62,1340.5333333333333,351,60,39,65,544
2024-25,1642348,Justin Edwards,21.0,44,1154.72,148,69,16,45,445
2024-25,1631303,Justin Minaya,26.0,19,100.67333333333333,10,7,1,6,18
2024-25,203994,Jusuf Nurkić,30.0,51,1062.8266666666666,398,115,34,40,453
2024-25,1630231,KJ Martin,24.0,43,911.4983333333333,125,48,22,17,274
2024-25,1642354,KJ Simpson,22.0,36,842.0833333333334,109,112,6,34,282
2024-25,1630539,Kai Jones,24.0,40,468.37,125,25,23,15,198
2024-25,1626157,Karl-Anthony Towns,29.0,72,2516.72,920,222,50,71,1759
2024-25,1631255,Karlo Matković,24.0,42,790.585,209,46,41,22,325
2024-25,202695,Kawhi Leonard,34.0,37,1179.9566666666667,219,116,17,59,796
2024-25,1630811,Keaton Wallace,26.0,31,501.1666666666667,50,81,9,28,168
2024-25,1631099,Keegan Murray,24.0,76,2610.173333333333,507,109,69,61,942
2024-25,1631232,Keion Brooks Jr.,24.0,14,331.7816666666667,58,13,10,10,142
2024-25,1642276,Kel'el Ware,21.0,64,1422.4866666666667,473,60,71,39,595
2024-25,1629640,Keldon Johnson,25.0,77,1837.9966666666667,371,125,22,49,979
2024-25,203482,Kelly Olynyk,34.0,44,890.9983333333333,206,128,19,33,384
2024-25,1626162,Kelly Oubre Jr.,29.0,60,2078.19,368,108,30,92,906
2024-25,1629026,Kenrich Williams,30.0,69,1131.5383333333334,241,97,10,43,436
2024-25,203484,Kentavious Caldwell-Pope,32.0,77,2279.036666666667,169,136,34,99,673
2024-25,1631165,Keon Ellis,25.0,80,1948.1916666666666,212,120,63,121,666
2024-25,1630553,Keon Johnson,23.0,79,1925.2016666666666,297,175,30,82,839
2024-25,1642352,Keshad Johnson,24.0,16,98.125,28,4,4,5,43
2024-25,1630556,Kessler Edwards,24.0,40,608.46,115,42,20,19,168
2024-25,201142,Kevin Durant,36.0,62,2264.685,374,263,77,50,1647
2024-25,1628989,Kevin Huerter,26.0,69,1678.9933333333333,205,156,23,66,681
2024-25,1628995,Kevin Knox II,25.0,14,83.65666666666667,17,5,4,2,46
2024-25,201567,Kevin Love,36.0,23,251.45333333333335,94,22,4,15,122
2024-25,1641755,Kevin McCullar Jr.,24.0,4,29.166666666666668,8,2,1,1,6
2024-25,1629645,Kevin Porter Jr.,25.0,75,1482.02,278,256,13,81,771
2024-25,1626172,Kevon Looney,29.0,76,1142.155,462,118,37,46,344
2024-25,1641718,Keyonte George,21.0,67,2108.475,253,377,9,46,1125
2024-25,203114,Khris Middleton,33.0,37,843.1816666666666,137,150,8,35,440
2024-25,1630165,Killian Hayes,23.0,6,162.33333333333334,18,31,4,4,54
2024-25,202691,Klay Thompson,35.0,72,1964.5683333333334,246,145,30,50,1005
2024-25,1641738,Kobe Brown,25.0,40,272.22,65,24,4,7,77
2024-25,1641723,Kobe Bufkin,21.0,10,123.63666666666667,21,17,2,3,53
2024-25,1627739,Kris Dunn,31.0,74,1782.9183333333333,251,210,27,128,474
2024-25,1631200,Kris Murray,24.0,69,1040.3866666666668,182,68,17,35,287
2024-25,204001,Kristaps Porziņģis,29.0,42,1209.9633333333334,284,87,63,31,818
2024-25,203937,Kyle Anderson,31.0,61,1002.0933333333334,206,145,33,40,357
2024-25,1642271,Kyle Filipowski,21.0,72,1521.54,440,140,22,48,690
2024-25,1628398,Kyle Kuzma,29.0,65,1936.415,370,152,19,36,964
2024-25,200768,Kyle Lowry,39.0,35,659.4483333333334,67,96,11,33,138
2024-25,1630283,Kylor Kelley,27.0,11,125.95666666666666,39,5,3,1,34
2024-25,202681,Kyrie Irving,33.0,50,1803.7966666666666,240,231,23,66,1234
2024-25,1642273,Kyshawn George,21.0,68,1802.1833333333334,285,169,50,68,590
2024-25,1630163,LaMelo Ball,23.0,47,1504.475,232,346,13,54,1184
2024-25,1630205,Lamar Stevens,27.0,17,155.535,38,8,3,5,74
2024-25,1629013,Landry Shamet,28.0,50,761.6,61,27,2,23,286
2024-25,1626204,Larry Nance Jr.,32.0,24,463.2266666666667,103,38,13,20,203
2024-25,1628374,Lauri Markkanen,28.0,47,1475.8433333333332,278,70,17,33,892
2024-25,2544,LeBron James,40.0,70,2444.4466666666667,546,575,39,70,1710
2024-25,1631159,Leonard Miller,21.0,13,31.595,11,0,1,2,20
2024-25,1631311,Lester Quinones,24.0,13,183.36666666666667,19,24,2,3,86
2024-25,1641857,Liam Robbins,25.0,13,56.96666666666667,12,2,2,2,9
2024-25,1630322,Lindy Waters III,27.0,52,778.41,110,52,11,27,256
2024-25,1629022,Lonnie Walker IV,26.0,20,476.7033333333333,63,50,5,10,247
2024-25,1628366,Lonzo Ball,27.0,35,777.03,118,115,17,47,267
2024-25,1629652,Luguentz Dort,26.0,71,2073.3,293,115,39,79,719
2024-25,1629029,Luka Dončić,26.0,50,1768.55,409,383,21,89,1408
2024-25,1630568,Luka Garza,26.0,39,219.31,54,11,3,6,138
2024-25,1628379,Luke Kennard,29.0,65,1471.6916666666666,183,215,5,50,576
2024-25,1628436,Luke Kornet,29.0,73,1361.06,388,117,71,36,441
2024-25,1631247,Luke Travers,23.0,12,87.86,20,8,1,1,12
2024-25,1630644,Mac McClung,26.0,2,10.233333333333333,1,3,0,0,0
2024-25,1630201,Malachi Flynn,27.0,4,43.68,7,7,0,3,16
2024-25,1631103,Malaki Branham,22.0,47,426.555,51,38,2,11,235
2024-25,1627763,Malcolm Brogdon,32.0,24,564.0766666666667,91,98,5,13,305
2024-25,1642502,Malevy Leons,25.0,6,20.966666666666665,3,1,0,0,2
2024-25,1627736,Malik Beasley,28.0,82,2282.9466666666667,214,139,5,73,1336
2024-25,1628370,Malik Monk,27.0,65,2054.11,245,362,38,61,1117
2024-25,1630699,MarJon Beauchamp,24.0,35,156.28166666666667,44,11,1,4,79
2024-25,1630542,Marcus Bagley,23.0,10,253.155,70,10,12,9,67
2024-25,1630585,Marcus Garrett,26.0,4,79.38333333333334,6,13,2,3,28
2024-25,1631204,Marcus Sasser,24.0,57,810.7866666666666,69,133,4,37,375
2024-25,203935,Marcus Smart,31.0,34,680.34,72,109,9,39,305
2024-25,1631109,Mark Williams,23.0,44,1171.045,447,109,54,32,671
2024-25,1628365,Markelle Fultz,27.0,21,184.05833333333334,20,27,2,10,61
2024-25,202693,Markieff Morris,35.0,15,164.43333333333334,23,21,3,2,56
2024-25,1628963,Marvin Bagley III,26.0,31,265.2266666666667,84,11,8,9,136
2024-25,1630222,Mason Jones,26.0,10,45.391666666666666,9,11,1,0,23
2024-25,203486,Mason Plumlee,35.0,74,1300.045,455,134,47,33,333
2024-25,1641824,Matas Buzelis,20.0,80,1511.295,278,79,75,29,688
2024-25,1629680,Matisse Thybulle,28.0,15,312.2816666666667,52,28,9,33,112
2024-25,1630346,Matt Ryan,28.0,19,67.82166666666667,8,3,0,2,28
2024-25,1631108,Max Christie,22.0,78,2127.141666666667,258,146,31,64,749
2024-25,1629622,Max Strus,29.0,50,1272.725,217,158,12,26,471
2024-25,1628467,Maxi Kleber,33.0,34,636.875,95,43,17,9,103
2024-25,1641721,Maxwell Lewis,22.0,28,327.68833333333333,55,19,7,9,116
2024-25,1630695,Micah Potter,27.0,38,705.165,164,31,14,14,162
2024-25,1629008,Michael Porter Jr.,27.0,77,2593.2633333333333,540,165,38,50,1398
2024-25,1628969,Mikal Bridges,28.0,82,3036.076666666667,259,306,43,75,1444
2024-25,201144,Mike Conley,37.0,71,1755.85,182,319,14,79,582
2024-25,1628970,Miles Bridges,27.0,64,2028.735,481,248,45,44,1300
2024-25,1630540,Miles McBride,24.0,64,1593.455,161,187,17,67,611
2024-25,1641936,Miles Norris,25.0,3,34.916666666666664,9,0,1,2,7
2024-25,1629011,Mitchell Robinson,27.0,17,290.12333333333333,101,13,18,16,87
2024-25,1628964,Mo Bamba,27.0,32,413.485,145,18,31,9,138
2024-25,1628420,Monte Morris,30.0,45,570.77,67,73,3,20,233
2024-25,1629021,Moritz Wagner,28.0,30,564.1566666666666,148,42,12,24,386
2024-25,1629650,Moses Brown,25.0,13,118.57666666666667,44,2,4,6,76
2024-25,1630541,Moses Moody,23.0,74,1649.15,189,96,31,59,724
2024-25,1631243,Mouhamed Gueye,22.0,33,532.7566666666667,139,27,33,28,197
2024-25,1631217,Moussa Diabaté,23.0,71,1240.6333333333334,438,56,40,46,403
2024-25,1626167,Myles Turner,29.0,72,2173.6366666666668,471,111,144,54,1120
2024-25,1642368,N'Faly Dante,23.0,4,50.61666666666667,21,2,5,1,24
2024-25,1641772,Nae'Qwan Tomlin,24.0,5,63.4,21,2,1,0,36
2024-25,1630230,Naji Marshall,27.0,69,1919.0833333333333,328,208,11,70,914
2024-25,1631466,Nate Williams,26.0,20,146.62,13,9,4,8,65
2024-25,1629675,Naz Reid,25.0,80,2200.116666666667,480,181,72,58,1138
2024-25,1629674,Neemias Queta,25.0,62,863.09,236,45,42,18,310
2024-25,1629651,Nic Claxton,26.0,70,1881.7316666666666,515,157,100,62,724
2024-25,1630208,Nick Richards,27.0,57,1256.2233333333334,466,49,55,14,529
2024-25,1641733,Nick Smith Jr.,21.0,60,1368.7466666666667,128,145,6,17,591
2024-25,1629638,Nickeil Alexander-Walker,26.0,82,2073.1016666666665,265,223,34,50,773
2024-25,201587,Nicolas Batum,36.0,78,1367.3733333333332,218,84,36,52,313
2024-25,203999,Nikola Jokić,30.0,70,2570.765,892,716,45,127,2071
2024-25,1631107,Nikola Jović,22.0,46,1155.6766666666667,180,131,13,38,494
2024-25,202696,Nikola Vučević,34.0,73,2278.25,735,256,52,61,1349
2024-25,1641730,Noah Clowney,20.0,46,1042.2866666666666,181,40,21,24,420
2024-25,1626181,Norman Powell,32.0,60,1957.9883333333332,190,125,9,73,1306
2024-25,1628384,OG Anunoby,27.0,74,2705.7766666666666,358,164,65,110,1332
2024-25,1630167,Obi Toppin,27.0,79,1544.815,318,128,28,46,833
2024-25,1630534,Ochai Agbaji,25.0,64,1738.67,242,98,30,58,667
2024-25,1641765,Olivier-Maxence Prosper,22.0,52,584.07,126,40,6,26,201
2024-25,1630168,Onyeka Okongwu,24.0,74,2063.9266666666667,660,168,68,69,988
2024-25,1631115,Orlando Robinson,24.0,44,769.8016666666666,220,77,16,17,303
2024-25,1631131,Oscar Tshiebwe,25.0,14,255.17333333333335,122,9,1,13,107
2024-25,1629052,Oshae Brissett,27.0,6,142.24166666666667,22,4,3,4,52
2024-25,1642345,Oso Ighodaro,22.0,61,1045.545,222,71,29,28,255
2024-25,1631172,Ousmane Dieng,22.0,37,404.84166666666664,81,31,7,17,142
2024-25,200782,P.J. Tucker,40.0,3,57.86833333333333,8,0,1,1,9
2024-25,1629023,P.J. Washington,26.0,57,1834.8583333333333,442,131,60,63,836
2024-25,1628408,PJ Dozier,28.0,9,34.916666666666664,5,5,0,1,7
2024-25,1641790,PJ Hall,23.0,19,66.18333333333334,22,4,4,0,33
2024-25,1642359,Pacôme Dadiet,19.0,18,111.17833333333333,18,5,2,3,30
2024-25,1631094,Paolo Banchero,22.0,46,1581.53,345,219,28,36,1191
2024-25,1627783,Pascal Siakam,31.0,78,2547.8533333333335,540,263,42,70,1578
2024-25,1626192,Pat Connaughton,32.0,41,602.8266666666667,109,70,11,9,216
2024-25,1630311,Pat Spencer,28.0,39,249.61166666666668,46,48,3,14,98
2024-25,1631116,Patrick Baldwin Jr.,22.0,24,106.74833333333333,25,3,2,3,53
2024-25,1630172,Patrick Williams,23.0,63,1576.3266666666666,237,124,32,48,566
2024-25,201988,Patty Mills,36.0,29,320.655,22,26,3,13,111
2024-25,202331,Paul George,35.0,41,1333.5933333333332,219,178,20,75,665
2024-25,1630194,Paul Reed,26.0,45,437.5366666666667,123,44,25,39,184
2024-25,1630202,Payton Pritchard,27.0,80,2270.875,307,279,14,70,1144
2024-25,1641796,Pelle Larsson,24.0,55,781.9466666666667,92,65,7,32,251
2024-25,1631250,Pete Nance,25.0,13,138.16666666666666,21,10,2,2,38
2024-25,1631212,Peyton Watson,22.0,68,1655.7283333333332,233,94,93,48,551
2024-25,1630762,Phillip Wheeler,23.0,5,44.39666666666667,8,2,2,1,8
2024-25,1630173,Precious Achiuwa,25.0,57,1169.6133333333332,317,55,42,47,379
2024-25,1629656,Quentin Grimes,25.0,75,2013.09,324,228,22,74,1092
2024-25,1631245,Quenton Jackson,26.0,28,381.03833333333336,44,53,5,21,162
2024-25,1642439,Quincy Olivari,24.0,2,10.3,0,1,0,0,3
2024-25,1642366,Quinten Post,25.0,42,685.7566666666667,148,56,18,16,340
2024-25,1629628,RJ Barrett,25.0,58,1868.8033333333333,366,314,17,46,1223
2024-25,1642484,RayJ Dennis,24.0,11,70.38333333333334,12,14,2,7,30
2024-25,1641712,Rayan Rupert,21.0,52,459.5416666666667,70,25,4,16,155
2024-25,1641736,Reece Beekman,23.0,36,469.30333333333334,39,63,2,33,93
2024-25,1642263,Reed Sheppard,21.0,52,654.3516666666667,78,75,17,35,229
2024-25,202704,Reggie Jackson,35.0,31,383.9916666666667,42,45,3,16,136
2024-25,1626158,Richaun Holmes,31.0,31,534.135,177,42,23,9,230
2024-25,1641741,Ricky Council IV,23.0,73,1250.015,214,97,13,32,532
2024-25,1642434,Riley Minix,24.0,1,6.75,2,0,0,0,0
2024-25,1642265,Rob Dillingham,20.0,49,515.975,50,98,1,20,219
2024-25,1629057,Robert Williams III,27.0,20,351.33,118,21,33,13,116
2024-25,1631199,Ron Harper Jr.,25.0,1,17.0,7,2,0,0,4
2024-25,1641842,Ronald Holland II,19.0,81,1266.3216666666667,218,82,17,49,522
2024-25,1626220,Royce O'Neale,32.0,75,1836.8733333333332,349,163,33,67,680
2024-25,203497,Rudy Gobert,33.0,72,2388.423333333333,785,127,104,56,866
2024-25,1629060,Rui Hachimura,27.0,59,1868.825,295,83,26,45,775
2024-25,201566,Russell Westbrook,36.0,75,2092.2916666666665,370,457,37,106,994
2024-25,1642346,Ryan Dunn,22.0,74,1410.4166666666667,267,57,40,44,511
2024-25,1631157,Ryan Rollins,22.0,56,819.525,108,104,17,42,349
2024-25,1630573,Sam Hauser,27.0,71,1541.1333333333334,224,64,13,41,605
2024-25,1630241,Sam Merrill,29.0,71,1401.2816666666668,157,108,14,53,509
2024-25,1630572,Sandro Mamukelashvili,26.0,61,681.2083333333334,187,48,17,22,385
2024-25,1630583,Santi Aldama,24.0,65,1659.6483333333333,416,188,29,52,811
2024-25,1630703,Scoot Henderson,21.0,66,1759.0716666666667,198,335,13,68,837
2024-25,1630567,Scottie Barnes,23.0,65,2134.13,502,378,63,93,1252
2024-25,1630590,Scotty Pippen Jr.,24.0,79,1682.88,259,347,30,103,779
2024-25,203552,Seth Curry,34.0,68,1061.9566666666667,113,60,7,27,444
2024-25,1631101,Shaedon Sharpe,22.0,72,2252.33,324,198,16,62,1335
2024-25,1628983,Shai Gilgeous-Alexander,26.0,76,2597.63,379,486,77,131,2484
2024-25,1629003,Shake Milton,28.0,57,836.2766666666666,104,102,4,25,315
2024-25,1631321,Sidy Cissoko,21.0,22,114.46333333333334,21,15,1,2,32
2024-25,1631323,Simone Fontecchio,29.0,75,1236.6816666666666,215,65,12,31,446
2024-25,1627746,Skal Labissiere,29.0,4,11.96,3,1,0,0,5
2024-25,203915,Spencer Dinwiddie,32.0,79,2136.085,209,349,17,70,872
2024-25,1642461,Spencer Jones,24.0,20,124.625,17,5,5,5,26
2024-25,1630649,Stanley Umude,26.0,22,85.77666666666667,17,4,6,3,15
2024-25,201939,Stephen Curry,37.0,70,2252.45,310,421,30,80,1718
2024-25,1642264,Stephon Castle,20.0,81,2162.0216666666665,297,332,22,74,1190
2024-25,203500,Steven Adams,31.0,58,794.0666666666667,327,66,28,22,225
2024-25,1629004,Svi Mykhailiuk,28.0,38,760.3066666666666,90,76,7,19,334
2024-25,204456,T.J. McConnell,33.0,79,1415.4333333333334,193,351,21,83,720
2024-25,201959,Taj Gibson,40.0,37,408.85,120,21,18,9,107
2024-25,1629659,Talen Horton-Tucker,24.0,58,723.695,100,83,11,21,379
2024-25,1631106,Tari Eason,24.0,57,1420.1933333333334,362,83,50,97,686
2024-25,1627752,Taurean Prince,31.0,80,2165.86,287,155,15,76,656
2024-25,1641707,Taylor Hendricks,21.0,3,74.51666666666667,15,2,4,5,14
2024-25,1631386,Taze Moore,27.0,2,19.85,8,1,0,2,6
2024-25,1629611,Terance Mann,28.0,67,1414.25,199,121,15,47,517
2024-25,1629056,Terence Davis,28.0,1,7.883333333333334,1,1,0,0,0
2024-25,1630545,Terrence Shannon Jr.,24.0,32,338.8283333333333,47,32,5,7,138
2024-25,1626179,Terry Rozier,31.0,64,1658.22,238,167,14,37,679
2024-25,1630678,Terry Taylor,25.0,3,6.333333333333333,1,2,0,0,0
2024-25,1628418,Thomas Bryant,27.0,66,963.0166666666667,251,53,41,28,429
2024-25,1642275,Tidjane Salaün,19.0,60,1244.3533333333332,280,74,14,29,353
2024-25,203501,Tim Hardaway Jr.,33.0,77,2152.795,183,123,7,38,844
2024-25,202699,Tobias Harris,32.0,73,2305.4133333333334,432,162,57,74,1002
2024-25,1642449,Tolu Smith,24.0,1,22.35,8,0,0,0,14
2024-25,1628396,Tony Bradley,27.0,14,112.73833333333333,42,6,9,2,61
2024-25,1628470,Torrey Craig,34.0,26,313.94666666666666,73,17,12,8,108
2024-25,1641787,Tosan Evbuomwan,24.0,28,664.93,120,55,10,24,267
2024-25,1641739,Toumani Camara,25.0,78,2548.0516666666667,450,175,50,116,882
2024-25,1629027,Trae Young,26.0,76,2739.06,236,880,12,91,1841
2024-25,1631218,Trayce Jackson-Davis,25.0,62,966.7866666666666,311,104,38,23,407
2024-25,1630200,Tre Jones,25.0,46,904.9716666666667,116,192,10,37,330
2024-25,1630544,Tre Mann,24.0,13,319.045,38,39,4,7,183
2024-25,1630570,Trendon Watford,24.0,44,912.6766666666666,160,115,12,27,450
2024-25,1642280,Trentyn Flowers,20.0,6,26.515,4,0,0,0,11
2024-25,1630243,Trevelin Queen,28.0,31,430.28,54,38,10,31,152
2024-25,1641725,Trey Alexander,22.0,24,117.22166666666666,12,11,1,2,32
2024-25,1641998,Trey Jemison III,25.0,38,392.0233333333333,105,16,15,9,95
2024-25,1626168,Trey Lyles,29.0,69,1349.5216666666668,316,82,23,41,451
2024-25,1630530,Trey Murphy III,25.0,53,1854.23,268,188,39,56,1124
2024-25,202684,Tristan Thompson,34.0,40,328.17,134,24,11,2,69
2024-25,1641774,Tristan Vukcevic,22.0,35,512.51,130,39,23,11,330
2024-25,1641783,Tristan da Silva,24.0,74,1628.6116666666667,245,113,18,33,533
2024-25,1641803,Tristen Newton,24.0,8,16.145,4,2,0,1,3
2024-25,1629660,Ty Jerome,27.0,70,1392.4,173,237,3,78,878
2024-25,1631102,TyTy Washington Jr.,23.0,16,118.34833333333333,13,16,0,3,35
2024-25,1629639,Tyler Herro,25.0,77,2725.08,399,424,17,69,1840
2024-25,1642278,Tyler Kolek,24.0,41,296.15166666666664,27,70,4,12,81
2024-25,1641890,Tyler Smith,20.0,23,121.57333333333334,25,4,4,3,67
2024-25,1630169,Tyrese Haliburton,25.0,73,2450.391666666667,258,673,49,105,1359
2024-25,1631213,Tyrese Martin,26.0,60,1315.32,219,122,9,34,523
2024-25,1630178,Tyrese Maxey,24.0,52,1960.195,174,317,21,91,1369
2024-25,1630623,Tyson Etienne,25.0,7,151.08166666666668,9,12,1,3,55
2024-25,1626145,Tyus Jones,29.0,81,2173.516666666667,196,429,8,69,829
2024-25,1642279,Ulrich Chomche,19.0,7,32.175,8,2,1,0,5
2024-25,203995,Vasilije Micic,31.0,41,784.9083333333333,89,128,0,15,269
2024-25,1641705,Victor Wembanyama,21.0,46,1527.2533333333333,506,168,176,52,1116
2024-25,1631246,Vince Williams Jr.,24.0,27,498.5466666666667,98,55,7,12,179
2024-25,1628427,Vlatko Čančar,28.0,13,135.82833333333335,32,9,2,3,24
2024-25,1630249,Vít Krejčí,25.0,57,1152.6316666666667,156,147,26,36,412
2024-25,1631117,Walker Kessler,23.0,58,1740.32,707,97,138,36,641
2024-25,1628976,Wendell Carter Jr.,26.0,68,1758.2683333333334,492,134,41,52,618
2024-25,1631111,Wendell Moore Jr.,23.0,36,498.9166666666667,95,42,5,20,150
2024-25,1630214,Xavier Tillman,26.0,33,230.90333333333334,43,7,5,11,34
2024-25,1642530,Yuki Kawamura,24.0,22,92.66666666666667,12,19,0,2,36
2024-25,1641879,Yuri Collins,24.0,2,16.3,3,4,0,2,2
2024-25,1642274,Yves Missi,21.0,73,1955.79,601,99,98,37,665
2024-25,1642258,Zaccharie Risacher,20.0,75,1843.3866666666668,268,92,37,52,942
2024-25,1628380,Zach Collins,27.0,64,977.06,288,111,29,29,407
2024-25,1641744,Zach Edey,23.0,66,1415.765,548,65,85,36,610
2024-25,203897,Zach LaVine,30.0,74,2602.48,315,310,12,58,1724
2024-25,1630192,Zeke Nnaji,24.0,57,607.9666666666667,90,23,38,25,184
2024-25,1630533,Ziaire Williams,23.0,63,1541.4033333333334,287,84,28,62,632
2024-25,1629627,Zion Williamson,24.0,30,857.2766666666666,216,159,27,37,737
2024-25,1642389,Zyon Pullin,24.0,3,2.6016666666666666,0,0,0,0,0
2025-26,1630639,A.J. Lawson,25.0,24,226.115,43,7,4,12,101
2025-26,1631260,AJ Green,26.0,78,2269.9333333333334,213,152,8,39,809
2025-26,1642358,AJ Johnson,21.0,48,453.43333333333334,55,47,3,11,160
2025-26,203932,Aaron Gordon,30.0,36,1004.9583333333334,209,96,10,21,582
2025-26,1628988,Aaron Holiday,29.0,57,780.7316666666667,58,60,5,27,312
2025-26,1630174,Aaron Nesmith,26.0,45,1334.95,187,86,23,26,621
2025-26,1630598,Aaron Wiggins,27.0,65,1413.98,199,109,28,60,611
2025-26,1642846,Ace Bailey,19.0,72,1987.6433333333334,302,131,49,60,993
2025-26,1642380,Adama Bal,22.0,8,241.315,25,19,1,9,83
2025-26,1641737,Adem Bona,23.0,71,1234.1616666666666,307,32,82,30,344
2025-26,1642876,Adou Thiero,22.0,25,148.90333333333334,28,10,2,7,47
2025-26,1642349,Ajay Mitchell,23.0,57,1472.7983333333334,190,206,18,71,774
2025-26,201143,Al Horford,40.0,45,969.185,219,116,51,30,372
2025-26,1630828,Alex Antetokounmpo,24.0,6,20.638333333333332,6,1,1,0,19
2025-26,1627936,Alex Caruso,32.0,56,1020.3466666666667,155,110,17,72,348
2025-26,1631457,Alex Morales,28.0,4,23.583333333333332,3,4,0,0,8
2025-26,1642259,Alex Sarr,21.0,48,1304.6616666666666,355,130,95,39,783
2025-26,1642918,Alijah Martin,24.0,23,145.615,21,12,4,8,51
2025-26,1631214,Alondes Williams,26.0,4,100.78333333333333,25,12,3,3,44
2025-26,1630578,Alperen Sengun,23.0,72,2397.695,640,445,77,85,1466
2025-26,1642873,Amari Williams,24.0,22,145.72333333333333,40,10,10,3,30
2025-26,1641708,Amen Thompson,23.0,79,2953.15,614,420,48,119,1443
2025-26,1629599,Amir Coffey,28.0,46,490.50166666666667,57,27,5,9,149
2025-26,1643158,Andersson Garcia,25.0,5,168.75,42,14,4,8,26
2025-26,203083,Andre Drummond,32.0,63,1230.7483333333332,532,80,49,38,403
2025-26,1641748,Andre Jackson Jr.,24.0,48,408.10833333333335,72,43,4,19,113
2025-26,1629614,Andrew Nembhard,26.0,57,1785.5933333333332,160,437,8,51,966
2025-26,203952,Andrew Wiggins,31.0,68,2062.5983333333334,329,182,69,76,1045
2025-26,1629014,Anfernee Simons,27.0,55,1371.9333333333334,135,134,8,27,785
2025-26,1641710,Anthony Black,22.0,64,1910.05,244,236,45,91,959
2025-26,203076,Anthony Davis,33.0,20,625.63,221,56,33,22,407
2025-26,1630162,Anthony Edwards,24.0,61,2136.5933333333332,302,226,49,83,1757
2025-26,1630264,Anthony Gill,33.0,55,950.9466666666667,158,69,21,31,321
2025-26,1641810,Antonio Reeves,25.0,10,67.67666666666666,8,3,0,1,27
2025-26,1630574,Ariel Hukporti,24.0,54,497.96166666666664,159,29,26,9,117
2025-26,1642854,Asa Newell,20.0,44,499.90833333333336,96,26,15,16,227
2025-26,1641709,Ausar Thompson,23.0,73,1895.61,418,228,69,146,721
2025-26,1630559,Austin Reaves,28.0,51,1761.65,240,280,20,56,1187
2025-26,1630245,Ayo Dosunmu,26.0,69,1881.0433333333333,237,249,18,58,1022
2025-26,1628389,Bam Adebayo,28.0,73,2364.685,732,232,49,86,1468
2025-26,1631248,Baylor Scheierman,25.0,77,1429.3033333333333,269,116,6,42,427
2025-26,1642879,Ben Saraf,20.0,44,916.3183333333334,92,145,8,38,332
2025-26,1641767,Ben Sheppard,24.0,65,1390.4766666666667,195,114,6,39,459
2025-26,1631097,Bennedict Mathurin,23.0,54,1620.015,293,129,13,43,949
2025-26,1643016,Bez Mbeng,23.0,15,492.185,57,62,5,34,122
2025-26,1641731,Bilal Coulibaly,21.0,56,1467.605,243,145,54,75,657
2025-26,202687,Bismack Biyombo,33.0,25,141.35333333333332,26,5,2,4,23
2025-26,1642396,Blake Hinson,26.0,14,285.43333333333334,33,16,2,5,167
2025-26,1631104,Blake Wesley,23.0,31,360.8183333333333,39,62,5,16,148
2025-26,1626171,Bobby Portis,31.0,67,1619.3133333333333,428,105,12,41,915
2025-26,1641752,Bobi Klintman,23.0,12,71.38333333333334,19,6,0,3,22
2025-26,203992,Bogdan Bogdanović,33.0,23,452.06,59,51,3,10,171
2025-26,1630538,Bones Hyland,25.0,71,1176.9183333333333,127,188,17,44,604
2025-26,203078,Bradley Beal,32.0,6,120.91666666666667,5,10,0,3,49
2025-26,1642382,Branden Carlson,26.0,42,488.2033333333333,124,29,27,8,242
2025-26,1641764,Brandin Podziemski,23.0,82,2332.673333333333,419,304,15,88,1133
2025-26,1629634,Brandon Clarke,29.0,2,20.438333333333333,6,1,0,2,8
2025-26,1627742,Brandon Ingram,28.0,77,2603.8633333333332,430,284,55,58,1655
2025-26,1641706,Brandon Miller,23.0,65,1968.3116666666667,319,217,44,66,1311
2025-26,1630314,Brandon Williams,26.0,66,1462.645,191,256,20,62,859
2025-26,1641729,Brice Sensabaugh,22.0,75,1761.8666666666666,231,143,12,54,1116
2025-26,1642355,Bronny James,21.0,42,375.4916666666667,23,51,4,19,122
2025-26,201572,Brook Lopez,38.0,75,1635.2733333333333,273,97,87,45,634
2025-26,1642964,Brooks Barnhizer,24.0,40,347.88166666666666,78,22,5,11,68
2025-26,1628971,Bruce Brown,29.0,82,1997.7883333333334,318,174,20,85,649
2025-26,1631121,Bryce McGowens,23.0,42,879.9333333333333,88,62,8,27,340
2025-26,1642267,Bub Carrington,20.0,82,2270.65,276,381,17,52,878
2025-26,1631205,Buddy Boeheim,26.0,4,15.003333333333334,0,0,0,0,6
2025-26,1627741,Buddy Hield,33.0,51,819.2716666666666,116,71,9,39,390
2025-26,1643047,CJ Huntley,24.0,4,40.4,5,2,0,1,12
2025-26,203468,CJ McCollum,34.0,76,2263.3716666666664,252,293,35,64,1424
2025-26,1630595,Cade Cunningham,24.0,64,2171.6716666666666,355,634,54,92,1531
2025-26,1631216,Caleb Houstan,23.0,18,75.46666666666667,11,4,1,2,42
2025-26,1631126,Caleb Love,24.0,49,1012.6083333333333,114,123,4,27,509
2025-26,1628997,Caleb Martin,30.0,58,856.2116666666667,143,81,15,40,227
2025-26,1642353,Cam Christie,20.0,55,479.75,78,31,3,16,156
2025-26,1642285,Cam Spencer,26.0,72,1714.4516666666666,183,400,11,52,798
2025-26,1630560,Cam Thomas,24.0,42,880.5266666666666,71,108,4,9,567
2025-26,1641715,Cam Whitmore,21.0,21,353.98333333333335,58,15,8,15,193
2025-26,1629661,Cameron Johnson,30.0,54,1647.0316666666668,206,132,21,40,660
2025-26,1626166,Cameron Payne,31.0,22,374.33666666666664,44,58,7,24,163
2025-26,1627747,Caris LeVert,31.0,60,1154.415,117,159,41,51,443
2025-26,1642868,Carter Bryant,20.0,71,817.865,178,47,23,16,298
2025-26,1641717,Cason Wallace,22.0,77,2046.07,238,200,28,150,660
2025-26,1642907,Cedric Coward,22.0,62,1597.9466666666667,364,171,27,40,843
2025-26,1643052,Chaney Johnson,23.0,17,347.5833333333333,79,36,9,15,139
2025-26,1629646,Charles Bassey,25.0,13,152.70333333333335,57,7,11,4,76
2025-26,1642404,Chaz Lanier,24.0,34,262.005,23,17,0,7,80
2025-26,1631096,Chet Holmgren,24.0,69,1997.2683333333334,614,115,131,43,1181
2025-26,1628449,Chris Boucher,33.0,9,94.15,18,3,7,5,21
2025-26,1641753,Chris Livingston,22.0,3,17.426666666666666,3,1,0,1,9
2025-26,1643024,Chris Mañon,24.0,9,46.085,10,3,2,5,7
2025-26,101108,Chris Paul,41.0,16,227.535,28,53,0,11,47
2025-26,1642959,Chris Youngblood,24.0,34,185.09166666666667,28,12,3,4,71
2025-26,1631128,Christian Braun,25.0,44,1399.1383333333333,211,120,12,30,526
2025-26,1631132,Christian Koloko,25.0,27,356.66833333333335,81,18,23,14,73
2025-26,1642935,Chucky Hepburn,23.0,2,13.233333333333333,1,2,0,1,0
2025-26,203991,Clint Capela,32.0,75,925.6616666666666,345,50,63,36,282
2025-26,1629632,Coby White,26.0,50,1249.7883333333334,170,200,5,25,868
2025-26,1628998,Cody Martin,30.0,4,55.18,14,2,2,4,7
2025-26,1642262,Cody Williams,21.0,67,1630.5416666666667,198,137,26,51,588
2025-26,1641732,Colby Jones,24.0,1,6.816666666666666,4,2,0,0,2
2025-26,1630175,Cole Anthony,26.0,35,526.635,87,121,11,20,234
2025-26,1630658,Colin Castleton,26.0,4,21.383333333333333,8,1,0,1,5
2025-26,1631221,Collin Gillespie,26.0,80,2281.8016666666667,327,371,16,99,1012
2025-26,1642867,Collin Murray-Boyles,20.0,57,1245.6,285,106,53,52,484
2025-26,1629012,Collin Sexton,27.0,68,1613.2033333333334,155,223,10,76,1050
2025-26,1642843,Cooper Flagg,19.0,70,2343.858333333333,466,316,64,84,1473
2025-26,1630557,Corey Kispert,27.0,58,1079.6066666666666,132,92,9,16,532
2025-26,1642504,Cormac Ryan,27.0,11,270.67833333333334,28,19,3,11,157
2025-26,1641854,Craig Porter Jr.,26.0,64,1147.6616666666666,220,205,38,57,289
2025-26,1642938,Curtis Jones,24.0,10,87.71666666666667,11,10,0,4,29
2025-26,1626156,D'Angelo Russell,30.0,26,494.775,61,104,2,12,264
2025-26,1629610,DaQuan Jeffries,28.0,3,59.903333333333336,5,1,0,2,31
2025-26,1641747,DaRon Holmes II,23.0,25,209.51,35,16,6,1,93
2025-26,1631342,Daeqwon Plowden,27.0,32,844.3683333333333,97,41,7,23,344
2025-26,1630625,Dalano Banton,26.0,6,61.65,5,11,5,2,12
2025-26,1631207,Dalen Terry,23.0,48,551.0266666666666,86,66,15,29,176
2025-26,1642261,Dalton Knecht,25.0,54,552.9283333333333,75,21,11,11,228
2025-26,1629655,Daniel Gafford,27.0,55,1194.4383333333333,378,58,69,42,524
2025-26,1642450,Daniss Jenkins,24.0,72,1455.3,166,278,15,64,671
2025-26,1642874,Danny Wolf,22.0,57,1187.1616666666666,281,127,32,30,508
2025-26,203967,Dario Saric,32.0,5,41.248333333333335,6,2,0,0,5
2025-26,1641727,Dariq Whitehead,21.0,6,182.81666666666666,24,9,0,4,98
2025-26,1642468,Darius Brown,26.0,1,2.6666666666666665,1,0,0,0,0
2025-26,1629636,Darius Garland,26.0,45,1344.2766666666666,107,301,8,43,845
2025-26,1642357,David Jones Garcia,24.0,11,67.975,13,18,1,6,32
2025-26,1631223,David Roddy,25.0,5,73.01666666666667,20,4,1,4,40
2025-26,1630558,Davion Mitchell,27.0,70,2000.255,187,453,11,68,654
2025-26,1630549,Day'Ron Sharpe,24.0,62,1159.915,413,145,26,67,540
2025-26,1628368,De'Aaron Fox,28.0,72,2231.065,270,445,19,89,1336
2025-26,1629631,De'Andre Hunter,28.0,45,1175.4866666666667,185,90,6,30,615
2025-26,1629001,De'Anthony Melton,28.0,49,1125.2566666666667,158,125,20,77,602
2025-26,201599,DeAndre Jordan,37.0,12,198.8,76,11,10,4,53
2025-26,1630610,DeJon Jarreau,28.0,11,230.73333333333332,51,36,8,10,88
2025-26,201942,DeMar DeRozan,36.0,77,2405.515,226,316,23,80,1419
2025-26,1629731,Dean Wade,29.0,59,1317.6833333333334,247,88,23,44,342
2025-26,1629028,Deandre Ayton,27.0,72,1958.385,575,59,70,41,897
2025-26,1627749,Dejounte Murray,29.0,14,389.4166666666667,75,89,3,23,234
2025-26,1630166,Deni Avdija,25.0,66,2199.385,454,442,41,51,1598
2025-26,203471,Dennis Schröder,32.0,70,1696.2983333333334,190,341,11,55,756
2025-26,1641726,Dereck Lively II,22.0,7,115.27333333333333,37,13,11,4,30
2025-26,1642852,Derik Queen,21.0,81,2023.38,572,298,74,84,948
2025-26,1627884,Derrick Jones Jr.,29.0,50,1349.5083333333334,173,69,50,45,504
2025-26,1628401,Derrick White,31.0,77,2624.9566666666665,339,414,98,88,1267
2025-26,1630217,Desmond Bane,27.0,82,2756.045,338,338,37,86,1647
2025-26,1626164,Devin Booker,29.0,64,2146.43,248,386,18,51,1668
2025-26,1642269,Devin Carter,24.0,38,699.8683333333333,125,101,9,34,339
2025-26,1630170,Devin Vassell,25.0,67,2044.2316666666666,269,167,25,57,932
2025-26,1628415,Dillon Brooks,30.0,56,1701.5833333333333,203,99,9,57,1131
2025-26,1641794,Dillon Jones,24.0,7,39.388333333333335,7,4,0,3,9
2025-26,1627734,Domantas Sabonis,30.0,19,563.5883333333334,216,78,4,18,301
2025-26,1631230,Dominick Barlow,23.0,71,1688.5183333333334,340,87,53,63,545
2025-26,1642270,Donovan Clingan,22.0,77,2093.6366666666668,892,162,130,44,934
2025-26,1628378,Donovan Mitchell,29.0,70,2342.0633333333335,316,398,20,104,1952
2025-26,1628978,Donte DiVincenzo,29.0,82,2494.036666666667,336,313,34,104,1000
2025-26,1627827,Dorian Finney-Smith,33.0,37,620.3116666666666,93,36,6,16,123
2025-26,203926,Doug McDermott,34.0,29,439.1983333333333,37,22,4,6,164
2025-26,1642962,Drake Powell,20.0,63,1319.5133333333333,111,91,14,36,408
2025-26,203110,Draymond Green,36.0,68,1868.8883333333333,375,376,42,61,570
2025-26,1629234,Drew Eubanks,29.0,42,552.27,127,19,26,15,219
2025-26,1641809,Drew Peterson,26.0,6,64.26833333333333,9,2,1,3,5
2025-26,1631166,Drew Timme,25.0,27,235.08166666666668,33,23,0,6,92
2025-26,1630696,Dru Smith,28.0,70,1141.3083333333334,173,180,21,100,395
2025-26,1629130,Duncan Robinson,32.0,77,2113.1583333333333,205,159,22,44,939
2025-26,1641871,Duop Reath,29.0,32,258.17,38,10,8,5,94
2025-26,203939,Dwight Powell,34.0,63,904.4116666666666,257,68,21,34,210
2025-26,1642928,Dylan Cardwell,24.0,44,906.5383333333333,332,62,67,30,238
2025-26,1642844,Dylan Harper,20.0,69,1557.9566666666667,234,266,24,54,813
2025-26,1630700,Dyson Daniels,23.0,76,2519.54,520,449,31,149,901
2025-26,1630604,E.J. Liddell,25.0,26,349.19,69,24,10,6,147
2025-26,1642856,Egor Dëmin,20.0,52,1308.2083333333333,165,173,17,42,536
2025-26,1641989,Elijah Harkless,26.0,26,544.8133333333334,53,75,6,31,178
2025-26,1641801,Emanuel Miller,25.0,5,33.05,3,4,0,2,15
2025-26,1642402,Enrique Freeman,25.0,4,37.208333333333336,10,2,3,2,13
2025-26,201569,Eric Gordon,37.0,6,73.75,2,3,1,4,33
2025-26,1630679,Ethan Thompson,27.0,32,653.2316666666667,69,57,9,20,223
2025-26,1630596,Evan Mobley,24.0,65,2074.2883333333334,586,234,113,48,1180
2025-26,1630532,Franz Wagner,24.0,34,1019.0033333333333,177,113,11,32,699
2025-26,1641713,GG Jackson,21.0,55,1177.765,235,81,44,31,686
2025-26,1629216,Gabe Vincent,29.0,53,879.0783333333334,54,76,3,27,231
2025-26,202066,Garrett Temple,40.0,22,72.93666666666667,9,9,2,4,17
2025-26,1629726,Garrison Mathews,29.0,15,196.1,17,10,3,6,78
2025-26,203914,Gary Harris,31.0,48,660.7683333333333,61,51,9,27,128
2025-26,1627780,Gary Payton II,33.0,73,1142.28,265,123,21,67,547
2025-26,1629018,Gary Trent Jr.,27.0,65,1377.3816666666667,67,79,3,34,529
2025-26,203507,Giannis Antetokounmpo,31.0,36,1039.23,352,196,24,34,993
2025-26,1629048,Goga Bitadze,26.0,64,972.0066666666667,320,84,61,37,375
2025-26,1641711,Gradey Dick,22.0,76,1066.6883333333333,147,51,7,45,455
2025-26,1641761,Grant Nelson,24.0,4,35.01,6,5,5,1,17
2025-26,1629684,Grant Williams,27.0,36,711.4533333333334,142,56,18,17,252
2025-26,1628960,Grayson Allen,30.0,51,1467.2783333333334,155,195,13,69,841
2025-26,1627824,Guerschon Yabusele,30.0,67,1007.0566666666666,234,63,16,26,373
2025-26,1630611,Gui Santos,23.0,68,1395.3633333333332,266,159,22,61,625
2025-26,203084,Harrison Barnes,34.0,77,1986.475,213,148,12,50,765
2025-26,1631127,Harrison Ingram,23.0,7,26.116666666666667,3,1,0,0,11
2025-26,1643060,Hayden Gray,23.0,1,24.75,0,1,1,1,6
2025-26,1629312,Haywood Highsmith,29.0,7,90.79,13,7,0,4,38
2025-26,1630529,Herbert Jones,27.0,56,1588.3816666666667,190,155,27,88,496
2025-26,1642864,Hugo González,20.0,74,1083.93,246,40,21,42,289
2025-26,1630621,Hunter Dickinson,25.0,5,42.47833333333333,5,2,2,1,12
2025-26,1642282,Hunter Sallis,23.0,7,25.673333333333332,1,4,1,0,7
2025-26,1641816,Hunter Tyson,25.0,21,161.9,36,17,1,2,46
2025-26,1630193,Immanuel Quickley,26.0,70,2231.3083333333334,282,415,5,92,1150
2025-26,1642403,Isaac Jones,25.0,7,35.68333333333333,5,1,1,0,9
2025-26,1630171,Isaac Okoro,25.0,63,1694.89,173,100,29,46,584
2025-26,1642268,Isaiah Collier,21.0,59,1516.92,150,423,20,66,688
2025-26,1642384,Isaiah Crawford,24.0,14,92.1,16,5,3,2,28
2025-26,1628392,Isaiah Hartenstein,28.0,47,1137.425,443,166,36,48,432
2025-26,1630543,Isaiah Jackson,24.0,55,908.3116666666666,290,52,49,36,370
2025-26,1630198,Isaiah Joe,26.0,71,1507.445,181,94,11,50,785
2025-26,1630587,Isaiah Livers,27.0,36,347.36,61,21,8,13,65
2025-26,1641815,Isaiah Stevens,25.0,3,42.78333333333333,3,10,0,5,10
2025-26,1630191,Isaiah Stewart,25.0,58,1317.135,290,66,93,16,581
2025-26,1627826,Ivica Zubac,29.0,48,1446.6983333333333,509,105,40,18,677
2025-26,1631120,JD Davison,23.0,28,218.41666666666666,34,35,6,6,69
2025-26,1629630,Ja Morant,26.0,20,568.5,65,161,6,20,389
2025-26,1642266,Ja'Kobe Walter,21.0,72,1473.575,185,86,14,73,541
2025-26,1631095,Jabari Smith Jr.,23.0,77,2705.365,529,143,71,56,1215
2025-26,1631133,Jabari Walker,23.0,64,761.6683333333333,192,34,13,23,276
2025-26,1631210,Jacob Toppin,26.0,5,16.866666666666667,1,1,1,0,8
2025-26,1630702,Jaden Hardy,23.0,57,898.0966666666667,86,58,6,16,523
2025-26,1631093,Jaden Ivey,24.0,37,670.255,91,68,14,23,316
2025-26,1630183,Jaden McDaniels,25.0,73,2316.4133333333334,310,199,73,81,1084
2025-26,1630256,Jae'Sean Tate,30.0,46,404.72333333333336,73,25,3,10,129
2025-26,1642942,Jahmai Mashack,23.0,31,673.1516666666666,81,69,14,37,192
2025-26,1642443,Jahmir Young,25.0,14,58.195,4,9,0,1,25
2025-26,1643141,Jahmyl Telfort,25.0,8,32.03333333333333,3,1,0,1,1
2025-26,1631170,Jaime Jaquez Jr.,25.0,75,2121.21,375,352,21,51,1152
2025-26,1631222,Jake LaRavia,24.0,82,2061.47,326,145,38,104,674
2025-26,1627751,Jakob Poeltl,30.0,46,1149.06,323,93,32,40,493
2025-26,1628973,Jalen Brunson,29.0,74,2589.806666666667,247,503,8,57,1927
2025-26,1631105,Jalen Duren,22.0,70,1975.8533333333332,737,138,59,57,1365
2025-26,1630224,Jalen Green,24.0,32,828.325,116,91,8,34,568
2025-26,1630552,Jalen Johnson,24.0,72,2531.5983333333334,740,566,31,89,1621
2025-26,1629618,Jalen Pickett,26.0,50,806.48,114,115,5,13,260
2025-26,1641771,Jalen Slawson,26.0,13,310.55,57,36,14,20,95
2025-26,1630188,Jalen Smith,26.0,53,1095.3883333333333,355,65,42,24,541
2025-26,1630591,Jalen Suggs,25.0,57,1573.57,220,312,40,105,786
2025-26,1631114,Jalen Williams,25.0,33,935.9633333333334,153,181,9,39,563
2025-26,1630592,Jalen Wilson,25.0,54,859.2216666666667,114,50,2,22,343
2025-26,1631288,Jamal Cain,27.0,40,485.9683333333333,78,29,4,11,215
2025-26,1627750,Jamal Murray,29.0,75,2651.891666666667,330,535,29,66,1905
2025-26,1642347,Jamal Shead,23.0,82,1852.2383333333332,143,444,15,76,545
2025-26,1631123,Jamaree Bouyea,26.0,46,644.0583333333333,82,82,16,29,263
2025-26,201935,James Harden,36.0,70,2438.495,336,557,28,79,1652
2025-26,1630164,James Wiseman,25.0,4,58.461666666666666,8,3,1,0,13
2025-26,1642364,Jamir Watkins,24.0,50,1032.1766666666667,194,67,25,54,368
2025-26,1642419,Jamison Battle,25.0,61,516.7783333333333,89,24,3,7,192
2025-26,1641716,Jarace Walker,22.0,76,1953.3833333333334,391,192,26,63,884
2025-26,1642272,Jared McCain,22.0,67,1159.6666666666667,137,90,5,35,558
2025-26,1628991,Jaren Jackson Jr.,26.0,48,1454.6483333333333,272,94,69,53,931
2025-26,1629020,Jarred Vanderbilt,27.0,65,1127.7416666666666,292,84,19,55,288
2025-26,1628386,Jarrett Allen,28.0,56,1519.12,476,100,47,55,860
2025-26,1642859,Jase Richardson,20.0,54,586.7483333333333,63,58,2,19,239
2025-26,1642914,Javon Small,23.0,41,829.9083333333333,128,151,9,34,396
2025-26,1631451,Javonte Cooke,26.0,19,93.665,19,7,0,6,23
2025-26,1629750,Javonte Green,32.0,82,1445.9616666666666,230,56,25,102,569
2025-26,1629637,Jaxson Hayes,26.0,66,1206.5783333333334,271,59,52,29,497
2025-26,1630643,Jay Huff,28.0,82,1719.2433333333333,324,121,153,41,783
2025-26,1627759,Jaylen Brown,29.0,71,2442.838333333333,492,364,27,72,2038
2025-26,1641740,Jaylen Clark,24.0,68,887.7033333333334,120,43,9,47,275
2025-26,1642377,Jaylen Wells,22.0,69,1820.6416666666667,220,111,9,61,865
2025-26,1631119,Jaylin Williams,23.0,65,1277.375,358,158,42,31,469
2025-26,1642281,Jaylon Tyson,23.0,66,1777.4833333333333,338,147,28,54,872
2025-26,1643257,Jayson Kent,24.0,5,22.466666666666665,5,0,1,1,10
2025-26,1628369,Jayson Tatum,28.0,16,521.85,160,85,3,22,348
2025-26,201145,Jeff Green,39.0,30,174.81666666666666,25,8,2,2,67
2025-26,203924,Jerami Grant,32.0,57,1695.1016666666667,198,122,36,42,1060
2025-26,1642847,Jeremiah Fears,19.0,82,2111.903333333333,300,279,30,97,1169
2025-26,1630526,Jeremiah Robinson-Earl,25.0,22,360.615,103,15,1,9,101
2025-26,1631110,Jeremy Sochan,23.0,44,468.5516666666667,107,40,7,17,158
2025-26,1630579,Jericho Sims,27.0,67,1317.835,370,104,17,19,334
2025-26,1641724,Jett Howard,22.0,55,695.32,87,45,11,10,301
2025-26,1628975,Jevon Carter,30.0,53,867.4416666666667,89,87,10,40,339
2025-26,202710,Jimmy Butler III,36.0,38,1181.6766666666667,211,185,8,55,760
2025-26,1642866,Joan Beringer,19.0,40,314.13166666666666,92,12,26,7,156
2025-26,1629111,Jock Landale,30.0,68,1506.0766666666666,387,115,36,35,718
2025-26,204060,Joe Ingles,38.0,27,152.68833333333333,19,34,2,9,41
2025-26,203954,Joel Embiid,32.0,38,1200.6383333333333,293,150,46,21,1021
2025-26,1628381,John Collins,28.0,69,1871.4783333333332,367,70,51,60,935
2025-26,1629723,John Konchar,30.0,56,1114.6766666666667,240,118,38,83,248
2025-26,1642967,John Poulakidas,23.0,13,253.435,30,11,4,7,115
2025-26,1642910,John Tonje,25.0,6,41.89833333333333,6,2,0,2,15
2025-26,1641780,Johni Broome,23.0,11,54.76166666666666,16,4,2,3,10
2025-26,1642277,Johnny Furphy,21.0,35,643.0533333333333,153,41,7,20,180
2025-26,1630548,Johnny Juzang,25.0,21,87.69833333333334,17,6,1,2,43
2025-26,202685,Jonas Valančiūnas,34.0,65,871.065,329,78,37,14,567
2025-26,1628371,Jonathan Isaac,28.0,52,520.8933333333333,132,22,31,20,134
2025-26,1630228,Jonathan Kuminga,23.0,36,830.4966666666667,202,83,11,22,438
2025-26,1642367,Jonathan Mogbo,24.0,40,248.89666666666668,68,25,8,11,61
2025-26,203903,Jordan Clarkson,34.0,72,1279.4616666666666,127,96,9,30,622
2025-26,1630692,Jordan Goodwin,27.0,70,1571.7766666666666,341,151,14,106,609
2025-26,1641722,Jordan Hawkins,24.0,51,691.975,88,42,10,13,258
2025-26,1629162,Jordan McLaughlin,30.0,44,281.6166666666667,32,38,2,20,89
2025-26,1641757,Jordan Miller,26.0,60,1324.78,182,136,11,45,598
2025-26,1629673,Jordan Poole,26.0,39,933.2366666666667,77,119,15,22,524
2025-26,1641775,Jordan Walsh,22.0,68,1211.97,272,54,31,49,364
2025-26,1630631,Jose Alvarado,28.0,69,1370.2366666666667,171,234,8,66,510
2025-26,1630581,Josh Giddey,23.0,54,1731.3566666666666,448,494,27,55,919
2025-26,1630182,Josh Green,25.0,58,907.9283333333333,102,47,6,35,249
2025-26,1628404,Josh Hart,31.0,66,1993.575,486,317,17,75,792
2025-26,1631169,Josh Minott,23.0,49,833.7316666666667,158,46,24,44,364
2025-26,1642490,Josh Oduro,25.0,3,81.76666666666667,23,4,0,0,25
2025-26,1629006,Josh Okogie,27.0,78,1353.8116666666667,200,69,16,63,353
2025-26,201950,Jrue Holiday,35.0,53,1560.4016666666666,245,322,6,54,865
2025-26,1630577,Julian Champagnie,24.0,82,2265.963333333333,473,127,38,62,911
2025-26,1641763,Julian Phillips,22.0,48,427.01666666666665,49,10,7,22,140
2025-26,1642882,Julian Reese,22.0,13,401.5,137,24,8,18,154
2025-26,1631124,Julian Strawther,24.0,57,860.6733333333333,114,61,6,25,413
2025-26,203944,Julius Randle,31.0,79,2610.2966666666666,532,398,18,86,1667
2025-26,1630551,Justin Champagnie,24.0,69,1377.4533333333334,384,84,43,59,597
2025-26,1642348,Justin Edwards,22.0,64,977.0183333333333,94,80,11,54,386
2025-26,203994,Jusuf Nurkić,31.0,41,1083.0683333333334,425,196,22,52,447
2025-26,1642354,KJ Simpson,23.0,20,257.61,37,43,0,16,91
2025-26,1642955,Kadary Richmond,24.0,3,66.8,10,8,1,8,25
2025-26,1642880,Kam Jones,24.0,37,616.325,60,119,0,18,162
2025-26,1626157,Karl-Anthony Towns,30.0,75,2321.7816666666668,889,226,40,65,1504
2025-26,1631255,Karlo Matković,25.0,62,911.7566666666667,229,50,54,25,352
2025-26,1642857,Kasparas Jakučionis,20.0,53,944.6283333333333,138,137,7,33,328
2025-26,202695,Kawhi Leonard,34.0,65,2084.7283333333335,413,234,27,122,1813
2025-26,1630811,Keaton Wallace,27.0,53,535.99,56,94,5,24,186
2025-26,1631099,Keegan Murray,25.0,23,793.0966666666667,132,38,36,24,321
2025-26,1642276,Kel'el Ware,22.0,77,1703.8216666666667,694,56,84,59,851
2025-26,1629640,Keldon Johnson,26.0,82,1911.4666666666667,440,111,11,46,1081
2025-26,203482,Kelly Olynyk,35.0,42,360.2133333333333,76,49,3,15,133
2025-26,1626162,Kelly Oubre Jr.,30.0,50,1574.3116666666667,252,80,24,68,705
2025-26,1631113,Kennedy Chandler,23.0,11,355.2266666666667,37,74,2,11,165
2025-26,1629026,Kenrich Williams,31.0,56,855.1633333333333,187,79,5,31,363
2025-26,203484,Kentavious Caldwell-Pope,33.0,51,1087.5583333333334,125,139,8,43,428
2025-26,1631165,Keon Ellis,26.0,72,1478.6383333333333,135,72,46,83,480
2025-26,1642352,Keshad Johnson,24.0,32,279.52166666666665,62,8,8,15,136
2025-26,1642933,Keshon Gilbert,22.0,4,73.78333333333333,5,12,4,3,17
2025-26,201142,Kevin Durant,37.0,78,2839.8233333333333,426,372,71,62,2026
2025-26,1628989,Kevin Huerter,27.0,69,1549.0766666666666,240,178,33,63,693
2025-26,201567,Kevin Love,37.0,37,612.8,215,67,9,14,248
2025-26,1641755,Kevin McCullar Jr.,25.0,21,154.99333333333334,28,20,0,9,50
2025-26,1629645,Kevin Porter Jr.,26.0,38,1261.015,198,280,19,83,661
2025-26,1626172,Kevon Looney,30.0,21,307.4866666666667,118,34,10,9,59
2025-26,1641718,Keyonte George,22.0,54,1786.1083333333333,199,332,14,58,1275
2025-26,1642863,Khaman Maluach,19.0,46,411.025,133,6,33,5,139
2025-26,203114,Khris Middleton,34.0,63,1439.0866666666666,231,176,9,41,640
2025-26,1630165,Killian Hayes,24.0,23,405.52666666666664,54,81,4,21,127
2025-26,202691,Klay Thompson,36.0,69,1496.83,143,96,22,33,810
2025-26,1641738,Kobe Brown,26.0,61,962.3766666666667,185,80,12,23,353
2025-26,1641723,Kobe Bufkin,22.0,16,119.48333333333333,13,10,3,2,46
2025-26,1642920,Kobe Sanders,24.0,68,1351.4166666666667,153,109,10,49,495
2025-26,1642886,Koby Brea,23.0,12,83.86666666666666,8,10,0,1,45
2025-26,1642851,Kon Knueppel,20.0,81,2550.7466666666664,432,274,19,57,1498
2025-26,1627739,Kris Dunn,32.0,82,2230.0,271,295,14,131,596
2025-26,1631200,Kris Murray,25.0,57,1333.21,206,81,22,51,331
2025-26,204001,Kristaps Porziņģis,30.0,32,768.8916666666667,167,81,38,18,533
2025-26,203937,Kyle Anderson,32.0,43,853.2366666666667,150,126,26,45,266
2025-26,1642271,Kyle Filipowski,22.0,77,1800.9433333333334,552,198,39,73,879
2025-26,1628398,Kyle Kuzma,30.0,69,1805.7416666666666,313,184,28,46,896
2025-26,200768,Kyle Lowry,40.0,14,118.04,9,11,2,2,17
2025-26,1642273,Kyshawn George,22.0,48,1390.9633333333334,245,214,43,48,710
2025-26,1643018,LJ Cryer,24.0,18,292.14666666666665,28,18,0,3,148
2025-26,1630163,LaMelo Ball,24.0,72,2017.4466666666667,347,514,18,87,1445
2025-26,1642950,Lachlan Olbrich,22.0,37,344.2216666666667,112,42,8,12,89
2025-26,1629013,Landry Shamet,29.0,51,1171.055,92,72,9,31,475
2025-26,1626204,Larry Nance Jr.,33.0,35,448.77,93,34,6,21,131
2025-26,1628374,Lauri Markkanen,29.0,42,1442.5966666666666,289,89,21,42,1123
2025-26,1643133,Lawson Lovering,23.0,2,49.265,15,3,1,3,14
2025-26,2544,LeBron James,41.0,60,1989.055,364,432,35,72,1256
2025-26,1641778,Leaky Black,26.0,15,433.07666666666665,75,22,8,18,106
2025-26,1631159,Leonard Miller,22.0,46,718.6616666666666,181,40,15,17,361
2025-26,1642862,Liam McNeeley,20.0,31,367.52166666666665,73,24,3,5,132
2025-26,1630322,Lindy Waters III,28.0,40,284.6766666666667,29,19,1,6,95
2025-26,1628366,Lonzo Ball,28.0,35,727.7433333333333,140,136,9,45,160
2025-26,1631351,Lucas Williamson,27.0,7,223.74,38,18,1,11,73
2025-26,1629652,Luguentz Dort,27.0,69,1848.7416666666666,245,85,27,62,576
2025-26,1629029,Luka Dončić,27.0,64,2288.6016666666665,495,530,34,105,2143
2025-26,1630568,Luka Garza,27.0,69,1117.9083333333333,281,66,28,27,557
2025-26,1628379,Luke Kennard,29.0,78,1680.4766666666667,182,174,8,55,652
2025-26,1628436,Luke Kornet,30.0,68,1430.08,414,126,65,32,444
2025-26,1631247,Luke Travers,24.0,12,103.09166666666667,24,9,4,7,28
2025-26,1630644,Mac McClung,27.0,11,135.175,10,10,3,11,67
2025-26,1641869,Malachi Smith,26.0,15,358.82,51,49,4,12,124
2025-26,1631103,Malaki Branham,23.0,28,275.47833333333335,44,23,3,10,128
2025-26,1642502,Malevy Leons,26.0,25,276.4716666666667,53,23,9,14,83
2025-26,1628370,Malik Monk,28.0,62,1363.6433333333334,117,185,24,37,772
2025-26,1630699,MarJon Beauchamp,25.0,14,196.11166666666668,32,15,4,9,95
2025-26,1631204,Marcus Sasser,25.0,38,456.50333333333333,39,75,4,20,197
2025-26,203935,Marcus Smart,32.0,62,1768.9783333333332,172,185,23,87,579
2025-26,1641813,Mark Sears,24.0,7,26.081666666666667,2,2,0,0,22
2025-26,1631109,Mark Williams,24.0,60,1416.05,477,58,55,55,700
2025-26,1628365,Markelle Fultz,28.0,5,35.766666666666666,1,8,0,2,4
2025-26,1628963,Marvin Bagley III,27.0,60,1200.9033333333334,366,85,43,28,627
2025-26,203486,Mason Plumlee,36.0,20,171.48833333333334,53,20,0,10,31
2025-26,1641824,Matas Buzelis,21.0,77,2248.2483333333334,448,158,116,55,1252
2025-26,1629680,Matisse Thybulle,29.0,30,479.65,59,27,16,60,174
2025-26,1631108,Max Christie,23.0,77,2244.48,249,151,27,47,945
2025-26,1642917,Max Shulga,23.0,11,36.275,6,2,0,1,7
2025-26,1629622,Max Strus,30.0,12,288.295,65,24,0,3,134
2025-26,1628467,Maxi Kleber,34.0,43,461.01,84,27,11,18,86
2025-26,1642875,Maxime Raynaud,23.0,74,1963.88,556,100,39,38,922
2025-26,1642877,Micah Peavy,24.0,61,912.935,117,61,9,43,262
2025-26,1630695,Micah Potter,28.0,47,908.3166666666667,233,69,15,22,458
2025-26,1629008,Michael Porter Jr.,27.0,52,1688.6033333333332,367,158,13,55,1259
2025-26,1628969,Mikal Bridges,29.0,82,2691.935,312,304,62,107,1181
2025-26,201144,Mike Conley,38.0,54,991.2983333333333,93,157,14,35,245
2025-26,1628970,Miles Bridges,28.0,77,2387.2316666666666,450,246,34,46,1314
2025-26,1642939,Miles Kelly,23.0,14,133.72333333333333,24,12,1,4,43
2025-26,1630540,Miles McBride,25.0,41,1080.035,100,106,9,35,491
2025-26,1629011,Mitchell Robinson,28.0,60,1174.5016666666668,525,52,70,56,340
2025-26,1628964,Mo Bamba,28.0,4,43.8,22,1,3,0,10
2025-26,1642885,Mohamed Diawara,21.0,69,634.1516666666666,94,53,6,17,246
2025-26,1628420,Monte Morris,30.0,6,64.61666666666666,7,9,1,1,18
2025-26,1629021,Moritz Wagner,29.0,36,426.595,115,27,2,15,247
2025-26,1630541,Moses Moody,24.0,60,1539.8983333333333,200,98,34,58,728
2025-26,1631338,Mouhamadou Gueye,27.0,2,45.44166666666667,6,6,1,2,16
2025-26,1631243,Mouhamed Gueye,23.0,77,1178.8366666666666,275,69,39,61,342
2025-26,1630619,Moussa Cisse,23.0,38,529.58,216,9,45,19,170
2025-26,1631217,Moussa Diabaté,24.0,73,1898.9566666666667,635,141,72,56,575
2025-26,1626167,Myles Turner,30.0,71,1911.8033333333333,378,103,115,50,846
2025-26,1642066,Myron Gardner,25.0,45,410.505,122,44,8,20,163
2025-26,1642368,N'Faly Dante,24.0,4,15.416666666666666,7,0,0,2,3
2025-26,1641772,Nae'Qwan Tomlin,25.0,64,1003.6383333333333,186,53,34,41,374
2025-26,1630230,Naji Marshall,28.0,74,2183.74,348,241,6,82,1128
2025-26,1631466,Nate Williams,27.0,14,239.17,30,14,0,5,112
2025-26,1629675,Naz Reid,26.0,77,2007.35,477,170,78,76,1046
2025-26,1629674,Neemias Queta,26.0,76,1926.2066666666667,636,126,100,60,776
2025-26,1629651,Nic Claxton,27.0,69,1920.3666666666666,478,253,77,45,810
2025-26,1630208,Nick Richards,28.0,48,700.71,243,16,32,10,276
2025-26,1641733,Nick Smith Jr.,22.0,30,374.87666666666667,23,31,2,9,185
2025-26,1629638,Nickeil Alexander-Walker,27.0,78,2603.1766666666667,268,286,42,102,1624
2025-26,201587,Nicolas Batum,37.0,74,1294.595,184,64,23,47,293
2025-26,1628502,Nigel Hayes-Davis,31.0,27,195.21333333333334,33,7,2,8,34
2025-26,203999,Nikola Jokić,31.0,65,2264.855,836,697,53,92,1799
2025-26,1631107,Nikola Jović,23.0,47,808.0183333333333,153,102,17,26,344
2025-26,1642260,Nikola Topić,20.0,10,160.08333333333334,19,44,0,5,52
2025-26,202696,Nikola Vučević,35.0,64,1818.1183333333333,537,213,41,39,965
2025-26,1642363,Nique Clifford,24.0,75,1881.925,282,179,24,68,645
2025-26,1642855,Noa Essengue,19.0,2,6.033333333333333,0,0,0,1,0
2025-26,1641730,Noah Clowney,21.0,66,1780.0633333333333,273,108,45,50,809
2025-26,1642869,Noah Penda,21.0,59,757.275,187,70,18,30,227
2025-26,1642849,Nolan Traore,20.0,56,1243.3916666666667,99,213,23,45,499
2025-26,1641807,Norchad Omier,24.0,6,23.666666666666668,7,2,0,1,17
2025-26,1626181,Norman Powell,33.0,58,1716.9366666666667,202,143,14,64,1261
2025-26,1628384,OG Anunoby,28.0,67,2223.8716666666664,351,145,48,104,1118
2025-26,1630167,Obi Toppin,28.0,24,423.725,106,55,1,12,279
2025-26,1630534,Ochai Agbaji,26.0,62,973.2033333333334,141,47,17,24,314
2025-26,1630846,Olivier Sarr,27.0,4,39.35,11,5,3,2,14
2025-26,1641765,Olivier-Maxence Prosper,23.0,53,983.5916666666667,187,51,13,40,530
2025-26,1630209,Omer Yurtseven,27.0,9,103.955,30,8,1,2,34
2025-26,1630168,Onyeka Okongwu,25.0,74,2296.9683333333332,562,231,79,82,1123
2025-26,1631115,Orlando Robinson,25.0,4,24.816666666666666,4,3,0,1,7
2025-26,1631131,Oscar Tshiebwe,26.0,27,448.42,179,32,5,16,211
2025-26,1642345,Oso Ighodaro,23.0,82,1808.37,418,185,57,73,531
2025-26,1631172,Ousmane Dieng,23.0,57,1099.4716666666666,180,136,17,25,431
2025-26,1629023,P.J. Washington,27.0,56,1735.62,394,98,60,55,793
2025-26,1641790,PJ Hall,24.0,19,213.37833333333333,75,10,10,3,86
2025-26,1642359,Pacôme Dadiet,20.0,29,135.76,27,12,1,3,48
2025-26,1631094,Paolo Banchero,23.0,72,2501.685,604,373,40,51,1599
2025-26,1627783,Pascal Siakam,32.0,62,2056.6516666666666,411,236,25,69,1485
2025-26,1626192,Pat Connaughton,33.0,42,296.5183333333333,61,18,1,11,110
2025-26,1630311,Pat Spencer,29.0,66,1228.9266666666667,158,232,5,48,476
2025-26,1631116,Patrick Baldwin Jr.,23.0,9,102.47166666666666,23,5,5,3,33
2025-26,1630172,Patrick Williams,24.0,72,1473.78,215,105,26,49,505
2025-26,202331,Paul George,36.0,37,1135.0316666666668,196,133,16,62,641
2025-26,1630194,Paul Reed,26.0,65,900.6283333333333,294,80,60,57,504
2025-26,1630202,Payton Pritchard,28.0,79,2555.5233333333335,312,408,10,58,1345
2025-26,1642362,Payton Sandfort,23.0,4,63.333333333333336,10,0,0,1,35
2025-26,1641796,Pelle Larsson,25.0,70,1849.1433333333334,244,236,16,49,800
2025-26,1631250,Pete Nance,26.0,47,737.0983333333334,125,48,14,14,254
2025-26,1631212,Peyton Watson,23.0,54,1597.7583333333334,264,111,61,50,789
2025-26,1630173,Precious Achiuwa,26.0,73,1745.185,492,101,50,65,736
2025-26,1629656,Quentin Grimes,26.0,75,2205.721666666667,273,244,28,64,1006
2025-26,1631245,Quenton Jackson,27.0,49,897.425,114,140,6,31,448
2025-26,1642366,Quinten Post,26.0,67,1159.1983333333333,269,94,35,26,513
2025-26,1629628,RJ Barrett,25.0,57,1725.76,300,189,19,42,1098
2025-26,1642853,Rasheer Fleming,21.0,55,673.4016666666666,124,16,21,22,238
2025-26,1642484,RayJ Dennis,25.0,17,206.23333333333332,26,33,4,4,74
2025-26,1641712,Rayan Rupert,22.0,64,1072.545,188,68,9,55,332
2025-26,1642263,Reed Sheppard,21.0,82,2146.923333333333,238,277,54,122,1110
2025-26,1642434,Riley Minix,25.0,9,58.083333333333336,6,5,1,2,35
2025-26,1642265,Rob Dillingham,21.0,65,969.9533333333334,131,143,6,47,409
2025-26,1629057,Robert Williams III,28.0,59,1008.2133333333334,415,60,87,35,397
2025-26,1642911,Rocco Zikarsky,19.0,5,36.483333333333334,14,2,5,0,14
2025-26,1631199,Ron Harper Jr.,26.0,29,317.52666666666664,48,22,9,10,123
2025-26,1641842,Ronald Holland II,20.0,78,1550.4483333333333,315,95,27,92,640
2025-26,1626220,Royce O'Neale,33.0,78,2213.0533333333333,372,208,32,84,765
2025-26,203497,Rudy Gobert,33.0,76,2380.0466666666666,872,128,124,58,829
2025-26,1629060,Rui Hachimura,28.0,68,1926.565,226,57,21,39,780
2025-26,201566,Russell Westbrook,37.0,64,1852.57,348,426,12,83,971
2025-26,1642346,Ryan Dunn,23.0,70,1355.245,297,102,29,60,407
2025-26,1641750,Ryan Kalkbrenner,24.0,69,1479.1316666666667,377,54,101,32,521
2025-26,1642948,Ryan Nembhard,23.0,60,1170.88,133,316,2,25,397
2025-26,1631157,Ryan Rollins,23.0,74,2375.483333333333,338,414,31,110,1281
2025-26,1630180,Saddiq Bey,27.0,72,2245.575,400,182,7,68,1271
2025-26,1630573,Sam Hauser,28.0,78,1934.15,300,114,23,38,719
2025-26,1630241,Sam Merrill,30.0,52,1377.0733333333333,133,125,7,33,663
2025-26,1630572,Sandro Mamukelashvili,27.0,80,1750.6916666666666,395,151,41,64,893
2025-26,1630583,Santi Aldama,25.0,43,1198.0783333333334,287,126,31,37,602
2025-26,1630703,Scoot Henderson,22.0,30,747.83,80,112,9,27,427
2025-26,1630567,Scottie Barnes,24.0,80,2680.7766666666666,600,474,116,114,1448
2025-26,1630590,Scotty Pippen Jr.,25.0,10,211.86666666666667,22,47,4,19,114
2025-26,1642951,Sean Pedulla,23.0,7,31.0,3,5,0,0,13
2025-26,203552,Seth Curry,35.0,10,133.0,12,10,0,3,71
2025-26,1631101,Shaedon Sharpe,23.0,50,1471.3016666666667,217,132,6,70,1042
2025-26,1628983,Shai Gilgeous-Alexander,27.0,68,2258.9466666666667,292,448,52,95,2117
2025-26,1630536,Sharife Cooper,24.0,41,699.9983333333333,86,124,5,16,333
2025-26,1631321,Sidy Cissoko,22.0,75,1435.055,166,110,25,52,383
2025-26,1631323,Simone Fontecchio,30.0,70,1172.47,211,101,9,37,597
2025-26,1642883,Sion James,23.0,82,1843.28,287,163,20,52,441
2025-26,1627746,Skal Labissiere,30.0,3,37.55,9,3,1,2,13
2025-26,1642461,Spencer Jones,24.0,64,1416.79,209,51,29,52,352
2025-26,1630649,Stanley Umude,27.0,2,6.566666666666666,0,1,0,1,2
2025-26,201939,Stephen Curry,38.0,43,1328.7283333333332,154,203,17,49,1142
2025-26,1642264,Stephon Castle,21.0,68,2037.7433333333333,362,502,19,78,1133
2025-26,203500,Steven Adams,32.0,32,730.365,276,48,20,22,187
2025-26,1629004,Svi Mykhailiuk,28.0,50,1155.6116666666667,124,93,3,26,469
2025-26,204456,T.J. McConnell,34.0,56,962.505,124,287,10,56,525
2025-26,1643007,Taelon Peter,24.0,38,492.23,59,40,4,26,171
2025-26,201959,Taj Gibson,40.0,10,96.87333333333333,27,6,1,2,34
2025-26,1631106,Tari Eason,25.0,60,1549.105,376,90,28,72,627
2025-26,1627752,Taurean Prince,32.0,26,611.3033333333333,81,46,6,16,239
2025-26,1641707,Taylor Hendricks,22.0,59,1118.465,221,55,30,50,438
2025-26,1629611,Terance Mann,29.0,63,1529.0166666666667,200,190,15,41,455
2025-26,1630545,Terrence Shannon Jr.,25.0,43,537.675,49,38,1,14,241
2025-26,203648,Thanasis Antetokounmpo,33.0,34,147.95833333333334,30,15,6,13,47
2025-26,1628418,Thomas Bryant,28.0,60,731.8166666666667,205,33,26,18,370
2025-26,1642275,Tidjane Salaün,20.0,37,575.38,149,27,7,16,222
2025-26,203501,Tim Hardaway Jr.,34.0,80,2127.3,206,108,10,42,1079
2025-26,202699,Tobias Harris,33.0,63,1745.45,323,157,26,58,836
2025-26,1643253,Toby Okani,24.0,6,217.09,21,6,3,4,60
2025-26,1642449,Tolu Smith,25.0,15,137.44166666666666,49,13,6,2,56
2025-26,1628396,Tony Bradley,28.0,41,450.68666666666667,116,22,7,6,162
2025-26,1641787,Tosan Evbuomwan,25.0,5,7.713333333333333,2,0,0,0,0
2025-26,1641739,Toumani Camara,26.0,82,2731.2366666666667,421,201,35,94,1100
2025-26,1629027,Trae Young,27.0,15,383.75333333333333,30,120,2,13,269
2025-26,1631218,Trayce Jackson-Davis,26.0,53,496.0366666666667,145,39,24,17,181
2025-26,1642848,Tre Johnson,20.0,60,1442.8166666666666,170,122,18,33,733
2025-26,1630200,Tre Jones,26.0,65,1752.3733333333332,204,350,11,76,914
2025-26,1630544,Tre Mann,25.0,53,668.4583333333334,92,86,5,25,291
2025-26,1630570,Trendon Watford,25.0,53,863.7166666666667,174,132,22,16,346
2025-26,1642280,Trentyn Flowers,21.0,2,5.55,1,1,0,0,4
2025-26,1630286,Trevon Scott,29.0,6,182.235,31,10,5,8,48
2025-26,1631211,Trevor Keels,22.0,8,14.946666666666667,2,0,0,1,8
2025-26,1641725,Trey Alexander,23.0,9,110.64333333333333,11,9,2,6,47
2025-26,1641998,Trey Jemison III,26.0,13,81.58833333333334,18,5,2,1,13
2025-26,1630530,Trey Murphy III,25.0,66,2340.6383333333333,377,250,24,99,1420
2025-26,1642400,Tristan Enaruna,24.0,9,85.13333333333334,14,7,0,5,37
2025-26,1641774,Tristan Vukcevic,23.0,49,670.98,147,55,33,23,441
2025-26,1641783,Tristan da Silva,25.0,77,1899.4566666666667,284,124,25,68,762
2025-26,1641803,Tristen Newton,25.0,1,12.0,3,0,0,1,12
2025-26,1629660,Ty Jerome,28.0,15,338.68833333333333,42,85,4,16,295
2025-26,1631102,TyTy Washington Jr.,24.0,16,88.12833333333333,6,17,3,6,21
2025-26,1631174,Tyler Burton,26.0,12,306.74333333333334,50,12,4,11,129
2025-26,1629639,Tyler Herro,26.0,33,1032.6533333333334,158,136,12,23,677
2025-26,1642278,Tyler Kolek,25.0,62,727.1616666666666,98,170,4,22,274
2025-26,1641890,Tyler Smith,21.0,12,165.58333333333334,33,5,0,6,56
2025-26,1631213,Tyrese Martin,27.0,46,776.61,116,78,6,25,290
2025-26,1630178,Tyrese Maxey,25.0,70,2661.1183333333333,290,461,55,130,1980
2025-26,1642878,Tyrese Proctor,22.0,50,545.0866666666667,64,74,0,25,272
2025-26,1630623,Tyson Etienne,26.0,24,380.01666666666665,27,40,0,11,189
2025-26,1626145,Tyus Jones,30.0,67,978.5783333333334,76,159,3,37,199
2025-26,1642845,VJ Edgecombe,20.0,75,2623.305,423,315,39,107,1199
2025-26,1641705,Victor Wembanyama,22.0,64,1865.6483333333333,736,199,197,66,1600
2025-26,1631246,Vince Williams Jr.,25.0,40,819.395,155,166,16,29,300
2025-26,1642884,Vladislav Goldin,25.0,9,23.961666666666666,9,3,3,0,7
2025-26,1630249,Vít Krejčí,25.0,65,1392.1,148,100,18,47,550
2025-26,1631117,Walker Kessler,24.0,5,153.98,54,15,9,7,72
2025-26,1642383,Walter Clayton Jr.,23.0,69,1410.535,139,279,19,44,538
2025-26,1628976,Wendell Carter Jr.,27.0,78,2288.3516666666665,577,154,49,60,922
2025-26,1631111,Wendell Moore Jr.,24.0,6,59.555,6,4,2,2,10
2025-26,1642954,Will Richard,23.0,69,1376.805,172,93,9,80,441
2025-26,1642860,Will Riley,20.0,74,1632.4716666666666,212,146,9,54,764
2025-26,1630214,Xavier Tillman,27.0,30,183.87833333333333,43,13,5,9,44
2025-26,1642905,Yang Hansen,20.0,43,299.8933333333333,66,22,10,3,95
2025-26,1642949,Yanic Konan Niederhäuser,23.0,41,423.67833333333334,117,12,30,5,176
2025-26,1642530,Yuki Kawamura,25.0,18,209.02,33,47,0,9,62
2025-26,1642274,Yves Missi,22.0,66,1297.0366666666666,385,84,101,20,377
2025-26,1642258,Zaccharie Risacher,21.0,67,1503.2533333333333,257,76,36,59,641
2025-26,1628380,Zach Collins,28.0,10,183.73666666666668,56,15,4,2,97
2025-26,1641744,Zach Edey,24.0,11,283.8516666666667,122,12,21,7,150
2025-26,203897,Zach LaVine,31.0,39,1224.2633333333333,108,89,10,28,748
2025-26,1630192,Zeke Nnaji,25.0,52,625.9883333333333,136,29,24,17,190
2025-26,1630533,Ziaire Williams,24.0,56,1281.2666666666667,134,60,21,76,573
2025-26,1629627,Zion Williamson,25.0,62,1841.0633333333333,353,199,34,60,1302
2025-26,1642389,Zyon Pullin,25.0,5,42.583333333333336,3,9,0,1,23
