spell_id,player_id,player_name,franchise_id,season,entry_season,age,all_nba_this,event_departure,event_retire,censored,gap_year_after,years_with_franchise,team_win_pct_2yr,deep_run_recent,all_nba_count_career,first_season,supermax_eligible,market_tier,contract_years_remaining,contract_known,boundary_note,borderline_kept,pending_july6,provisional
adebaba01_1,adebaba01,Bam Adebayo,MIA,2020,2020,22,False,False,False,False,False,3,0.5395,True,0,2018,False,1,,False,,False,False,False
adebaba01_1,adebaba01,Bam Adebayo,MIA,2021,2020,23,False,False,False,False,False,4,0.5795,True,0,2018,False,1,,False,,False,False,False
adebaba01_1,adebaba01,Bam Adebayo,MIA,2022,2020,24,False,False,False,False,False,5,0.601,True,0,2018,False,1,,False,,False,False,False
adebaba01_1,adebaba01,Bam Adebayo,MIA,2023,2020,25,False,False,False,False,False,6,0.5915,True,0,2018,False,1,,False,,False,False,False
adebaba01_1,adebaba01,Bam Adebayo,MIA,2024,2020,26,False,False,False,False,False,7,0.549,True,0,2018,False,1,,False,,False,False,False
adebaba01_1,adebaba01,Bam Adebayo,MIA,2025,2020,27,False,False,False,False,False,8,0.506,True,0,2018,False,1,,False,,False,False,False
adebaba01_1,adebaba01,Bam Adebayo,MIA,2026,2020,28,False,False,False,True,False,9,0.48750000000000004,False,0,2018,False,1,,False,,False,False,False
aldrila01_1,aldrila01,LaMarcus Aldridge,POR,2011,2011,25,True,False,False,False,False,5,0.5974999999999999,False,1,2007,False,2,,False,,False,False,False
aldrila01_1,aldrila01,LaMarcus Aldridge,POR,2012,2011,26,False,False,False,False,False,6,0.5045,False,1,2007,False,2,,False,,False,False,False
aldrila01_1,aldrila01,LaMarcus Aldridge,POR,2013,2011,27,False,False,False,False,False,7,0.41300000000000003,False,1,2007,False,2,,False,,False,False,False
aldrila01_1,aldrila01,LaMarcus Aldridge,POR,2014,2011,28,True,False,False,False,False,8,0.5305,False,2,2007,False,2,,False,,False,False,False
aldrila01_1,aldrila01,LaMarcus Aldridge,POR,2015,2011,29,True,True,False,False,False,9,0.6405000000000001,False,3,2007,False,2,,False,,False,False,False
aldrila01_2,aldrila01,LaMarcus Aldridge,SAS,2016,2016,30,True,False,False,False,False,1,0.744,True,4,2007,False,2,,False,,False,False,False
aldrila01_2,aldrila01,LaMarcus Aldridge,SAS,2017,2016,31,False,False,False,False,False,2,0.7805,True,4,2007,False,2,,False,,False,False,False
aldrila01_2,aldrila01,LaMarcus Aldridge,SAS,2018,2016,32,True,False,False,False,False,3,0.6585,True,5,2007,True,2,,False,,False,False,False
aldrila01_2,aldrila01,LaMarcus Aldridge,SAS,2019,2016,33,False,False,False,False,False,4,0.579,True,5,2007,True,2,,False,,False,False,False
aldrila01_2,aldrila01,LaMarcus Aldridge,SAS,2020,2016,34,False,True,False,False,False,5,0.518,False,5,2007,True,2,,False,,False,False,False
allenja01_1,allenja01,Jarrett Allen,CLE,2025,2025,26,False,False,False,False,False,5,0.6825,False,0,2018,False,2,,False,,False,False,False
allenja01_1,allenja01,Jarrett Allen,CLE,2026,2025,27,False,False,False,True,False,6,0.7070000000000001,True,0,2018,False,2,,False,,False,False,False
allenra02_1,allenra02,Ray Allen,MIL,2000,2000,24,False,False,False,False,False,4,0.536,False,0,1997,False,3,,False,,False,False,False
allenra02_1,allenra02,Ray Allen,MIL,2001,2000,25,True,False,False,False,False,5,0.573,True,1,1997,False,3,,False,,False,False,False
allenra02_1,allenra02,Ray Allen,MIL,2002,2000,26,False,True,False,False,False,6,0.567,True,1,1997,False,3,,False,,False,False,False
allenra02_2,allenra02,Ray Allen,OKC,2003,2003,27,False,False,False,False,False,1,0.5185,False,1,1997,False,3,,False,,False,False,False
allenra02_2,allenra02,Ray Allen,OKC,2004,2003,28,False,False,False,False,False,2,0.46950000000000003,False,1,1997,False,3,,False,,False,False,False
allenra02_2,allenra02,Ray Allen,OKC,2005,2003,29,True,False,False,False,False,3,0.5425,False,2,1997,False,3,,False,,False,False,False
allenra02_2,allenra02,Ray Allen,OKC,2006,2003,30,False,False,False,False,False,4,0.5305,False,2,1997,False,3,,False,,False,False,False
allenra02_2,allenra02,Ray Allen,OKC,2007,2003,31,False,True,False,False,False,5,0.40249999999999997,False,2,1997,False,3,,False,,False,False,False
allenra02_3,allenra02,Ray Allen,BOS,2009,2009,33,False,False,False,False,False,2,0.7805,True,2,1997,False,1,,False,,False,False,False
allenra02_3,allenra02,Ray Allen,BOS,2010,2009,34,False,False,False,False,False,3,0.683,True,2,1997,False,1,,False,,False,False,False
allenra02_3,allenra02,Ray Allen,BOS,2011,2009,35,False,False,False,False,False,4,0.6465000000000001,True,2,1997,False,1,,False,,False,False,False
allenra02_3,allenra02,Ray Allen,BOS,2012,2009,36,False,True,False,False,False,5,0.637,True,2,1997,False,1,,False,,False,False,False
anderke01_1,anderke01,Kenny Anderson,CHA,1996,1996,25,False,True,False,False,False,1,0.5549999999999999,False,0,1992,False,2,,False,,True,False,False
anderke01_2,anderke01,Kenny Anderson,POR,1997,1997,26,False,True,False,False,False,1,0.5675,False,0,1992,False,2,,False,,True,False,False
antetgi01_1,antetgi01,Giannis Antetokounmpo,MIL,2017,2017,22,True,False,False,False,False,4,0.457,False,1,2014,False,3,,False,,False,True,False
antetgi01_1,antetgi01,Giannis Antetokounmpo,MIL,2018,2017,23,True,False,False,False,False,5,0.5245,False,2,2014,False,3,,False,,False,True,False
antetgi01_1,antetgi01,Giannis Antetokounmpo,MIL,2019,2017,24,True,False,False,False,False,6,0.6345000000000001,True,3,2014,False,3,,False,,False,True,False
antetgi01_1,antetgi01,Giannis Antetokounmpo,MIL,2020,2017,25,True,False,False,False,False,7,0.7495,True,4,2014,False,3,,False,,False,True,False
antetgi01_1,antetgi01,Giannis Antetokounmpo,MIL,2021,2017,26,True,False,False,False,False,8,0.7030000000000001,True,5,2014,True,3,,False,,False,True,False
antetgi01_1,antetgi01,Giannis Antetokounmpo,MIL,2022,2017,27,True,False,False,False,False,9,0.6305000000000001,True,6,2014,True,3,,False,,False,True,False
antetgi01_1,antetgi01,Giannis Antetokounmpo,MIL,2023,2017,28,True,False,False,False,False,10,0.6645,True,7,2014,True,3,,False,,False,True,False
antetgi01_1,antetgi01,Giannis Antetokounmpo,MIL,2024,2017,29,True,False,False,False,False,11,0.6525,False,8,2014,True,3,,False,,False,True,False
antetgi01_1,antetgi01,Giannis Antetokounmpo,MIL,2025,2017,30,True,False,False,False,False,12,0.5914999999999999,False,9,2014,True,3,,False,,False,True,False
antetgi01_1,antetgi01,Giannis Antetokounmpo,MIL,2026,2017,31,False,True,False,False,False,13,0.4875,False,9,2014,True,3,,False,,False,True,False
anthoca01_1,anthoca01,Carmelo Anthony,DEN,2006,2006,21,True,False,False,False,False,3,0.5675,False,1,2004,False,2,,False,,False,False,False
anthoca01_1,anthoca01,Carmelo Anthony,DEN,2007,2006,22,True,False,False,False,False,4,0.543,False,2,2004,False,2,,False,,False,False,False
anthoca01_1,anthoca01,Carmelo Anthony,DEN,2008,2006,23,False,False,False,False,False,5,0.5795,False,2,2004,False,2,,False,,False,False,False
anthoca01_1,anthoca01,Carmelo Anthony,DEN,2009,2006,24,True,False,False,False,False,6,0.6345000000000001,True,3,2004,False,2,,False,,False,False,False
anthoca01_1,anthoca01,Carmelo Anthony,DEN,2010,2006,25,True,True,False,False,False,7,0.6525000000000001,True,4,2004,False,2,,False,,False,False,False
anthoca01_2,anthoca01,Carmelo Anthony,NYK,2012,2012,27,True,False,False,False,False,2,0.5285,False,5,2004,False,1,,False,,False,False,False
anthoca01_2,anthoca01,Carmelo Anthony,NYK,2013,2012,28,True,False,False,False,False,3,0.6020000000000001,False,6,2004,False,1,,False,,False,False,False
anthoca01_2,anthoca01,Carmelo Anthony,NYK,2014,2012,29,False,False,False,False,False,4,0.555,False,6,2004,False,1,,False,,False,False,False
anthoca01_2,anthoca01,Carmelo Anthony,NYK,2015,2012,30,False,False,False,False,False,5,0.329,False,6,2004,False,1,,False,,False,False,False
anthoca01_2,anthoca01,Carmelo Anthony,NYK,2016,2012,31,False,False,False,False,False,6,0.2985,False,6,2004,False,1,,False,,False,False,False
anthoca01_2,anthoca01,Carmelo Anthony,NYK,2017,2012,32,False,True,False,False,False,7,0.384,False,6,2004,False,1,,False,,False,False,False
arenagi01_1,arenagi01,Gilbert Arenas,WAS,2005,2005,23,True,False,False,False,False,2,0.42700000000000005,False,1,2002,False,2,,False,,False,False,False
arenagi01_1,arenagi01,Gilbert Arenas,WAS,2006,2005,24,True,False,False,False,False,3,0.5305,False,2,2002,False,2,,False,,False,False,False
arenagi01_1,arenagi01,Gilbert Arenas,WAS,2007,2005,25,True,False,False,False,False,4,0.506,False,3,2002,False,2,,False,,False,False,False
arenagi01_1,arenagi01,Gilbert Arenas,WAS,2008,2005,26,False,False,False,False,False,5,0.512,False,3,2002,False,2,,False,,False,False,False
arenagi01_1,arenagi01,Gilbert Arenas,WAS,2009,2005,27,False,False,False,False,False,6,0.378,False,3,2002,False,2,,False,,False,False,False
arenagi01_1,arenagi01,Gilbert Arenas,WAS,2010,2005,28,False,True,False,False,False,7,0.2745,False,3,2002,False,2,,False,,False,False,False
artesro01_1,artesro01,Metta World Peace,IND,2004,2004,24,True,False,False,False,False,3,0.6645,True,1,2000,False,2,,False,,False,False,False
artesro01_1,artesro01,Metta World Peace,IND,2005,2004,25,False,True,False,False,False,4,0.6405000000000001,True,1,2000,False,2,,False,,False,False,False
avdijde01_1,avdijde01,Deni Avdija,POR,2026,2026,25,False,False,False,True,False,2,0.47550000000000003,False,0,2021,False,2,,False,,False,False,False
bakervi01_1,bakervi01,Vin Baker,MIL,1997,1997,25,True,True,False,False,False,4,0.35350000000000004,False,1,1994,False,3,,False,,False,False,False
bakervi01_2,bakervi01,Vin Baker,OKC,1998,1998,26,True,False,False,False,False,1,0.7195,True,2,1994,False,3,,False,,False,False,False
bakervi01_2,bakervi01,Vin Baker,OKC,1999,1998,27,False,False,False,False,False,2,0.622,False,2,1994,False,3,,False,,False,False,False
bakervi01_2,bakervi01,Vin Baker,OKC,2000,1998,28,False,False,False,False,False,3,0.5245,False,2,1994,False,3,,False,,False,False,False
bakervi01_2,bakervi01,Vin Baker,OKC,2001,1998,29,False,False,False,False,False,4,0.543,False,2,1994,False,3,,False,,False,False,False
bakervi01_2,bakervi01,Vin Baker,OKC,2002,1998,30,False,True,False,False,False,5,0.543,False,2,1994,False,3,,False,,False,False,False
ballla01_1,ballla01,LaMelo Ball,CHA,2026,2026,24,False,True,False,False,False,6,0.3845,False,0,2021,False,2,,False,,False,True,False
barklch01_1,barklch01,Charles Barkley,PHI,1990,1990,26,True,False,False,False,False,6,0.6035,False,5,1985,False,1,,False,,False,False,False
barklch01_1,barklch01,Charles Barkley,PHI,1991,1990,27,True,False,False,False,False,7,0.5915,False,6,1985,False,1,,False,,False,False,False
barklch01_1,barklch01,Charles Barkley,PHI,1992,1990,28,True,True,False,False,False,8,0.482,False,7,1985,False,1,,False,,False,False,False
barklch01_2,barklch01,Charles Barkley,PHX,1993,1993,29,True,False,False,False,False,1,0.7010000000000001,True,8,1985,False,2,,False,,False,False,False
barklch01_2,barklch01,Charles Barkley,PHX,1994,1993,30,True,False,False,False,False,2,0.7195,True,9,1985,False,2,,False,,False,False,False
barklch01_2,barklch01,Charles Barkley,PHX,1995,1993,31,True,False,False,False,False,3,0.7015,True,10,1985,False,2,,False,,False,False,False
barklch01_2,barklch01,Charles Barkley,PHX,1996,1993,32,True,True,False,False,False,4,0.61,False,11,1985,False,2,,False,,False,False,False
barklch01_3,barklch01,Charles Barkley,HOU,1997,1997,33,False,False,False,False,False,1,0.6399999999999999,True,11,1985,False,1,,False,,False,False,False
barklch01_3,barklch01,Charles Barkley,HOU,1998,1997,34,False,False,False,False,False,2,0.5974999999999999,True,11,1985,False,1,,False,,False,False,False
barklch01_3,barklch01,Charles Barkley,HOU,1999,1997,35,False,False,False,False,False,3,0.56,True,11,1985,False,1,,False,,False,False,False
barklch01_3,barklch01,Charles Barkley,HOU,2000,1997,36,False,False,True,False,False,4,0.5175,False,11,1985,False,1,,False,,False,False,False
barnesc01_1,barnesc01,Scottie Barnes,TOR,2026,2026,24,False,False,False,True,False,5,0.4635,False,0,2022,False,1,,False,,False,False,False
barroda01_1,barroda01,Dana Barros,PHI,1995,1995,27,False,True,False,False,False,2,0.299,False,0,1990,False,1,,False,,True,False,False
bealbr01_1,bealbr01,Bradley Beal,WAS,2021,2021,27,True,False,False,False,False,9,0.4095,False,1,2013,True,2,,False,,False,False,False
bealbr01_1,bealbr01,Bradley Beal,WAS,2022,2021,28,False,False,False,False,False,10,0.4495,False,1,2013,True,2,,False,,False,False,False
bealbr01_1,bealbr01,Bradley Beal,WAS,2023,2021,29,False,True,False,False,False,11,0.427,False,1,2013,True,2,,False,,False,False,False
billuch01_1,billuch01,Chauncey Billups,DET,2003,2003,26,False,False,False,False,False,1,0.61,True,0,1998,False,2,,False,,False,False,False
billuch01_1,billuch01,Chauncey Billups,DET,2004,2003,27,False,False,False,False,False,2,0.6345000000000001,True,0,1998,False,2,,False,,False,False,False
billuch01_1,billuch01,Chauncey Billups,DET,2005,2003,28,False,False,False,False,False,3,0.659,True,0,1998,False,2,,False,,False,False,False
billuch01_1,billuch01,Chauncey Billups,DET,2006,2003,29,True,False,False,False,False,4,0.7195,True,1,1998,False,2,,False,,False,False,False
billuch01_1,billuch01,Chauncey Billups,DET,2007,2003,30,True,False,False,False,False,5,0.7130000000000001,True,2,1998,False,2,,False,,False,False,False
billuch01_1,billuch01,Chauncey Billups,DET,2008,2003,31,False,True,False,False,False,6,0.683,True,2,1998,False,2,,False,,False,False,False
billuch01_2,billuch01,Chauncey Billups,DEN,2009,2009,32,True,False,False,False,False,1,0.6345000000000001,True,3,1998,False,2,,False,,False,False,False
billuch01_2,billuch01,Chauncey Billups,DEN,2010,2009,33,False,True,False,False,False,2,0.6525000000000001,True,3,1998,False,2,,False,,False,False,False
birdla01_1,birdla01,Larry Bird,BOS,1990,1990,33,True,False,False,False,False,11,0.573,True,10,1980,False,1,,False,,False,False,False
birdla01_1,birdla01,Larry Bird,BOS,1991,1990,34,False,False,False,False,False,12,0.6585000000000001,False,10,1980,False,1,,False,,False,False,False
birdla01_1,birdla01,Larry Bird,BOS,1992,1990,35,False,False,True,False,False,13,0.6525000000000001,False,10,1980,False,1,,False,,False,False,False
blaylmo01_1,blaylmo01,Mookie Blaylock,ATL,1993,1993,25,False,False,False,False,False,1,0.49350000000000005,False,0,1990,False,2,,False,,False,False,False
blaylmo01_1,blaylmo01,Mookie Blaylock,ATL,1994,1993,26,False,False,False,False,False,2,0.6094999999999999,False,0,1990,False,2,,False,,False,False,False
blaylmo01_1,blaylmo01,Mookie Blaylock,ATL,1995,1993,27,False,False,False,False,False,3,0.6034999999999999,False,0,1990,False,2,,False,,False,False,False
blaylmo01_1,blaylmo01,Mookie Blaylock,ATL,1996,1993,28,False,False,False,False,False,4,0.5365,False,0,1990,False,2,,False,,False,False,False
blaylmo01_1,blaylmo01,Mookie Blaylock,ATL,1997,1993,29,False,False,False,False,False,5,0.6220000000000001,False,0,1990,False,2,,False,,False,False,False
blaylmo01_1,blaylmo01,Mookie Blaylock,ATL,1998,1993,30,False,False,False,False,False,6,0.6465000000000001,False,0,1990,False,2,,False,,False,False,False
blaylmo01_1,blaylmo01,Mookie Blaylock,ATL,1999,1993,31,False,True,False,False,False,7,0.615,False,0,1990,False,2,,False,,False,False,False
bogutan01_1,bogutan01,Andrew Bogut,MIL,2010,2010,25,True,False,False,False,False,5,0.488,False,1,2006,False,3,,False,,False,False,False
bogutan01_1,bogutan01,Andrew Bogut,MIL,2011,2010,26,False,False,False,False,False,6,0.494,False,1,2006,False,3,,False,,False,False,False
bogutan01_1,bogutan01,Andrew Bogut,MIL,2012,2010,27,False,True,False,False,False,7,0.4485,False,1,2006,False,3,,False,,False,False,False
bookede01_1,bookede01,Devin Booker,PHX,2022,2022,25,True,False,False,False,False,7,0.744,True,1,2016,False,2,,False,,False,False,False
bookede01_1,bookede01,Devin Booker,PHX,2023,2022,26,False,False,False,False,False,8,0.6645000000000001,True,1,2016,True,2,,False,,False,False,False
bookede01_1,bookede01,Devin Booker,PHX,2024,2022,27,True,False,False,False,False,9,0.5735,False,2,2016,True,2,,False,,False,False,False
bookede01_1,bookede01,Devin Booker,PHX,2025,2022,28,False,False,False,False,False,10,0.5185,False,2,2016,True,2,,False,,False,False,False
bookede01_1,bookede01,Devin Booker,PHX,2026,2022,29,False,False,False,True,False,11,0.494,False,2,2016,True,2,,False,,False,False,False
boozeca01_1,boozeca01,Carlos Boozer,UTA,2007,2007,25,False,False,False,False,False,3,0.5609999999999999,True,0,2003,False,3,,False,,False,False,False
boozeca01_1,boozeca01,Carlos Boozer,UTA,2008,2007,26,True,False,False,False,False,4,0.6405000000000001,True,1,2003,False,3,,False,,False,False,False
boozeca01_1,boozeca01,Carlos Boozer,UTA,2009,2007,27,False,False,False,False,False,5,0.622,True,1,2003,False,3,,False,,False,False,False
boozeca01_1,boozeca01,Carlos Boozer,UTA,2010,2007,28,False,True,False,False,False,6,0.6154999999999999,False,1,2003,False,3,,False,,False,False,False
boshch01_1,boshch01,Chris Bosh,TOR,2007,2007,22,True,False,False,False,False,4,0.45099999999999996,False,1,2004,False,1,,False,,False,False,False
boshch01_1,boshch01,Chris Bosh,TOR,2008,2007,23,False,False,False,False,False,5,0.5365,False,1,2004,False,1,,False,,False,False,False
boshch01_1,boshch01,Chris Bosh,TOR,2009,2007,24,False,False,False,False,False,6,0.451,False,1,2004,False,1,,False,,False,False,False
boshch01_1,boshch01,Chris Bosh,TOR,2010,2007,25,False,True,False,False,False,7,0.445,False,1,2004,False,1,,False,,False,False,False
boshch01_2,boshch01,Chris Bosh,MIA,2016,2016,31,False,False,True,False,False,6,0.518,True,1,2004,False,1,,False,,False,False,False
brandel01_1,brandel01,Elton Brand,LAC,2002,2002,22,False,False,False,False,False,1,0.427,False,0,2000,False,1,,False,,False,False,False
brandel01_1,brandel01,Elton Brand,LAC,2003,2002,23,False,False,False,False,False,2,0.40249999999999997,False,0,2000,False,1,,False,,False,False,False
brandel01_1,brandel01,Elton Brand,LAC,2004,2002,24,False,False,False,False,False,3,0.335,False,0,2000,False,1,,False,,False,False,False
brandel01_1,brandel01,Elton Brand,LAC,2005,2002,25,False,False,False,False,False,4,0.396,False,0,2000,False,1,,False,,False,False,False
brandel01_1,brandel01,Elton Brand,LAC,2006,2002,26,True,False,False,False,False,5,0.512,False,1,2000,False,1,,False,,False,False,False
brandel01_1,brandel01,Elton Brand,LAC,2007,2002,27,False,False,False,False,False,6,0.5305,False,1,2000,False,1,,False,,False,False,False
brandel01_1,brandel01,Elton Brand,LAC,2008,2002,28,False,True,False,False,False,7,0.384,False,1,2000,False,1,,False,,False,False,False
brandte01_1,brandte01,Terrell Brandon,CLE,1995,1995,24,False,False,False,False,False,4,0.5485,False,0,1992,False,2,,False,,False,False,False
brandte01_1,brandte01,Terrell Brandon,CLE,1996,1995,25,False,False,False,False,False,5,0.5485,False,0,1992,False,2,,False,,False,False,False
brandte01_1,brandte01,Terrell Brandon,CLE,1997,1995,26,False,True,False,False,False,6,0.5425,False,0,1992,False,2,,False,,False,False,False
brandte01_2,brandte01,Terrell Brandon,MIN,2000,2000,29,False,False,False,False,False,2,0.5549999999999999,False,0,1992,False,2,,False,,False,False,False
brandte01_2,brandte01,Terrell Brandon,MIN,2001,2000,30,False,False,False,False,False,3,0.5914999999999999,False,0,1992,False,2,,False,,False,False,False
brandte01_2,brandte01,Terrell Brandon,MIN,2002,2000,31,False,False,True,False,False,4,0.5914999999999999,False,0,1992,False,2,,False,,False,False,False
brownja02_1,brownja02,Jaylen Brown,BOS,2023,2023,26,True,False,False,False,False,7,0.6585,True,1,2017,False,1,,False,,False,False,False
brownja02_1,brownja02,Jaylen Brown,BOS,2024,2023,27,False,False,False,False,False,8,0.7375,True,1,2017,True,1,,False,,False,False,False
brownja02_1,brownja02,Jaylen Brown,BOS,2025,2023,28,False,False,False,False,False,9,0.762,True,1,2017,True,1,,False,,False,False,False
brownja02_1,brownja02,Jaylen Brown,BOS,2026,2023,29,True,False,False,True,False,10,0.7135,True,2,2017,True,1,,False,,False,False,False
brunsja01_1,brunsja01,Jalen Brunson,NYK,2024,2024,27,True,False,False,False,False,2,0.5914999999999999,False,1,2019,False,1,,False,,False,False,False
brunsja01_1,brunsja01,Jalen Brunson,NYK,2025,2024,28,True,False,False,False,False,3,0.616,True,2,2019,False,1,,False,,False,False,False
brunsja01_1,brunsja01,Jalen Brunson,NYK,2026,2024,29,True,False,False,True,False,4,0.634,True,3,2019,True,1,,False,,False,False,False
bryanko01_1,bryanko01,Kobe Bryant,LAL,1999,1999,20,True,False,False,False,False,3,0.6819999999999999,True,1,1997,False,1,,False,,False,False,False
bryanko01_1,bryanko01,Kobe Bryant,LAL,2000,1999,21,True,False,False,False,False,4,0.7184999999999999,True,2,1997,False,1,,False,,False,False,False
bryanko01_1,bryanko01,Kobe Bryant,LAL,2001,1999,22,True,False,False,False,False,5,0.75,True,3,1997,False,1,,False,,False,False,False
bryanko01_1,bryanko01,Kobe Bryant,LAL,2002,1999,23,True,False,False,False,False,6,0.6950000000000001,True,4,1997,False,1,,False,,False,False,False
bryanko01_1,bryanko01,Kobe Bryant,LAL,2003,1999,24,True,False,False,False,False,7,0.6585,True,5,1997,False,1,,False,,False,False,False
bryanko01_1,bryanko01,Kobe Bryant,LAL,2004,1999,25,True,False,False,False,False,8,0.6465000000000001,True,6,1997,False,1,,False,,False,False,False
bryanko01_1,bryanko01,Kobe Bryant,LAL,2005,1999,26,True,False,False,False,False,9,0.549,True,7,1997,False,1,,False,,False,False,False
bryanko01_1,bryanko01,Kobe Bryant,LAL,2006,1999,27,True,False,False,False,False,10,0.482,True,8,1997,False,1,,False,,False,False,False
bryanko01_1,bryanko01,Kobe Bryant,LAL,2007,1999,28,True,False,False,False,False,11,0.5305,False,9,1997,False,1,,False,,False,False,False
bryanko01_1,bryanko01,Kobe Bryant,LAL,2008,1999,29,True,False,False,False,False,12,0.6034999999999999,True,10,1997,False,1,,False,,False,False,False
bryanko01_1,bryanko01,Kobe Bryant,LAL,2009,1999,30,True,False,False,False,False,13,0.744,True,11,1997,False,1,,False,,False,False,False
bryanko01_1,bryanko01,Kobe Bryant,LAL,2010,1999,31,True,False,False,False,False,14,0.744,True,12,1997,False,1,,False,,False,False,False
bryanko01_1,bryanko01,Kobe Bryant,LAL,2011,1999,32,True,False,False,False,False,15,0.695,True,13,1997,False,1,,False,,False,False,False
bryanko01_1,bryanko01,Kobe Bryant,LAL,2012,1999,33,True,False,False,False,False,16,0.6579999999999999,True,14,1997,False,1,,False,,False,False,False
bryanko01_1,bryanko01,Kobe Bryant,LAL,2013,1999,34,True,False,False,False,False,17,0.585,False,15,1997,False,1,,False,,False,False,False
bryanko01_1,bryanko01,Kobe Bryant,LAL,2014,1999,35,False,False,False,False,False,18,0.43900000000000006,False,15,1997,False,1,,False,,False,False,False
bryanko01_1,bryanko01,Kobe Bryant,LAL,2015,1999,36,False,False,False,False,False,19,0.2925,False,15,1997,False,1,,False,,False,False,False
bryanko01_1,bryanko01,Kobe Bryant,LAL,2016,1999,37,False,False,True,False,False,20,0.23149999999999998,False,15,1997,False,1,,False,,False,False,False
butleca01_1,butleca01,Caron Butler,WAS,2008,2008,27,False,False,False,False,False,3,0.512,False,0,2003,False,2,,False,,False,False,False
butleca01_1,butleca01,Caron Butler,WAS,2009,2008,28,False,True,False,False,False,4,0.378,False,0,2003,False,2,,False,,False,False,False
butleji01_1,butleji01,Jimmy Butler,CHI,2015,2015,25,False,False,False,False,False,4,0.5974999999999999,False,0,2012,False,1,,False,,False,False,False
butleji01_1,butleji01,Jimmy Butler,CHI,2016,2015,26,False,False,False,False,False,5,0.5609999999999999,False,0,2012,False,1,,False,,False,False,False
butleji01_1,butleji01,Jimmy Butler,CHI,2017,2015,27,True,True,False,False,False,6,0.506,False,1,2012,False,1,,False,,False,False,False
butleji01_2,butleji01,Jimmy Butler,MIN,2018,2018,28,True,True,False,False,False,1,0.4755,False,2,2012,False,2,,False,,False,False,False
butleji01_3,butleji01,Jimmy Butler,MIA,2020,2020,30,True,False,False,False,False,1,0.5395,True,3,2012,True,1,,False,,False,False,False
butleji01_3,butleji01,Jimmy Butler,MIA,2021,2020,31,True,False,False,False,False,2,0.5795,True,4,2012,True,1,,False,,False,False,False
butleji01_3,butleji01,Jimmy Butler,MIA,2022,2020,32,False,False,False,False,False,3,0.601,True,4,2012,True,1,,False,,False,False,False
butleji01_3,butleji01,Jimmy Butler,MIA,2023,2020,33,True,False,False,False,False,4,0.5915,True,5,2012,True,1,,False,,False,False,False
butleji01_3,butleji01,Jimmy Butler,MIA,2024,2020,34,False,True,False,False,False,5,0.549,True,5,2012,True,1,,False,,False,False,False
butleji01_4,butleji01,Jimmy Butler,GSW,2025,2025,35,False,False,False,False,False,1,0.573,False,5,2012,True,1,,False,,False,False,False
butleji01_4,butleji01,Jimmy Butler,GSW,2026,2025,36,False,False,False,True,False,2,0.518,False,5,2012,False,1,,False,,False,False,False
bynuman01_1,bynuman01,Andrew Bynum,LAL,2011,2011,23,False,False,False,False,False,6,0.695,True,0,2006,False,1,,False,,False,False,False
bynuman01_1,bynuman01,Andrew Bynum,LAL,2012,2011,24,True,True,False,False,True,7,0.6579999999999999,True,1,2006,False,1,,False,,False,False,False
cambyma01_1,cambyma01,Marcus Camby,NYK,2001,2001,26,False,False,False,False,False,3,0.5974999999999999,True,0,1997,False,1,,False,,False,False,False
cambyma01_1,cambyma01,Marcus Camby,NYK,2002,2001,27,False,True,False,False,False,4,0.4755,True,0,1997,False,1,,False,,False,False,False
cambyma01_2,cambyma01,Marcus Camby,DEN,2007,2007,32,False,False,False,False,False,5,0.543,False,0,1997,False,2,,False,,False,False,False
cambyma01_2,cambyma01,Marcus Camby,DEN,2008,2007,33,False,True,False,False,False,6,0.5795,False,0,1997,False,2,,False,,False,False,False
cartevi01_1,cartevi01,Vince Carter,TOR,2000,2000,23,True,False,False,False,False,2,0.5045000000000001,False,1,1999,False,1,,False,,False,False,False
cartevi01_1,cartevi01,Vince Carter,TOR,2001,2000,24,True,False,False,False,False,3,0.5609999999999999,False,2,1999,False,1,,False,,False,False,False
cartevi01_1,cartevi01,Vince Carter,TOR,2002,2000,25,False,False,False,False,False,4,0.5425,False,2,1999,False,1,,False,,False,False,False
cartevi01_1,cartevi01,Vince Carter,TOR,2003,2000,26,False,False,False,False,False,5,0.40249999999999997,False,2,1999,False,1,,False,,False,False,False
cartevi01_1,cartevi01,Vince Carter,TOR,2004,2000,27,False,True,False,False,False,6,0.34750000000000003,False,2,1999,False,1,,False,,False,False,False
cartevi01_2,cartevi01,Vince Carter,BKN,2005,2005,28,False,False,False,False,False,1,0.5425,True,2,1999,False,1,,False,,False,False,False
cartevi01_2,cartevi01,Vince Carter,BKN,2006,2005,29,False,False,False,False,False,2,0.5549999999999999,False,2,1999,False,1,,False,,False,False,False
cartevi01_2,cartevi01,Vince Carter,BKN,2007,2005,30,False,False,False,False,False,3,0.5489999999999999,False,2,1999,False,1,,False,,False,False,False
cartevi01_2,cartevi01,Vince Carter,BKN,2008,2005,31,False,False,False,False,False,4,0.4575,False,2,1999,False,1,,False,,False,False,False
cartevi01_2,cartevi01,Vince Carter,BKN,2009,2005,32,False,True,False,False,False,5,0.415,False,2,1999,False,1,,False,,False,False,False
cassesa01_1,cassesa01,Sam Cassell,MIN,2004,2004,34,True,False,False,False,False,1,0.6645,True,1,1994,False,2,,False,,False,False,False
cassesa01_1,cassesa01,Sam Cassell,MIN,2005,2004,35,False,True,False,False,False,2,0.622,True,1,1994,False,2,,False,,False,False,False
chambto01_1,chambto01,Tom Chambers,PHX,1990,1990,30,True,False,False,False,False,2,0.665,True,2,1982,False,2,,False,,False,False,False
chambto01_1,chambto01,Tom Chambers,PHX,1991,1990,31,False,False,False,False,False,3,0.665,True,2,1982,False,2,,False,,False,False,False
chambto01_1,chambto01,Tom Chambers,PHX,1992,1990,32,False,False,False,False,False,4,0.6585000000000001,True,2,1982,False,2,,False,,False,False,False
chambto01_1,chambto01,Tom Chambers,PHX,1993,1990,33,False,True,False,False,False,5,0.7010000000000001,True,2,1982,False,2,,False,,False,False,False
chandty01_1,chandty01,Tyson Chandler,NYK,2012,2012,29,True,False,False,False,False,1,0.5285,False,1,2002,False,1,,False,,False,False,False
chandty01_1,chandty01,Tyson Chandler,NYK,2013,2012,30,False,False,False,False,False,2,0.6020000000000001,False,1,2002,False,1,,False,,False,False,False
chandty01_1,chandty01,Tyson Chandler,NYK,2014,2012,31,False,True,False,False,False,3,0.555,False,1,2002,False,1,,False,,False,False,False
colemde01_1,colemde01,Derrick Coleman,BKN,1993,1993,25,True,False,False,False,False,3,0.506,False,1,1991,False,1,,False,,False,False,False
colemde01_1,colemde01,Derrick Coleman,BKN,1994,1993,26,True,False,False,False,False,4,0.5365,False,2,1991,False,1,,False,,False,False,False
colemde01_1,colemde01,Derrick Coleman,BKN,1995,1993,27,False,True,False,False,False,5,0.4575,False,2,1991,False,1,,False,,False,False,False
conlemi01_1,conlemi01,Mike Conley,MEM,2013,2013,25,False,False,False,False,False,6,0.652,True,0,2008,False,3,,False,,False,False,False
conlemi01_1,conlemi01,Mike Conley,MEM,2014,2013,26,False,False,False,False,False,7,0.6465000000000001,True,0,2008,False,3,,False,,False,False,False
conlemi01_1,conlemi01,Mike Conley,MEM,2015,2013,27,False,False,False,False,False,8,0.6405000000000001,True,0,2008,False,3,,False,,False,False,False
conlemi01_1,conlemi01,Mike Conley,MEM,2016,2013,28,False,False,False,False,False,9,0.5915,False,0,2008,False,3,,False,,False,False,False
conlemi01_1,conlemi01,Mike Conley,MEM,2017,2013,29,False,False,False,False,False,10,0.518,False,0,2008,False,3,,False,,False,False,False
conlemi01_1,conlemi01,Mike Conley,MEM,2018,2013,30,False,False,False,False,False,11,0.396,False,0,2008,False,3,,False,,False,False,False
conlemi01_1,conlemi01,Mike Conley,MEM,2019,2013,31,False,True,False,False,False,12,0.335,False,0,2008,False,3,,False,,False,False,False
couside01_1,couside01,DeMarcus Cousins,SAC,2014,2014,23,False,False,False,False,False,4,0.341,False,0,2011,False,2,,False,,False,False,False
couside01_1,couside01,DeMarcus Cousins,SAC,2015,2014,24,True,False,False,False,False,5,0.34750000000000003,False,1,2011,False,2,,False,,False,False,False
couside01_1,couside01,DeMarcus Cousins,SAC,2016,2014,25,True,True,False,False,False,6,0.378,False,2,2011,False,2,,False,,False,False,False
couside01_2,couside01,DeMarcus Cousins,NOP,2017,2017,26,False,False,False,False,False,1,0.39049999999999996,False,2,2011,False,3,,False,,False,False,False
couside01_2,couside01,DeMarcus Cousins,NOP,2018,2017,27,False,True,False,False,False,2,0.5,False,2,2011,True,3,,False,,False,False,False
cunnica01_1,cunnica01,Cade Cunningham,DET,2025,2025,23,True,False,False,False,False,4,0.35400000000000004,False,1,2022,False,2,,False,,False,False,False
cunnica01_1,cunnica01,Cade Cunningham,DET,2026,2025,24,True,False,False,True,False,5,0.6345000000000001,False,2,2022,False,2,,False,,False,False,False
curryst01_1,curryst01,Stephen Curry,GSW,2013,2013,24,False,False,False,False,False,4,0.46049999999999996,False,0,2010,False,1,,False,,False,False,False
curryst01_1,curryst01,Stephen Curry,GSW,2014,2013,25,True,False,False,False,False,5,0.5974999999999999,False,1,2010,False,1,,False,,False,False,False
curryst01_1,curryst01,Stephen Curry,GSW,2015,2013,26,True,False,False,False,False,6,0.7195,True,2,2010,False,1,,False,,False,False,False
curryst01_1,curryst01,Stephen Curry,GSW,2016,2013,27,True,False,False,False,False,7,0.8534999999999999,True,3,2010,False,1,,False,,False,False,False
curryst01_1,curryst01,Stephen Curry,GSW,2017,2013,28,True,False,False,False,False,8,0.8534999999999999,True,4,2010,False,1,,False,,False,False,False
curryst01_1,curryst01,Stephen Curry,GSW,2018,2013,29,True,False,False,False,False,9,0.762,True,5,2010,True,1,,False,,False,False,False
curryst01_1,curryst01,Stephen Curry,GSW,2019,2013,30,True,False,False,False,False,10,0.701,True,6,2010,True,1,,False,,False,False,False
curryst01_1,curryst01,Stephen Curry,GSW,2020,2013,31,False,False,False,False,False,11,0.46299999999999997,True,6,2010,True,1,,False,,False,False,False
curryst01_1,curryst01,Stephen Curry,GSW,2021,2013,32,True,False,False,False,False,12,0.3865,True,7,2010,True,1,,False,,False,False,False
curryst01_1,curryst01,Stephen Curry,GSW,2022,2013,33,True,False,False,False,False,13,0.5940000000000001,True,8,2010,True,1,,False,,False,False,False
curryst01_1,curryst01,Stephen Curry,GSW,2023,2013,34,True,False,False,False,False,14,0.5915,True,9,2010,True,1,,False,,False,False,False
curryst01_1,curryst01,Stephen Curry,GSW,2024,2013,35,True,False,False,False,False,15,0.549,True,10,2010,True,1,,False,,False,False,False
curryst01_1,curryst01,Stephen Curry,GSW,2025,2013,36,True,False,False,False,False,16,0.573,False,11,2010,True,1,,False,,False,False,False
curryst01_1,curryst01,Stephen Curry,GSW,2026,2013,37,False,False,False,True,False,17,0.518,False,11,2010,True,1,,False,,False,False,False
daughbr01_1,daughbr01,Brad Daugherty,CLE,1992,1992,26,True,False,False,False,False,6,0.5485,True,1,1987,False,2,,False,,False,False,False
daughbr01_1,daughbr01,Brad Daugherty,CLE,1993,1992,27,False,False,False,False,False,7,0.677,True,1,1987,False,2,,False,,False,False,False
daughbr01_1,daughbr01,Brad Daugherty,CLE,1994,1992,28,False,False,True,False,False,8,0.616,True,1,1987,False,2,,False,,False,False,False
davisan02_1,davisan02,Anthony Davis,NOP,2014,2014,20,False,False,False,False,False,2,0.372,False,0,2013,False,3,,False,,False,False,False
davisan02_1,davisan02,Anthony Davis,NOP,2015,2014,21,True,False,False,False,False,3,0.482,False,1,2013,False,3,,False,,False,False,False
davisan02_1,davisan02,Anthony Davis,NOP,2016,2014,22,False,False,False,False,False,4,0.4575,False,1,2013,False,3,,False,,False,False,False
davisan02_1,davisan02,Anthony Davis,NOP,2017,2014,23,True,False,False,False,False,5,0.39049999999999996,False,2,2013,False,3,,False,,False,False,False
davisan02_1,davisan02,Anthony Davis,NOP,2018,2014,24,True,False,False,False,False,6,0.5,False,3,2013,False,3,,False,,False,False,False
davisan02_1,davisan02,Anthony Davis,NOP,2019,2014,25,False,True,False,False,False,7,0.4935,False,3,2013,False,3,,False,,False,False,False
davisan02_2,davisan02,Anthony Davis,LAL,2020,2020,26,True,False,False,False,False,1,0.5915,True,4,2013,True,1,,False,,False,False,False
davisan02_2,davisan02,Anthony Davis,LAL,2021,2020,27,False,False,False,False,False,2,0.6575,True,4,2013,True,1,,False,,False,False,False
davisan02_2,davisan02,Anthony Davis,LAL,2022,2020,28,False,False,False,False,False,3,0.4925,True,4,2013,True,1,,False,,False,False,False
davisan02_2,davisan02,Anthony Davis,LAL,2023,2020,29,False,False,False,False,False,4,0.463,True,4,2013,False,1,,False,,False,False,False
davisan02_2,davisan02,Anthony Davis,LAL,2024,2020,30,True,True,False,False,False,5,0.5485,True,5,2013,True,1,,False,,False,False,False
davisan02_3,davisan02,Anthony Davis,DAL,2025,2025,31,False,False,False,False,False,1,0.5429999999999999,True,5,2013,True,1,,False,,False,False,False
davisan02_3,davisan02,Anthony Davis,DAL,2026,2025,32,False,False,False,True,False,2,0.39649999999999996,True,5,2013,True,1,,False,,False,False,False
davisba01_1,davisba01,Baron Davis,NOP,2004,2004,24,True,True,False,False,False,2,0.5365,False,1,2000,False,3,,False,,False,False,False
davisba01_2,davisba01,Baron Davis,GSW,2008,2008,28,False,True,False,False,False,4,0.5485,False,1,2000,False,1,,False,,False,False,False
derozde01_1,derozde01,DeMar DeRozan,TOR,2017,2017,27,True,False,False,False,False,8,0.6525000000000001,True,1,2010,False,1,,False,,False,False,False
derozde01_1,derozde01,DeMar DeRozan,TOR,2018,2017,28,True,True,False,False,False,9,0.671,True,2,2010,True,1,,False,,False,False,False
derozde01_2,derozde01,DeMar DeRozan,CHI,2022,2022,32,True,False,False,False,False,1,0.496,False,3,2010,True,1,,False,,False,False,False
derozde01_2,derozde01,DeMar DeRozan,CHI,2023,2022,33,False,False,False,False,False,2,0.5245,False,3,2010,True,1,,False,,False,False,False
derozde01_2,derozde01,DeMar DeRozan,CHI,2024,2022,34,False,True,False,False,False,3,0.482,False,3,2010,True,1,,False,,False,False,False
divacvl01_1,divacvl01,Vlade Divac,LAL,1995,1995,26,False,False,False,False,False,6,0.4935,False,0,1990,False,1,,False,,False,False,False
divacvl01_1,divacvl01,Vlade Divac,LAL,1996,1995,27,False,True,False,False,False,7,0.6154999999999999,False,0,1990,False,1,,False,,False,False,False
divacvl01_2,divacvl01,Vlade Divac,CHA,1998,1998,29,False,True,False,False,False,2,0.6405000000000001,False,0,1990,False,2,,False,,False,False,False
doncilu01_1,doncilu01,Luka Dončić,DAL,2020,2020,20,True,False,False,False,False,2,0.4875,False,1,2019,False,1,,False,,False,False,False
doncilu01_1,doncilu01,Luka Dončić,DAL,2021,2020,21,True,False,False,False,False,3,0.578,False,2,2019,False,1,,False,,False,False,False
doncilu01_1,doncilu01,Luka Dončić,DAL,2022,2020,22,True,False,False,False,False,4,0.6085,True,3,2019,False,1,,False,,False,False,False
doncilu01_1,doncilu01,Luka Dončić,DAL,2023,2020,23,True,False,False,False,False,5,0.5485,True,4,2019,False,1,,False,,False,False,False
doncilu01_1,doncilu01,Luka Dončić,DAL,2024,2020,24,True,True,False,False,False,6,0.5365,True,5,2019,False,1,,False,,False,False,False
doncilu01_2,doncilu01,Luka Dončić,LAL,2025,2025,25,False,False,False,False,False,1,0.5914999999999999,True,5,2019,False,1,,False,,False,False,False
doncilu01_2,doncilu01,Luka Dončić,LAL,2026,2025,26,True,False,False,True,False,2,0.628,False,6,2019,True,1,,False,,False,False,False
dragigo01_1,dragigo01,Goran Dragić,PHX,2014,2014,27,True,True,False,False,False,2,0.44499999999999995,False,1,2009,False,2,,False,,False,False,False
drexlcl01_1,drexlcl01,Clyde Drexler,POR,1990,1990,27,True,False,False,False,False,7,0.598,True,2,1984,False,2,,False,,False,False,False
drexlcl01_1,drexlcl01,Clyde Drexler,POR,1991,1990,28,True,False,False,False,False,8,0.744,True,3,1984,False,2,,False,,False,False,False
drexlcl01_1,drexlcl01,Clyde Drexler,POR,1992,1990,29,True,False,False,False,False,9,0.7315,True,4,1984,False,2,,False,,False,False,False
drexlcl01_1,drexlcl01,Clyde Drexler,POR,1993,1990,30,False,False,False,False,False,10,0.6585,True,4,1984,False,2,,False,,False,False,False
drexlcl01_1,drexlcl01,Clyde Drexler,POR,1994,1990,31,False,True,False,False,False,11,0.5974999999999999,True,4,1984,False,2,,False,,False,False,False
drexlcl01_2,drexlcl01,Clyde Drexler,HOU,1995,1995,32,True,False,False,False,False,1,0.6399999999999999,True,5,1984,False,1,,False,,False,False,False
drexlcl01_2,drexlcl01,Clyde Drexler,HOU,1996,1995,33,False,False,False,False,False,2,0.579,True,5,1984,False,1,,False,,False,False,False
drexlcl01_2,drexlcl01,Clyde Drexler,HOU,1997,1995,34,False,False,False,False,False,3,0.6399999999999999,True,5,1984,False,1,,False,,False,False,False
drexlcl01_2,drexlcl01,Clyde Drexler,HOU,1998,1995,35,False,False,True,False,False,4,0.5974999999999999,True,5,1984,False,1,,False,,False,False,False
drumman01_1,drumman01,Andre Drummond,DET,2016,2016,22,True,False,False,False,False,4,0.4635,False,1,2013,False,2,,False,,False,False,False
drumman01_1,drumman01,Andre Drummond,DET,2017,2016,23,False,False,False,False,False,5,0.494,False,1,2013,False,2,,False,,False,False,False
drumman01_1,drumman01,Andre Drummond,DET,2018,2016,24,False,False,False,False,False,6,0.4635,False,1,2013,False,2,,False,,False,False,False
drumman01_1,drumman01,Andre Drummond,DET,2019,2016,25,False,True,False,False,False,7,0.488,False,1,2013,False,2,,False,,False,False,False
dumarjo01_1,dumarjo01,Joe Dumars,DET,1990,1990,26,True,False,False,False,False,5,0.744,True,1,1986,False,2,,False,,False,False,False
dumarjo01_1,dumarjo01,Joe Dumars,DET,1991,1990,27,True,False,False,False,False,6,0.665,True,2,1986,False,2,,False,,False,False,False
dumarjo01_1,dumarjo01,Joe Dumars,DET,1992,1990,28,False,False,False,False,False,7,0.5974999999999999,True,2,1986,False,2,,False,,False,False,False
dumarjo01_1,dumarjo01,Joe Dumars,DET,1993,1990,29,True,False,False,False,False,8,0.5365,True,3,1986,False,2,,False,,False,False,False
dumarjo01_1,dumarjo01,Joe Dumars,DET,1994,1990,30,False,False,False,False,False,9,0.366,False,3,1986,False,2,,False,,False,False,False
dumarjo01_1,dumarjo01,Joe Dumars,DET,1995,1990,31,False,False,False,False,False,10,0.2925,False,3,1986,False,2,,False,,False,False,False
dumarjo01_1,dumarjo01,Joe Dumars,DET,1996,1990,32,False,False,False,False,False,11,0.45100000000000007,False,3,1986,False,2,,False,,False,False,False
dumarjo01_1,dumarjo01,Joe Dumars,DET,1997,1990,33,False,False,False,False,False,12,0.6100000000000001,False,3,1986,False,2,,False,,False,False,False
dumarjo01_1,dumarjo01,Joe Dumars,DET,1998,1990,34,False,False,False,False,False,13,0.555,False,3,1986,False,2,,False,,False,False,False
dumarjo01_1,dumarjo01,Joe Dumars,DET,1999,1990,35,False,False,True,False,False,14,0.5155,False,3,1986,False,2,,False,,False,False,False
duncati01_1,duncati01,Tim Duncan,SAS,1998,1998,21,True,False,False,False,False,1,0.4635,False,1,1998,False,2,,False,,False,False,False
duncati01_1,duncati01,Tim Duncan,SAS,1999,1998,22,True,False,False,False,False,2,0.7115,True,2,1998,False,2,,False,,False,False,False
duncati01_1,duncati01,Tim Duncan,SAS,2000,1998,23,True,False,False,False,False,3,0.6930000000000001,True,3,1998,False,2,,False,,False,False,False
duncati01_1,duncati01,Tim Duncan,SAS,2001,1998,24,True,False,False,False,False,4,0.6765,True,4,1998,False,2,,False,,False,False,False
duncati01_1,duncati01,Tim Duncan,SAS,2002,1998,25,True,False,False,False,False,5,0.707,True,5,1998,False,2,,False,,False,False,False
duncati01_1,duncati01,Tim Duncan,SAS,2003,1998,26,True,False,False,False,False,6,0.7195,True,6,1998,False,2,,False,,False,False,False
duncati01_1,duncati01,Tim Duncan,SAS,2004,1998,27,True,False,False,False,False,7,0.7135,True,7,1998,False,2,,False,,False,False,False
duncati01_1,duncati01,Tim Duncan,SAS,2005,1998,28,True,False,False,False,False,8,0.7075,True,8,1998,False,2,,False,,False,False,False
duncati01_1,duncati01,Tim Duncan,SAS,2006,1998,29,True,False,False,False,False,9,0.744,True,9,1998,False,2,,False,,False,False,False
duncati01_1,duncati01,Tim Duncan,SAS,2007,1998,30,True,False,False,False,False,10,0.7375,True,10,1998,False,2,,False,,False,False,False
duncati01_1,duncati01,Tim Duncan,SAS,2008,1998,31,True,False,False,False,False,11,0.6950000000000001,True,11,1998,False,2,,False,,False,False,False
duncati01_1,duncati01,Tim Duncan,SAS,2009,1998,32,True,False,False,False,False,12,0.671,True,12,1998,False,2,,False,,False,False,False
duncati01_1,duncati01,Tim Duncan,SAS,2010,1998,33,True,False,False,False,False,13,0.6345000000000001,True,13,1998,False,2,,False,,False,False,False
duncati01_1,duncati01,Tim Duncan,SAS,2011,1998,34,False,False,False,False,False,14,0.677,False,13,1998,False,2,,False,,False,False,False
duncati01_1,duncati01,Tim Duncan,SAS,2012,1998,35,False,False,False,False,False,15,0.751,True,13,1998,False,2,,False,,False,False,False
duncati01_1,duncati01,Tim Duncan,SAS,2013,1998,36,True,False,False,False,False,16,0.7324999999999999,True,14,1998,False,2,,False,,False,False,False
duncati01_1,duncati01,Tim Duncan,SAS,2014,1998,37,False,False,False,False,False,17,0.7315,True,14,1998,False,2,,False,,False,False,False
duncati01_1,duncati01,Tim Duncan,SAS,2015,1998,38,True,False,False,False,False,18,0.7135,True,15,1998,False,2,,False,,False,False,False
duncati01_1,duncati01,Tim Duncan,SAS,2016,1998,39,False,False,True,False,False,19,0.744,True,15,1998,False,2,,False,,False,False,False
duranke01_1,duranke01,Kevin Durant,OKC,2009,2009,20,False,False,False,False,False,2,0.262,False,0,2008,False,3,,False,,False,False,False
duranke01_1,duranke01,Kevin Durant,OKC,2010,2009,21,True,False,False,False,False,3,0.445,False,1,2008,False,3,,False,,False,False,False
duranke01_1,duranke01,Kevin Durant,OKC,2011,2009,22,True,False,False,False,False,4,0.6405000000000001,True,2,2008,False,3,,False,,False,False,False
duranke01_1,duranke01,Kevin Durant,OKC,2012,2009,23,True,False,False,False,False,5,0.6915,True,3,2008,False,3,,False,,False,False,False
duranke01_1,duranke01,Kevin Durant,OKC,2013,2009,24,True,False,False,False,False,6,0.722,True,4,2008,False,3,,False,,False,False,False
duranke01_1,duranke01,Kevin Durant,OKC,2014,2009,25,True,False,False,False,False,7,0.726,True,5,2008,False,3,,False,,False,False,False
duranke01_1,duranke01,Kevin Durant,OKC,2015,2009,26,False,False,False,False,False,8,0.6345000000000001,True,5,2008,False,3,,False,,False,False,False
duranke01_1,duranke01,Kevin Durant,OKC,2016,2009,27,True,True,False,False,False,9,0.6100000000000001,True,6,2008,False,3,,False,,False,False,False
duranke01_2,duranke01,Kevin Durant,GSW,2017,2017,28,True,False,False,False,False,1,0.8534999999999999,True,7,2008,False,1,,False,,False,False,False
duranke01_2,duranke01,Kevin Durant,GSW,2018,2017,29,True,False,False,False,False,2,0.762,True,8,2008,True,1,,False,,False,False,False
duranke01_2,duranke01,Kevin Durant,GSW,2019,2017,30,True,True,False,False,True,3,0.701,True,9,2008,True,1,,False,,False,False,False
duranke01_3,duranke01,Kevin Durant,BKN,2022,2022,33,True,True,False,False,False,2,0.6020000000000001,False,10,2008,True,1,,False,,False,False,False
duranke01_4,duranke01,Kevin Durant,PHX,2023,2023,34,False,False,False,False,False,1,0.6645000000000001,True,10,2008,True,2,,False,,False,False,False
duranke01_4,duranke01,Kevin Durant,PHX,2024,2023,35,True,False,False,False,False,2,0.5735,False,11,2008,True,2,,False,,False,False,False
duranke01_4,duranke01,Kevin Durant,PHX,2025,2023,36,False,True,False,False,False,3,0.5185,False,11,2008,True,2,,False,,False,False,False
duranke01_5,duranke01,Kevin Durant,HOU,2026,2026,37,True,False,False,True,False,1,0.634,False,12,2008,True,1,,False,,False,False,False
durenja01_1,durenja01,Jalen Duren,DET,2026,2026,22,True,False,False,True,False,4,0.6345000000000001,False,1,2023,False,2,,False,,False,False,False
edwaran01_1,edwaran01,Anthony Edwards,MIN,2024,2024,22,True,False,False,False,False,4,0.5975,True,1,2021,False,2,,False,,False,False,False
edwaran01_1,edwaran01,Anthony Edwards,MIN,2025,2024,23,True,False,False,False,False,5,0.6405000000000001,True,2,2021,False,2,,False,,False,False,False
edwaran01_1,edwaran01,Anthony Edwards,MIN,2026,2024,24,False,False,False,True,False,6,0.598,True,2,2021,False,2,,False,,False,False,False
embiijo01_1,embiijo01,Joel Embiid,PHI,2018,2018,23,True,False,False,False,False,2,0.48750000000000004,False,1,2017,False,1,,False,,False,False,False
embiijo01_1,embiijo01,Joel Embiid,PHI,2019,2018,24,True,False,False,False,False,3,0.628,False,2,2017,False,1,,False,,False,False,False
embiijo01_1,embiijo01,Joel Embiid,PHI,2020,2018,25,False,False,False,False,False,4,0.6054999999999999,False,2,2017,False,1,,False,,False,False,False
embiijo01_1,embiijo01,Joel Embiid,PHI,2021,2018,26,True,False,False,False,False,5,0.635,False,3,2017,False,1,,False,,False,False,False
embiijo01_1,embiijo01,Joel Embiid,PHI,2022,2018,27,True,False,False,False,False,6,0.6515,False,4,2017,False,1,,False,,False,False,False
embiijo01_1,embiijo01,Joel Embiid,PHI,2023,2018,28,True,False,False,False,False,7,0.6405000000000001,False,5,2017,False,1,,False,,False,False,False
embiijo01_1,embiijo01,Joel Embiid,PHI,2024,2018,29,False,False,False,False,False,8,0.616,False,5,2017,True,1,,False,,False,False,False
embiijo01_1,embiijo01,Joel Embiid,PHI,2025,2018,30,False,False,False,False,False,9,0.43299999999999994,False,5,2017,True,1,,False,,False,False,False
embiijo01_1,embiijo01,Joel Embiid,PHI,2026,2018,31,False,False,False,True,False,10,0.42100000000000004,False,5,2017,False,1,,False,,False,False,False
evansty01_1,evansty01,Tyreke Evans,MEM,2018,2018,28,False,True,False,False,False,1,0.396,False,0,2010,False,3,,False,,True,False,False
ewingpa01_1,ewingpa01,Patrick Ewing,NYK,1990,1990,27,True,False,False,False,False,5,0.5915,False,3,1986,False,1,,False,,False,False,False
ewingpa01_1,ewingpa01,Patrick Ewing,NYK,1991,1990,28,True,False,False,False,False,6,0.5125,False,4,1986,False,1,,False,,False,False,False
ewingpa01_1,ewingpa01,Patrick Ewing,NYK,1992,1990,29,True,False,False,False,False,7,0.5489999999999999,False,5,1986,False,1,,False,,False,False,False
ewingpa01_1,ewingpa01,Patrick Ewing,NYK,1993,1990,30,True,False,False,False,False,8,0.677,True,6,1986,False,1,,False,,False,False,False
ewingpa01_1,ewingpa01,Patrick Ewing,NYK,1994,1990,31,False,False,False,False,False,9,0.7135,True,6,1986,False,1,,False,,False,False,False
ewingpa01_1,ewingpa01,Patrick Ewing,NYK,1995,1990,32,False,False,False,False,False,10,0.683,True,6,1986,False,1,,False,,False,False,False
ewingpa01_1,ewingpa01,Patrick Ewing,NYK,1996,1990,33,False,False,False,False,False,11,0.622,True,6,1986,False,1,,False,,False,False,False
ewingpa01_1,ewingpa01,Patrick Ewing,NYK,1997,1990,34,True,False,False,False,False,12,0.6339999999999999,False,7,1986,False,1,,False,,False,False,False
ewingpa01_1,ewingpa01,Patrick Ewing,NYK,1998,1990,35,False,False,False,False,False,13,0.6094999999999999,False,7,1986,False,1,,False,,False,False,False
ewingpa01_1,ewingpa01,Patrick Ewing,NYK,1999,1990,36,False,False,False,False,False,14,0.532,True,7,1986,False,1,,False,,False,False,False
ewingpa01_1,ewingpa01,Patrick Ewing,NYK,2000,1990,37,False,True,False,False,False,15,0.575,True,7,1986,False,1,,False,,False,False,False
foxde01_1,foxde01,De'Aaron Fox,SAC,2023,2023,25,True,False,False,False,False,6,0.4755,False,1,2018,False,2,,False,,False,False,False
foxde01_1,foxde01,De'Aaron Fox,SAC,2024,2023,26,False,True,False,False,False,7,0.573,False,1,2018,False,2,,False,,False,False,False
francst01_1,francst01,Steve Francis,HOU,2001,2001,23,False,False,False,False,False,2,0.482,False,0,2000,False,1,,False,,False,False,False
francst01_1,francst01,Steve Francis,HOU,2002,2001,24,False,False,False,False,False,3,0.44500000000000006,False,0,2000,False,1,,False,,False,False,False
francst01_1,francst01,Steve Francis,HOU,2003,2001,25,False,False,False,False,False,4,0.4325,False,0,2000,False,1,,False,,False,False,False
francst01_1,francst01,Steve Francis,HOU,2004,2001,26,False,True,False,False,False,5,0.5365,False,0,2000,False,1,,False,,False,False,False
garneke01_1,garneke01,Kevin Garnett,MIN,1998,1998,21,False,False,False,False,False,3,0.5185,False,0,1996,False,2,,False,,False,False,False
garneke01_1,garneke01,Kevin Garnett,MIN,1999,1998,22,True,False,False,False,False,4,0.5245,False,1,1996,False,2,,False,,False,False,False
garneke01_1,garneke01,Kevin Garnett,MIN,2000,1998,23,True,False,False,False,False,5,0.5549999999999999,False,2,1996,False,2,,False,,False,False,False
garneke01_1,garneke01,Kevin Garnett,MIN,2001,1998,24,True,False,False,False,False,6,0.5914999999999999,False,3,1996,False,2,,False,,False,False,False
garneke01_1,garneke01,Kevin Garnett,MIN,2002,1998,25,True,False,False,False,False,7,0.5914999999999999,False,4,1996,False,2,,False,,False,False,False
garneke01_1,garneke01,Kevin Garnett,MIN,2003,1998,26,True,False,False,False,False,8,0.616,False,5,1996,False,2,,False,,False,False,False
garneke01_1,garneke01,Kevin Garnett,MIN,2004,1998,27,True,False,False,False,False,9,0.6645,True,6,1996,False,2,,False,,False,False,False
garneke01_1,garneke01,Kevin Garnett,MIN,2005,1998,28,True,False,False,False,False,10,0.622,True,7,1996,False,2,,False,,False,False,False
garneke01_1,garneke01,Kevin Garnett,MIN,2006,1998,29,False,False,False,False,False,11,0.46950000000000003,True,7,1996,False,2,,False,,False,False,False
garneke01_1,garneke01,Kevin Garnett,MIN,2007,1998,30,True,True,False,False,False,12,0.396,False,8,1996,False,2,,False,,False,False,False
garneke01_2,garneke01,Kevin Garnett,BOS,2008,2008,31,True,False,False,False,False,1,0.549,True,9,1996,False,1,,False,,False,False,False
garneke01_2,garneke01,Kevin Garnett,BOS,2009,2008,32,False,False,False,False,False,2,0.7805,True,9,1996,False,1,,False,,False,False,False
garneke01_2,garneke01,Kevin Garnett,BOS,2010,2008,33,False,False,False,False,False,3,0.683,True,9,1996,False,1,,False,,False,False,False
garneke01_2,garneke01,Kevin Garnett,BOS,2011,2008,34,False,False,False,False,False,4,0.6465000000000001,True,9,1996,False,1,,False,,False,False,False
garneke01_2,garneke01,Kevin Garnett,BOS,2012,2008,35,False,False,False,False,False,5,0.637,True,9,1996,False,1,,False,,False,False,False
garneke01_2,garneke01,Kevin Garnett,BOS,2013,2008,36,False,True,False,False,False,6,0.5485,True,9,1996,False,1,,False,,False,False,False
gasolma01_1,gasolma01,Marc Gasol,MEM,2013,2013,28,True,False,False,False,False,5,0.652,True,1,2009,False,3,,False,,False,False,False
gasolma01_1,gasolma01,Marc Gasol,MEM,2014,2013,29,False,False,False,False,False,6,0.6465000000000001,True,1,2009,False,3,,False,,False,False,False
gasolma01_1,gasolma01,Marc Gasol,MEM,2015,2013,30,True,False,False,False,False,7,0.6405000000000001,True,2,2009,False,3,,False,,False,False,False
gasolma01_1,gasolma01,Marc Gasol,MEM,2016,2013,31,False,False,False,False,False,8,0.5915,False,2,2009,False,3,,False,,False,False,False
gasolma01_1,gasolma01,Marc Gasol,MEM,2017,2013,32,False,False,False,False,False,9,0.518,False,2,2009,False,3,,False,,False,False,False
gasolma01_1,gasolma01,Marc Gasol,MEM,2018,2013,33,False,True,False,False,False,10,0.396,False,2,2009,False,3,,False,,False,False,False
gasolpa01_1,gasolpa01,Pau Gasol,MEM,2006,2006,25,False,False,False,False,False,5,0.5735,False,0,2002,False,3,,False,,False,False,False
gasolpa01_1,gasolpa01,Pau Gasol,MEM,2007,2006,26,False,True,False,False,False,6,0.433,False,0,2002,False,3,,False,,False,False,False
gasolpa01_2,gasolpa01,Pau Gasol,LAL,2009,2009,28,True,False,False,False,False,2,0.744,True,1,2002,False,1,,False,,False,False,False
gasolpa01_2,gasolpa01,Pau Gasol,LAL,2010,2009,29,True,False,False,False,False,3,0.744,True,2,2002,False,1,,False,,False,False,False
gasolpa01_2,gasolpa01,Pau Gasol,LAL,2011,2009,30,True,False,False,False,False,4,0.695,True,3,2002,False,1,,False,,False,False,False
gasolpa01_2,gasolpa01,Pau Gasol,LAL,2012,2009,31,False,False,False,False,False,5,0.6579999999999999,True,3,2002,False,1,,False,,False,False,False
gasolpa01_2,gasolpa01,Pau Gasol,LAL,2013,2009,32,False,False,False,False,False,6,0.585,False,3,2002,False,1,,False,,False,False,False
gasolpa01_2,gasolpa01,Pau Gasol,LAL,2014,2009,33,False,True,False,False,False,7,0.43900000000000006,False,3,2002,False,1,,False,,False,False,False
gasolpa01_3,gasolpa01,Pau Gasol,CHI,2015,2015,34,True,False,False,False,False,1,0.5974999999999999,False,4,2002,False,1,,False,,False,False,False
gasolpa01_3,gasolpa01,Pau Gasol,CHI,2016,2015,35,False,True,False,False,False,2,0.5609999999999999,False,4,2002,False,1,,False,,False,False,False
georgpa01_1,georgpa01,Paul George,IND,2013,2013,22,True,False,False,False,False,3,0.6205,True,1,2011,False,2,,False,,False,False,False
georgpa01_1,georgpa01,Paul George,IND,2014,2013,23,True,False,False,False,False,4,0.644,True,2,2011,False,2,,False,,False,False,False
georgpa01_1,georgpa01,Paul George,IND,2015,2013,24,False,False,False,False,False,5,0.5730000000000001,True,2,2011,False,2,,False,,False,False,False
georgpa01_1,georgpa01,Paul George,IND,2016,2013,25,True,False,False,False,False,6,0.506,True,3,2011,False,2,,False,,False,False,False
georgpa01_1,georgpa01,Paul George,IND,2017,2013,26,False,True,False,False,False,7,0.5305,False,3,2011,False,2,,False,,False,False,False
georgpa01_2,georgpa01,Paul George,OKC,2018,2018,27,True,False,False,False,False,1,0.579,True,4,2011,True,3,,False,,False,False,False
georgpa01_2,georgpa01,Paul George,OKC,2019,2018,28,True,True,False,False,False,2,0.5914999999999999,False,5,2011,True,3,,False,,False,False,False
georgpa01_3,georgpa01,Paul George,LAC,2021,2021,30,True,False,False,False,False,2,0.667,True,6,2011,True,1,,False,,False,False,False
georgpa01_3,georgpa01,Paul George,LAC,2022,2021,31,False,False,False,False,False,3,0.5825,True,6,2011,True,1,,False,,False,False,False
georgpa01_3,georgpa01,Paul George,LAC,2023,2021,32,False,False,False,False,False,4,0.5245,True,6,2011,True,1,,False,,False,False,False
georgpa01_3,georgpa01,Paul George,LAC,2024,2021,33,False,True,False,False,False,5,0.5795,False,6,2011,False,1,,False,,False,False,False
gilgesh01_1,gilgesh01,Shai Gilgeous-Alexander,OKC,2023,2023,24,True,False,False,False,False,4,0.39049999999999996,False,1,2019,False,3,,False,,False,False,False
gilgesh01_1,gilgesh01,Shai Gilgeous-Alexander,OKC,2024,2023,25,True,False,False,False,False,5,0.5914999999999999,False,2,2019,False,3,,False,,False,False,False
gilgesh01_1,gilgesh01,Shai Gilgeous-Alexander,OKC,2025,2023,26,True,False,False,False,False,6,0.762,True,3,2019,False,3,,False,,False,False,False
gilgesh01_1,gilgesh01,Shai Gilgeous-Alexander,OKC,2026,2023,27,True,False,False,True,False,7,0.8045,True,4,2019,True,3,,False,,False,False,False
ginobma01_1,ginobma01,Manu Ginóbili,SAS,2004,2004,26,False,False,False,False,False,2,0.7135,True,0,2003,False,2,,False,,False,False,False
ginobma01_1,ginobma01,Manu Ginóbili,SAS,2005,2004,27,False,False,False,False,False,3,0.7075,True,0,2003,False,2,,False,,False,False,False
ginobma01_1,ginobma01,Manu Ginóbili,SAS,2006,2004,28,False,False,False,False,False,4,0.744,True,0,2003,False,2,,False,,False,False,False
ginobma01_1,ginobma01,Manu Ginóbili,SAS,2007,2004,29,False,False,False,False,False,5,0.7375,True,0,2003,False,2,,False,,False,False,False
ginobma01_1,ginobma01,Manu Ginóbili,SAS,2008,2004,30,True,False,False,False,False,6,0.6950000000000001,True,1,2003,False,2,,False,,False,False,False
ginobma01_1,ginobma01,Manu Ginóbili,SAS,2009,2004,31,False,False,False,False,False,7,0.671,True,1,2003,False,2,,False,,False,False,False
ginobma01_1,ginobma01,Manu Ginóbili,SAS,2010,2004,32,False,False,False,False,False,8,0.6345000000000001,True,1,2003,False,2,,False,,False,False,False
ginobma01_1,ginobma01,Manu Ginóbili,SAS,2011,2004,33,True,False,False,False,False,9,0.677,False,2,2003,False,2,,False,,False,False,False
ginobma01_1,ginobma01,Manu Ginóbili,SAS,2012,2004,34,False,False,False,False,False,10,0.751,True,2,2003,False,2,,False,,False,False,False
ginobma01_1,ginobma01,Manu Ginóbili,SAS,2013,2004,35,False,False,False,False,False,11,0.7324999999999999,True,2,2003,False,2,,False,,False,False,False
ginobma01_1,ginobma01,Manu Ginóbili,SAS,2014,2004,36,False,False,False,False,False,12,0.7315,True,2,2003,False,2,,False,,False,False,False
ginobma01_1,ginobma01,Manu Ginóbili,SAS,2015,2004,37,False,False,False,False,False,13,0.7135,True,2,2003,False,2,,False,,False,False,False
ginobma01_1,ginobma01,Manu Ginóbili,SAS,2016,2004,38,False,False,False,False,False,14,0.744,True,2,2003,False,2,,False,,False,False,False
ginobma01_1,ginobma01,Manu Ginóbili,SAS,2017,2004,39,False,False,False,False,False,15,0.7805,True,2,2003,False,2,,False,,False,False,False
ginobma01_1,ginobma01,Manu Ginóbili,SAS,2018,2004,40,False,False,True,False,False,16,0.6585,True,2,2003,False,2,,False,,False,False,False
goberru01_1,goberru01,Rudy Gobert,UTA,2015,2015,22,False,False,False,False,False,2,0.384,False,0,2014,False,3,,False,,False,False,False
goberru01_1,goberru01,Rudy Gobert,UTA,2016,2015,23,False,False,False,False,False,3,0.47550000000000003,False,0,2014,False,3,,False,,False,False,False
goberru01_1,goberru01,Rudy Gobert,UTA,2017,2015,24,True,False,False,False,False,4,0.5549999999999999,False,1,2014,False,3,,False,,False,False,False
goberru01_1,goberru01,Rudy Gobert,UTA,2018,2015,25,False,False,False,False,False,5,0.6034999999999999,False,1,2014,False,3,,False,,False,False,False
goberru01_1,goberru01,Rudy Gobert,UTA,2019,2015,26,True,False,False,False,False,6,0.5974999999999999,False,2,2014,False,3,,False,,False,False,False
goberru01_1,goberru01,Rudy Gobert,UTA,2020,2015,27,True,False,False,False,False,7,0.6105,False,3,2014,False,3,,False,,False,False,False
goberru01_1,goberru01,Rudy Gobert,UTA,2021,2015,28,True,False,False,False,False,8,0.6665,False,4,2014,True,3,,False,,False,False,False
goberru01_1,goberru01,Rudy Gobert,UTA,2022,2015,29,False,True,False,False,False,9,0.6599999999999999,False,4,2014,True,3,,False,,False,False,False
grangda01_1,grangda01,Danny Granger,IND,2009,2009,25,False,False,False,False,False,4,0.439,False,0,2006,False,2,,False,,False,False,False
grangda01_1,grangda01,Danny Granger,IND,2010,2009,26,False,False,False,False,False,5,0.4145,False,0,2006,False,2,,False,,False,False,False
grangda01_1,grangda01,Danny Granger,IND,2011,2009,27,False,False,False,False,False,6,0.4205,False,0,2006,False,2,,False,,False,False,False
grangda01_1,grangda01,Danny Granger,IND,2012,2009,28,False,False,False,False,False,7,0.5435,False,0,2006,False,2,,False,,False,False,False
grangda01_1,grangda01,Danny Granger,IND,2013,2009,29,False,True,False,False,False,8,0.6205,True,0,2006,False,2,,False,,False,False,False
grantho01_1,grantho01,Horace Grant,CHI,1992,1992,26,False,False,False,False,False,5,0.7805,True,0,1988,False,1,,False,,False,False,False
grantho01_1,grantho01,Horace Grant,CHI,1993,1992,27,False,False,False,False,False,6,0.756,True,0,1988,False,1,,False,,False,False,False
grantho01_1,grantho01,Horace Grant,CHI,1994,1992,28,False,True,False,False,False,7,0.683,True,0,1988,False,1,,False,,False,False,False
greenda02_1,greenda02,Danny Green,SAS,2015,2015,27,False,False,False,False,False,5,0.7135,True,0,2010,False,2,,False,,False,False,False
greenda02_1,greenda02,Danny Green,SAS,2016,2015,28,False,False,False,False,False,6,0.744,True,0,2010,False,2,,False,,False,False,False
greenda02_1,greenda02,Danny Green,SAS,2017,2015,29,False,False,False,False,False,7,0.7805,True,0,2010,False,2,,False,,False,False,False
greenda02_1,greenda02,Danny Green,SAS,2018,2015,30,False,True,False,False,False,8,0.6585,True,0,2010,False,2,,False,,False,False,False
greendr01_1,greendr01,Draymond Green,GSW,2016,2016,25,True,False,False,False,False,4,0.8534999999999999,True,1,2013,False,1,,False,,False,False,False
greendr01_1,greendr01,Draymond Green,GSW,2017,2016,26,True,False,False,False,False,5,0.8534999999999999,True,2,2013,False,1,,False,,False,False,False
greendr01_1,greendr01,Draymond Green,GSW,2018,2016,27,False,False,False,False,False,6,0.762,True,2,2013,False,1,,False,,False,False,False
greendr01_1,greendr01,Draymond Green,GSW,2019,2016,28,False,False,False,False,False,7,0.701,True,2,2013,False,1,,False,,False,False,False
greendr01_1,greendr01,Draymond Green,GSW,2020,2016,29,False,False,False,False,False,8,0.46299999999999997,True,2,2013,False,1,,False,,False,False,False
greendr01_1,greendr01,Draymond Green,GSW,2021,2016,30,False,False,False,False,False,9,0.3865,True,2,2013,False,1,,False,,False,False,False
greendr01_1,greendr01,Draymond Green,GSW,2022,2016,31,False,False,False,False,False,10,0.5940000000000001,True,2,2013,False,1,,False,,False,False,False
greendr01_1,greendr01,Draymond Green,GSW,2023,2016,32,False,False,False,False,False,11,0.5915,True,2,2013,False,1,,False,,False,False,False
greendr01_1,greendr01,Draymond Green,GSW,2024,2016,33,False,False,False,False,False,12,0.549,True,2,2013,False,1,,False,,False,False,False
greendr01_1,greendr01,Draymond Green,GSW,2025,2016,34,False,False,False,False,False,13,0.573,False,2,2013,False,1,,False,,False,False,False
greendr01_1,greendr01,Draymond Green,GSW,2026,2016,35,False,False,False,True,False,14,0.518,False,2,2013,False,1,,False,,False,False,False
griffbl01_1,griffbl01,Blake Griffin,LAC,2012,2012,22,True,False,False,False,False,2,0.498,False,1,2011,False,1,,False,,False,False,False
griffbl01_1,griffbl01,Blake Griffin,LAC,2013,2012,23,True,False,False,False,False,3,0.6445000000000001,False,2,2011,False,1,,False,,False,False,False
griffbl01_1,griffbl01,Blake Griffin,LAC,2014,2012,24,True,False,False,False,False,4,0.6890000000000001,False,3,2011,False,1,,False,,False,False,False
griffbl01_1,griffbl01,Blake Griffin,LAC,2015,2012,25,True,False,False,False,False,5,0.6890000000000001,False,4,2011,False,1,,False,,False,False,False
griffbl01_1,griffbl01,Blake Griffin,LAC,2016,2012,26,False,False,False,False,False,6,0.6645000000000001,False,4,2011,False,1,,False,,False,False,False
griffbl01_1,griffbl01,Blake Griffin,LAC,2017,2012,27,False,True,False,False,False,7,0.634,False,4,2011,False,1,,False,,False,False,False
griffbl01_2,griffbl01,Blake Griffin,DET,2019,2019,29,True,False,False,False,False,2,0.488,False,5,2011,True,2,,False,,False,False,False
griffbl01_2,griffbl01,Blake Griffin,DET,2020,2019,30,False,True,False,False,False,3,0.40149999999999997,False,5,2011,True,2,,False,,False,False,False
halibty01_1,halibty01,Tyrese Haliburton,IND,2023,2023,22,False,False,False,False,False,2,0.366,False,0,2021,False,2,,False,,False,False,False
halibty01_1,halibty01,Tyrese Haliburton,IND,2024,2023,23,True,False,False,False,False,3,0.5,True,1,2021,False,2,,False,,False,False,False
halibty01_1,halibty01,Tyrese Haliburton,IND,2025,2023,24,True,False,False,True,False,4,0.5914999999999999,True,2,2021,False,2,,False,boundary rule: roster=IND contracts=['IND'] -> censored,False,False,False
hardaan01_1,hardaan01,Anfernee Hardaway,ORL,1995,1995,23,True,False,False,False,False,2,0.6525,True,1,1994,False,2,,False,,False,False,False
hardaan01_1,hardaan01,Anfernee Hardaway,ORL,1996,1995,24,True,False,False,False,False,3,0.7135,True,2,1994,False,2,,False,,False,False,False
hardaan01_1,hardaan01,Anfernee Hardaway,ORL,1997,1995,25,True,False,False,False,False,4,0.6405000000000001,True,3,1994,False,2,,False,,False,False,False
hardaan01_1,hardaan01,Anfernee Hardaway,ORL,1998,1995,26,False,False,False,False,False,5,0.5245,True,3,1994,False,2,,False,,False,False,False
hardaan01_1,hardaan01,Anfernee Hardaway,ORL,1999,1995,27,False,True,False,False,False,6,0.5800000000000001,False,3,1994,False,2,,False,,False,False,False
hardati01_1,hardati01,Tim Hardaway,GSW,1991,1991,24,False,False,False,False,False,2,0.494,False,0,1990,False,1,,False,,False,False,False
hardati01_1,hardati01,Tim Hardaway,GSW,1992,1991,25,True,False,False,False,False,3,0.6040000000000001,False,1,1990,False,1,,False,,False,False,False
hardati01_1,hardati01,Tim Hardaway,GSW,1993,1991,26,True,False,False,False,True,4,0.543,False,2,1990,False,1,,False,,False,False,False
hardati01_1,hardati01,Tim Hardaway,GSW,1995,1991,28,False,True,False,False,False,6,0.4635,False,2,1990,False,1,,False,,False,False,False
hardati01_2,hardati01,Tim Hardaway,MIA,1997,1997,30,True,False,False,False,False,2,0.628,True,3,1990,False,1,,False,,False,False,False
hardati01_2,hardati01,Tim Hardaway,MIA,1998,1997,31,True,False,False,False,False,3,0.7075,True,4,1990,False,1,,False,,False,False,False
hardati01_2,hardati01,Tim Hardaway,MIA,1999,1997,32,True,False,False,False,False,4,0.6655,True,5,1990,False,1,,False,,False,False,False
hardati01_2,hardati01,Tim Hardaway,MIA,2000,1997,33,False,False,False,False,False,5,0.647,False,5,1990,False,1,,False,,False,False,False
hardati01_2,hardati01,Tim Hardaway,MIA,2001,1997,34,False,True,False,False,False,6,0.622,False,5,1990,False,1,,False,,False,False,False
hardeja01_1,hardeja01,James Harden,OKC,2012,2012,22,False,True,False,False,False,3,0.6915,True,0,2010,False,3,,False,,False,False,False
hardeja01_2,hardeja01,James Harden,HOU,2013,2013,23,True,False,False,False,False,1,0.532,False,1,2010,False,1,,False,,False,False,False
hardeja01_2,hardeja01,James Harden,HOU,2014,2013,24,True,False,False,False,False,2,0.6040000000000001,False,2,2010,False,1,,False,,False,False,False
hardeja01_2,hardeja01,James Harden,HOU,2015,2013,25,True,False,False,False,False,3,0.671,True,3,2010,False,1,,False,,False,False,False
hardeja01_2,hardeja01,James Harden,HOU,2016,2013,26,False,False,False,False,False,4,0.5915,True,3,2010,False,1,,False,,False,False,False
hardeja01_2,hardeja01,James Harden,HOU,2017,2013,27,True,False,False,False,False,5,0.5855,True,4,2010,False,1,,False,,False,False,False
hardeja01_2,hardeja01,James Harden,HOU,2018,2013,28,True,False,False,False,False,6,0.732,True,5,2010,True,1,,False,,False,False,False
hardeja01_2,hardeja01,James Harden,HOU,2019,2013,29,True,False,False,False,False,7,0.7195,True,6,2010,True,1,,False,,False,False,False
hardeja01_2,hardeja01,James Harden,HOU,2020,2013,30,True,True,False,False,False,8,0.6285000000000001,True,7,2010,True,1,,False,,False,False,False
hardeja01_3,hardeja01,James Harden,BKN,2021,2021,31,False,True,False,False,False,1,0.5765,False,7,2010,True,1,,False,,False,False,False
hardeja01_4,hardeja01,James Harden,PHI,2023,2023,33,False,True,False,False,False,2,0.6405000000000001,False,7,2010,False,1,,False,,False,False,False
hardeja01_5,hardeja01,James Harden,LAC,2024,2024,34,False,False,False,False,False,1,0.5795,False,7,2010,False,1,,False,,False,False,False
hardeja01_5,hardeja01,James Harden,LAC,2025,2024,35,True,True,False,False,False,2,0.616,False,8,2010,True,1,,False,,False,False,False
hardeja01_6,hardeja01,James Harden,CLE,2026,2026,36,False,False,False,True,False,1,0.7070000000000001,True,8,2010,True,2,,False,,False,False,False
harpede01_1,harpede01,Derek Harper,DAL,1990,1990,28,False,False,False,False,False,7,0.518,True,0,1984,False,1,,False,,True,False,False
harpede01_1,harpede01,Derek Harper,DAL,1991,1990,29,False,False,False,False,False,8,0.45699999999999996,False,0,1984,False,1,,False,,True,False,False
harpede01_1,harpede01,Derek Harper,DAL,1992,1990,30,False,False,False,False,False,9,0.3045,False,0,1984,False,1,,False,,True,False,False
harpede01_1,harpede01,Derek Harper,DAL,1993,1990,31,False,True,False,False,False,10,0.201,False,0,1984,False,1,,False,,True,False,False
haywago01_1,haywago01,Gordon Hayward,UTA,2015,2015,24,False,False,False,False,False,5,0.384,False,0,2011,False,3,,False,,False,False,False
haywago01_1,haywago01,Gordon Hayward,UTA,2016,2015,25,False,False,False,False,False,6,0.47550000000000003,False,0,2011,False,3,,False,,False,False,False
haywago01_1,haywago01,Gordon Hayward,UTA,2017,2015,26,False,True,False,False,False,7,0.5549999999999999,False,0,2011,False,3,,False,,False,False,False
hillgr01_1,hillgr01,Grant Hill,DET,1996,1996,23,True,False,False,False,False,2,0.45100000000000007,False,1,1995,False,2,,False,,False,False,False
hillgr01_1,hillgr01,Grant Hill,DET,1997,1996,24,True,False,False,False,False,3,0.6100000000000001,False,2,1995,False,2,,False,,False,False,False
hillgr01_1,hillgr01,Grant Hill,DET,1998,1996,25,True,False,False,False,False,4,0.555,False,3,1995,False,2,,False,,False,False,False
hillgr01_1,hillgr01,Grant Hill,DET,1999,1996,26,True,False,False,False,False,5,0.5155,False,4,1995,False,2,,False,,False,False,False
hillgr01_1,hillgr01,Grant Hill,DET,2000,1996,27,True,True,False,False,False,6,0.546,False,5,1995,False,2,,False,,False,False,False
holmgch01_1,holmgch01,Chet Holmgren,OKC,2026,2026,23,True,False,False,True,False,3,0.8045,True,1,2024,False,3,,False,,False,False,False
horfoal01_1,horfoal01,Al Horford,ATL,2011,2011,24,True,False,False,False,False,4,0.5915,False,1,2008,False,2,,False,,False,False,False
horfoal01_1,horfoal01,Al Horford,ATL,2012,2011,25,False,False,False,False,False,5,0.5715,False,1,2008,False,2,,False,,False,False,False
horfoal01_1,horfoal01,Al Horford,ATL,2013,2011,26,False,False,False,False,False,6,0.5715,False,1,2008,False,2,,False,,False,False,False
horfoal01_1,horfoal01,Al Horford,ATL,2014,2011,27,False,False,False,False,False,7,0.5,False,1,2008,False,2,,False,,False,False,False
horfoal01_1,horfoal01,Al Horford,ATL,2015,2011,28,False,False,False,False,False,8,0.5975,True,1,2008,False,2,,False,,False,False,False
horfoal01_1,horfoal01,Al Horford,ATL,2016,2011,29,False,True,False,False,False,9,0.6585,True,1,2008,False,2,,False,,False,False,False
horfoal01_2,horfoal01,Al Horford,BOS,2018,2018,31,False,False,False,False,False,2,0.6585000000000001,True,1,2008,False,1,,False,,False,False,False
horfoal01_2,horfoal01,Al Horford,BOS,2019,2018,32,False,True,False,False,False,3,0.6345000000000001,True,1,2008,False,1,,False,,False,False,False
horfoal01_3,horfoal01,Al Horford,BOS,2022,2022,35,False,False,False,False,False,1,0.5609999999999999,True,1,2008,False,1,,False,,False,False,False
horfoal01_3,horfoal01,Al Horford,BOS,2023,2022,36,False,False,False,False,False,2,0.6585,True,1,2008,False,1,,False,,False,False,False
horfoal01_3,horfoal01,Al Horford,BOS,2024,2022,37,False,False,False,False,False,3,0.7375,True,1,2008,False,1,,False,,False,False,False
horfoal01_3,horfoal01,Al Horford,BOS,2025,2022,38,False,True,False,False,False,4,0.762,True,1,2008,False,1,,False,,False,False,False
hornaje01_1,hornaje01,Jeff Hornacek,PHX,1990,1990,26,False,False,False,False,False,4,0.665,True,0,1987,False,2,,False,,False,False,False
hornaje01_1,hornaje01,Jeff Hornacek,PHX,1991,1990,27,False,False,False,False,False,5,0.665,True,0,1987,False,2,,False,,False,False,False
hornaje01_1,hornaje01,Jeff Hornacek,PHX,1992,1990,28,False,True,False,False,False,6,0.6585000000000001,True,0,1987,False,2,,False,,False,False,False
hornaje01_2,hornaje01,Jeff Hornacek,UTA,1995,1995,31,False,False,False,False,False,2,0.6890000000000001,True,0,1987,False,3,,False,,False,False,False
hornaje01_2,hornaje01,Jeff Hornacek,UTA,1996,1995,32,False,False,False,False,False,3,0.7015,True,0,1987,False,3,,False,,False,False,False
hornaje01_2,hornaje01,Jeff Hornacek,UTA,1997,1995,33,False,False,False,False,False,4,0.7255,True,0,1987,False,3,,False,,False,False,False
hornaje01_2,hornaje01,Jeff Hornacek,UTA,1998,1995,34,False,False,False,False,False,5,0.768,True,0,1987,False,3,,False,,False,False,False
hornaje01_2,hornaje01,Jeff Hornacek,UTA,1999,1995,35,False,False,False,False,False,6,0.748,True,0,1987,False,3,,False,,False,False,False
hornaje01_2,hornaje01,Jeff Hornacek,UTA,2000,1995,36,False,False,True,False,False,7,0.7055,True,0,1987,False,3,,False,,False,False,False
howardw01_1,howardw01,Dwight Howard,ORL,2007,2007,21,True,False,False,False,False,3,0.4635,False,1,2005,False,2,,False,,False,False,False
howardw01_1,howardw01,Dwight Howard,ORL,2008,2007,22,True,False,False,False,False,4,0.5609999999999999,False,2,2005,False,2,,False,,False,False,False
howardw01_1,howardw01,Dwight Howard,ORL,2009,2007,23,True,False,False,False,False,5,0.677,True,3,2005,False,2,,False,,False,False,False
howardw01_1,howardw01,Dwight Howard,ORL,2010,2007,24,True,False,False,False,False,6,0.72,True,4,2005,False,2,,False,,False,False,False
howardw01_1,howardw01,Dwight Howard,ORL,2011,2007,25,True,False,False,False,False,7,0.677,True,5,2005,False,2,,False,,False,False,False
howardw01_1,howardw01,Dwight Howard,ORL,2012,2007,26,True,True,False,False,False,8,0.5975,True,6,2005,False,2,,False,,False,False,False
howardw01_2,howardw01,Dwight Howard,LAL,2013,2013,27,True,True,False,False,False,1,0.585,False,7,2005,False,1,,False,,False,False,False
howardw01_3,howardw01,Dwight Howard,HOU,2014,2014,28,True,False,False,False,False,1,0.6040000000000001,False,8,2005,False,1,,False,,False,False,False
howardw01_3,howardw01,Dwight Howard,HOU,2015,2014,29,False,False,False,False,False,2,0.671,True,8,2005,False,1,,False,,False,False,False
howardw01_3,howardw01,Dwight Howard,HOU,2016,2014,30,False,True,False,False,False,3,0.5915,True,8,2005,False,1,,False,,False,False,False
howarju01_1,howarju01,Juwan Howard,WAS,1996,1996,22,True,False,False,False,False,2,0.366,False,1,1995,False,2,,False,,False,False,False
howarju01_1,howarju01,Juwan Howard,WAS,1997,1996,23,False,False,False,False,False,3,0.5065,False,1,1995,False,2,,False,,False,False,False
howarju01_1,howarju01,Juwan Howard,WAS,1998,1996,24,False,False,False,False,False,4,0.5245,False,1,1995,False,2,,False,,False,False,False
howarju01_1,howarju01,Juwan Howard,WAS,1999,1996,25,False,False,False,False,False,5,0.436,False,1,1995,False,2,,False,,False,False,False
howarju01_1,howarju01,Juwan Howard,WAS,2000,1996,26,False,True,False,False,False,6,0.357,False,1,1995,False,2,,False,,False,False,False
hughela01_1,hughela01,Larry Hughes,WAS,2005,2005,26,False,True,False,False,False,3,0.42700000000000005,False,0,1999,False,2,,False,,False,False,False
iguodan01_1,iguodan01,Andre Iguodala,PHI,2008,2008,24,False,False,False,False,False,4,0.4575,False,0,2005,False,1,,False,,False,False,False
iguodan01_1,iguodan01,Andre Iguodala,PHI,2009,2008,25,False,False,False,False,False,5,0.494,False,0,2005,False,1,,False,,False,False,False
iguodan01_1,iguodan01,Andre Iguodala,PHI,2010,2008,26,False,False,False,False,False,6,0.4145,False,0,2005,False,1,,False,,False,False,False
iguodan01_1,iguodan01,Andre Iguodala,PHI,2011,2008,27,False,False,False,False,False,7,0.4145,False,0,2005,False,1,,False,,False,False,False
iguodan01_1,iguodan01,Andre Iguodala,PHI,2012,2008,28,False,True,False,False,False,8,0.515,False,0,2005,False,1,,False,,False,False,False
irvinky01_1,irvinky01,Kyrie Irving,CLE,2012,2012,19,False,False,False,False,False,1,0.275,False,0,2012,False,2,,False,,False,False,False
irvinky01_1,irvinky01,Kyrie Irving,CLE,2013,2012,20,False,False,False,False,False,2,0.3055,False,0,2012,False,2,,False,,False,False,False
irvinky01_1,irvinky01,Kyrie Irving,CLE,2014,2012,21,False,False,False,False,False,3,0.34750000000000003,False,0,2012,False,2,,False,,False,False,False
irvinky01_1,irvinky01,Kyrie Irving,CLE,2015,2012,22,True,False,False,False,False,4,0.524,True,1,2012,False,2,,False,,False,False,False
irvinky01_1,irvinky01,Kyrie Irving,CLE,2016,2012,23,False,False,False,False,False,5,0.6705,True,1,2012,False,2,,False,,False,False,False
irvinky01_1,irvinky01,Kyrie Irving,CLE,2017,2012,24,False,True,False,False,False,6,0.6585,True,1,2012,False,2,,False,,False,False,False
irvinky01_2,irvinky01,Kyrie Irving,BOS,2018,2018,25,False,False,False,False,False,1,0.6585000000000001,True,1,2012,False,1,,False,,False,False,False
irvinky01_2,irvinky01,Kyrie Irving,BOS,2019,2018,26,True,True,False,False,False,2,0.6345000000000001,True,2,2012,True,1,,False,,False,False,False
irvinky01_3,irvinky01,Kyrie Irving,BKN,2021,2021,28,True,False,False,False,False,2,0.5765,False,3,2012,True,1,,False,,False,False,False
irvinky01_3,irvinky01,Kyrie Irving,BKN,2022,2021,29,False,True,False,False,False,3,0.6020000000000001,False,3,2012,True,1,,False,,False,False,False
irvinky01_4,irvinky01,Kyrie Irving,DAL,2024,2024,31,False,False,False,False,False,2,0.5365,True,3,2012,False,1,,False,,False,False,False
irvinky01_4,irvinky01,Kyrie Irving,DAL,2025,2024,32,False,False,False,True,False,3,0.5429999999999999,True,3,2012,False,1,,False,boundary rule: roster=DAL contracts=['DAL'] -> censored,False,False,False
iversal01_1,iversal01,Allen Iverson,PHI,1999,1999,23,True,False,False,False,False,3,0.46900000000000003,False,1,1997,False,1,,False,,False,False,False
iversal01_1,iversal01,Allen Iverson,PHI,2000,1999,24,True,False,False,False,False,4,0.579,False,2,1997,False,1,,False,,False,False,False
iversal01_1,iversal01,Allen Iverson,PHI,2001,1999,25,True,False,False,False,False,5,0.6405000000000001,True,3,1997,False,1,,False,,False,False,False
iversal01_1,iversal01,Allen Iverson,PHI,2002,1999,26,True,False,False,False,False,6,0.6035,True,4,1997,False,1,,False,,False,False,False
iversal01_1,iversal01,Allen Iverson,PHI,2003,1999,27,True,False,False,False,False,7,0.5545,True,5,1997,False,1,,False,,False,False,False
iversal01_1,iversal01,Allen Iverson,PHI,2004,1999,28,False,False,False,False,False,8,0.4935,False,5,1997,False,1,,False,,False,False,False
iversal01_1,iversal01,Allen Iverson,PHI,2005,1999,29,True,False,False,False,False,9,0.463,False,6,1997,False,1,,False,,False,False,False
iversal01_1,iversal01,Allen Iverson,PHI,2006,1999,30,True,True,False,False,False,10,0.49350000000000005,False,7,1997,False,1,,False,,False,False,False
jamesle01_1,jamesle01,LeBron James,CLE,2005,2005,20,True,False,False,False,False,2,0.46950000000000003,False,1,2004,False,2,,False,,False,False,False
jamesle01_1,jamesle01,LeBron James,CLE,2006,2005,21,True,False,False,False,False,3,0.5609999999999999,False,2,2004,False,2,,False,,False,False,False
jamesle01_1,jamesle01,LeBron James,CLE,2007,2005,22,True,False,False,False,False,4,0.61,True,3,2004,False,2,,False,,False,False,False
jamesle01_1,jamesle01,LeBron James,CLE,2008,2005,23,True,False,False,False,False,5,0.5795,True,4,2004,False,2,,False,,False,False,False
jamesle01_1,jamesle01,LeBron James,CLE,2009,2005,24,True,False,False,False,False,6,0.677,True,5,2004,False,2,,False,,False,False,False
jamesle01_1,jamesle01,LeBron James,CLE,2010,2005,25,True,True,False,False,False,7,0.7745,True,6,2004,False,2,,False,,False,False,False
jamesle01_2,jamesle01,LeBron James,MIA,2011,2011,26,True,False,False,False,False,1,0.6399999999999999,True,7,2004,False,1,,False,,False,False,False
jamesle01_2,jamesle01,LeBron James,MIA,2012,2011,27,True,False,False,False,False,2,0.702,True,8,2004,False,1,,False,,False,False,False
jamesle01_2,jamesle01,LeBron James,MIA,2013,2011,28,True,False,False,False,False,3,0.751,True,9,2004,False,1,,False,,False,False,False
jamesle01_2,jamesle01,LeBron James,MIA,2014,2011,29,True,True,False,False,False,4,0.732,True,10,2004,False,1,,False,,False,False,False
jamesle01_3,jamesle01,LeBron James,CLE,2015,2015,30,True,False,False,False,False,1,0.524,True,11,2004,False,2,,False,,False,False,False
jamesle01_3,jamesle01,LeBron James,CLE,2016,2015,31,True,False,False,False,False,2,0.6705,True,12,2004,False,2,,False,,False,False,False
jamesle01_3,jamesle01,LeBron James,CLE,2017,2015,32,True,False,False,False,False,3,0.6585,True,13,2004,False,2,,False,,False,False,False
jamesle01_3,jamesle01,LeBron James,CLE,2018,2015,33,True,True,False,False,False,4,0.616,True,14,2004,True,2,,False,,False,False,False
jamesle01_4,jamesle01,LeBron James,LAL,2019,2019,34,True,False,False,False,False,1,0.439,False,15,2004,True,1,,False,,False,False,False
jamesle01_4,jamesle01,LeBron James,LAL,2020,2019,35,True,False,False,False,False,2,0.5915,True,16,2004,True,1,,False,,False,False,False
jamesle01_4,jamesle01,LeBron James,LAL,2021,2019,36,True,False,False,False,False,3,0.6575,True,17,2004,True,1,,False,,False,False,False
jamesle01_4,jamesle01,LeBron James,LAL,2022,2019,37,True,False,False,False,False,4,0.4925,True,18,2004,True,1,,False,,False,False,False
jamesle01_4,jamesle01,LeBron James,LAL,2023,2019,38,True,False,False,False,False,5,0.463,True,19,2004,True,1,,False,,False,False,False
jamesle01_4,jamesle01,LeBron James,LAL,2024,2019,39,True,False,False,False,False,6,0.5485,True,20,2004,True,1,,False,,False,False,False
jamesle01_4,jamesle01,LeBron James,LAL,2025,2019,40,True,False,False,False,False,7,0.5914999999999999,True,21,2004,True,1,,False,,False,False,False
jamesle01_4,jamesle01,LeBron James,LAL,2026,2019,41,False,False,False,True,False,8,0.628,False,21,2004,True,1,,False,,False,False,False
jeffeal01_1,jeffeal01,Al Jefferson,UTA,2012,2012,27,False,False,False,False,False,2,0.5105,False,0,2005,False,3,,False,,False,False,False
jeffeal01_1,jeffeal01,Al Jefferson,UTA,2013,2012,28,False,True,False,False,False,3,0.5345,False,0,2005,False,3,,False,,False,False,False
jeffeal01_2,jeffeal01,Al Jefferson,CHA,2014,2014,29,True,False,False,False,False,1,0.39,False,1,2005,False,2,,False,,False,False,False
jeffeal01_2,jeffeal01,Al Jefferson,CHA,2015,2014,30,False,False,False,False,False,2,0.463,False,1,2005,False,2,,False,,False,False,False
jeffeal01_2,jeffeal01,Al Jefferson,CHA,2016,2014,31,False,True,False,False,False,3,0.4935,False,1,2005,False,2,,False,,False,False,False
johnsja05_1,johnsja05,Jalen Johnson,ATL,2026,2026,24,True,False,False,True,False,5,0.5245,False,1,2022,False,2,,False,,False,False,False
johnsjo02_1,johnsjo02,Joe Johnson,ATL,2010,2010,28,True,False,False,False,False,5,0.6094999999999999,False,1,2002,False,2,,False,,False,False,False
johnsjo02_1,johnsjo02,Joe Johnson,ATL,2011,2010,29,False,False,False,False,False,6,0.5915,False,1,2002,False,2,,False,,False,False,False
johnsjo02_1,johnsjo02,Joe Johnson,ATL,2012,2010,30,False,True,False,False,False,7,0.5715,False,1,2002,False,2,,False,,False,False,False
johnske02_1,johnske02,Kevin Johnson,PHX,1990,1990,23,True,False,False,False,False,3,0.665,True,2,1988,False,2,,False,,False,False,False
johnske02_1,johnske02,Kevin Johnson,PHX,1991,1990,24,True,False,False,False,False,4,0.665,True,3,1988,False,2,,False,,False,False,False
johnske02_1,johnske02,Kevin Johnson,PHX,1992,1990,25,True,False,False,False,False,5,0.6585000000000001,True,4,1988,False,2,,False,,False,False,False
johnske02_1,johnske02,Kevin Johnson,PHX,1993,1990,26,False,False,False,False,False,6,0.7010000000000001,True,4,1988,False,2,,False,,False,False,False
johnske02_1,johnske02,Kevin Johnson,PHX,1994,1990,27,True,False,False,False,False,7,0.7195,True,5,1988,False,2,,False,,False,False,False
johnske02_1,johnske02,Kevin Johnson,PHX,1995,1990,28,False,False,False,False,False,8,0.7015,True,5,1988,False,2,,False,,False,False,False
johnske02_1,johnske02,Kevin Johnson,PHX,1996,1990,29,False,False,False,False,False,9,0.61,False,5,1988,False,2,,False,,False,False,False
johnske02_1,johnske02,Kevin Johnson,PHX,1997,1990,30,False,False,False,False,False,10,0.494,False,5,1988,False,2,,False,,False,False,False
johnske02_1,johnske02,Kevin Johnson,PHX,1998,1990,31,False,False,False,False,True,11,0.5855,False,5,1988,False,2,,False,,False,False,False
johnske02_1,johnske02,Kevin Johnson,PHX,2000,1990,33,False,False,True,False,False,13,0.593,False,5,1988,False,2,,False,,False,False,False
johnsla02_1,johnsla02,Larry Johnson,CHA,1993,1993,23,True,False,False,False,False,2,0.4575,False,1,1992,False,2,,False,,False,False,False
johnsla02_1,johnsla02,Larry Johnson,CHA,1994,1993,24,False,False,False,False,False,3,0.5185,False,1,1992,False,2,,False,,False,False,False
johnsla02_1,johnsla02,Larry Johnson,CHA,1995,1993,25,False,False,False,False,False,4,0.5549999999999999,False,1,1992,False,2,,False,,False,False,False
johnsla02_1,johnsla02,Larry Johnson,CHA,1996,1993,26,False,True,False,False,False,5,0.5549999999999999,False,1,1992,False,2,,False,,False,False,False
johnsma02_1,johnsma02,Magic Johnson,LAL,1990,1990,30,True,False,False,False,False,11,0.7315,True,9,1980,False,1,,False,,False,False,False
johnsma02_1,johnsma02,Magic Johnson,LAL,1991,1990,31,True,False,False,False,True,12,0.7375,True,10,1980,False,1,,False,,False,False,False
johnsma02_1,johnsma02,Magic Johnson,LAL,1996,1990,36,False,False,True,False,False,17,0.6154999999999999,False,10,1980,False,1,,False,,False,False,False
jokicni01_1,jokicni01,Nikola Jokić,DEN,2016,2016,20,False,False,False,False,False,1,0.384,False,0,2016,False,2,,False,,False,False,False
jokicni01_1,jokicni01,Nikola Jokić,DEN,2017,2016,21,False,False,False,False,False,2,0.445,False,0,2016,False,2,,False,,False,False,False
jokicni01_1,jokicni01,Nikola Jokić,DEN,2018,2016,22,False,False,False,False,False,3,0.5245,False,0,2016,False,2,,False,,False,False,False
jokicni01_1,jokicni01,Nikola Jokić,DEN,2019,2016,23,True,False,False,False,False,4,0.6100000000000001,False,1,2016,False,2,,False,,False,False,False
jokicni01_1,jokicni01,Nikola Jokić,DEN,2020,2016,24,True,False,False,False,False,5,0.6445000000000001,True,2,2016,False,2,,False,,False,False,False
jokicni01_1,jokicni01,Nikola Jokić,DEN,2021,2016,25,True,False,False,False,False,6,0.6415,True,3,2016,False,2,,False,,False,False,False
jokicni01_1,jokicni01,Nikola Jokić,DEN,2022,2016,26,True,False,False,False,False,7,0.619,True,4,2016,False,2,,False,,False,False,False
jokicni01_1,jokicni01,Nikola Jokić,DEN,2023,2016,27,True,False,False,False,False,8,0.6154999999999999,True,5,2016,True,2,,False,,False,False,False
jokicni01_1,jokicni01,Nikola Jokić,DEN,2024,2016,28,True,False,False,False,False,9,0.6705,True,6,2016,True,2,,False,,False,False,False
jokicni01_1,jokicni01,Nikola Jokić,DEN,2025,2016,29,True,False,False,False,False,10,0.6525,True,7,2016,True,2,,False,,False,False,False
jokicni01_1,jokicni01,Nikola Jokić,DEN,2026,2016,30,True,False,False,True,False,11,0.6345000000000001,False,8,2016,True,2,,False,,False,False,False
jonesed02_1,jonesed02,Eddie Jones,LAL,1998,1998,26,False,True,False,False,False,4,0.7135,True,0,1995,False,1,,False,,False,False,False
jonesed02_2,jonesed02,Eddie Jones,CHA,1999,1999,27,False,False,False,False,False,1,0.571,False,0,1995,False,2,,False,,False,False,False
jonesed02_2,jonesed02,Eddie Jones,CHA,2000,1999,28,True,True,False,False,False,2,0.5589999999999999,False,1,1995,False,2,,False,,False,False,False
jonesed02_3,jonesed02,Eddie Jones,MIA,2001,2001,29,False,False,False,False,False,1,0.622,False,1,1995,False,1,,False,,False,False,False
jonesed02_3,jonesed02,Eddie Jones,MIA,2002,2001,30,False,False,False,False,False,2,0.5245,False,1,1995,False,1,,False,,False,False,False
jonesed02_3,jonesed02,Eddie Jones,MIA,2003,2001,31,False,False,False,False,False,3,0.372,False,1,1995,False,1,,False,,False,False,False
jonesed02_3,jonesed02,Eddie Jones,MIA,2004,2001,32,False,False,False,False,False,4,0.4085,False,1,1995,False,1,,False,,False,False,False
jonesed02_3,jonesed02,Eddie Jones,MIA,2005,2001,33,False,True,False,False,False,5,0.616,True,1,1995,False,1,,False,,False,False,False
jordade01_1,jordade01,DeAndre Jordan,LAC,2015,2015,26,True,False,False,False,False,7,0.6890000000000001,False,1,2009,False,1,,False,,False,False,False
jordade01_1,jordade01,DeAndre Jordan,LAC,2016,2015,27,True,False,False,False,False,8,0.6645000000000001,False,2,2009,False,1,,False,,False,False,False
jordade01_1,jordade01,DeAndre Jordan,LAC,2017,2015,28,True,False,False,False,False,9,0.634,False,3,2009,False,1,,False,,False,False,False
jordade01_1,jordade01,DeAndre Jordan,LAC,2018,2015,29,False,True,False,False,False,10,0.567,False,3,2009,True,1,,False,,False,False,False
jordami01_1,jordami01,Michael Jordan,CHI,1990,1990,26,True,False,False,False,False,6,0.622,True,5,1985,False,1,,False,,False,False,False
jordami01_1,jordami01,Michael Jordan,CHI,1991,1990,27,True,False,False,False,False,7,0.7075,True,6,1985,False,1,,False,,False,False,False
jordami01_1,jordami01,Michael Jordan,CHI,1992,1990,28,True,False,False,False,False,8,0.7805,True,7,1985,False,1,,False,,False,False,False
jordami01_1,jordami01,Michael Jordan,CHI,1993,1990,29,True,False,False,False,True,9,0.756,True,8,1985,False,1,,False,,False,False,False
jordami01_1,jordami01,Michael Jordan,CHI,1995,1990,31,False,False,False,False,False,11,0.622,True,8,1985,False,1,,False,,False,False,False
jordami01_1,jordami01,Michael Jordan,CHI,1996,1990,32,True,False,False,False,False,12,0.7255,True,9,1985,False,1,,False,,False,False,False
jordami01_1,jordami01,Michael Jordan,CHI,1997,1990,33,True,False,False,False,False,13,0.8594999999999999,True,10,1985,False,1,,False,,False,False,False
jordami01_1,jordami01,Michael Jordan,CHI,1998,1990,34,True,False,True,False,True,14,0.7985,True,11,1985,False,1,,False,,False,False,False
kempsh01_1,kempsh01,Shawn Kemp,OKC,1994,1994,24,True,False,False,False,False,5,0.7195,True,1,1990,False,3,,False,,False,False,False
kempsh01_1,kempsh01,Shawn Kemp,OKC,1995,1994,25,True,False,False,False,False,6,0.7315,True,2,1990,False,3,,False,,False,False,False
kempsh01_1,kempsh01,Shawn Kemp,OKC,1996,1994,26,True,False,False,False,False,7,0.7375,True,3,1990,False,3,,False,,False,False,False
kempsh01_1,kempsh01,Shawn Kemp,OKC,1997,1994,27,False,True,False,False,False,8,0.7375,True,3,1990,False,3,,False,,False,False,False
kiddja01_1,kiddja01,Jason Kidd,PHX,1999,1999,25,True,False,False,False,False,3,0.6115,False,1,1995,False,2,,False,,False,False,False
kiddja01_1,kiddja01,Jason Kidd,PHX,2000,1999,26,True,False,False,False,False,4,0.593,False,2,1995,False,2,,False,,False,False,False
kiddja01_1,kiddja01,Jason Kidd,PHX,2001,1999,27,True,True,False,False,False,5,0.634,False,3,1995,False,2,,False,,False,False,False
kiddja01_2,kiddja01,Jason Kidd,BKN,2002,2002,28,True,False,False,False,False,1,0.47550000000000003,True,4,1995,False,1,,False,,False,False,False
kiddja01_2,kiddja01,Jason Kidd,BKN,2003,2002,29,True,False,False,False,False,2,0.616,True,5,1995,False,1,,False,,False,False,False
kiddja01_2,kiddja01,Jason Kidd,BKN,2004,2002,30,True,False,False,False,False,3,0.5854999999999999,True,6,1995,False,1,,False,,False,False,False
kiddja01_2,kiddja01,Jason Kidd,BKN,2005,2002,31,False,False,False,False,False,4,0.5425,True,6,1995,False,1,,False,,False,False,False
kiddja01_2,kiddja01,Jason Kidd,BKN,2006,2002,32,False,False,False,False,False,5,0.5549999999999999,False,6,1995,False,1,,False,,False,False,False
kiddja01_2,kiddja01,Jason Kidd,BKN,2007,2002,33,False,True,False,False,False,6,0.5489999999999999,False,6,1995,False,1,,False,,False,False,False
kiddja01_3,kiddja01,Jason Kidd,DAL,2009,2009,35,False,False,False,False,False,2,0.616,False,6,1995,False,1,,False,,False,False,False
kiddja01_3,kiddja01,Jason Kidd,DAL,2010,2009,36,False,False,False,False,False,3,0.6405000000000001,False,6,1995,False,1,,False,,False,False,False
kiddja01_3,kiddja01,Jason Kidd,DAL,2011,2009,37,False,False,False,False,False,4,0.683,True,6,1995,False,1,,False,,False,False,False
kiddja01_3,kiddja01,Jason Kidd,DAL,2012,2009,38,False,True,False,False,False,5,0.62,True,6,1995,False,1,,False,,False,False,False
kingbe01_1,kingbe01,Bernard King,WAS,1991,1991,34,True,True,False,False,True,4,0.372,False,4,1979,False,2,,False,,False,False,False
kirilan01_1,kirilan01,Andrei Kirilenko,UTA,2003,2003,21,False,False,False,False,False,2,0.5549999999999999,False,0,2002,False,3,,False,,False,False,False
kirilan01_1,kirilan01,Andrei Kirilenko,UTA,2004,2003,22,False,False,False,False,False,3,0.5425,False,0,2002,False,3,,False,,False,False,False
kirilan01_1,kirilan01,Andrei Kirilenko,UTA,2005,2003,23,False,False,False,False,False,4,0.4145,False,0,2002,False,3,,False,,False,False,False
kirilan01_1,kirilan01,Andrei Kirilenko,UTA,2006,2003,24,False,False,False,False,False,5,0.4085,False,0,2002,False,3,,False,,False,False,False
kirilan01_1,kirilan01,Andrei Kirilenko,UTA,2007,2003,25,False,False,False,False,False,6,0.5609999999999999,True,0,2002,False,3,,False,,False,False,False
kirilan01_1,kirilan01,Andrei Kirilenko,UTA,2008,2003,26,False,False,False,False,False,7,0.6405000000000001,True,0,2002,False,3,,False,,False,False,False
kirilan01_1,kirilan01,Andrei Kirilenko,UTA,2009,2003,27,False,False,False,False,False,8,0.622,True,0,2002,False,3,,False,,False,False,False
kirilan01_1,kirilan01,Andrei Kirilenko,UTA,2010,2003,28,False,False,False,False,False,9,0.6154999999999999,False,0,2002,False,3,,False,,False,False,False
kirilan01_1,kirilan01,Andrei Kirilenko,UTA,2011,2003,29,False,True,False,False,True,10,0.5609999999999999,False,0,2002,False,3,,False,,False,False,False
kukocto01_1,kukocto01,Toni Kukoč,CHI,1995,1995,26,False,False,False,False,False,2,0.622,True,0,1994,False,1,,False,,True,False,False
kukocto01_1,kukocto01,Toni Kukoč,CHI,1996,1995,27,False,False,False,False,False,3,0.7255,True,0,1994,False,1,,False,,True,False,False
kukocto01_1,kukocto01,Toni Kukoč,CHI,1997,1995,28,False,False,False,False,False,4,0.8594999999999999,True,0,1994,False,1,,False,,True,False,False
kukocto01_1,kukocto01,Toni Kukoč,CHI,1998,1995,29,False,False,False,False,False,5,0.7985,True,0,1994,False,1,,False,,True,False,False
kukocto01_1,kukocto01,Toni Kukoč,CHI,1999,1995,30,False,True,False,False,False,6,0.508,True,0,1994,False,1,,False,,True,False,False
lavinza01_1,lavinza01,Zach LaVine,CHI,2021,2021,25,False,False,False,False,False,4,0.3845,False,0,2015,False,1,,False,,False,False,False
lavinza01_1,lavinza01,Zach LaVine,CHI,2022,2021,26,False,False,False,False,False,5,0.496,False,0,2015,False,1,,False,,False,False,False
lavinza01_1,lavinza01,Zach LaVine,CHI,2023,2021,27,False,False,False,False,False,6,0.5245,False,0,2015,False,1,,False,,False,False,False
lavinza01_1,lavinza01,Zach LaVine,CHI,2024,2021,28,False,True,False,False,False,7,0.482,False,0,2015,False,1,,False,,False,False,False
leeda02_1,leeda02,David Lee,GSW,2013,2013,29,True,False,False,False,False,3,0.46049999999999996,False,1,2006,False,1,,False,,False,False,False
leeda02_1,leeda02,David Lee,GSW,2014,2013,30,False,False,False,False,False,4,0.5974999999999999,False,1,2006,False,1,,False,,False,False,False
leeda02_1,leeda02,David Lee,GSW,2015,2013,31,False,True,False,False,False,5,0.7195,True,1,2006,False,1,,False,,False,False,False
leonaka01_1,leonaka01,Kawhi Leonard,SAS,2014,2014,22,False,False,False,False,False,3,0.7315,True,0,2012,False,2,,False,,False,False,False
leonaka01_1,leonaka01,Kawhi Leonard,SAS,2015,2014,23,False,False,False,False,False,4,0.7135,True,0,2012,False,2,,False,,False,False,False
leonaka01_1,leonaka01,Kawhi Leonard,SAS,2016,2014,24,True,False,False,False,False,5,0.744,True,1,2012,False,2,,False,,False,False,False
leonaka01_1,leonaka01,Kawhi Leonard,SAS,2017,2014,25,True,False,False,False,False,6,0.7805,True,2,2012,False,2,,False,,False,False,False
leonaka01_1,leonaka01,Kawhi Leonard,SAS,2018,2014,26,False,True,False,False,False,7,0.6585,True,2,2012,False,2,,False,,False,False,False
leonaka01_2,leonaka01,Kawhi Leonard,TOR,2019,2019,27,True,True,False,False,False,1,0.7135,True,3,2012,True,1,,False,,False,False,False
leonaka01_3,leonaka01,Kawhi Leonard,LAC,2020,2020,28,True,False,False,False,False,1,0.633,False,4,2012,True,1,,False,,False,True,False
leonaka01_3,leonaka01,Kawhi Leonard,LAC,2021,2020,29,True,False,False,False,True,2,0.667,True,5,2012,True,1,,False,,False,True,False
leonaka01_3,leonaka01,Kawhi Leonard,LAC,2023,2020,31,False,False,False,False,False,4,0.5245,True,5,2012,True,1,,False,,False,True,False
leonaka01_3,leonaka01,Kawhi Leonard,LAC,2024,2020,32,True,False,False,False,False,5,0.5795,False,6,2012,True,1,,False,,False,True,False
leonaka01_3,leonaka01,Kawhi Leonard,LAC,2025,2020,33,False,False,False,False,False,6,0.616,False,6,2012,True,1,,False,,False,True,False
leonaka01_3,leonaka01,Kawhi Leonard,LAC,2026,2020,34,True,True,False,False,False,7,0.5609999999999999,False,7,2012,True,1,,False,,False,True,False
leverfa01_1,leverfa01,Fat Lever,DEN,1990,1990,29,False,True,False,False,False,6,0.5305,False,1,1983,False,2,,False,,False,False,False
lewisra02_1,lewisra02,Rashard Lewis,ORL,2009,2009,29,False,False,False,False,False,2,0.677,True,0,1999,False,2,,False,,False,False,False
lewisra02_1,lewisra02,Rashard Lewis,ORL,2010,2009,30,False,True,False,False,False,3,0.72,True,0,1999,False,2,,False,,False,False,False
lillada01_1,lillada01,Damian Lillard,POR,2014,2014,23,True,False,False,False,False,2,0.5305,False,1,2013,False,2,,False,,False,False,False
lillada01_1,lillada01,Damian Lillard,POR,2015,2014,24,False,False,False,False,False,3,0.6405000000000001,False,1,2013,False,2,,False,,False,False,False
lillada01_1,lillada01,Damian Lillard,POR,2016,2014,25,True,False,False,False,False,4,0.5795,False,2,2013,False,2,,False,,False,False,False
lillada01_1,lillada01,Damian Lillard,POR,2017,2014,26,False,False,False,False,False,5,0.5185,False,2,2013,False,2,,False,,False,False,False
lillada01_1,lillada01,Damian Lillard,POR,2018,2014,27,True,False,False,False,False,6,0.5489999999999999,False,3,2013,False,2,,False,,False,False,False
lillada01_1,lillada01,Damian Lillard,POR,2019,2014,28,True,False,False,False,False,7,0.622,True,4,2013,False,2,,False,,False,False,False
lillada01_1,lillada01,Damian Lillard,POR,2020,2014,29,True,False,False,False,False,8,0.5595,True,5,2013,True,2,,False,,False,False,False
lillada01_1,lillada01,Damian Lillard,POR,2021,2014,30,True,False,False,False,False,9,0.528,True,6,2013,True,2,,False,,False,False,False
lillada01_1,lillada01,Damian Lillard,POR,2022,2014,31,False,False,False,False,False,10,0.45599999999999996,False,6,2013,True,2,,False,,False,False,False
lillada01_1,lillada01,Damian Lillard,POR,2023,2014,32,True,True,False,False,False,11,0.36550000000000005,False,7,2013,True,2,,False,,False,False,False
lillada01_2,lillada01,Damian Lillard,MIL,2025,2025,34,False,True,False,False,False,2,0.5914999999999999,False,7,2013,True,3,,False,"boundary rule: roster=POR contracts=['MIL', 'POR'] -> departure",False,False,False
loveke01_1,loveke01,Kevin Love,MIN,2011,2011,22,False,False,False,False,False,3,0.195,False,0,2009,False,2,,False,,False,False,False
loveke01_1,loveke01,Kevin Love,MIN,2012,2011,23,True,False,False,False,False,4,0.3005,False,1,2009,False,2,,False,,False,False,False
loveke01_1,loveke01,Kevin Love,MIN,2013,2011,24,False,False,False,False,False,5,0.386,False,1,2009,False,2,,False,,False,False,False
loveke01_1,loveke01,Kevin Love,MIN,2014,2011,25,True,True,False,False,False,6,0.433,False,2,2009,False,2,,False,,False,False,False
loveke01_2,loveke01,Kevin Love,CLE,2022,2022,33,False,True,False,False,False,8,0.4215,False,2,2009,False,2,,False,,False,False,False
lowryky01_2,lowryky01,Kyle Lowry,TOR,2014,2014,27,False,False,False,False,False,2,0.5,False,0,2007,False,1,,False,,False,False,False
lowryky01_2,lowryky01,Kyle Lowry,TOR,2015,2014,28,False,False,False,False,False,3,0.5914999999999999,False,0,2007,False,1,,False,,False,False,False
lowryky01_2,lowryky01,Kyle Lowry,TOR,2016,2014,29,True,False,False,False,False,4,0.6405000000000001,True,1,2007,False,1,,False,,False,False,False
lowryky01_2,lowryky01,Kyle Lowry,TOR,2017,2014,30,False,False,False,False,False,5,0.6525000000000001,True,1,2007,False,1,,False,,False,False,False
lowryky01_2,lowryky01,Kyle Lowry,TOR,2018,2014,31,False,False,False,False,False,6,0.671,True,1,2007,True,1,,False,,False,False,False
lowryky01_2,lowryky01,Kyle Lowry,TOR,2019,2014,32,False,False,False,False,False,7,0.7135,True,1,2007,False,1,,False,,False,False,False
lowryky01_2,lowryky01,Kyle Lowry,TOR,2020,2014,33,False,False,False,False,False,8,0.7215,True,1,2007,False,1,,False,,False,False,False
lowryky01_2,lowryky01,Kyle Lowry,TOR,2021,2014,34,False,True,False,False,False,9,0.5555,True,1,2007,False,1,,False,,False,False,False
malonka01_1,malonka01,Karl Malone,UTA,1990,1990,26,True,False,False,False,False,5,0.6465000000000001,False,3,1986,False,3,,False,,False,False,False
malonka01_1,malonka01,Karl Malone,UTA,1991,1990,27,True,False,False,False,False,6,0.665,False,4,1986,False,3,,False,,False,False,False
malonka01_1,malonka01,Karl Malone,UTA,1992,1990,28,True,False,False,False,False,7,0.665,True,5,1986,False,3,,False,,False,False,False
malonka01_1,malonka01,Karl Malone,UTA,1993,1990,29,True,False,False,False,False,8,0.622,True,6,1986,False,3,,False,,False,False,False
malonka01_1,malonka01,Karl Malone,UTA,1994,1990,30,True,False,False,False,False,9,0.6094999999999999,True,7,1986,False,3,,False,,False,False,False
malonka01_1,malonka01,Karl Malone,UTA,1995,1990,31,True,False,False,False,False,10,0.6890000000000001,True,8,1986,False,3,,False,,False,False,False
malonka01_1,malonka01,Karl Malone,UTA,1996,1990,32,True,False,False,False,False,11,0.7015,True,9,1986,False,3,,False,,False,False,False
malonka01_1,malonka01,Karl Malone,UTA,1997,1990,33,True,False,False,False,False,12,0.7255,True,10,1986,False,3,,False,,False,False,False
malonka01_1,malonka01,Karl Malone,UTA,1998,1990,34,True,False,False,False,False,13,0.768,True,11,1986,False,3,,False,,False,False,False
malonka01_1,malonka01,Karl Malone,UTA,1999,1990,35,True,False,False,False,False,14,0.748,True,12,1986,False,3,,False,,False,False,False
malonka01_1,malonka01,Karl Malone,UTA,2000,1990,36,True,False,False,False,False,15,0.7055,True,13,1986,False,3,,False,,False,False,False
malonka01_1,malonka01,Karl Malone,UTA,2001,1990,37,True,False,False,False,False,16,0.6585000000000001,False,14,1986,False,3,,False,,False,False,False
malonka01_1,malonka01,Karl Malone,UTA,2002,1990,38,False,False,False,False,False,17,0.5915,False,14,1986,False,3,,False,,False,False,False
malonka01_1,malonka01,Karl Malone,UTA,2003,1990,39,False,True,False,False,False,18,0.5549999999999999,False,14,1986,False,3,,False,,False,False,False
mannida01_1,mannida01,Danny Manning,LAC,1992,1992,25,False,False,False,False,False,4,0.4635,False,0,1989,False,1,,False,,False,False,False
mannida01_1,mannida01,Danny Manning,LAC,1993,1992,26,False,True,False,False,False,5,0.5245,False,0,1989,False,1,,False,,False,False,False
marbust01_1,marbust01,Stephon Marbury,BKN,2000,2000,22,True,False,False,False,False,2,0.349,False,1,1997,False,1,,False,,False,False,False
marbust01_1,marbust01,Stephon Marbury,BKN,2001,2000,23,False,True,False,False,False,3,0.34750000000000003,False,1,1997,False,1,,False,,False,False,False
marbust01_2,marbust01,Stephon Marbury,PHX,2003,2003,25,True,True,False,False,False,2,0.488,False,2,1997,False,2,,False,,False,False,False
marbust01_3,marbust01,Stephon Marbury,NYK,2005,2005,27,False,False,False,False,False,2,0.439,False,2,1997,False,1,,False,,False,False,False
marbust01_3,marbust01,Stephon Marbury,NYK,2006,2005,28,False,False,False,False,False,3,0.341,False,2,1997,False,1,,False,,False,False,False
marbust01_3,marbust01,Stephon Marbury,NYK,2007,2005,29,False,False,False,False,False,4,0.341,False,2,1997,False,1,,False,,False,False,False
marbust01_3,marbust01,Stephon Marbury,NYK,2008,2005,30,False,True,False,False,False,5,0.341,False,2,1997,False,1,,False,,False,False,False
mariosh01_1,mariosh01,Shawn Marion,PHX,2003,2003,24,False,False,False,False,False,4,0.488,False,0,2000,False,2,,False,,False,False,False
mariosh01_1,mariosh01,Shawn Marion,PHX,2004,2003,25,False,False,False,False,False,5,0.4455,False,0,2000,False,2,,False,,False,False,False
mariosh01_1,mariosh01,Shawn Marion,PHX,2005,2003,26,True,False,False,False,False,6,0.5549999999999999,True,1,2000,False,2,,False,,False,False,False
mariosh01_1,mariosh01,Shawn Marion,PHX,2006,2003,27,True,False,False,False,False,7,0.7075,True,2,2000,False,2,,False,,False,False,False
mariosh01_1,mariosh01,Shawn Marion,PHX,2007,2003,28,False,True,False,False,False,8,0.7015,True,2,2000,False,2,,False,,False,False,False
martike02_1,martike02,Kevin Martin,HOU,2011,2011,27,False,False,False,False,False,2,0.518,False,0,2005,False,1,,False,,True,False,False
martike02_1,martike02,Kevin Martin,HOU,2012,2011,28,False,True,False,False,False,3,0.5195000000000001,False,0,2005,False,1,,False,,True,False,False
mashbja01_1,mashbja01,Jamal Mashburn,NOP,2003,2003,30,True,False,False,False,False,1,0.573,False,1,1994,False,3,,False,,False,False,False
mashbja01_1,mashbja01,Jamal Mashburn,NOP,2004,2003,31,False,False,True,False,False,2,0.5365,False,1,1994,False,3,,False,,False,False,False
masonan01_1,masonan01,Anthony Mason,CHA,1997,1997,30,True,False,False,False,False,1,0.5795,False,1,1990,False,2,,False,,False,False,False
masonan01_1,masonan01,Anthony Mason,CHA,1998,1997,31,False,False,False,False,True,2,0.6405000000000001,False,1,1990,False,2,,False,,False,False,False
masonan01_1,masonan01,Anthony Mason,CHA,2000,1997,33,False,True,False,False,False,4,0.5589999999999999,False,1,1990,False,2,,False,,False,False,False
maxeyty01_1,maxeyty01,Tyrese Maxey,PHI,2026,2026,25,True,False,False,True,False,6,0.42100000000000004,False,1,2021,False,1,,False,,False,False,False
mcdyean01_1,mcdyean01,Antonio McDyess,DEN,1999,1999,24,True,False,False,False,False,1,0.20700000000000002,False,1,1996,False,2,,False,,False,False,False
mcdyean01_1,mcdyean01,Antonio McDyess,DEN,2000,1999,25,False,False,False,False,False,2,0.35350000000000004,False,1,1996,False,2,,False,,False,False,False
mcdyean01_1,mcdyean01,Antonio McDyess,DEN,2001,1999,26,False,False,False,False,False,3,0.4575,False,1,1996,False,2,,False,,False,False,False
mcdyean01_1,mcdyean01,Antonio McDyess,DEN,2002,1999,27,False,True,False,False,True,4,0.4085,False,1,1996,False,2,,False,,False,False,False
mcgratr01_1,mcgratr01,Tracy McGrady,ORL,2001,2001,21,True,False,False,False,False,1,0.512,False,1,1998,False,2,,False,,False,False,False
mcgratr01_1,mcgratr01,Tracy McGrady,ORL,2002,2001,22,True,False,False,False,False,2,0.5305,False,2,1998,False,2,,False,,False,False,False
mcgratr01_1,mcgratr01,Tracy McGrady,ORL,2003,2001,23,True,False,False,False,False,3,0.5245,False,3,1998,False,2,,False,,False,False,False
mcgratr01_1,mcgratr01,Tracy McGrady,ORL,2004,2001,24,True,True,False,False,False,4,0.384,False,4,1998,False,2,,False,,False,False,False
mcgratr01_2,mcgratr01,Tracy McGrady,HOU,2005,2005,25,True,False,False,False,False,1,0.5855,False,5,1998,False,1,,False,,False,False,False
mcgratr01_2,mcgratr01,Tracy McGrady,HOU,2006,2005,26,False,False,False,False,False,2,0.5185,False,5,1998,False,1,,False,,False,False,False
mcgratr01_2,mcgratr01,Tracy McGrady,HOU,2007,2005,27,True,False,False,False,False,3,0.5245,False,6,1998,False,1,,False,,False,False,False
mcgratr01_2,mcgratr01,Tracy McGrady,HOU,2008,2005,28,True,False,False,False,False,4,0.6525000000000001,False,7,1998,False,1,,False,,False,False,False
mcgratr01_2,mcgratr01,Tracy McGrady,HOU,2009,2005,29,False,True,False,False,False,5,0.6585000000000001,False,7,1998,False,1,,False,,False,False,False
middlkh01_1,middlkh01,Khris Middleton,MIL,2020,2020,28,False,False,False,False,False,7,0.7495,True,0,2013,False,3,,False,,False,False,False
middlkh01_1,middlkh01,Khris Middleton,MIL,2021,2020,29,False,False,False,False,False,8,0.7030000000000001,True,0,2013,False,3,,False,,False,False,False
middlkh01_1,middlkh01,Khris Middleton,MIL,2022,2020,30,False,False,False,False,False,9,0.6305000000000001,True,0,2013,False,3,,False,,False,False,False
middlkh01_1,middlkh01,Khris Middleton,MIL,2023,2020,31,False,False,False,False,False,10,0.6645,True,0,2013,False,3,,False,,False,False,False
middlkh01_1,middlkh01,Khris Middleton,MIL,2024,2020,32,False,True,False,False,False,11,0.6525,False,0,2013,False,3,,False,,False,False,False
millean02_1,millean02,Andre Miller,CLE,2002,2002,25,False,True,False,False,False,3,0.36,False,0,2000,False,2,,False,,False,False,False
millere01_1,millere01,Reggie Miller,IND,1990,1990,24,False,False,False,False,False,3,0.4265,False,0,1988,False,2,,False,,False,False,False
millere01_1,millere01,Reggie Miller,IND,1991,1990,25,False,False,False,False,False,4,0.506,False,0,1988,False,2,,False,,False,False,False
millere01_1,millere01,Reggie Miller,IND,1992,1990,26,False,False,False,False,False,5,0.494,False,0,1988,False,2,,False,,False,False,False
millere01_1,millere01,Reggie Miller,IND,1993,1990,27,False,False,False,False,False,6,0.494,False,0,1988,False,2,,False,,False,False,False
millere01_1,millere01,Reggie Miller,IND,1994,1990,28,False,False,False,False,False,7,0.5365,True,0,1988,False,2,,False,,False,False,False
millere01_1,millere01,Reggie Miller,IND,1995,1990,29,True,False,False,False,False,8,0.6034999999999999,True,1,1988,False,2,,False,,False,False,False
millere01_1,millere01,Reggie Miller,IND,1996,1990,30,True,False,False,False,False,9,0.634,True,2,1988,False,2,,False,,False,False,False
millere01_1,millere01,Reggie Miller,IND,1997,1990,31,False,False,False,False,False,10,0.5549999999999999,True,2,1988,False,2,,False,,False,False,False
millere01_1,millere01,Reggie Miller,IND,1998,1990,32,True,False,False,False,False,11,0.5914999999999999,True,3,1988,False,2,,False,,False,False,False
millere01_1,millere01,Reggie Miller,IND,1999,1990,33,False,False,False,False,False,12,0.6835,True,3,1988,False,2,,False,,False,False,False
millere01_1,millere01,Reggie Miller,IND,2000,1990,34,False,False,False,False,False,13,0.6715,True,3,1988,False,2,,False,,False,False,False
millere01_1,millere01,Reggie Miller,IND,2001,1990,35,False,False,False,False,False,14,0.5915,True,3,1988,False,2,,False,,False,False,False
millere01_1,millere01,Reggie Miller,IND,2002,1990,36,False,False,False,False,False,15,0.506,True,3,1988,False,2,,False,,False,False,False
millere01_1,millere01,Reggie Miller,IND,2003,1990,37,False,False,False,False,False,16,0.5485,False,3,1988,False,2,,False,,False,False,False
millere01_1,millere01,Reggie Miller,IND,2004,1990,38,False,False,False,False,False,17,0.6645,True,3,1988,False,2,,False,,False,False,False
millere01_1,millere01,Reggie Miller,IND,2005,1990,39,False,False,True,False,False,18,0.6405000000000001,True,3,1988,False,2,,False,,False,False,False
millspa01_1,millspa01,Paul Millsap,UTA,2012,2012,26,False,False,False,False,False,6,0.5105,False,0,2007,False,3,,False,,False,False,False
millspa01_1,millspa01,Paul Millsap,UTA,2013,2012,27,False,True,False,False,False,7,0.5345,False,0,2007,False,3,,False,,False,False,False
millspa01_2,millspa01,Paul Millsap,ATL,2016,2016,30,False,False,False,False,False,3,0.6585,True,0,2007,False,2,,False,,False,False,False
millspa01_2,millspa01,Paul Millsap,ATL,2017,2016,31,False,True,False,False,False,4,0.5545,True,0,2007,False,2,,False,,False,False,False
mingya01_1,mingya01,Yao Ming,HOU,2004,2004,23,True,False,False,False,False,2,0.5365,False,1,2003,False,1,,False,,False,False,False
mingya01_1,mingya01,Yao Ming,HOU,2005,2004,24,False,False,False,False,False,3,0.5855,False,1,2003,False,1,,False,,False,False,False
mingya01_1,mingya01,Yao Ming,HOU,2006,2004,25,True,False,False,False,False,4,0.5185,False,2,2003,False,1,,False,,False,False,False
mingya01_1,mingya01,Yao Ming,HOU,2007,2004,26,True,False,False,False,False,5,0.5245,False,3,2003,False,1,,False,,False,False,False
mingya01_1,mingya01,Yao Ming,HOU,2008,2004,27,True,False,False,False,False,6,0.6525000000000001,False,4,2003,False,1,,False,,False,False,False
mingya01_1,mingya01,Yao Ming,HOU,2009,2004,28,True,False,False,False,True,7,0.6585000000000001,False,5,2003,False,1,,False,,False,False,False
mingya01_1,mingya01,Yao Ming,HOU,2011,2004,30,False,False,True,False,False,9,0.518,False,5,2003,False,1,,False,,False,False,False
mitchdo01_1,mitchdo01,Donovan Mitchell,UTA,2021,2021,24,False,False,False,False,False,4,0.6665,False,0,2018,False,3,,False,,False,False,False
mitchdo01_1,mitchdo01,Donovan Mitchell,UTA,2022,2021,25,False,True,False,False,False,5,0.6599999999999999,False,0,2018,False,3,,False,,False,False,False
mitchdo01_2,mitchdo01,Donovan Mitchell,CLE,2023,2023,26,True,False,False,False,False,1,0.5795,False,1,2018,False,2,,False,,False,False,False
mitchdo01_2,mitchdo01,Donovan Mitchell,CLE,2024,2023,27,False,False,False,False,False,2,0.6034999999999999,False,1,2018,False,2,,False,,False,False,False
mitchdo01_2,mitchdo01,Donovan Mitchell,CLE,2025,2023,28,True,False,False,False,False,3,0.6825,False,2,2018,True,2,,False,,False,False,False
mitchdo01_2,mitchdo01,Donovan Mitchell,CLE,2026,2023,29,True,False,False,True,False,4,0.7070000000000001,True,3,2018,True,2,,False,,False,False,False
mobleev01_1,mobleev01,Evan Mobley,CLE,2025,2025,23,True,False,False,False,False,4,0.6825,False,1,2022,False,2,,False,,False,False,False
mobleev01_1,mobleev01,Evan Mobley,CLE,2026,2025,24,False,False,False,True,False,5,0.7070000000000001,True,1,2022,False,2,,False,,False,False,False
moranja01_1,moranja01,Ja Morant,MEM,2022,2022,22,True,False,False,False,False,3,0.6055,False,1,2020,False,3,,False,,False,False,False
moranja01_1,moranja01,Ja Morant,MEM,2023,2022,23,False,False,False,False,False,4,0.6525000000000001,False,1,2020,False,3,,False,,False,False,False
moranja01_1,moranja01,Ja Morant,MEM,2024,2022,24,False,False,False,False,False,5,0.47550000000000003,False,1,2020,False,3,,False,,False,False,False
moranja01_1,moranja01,Ja Morant,MEM,2025,2022,25,False,False,False,False,False,6,0.45699999999999996,False,1,2020,False,3,,False,,False,False,False
moranja01_1,moranja01,Ja Morant,MEM,2026,2022,26,False,False,False,True,False,7,0.44499999999999995,False,1,2020,False,3,,False,,False,False,False
mournal01_1,mournal01,Alonzo Mourning,MIA,1996,1996,25,False,False,False,False,False,1,0.451,False,0,1993,False,1,,False,,False,False,False
mournal01_1,mournal01,Alonzo Mourning,MIA,1997,1996,26,False,False,False,False,False,2,0.628,True,0,1993,False,1,,False,,False,False,False
mournal01_1,mournal01,Alonzo Mourning,MIA,1998,1996,27,False,False,False,False,False,3,0.7075,True,0,1993,False,1,,False,,False,False,False
mournal01_1,mournal01,Alonzo Mourning,MIA,1999,1996,28,True,False,False,False,False,4,0.6655,True,1,1993,False,1,,False,,False,False,False
mournal01_1,mournal01,Alonzo Mourning,MIA,2000,1996,29,True,False,False,False,False,5,0.647,False,2,1993,False,1,,False,,False,False,False
mournal01_1,mournal01,Alonzo Mourning,MIA,2001,1996,30,False,False,False,False,False,6,0.622,False,2,1993,False,1,,False,,False,False,False
mournal01_1,mournal01,Alonzo Mourning,MIA,2002,1996,31,False,True,False,False,True,7,0.5245,False,2,1993,False,1,,False,,False,False,False
mullich01_1,mullich01,Chris Mullin,GSW,1990,1990,26,True,False,False,False,False,5,0.48750000000000004,False,2,1986,False,1,,False,,False,False,False
mullich01_1,mullich01,Chris Mullin,GSW,1991,1990,27,True,False,False,False,False,6,0.494,False,3,1986,False,1,,False,,False,False,False
mullich01_1,mullich01,Chris Mullin,GSW,1992,1990,28,True,False,False,False,False,7,0.6040000000000001,False,4,1986,False,1,,False,,False,False,False
mullich01_1,mullich01,Chris Mullin,GSW,1993,1990,29,False,False,False,False,False,8,0.543,False,4,1986,False,1,,False,,False,False,False
mullich01_1,mullich01,Chris Mullin,GSW,1994,1990,30,False,False,False,False,False,9,0.5125,False,4,1986,False,1,,False,,False,False,False
mullich01_1,mullich01,Chris Mullin,GSW,1995,1990,31,False,False,False,False,False,10,0.4635,False,4,1986,False,1,,False,,False,False,False
mullich01_1,mullich01,Chris Mullin,GSW,1996,1990,32,False,False,False,False,False,11,0.378,False,4,1986,False,1,,False,,False,False,False
mullich01_1,mullich01,Chris Mullin,GSW,1997,1990,33,False,True,False,False,False,12,0.40249999999999997,False,4,1986,False,1,,False,,False,False,False
mullich01_2,mullich01,Chris Mullin,IND,1998,1998,34,False,False,False,False,False,1,0.5914999999999999,True,4,1986,False,2,,False,,False,False,False
mullich01_2,mullich01,Chris Mullin,IND,1999,1998,35,False,False,False,False,False,2,0.6835,True,4,1986,False,2,,False,,False,False,False
mullich01_2,mullich01,Chris Mullin,IND,2000,1998,36,False,True,False,False,False,3,0.6715,True,4,1986,False,2,,False,,False,False,False
murrade01_1,murrade01,Dejounte Murray,SAS,2022,2022,25,False,True,False,False,False,6,0.4365,False,0,2017,False,2,,False,,False,False,False
murraja01_1,murraja01,Jamal Murray,DEN,2024,2024,26,False,False,False,False,False,8,0.6705,True,0,2017,False,2,,False,,False,False,False
murraja01_1,murraja01,Jamal Murray,DEN,2025,2024,27,False,False,False,False,False,9,0.6525,True,0,2017,False,2,,False,,False,False,False
murraja01_1,murraja01,Jamal Murray,DEN,2026,2024,28,True,False,False,True,False,10,0.6345000000000001,False,1,2017,True,2,,False,,False,False,False
mutomdi01_1,mutomdi01,Dikembe Mutombo,ATL,1998,1998,31,True,False,False,False,False,2,0.6465000000000001,False,1,1992,False,2,,False,,False,False,False
mutomdi01_1,mutomdi01,Dikembe Mutombo,ATL,1999,1998,32,False,False,False,False,False,3,0.615,False,1,1992,False,2,,False,,False,False,False
mutomdi01_1,mutomdi01,Dikembe Mutombo,ATL,2000,1998,33,False,True,False,False,False,4,0.48050000000000004,False,1,1992,False,2,,False,,False,False,False
mutomdi01_2,mutomdi01,Dikembe Mutombo,PHI,2001,2001,34,True,False,False,False,False,1,0.6405000000000001,True,2,1992,False,1,,False,,False,False,False
mutomdi01_2,mutomdi01,Dikembe Mutombo,PHI,2002,2001,35,True,True,False,False,False,2,0.6035,True,3,1992,False,1,,False,,False,False,False
nancela01_1,nancela01,Larry Nance,CLE,1992,1992,32,False,False,False,False,False,5,0.5485,True,0,1982,False,2,,False,,False,False,False
nancela01_1,nancela01,Larry Nance,CLE,1993,1992,33,False,False,False,False,False,6,0.677,True,0,1982,False,2,,False,,False,False,False
nancela01_1,nancela01,Larry Nance,CLE,1994,1992,34,False,False,True,False,False,7,0.616,True,0,1982,False,2,,False,,False,False,False
nashst01_1,nashst01,Steve Nash,DAL,2002,2002,27,True,False,False,False,False,4,0.6705,False,1,1997,False,1,,False,,False,False,False
nashst01_1,nashst01,Steve Nash,DAL,2003,2002,28,True,False,False,False,False,5,0.7135,True,2,1997,False,1,,False,,False,False,False
nashst01_1,nashst01,Steve Nash,DAL,2004,2002,29,False,True,False,False,False,6,0.683,True,2,1997,False,1,,False,,False,False,False
nashst01_2,nashst01,Steve Nash,PHX,2005,2005,30,True,False,False,False,False,1,0.5549999999999999,True,3,1997,False,2,,False,,False,False,False
nashst01_2,nashst01,Steve Nash,PHX,2006,2005,31,True,False,False,False,False,2,0.7075,True,4,1997,False,2,,False,,False,False,False
nashst01_2,nashst01,Steve Nash,PHX,2007,2005,32,True,False,False,False,False,3,0.7015,True,5,1997,False,2,,False,,False,False,False
nashst01_2,nashst01,Steve Nash,PHX,2008,2005,33,True,False,False,False,False,4,0.7075,True,6,1997,False,2,,False,,False,False,False
nashst01_2,nashst01,Steve Nash,PHX,2009,2005,34,False,False,False,False,False,5,0.6160000000000001,False,6,1997,False,2,,False,,False,False,False
nashst01_2,nashst01,Steve Nash,PHX,2010,2005,35,True,False,False,False,False,6,0.6100000000000001,True,7,1997,False,2,,False,,False,False,False
nashst01_2,nashst01,Steve Nash,PHX,2011,2005,36,False,False,False,False,False,7,0.5735,True,7,1997,False,2,,False,,False,False,False
nashst01_2,nashst01,Steve Nash,PHX,2012,2005,37,False,True,False,False,False,8,0.494,True,7,1997,False,2,,False,,False,False,False
noahjo01_1,noahjo01,Joakim Noah,CHI,2012,2012,26,False,False,False,False,False,5,0.757,True,0,2008,False,1,,False,,False,False,False
noahjo01_1,noahjo01,Joakim Noah,CHI,2013,2012,27,False,False,False,False,False,6,0.6535,True,0,2008,False,1,,False,,False,False,False
noahjo01_1,noahjo01,Joakim Noah,CHI,2014,2012,28,True,False,False,False,False,7,0.567,False,1,2008,False,1,,False,,False,False,False
noahjo01_1,noahjo01,Joakim Noah,CHI,2015,2012,29,False,False,False,False,False,8,0.5974999999999999,False,1,2008,False,1,,False,,False,False,False
noahjo01_1,noahjo01,Joakim Noah,CHI,2016,2012,30,False,True,False,False,False,9,0.5609999999999999,False,1,2008,False,1,,False,,False,False,False
nowitdi01_1,nowitdi01,Dirk Nowitzki,DAL,2001,2001,22,True,False,False,False,False,3,0.567,False,1,1999,False,1,,False,,False,False,False
nowitdi01_1,nowitdi01,Dirk Nowitzki,DAL,2002,2001,23,True,False,False,False,False,4,0.6705,False,2,1999,False,1,,False,,False,False,False
nowitdi01_1,nowitdi01,Dirk Nowitzki,DAL,2003,2001,24,True,False,False,False,False,5,0.7135,True,3,1999,False,1,,False,,False,False,False
nowitdi01_1,nowitdi01,Dirk Nowitzki,DAL,2004,2001,25,True,False,False,False,False,6,0.683,True,4,1999,False,1,,False,,False,False,False
nowitdi01_1,nowitdi01,Dirk Nowitzki,DAL,2005,2001,26,True,False,False,False,False,7,0.6705,True,5,1999,False,1,,False,,False,False,False
nowitdi01_1,nowitdi01,Dirk Nowitzki,DAL,2006,2001,27,True,False,False,False,False,8,0.7195,True,6,1999,False,1,,False,,False,False,False
nowitdi01_1,nowitdi01,Dirk Nowitzki,DAL,2007,2001,28,True,False,False,False,False,9,0.7745,True,7,1999,False,1,,False,,False,False,False
nowitdi01_1,nowitdi01,Dirk Nowitzki,DAL,2008,2001,29,True,False,False,False,False,10,0.7195,True,8,1999,False,1,,False,,False,False,False
nowitdi01_1,nowitdi01,Dirk Nowitzki,DAL,2009,2001,30,True,False,False,False,False,11,0.616,False,9,1999,False,1,,False,,False,False,False
nowitdi01_1,nowitdi01,Dirk Nowitzki,DAL,2010,2001,31,True,False,False,False,False,12,0.6405000000000001,False,10,1999,False,1,,False,,False,False,False
nowitdi01_1,nowitdi01,Dirk Nowitzki,DAL,2011,2001,32,True,False,False,False,False,13,0.683,True,11,1999,False,1,,False,,False,False,False
nowitdi01_1,nowitdi01,Dirk Nowitzki,DAL,2012,2001,33,True,False,False,False,False,14,0.62,True,12,1999,False,1,,False,,False,False,False
nowitdi01_1,nowitdi01,Dirk Nowitzki,DAL,2013,2001,34,False,False,False,False,False,15,0.5225,True,12,1999,False,1,,False,,False,False,False
nowitdi01_1,nowitdi01,Dirk Nowitzki,DAL,2014,2001,35,False,False,False,False,False,16,0.5489999999999999,False,12,1999,False,1,,False,,False,False,False
nowitdi01_1,nowitdi01,Dirk Nowitzki,DAL,2015,2001,36,False,False,False,False,False,17,0.604,False,12,1999,False,1,,False,,False,False,False
nowitdi01_1,nowitdi01,Dirk Nowitzki,DAL,2016,2001,37,False,False,False,False,False,18,0.5609999999999999,False,12,1999,False,1,,False,,False,False,False
nowitdi01_1,nowitdi01,Dirk Nowitzki,DAL,2017,2001,38,False,False,False,False,False,19,0.457,False,12,1999,False,1,,False,,False,False,False
nowitdi01_1,nowitdi01,Dirk Nowitzki,DAL,2018,2001,39,False,False,False,False,False,20,0.34750000000000003,False,12,1999,False,1,,False,,False,False,False
nowitdi01_1,nowitdi01,Dirk Nowitzki,DAL,2019,2001,40,False,False,True,False,False,21,0.34750000000000003,False,12,1999,False,1,,False,,False,False,False
odomla01_1,odomla01,Lamar Odom,LAL,2011,2011,31,False,True,False,False,False,7,0.695,True,0,2000,False,1,,False,,False,False,False
oladivi01_1,oladivi01,Victor Oladipo,IND,2018,2018,25,True,False,False,False,False,1,0.5485,False,1,2014,False,2,,False,,False,False,False
oladivi01_1,oladivi01,Victor Oladipo,IND,2019,2018,26,False,False,False,False,False,2,0.585,False,1,2014,False,2,,False,,False,False,False
oladivi01_1,oladivi01,Victor Oladipo,IND,2020,2018,27,False,True,False,False,False,3,0.6005,False,1,2014,False,2,,False,,False,False,False
olajuha01_1,olajuha01,Hakeem Olajuwon,HOU,1990,1990,27,True,False,False,False,False,6,0.5245,False,5,1985,False,1,,False,,False,False,False
olajuha01_1,olajuha01,Hakeem Olajuwon,HOU,1991,1990,28,True,False,False,False,False,7,0.567,False,6,1985,False,1,,False,,False,False,False
olajuha01_1,olajuha01,Hakeem Olajuwon,HOU,1992,1990,29,False,False,False,False,False,8,0.573,False,6,1985,False,1,,False,,False,False,False
olajuha01_1,olajuha01,Hakeem Olajuwon,HOU,1993,1990,30,True,False,False,False,False,9,0.5915,False,7,1985,False,1,,False,,False,False,False
olajuha01_1,olajuha01,Hakeem Olajuwon,HOU,1994,1990,31,True,False,False,False,False,10,0.6890000000000001,True,8,1985,False,1,,False,,False,False,False
olajuha01_1,olajuha01,Hakeem Olajuwon,HOU,1995,1990,32,True,False,False,False,False,11,0.6399999999999999,True,9,1985,False,1,,False,,False,False,False
olajuha01_1,olajuha01,Hakeem Olajuwon,HOU,1996,1990,33,True,False,False,False,False,12,0.579,True,10,1985,False,1,,False,,False,False,False
olajuha01_1,olajuha01,Hakeem Olajuwon,HOU,1997,1990,34,True,False,False,False,False,13,0.6399999999999999,True,11,1985,False,1,,False,,False,False,False
olajuha01_1,olajuha01,Hakeem Olajuwon,HOU,1998,1990,35,False,False,False,False,False,14,0.5974999999999999,True,11,1985,False,1,,False,,False,False,False
olajuha01_1,olajuha01,Hakeem Olajuwon,HOU,1999,1990,36,True,False,False,False,False,15,0.56,True,12,1985,False,1,,False,,False,False,False
olajuha01_1,olajuha01,Hakeem Olajuwon,HOU,2000,1990,37,False,False,False,False,False,16,0.5175,False,12,1985,False,1,,False,,False,False,False
olajuha01_1,olajuha01,Hakeem Olajuwon,HOU,2001,1990,38,False,True,False,False,False,17,0.482,False,12,1985,False,1,,False,,False,False,False
onealje01_1,onealje01,Jermaine O'Neal,IND,2002,2002,23,True,False,False,False,False,2,0.506,True,1,1997,False,2,,False,,False,False,False
onealje01_1,onealje01,Jermaine O'Neal,IND,2003,2002,24,True,False,False,False,False,3,0.5485,False,2,1997,False,2,,False,,False,False,False
onealje01_1,onealje01,Jermaine O'Neal,IND,2004,2002,25,True,False,False,False,False,4,0.6645,True,3,1997,False,2,,False,,False,False,False
onealje01_1,onealje01,Jermaine O'Neal,IND,2005,2002,26,False,False,False,False,False,5,0.6405000000000001,True,3,1997,False,2,,False,,False,False,False
onealje01_1,onealje01,Jermaine O'Neal,IND,2006,2002,27,False,False,False,False,False,6,0.5185,True,3,1997,False,2,,False,,False,False,False
onealje01_1,onealje01,Jermaine O'Neal,IND,2007,2002,28,False,False,False,False,False,7,0.4635,False,3,1997,False,2,,False,,False,False,False
onealje01_1,onealje01,Jermaine O'Neal,IND,2008,2002,29,False,True,False,False,False,8,0.433,False,3,1997,False,2,,False,,False,False,False
onealsh01_1,onealsh01,Shaquille O'Neal,ORL,1993,1993,20,False,False,False,False,False,1,0.378,False,0,1993,False,2,,False,,False,False,False
onealsh01_1,onealsh01,Shaquille O'Neal,ORL,1994,1993,21,True,False,False,False,False,2,0.5549999999999999,False,1,1993,False,2,,False,,False,False,False
onealsh01_1,onealsh01,Shaquille O'Neal,ORL,1995,1993,22,True,False,False,False,False,3,0.6525,True,2,1993,False,2,,False,,False,False,False
onealsh01_1,onealsh01,Shaquille O'Neal,ORL,1996,1993,23,True,True,False,False,False,4,0.7135,True,3,1993,False,2,,False,,False,False,False
onealsh01_2,onealsh01,Shaquille O'Neal,LAL,1997,1997,24,True,False,False,False,False,1,0.6645000000000001,False,4,1993,False,1,,False,,False,False,False
onealsh01_2,onealsh01,Shaquille O'Neal,LAL,1998,1997,25,True,False,False,False,False,2,0.7135,True,5,1993,False,1,,False,,False,False,False
onealsh01_2,onealsh01,Shaquille O'Neal,LAL,1999,1997,26,True,False,False,False,False,3,0.6819999999999999,True,6,1993,False,1,,False,,False,False,False
onealsh01_2,onealsh01,Shaquille O'Neal,LAL,2000,1997,27,True,False,False,False,False,4,0.7184999999999999,True,7,1993,False,1,,False,,False,False,False
onealsh01_2,onealsh01,Shaquille O'Neal,LAL,2001,1997,28,True,False,False,False,False,5,0.75,True,8,1993,False,1,,False,,False,False,False
onealsh01_2,onealsh01,Shaquille O'Neal,LAL,2002,1997,29,True,False,False,False,False,6,0.6950000000000001,True,9,1993,False,1,,False,,False,False,False
onealsh01_2,onealsh01,Shaquille O'Neal,LAL,2003,1997,30,True,False,False,False,False,7,0.6585,True,10,1993,False,1,,False,,False,False,False
onealsh01_2,onealsh01,Shaquille O'Neal,LAL,2004,1997,31,True,True,False,False,False,8,0.6465000000000001,True,11,1993,False,1,,False,,False,False,False
onealsh01_3,onealsh01,Shaquille O'Neal,MIA,2005,2005,32,True,False,False,False,False,1,0.616,True,12,1993,False,1,,False,,False,False,False
onealsh01_3,onealsh01,Shaquille O'Neal,MIA,2006,2005,33,True,False,False,False,False,2,0.677,True,13,1993,False,1,,False,,False,False,False
onealsh01_3,onealsh01,Shaquille O'Neal,MIA,2007,2005,34,False,True,False,False,False,3,0.5855,True,13,1993,False,1,,False,,False,False,False
onealsh01_4,onealsh01,Shaquille O'Neal,PHX,2009,2009,36,True,True,False,False,False,2,0.6160000000000001,False,14,1993,False,2,,False,,False,False,False
parketo01_1,parketo01,Tony Parker,SAS,2009,2009,26,True,False,False,False,False,8,0.671,True,1,2002,False,2,,False,,False,False,False
parketo01_1,parketo01,Tony Parker,SAS,2010,2009,27,False,False,False,False,False,9,0.6345000000000001,True,1,2002,False,2,,False,,False,False,False
parketo01_1,parketo01,Tony Parker,SAS,2011,2009,28,False,False,False,False,False,10,0.677,False,1,2002,False,2,,False,,False,False,False
parketo01_1,parketo01,Tony Parker,SAS,2012,2009,29,True,False,False,False,False,11,0.751,True,2,2002,False,2,,False,,False,False,False
parketo01_1,parketo01,Tony Parker,SAS,2013,2009,30,True,False,False,False,False,12,0.7324999999999999,True,3,2002,False,2,,False,,False,False,False
parketo01_1,parketo01,Tony Parker,SAS,2014,2009,31,True,False,False,False,False,13,0.7315,True,4,2002,False,2,,False,,False,False,False
parketo01_1,parketo01,Tony Parker,SAS,2015,2009,32,False,False,False,False,False,14,0.7135,True,4,2002,False,2,,False,,False,False,False
parketo01_1,parketo01,Tony Parker,SAS,2016,2009,33,False,False,False,False,False,15,0.744,True,4,2002,False,2,,False,,False,False,False
parketo01_1,parketo01,Tony Parker,SAS,2017,2009,34,False,False,False,False,False,16,0.7805,True,4,2002,False,2,,False,,False,False,False
parketo01_1,parketo01,Tony Parker,SAS,2018,2009,35,False,True,False,False,False,17,0.6585,True,4,2002,False,2,,False,,False,False,False
paulch01_1,paulch01,Chris Paul,NOP,2006,2006,20,False,False,False,False,False,1,0.3415,False,0,2006,False,3,,False,,False,False,False
paulch01_1,paulch01,Chris Paul,NOP,2007,2006,21,False,False,False,False,False,2,0.46950000000000003,False,0,2006,False,3,,False,,False,False,False
paulch01_1,paulch01,Chris Paul,NOP,2008,2006,22,True,False,False,False,False,3,0.5795,False,1,2006,False,3,,False,,False,False,False
paulch01_1,paulch01,Chris Paul,NOP,2009,2006,23,True,False,False,False,False,4,0.6405000000000001,False,2,2006,False,3,,False,,False,False,False
paulch01_1,paulch01,Chris Paul,NOP,2010,2006,24,False,False,False,False,False,5,0.5245,False,2,2006,False,3,,False,,False,False,False
paulch01_1,paulch01,Chris Paul,NOP,2011,2006,25,True,True,False,False,False,6,0.506,False,3,2006,False,3,,False,,False,False,False
paulch01_2,paulch01,Chris Paul,LAC,2012,2012,26,True,False,False,False,False,1,0.498,False,4,2006,False,1,,False,,False,False,False
paulch01_2,paulch01,Chris Paul,LAC,2013,2012,27,True,False,False,False,False,2,0.6445000000000001,False,5,2006,False,1,,False,,False,False,False
paulch01_2,paulch01,Chris Paul,LAC,2014,2012,28,True,False,False,False,False,3,0.6890000000000001,False,6,2006,False,1,,False,,False,False,False
paulch01_2,paulch01,Chris Paul,LAC,2015,2012,29,True,False,False,False,False,4,0.6890000000000001,False,7,2006,False,1,,False,,False,False,False
paulch01_2,paulch01,Chris Paul,LAC,2016,2012,30,True,False,False,False,False,5,0.6645000000000001,False,8,2006,False,1,,False,,False,False,False
paulch01_2,paulch01,Chris Paul,LAC,2017,2012,31,False,True,False,False,False,6,0.634,False,8,2006,False,1,,False,,False,False,False
paulch01_3,paulch01,Chris Paul,HOU,2018,2018,32,False,False,False,False,False,1,0.732,True,8,2006,True,1,,False,,False,False,False
paulch01_3,paulch01,Chris Paul,HOU,2019,2018,33,False,True,False,False,False,2,0.7195,True,8,2006,False,1,,False,,False,False,False
paulch01_4,paulch01,Chris Paul,OKC,2020,2020,34,True,True,False,False,False,1,0.6045,False,9,2006,True,3,,False,,False,False,False
paulch01_5,paulch01,Chris Paul,PHX,2021,2021,35,True,False,False,False,False,1,0.587,True,10,2006,True,2,,False,,False,False,False
paulch01_5,paulch01,Chris Paul,PHX,2022,2021,36,True,False,False,False,False,2,0.744,True,11,2006,True,2,,False,,False,False,False
paulch01_5,paulch01,Chris Paul,PHX,2023,2021,37,False,True,False,False,False,3,0.6645000000000001,True,11,2006,True,2,,False,,False,False,False
paytoga01_1,paytoga01,Gary Payton,OKC,1994,1994,25,True,False,False,False,False,4,0.7195,True,1,1991,False,3,,False,,False,False,False
paytoga01_1,paytoga01,Gary Payton,OKC,1995,1994,26,True,False,False,False,False,5,0.7315,True,2,1991,False,3,,False,,False,False,False
paytoga01_1,paytoga01,Gary Payton,OKC,1996,1994,27,True,False,False,False,False,6,0.7375,True,3,1991,False,3,,False,,False,False,False
paytoga01_1,paytoga01,Gary Payton,OKC,1997,1994,28,True,False,False,False,False,7,0.7375,True,4,1991,False,3,,False,,False,False,False
paytoga01_1,paytoga01,Gary Payton,OKC,1998,1994,29,True,False,False,False,False,8,0.7195,True,5,1991,False,3,,False,,False,False,False
paytoga01_1,paytoga01,Gary Payton,OKC,1999,1994,30,True,False,False,False,False,9,0.622,False,6,1991,False,3,,False,,False,False,False
paytoga01_1,paytoga01,Gary Payton,OKC,2000,1994,31,True,False,False,False,False,10,0.5245,False,7,1991,False,3,,False,,False,False,False
paytoga01_1,paytoga01,Gary Payton,OKC,2001,1994,32,True,False,False,False,False,11,0.543,False,8,1991,False,3,,False,,False,False,False
paytoga01_1,paytoga01,Gary Payton,OKC,2002,1994,33,True,True,False,False,False,12,0.543,False,9,1991,False,3,,False,,False,False,False
petrodr01_1,petrodr01,Dražen Petrović,BKN,1993,1993,28,True,False,True,False,False,3,0.506,False,1,1990,False,1,,False,,False,False,False
piercpa01_1,piercpa01,Paul Pierce,BOS,1999,1999,21,False,False,False,False,False,1,0.4095,False,0,1999,False,1,,False,,False,False,False
piercpa01_1,piercpa01,Paul Pierce,BOS,2000,1999,22,False,False,False,False,False,2,0.40349999999999997,False,0,1999,False,1,,False,,False,False,False
piercpa01_1,piercpa01,Paul Pierce,BOS,2001,1999,23,False,False,False,False,False,3,0.433,False,0,1999,False,1,,False,,False,False,False
piercpa01_1,piercpa01,Paul Pierce,BOS,2002,1999,24,True,False,False,False,False,4,0.5185,True,1,1999,False,1,,False,,False,False,False
piercpa01_1,piercpa01,Paul Pierce,BOS,2003,1999,25,True,False,False,False,False,5,0.5675,True,2,1999,False,1,,False,,False,False,False
piercpa01_1,piercpa01,Paul Pierce,BOS,2004,1999,26,False,False,False,False,False,6,0.488,True,2,1999,False,1,,False,,False,False,False
piercpa01_1,piercpa01,Paul Pierce,BOS,2005,1999,27,False,False,False,False,False,7,0.494,False,2,1999,False,1,,False,,False,False,False
piercpa01_1,piercpa01,Paul Pierce,BOS,2006,1999,28,False,False,False,False,False,8,0.47550000000000003,False,2,1999,False,1,,False,,False,False,False
piercpa01_1,piercpa01,Paul Pierce,BOS,2007,1999,29,False,False,False,False,False,9,0.34750000000000003,False,2,1999,False,1,,False,,False,False,False
piercpa01_1,piercpa01,Paul Pierce,BOS,2008,1999,30,True,False,False,False,False,10,0.549,True,3,1999,False,1,,False,,False,False,False
piercpa01_1,piercpa01,Paul Pierce,BOS,2009,1999,31,True,False,False,False,False,11,0.7805,True,4,1999,False,1,,False,,False,False,False
piercpa01_1,piercpa01,Paul Pierce,BOS,2010,1999,32,False,False,False,False,False,12,0.683,True,4,1999,False,1,,False,,False,False,False
piercpa01_1,piercpa01,Paul Pierce,BOS,2011,1999,33,False,False,False,False,False,13,0.6465000000000001,True,4,1999,False,1,,False,,False,False,False
piercpa01_1,piercpa01,Paul Pierce,BOS,2012,1999,34,False,False,False,False,False,14,0.637,True,4,1999,False,1,,False,,False,False,False
piercpa01_1,piercpa01,Paul Pierce,BOS,2013,1999,35,False,True,False,False,False,15,0.5485,True,4,1999,False,1,,False,,False,False,False
pippesc01_1,pippesc01,Scottie Pippen,CHI,1991,1991,25,False,False,False,False,False,4,0.7075,True,0,1988,False,1,,False,,False,False,False
pippesc01_1,pippesc01,Scottie Pippen,CHI,1992,1991,26,True,False,False,False,False,5,0.7805,True,1,1988,False,1,,False,,False,False,False
pippesc01_1,pippesc01,Scottie Pippen,CHI,1993,1991,27,True,False,False,False,False,6,0.756,True,2,1988,False,1,,False,,False,False,False
pippesc01_1,pippesc01,Scottie Pippen,CHI,1994,1991,28,True,False,False,False,False,7,0.683,True,3,1988,False,1,,False,,False,False,False
pippesc01_1,pippesc01,Scottie Pippen,CHI,1995,1991,29,True,False,False,False,False,8,0.622,True,4,1988,False,1,,False,,False,False,False
pippesc01_1,pippesc01,Scottie Pippen,CHI,1996,1991,30,True,False,False,False,False,9,0.7255,True,5,1988,False,1,,False,,False,False,False
pippesc01_1,pippesc01,Scottie Pippen,CHI,1997,1991,31,True,False,False,False,False,10,0.8594999999999999,True,6,1988,False,1,,False,,False,False,False
pippesc01_1,pippesc01,Scottie Pippen,CHI,1998,1991,32,True,True,False,False,False,11,0.7985,True,7,1988,False,1,,False,,False,False,False
pippesc01_2,pippesc01,Scottie Pippen,POR,2000,2000,34,False,False,False,False,False,1,0.71,True,7,1988,False,2,,False,,False,False,False
pippesc01_2,pippesc01,Scottie Pippen,POR,2001,2000,35,False,False,False,False,False,2,0.665,True,7,1988,False,2,,False,,False,False,False
pippesc01_2,pippesc01,Scottie Pippen,POR,2002,2000,36,False,False,False,False,False,3,0.604,True,7,1988,False,2,,False,,False,False,False
pippesc01_2,pippesc01,Scottie Pippen,POR,2003,2000,37,False,True,False,False,False,4,0.604,False,7,1988,False,2,,False,,False,False,False
portete01_1,portete01,Terry Porter,POR,1990,1990,26,False,False,False,False,False,5,0.598,True,0,1986,False,2,,False,,False,False,False
portete01_1,portete01,Terry Porter,POR,1991,1990,27,False,False,False,False,False,6,0.744,True,0,1986,False,2,,False,,False,False,False
portete01_1,portete01,Terry Porter,POR,1992,1990,28,False,False,False,False,False,7,0.7315,True,0,1986,False,2,,False,,False,False,False
portete01_1,portete01,Terry Porter,POR,1993,1990,29,False,False,False,False,False,8,0.6585,True,0,1986,False,2,,False,,False,False,False
portete01_1,portete01,Terry Porter,POR,1994,1990,30,False,False,False,False,False,9,0.5974999999999999,True,0,1986,False,2,,False,,False,False,False
portete01_1,portete01,Terry Porter,POR,1995,1990,31,False,True,False,False,False,10,0.5549999999999999,False,0,1986,False,2,,False,,False,False,False
porzikr01_1,porzikr01,Kristaps Porziņģis,WAS,2023,2023,27,False,True,False,False,False,2,0.427,False,0,2016,False,2,,False,,False,False,False
porzikr01_2,porzikr01,Kristaps Porziņģis,BOS,2024,2024,28,False,False,False,False,False,1,0.7375,True,0,2016,False,1,,False,,False,False,False
porzikr01_2,porzikr01,Kristaps Porziņģis,BOS,2025,2024,29,False,True,False,False,False,2,0.762,True,0,2016,False,1,,False,,False,False,False
pricema01_1,pricema01,Mark Price,CLE,1990,1990,25,False,False,False,False,False,4,0.6034999999999999,False,1,1987,False,2,,False,,False,False,False
pricema01_1,pricema01,Mark Price,CLE,1991,1990,26,False,False,False,False,False,5,0.457,False,1,1987,False,2,,False,,False,False,False
pricema01_1,pricema01,Mark Price,CLE,1992,1990,27,True,False,False,False,False,6,0.5485,True,2,1987,False,2,,False,,False,False,False
pricema01_1,pricema01,Mark Price,CLE,1993,1990,28,True,False,False,False,False,7,0.677,True,3,1987,False,2,,False,,False,False,False
pricema01_1,pricema01,Mark Price,CLE,1994,1990,29,True,False,False,False,False,8,0.616,True,4,1987,False,2,,False,,False,False,False
pricema01_1,pricema01,Mark Price,CLE,1995,1990,30,False,True,False,False,False,9,0.5485,False,4,1987,False,2,,False,,False,False,False
randlju01_1,randlju01,Julius Randle,NYK,2021,2021,26,True,False,False,False,False,2,0.4435,False,1,2015,False,1,,False,,False,False,False
randlju01_1,randlju01,Julius Randle,NYK,2022,2021,27,False,False,False,False,False,3,0.51,False,1,2015,True,1,,False,,False,False,False
randlju01_1,randlju01,Julius Randle,NYK,2023,2021,28,True,False,False,False,False,4,0.512,False,2,2015,True,1,,False,,False,False,False
randlju01_1,randlju01,Julius Randle,NYK,2024,2021,29,False,True,False,False,False,5,0.5914999999999999,False,2,2015,True,1,,False,,False,False,False
randoza01_1,randoza01,Zach Randolph,MEM,2011,2011,29,True,False,False,False,False,2,0.5245,False,1,2002,False,3,,False,,False,False,False
randoza01_1,randoza01,Zach Randolph,MEM,2012,2011,30,False,False,False,False,False,3,0.591,False,1,2002,False,3,,False,,False,False,False
randoza01_1,randoza01,Zach Randolph,MEM,2013,2011,31,False,False,False,False,False,4,0.652,True,1,2002,False,3,,False,,False,False,False
randoza01_1,randoza01,Zach Randolph,MEM,2014,2011,32,False,False,False,False,False,5,0.6465000000000001,True,1,2002,False,3,,False,,False,False,False
randoza01_1,randoza01,Zach Randolph,MEM,2015,2011,33,False,False,False,False,False,6,0.6405000000000001,True,1,2002,False,3,,False,,False,False,False
randoza01_1,randoza01,Zach Randolph,MEM,2016,2011,34,False,False,False,False,False,7,0.5915,False,1,2002,False,3,,False,,False,False,False
randoza01_1,randoza01,Zach Randolph,MEM,2017,2011,35,False,True,False,False,False,8,0.518,False,1,2002,False,3,,False,,False,False,False
reddmi01_1,reddmi01,Michael Redd,MIL,2003,2003,23,False,False,False,False,False,3,0.506,True,0,2001,False,3,,False,,False,False,False
reddmi01_1,reddmi01,Michael Redd,MIL,2004,2003,24,True,False,False,False,False,4,0.506,False,1,2001,False,3,,False,,False,False,False
reddmi01_1,reddmi01,Michael Redd,MIL,2005,2003,25,False,False,False,False,False,5,0.433,False,1,2001,False,3,,False,,False,False,False
reddmi01_1,reddmi01,Michael Redd,MIL,2006,2003,26,False,False,False,False,False,6,0.427,False,1,2001,False,3,,False,,False,False,False
reddmi01_1,reddmi01,Michael Redd,MIL,2007,2003,27,False,False,False,False,False,7,0.4145,False,1,2001,False,3,,False,,False,False,False
reddmi01_1,reddmi01,Michael Redd,MIL,2008,2003,28,False,False,False,False,False,8,0.329,False,1,2001,False,3,,False,,False,False,False
reddmi01_1,reddmi01,Michael Redd,MIL,2009,2003,29,False,False,False,False,False,9,0.366,False,1,2001,False,3,,False,,False,False,False
reddmi01_1,reddmi01,Michael Redd,MIL,2010,2003,30,False,False,False,False,False,10,0.488,False,1,2001,False,3,,False,,False,False,False
reddmi01_1,reddmi01,Michael Redd,MIL,2011,2003,31,False,True,False,False,False,11,0.494,False,1,2001,False,3,,False,,False,False,False
ricegl01_1,ricegl01,Glen Rice,CHA,1997,1997,29,True,False,False,False,False,2,0.5795,False,1,1990,False,2,,False,,False,False,False
ricegl01_1,ricegl01,Glen Rice,CHA,1998,1997,30,True,True,False,False,False,3,0.6405000000000001,False,2,1990,False,2,,False,,False,False,False
richmmi01_1,richmmi01,Mitch Richmond,SAC,1994,1994,28,True,False,False,False,False,3,0.323,False,1,1989,False,2,,False,,False,False,False
richmmi01_1,richmmi01,Mitch Richmond,SAC,1995,1994,29,True,False,False,False,False,4,0.4085,False,2,1989,False,2,,False,,False,False,False
richmmi01_1,richmmi01,Mitch Richmond,SAC,1996,1994,30,True,False,False,False,False,5,0.476,False,3,1989,False,2,,False,,False,False,False
richmmi01_1,richmmi01,Mitch Richmond,SAC,1997,1994,31,True,False,False,False,False,6,0.4455,False,4,1989,False,2,,False,,False,False,False
richmmi01_1,richmmi01,Mitch Richmond,SAC,1998,1994,32,True,True,False,False,False,7,0.372,False,5,1989,False,2,,False,,False,False,False
roberal01_1,roberal01,Alvin Robertson,MIL,1991,1991,28,False,False,False,False,False,2,0.5609999999999999,False,1,1985,False,3,,False,,False,False,False
roberal01_1,roberal01,Alvin Robertson,MIL,1992,1991,29,False,True,False,False,False,3,0.4815,False,1,1985,False,3,,False,,False,False,False
robinda01_1,robinda01,David Robinson,SAS,1990,1990,24,True,False,False,False,False,1,0.46950000000000003,False,1,1990,False,2,,False,,False,False,False
robinda01_1,robinda01,David Robinson,SAS,1991,1990,25,True,False,False,False,False,2,0.677,False,2,1990,False,2,,False,,False,False,False
robinda01_1,robinda01,David Robinson,SAS,1992,1990,26,True,False,False,False,False,3,0.622,False,3,1990,False,2,,False,,False,False,False
robinda01_1,robinda01,David Robinson,SAS,1993,1990,27,True,False,False,False,False,4,0.5854999999999999,False,4,1990,False,2,,False,,False,False,False
robinda01_1,robinda01,David Robinson,SAS,1994,1990,28,True,False,False,False,False,5,0.6345000000000001,False,5,1990,False,2,,False,,False,False,False
robinda01_1,robinda01,David Robinson,SAS,1995,1990,29,True,False,False,False,False,6,0.7135,True,6,1990,False,2,,False,,False,False,False
robinda01_1,robinda01,David Robinson,SAS,1996,1990,30,True,False,False,False,False,7,0.738,True,7,1990,False,2,,False,,False,False,False
robinda01_1,robinda01,David Robinson,SAS,1997,1990,31,False,False,False,False,False,8,0.482,True,7,1990,False,2,,False,,False,False,False
robinda01_1,robinda01,David Robinson,SAS,1998,1990,32,True,False,False,False,False,9,0.4635,False,8,1990,False,2,,False,,False,False,False
robinda01_1,robinda01,David Robinson,SAS,1999,1990,33,False,False,False,False,False,10,0.7115,True,8,1990,False,2,,False,,False,False,False
robinda01_1,robinda01,David Robinson,SAS,2000,1990,34,True,False,False,False,False,11,0.6930000000000001,True,9,1990,False,2,,False,,False,False,False
robinda01_1,robinda01,David Robinson,SAS,2001,1990,35,True,False,False,False,False,12,0.6765,True,10,1990,False,2,,False,,False,False,False
robinda01_1,robinda01,David Robinson,SAS,2002,1990,36,False,False,False,False,False,13,0.707,True,10,1990,False,2,,False,,False,False,False
robinda01_1,robinda01,David Robinson,SAS,2003,1990,37,False,False,True,False,False,14,0.7195,True,10,1990,False,2,,False,,False,False,False
rodmade01_1,rodmade01,Dennis Rodman,DET,1992,1992,30,True,False,False,False,False,6,0.5974999999999999,True,1,1987,False,2,,False,,False,False,False
rodmade01_1,rodmade01,Dennis Rodman,DET,1993,1992,31,False,True,False,False,False,7,0.5365,True,1,1987,False,2,,False,,False,False,False
rodmade01_2,rodmade01,Dennis Rodman,SAS,1995,1995,33,True,True,False,False,False,2,0.7135,True,2,1987,False,2,,False,,False,False,False
rondora01_1,rondora01,Rajon Rondo,BOS,2009,2009,22,False,False,False,False,False,3,0.7805,True,0,2007,False,1,,False,,False,False,False
rondora01_1,rondora01,Rajon Rondo,BOS,2010,2009,23,False,False,False,False,False,4,0.683,True,0,2007,False,1,,False,,False,False,False
rondora01_1,rondora01,Rajon Rondo,BOS,2011,2009,24,False,False,False,False,False,5,0.6465000000000001,True,0,2007,False,1,,False,,False,False,False
rondora01_1,rondora01,Rajon Rondo,BOS,2012,2009,25,True,False,False,False,False,6,0.637,True,1,2007,False,1,,False,,False,False,False
rondora01_1,rondora01,Rajon Rondo,BOS,2013,2009,26,False,False,False,False,False,7,0.5485,True,1,2007,False,1,,False,,False,False,False
rondora01_1,rondora01,Rajon Rondo,BOS,2014,2009,27,False,True,False,False,False,8,0.40549999999999997,True,1,2007,False,1,,False,,False,False,False
rosede01_1,rosede01,Derrick Rose,CHI,2011,2011,22,True,False,False,False,False,3,0.628,True,1,2009,False,1,,False,,False,False,False
rosede01_1,rosede01,Derrick Rose,CHI,2012,2011,23,False,False,False,False,True,4,0.757,True,1,2009,False,1,,False,,False,False,False
rosede01_1,rosede01,Derrick Rose,CHI,2014,2011,25,False,False,False,False,False,6,0.567,False,1,2009,False,1,,False,,False,False,False
rosede01_1,rosede01,Derrick Rose,CHI,2015,2011,26,False,False,False,False,False,7,0.5974999999999999,False,1,2009,False,1,,False,,False,False,False
rosede01_1,rosede01,Derrick Rose,CHI,2016,2011,27,False,True,False,False,False,8,0.5609999999999999,False,1,2009,False,1,,False,,False,False,False
roybr01_1,roybr01,Brandon Roy,POR,2009,2009,24,True,False,False,False,False,3,0.5795,False,1,2007,False,2,,False,,False,False,False
roybr01_1,roybr01,Brandon Roy,POR,2010,2009,25,True,False,False,False,False,4,0.6345000000000001,False,2,2007,False,2,,False,,False,False,False
roybr01_1,roybr01,Brandon Roy,POR,2011,2009,26,False,False,True,False,True,5,0.5974999999999999,False,2,2007,False,2,,False,,False,False,False
sabonar01_1,sabonar01,Arvydas Sabonis,POR,1996,1996,31,False,False,False,False,False,1,0.537,False,0,1996,False,2,,False,,False,False,False
sabonar01_1,sabonar01,Arvydas Sabonis,POR,1997,1996,32,False,False,False,False,False,2,0.5675,False,0,1996,False,2,,False,,False,False,False
sabonar01_1,sabonar01,Arvydas Sabonis,POR,1998,1996,33,False,False,False,False,False,3,0.5795,False,0,1996,False,2,,False,,False,False,False
sabonar01_1,sabonar01,Arvydas Sabonis,POR,1999,1996,34,False,False,False,False,False,4,0.6305000000000001,True,0,1996,False,2,,False,,False,False,False
sabonar01_1,sabonar01,Arvydas Sabonis,POR,2000,1996,35,False,False,False,False,False,5,0.71,True,0,1996,False,2,,False,,False,False,False
sabonar01_1,sabonar01,Arvydas Sabonis,POR,2001,1996,36,False,False,False,False,True,6,0.665,True,0,1996,False,2,,False,,False,False,False
sabonar01_1,sabonar01,Arvydas Sabonis,POR,2003,1996,38,False,False,True,False,False,8,0.604,False,0,1996,False,2,,False,,False,False,False
sabondo01_1,sabondo01,Domantas Sabonis,SAC,2022,2022,25,False,False,False,False,False,1,0.39849999999999997,False,0,2017,False,2,,False,,False,False,False
sabondo01_1,sabondo01,Domantas Sabonis,SAC,2023,2022,26,True,False,False,False,False,2,0.4755,False,1,2017,False,2,,False,,False,False,False
sabondo01_1,sabondo01,Domantas Sabonis,SAC,2024,2022,27,True,False,False,False,False,3,0.573,False,2,2017,True,2,,False,,False,False,False
sabondo01_1,sabondo01,Domantas Sabonis,SAC,2025,2022,28,False,False,False,False,False,4,0.5245,False,2,2017,True,2,,False,,False,False,False
sabondo01_1,sabondo01,Domantas Sabonis,SAC,2026,2022,29,False,False,False,True,False,5,0.378,False,2,2017,True,2,,False,,False,False,False
schrede01_1,schrede01,Detlef Schrempf,IND,1993,1993,30,False,True,False,False,False,5,0.494,False,0,1986,False,2,,False,,False,False,False
schrede01_2,schrede01,Detlef Schrempf,OKC,1995,1995,32,True,False,False,False,False,2,0.7315,True,1,1986,False,3,,False,,False,False,False
schrede01_2,schrede01,Detlef Schrempf,OKC,1996,1995,33,False,False,False,False,False,3,0.7375,True,1,1986,False,3,,False,,False,False,False
schrede01_2,schrede01,Detlef Schrempf,OKC,1997,1995,34,False,False,False,False,False,4,0.7375,True,1,1986,False,3,,False,,False,False,False
schrede01_2,schrede01,Detlef Schrempf,OKC,1998,1995,35,False,False,False,False,False,5,0.7195,True,1,1986,False,3,,False,,False,False,False
schrede01_2,schrede01,Detlef Schrempf,OKC,1999,1995,36,False,True,False,False,False,6,0.622,False,1,1986,False,3,,False,,False,False,False
sengual01_1,sengual01,Alperen Şengün,HOU,2024,2024,21,False,False,False,False,False,3,0.384,False,0,2022,False,1,,False,,False,False,False
sengual01_1,sengual01,Alperen Şengün,HOU,2025,2024,22,False,False,False,False,False,4,0.567,False,0,2022,False,1,,False,,False,False,False
sengual01_1,sengual01,Alperen Şengün,HOU,2026,2024,23,False,False,False,True,False,5,0.634,False,0,2022,False,1,,False,,False,False,False
siakapa01_1,siakapa01,Pascal Siakam,TOR,2020,2020,25,True,False,False,False,False,4,0.7215,True,1,2017,False,1,,False,,False,False,False
siakapa01_1,siakapa01,Pascal Siakam,TOR,2021,2020,26,False,False,False,False,False,5,0.5555,True,1,2017,False,1,,False,,False,False,False
siakapa01_1,siakapa01,Pascal Siakam,TOR,2022,2020,27,True,False,False,False,False,6,0.48,False,2,2017,False,1,,False,,False,False,False
siakapa01_1,siakapa01,Pascal Siakam,TOR,2023,2020,28,False,True,False,False,False,7,0.5425,False,2,2017,False,1,,False,,False,False,False
simmobe01_1,simmobe01,Ben Simmons,PHI,2018,2018,21,False,False,False,False,False,1,0.48750000000000004,False,0,2018,False,1,,False,,False,False,False
simmobe01_1,simmobe01,Ben Simmons,PHI,2019,2018,22,False,False,False,False,False,2,0.628,False,0,2018,False,1,,False,,False,False,False
simmobe01_1,simmobe01,Ben Simmons,PHI,2020,2018,23,True,False,False,False,False,3,0.6054999999999999,False,1,2018,False,1,,False,,False,False,False
simmobe01_1,simmobe01,Ben Simmons,PHI,2021,2018,24,False,True,False,False,True,4,0.635,False,1,2018,False,1,,False,,False,False,False
smithjo03_1,smithjo03,Josh Smith,ATL,2010,2010,24,False,False,False,False,False,6,0.6094999999999999,False,0,2005,False,2,,False,,False,False,False
smithjo03_1,smithjo03,Josh Smith,ATL,2011,2010,25,False,False,False,False,False,7,0.5915,False,0,2005,False,2,,False,,False,False,False
smithjo03_1,smithjo03,Josh Smith,ATL,2012,2010,26,False,False,False,False,False,8,0.5715,False,0,2005,False,2,,False,,False,False,False
smithjo03_1,smithjo03,Josh Smith,ATL,2013,2010,27,False,True,False,False,False,9,0.5715,False,0,2005,False,2,,False,,False,False,False
sprewla01_1,sprewla01,Latrell Sprewell,GSW,1994,1994,23,True,False,False,False,False,2,0.5125,False,1,1993,False,1,,False,,False,False,False
sprewla01_1,sprewla01,Latrell Sprewell,GSW,1995,1994,24,False,False,False,False,False,3,0.4635,False,1,1993,False,1,,False,,False,False,False
sprewla01_1,sprewla01,Latrell Sprewell,GSW,1996,1994,25,False,False,False,False,False,4,0.378,False,1,1993,False,1,,False,,False,False,False
sprewla01_1,sprewla01,Latrell Sprewell,GSW,1997,1994,26,False,False,False,False,False,5,0.40249999999999997,False,1,1993,False,1,,False,,False,False,False
sprewla01_1,sprewla01,Latrell Sprewell,GSW,1998,1994,27,False,True,False,False,False,6,0.299,False,1,1993,False,1,,False,,False,False,False
stackje01_1,stackje01,Jerry Stackhouse,DET,2001,2001,26,False,False,False,False,False,4,0.451,False,0,1996,False,2,,False,,False,False,False
stackje01_1,stackje01,Jerry Stackhouse,DET,2002,2001,27,False,True,False,False,False,5,0.5,False,0,1996,False,2,,False,,False,False,False
stockjo01_1,stockjo01,John Stockton,UTA,1990,1990,27,True,False,False,False,False,6,0.6465000000000001,False,3,1985,False,3,,False,,False,False,False
stockjo01_1,stockjo01,John Stockton,UTA,1991,1990,28,True,False,False,False,False,7,0.665,False,4,1985,False,3,,False,,False,False,False
stockjo01_1,stockjo01,John Stockton,UTA,1992,1990,29,True,False,False,False,False,8,0.665,True,5,1985,False,3,,False,,False,False,False
stockjo01_1,stockjo01,John Stockton,UTA,1993,1990,30,True,False,False,False,False,9,0.622,True,6,1985,False,3,,False,,False,False,False
stockjo01_1,stockjo01,John Stockton,UTA,1994,1990,31,True,False,False,False,False,10,0.6094999999999999,True,7,1985,False,3,,False,,False,False,False
stockjo01_1,stockjo01,John Stockton,UTA,1995,1990,32,True,False,False,False,False,11,0.6890000000000001,True,8,1985,False,3,,False,,False,False,False
stockjo01_1,stockjo01,John Stockton,UTA,1996,1990,33,True,False,False,False,False,12,0.7015,True,9,1985,False,3,,False,,False,False,False
stockjo01_1,stockjo01,John Stockton,UTA,1997,1990,34,True,False,False,False,False,13,0.7255,True,10,1985,False,3,,False,,False,False,False
stockjo01_1,stockjo01,John Stockton,UTA,1998,1990,35,False,False,False,False,False,14,0.768,True,10,1985,False,3,,False,,False,False,False
stockjo01_1,stockjo01,John Stockton,UTA,1999,1990,36,True,False,False,False,False,15,0.748,True,11,1985,False,3,,False,,False,False,False
stockjo01_1,stockjo01,John Stockton,UTA,2000,1990,37,False,False,False,False,False,16,0.7055,True,11,1985,False,3,,False,,False,False,False
stockjo01_1,stockjo01,John Stockton,UTA,2001,1990,38,False,False,False,False,False,17,0.6585000000000001,False,11,1985,False,3,,False,,False,False,False
stockjo01_1,stockjo01,John Stockton,UTA,2002,1990,39,False,False,False,False,False,18,0.5915,False,11,1985,False,3,,False,,False,False,False
stockjo01_1,stockjo01,John Stockton,UTA,2003,1990,40,False,False,True,False,False,19,0.5549999999999999,False,11,1985,False,3,,False,,False,False,False
stojape01_1,stojape01,Peja Stojaković,SAC,2004,2004,26,True,False,False,False,False,6,0.6955,True,1,1999,False,2,,False,,False,False,False
stojape01_1,stojape01,Peja Stojaković,SAC,2005,2004,27,False,True,False,False,False,7,0.6405000000000001,False,1,1999,False,2,,False,,False,False,False
stoudam01_1,stoudam01,Amar'e Stoudemire,PHX,2005,2005,22,True,False,False,False,False,3,0.5549999999999999,True,1,2003,False,2,,False,,False,False,False
stoudam01_1,stoudam01,Amar'e Stoudemire,PHX,2006,2005,23,False,False,False,False,False,4,0.7075,True,1,2003,False,2,,False,,False,False,False
stoudam01_1,stoudam01,Amar'e Stoudemire,PHX,2007,2005,24,True,False,False,False,False,5,0.7015,True,2,2003,False,2,,False,,False,False,False
stoudam01_1,stoudam01,Amar'e Stoudemire,PHX,2008,2005,25,True,False,False,False,False,6,0.7075,True,3,2003,False,2,,False,,False,False,False
stoudam01_1,stoudam01,Amar'e Stoudemire,PHX,2009,2005,26,False,False,False,False,False,7,0.6160000000000001,False,3,2003,False,2,,False,,False,False,False
stoudam01_1,stoudam01,Amar'e Stoudemire,PHX,2010,2005,27,True,True,False,False,False,8,0.6100000000000001,True,4,2003,False,2,,False,,False,False,False
stoudam01_2,stoudam01,Amar'e Stoudemire,NYK,2011,2011,28,True,False,False,False,False,1,0.433,False,5,2003,False,1,,False,,False,False,False
stoudam01_2,stoudam01,Amar'e Stoudemire,NYK,2012,2011,29,False,False,False,False,False,2,0.5285,False,5,2003,False,1,,False,,False,False,False
stoudam01_2,stoudam01,Amar'e Stoudemire,NYK,2013,2011,30,False,False,False,False,False,3,0.6020000000000001,False,5,2003,False,1,,False,,False,False,False
stoudam01_2,stoudam01,Amar'e Stoudemire,NYK,2014,2011,31,False,True,False,False,False,4,0.555,False,5,2003,False,1,,False,,False,False,False
stricro02_1,stricro02,Rod Strickland,POR,1993,1993,26,False,False,False,False,False,1,0.6585,True,0,1989,False,2,,False,,False,False,False
stricro02_1,stricro02,Rod Strickland,POR,1994,1993,27,False,False,False,False,False,2,0.5974999999999999,True,0,1989,False,2,,False,,False,False,False
stricro02_1,stricro02,Rod Strickland,POR,1995,1993,28,False,False,False,False,False,3,0.5549999999999999,False,0,1989,False,2,,False,,False,False,False
stricro02_1,stricro02,Rod Strickland,POR,1996,1993,29,False,True,False,False,False,4,0.537,False,0,1989,False,2,,False,,False,False,False
stricro02_2,stricro02,Rod Strickland,WAS,1998,1998,31,True,False,False,False,False,2,0.5245,False,1,1989,False,2,,False,,False,False,False
stricro02_2,stricro02,Rod Strickland,WAS,1999,1998,32,False,False,False,False,False,3,0.436,False,1,1989,False,2,,False,,False,False,False
stricro02_2,stricro02,Rod Strickland,WAS,2000,1998,33,False,True,False,False,False,4,0.357,False,1,1989,False,2,,False,,False,False,False
tatumja01_1,tatumja01,Jayson Tatum,BOS,2020,2020,21,True,False,False,False,False,3,0.6325000000000001,True,1,2018,False,1,,False,,False,False,False
tatumja01_1,tatumja01,Jayson Tatum,BOS,2021,2020,22,False,False,False,False,False,4,0.5835,True,1,2018,False,1,,False,,False,False,False
tatumja01_1,tatumja01,Jayson Tatum,BOS,2022,2020,23,True,False,False,False,False,5,0.5609999999999999,True,2,2018,False,1,,False,,False,False,False
tatumja01_1,tatumja01,Jayson Tatum,BOS,2023,2020,24,True,False,False,False,False,6,0.6585,True,3,2018,False,1,,False,,False,False,False
tatumja01_1,tatumja01,Jayson Tatum,BOS,2024,2020,25,True,False,False,False,False,7,0.7375,True,4,2018,False,1,,False,,False,False,False
tatumja01_1,tatumja01,Jayson Tatum,BOS,2025,2020,26,True,False,False,False,False,8,0.762,True,5,2018,True,1,,False,,False,False,False
tatumja01_1,tatumja01,Jayson Tatum,BOS,2026,2020,27,False,False,False,True,False,9,0.7135,True,5,2018,True,1,,False,,False,False,False
thomais02_1,thomais02,Isaiah Thomas,BOS,2016,2016,26,False,False,False,False,False,2,0.5365,False,0,2012,False,1,,False,,False,False,False
thomais02_1,thomais02,Isaiah Thomas,BOS,2017,2016,27,True,True,False,False,False,3,0.6154999999999999,True,1,2012,False,1,,False,,False,False,False
thompam01_1,thompam01,Amen Thompson,HOU,2025,2025,22,False,False,False,False,False,2,0.567,False,0,2024,False,1,,False,,False,False,False
thompam01_1,thompam01,Amen Thompson,HOU,2026,2025,23,False,False,False,True,False,3,0.634,False,0,2024,False,1,,False,,False,False,False
thompkl01_1,thompkl01,Klay Thompson,GSW,2015,2015,24,True,False,False,False,False,4,0.7195,True,1,2012,False,1,,False,,False,False,False
thompkl01_1,thompkl01,Klay Thompson,GSW,2016,2015,25,True,False,False,False,False,5,0.8534999999999999,True,2,2012,False,1,,False,,False,False,False
thompkl01_1,thompkl01,Klay Thompson,GSW,2017,2015,26,False,False,False,False,False,6,0.8534999999999999,True,2,2012,False,1,,False,,False,False,False
thompkl01_1,thompkl01,Klay Thompson,GSW,2018,2015,27,False,False,False,False,False,7,0.762,True,2,2012,False,1,,False,,False,False,False
thompkl01_1,thompkl01,Klay Thompson,GSW,2019,2015,28,False,False,False,False,True,8,0.701,True,2,2012,False,1,,False,,False,False,False
thompkl01_1,thompkl01,Klay Thompson,GSW,2022,2015,31,False,False,False,False,False,11,0.5940000000000001,True,2,2012,False,1,,False,,False,False,False
thompkl01_1,thompkl01,Klay Thompson,GSW,2023,2015,32,False,False,False,False,False,12,0.5915,True,2,2012,False,1,,False,,False,False,False
thompkl01_1,thompkl01,Klay Thompson,GSW,2024,2015,33,False,True,False,False,False,13,0.549,True,2,2012,False,1,,False,,False,False,False
townska01_1,townska01,Karl-Anthony Towns,MIN,2017,2017,21,False,False,False,False,False,2,0.366,False,0,2016,False,2,,False,,False,False,False
townska01_1,townska01,Karl-Anthony Towns,MIN,2018,2017,22,True,False,False,False,False,3,0.4755,False,1,2016,False,2,,False,,False,False,False
townska01_1,townska01,Karl-Anthony Towns,MIN,2019,2017,23,False,False,False,False,False,4,0.506,False,1,2016,False,2,,False,,False,False,False
townska01_1,townska01,Karl-Anthony Towns,MIN,2020,2017,24,False,False,False,False,False,5,0.368,False,1,2016,False,2,,False,,False,False,False
townska01_1,townska01,Karl-Anthony Towns,MIN,2021,2017,25,False,False,False,False,False,6,0.308,False,1,2016,False,2,,False,,False,False,False
townska01_1,townska01,Karl-Anthony Towns,MIN,2022,2017,26,True,False,False,False,False,7,0.44000000000000006,False,2,2016,False,2,,False,,False,False,False
townska01_1,townska01,Karl-Anthony Towns,MIN,2023,2017,27,False,False,False,False,False,8,0.5365,False,2,2016,True,2,,False,,False,False,False
townska01_1,townska01,Karl-Anthony Towns,MIN,2024,2017,28,False,True,False,False,False,9,0.5975,True,2,2016,True,2,,False,,False,False,False
townska01_2,townska01,Karl-Anthony Towns,NYK,2025,2025,29,True,False,False,False,False,1,0.616,True,3,2016,True,1,,False,,False,False,False
townska01_2,townska01,Karl-Anthony Towns,NYK,2026,2025,30,False,False,False,True,False,2,0.634,True,3,2016,True,1,,False,,False,False,False
vucevni01_1,vucevni01,Nikola Vučević,ORL,2019,2019,28,False,False,False,False,False,7,0.4085,False,0,2012,False,2,,False,,False,False,False
vucevni01_1,vucevni01,Nikola Vučević,ORL,2020,2019,29,False,True,False,False,False,8,0.482,False,0,2012,False,2,,False,,False,False,False
vucevni01_2,vucevni01,Nikola Vučević,CHI,2021,2021,30,False,False,False,False,False,1,0.3845,False,0,2012,False,1,,False,,False,False,False
vucevni01_2,vucevni01,Nikola Vučević,CHI,2022,2021,31,False,False,False,False,False,2,0.496,False,0,2012,False,1,,False,,False,False,False
vucevni01_2,vucevni01,Nikola Vučević,CHI,2023,2021,32,False,False,False,False,False,3,0.5245,False,0,2012,False,1,,False,,False,False,False
vucevni01_2,vucevni01,Nikola Vučević,CHI,2024,2021,33,False,False,False,False,False,4,0.482,False,0,2012,False,1,,False,,False,False,False
vucevni01_2,vucevni01,Nikola Vučević,CHI,2025,2021,34,False,True,False,False,False,5,0.476,False,0,2012,False,1,,False,,False,False,False
wadedw01_1,wadedw01,Dwyane Wade,MIA,2005,2005,23,True,False,False,False,False,2,0.616,True,1,2004,False,1,,False,,False,False,False
wadedw01_1,wadedw01,Dwyane Wade,MIA,2006,2005,24,True,False,False,False,False,3,0.677,True,2,2004,False,1,,False,,False,False,False
wadedw01_1,wadedw01,Dwyane Wade,MIA,2007,2005,25,True,False,False,False,False,4,0.5855,True,3,2004,False,1,,False,,False,False,False
wadedw01_1,wadedw01,Dwyane Wade,MIA,2008,2005,26,False,False,False,False,False,5,0.36,True,3,2004,False,1,,False,,False,False,False
wadedw01_1,wadedw01,Dwyane Wade,MIA,2009,2005,27,True,False,False,False,False,6,0.35350000000000004,False,4,2004,False,1,,False,,False,False,False
wadedw01_1,wadedw01,Dwyane Wade,MIA,2010,2005,28,True,False,False,False,False,7,0.5485,False,5,2004,False,1,,False,,False,False,False
wadedw01_1,wadedw01,Dwyane Wade,MIA,2011,2005,29,True,False,False,False,False,8,0.6399999999999999,True,6,2004,False,1,,False,,False,False,False
wadedw01_1,wadedw01,Dwyane Wade,MIA,2012,2005,30,True,False,False,False,False,9,0.702,True,7,2004,False,1,,False,,False,False,False
wadedw01_1,wadedw01,Dwyane Wade,MIA,2013,2005,31,True,False,False,False,False,10,0.751,True,8,2004,False,1,,False,,False,False,False
wadedw01_1,wadedw01,Dwyane Wade,MIA,2014,2005,32,False,False,False,False,False,11,0.732,True,8,2004,False,1,,False,,False,False,False
wadedw01_1,wadedw01,Dwyane Wade,MIA,2015,2005,33,False,False,False,False,False,12,0.555,True,8,2004,False,1,,False,,False,False,False
wadedw01_1,wadedw01,Dwyane Wade,MIA,2016,2005,34,False,True,False,False,False,13,0.518,True,8,2004,False,1,,False,,False,False,False
walkeke02_1,walkeke02,Kemba Walker,CHA,2016,2016,25,False,False,False,False,False,5,0.4935,False,0,2012,False,2,,False,,False,False,False
walkeke02_1,walkeke02,Kemba Walker,CHA,2017,2016,26,False,False,False,False,False,6,0.512,False,0,2012,False,2,,False,,False,False,False
walkeke02_1,walkeke02,Kemba Walker,CHA,2018,2016,27,False,False,False,False,False,7,0.439,False,0,2012,False,2,,False,,False,False,False
walkeke02_1,walkeke02,Kemba Walker,CHA,2019,2016,28,True,True,False,False,False,8,0.4575,False,1,2012,True,2,,False,,False,False,False
walkeke02_2,walkeke02,Kemba Walker,BOS,2020,2020,29,False,False,False,False,False,1,0.6325000000000001,True,1,2012,True,1,,False,,False,False,False
walkeke02_2,walkeke02,Kemba Walker,BOS,2021,2020,30,False,True,False,False,False,2,0.5835,True,1,2012,True,1,,False,,False,False,False
wallabe01_1,wallabe01,Ben Wallace,DET,2002,2002,27,True,False,False,False,False,2,0.5,False,1,1997,False,2,,False,,False,False,False
wallabe01_1,wallabe01,Ben Wallace,DET,2003,2002,28,True,False,False,False,False,3,0.61,True,2,1997,False,2,,False,,False,False,False
wallabe01_1,wallabe01,Ben Wallace,DET,2004,2002,29,True,False,False,False,False,4,0.6345000000000001,True,3,1997,False,2,,False,,False,False,False
wallabe01_1,wallabe01,Ben Wallace,DET,2005,2002,30,True,False,False,False,False,5,0.659,True,4,1997,False,2,,False,,False,False,False
wallabe01_1,wallabe01,Ben Wallace,DET,2006,2002,31,True,True,False,False,False,6,0.7195,True,5,1997,False,2,,False,,False,False,False
wallage01_1,wallage01,Gerald Wallace,CHA,2006,2006,23,False,False,False,False,False,2,0.2685,False,0,2002,False,2,,False,,False,False,False
wallage01_1,wallage01,Gerald Wallace,CHA,2007,2006,24,False,False,False,False,False,3,0.35950000000000004,False,0,2002,False,2,,False,,False,False,False
wallage01_1,wallage01,Gerald Wallace,CHA,2008,2006,25,False,False,False,False,False,4,0.396,False,0,2002,False,2,,False,,False,False,False
wallage01_1,wallage01,Gerald Wallace,CHA,2009,2006,26,False,False,False,False,False,5,0.4085,False,0,2002,False,2,,False,,False,False,False
wallage01_1,wallage01,Gerald Wallace,CHA,2010,2006,27,False,True,False,False,False,6,0.482,False,0,2002,False,2,,False,,False,False,False
wallara01_1,wallara01,Rasheed Wallace,POR,2001,2001,26,False,False,False,False,False,5,0.665,True,0,1996,False,2,,False,,False,False,False
wallara01_1,wallara01,Rasheed Wallace,POR,2002,2001,27,False,False,False,False,False,6,0.604,True,0,1996,False,2,,False,,False,False,False
wallara01_1,wallara01,Rasheed Wallace,POR,2003,2001,28,False,True,False,False,False,7,0.604,False,0,1996,False,2,,False,,False,False,False
wallara01_2,wallara01,Rasheed Wallace,DET,2008,2008,33,False,False,False,False,False,5,0.683,True,0,1996,False,2,,False,,False,False,False
wallara01_2,wallara01,Rasheed Wallace,DET,2009,2008,34,False,True,False,False,False,6,0.598,True,0,1996,False,2,,False,,False,False,False
walljo01_1,walljo01,John Wall,WAS,2013,2013,22,False,False,False,False,False,3,0.3285,False,0,2011,False,2,,False,,False,False,False
walljo01_1,walljo01,John Wall,WAS,2014,2013,23,False,False,False,False,False,4,0.4455,False,0,2011,False,2,,False,,False,False,False
walljo01_1,walljo01,John Wall,WAS,2015,2013,24,False,False,False,False,False,5,0.549,False,0,2011,False,2,,False,,False,False,False
walljo01_1,walljo01,John Wall,WAS,2016,2013,25,False,False,False,False,False,6,0.5305,False,0,2011,False,2,,False,,False,False,False
walljo01_1,walljo01,John Wall,WAS,2017,2013,26,True,False,False,False,False,7,0.5489999999999999,False,1,2011,False,2,,False,,False,False,False
walljo01_1,walljo01,John Wall,WAS,2018,2013,27,False,False,False,False,False,8,0.5609999999999999,False,1,2011,True,2,,False,,False,False,False
walljo01_1,walljo01,John Wall,WAS,2019,2013,28,False,True,False,False,True,9,0.457,False,1,2011,True,2,,False,,False,False,False
webbech01_1,webbech01,Chris Webber,GSW,1994,1994,20,False,True,False,False,False,1,0.5125,False,0,1994,False,1,,False,,False,False,False
webbech01_2,webbech01,Chris Webber,WAS,1997,1997,23,False,False,False,False,False,3,0.5065,False,0,1994,False,2,,False,,False,False,False
webbech01_2,webbech01,Chris Webber,WAS,1998,1997,24,False,True,False,False,False,4,0.5245,False,0,1994,False,2,,False,,False,False,False
webbech01_3,webbech01,Chris Webber,SAC,1999,1999,25,True,False,False,False,False,1,0.4345,False,1,1994,False,2,,False,,False,False,False
webbech01_3,webbech01,Chris Webber,SAC,2000,1999,26,True,False,False,False,False,2,0.5385,False,2,1994,False,2,,False,,False,False,False
webbech01_3,webbech01,Chris Webber,SAC,2001,1999,27,True,False,False,False,False,3,0.6040000000000001,False,3,1994,False,2,,False,,False,False,False
webbech01_3,webbech01,Chris Webber,SAC,2002,1999,28,True,False,False,False,False,4,0.7075,True,4,1994,False,2,,False,,False,False,False
webbech01_3,webbech01,Chris Webber,SAC,2003,1999,29,True,False,False,False,False,5,0.732,True,5,1994,False,2,,False,,False,False,False
webbech01_3,webbech01,Chris Webber,SAC,2004,1999,30,False,True,False,False,False,6,0.6955,True,5,1994,False,2,,False,,False,False,False
wembavi01_1,wembavi01,Victor Wembanyama,SAS,2024,2024,20,False,False,False,False,False,1,0.268,False,0,2024,False,2,,False,,False,False,False
wembavi01_1,wembavi01,Victor Wembanyama,SAS,2025,2024,21,False,False,False,False,False,2,0.3415,False,0,2024,False,2,,False,,False,False,False
wembavi01_1,wembavi01,Victor Wembanyama,SAS,2026,2024,22,True,False,False,True,False,3,0.5855,True,1,2024,False,2,,False,,False,False,False
westbru01_1,westbru01,Russell Westbrook,OKC,2011,2011,22,True,False,False,False,False,3,0.6405000000000001,True,1,2009,False,3,,False,,False,False,False
westbru01_1,westbru01,Russell Westbrook,OKC,2012,2011,23,True,False,False,False,False,4,0.6915,True,2,2009,False,3,,False,,False,False,False
westbru01_1,westbru01,Russell Westbrook,OKC,2013,2011,24,True,False,False,False,False,5,0.722,True,3,2009,False,3,,False,,False,False,False
westbru01_1,westbru01,Russell Westbrook,OKC,2014,2011,25,False,False,False,False,False,6,0.726,True,3,2009,False,3,,False,,False,False,False
westbru01_1,westbru01,Russell Westbrook,OKC,2015,2011,26,True,False,False,False,False,7,0.6345000000000001,True,4,2009,False,3,,False,,False,False,False
westbru01_1,westbru01,Russell Westbrook,OKC,2016,2011,27,True,False,False,False,False,8,0.6100000000000001,True,5,2009,False,3,,False,,False,False,False
westbru01_1,westbru01,Russell Westbrook,OKC,2017,2011,28,True,False,False,False,False,9,0.622,True,6,2009,False,3,,False,,False,False,False
westbru01_1,westbru01,Russell Westbrook,OKC,2018,2011,29,True,False,False,False,False,10,0.579,True,7,2009,True,3,,False,,False,False,False
westbru01_1,westbru01,Russell Westbrook,OKC,2019,2011,30,True,True,False,False,False,11,0.5914999999999999,False,8,2009,True,3,,False,,False,False,False
westbru01_2,westbru01,Russell Westbrook,HOU,2020,2020,31,True,True,False,False,False,1,0.6285000000000001,True,9,2009,True,1,,False,,False,False,False
westda01_1,westda01,David West,IND,2013,2013,32,False,False,False,False,False,2,0.6205,True,0,2004,False,2,,False,,False,False,False
westda01_1,westda01,David West,IND,2014,2013,33,False,False,False,False,False,3,0.644,True,0,2004,False,2,,False,,False,False,False
westda01_1,westda01,David West,IND,2015,2013,34,False,True,False,False,False,4,0.5730000000000001,True,0,2004,False,2,,False,,False,False,False
whiteha01_1,whiteha01,Hassan Whiteside,MIA,2016,2016,26,False,False,False,False,False,2,0.518,True,0,2011,False,1,,False,,True,False,False
whiteha01_1,whiteha01,Hassan Whiteside,MIA,2017,2016,27,False,False,False,False,False,3,0.5425,False,0,2011,False,1,,False,,True,False,False
whiteha01_1,whiteha01,Hassan Whiteside,MIA,2018,2016,28,False,False,False,False,False,4,0.5185,False,0,2011,False,1,,False,,True,False,False
whiteha01_1,whiteha01,Hassan Whiteside,MIA,2019,2016,29,False,True,False,False,False,5,0.5065,False,0,2011,False,1,,False,,True,False,False
wilkido01_1,wilkido01,Dominique Wilkins,ATL,1990,1990,30,False,False,False,False,False,8,0.567,False,4,1983,False,2,,False,,False,False,False
wilkido01_1,wilkido01,Dominique Wilkins,ATL,1991,1990,31,True,False,False,False,False,9,0.512,False,5,1983,False,2,,False,,False,False,False
wilkido01_1,wilkido01,Dominique Wilkins,ATL,1992,1990,32,False,False,False,False,False,10,0.49350000000000005,False,5,1983,False,2,,False,,False,False,False
wilkido01_1,wilkido01,Dominique Wilkins,ATL,1993,1990,33,True,True,False,False,False,11,0.49350000000000005,False,6,1983,False,2,,False,,False,False,False
wilkido01_2,wilkido01,Dominique Wilkins,LAC,1994,1994,34,True,True,False,False,False,1,0.4145,False,7,1983,False,1,,False,,False,False,False
willide01_1,willide01,Deron Williams,UTA,2008,2008,23,True,False,False,False,False,3,0.6405000000000001,True,1,2006,False,3,,False,,False,False,False
willide01_1,willide01,Deron Williams,UTA,2009,2008,24,False,False,False,False,False,4,0.622,True,1,2006,False,3,,False,,False,False,False
willide01_1,willide01,Deron Williams,UTA,2010,2008,25,True,True,False,False,False,5,0.6154999999999999,False,2,2006,False,3,,False,,False,False,False
willide01_2,willide01,Deron Williams,BKN,2013,2013,28,False,False,False,False,False,3,0.4655,False,2,2006,False,1,,False,,False,False,False
willide01_2,willide01,Deron Williams,BKN,2014,2013,29,False,False,False,False,False,4,0.5675,False,2,2006,False,1,,False,,False,False,False
willide01_2,willide01,Deron Williams,BKN,2015,2013,30,False,True,False,False,False,5,0.5,False,2,2006,False,1,,False,,False,False,False
willija06_1,willija06,Jalen Williams,OKC,2025,2025,23,True,False,False,False,False,3,0.762,True,1,2023,False,3,,False,,False,False,False
willija06_1,willija06,Jalen Williams,OKC,2026,2025,24,False,False,False,True,False,4,0.8045,True,1,2023,False,3,,False,,False,False,False
willike02_1,willike02,Kevin Willis,ATL,1992,1992,29,True,False,False,False,False,8,0.49350000000000005,False,1,1985,False,2,,False,,False,False,False
willike02_1,willike02,Kevin Willis,ATL,1993,1992,30,False,False,False,False,False,9,0.49350000000000005,False,1,1985,False,2,,False,,False,False,False
willike02_1,willike02,Kevin Willis,ATL,1994,1992,31,False,True,False,False,False,10,0.6094999999999999,False,1,1985,False,2,,False,,False,False,False
willizi01_1,willizi01,Zion Williamson,NOP,2021,2021,20,False,False,False,False,True,2,0.424,False,0,2020,False,3,,False,,False,False,False
willizi01_1,willizi01,Zion Williamson,NOP,2023,2021,22,False,False,False,False,False,4,0.47550000000000003,False,0,2020,False,3,,False,,False,False,False
willizi01_1,willizi01,Zion Williamson,NOP,2024,2021,23,False,False,False,False,False,5,0.5549999999999999,False,0,2020,False,3,,False,,False,False,False
willizi01_1,willizi01,Zion Williamson,NOP,2025,2021,24,False,False,False,False,False,6,0.427,False,0,2020,False,3,,False,,False,False,False
willizi01_1,willizi01,Zion Williamson,NOP,2026,2021,25,False,False,False,True,False,7,0.2865,False,0,2020,False,3,,False,,False,False,False
worthja01_1,worthja01,James Worthy,LAL,1990,1990,28,True,False,False,False,False,8,0.7315,True,1,1983,False,1,,False,,False,False,False
worthja01_1,worthja01,James Worthy,LAL,1991,1990,29,True,False,False,False,False,9,0.7375,True,2,1983,False,1,,False,,False,False,False
worthja01_1,worthja01,James Worthy,LAL,1992,1990,30,False,False,False,False,False,10,0.6154999999999999,True,2,1983,False,1,,False,,False,False,False
worthja01_1,worthja01,James Worthy,LAL,1993,1990,31,False,False,False,False,False,11,0.5,True,2,1983,False,1,,False,,False,False,False
worthja01_1,worthja01,James Worthy,LAL,1994,1990,32,False,False,True,False,False,12,0.439,False,2,1983,False,1,,False,,False,False,False
youngtr01_1,youngtr01,Trae Young,ATL,2020,2020,21,False,False,False,False,False,2,0.3265,False,0,2019,False,2,,False,,False,False,False
youngtr01_1,youngtr01,Trae Young,ATL,2021,2020,22,False,False,False,False,False,3,0.43399999999999994,True,0,2019,False,2,,False,,False,False,False
youngtr01_1,youngtr01,Trae Young,ATL,2022,2020,23,True,False,False,False,False,4,0.5465,True,1,2019,False,2,,False,,False,False,False
youngtr01_1,youngtr01,Trae Young,ATL,2023,2020,24,False,False,False,False,False,5,0.512,True,1,2019,False,2,,False,,False,False,False
youngtr01_1,youngtr01,Trae Young,ATL,2024,2020,25,False,False,False,False,False,6,0.46950000000000003,False,1,2019,False,2,,False,,False,False,False
youngtr01_1,youngtr01,Trae Young,ATL,2025,2020,26,False,True,False,False,False,7,0.4635,False,1,2019,False,2,,False,,False,False,False
