as_of,season,team_abbr,player_name,status,position,age,contract_type,cap_hit_2026_27,base_salary,incentives_likely,incentives_unlikely,trade_bonus_proration,guaranteed,source_url,spotrac_player_url
2026-08-27T20:15:56Z,2026-27,ATL,Jalen Johnson,standard,SF,25.0,RK-EXT,30000000.0,30000000.0,0.0,0.0,0.0,30000000.0,https://www.spotrac.com/nba/.../cap/_/year/2026 (fetched 2026-08-27),https://www.spotrac.com/nba/player/_/id/74127/jalen-johnson
2026-08-27T20:15:56Z,2026-27,ATL,Dyson Daniels,standard,PG,23.0,RK-EXT,25000000.0,25000000.0,0.0,0.0,0.0,25000000.0,https://www.spotrac.com/nba/.../cap/_/year/2026 (fetched 2026-08-27),https://www.spotrac.com/nba/player/_/id/78114/dyson-daniels
2026-08-27T20:15:56Z,2026-27,ATL,C.J. McCollum,standard,SG,35.0,VET-EXT,21000000.0,21000000.0,0.0,0.0,0.0,21000000.0,https://www.spotrac.com/nba/.../cap/_/year/2026 (fetched 2026-08-27),https://www.spotrac.com/nba/player/_/id/13323/cj-mccollum
2026-08-27T20:15:56Z,2026-27,ATL,Luguentz Dort,standard,SG,27.0,FA,17722222.0,17722222.0,0.0,1000000.0,0.0,17722222.0,https://www.spotrac.com/nba/.../cap/_/year/2026 (fetched 2026-08-27),https://www.spotrac.com/nba/player/_/id/33033/luguentz-dort
2026-08-27T20:15:56Z,2026-27,ATL,Onyeka Okongwu,standard,C,26.0,RK-EXT,16100000.0,16100000.0,0.0,0.0,0.0,16100000.0,https://www.spotrac.com/nba/.../cap/_/year/2026 (fetched 2026-08-27),https://www.spotrac.com/nba/player/_/id/70648/onyeka-okongwu
2026-08-27T20:15:56Z,2026-27,ATL,Nickeil Alexander-Walker,standard,SG,28.0,S&T,14403710.0,14403710.0,0.0,0.0,0.0,14403710.0,https://www.spotrac.com/nba/.../cap/_/year/2026 (fetched 2026-08-27),https://www.spotrac.com/nba/player/_/id/31574/nickeil-alexander-walker
2026-08-27T20:15:56Z,2026-27,ATL,Jock Landale,standard,C,31.0,FA,14100000.0,14100000.0,0.0,0.0,0.0,14100000.0,https://www.spotrac.com/nba/.../cap/_/year/2026 (fetched 2026-08-27),https://www.spotrac.com/nba/player/_/id/74215/jock-landale
2026-08-27T20:15:56Z,2026-27,ATL,Corey Kispert,standard,SF,27.0,RK-EXT,13975000.0,13975000.0,0.0,0.0,0.0,13975000.0,https://www.spotrac.com/nba/.../cap/_/year/2026 (fetched 2026-08-27),https://www.spotrac.com/nba/player/_/id/74122/corey-kispert
2026-08-27T20:15:56Z,2026-27,ATL,Buddy Hield,standard,SG,34.0,S&T,9658536.0,9658536.0,0.0,0.0,0.0,9658536.0,https://www.spotrac.com/nba/.../cap/_/year/2026 (fetched 2026-08-27),https://www.spotrac.com/nba/player/_/id/20211/buddy-hield
2026-08-27T20:15:56Z,2026-27,ATL,Aaron Wiggins,non_guaranteed,SG,28.0,FA,9028038.0,8831776.0,196262.0,196262.0,0.0,8831776.0,https://www.spotrac.com/nba/.../cap/_/year/2026 (fetched 2026-08-27),https://www.spotrac.com/nba/player/_/id/74162/aaron-wiggins
2026-08-27T20:15:56Z,2026-27,ATL,Kingston Flemings,standard,PG,20.0,RK-1ST,7348680.0,7348680.0,0.0,0.0,0.0,7348680.0,https://www.spotrac.com/nba/.../cap/_/year/2026 (fetched 2026-08-27),https://www.spotrac.com/nba/player/_/id/107923/kingston-flemings
2026-08-27T20:15:56Z,2026-27,ATL,Devin Carter,standard,PG,24.0,RK-1ST,5158080.0,5158080.0,0.0,0.0,0.0,5158080.0,https://www.spotrac.com/nba/.../cap/_/year/2026 (fetched 2026-08-27),https://www.spotrac.com/nba/player/_/id/91758/devin-carter
2026-08-27T20:15:56Z,2026-27,ATL,Zuby Ejiofor,standard,C,22.0,RK-1ST,3453360.0,3453360.0,0.0,0.0,0.0,3453360.0,https://www.spotrac.com/nba/.../cap/_/year/2026 (fetched 2026-08-27),https://www.spotrac.com/nba/player/_/id/107954/zuby-ejiofor
2026-08-27T20:15:56Z,2026-27,ATL,Asa Newell,standard,PF,21.0,RK-1ST,3399480.0,3399480.0,0.0,0.0,0.0,3399480.0,https://www.spotrac.com/nba/.../cap/_/year/2026 (fetched 2026-08-27),https://www.spotrac.com/nba/player/_/id/98611/asa-newell
2026-08-27T20:15:56Z,2026-27,ATL,Mouhamed Gueye,standard,PF,24.0,RK-2ND,2406205.0,2406205.0,0.0,0.0,0.0,0.0,https://www.spotrac.com/nba/.../cap/_/year/2026 (fetched 2026-08-27),https://www.spotrac.com/nba/player/_/id/84468/mouhamed-gueye
2026-08-27T20:15:56Z,2026-27,ATL,Ryan Nembhard,standard,PG,23.0,ROS,2150917.0,2150917.0,0.0,0.0,0.0,2150917.0,https://www.spotrac.com/nba/.../cap/_/year/2026 (fetched 2026-08-27),https://www.spotrac.com/nba/player/_/id/99651/ryan-nembhard
2026-08-27T20:15:56Z,2026-27,ATL,Henri Veesaar,standard,C,22.0,RK-2ND,1357763.0,1357763.0,0.0,0.0,0.0,1357763.0,https://www.spotrac.com/nba/.../cap/_/year/2026 (fetched 2026-08-27),https://www.spotrac.com/nba/player/_/id/107947/henri-veesaar
2026-08-27T20:15:56Z,2026-27,ATL,Jonathan Kuminga,cap_hold,PF,24.0,FA,34975962.0,0.0,0.0,0.0,0.0,0.0,https://www.spotrac.com/nba/.../cap/_/year/2026 (fetched 2026-08-27),https://www.spotrac.com/nba/player/_/id/74114/jonathan-kuminga
2026-08-27T20:15:56Z,2026-27,ATL,Gabe Vincent,cap_hold,PG,30.0,FA,21850000.0,0.0,0.0,0.0,0.0,0.0,https://www.spotrac.com/nba/.../cap/_/year/2026 (fetched 2026-08-27),https://www.spotrac.com/nba/player/_/id/28087/gabe-vincent
2026-08-27T20:15:56Z,2026-27,ATL,Keaton Wallace,cap_hold,G,27.0,,2449421.0,0.0,0.0,0.0,0.0,0.0,https://www.spotrac.com/nba/.../cap/_/year/2026 (fetched 2026-08-27),https://www.spotrac.com/nba/player/_/id/79960/keaton-wallace
2026-08-27T20:15:56Z,2026-27,ATL,Wesley Matthews,cap_hold,SG,40.0,FA,2449421.0,0.0,0.0,0.0,0.0,0.0,https://www.spotrac.com/nba/.../cap/_/year/2026 (fetched 2026-08-27),https://www.spotrac.com/nba/player/_/id/6489/wesley-matthews
2026-08-27T20:15:56Z,2026-27,ATL,Trent Forrest,cap_hold,PG,28.0,ROS,2449421.0,0.0,0.0,0.0,0.0,0.0,https://www.spotrac.com/nba/.../cap/_/year/2026 (fetched 2026-08-27),https://www.spotrac.com/nba/player/_/id/70708/trent-forrest
2026-08-27T20:15:56Z,2026-27,ATL,Tony Bradley,cap_hold,C,29.0,ROS,2449421.0,0.0,0.0,0.0,0.0,0.0,https://www.spotrac.com/nba/.../cap/_/year/2026 (fetched 2026-08-27),https://www.spotrac.com/nba/player/_/id/23623/tony-bradley
2026-08-27T20:15:56Z,2026-27,ATL,Dylan Windler,cap_hold,SF,30.0,2W,2185116.0,0.0,0.0,0.0,0.0,0.0,https://www.spotrac.com/nba/.../cap/_/year/2026 (fetched 2026-08-27),https://www.spotrac.com/nba/player/_/id/31585/dylan-windler
2026-08-27T20:15:56Z,2026-27,BKN,Michael Porter Jr.,standard,SF,28.0,DRK-EXT,40806150.0,40806150.0,0.0,0.0,0.0,40806150.0,https://www.spotrac.com/nba/.../cap/_/year/2026 (fetched 2026-08-27),https://www.spotrac.com/nba/player/_/id/26980/michael-porter-jr
2026-08-27T20:15:56Z,2026-27,BKN,Julius Randle,standard,PF,32.0,FA,33333334.0,33333334.0,0.0,0.0,0.0,33333334.0,https://www.spotrac.com/nba/.../cap/_/year/2026 (fetched 2026-08-27),https://www.spotrac.com/nba/player/_/id/15359/julius-randle
2026-08-27T20:15:56Z,2026-27,BKN,Terance Mann,standard,SG,30.0,VET-EXT,15500000.0,15500000.0,0.0,0.0,0.0,15500000.0,https://www.spotrac.com/nba/.../cap/_/year/2026 (fetched 2026-08-27),https://www.spotrac.com/nba/player/_/id/31607/terance-mann
2026-08-27T20:15:56Z,2026-27,BKN,Day'Ron Sharpe,standard,C,25.0,FA,10000000.0,10000000.0,0.0,0.0,0.0,10000000.0,https://www.spotrac.com/nba/.../cap/_/year/2026 (fetched 2026-08-27),https://www.spotrac.com/nba/player/_/id/74136/dayron-sharpe
2026-08-27T20:15:56Z,2026-27,BKN,Moritz Wagner,standard,C,29.0,FA,9000000.0,9000000.0,0.0,0.0,0.0,9000000.0,https://www.spotrac.com/nba/.../cap/_/year/2026 (fetched 2026-08-27),https://www.spotrac.com/nba/player/_/id/26991/moritz-wagner
2026-08-27T20:15:56Z,2026-27,BKN,Keon Ellis,standard,SF,27.0,FA,9000000.0,9000000.0,0.0,0.0,0.0,9000000.0,https://www.spotrac.com/nba/.../cap/_/year/2026 (fetched 2026-08-27),https://www.spotrac.com/nba/player/_/id/78267/keon-ellis
2026-08-27T20:15:56Z,2026-27,BKN,Mikel Brown Jr.,standard,PG,20.0,RK-1ST,8787000.0,8787000.0,0.0,0.0,0.0,8787000.0,https://www.spotrac.com/nba/.../cap/_/year/2026 (fetched 2026-08-27),https://www.spotrac.com/nba/player/_/id/107925/mikel-brown-jr
2026-08-27T20:15:56Z,2026-27,BKN,Egor Demin,standard,PG,20.0,RK-1ST,7233720.0,7233720.0,0.0,0.0,0.0,7233720.0,https://www.spotrac.com/nba/.../cap/_/year/2026 (fetched 2026-08-27),https://www.spotrac.com/nba/player/_/id/98610/egor-demin
2026-08-27T20:15:56Z,2026-27,BKN,Noah Clowney,standard,PF,22.0,RK-1ST,5414034.0,5414034.0,0.0,0.0,0.0,5414034.0,https://www.spotrac.com/nba/.../cap/_/year/2026 (fetched 2026-08-27),https://www.spotrac.com/nba/player/_/id/82214/noah-clowney
2026-08-27T20:15:56Z,2026-27,BKN,Josh Minott,standard,SF,24.0,FA,4500000.0,4500000.0,0.0,0.0,0.0,4500000.0,https://www.spotrac.com/nba/.../cap/_/year/2026 (fetched 2026-08-27),https://www.spotrac.com/nba/player/_/id/78156/josh-minott
2026-08-27T20:15:56Z,2026-27,BKN,Nolan Traore,standard,PG,20.0,RK-1ST,4002000.0,4002000.0,0.0,0.0,0.0,4002000.0,https://www.spotrac.com/nba/.../cap/_/year/2026 (fetched 2026-08-27),https://www.spotrac.com/nba/player/_/id/98615/nolan-traore
2026-08-27T20:15:56Z,2026-27,BKN,Drake Powell,standard,SF,21.0,RK-1ST,3540600.0,3540600.0,0.0,0.0,0.0,3540600.0,https://www.spotrac.com/nba/.../cap/_/year/2026 (fetched 2026-08-27),https://www.spotrac.com/nba/player/_/id/98620/drake-powell
2026-08-27T20:15:56Z,2026-27,BKN,Ben Saraf,standard,PG,20.0,RK-1ST,3028560.0,3028560.0,0.0,0.0,0.0,3028560.0,https://www.spotrac.com/nba/.../cap/_/year/2026 (fetched 2026-08-27),https://www.spotrac.com/nba/player/_/id/98626/ben-saraf
2026-08-27T20:15:56Z,2026-27,BKN,Joshua Jefferson,standard,PF,23.0,RK-1ST,2969520.0,2969520.0,0.0,0.0,0.0,2969520.0,https://www.spotrac.com/nba/.../cap/_/year/2026 (fetched 2026-08-27),https://www.spotrac.com/nba/player/_/id/107951/joshua-jefferson
2026-08-27T20:15:56Z,2026-27,BKN,Danny Wolf,standard,PF,22.0,RK-1ST,2941440.0,2941440.0,0.0,0.0,0.0,2941440.0,https://www.spotrac.com/nba/.../cap/_/year/2026 (fetched 2026-08-27),https://www.spotrac.com/nba/player/_/id/98616/danny-wolf
2026-08-27T20:15:56Z,2026-27,BKN,Nikola Milutinov,cap_hold,C,32.0,,3173040.0,0.0,0.0,0.0,0.0,0.0,https://www.spotrac.com/nba/.../cap/_/year/2026 (fetched 2026-08-27),https://www.spotrac.com/nba/player/_/id/17854/nikola-milutinov
2026-08-27T20:15:56Z,2026-27,BOS,Jayson Tatum,standard,PF,28.0,DVET-EXT,58456566.0,58456566.0,0.0,0.0,0.0,58456566.0,https://www.spotrac.com/nba/.../cap/_/year/2026 (fetched 2026-08-27),https://www.spotrac.com/nba/player/_/id/23598/jayson-tatum
2026-08-27T20:15:56Z,2026-27,BOS,Paul George,standard,SG,36.0,FA,54126380.0,54126380.0,0.0,0.0,0.0,54126380.0,https://www.spotrac.com/nba/.../cap/_/year/2026 (fetched 2026-08-27),https://www.spotrac.com/nba/player/_/id/6892/paul-george
2026-08-27T20:15:56Z,2026-27,BOS,Derrick White,non_guaranteed,PG,32.0,VET-EXT,30348000.0,28458000.0,1890000.0,0.0,0.0,28458000.0,https://www.spotrac.com/nba/.../cap/_/year/2026 (fetched 2026-08-27),https://www.spotrac.com/nba/player/_/id/23624/derrick-white
2026-08-27T20:15:56Z,2026-27,BOS,Mitchell Robinson,standard,C,28.0,FA,15044000.0,15044000.0,0.0,0.0,0.0,15044000.0,https://www.spotrac.com/nba/.../cap/_/year/2026 (fetched 2026-08-27),https://www.spotrac.com/nba/player/_/id/27002/mitchell-robinson
2026-08-27T20:15:56Z,2026-27,BOS,Sam Hauser,standard,SF,29.0,VET-EXT,10848215.0,10848215.0,0.0,0.0,0.0,10848215.0,https://www.spotrac.com/nba/.../cap/_/year/2026 (fetched 2026-08-27),https://www.spotrac.com/nba/player/_/id/74311/sam-hauser
2026-08-27T20:15:56Z,2026-27,BOS,Payton Pritchard,standard,PG,29.0,RK-EXT,7767857.0,7767857.0,0.0,0.0,0.0,7767857.0,https://www.spotrac.com/nba/.../cap/_/year/2026 (fetched 2026-08-27),https://www.spotrac.com/nba/player/_/id/70668/payton-pritchard
2026-08-27T20:15:56Z,2026-27,BOS,Ron Harper Jr.,standard,SG,26.0,FA,3150752.0,3150752.0,0.0,0.0,0.0,3150752.0,https://www.spotrac.com/nba/.../cap/_/year/2026 (fetched 2026-08-27),https://www.spotrac.com/nba/player/_/id/78577/ron-harper-jr
2026-08-27T20:15:56Z,2026-27,BOS,Chris Cenac Jr.,standard,PF,20.0,RK-1ST,2988120.0,2988120.0,0.0,0.0,0.0,2988120.0,https://www.spotrac.com/nba/.../cap/_/year/2026 (fetched 2026-08-27),https://www.spotrac.com/nba/player/_/id/107933/chris-cenac-jr
2026-08-27T20:15:56Z,2026-27,BOS,Hugo Gonzalez,standard,SF,20.0,RK-1ST,2923560.0,2923560.0,0.0,0.0,0.0,2923560.0,https://www.spotrac.com/nba/.../cap/_/year/2026 (fetched 2026-08-27),https://www.spotrac.com/nba/player/_/id/98623/hugo-gonzalez
2026-08-27T20:15:56Z,2026-27,BOS,Luka Garza,standard,C,28.0,FA,2801346.0,2801346.0,0.0,0.0,0.0,2801346.0,https://www.spotrac.com/nba/.../cap/_/year/2026 (fetched 2026-08-27),https://www.spotrac.com/nba/player/_/id/74159/luka-garza
2026-08-27T20:15:56Z,2026-27,BOS,Baylor Scheierman,standard,SG,26.0,RK-1ST,2744040.0,2744040.0,0.0,0.0,0.0,2744040.0,https://www.spotrac.com/nba/.../cap/_/year/2026 (fetched 2026-08-27),https://www.spotrac.com/nba/player/_/id/91780/baylor-scheierman
2026-08-27T20:15:56Z,2026-27,BOS,Neemias Queta,standard,C,27.0,FA,2667944.0,2667944.0,0.0,0.0,0.0,2667944.0,https://www.spotrac.com/nba/.../cap/_/year/2026 (fetched 2026-08-27),https://www.spotrac.com/nba/player/_/id/74146/neemias-queta
2026-08-27T20:15:56Z,2026-27,BOS,Mike Conley,standard,PG,39.0,FA,2449421.0,3876529.0,0.0,0.0,0.0,3876529.0,https://www.spotrac.com/nba/.../cap/_/year/2026 (fetched 2026-08-27),https://www.spotrac.com/nba/player/_/id/2532/mike-conley
2026-08-27T20:15:56Z,2026-27,BOS,Jordan Walsh,standard,SF,22.0,RK-2ND,2406205.0,2406205.0,0.0,0.0,0.0,2406205.0,https://www.spotrac.com/nba/.../cap/_/year/2026 (fetched 2026-08-27),https://www.spotrac.com/nba/player/_/id/84467/jordan-walsh
2026-08-27T20:15:56Z,2026-27,BOS,Blake Griffin,cap_hold,C,37.0,FA,2449421.0,0.0,0.0,0.0,0.0,0.0,https://www.spotrac.com/nba/.../cap/_/year/2026 (fetched 2026-08-27),https://www.spotrac.com/nba/player/_/id/6501/blake-griffin
2026-08-27T20:15:56Z,2026-27,BOS,Torrey Craig,cap_hold,SF,36.0,ROS,2449421.0,0.0,0.0,0.0,0.0,0.0,https://www.spotrac.com/nba/.../cap/_/year/2026 (fetched 2026-08-27),https://www.spotrac.com/nba/player/_/id/24230/torrey-craig
2026-08-27T20:15:56Z,2026-27,BOS,Max Shulga,cap_hold,G,24.0,ROS,2185116.0,0.0,0.0,0.0,0.0,0.0,https://www.spotrac.com/nba/.../cap/_/year/2026 (fetched 2026-08-27),https://www.spotrac.com/nba/player/_/id/99270/max-shulga
2026-08-27T20:15:56Z,2026-27,BOS,Mfiondu Kabengele,cap_hold,PF,29.0,2W,2185116.0,0.0,0.0,0.0,0.0,0.0,https://www.spotrac.com/nba/.../cap/_/year/2026 (fetched 2026-08-27),https://www.spotrac.com/nba/player/_/id/31586/mfiondu-kabengele
2026-08-27T20:15:56Z,2026-27,CHA,Coby White,standard,PG,26.0,FA,26811593.0,26811593.0,0.0,0.0,0.0,26811593.0,https://www.spotrac.com/nba/.../cap/_/year/2026 (fetched 2026-08-27),https://www.spotrac.com/nba/player/_/id/31564/coby-white
2026-08-27T20:15:56Z,2026-27,CHA,Naz Reid,standard,C,27.0,FA,23275862.0,23275862.0,0.0,0.0,0.0,23275862.0,https://www.spotrac.com/nba/.../cap/_/year/2026 (fetched 2026-08-27),https://www.spotrac.com/nba/player/_/id/32045/naz-reid
2026-08-27T20:15:56Z,2026-27,CHA,Grayson Allen,standard,SG,31.0,VET-EXT,18125000.0,18125000.0,0.0,0.0,0.0,18125000.0,https://www.spotrac.com/nba/.../cap/_/year/2026 (fetched 2026-08-27),https://www.spotrac.com/nba/player/_/id/26987/grayson-allen
2026-08-27T20:15:56Z,2026-27,CHA,Brandon Miller,standard,SF,24.0,RK-1ST,15104626.0,15104626.0,0.0,0.0,0.0,15104626.0,https://www.spotrac.com/nba/.../cap/_/year/2026 (fetched 2026-08-27),https://www.spotrac.com/nba/player/_/id/82197/brandon-miller
2026-08-27T20:15:56Z,2026-27,CHA,Dennis Schröder,standard,PG,33.0,FA,14809200.0,14809200.0,0.0,0.0,0.0,14809200.0,https://www.spotrac.com/nba/.../cap/_/year/2026 (fetched 2026-08-27),https://www.spotrac.com/nba/player/_/id/13330/dennis-schr%C3%B6der
2026-08-27T20:15:56Z,2026-27,CHA,Grant Williams,standard,PF,28.0,S&T,14265750.0,14265750.0,0.0,0.0,0.0,14265750.0,https://www.spotrac.com/nba/.../cap/_/year/2026 (fetched 2026-08-27),https://www.spotrac.com/nba/player/_/id/31579/grant-williams
2026-08-27T20:15:56Z,2026-27,CHA,Dorian Finney-Smith,non_guaranteed,PF,33.0,FA,14196974.0,13335000.0,0.0,0.0,0.0,13335000.0,https://www.spotrac.com/nba/.../cap/_/year/2026 (fetched 2026-08-27),https://www.spotrac.com/nba/player/_/id/20757/dorian-finney-smith
2026-08-27T20:15:56Z,2026-27,CHA,Royce O'Neale,standard,SF,33.0,FA,10875000.0,10875000.0,0.0,500000.0,0.0,10875000.0,https://www.spotrac.com/nba/.../cap/_/year/2026 (fetched 2026-08-27),https://www.spotrac.com/nba/player/_/id/24240/royce-oneale
2026-08-27T20:15:56Z,2026-27,CHA,Kon Knueppel,standard,SF,21.0,RK-1ST,10516560.0,10516560.0,0.0,0.0,0.0,10516560.0,https://www.spotrac.com/nba/.../cap/_/year/2026 (fetched 2026-08-27),https://www.spotrac.com/nba/player/_/id/98602/kon-knueppel
2026-08-27T20:15:56Z,2026-27,CHA,Tidjane Salaun,standard,PF,21.0,RK-1ST,8237880.0,8237880.0,0.0,0.0,0.0,8237880.0,https://www.spotrac.com/nba/.../cap/_/year/2026 (fetched 2026-08-27),https://www.spotrac.com/nba/player/_/id/91756/tidjane-salaun
2026-08-27T20:15:56Z,2026-27,CHA,Hannes Steinbach,standard,PF,20.0,RK-1ST,5227200.0,5227200.0,0.0,0.0,0.0,5227200.0,https://www.spotrac.com/nba/.../cap/_/year/2026 (fetched 2026-08-27),https://www.spotrac.com/nba/player/_/id/107931/hannes-steinbach
2026-08-27T20:15:56Z,2026-27,CHA,Christian Anderson,standard,PG,20.0,RK-1ST,4257480.0,4257480.0,0.0,0.0,0.0,4257480.0,https://www.spotrac.com/nba/.../cap/_/year/2026 (fetched 2026-08-27),https://www.spotrac.com/nba/player/_/id/107935/christian-anderson
2026-08-27T20:15:56Z,2026-27,CHA,Pat Connaughton,standard,SG,34.0,ROS,3815861.0,3815861.0,0.0,0.0,0.0,0.0,https://www.spotrac.com/nba/.../cap/_/year/2026 (fetched 2026-08-27),https://www.spotrac.com/nba/player/_/id/17869/pat-connaughton
2026-08-27T20:15:56Z,2026-27,CHA,Liam McNeeley,standard,SF,21.0,RK-1ST,2902080.0,2902080.0,0.0,0.0,0.0,2902080.0,https://www.spotrac.com/nba/.../cap/_/year/2026 (fetched 2026-08-27),https://www.spotrac.com/nba/player/_/id/98608/liam-mcneeley
2026-08-27T20:15:56Z,2026-27,CHA,Moussa Diabate,standard,PF,25.0,ROS,2461462.0,2461462.0,0.0,0.0,0.0,2461462.0,https://www.spotrac.com/nba/.../cap/_/year/2026 (fetched 2026-08-27),https://www.spotrac.com/nba/player/_/id/78154/moussa-diabate
2026-08-27T20:15:56Z,2026-27,CHA,Ryan Kalkbrenner,standard,C,25.0,RK-2ND,2411090.0,2411090.0,0.0,0.0,0.0,2411090.0,https://www.spotrac.com/nba/.../cap/_/year/2026 (fetched 2026-08-27),https://www.spotrac.com/nba/player/_/id/98627/ryan-kalkbrenner
2026-08-27T20:15:56Z,2026-27,CHA,Sion James,standard,SF,24.0,RK-2ND,2411090.0,2411090.0,0.0,0.0,0.0,2411090.0,https://www.spotrac.com/nba/.../cap/_/year/2026 (fetched 2026-08-27),https://www.spotrac.com/nba/player/_/id/98641/sion-james
2026-08-27T20:15:56Z,2026-27,CHA,Xavier Tillman,cap_hold,C,28.0,FA,2449421.0,0.0,0.0,0.0,0.0,0.0,https://www.spotrac.com/nba/.../cap/_/year/2026 (fetched 2026-08-27),https://www.spotrac.com/nba/player/_/id/70677/xavier-tillman
2026-08-27T20:15:56Z,2026-27,CHA,Antonio Reeves,cap_hold,SG,26.0,2W,2185116.0,0.0,0.0,0.0,0.0,0.0,https://www.spotrac.com/nba/.../cap/_/year/2026 (fetched 2026-08-27),https://www.spotrac.com/nba/player/_/id/93956/antonio-reeves
2026-08-27T20:15:56Z,2026-27,CHI,Josh Giddey,standard,SG,24.0,FA,25000000.0,25000000.0,0.0,0.0,0.0,25000000.0,https://www.spotrac.com/nba/.../cap/_/year/2026 (fetched 2026-08-27),https://www.spotrac.com/nba/player/_/id/74113/josh-giddey
2026-08-27T20:15:56Z,2026-27,CHI,Nicolas Claxton,non_guaranteed,C,27.0,FA,23320738.0,23147727.0,173011.0,542896.0,0.0,23147727.0,https://www.spotrac.com/nba/.../cap/_/year/2026 (fetched 2026-08-27),https://www.spotrac.com/nba/player/_/id/31590/nicolas-claxton
2026-08-27T20:15:56Z,2026-27,CHI,Norman Powell,standard,SG,33.0,FA,21500000.0,21500000.0,0.0,0.0,0.0,21500000.0,https://www.spotrac.com/nba/.../cap/_/year/2026 (fetched 2026-08-27),https://www.spotrac.com/nba/player/_/id/17874/norman-powell
2026-08-27T20:15:56Z,2026-27,CHI,Patrick Williams,standard,PF,25.0,FA,18000000.0,18000000.0,0.0,0.0,0.0,18000000.0,https://www.spotrac.com/nba/.../cap/_/year/2026 (fetched 2026-08-27),https://www.spotrac.com/nba/player/_/id/70646/patrick-williams
2026-08-27T20:15:56Z,2026-27,CHI,Isaac Okoro,standard,SG,26.0,FA,11814814.0,11814814.0,0.0,1772221.0,0.0,11814814.0,https://www.spotrac.com/nba/.../cap/_/year/2026 (fetched 2026-08-27),https://www.spotrac.com/nba/player/_/id/70647/isaac-okoro
2026-08-27T20:15:56Z,2026-27,CHI,Caleb Wilson,standard,PF,20.0,RK-1ST,10683720.0,10683720.0,0.0,0.0,0.0,10683720.0,https://www.spotrac.com/nba/.../cap/_/year/2026 (fetched 2026-08-27),https://www.spotrac.com/nba/player/_/id/107920/caleb-wilson
2026-08-27T20:15:56Z,2026-27,CHI,Jalen Smith,standard,PF,26.0,FA,9428571.0,9428571.0,0.0,0.0,0.0,9428571.0,https://www.spotrac.com/nba/.../cap/_/year/2026 (fetched 2026-08-27),https://www.spotrac.com/nba/player/_/id/70652/jalen-smith
2026-08-27T20:15:56Z,2026-27,CHI,Zach Collins,standard,C,29.0,VET-EXT,8500000.0,8500000.0,0.0,0.0,0.0,8500000.0,https://www.spotrac.com/nba/.../cap/_/year/2026 (fetched 2026-08-27),https://www.spotrac.com/nba/player/_/id/23605/zach-collins
2026-08-27T20:15:56Z,2026-27,CHI,Tre Jones,standard,PG,27.0,FA,8000000.0,8000000.0,0.0,0.0,0.0,8000000.0,https://www.spotrac.com/nba/.../cap/_/year/2026 (fetched 2026-08-27),https://www.spotrac.com/nba/player/_/id/70683/tre-jones
2026-08-27T20:15:56Z,2026-27,CHI,Rob Dillingham,standard,PG,22.0,RK-1ST,6889320.0,6889320.0,0.0,0.0,0.0,6889320.0,https://www.spotrac.com/nba/.../cap/_/year/2026 (fetched 2026-08-27),https://www.spotrac.com/nba/player/_/id/91736/rob-dillingham
2026-08-27T20:15:56Z,2026-27,CHI,Matas Buzelis,standard,SF,22.0,RK-1ST,5715360.0,5715360.0,0.0,0.0,0.0,5715360.0,https://www.spotrac.com/nba/.../cap/_/year/2026 (fetched 2026-08-27),https://www.spotrac.com/nba/player/_/id/91738/matas-buzelis
2026-08-27T20:15:56Z,2026-27,CHI,Noa Essengue,standard,PF,20.0,RK-1ST,5701200.0,5701200.0,0.0,0.0,0.0,5701200.0,https://www.spotrac.com/nba/.../cap/_/year/2026 (fetched 2026-08-27),https://www.spotrac.com/nba/player/_/id/98619/noa-essengue
2026-08-27T20:15:56Z,2026-27,CHI,Dailyn Swain,standard,SF,21.0,RK-1ST,4965480.0,4965480.0,0.0,0.0,0.0,4965480.0,https://www.spotrac.com/nba/.../cap/_/year/2026 (fetched 2026-08-27),https://www.spotrac.com/nba/player/_/id/107941/dailyn-swain
2026-08-27T20:15:56Z,2026-27,CHI,Leonard Miller,standard,SF,23.0,RK-2ND,2406205.0,2406205.0,0.0,0.0,0.0,2406205.0,https://www.spotrac.com/nba/.../cap/_/year/2026 (fetched 2026-08-27),https://www.spotrac.com/nba/player/_/id/82215/leonard-miller
2026-08-27T20:15:56Z,2026-27,CHI,Kam Jones,dead_money,PG,,,1075459.0,0.0,0.0,0.0,0.0,0.0,https://www.spotrac.com/nba/.../cap/_/year/2026 (fetched 2026-08-27),https://www.spotrac.com/nba/player/_/id/98618/kam-jones
2026-08-27T20:15:56Z,2026-27,CLE,James Harden,pending,SG,37.0,FA,29938272.0,29938272.0,0.0,0.0,0.0,29938272.0,https://www.spotrac.com/nba/.../cap/_/year/2026 (fetched 2026-08-27),https://www.spotrac.com/nba/player/_/id/6312/james-harden
2026-08-27T20:15:56Z,2026-27,CLE,Evan Mobley,standard,PF,25.0,DRK-EXT,50105628.0,50105628.0,0.0,0.0,0.0,50105628.0,https://www.spotrac.com/nba/.../cap/_/year/2026 (fetched 2026-08-27),https://www.spotrac.com/nba/player/_/id/74110/evan-mobley
2026-08-27T20:15:56Z,2026-27,CLE,Donovan Mitchell,standard,SG,30.0,VET-EXT,50105628.0,50105628.0,0.0,0.0,0.0,50105628.0,https://www.spotrac.com/nba/.../cap/_/year/2026 (fetched 2026-08-27),https://www.spotrac.com/nba/player/_/id/23608/donovan-mitchell
2026-08-27T20:15:56Z,2026-27,CLE,Jarrett Allen,standard,C,28.0,VET-EXT,28000000.0,28000000.0,0.0,0.0,0.0,28000000.0,https://www.spotrac.com/nba/.../cap/_/year/2026 (fetched 2026-08-27),https://www.spotrac.com/nba/player/_/id/23617/jarrett-allen
2026-08-27T20:15:56Z,2026-27,CLE,Peyton Watson,standard,SG,24.0,S&T,20465116.0,20465116.0,0.0,0.0,0.0,20465116.0,https://www.spotrac.com/nba/.../cap/_/year/2026 (fetched 2026-08-27),https://www.spotrac.com/nba/player/_/id/78138/peyton-watson
2026-08-27T20:15:56Z,2026-27,CLE,Sam Merrill,standard,SG,30.0,FA,9160715.0,9160715.0,0.0,0.0,0.0,9160715.0,https://www.spotrac.com/nba/.../cap/_/year/2026 (fetched 2026-08-27),https://www.spotrac.com/nba/player/_/id/70702/sam-merrill
2026-08-27T20:15:56Z,2026-27,CLE,Cam Whitmore,standard,SF,22.0,RK-1ST,5458310.0,5458310.0,0.0,0.0,0.0,5458310.0,https://www.spotrac.com/nba/.../cap/_/year/2026 (fetched 2026-08-27),https://www.spotrac.com/nba/player/_/id/82202/cam-whitmore
2026-08-27T20:15:56Z,2026-27,CLE,Jaylon Tyson,standard,SG,24.0,RK-1ST,3658560.0,3658560.0,0.0,0.0,0.0,3658560.0,https://www.spotrac.com/nba/.../cap/_/year/2026 (fetched 2026-08-27),https://www.spotrac.com/nba/player/_/id/91773/jaylon-tyson
2026-08-27T20:15:56Z,2026-27,CLE,Mario Hezonja,standard,SG,31.0,FA,2449421.0,2845883.0,0.0,0.0,0.0,0.0,https://www.spotrac.com/nba/.../cap/_/year/2026 (fetched 2026-08-27),https://www.spotrac.com/nba/player/_/id/17833/mario-hezonja
2026-08-27T20:15:56Z,2026-27,CLE,Thomas Bryant,standard,C,29.0,FA,2449421.0,3524115.0,0.0,0.0,0.0,3524115.0,https://www.spotrac.com/nba/.../cap/_/year/2026 (fetched 2026-08-27),https://www.spotrac.com/nba/player/_/id/23643/thomas-bryant
2026-08-27T20:15:56Z,2026-27,CLE,Nae'qwan Tomlin,standard,F,26.0,ROS,2411090.0,2411090.0,0.0,0.0,0.0,2411090.0,https://www.spotrac.com/nba/.../cap/_/year/2026 (fetched 2026-08-27),https://www.spotrac.com/nba/player/_/id/95599/naeqwan-tomlin
2026-08-27T20:15:56Z,2026-27,CLE,Craig Porter Jr.,standard,G,26.0,ROS,2406205.0,2406205.0,0.0,0.0,0.0,0.0,https://www.spotrac.com/nba/.../cap/_/year/2026 (fetched 2026-08-27),https://www.spotrac.com/nba/player/_/id/84768/craig-porter-jr
2026-08-27T20:15:56Z,2026-27,CLE,Tyrese Proctor,standard,SG,22.0,RK-2ND,2150917.0,2150917.0,0.0,0.0,0.0,2150917.0,https://www.spotrac.com/nba/.../cap/_/year/2026 (fetched 2026-08-27),https://www.spotrac.com/nba/player/_/id/98636/tyrese-proctor
2026-08-27T20:15:56Z,2026-27,CLE,Meleek Thomas,standard,SG,20.0,RK-2ND,1357763.0,1357763.0,0.0,0.0,0.0,1357763.0,https://www.spotrac.com/nba/.../cap/_/year/2026 (fetched 2026-08-27),https://www.spotrac.com/nba/player/_/id/107945/meleek-thomas
2026-08-27T20:15:56Z,2026-27,CLE,Ricky Rubio,dead_money,PG,,,424672.0,0.0,0.0,0.0,0.0,0.0,https://www.spotrac.com/nba/.../cap/_/year/2026 (fetched 2026-08-27),https://www.spotrac.com/nba/player/_/id/6305/ricky-rubio
2026-08-27T20:15:56Z,2026-27,CLE,James Harden,cap_hold,SG,37.0,FA,47019232.0,0.0,0.0,0.0,0.0,0.0,https://www.spotrac.com/nba/.../cap/_/year/2026 (fetched 2026-08-27),https://www.spotrac.com/nba/player/_/id/6312/james-harden
2026-08-27T20:15:56Z,2026-27,CLE,Tristan Thompson,cap_hold,C,35.0,FA,2449421.0,0.0,0.0,0.0,0.0,0.0,https://www.spotrac.com/nba/.../cap/_/year/2026 (fetched 2026-08-27),https://www.spotrac.com/nba/player/_/id/8054/tristan-thompson
2026-08-27T20:15:56Z,2026-27,CLE,Olivier Sarr,cap_hold,C,27.0,2W,2449421.0,0.0,0.0,0.0,0.0,0.0,https://www.spotrac.com/nba/.../cap/_/year/2026 (fetched 2026-08-27),https://www.spotrac.com/nba/player/_/id/74604/olivier-sarr
2026-08-27T20:15:56Z,2026-27,CLE,Rajon Rondo,cap_hold,PG,40.0,FA,2449421.0,0.0,0.0,0.0,0.0,0.0,https://www.spotrac.com/nba/.../cap/_/year/2026 (fetched 2026-08-27),https://www.spotrac.com/nba/player/_/id/2222/rajon-rondo
2026-08-27T20:15:56Z,2026-27,CLE,Chuma Okeke,cap_hold,PF,28.0,ROS,2449421.0,0.0,0.0,0.0,0.0,0.0,https://www.spotrac.com/nba/.../cap/_/year/2026 (fetched 2026-08-27),https://www.spotrac.com/nba/player/_/id/31573/chuma-okeke
2026-08-27T20:15:56Z,2026-27,CLE,Raul Neto,cap_hold,PG,34.0,FA,2449421.0,0.0,0.0,0.0,0.0,0.0,https://www.spotrac.com/nba/.../cap/_/year/2026 (fetched 2026-08-27),https://www.spotrac.com/nba/player/_/id/13360/raul-neto
2026-08-27T20:15:56Z,2026-27,CLE,Damian Jones,cap_hold,C,31.0,FA,2449421.0,0.0,0.0,0.0,0.0,0.0,https://www.spotrac.com/nba/.../cap/_/year/2026 (fetched 2026-08-27),https://www.spotrac.com/nba/player/_/id/20235/damian-jones
2026-08-27T20:15:56Z,2026-27,CLE,Ed Davis,cap_hold,C,37.0,,2449421.0,0.0,0.0,0.0,0.0,0.0,https://www.spotrac.com/nba/.../cap/_/year/2026 (fetched 2026-08-27),https://www.spotrac.com/nba/player/_/id/6895/ed-davis
2026-08-27T20:15:56Z,2026-27,DAL,Kyrie Irving,standard,PG,34.0,FA,39491282.0,39491282.0,0.0,0.0,0.0,39491282.0,https://www.spotrac.com/nba/.../cap/_/year/2026 (fetched 2026-08-27),https://www.spotrac.com/nba/player/_/id/8051/kyrie-irving
2026-08-27T20:15:56Z,2026-27,DAL,PJ Washington,standard,PF,28.0,VET-EXT,19813044.0,19813044.0,0.0,0.0,0.0,19813044.0,https://www.spotrac.com/nba/.../cap/_/year/2026 (fetched 2026-08-27),https://www.spotrac.com/nba/player/_/id/31569/pj-washington
2026-08-27T20:15:56Z,2026-27,DAL,Daniel Gafford,standard,C,28.0,VET-EXT,17263584.0,17263584.0,0.0,0.0,0.0,17263584.0,https://www.spotrac.com/nba/.../cap/_/year/2026 (fetched 2026-08-27),https://www.spotrac.com/nba/player/_/id/31597/daniel-gafford
2026-08-27T20:15:56Z,2026-27,DAL,Santi Aldama,standard,C,26.0,FA,17007043.0,17007043.0,0.0,0.0,0.0,17007043.0,https://www.spotrac.com/nba/.../cap/_/year/2026 (fetched 2026-08-27),https://www.spotrac.com/nba/player/_/id/74137/santi-aldama
2026-08-27T20:15:56Z,2026-27,DAL,Cooper Flagg,standard,SF,20.0,RK-1ST,14517480.0,14517480.0,0.0,0.0,0.0,14517480.0,https://www.spotrac.com/nba/.../cap/_/year/2026 (fetched 2026-08-27),https://www.spotrac.com/nba/player/_/id/98597/cooper-flagg
2026-08-27T20:15:56Z,2026-27,DAL,Zaccharie Risacher,standard,SF,21.0,RK-1ST,13826040.0,13826040.0,0.0,0.0,0.0,13826040.0,https://www.spotrac.com/nba/.../cap/_/year/2026 (fetched 2026-08-27),https://www.spotrac.com/nba/player/_/id/91733/zaccharie-risacher
2026-08-27T20:15:56Z,2026-27,DAL,Caleb Martin,non_guaranteed,SF,31.0,FA,10001494.0,8963901.0,0.0,1344585.0,0.0,8963901.0,https://www.spotrac.com/nba/.../cap/_/year/2026 (fetched 2026-08-27),https://www.spotrac.com/nba/player/_/id/32682/caleb-martin
2026-08-27T20:15:56Z,2026-27,DAL,Naji Marshall,standard,SF,29.0,FA,9428571.0,9428571.0,0.0,0.0,0.0,9428571.0,https://www.spotrac.com/nba/.../cap/_/year/2026 (fetched 2026-08-27),https://www.spotrac.com/nba/player/_/id/70704/naji-marshall
2026-08-27T20:15:56Z,2026-27,DAL,Max Christie,standard,SG,23.0,FA,8285714.0,8285714.0,0.0,0.0,0.0,8285714.0,https://www.spotrac.com/nba/.../cap/_/year/2026 (fetched 2026-08-27),https://www.spotrac.com/nba/player/_/id/78136/max-christie
2026-08-27T20:15:56Z,2026-27,DAL,Dereck Lively II,standard,C,22.0,RK-1ST,7239131.0,7239131.0,0.0,0.0,0.0,7239131.0,https://www.spotrac.com/nba/.../cap/_/year/2026 (fetched 2026-08-27),https://www.spotrac.com/nba/player/_/id/82272/dereck-lively-ii
2026-08-27T20:15:56Z,2026-27,DAL,Morez Johnson Jr.,standard,C,21.0,RK-1ST,6754800.0,6754800.0,0.0,0.0,0.0,6754800.0,https://www.spotrac.com/nba/.../cap/_/year/2026 (fetched 2026-08-27),https://www.spotrac.com/nba/player/_/id/107942/morez-johnson-jr
2026-08-27T20:15:56Z,2026-27,DAL,Marcus Sasser,standard,PG,26.0,RK-1ST,5198983.0,5198983.0,0.0,0.0,0.0,5198983.0,https://www.spotrac.com/nba/.../cap/_/year/2026 (fetched 2026-08-27),https://www.spotrac.com/nba/player/_/id/84442/marcus-sasser
2026-08-27T20:15:56Z,2026-27,DAL,Sergio de Larrea,standard,SG,21.0,RK-1ST,3182280.0,3182280.0,0.0,0.0,0.0,3182280.0,https://www.spotrac.com/nba/.../cap/_/year/2026 (fetched 2026-08-27),https://www.spotrac.com/nba/player/_/id/107961/sergio-de-larrea
2026-08-27T20:15:56Z,2026-27,DAL,Tarik Biberovic,standard,PF,26.0,RK,3000000.0,3000000.0,0.0,0.0,0.0,3000000.0,https://www.spotrac.com/nba/.../cap/_/year/2026 (fetched 2026-08-27),https://www.spotrac.com/nba/player/_/id/84482/tarik-biberovic
2026-08-27T20:15:56Z,2026-27,DAL,Brandon Williams,standard,PG,27.0,FA,2449421.0,2625627.0,0.0,0.0,0.0,2625627.0,https://www.spotrac.com/nba/.../cap/_/year/2026 (fetched 2026-08-27),https://www.spotrac.com/nba/player/_/id/75136/brandon-williams
2026-08-27T20:15:56Z,2026-27,DAL,Moussa Cisse,non_guaranteed,F,24.0,FA,2185116.0,2185116.0,0.0,0.0,0.0,1092558.0,https://www.spotrac.com/nba/.../cap/_/year/2026 (fetched 2026-08-27),https://www.spotrac.com/nba/player/_/id/99882/moussa-cisse
2026-08-27T20:15:56Z,2026-27,DAL,Klay Thompson,dead_money,SG,,,7660317.0,0.0,0.0,0.0,0.0,0.0,https://www.spotrac.com/nba/.../cap/_/year/2026 (fetched 2026-08-27),https://www.spotrac.com/nba/player/_/id/8062/klay-thompson
2026-08-27T20:15:56Z,2026-27,DAL,JaVale McGee,dead_money,C,,,2208856.0,0.0,0.0,0.0,0.0,0.0,https://www.spotrac.com/nba/.../cap/_/year/2026 (fetched 2026-08-27),https://www.spotrac.com/nba/player/_/id/6159/javale-mcgee
2026-08-27T20:15:56Z,2026-27,DAL,Olivier-Maxence Prosper,dead_money,PF,,,1002360.0,0.0,0.0,0.0,0.0,0.0,https://www.spotrac.com/nba/.../cap/_/year/2026 (fetched 2026-08-27),https://www.spotrac.com/nba/player/_/id/84439/olivier-maxence-prosper
2026-08-27T20:15:56Z,2026-27,DAL,Dwight Powell,cap_hold,C,35.0,FA,7600000.0,0.0,0.0,0.0,0.0,0.0,https://www.spotrac.com/nba/.../cap/_/year/2026 (fetched 2026-08-27),https://www.spotrac.com/nba/player/_/id/15397/dwight-powell
2026-08-27T20:15:56Z,2026-27,DAL,Nicolo Melli,cap_hold,PF,36.0,FA,5066667.0,0.0,0.0,0.0,0.0,0.0,https://www.spotrac.com/nba/.../cap/_/year/2026 (fetched 2026-08-27),https://www.spotrac.com/nba/player/_/id/31886/nicolo-melli
2026-08-27T20:15:56Z,2026-27,DAL,Brandon Williams,cap_hold,PG,27.0,ROS,2449421.0,0.0,0.0,0.0,0.0,0.0,https://www.spotrac.com/nba/.../cap/_/year/2026 (fetched 2026-08-27),https://www.spotrac.com/nba/player/_/id/75136/brandon-williams
2026-08-27T20:15:56Z,2026-27,DAL,Theo Pinson,cap_hold,SG,31.0,FA,2449421.0,0.0,0.0,0.0,0.0,0.0,https://www.spotrac.com/nba/.../cap/_/year/2026 (fetched 2026-08-27),https://www.spotrac.com/nba/player/_/id/27827/theo-pinson
2026-08-27T20:15:56Z,2026-27,DAL,Kai Jones,cap_hold,PF,26.0,2W,2449421.0,0.0,0.0,0.0,0.0,0.0,https://www.spotrac.com/nba/.../cap/_/year/2026 (fetched 2026-08-27),https://www.spotrac.com/nba/player/_/id/74126/kai-jones
2026-08-27T20:15:56Z,2026-27,DAL,McKinley Wright IV,cap_hold,PG,28.0,2W,2185116.0,0.0,0.0,0.0,0.0,0.0,https://www.spotrac.com/nba/.../cap/_/year/2026 (fetched 2026-08-27),https://www.spotrac.com/nba/player/_/id/74223/mckinley-wright-iv
2026-08-27T20:15:56Z,2026-27,DAL,Moses Wright,cap_hold,F,28.0,2W,2185116.0,0.0,0.0,0.0,0.0,0.0,https://www.spotrac.com/nba/.../cap/_/year/2026 (fetched 2026-08-27),https://www.spotrac.com/nba/player/_/id/74414/moses-wright
2026-08-27T20:15:56Z,2026-27,DAL,Greg Brown III,cap_hold,PF,25.0,2W,2185116.0,0.0,0.0,0.0,0.0,0.0,https://www.spotrac.com/nba/.../cap/_/year/2026 (fetched 2026-08-27),https://www.spotrac.com/nba/player/_/id/74150/greg-brown-iii
2026-08-27T20:15:56Z,2026-27,DEN,DeMar DeRozan,pending,SF,37.0,FA,2449421.0,3876529.0,0.0,0.0,0.0,3876529.0,https://www.spotrac.com/nba/.../cap/_/year/2026 (fetched 2026-08-27),https://www.spotrac.com/nba/player/_/id/6327/demar-derozan
2026-08-27T20:15:56Z,2026-27,DEN,Lonnie Walker IV,pending,SG,28.0,FA,2449421.0,3286399.0,0.0,0.0,0.0,3286399.0,https://www.spotrac.com/nba/.../cap/_/year/2026 (fetched 2026-08-27),https://www.spotrac.com/nba/player/_/id/26984/lonnie-walker-iv
2026-08-27T20:15:56Z,2026-27,DEN,Nikola Jokic,standard,C,31.0,DVET-EXT,59033114.0,59033114.0,0.0,0.0,0.0,59033114.0,https://www.spotrac.com/nba/.../cap/_/year/2026 (fetched 2026-08-27),https://www.spotrac.com/nba/player/_/id/15393/nikola-jokic
2026-08-27T20:15:56Z,2026-27,DEN,Jamal Murray,standard,PG,29.0,VET-EXT,50105628.0,50105628.0,0.0,0.0,0.0,50105628.0,https://www.spotrac.com/nba/.../cap/_/year/2026 (fetched 2026-08-27),https://www.spotrac.com/nba/player/_/id/20212/jamal-murray
2026-08-27T20:15:56Z,2026-27,DEN,Aaron Gordon,standard,PF,31.0,VET-EXT,31978037.0,31978037.0,0.0,1680000.0,0.0,31978037.0,https://www.spotrac.com/nba/.../cap/_/year/2026 (fetched 2026-08-27),https://www.spotrac.com/nba/player/_/id/15356/aaron-gordon
2026-08-27T20:15:56Z,2026-27,DEN,Cameron Johnson,non_guaranteed,SF,30.0,FA,23062500.0,22500000.0,562500.0,3937500.0,0.0,22500000.0,https://www.spotrac.com/nba/.../cap/_/year/2026 (fetched 2026-08-27),https://www.spotrac.com/nba/player/_/id/31568/cameron-johnson
2026-08-27T20:15:56Z,2026-27,DEN,Christian Braun,standard,SG,25.0,RK-EXT,21551726.0,21551726.0,0.0,0.0,0.0,21551726.0,https://www.spotrac.com/nba/.../cap/_/year/2026 (fetched 2026-08-27),https://www.spotrac.com/nba/player/_/id/78148/christian-braun
2026-08-27T20:15:56Z,2026-27,DEN,Zeke Nnaji,standard,PF,26.0,RK-EXT,7466667.0,7466667.0,0.0,0.0,0.0,7466667.0,https://www.spotrac.com/nba/.../cap/_/year/2026 (fetched 2026-08-27),https://www.spotrac.com/nba/player/_/id/70664/zeke-nnaji
2026-08-27T20:15:56Z,2026-27,DEN,Spencer Jones,standard,SF,25.0,FA,6000000.0,6000000.0,0.0,0.0,0.0,6000000.0,https://www.spotrac.com/nba/.../cap/_/year/2026 (fetched 2026-08-27),https://www.spotrac.com/nba/player/_/id/95438/spencer-jones
2026-08-27T20:15:56Z,2026-27,DEN,Julian Strawther,standard,SF,24.0,RK-1ST,4826931.0,4826931.0,0.0,0.0,0.0,4826931.0,https://www.spotrac.com/nba/.../cap/_/year/2026 (fetched 2026-08-27),https://www.spotrac.com/nba/player/_/id/84463/julian-strawther
2026-08-27T20:15:56Z,2026-27,DEN,DaRon Holmes II,standard,PF,24.0,RK-1ST,3372120.0,3372120.0,0.0,0.0,0.0,3372120.0,https://www.spotrac.com/nba/.../cap/_/year/2026 (fetched 2026-08-27),https://www.spotrac.com/nba/player/_/id/91791/daron-holmes-ii
2026-08-27T20:15:56Z,2026-27,DEN,Marvin Bagley III,standard,PF,27.0,FA,2449421.0,3506659.0,0.0,0.0,0.0,3506659.0,https://www.spotrac.com/nba/.../cap/_/year/2026 (fetched 2026-08-27),https://www.spotrac.com/nba/player/_/id/26968/marvin-bagley-iii
2026-08-27T20:15:56Z,2026-27,DEN,Tyus Jones,standard,PG,30.0,FA,2449421.0,3876529.0,0.0,0.0,0.0,3876529.0,https://www.spotrac.com/nba/.../cap/_/year/2026 (fetched 2026-08-27),https://www.spotrac.com/nba/player/_/id/17852/tyus-jones
2026-08-27T20:15:56Z,2026-27,DEN,Trevon Brazile,standard,PF,24.0,RK-2ND,1357763.0,1357763.0,0.0,0.0,0.0,1357763.0,https://www.spotrac.com/nba/.../cap/_/year/2026 (fetched 2026-08-27),https://www.spotrac.com/nba/player/_/id/91785/trevon-brazile
2026-08-27T20:15:56Z,2026-27,DEN,Alpha Diallo,standard,SF,29.0,UD,1357763.0,1357763.0,0.0,0.0,0.0,1357763.0,https://www.spotrac.com/nba/.../cap/_/year/2026 (fetched 2026-08-27),https://www.spotrac.com/nba/player/_/id/108985/alpha-diallo
2026-08-27T20:15:56Z,2026-27,DEN,Jonas Valanciunas,dead_money,C,,,2000000.0,0.0,0.0,0.0,0.0,0.0,https://www.spotrac.com/nba/.../cap/_/year/2026 (fetched 2026-08-27),https://www.spotrac.com/nba/player/_/id/8055/jonas-valanciunas
2026-08-27T20:15:56Z,2026-27,DEN,David Roddy,cap_hold,PF,25.0,2W,2449421.0,0.0,0.0,0.0,0.0,0.0,https://www.spotrac.com/nba/.../cap/_/year/2026 (fetched 2026-08-27),https://www.spotrac.com/nba/player/_/id/78149/david-roddy
2026-08-27T20:15:56Z,2026-27,DEN,Jalen Pickett,cap_hold,PG,27.0,RK-2ND,2449421.0,0.0,0.0,0.0,0.0,0.0,https://www.spotrac.com/nba/.../cap/_/year/2026 (fetched 2026-08-27),https://www.spotrac.com/nba/player/_/id/84465/jalen-pickett
2026-08-27T20:15:56Z,2026-27,DEN,Richard Jefferson,cap_hold,SF,46.0,,2449421.0,0.0,0.0,0.0,0.0,0.0,https://www.spotrac.com/nba/.../cap/_/year/2026 (fetched 2026-08-27),https://www.spotrac.com/nba/player/_/id/2594/richard-jefferson
2026-08-27T20:15:56Z,2026-27,DEN,Justin Holiday,cap_hold,SG,37.0,FA,2449421.0,0.0,0.0,0.0,0.0,0.0,https://www.spotrac.com/nba/.../cap/_/year/2026 (fetched 2026-08-27),https://www.spotrac.com/nba/player/_/id/11441/justin-holiday
2026-08-27T20:15:56Z,2026-27,DEN,Troy Daniels,cap_hold,SG,35.0,ROS,2449421.0,0.0,0.0,0.0,0.0,0.0,https://www.spotrac.com/nba/.../cap/_/year/2026 (fetched 2026-08-27),https://www.spotrac.com/nba/player/_/id/13383/troy-daniels
2026-08-27T20:15:56Z,2026-27,DEN,DeMarcus Cousins,cap_hold,C,36.0,ROS,2449421.0,0.0,0.0,0.0,0.0,0.0,https://www.spotrac.com/nba/.../cap/_/year/2026 (fetched 2026-08-27),https://www.spotrac.com/nba/player/_/id/6886/demarcus-cousins
2026-08-27T20:15:56Z,2026-27,DEN,Vlatko Cancar,cap_hold,PF,29.0,FA,2449421.0,0.0,0.0,0.0,0.0,0.0,https://www.spotrac.com/nba/.../cap/_/year/2026 (fetched 2026-08-27),https://www.spotrac.com/nba/player/_/id/23650/vlatko-cancar
2026-08-27T20:15:56Z,2026-27,DEN,Bruce Brown Jr.,cap_hold,SG,30.0,FA,2449421.0,0.0,0.0,0.0,0.0,0.0,https://www.spotrac.com/nba/.../cap/_/year/2026 (fetched 2026-08-27),https://www.spotrac.com/nba/player/_/id/27008/bruce-brown-jr
2026-08-27T20:15:56Z,2026-27,DEN,Curtis Jones,cap_hold,G,25.0,2W,2185116.0,0.0,0.0,0.0,0.0,0.0,https://www.spotrac.com/nba/.../cap/_/year/2026 (fetched 2026-08-27),https://www.spotrac.com/nba/player/_/id/100540/curtis-jones
2026-08-27T20:15:56Z,2026-27,DEN,Markus Howard,cap_hold,PG,27.0,2W,2185116.0,0.0,0.0,0.0,0.0,0.0,https://www.spotrac.com/nba/.../cap/_/year/2026 (fetched 2026-08-27),https://www.spotrac.com/nba/player/_/id/70705/markus-howard
2026-08-27T20:15:56Z,2026-27,DET,Cade Cunningham,standard,PG,25.0,DRK-EXT,50105628.0,50105628.0,0.0,0.0,0.0,50105628.0,https://www.spotrac.com/nba/.../cap/_/year/2026 (fetched 2026-08-27),https://www.spotrac.com/nba/player/_/id/74108/cade-cunningham
2026-08-27T20:15:56Z,2026-27,DET,John Collins,standard,PF,29.0,S&T,17000000.0,17000000.0,0.0,0.0,0.0,17000000.0,https://www.spotrac.com/nba/.../cap/_/year/2026 (fetched 2026-08-27),https://www.spotrac.com/nba/player/_/id/23614/john-collins
2026-08-27T20:15:56Z,2026-27,DET,Duncan Robinson,non_guaranteed,SF,32.0,S&T,15992957.0,15992957.0,0.0,0.0,0.0,2000000.0,https://www.spotrac.com/nba/.../cap/_/year/2026 (fetched 2026-08-27),https://www.spotrac.com/nba/player/_/id/27658/duncan-robinson
2026-08-27T20:15:56Z,2026-27,DET,Isaiah Joe,standard,SG,27.0,FA,11323006.0,11323006.0,0.0,0.0,0.0,11323006.0,https://www.spotrac.com/nba/.../cap/_/year/2026 (fetched 2026-08-27),https://www.spotrac.com/nba/player/_/id/70691/isaiah-joe
2026-08-27T20:15:56Z,2026-27,DET,Ausar Thompson,standard,SG,24.0,RK-1ST,11117925.0,11117925.0,0.0,0.0,0.0,11117925.0,https://www.spotrac.com/nba/.../cap/_/year/2026 (fetched 2026-08-27),https://www.spotrac.com/nba/player/_/id/82200/ausar-thompson
2026-08-27T20:15:56Z,2026-27,DET,Kevin Huerter,standard,SG,28.0,FA,9507042.0,9507042.0,0.0,0.0,0.0,9507042.0,https://www.spotrac.com/nba/.../cap/_/year/2026 (fetched 2026-08-27),https://www.spotrac.com/nba/player/_/id/26985/kevin-huerter
2026-08-27T20:15:56Z,2026-27,DET,Ron Holland II,standard,SF,21.0,RK-1ST,9069600.0,9069600.0,0.0,0.0,0.0,9069600.0,https://www.spotrac.com/nba/.../cap/_/year/2026 (fetched 2026-08-27),https://www.spotrac.com/nba/player/_/id/91751/ron-holland-ii
2026-08-27T20:15:56Z,2026-27,DET,Paul Reed,standard,C,27.0,FA,5602689.0,5602689.0,0.0,0.0,0.0,0.0,https://www.spotrac.com/nba/.../cap/_/year/2026 (fetched 2026-08-27),https://www.spotrac.com/nba/player/_/id/70700/paul-reed
2026-08-27T20:15:56Z,2026-27,DET,Ebuka Okorie,standard,PG,19.0,RK-1ST,4481280.0,4481280.0,0.0,0.0,0.0,4481280.0,https://www.spotrac.com/nba/.../cap/_/year/2026 (fetched 2026-08-27),https://www.spotrac.com/nba/player/_/id/107946/ebuka-okorie
2026-08-27T20:15:56Z,2026-27,DET,Daniss Jenkins,standard,G,25.0,ROS,4000000.0,4000000.0,0.0,0.0,0.0,4000000.0,https://www.spotrac.com/nba/.../cap/_/year/2026 (fetched 2026-08-27),https://www.spotrac.com/nba/player/_/id/94498/daniss-jenkins
2026-08-27T20:15:56Z,2026-27,DET,Javonte Green,standard,SG,33.0,FA,3943679.0,3943679.0,0.0,0.0,0.0,3943679.0,https://www.spotrac.com/nba/.../cap/_/year/2026 (fetched 2026-08-27),https://www.spotrac.com/nba/player/_/id/32409/javonte-green
2026-08-27T20:15:56Z,2026-27,DET,Taurean Prince,standard,PF,32.0,FA,3815861.0,3815861.0,0.0,0.0,0.0,3815861.0,https://www.spotrac.com/nba/.../cap/_/year/2026 (fetched 2026-08-27),https://www.spotrac.com/nba/player/_/id/20217/taurean-prince
2026-08-27T20:15:56Z,2026-27,DET,Gary Harris,standard,SG,32.0,FA,3815861.0,3815861.0,0.0,0.0,0.0,3815861.0,https://www.spotrac.com/nba/.../cap/_/year/2026 (fetched 2026-08-27),https://www.spotrac.com/nba/player/_/id/15371/gary-harris
2026-08-27T20:15:56Z,2026-27,DET,Tolu Smith III,standard,F,26.0,ROS,2411090.0,2411090.0,0.0,0.0,0.0,0.0,https://www.spotrac.com/nba/.../cap/_/year/2026 (fetched 2026-08-27),https://www.spotrac.com/nba/player/_/id/95591/tolu-smith-iii
2026-08-27T20:15:56Z,2026-27,DET,Chaz Lanier,standard,SG,25.0,RK-2ND,2150917.0,2150917.0,0.0,0.0,0.0,2150917.0,https://www.spotrac.com/nba/.../cap/_/year/2026 (fetched 2026-08-27),https://www.spotrac.com/nba/player/_/id/98643/chaz-lanier
2026-08-27T20:15:56Z,2026-27,DET,Jalen Duren,cap_hold,C,23.0,RK-1ST,19449432.0,9615393.0,0.0,0.0,0.0,0.0,https://www.spotrac.com/nba/.../cap/_/year/2026 (fetched 2026-08-27),https://www.spotrac.com/nba/player/_/id/78116/jalen-duren
2026-08-27T20:15:56Z,2026-27,DET,Malik Beasley,cap_hold,SG,30.0,FA,7200000.0,0.0,0.0,0.0,0.0,0.0,https://www.spotrac.com/nba/.../cap/_/year/2026 (fetched 2026-08-27),https://www.spotrac.com/nba/player/_/id/20224/malik-beasley
2026-08-27T20:15:56Z,2026-27,DET,Wendell Moore Jr.,cap_hold,SG,25.0,2W,2449421.0,0.0,0.0,0.0,0.0,0.0,https://www.spotrac.com/nba/.../cap/_/year/2026 (fetched 2026-08-27),https://www.spotrac.com/nba/player/_/id/78145/wendell-moore-jr
2026-08-27T20:15:56Z,2026-27,GSW,Georges Niang,pending,PF,33.0,FA,2449421.0,3876529.0,0.0,0.0,0.0,3876529.0,https://www.spotrac.com/nba/.../cap/_/year/2026 (fetched 2026-08-27),https://www.spotrac.com/nba/player/_/id/20256/georges-niang
2026-08-27T20:15:56Z,2026-27,GSW,Stephen Curry,standard,PG,38.0,VET-EXT,62587158.0,62587158.0,0.0,0.0,0.0,62587158.0,https://www.spotrac.com/nba/.../cap/_/year/2026 (fetched 2026-08-27),https://www.spotrac.com/nba/player/_/id/6287/stephen-curry
2026-08-27T20:15:56Z,2026-27,GSW,Jimmy Butler,standard,SF,37.0,VET-EXT,56832773.0,56832773.0,0.0,0.0,0.0,56832773.0,https://www.spotrac.com/nba/.../cap/_/year/2026 (fetched 2026-08-27),https://www.spotrac.com/nba/player/_/id/8081/jimmy-butler
2026-08-27T20:15:56Z,2026-27,GSW,Draymond Green,standard,PF,36.0,FA,27678571.0,27678571.0,0.0,0.0,0.0,27678571.0,https://www.spotrac.com/nba/.../cap/_/year/2026 (fetched 2026-08-27),https://www.spotrac.com/nba/player/_/id/10860/draymond-green
2026-08-27T20:15:56Z,2026-27,GSW,Kristaps Porzingis,standard,PF,31.0,VET-EXT,20000000.0,20000000.0,0.0,0.0,0.0,20000000.0,https://www.spotrac.com/nba/.../cap/_/year/2026 (fetched 2026-08-27),https://www.spotrac.com/nba/player/_/id/17832/kristaps-porzingis
2026-08-27T20:15:56Z,2026-27,GSW,Moses Moody,standard,SG,24.0,RK-EXT,12500000.0,12500000.0,0.0,500000.0,0.0,12500000.0,https://www.spotrac.com/nba/.../cap/_/year/2026 (fetched 2026-08-27),https://www.spotrac.com/nba/player/_/id/74121/moses-moody
2026-08-27T20:15:56Z,2026-27,GSW,Al Horford,standard,C,40.0,FA,6822000.0,6822000.0,0.0,0.0,0.0,6822000.0,https://www.spotrac.com/nba/.../cap/_/year/2026 (fetched 2026-08-27),https://www.spotrac.com/nba/player/_/id/2199/al-horford
2026-08-27T20:15:56Z,2026-27,GSW,Yaxel Lendeborg,standard,PF,24.0,RK-1ST,6096240.0,6096240.0,0.0,0.0,0.0,6096240.0,https://www.spotrac.com/nba/.../cap/_/year/2026 (fetched 2026-08-27),https://www.spotrac.com/nba/player/_/id/98632/yaxel-lendeborg
2026-08-27T20:15:56Z,2026-27,GSW,De'Anthony Melton,standard,SG,28.0,FA,6064000.0,6064000.0,0.0,0.0,0.0,6064000.0,https://www.spotrac.com/nba/.../cap/_/year/2026 (fetched 2026-08-27),https://www.spotrac.com/nba/player/_/id/27012/deanthony-melton
2026-08-27T20:15:56Z,2026-27,GSW,Brandin Podziemski,standard,SG,23.0,RK-1ST,5679459.0,5679459.0,0.0,0.0,0.0,5679459.0,https://www.spotrac.com/nba/.../cap/_/year/2026 (fetched 2026-08-27),https://www.spotrac.com/nba/player/_/id/84438/brandin-podziemski
2026-08-27T20:15:56Z,2026-27,GSW,Gui Santos,standard,SF,24.0,VET-EXT,4629630.0,4629630.0,0.0,0.0,0.0,4629630.0,https://www.spotrac.com/nba/.../cap/_/year/2026 (fetched 2026-08-27),https://www.spotrac.com/nba/player/_/id/78165/gui-santos
2026-08-27T20:15:56Z,2026-27,GSW,Charles Bassey,non_guaranteed,C,26.0,FA,2449421.0,2845883.0,0.0,0.0,0.0,1400000.0,https://www.spotrac.com/nba/.../cap/_/year/2026 (fetched 2026-08-27),https://www.spotrac.com/nba/player/_/id/74160/charles-bassey
2026-08-27T20:15:56Z,2026-27,GSW,Gary Payton II,standard,PG,34.0,FA,2449421.0,3876529.0,0.0,0.0,0.0,3876529.0,https://www.spotrac.com/nba/.../cap/_/year/2026 (fetched 2026-08-27),https://www.spotrac.com/nba/player/_/id/20272/gary-payton-ii
2026-08-27T20:15:56Z,2026-27,GSW,Will Richard,standard,G,24.0,RK-2ND,2150917.0,2150917.0,0.0,0.0,0.0,2150917.0,https://www.spotrac.com/nba/.../cap/_/year/2026 (fetched 2026-08-27),https://www.spotrac.com/nba/player/_/id/99269/will-richard
2026-08-27T20:15:56Z,2026-27,GSW,Jeenathan Williams,cap_hold,SG,27.0,2W,2449421.0,0.0,0.0,0.0,0.0,0.0,https://www.spotrac.com/nba/.../cap/_/year/2026 (fetched 2026-08-27),https://www.spotrac.com/nba/player/_/id/80003/jeenathan-williams
2026-08-27T20:15:56Z,2026-27,GSW,David West,cap_hold,PF,46.0,,2449421.0,0.0,0.0,0.0,0.0,0.0,https://www.spotrac.com/nba/.../cap/_/year/2026 (fetched 2026-08-27),https://www.spotrac.com/nba/player/_/id/2613/david-west
2026-08-27T20:15:56Z,2026-27,GSW,Anthony Lamb,cap_hold,SF,29.0,ROS,2449421.0,0.0,0.0,0.0,0.0,0.0,https://www.spotrac.com/nba/.../cap/_/year/2026 (fetched 2026-08-27),https://www.spotrac.com/nba/player/_/id/70763/anthony-lamb
2026-08-27T20:15:56Z,2026-27,GSW,Jonas Jerebko,cap_hold,PF,39.0,,2449421.0,0.0,0.0,0.0,0.0,0.0,https://www.spotrac.com/nba/.../cap/_/year/2026 (fetched 2026-08-27),https://www.spotrac.com/nba/player/_/id/6285/jonas-jerebko
2026-08-27T20:15:56Z,2026-27,GSW,Andre Iguodala,cap_hold,SF,43.0,FA,2449421.0,0.0,0.0,0.0,0.0,0.0,https://www.spotrac.com/nba/.../cap/_/year/2026 (fetched 2026-08-27),https://www.spotrac.com/nba/player/_/id/2652/andre-iguodala
2026-08-27T20:15:56Z,2026-27,GSW,JaMychal Green,cap_hold,PF,36.0,FA,2449421.0,0.0,0.0,0.0,0.0,0.0,https://www.spotrac.com/nba/.../cap/_/year/2026 (fetched 2026-08-27),https://www.spotrac.com/nba/player/_/id/11666/jamychal-green
2026-08-27T20:15:56Z,2026-27,GSW,Usman Garuba,cap_hold,PF,24.0,ROS,2449421.0,0.0,0.0,0.0,0.0,0.0,https://www.spotrac.com/nba/.../cap/_/year/2026 (fetched 2026-08-27),https://www.spotrac.com/nba/player/_/id/74130/usman-garuba
2026-08-27T20:15:56Z,2026-27,GSW,Seth Curry,cap_hold,SG,36.0,ROS,2449421.0,0.0,0.0,0.0,0.0,0.0,https://www.spotrac.com/nba/.../cap/_/year/2026 (fetched 2026-08-27),https://www.spotrac.com/nba/player/_/id/13512/seth-curry
2026-08-27T20:15:56Z,2026-27,GSW,Andrew Bogut,cap_hold,C,42.0,,2449421.0,0.0,0.0,0.0,0.0,0.0,https://www.spotrac.com/nba/.../cap/_/year/2026 (fetched 2026-08-27),https://www.spotrac.com/nba/player/_/id/2560/andrew-bogut
2026-08-27T20:15:56Z,2026-27,GSW,Nemanja Bjelica,cap_hold,PF,38.0,FA,2449421.0,0.0,0.0,0.0,0.0,0.0,https://www.spotrac.com/nba/.../cap/_/year/2026 (fetched 2026-08-27),https://www.spotrac.com/nba/player/_/id/6917/nemanja-bjelica
2026-08-27T20:15:56Z,2026-27,GSW,Matt Barnes,cap_hold,SF,46.0,,2449421.0,0.0,0.0,0.0,0.0,0.0,https://www.spotrac.com/nba/.../cap/_/year/2026 (fetched 2026-08-27),https://www.spotrac.com/nba/player/_/id/2313/matt-barnes
2026-08-27T20:15:56Z,2026-27,GSW,Jerome Robinson,cap_hold,SG,29.0,2W,2185116.0,0.0,0.0,0.0,0.0,0.0,https://www.spotrac.com/nba/.../cap/_/year/2026 (fetched 2026-08-27),https://www.spotrac.com/nba/player/_/id/26979/jerome-robinson
2026-08-27T20:15:56Z,2026-27,GSW,Taran Armstrong,cap_hold,G,25.0,2W,2185116.0,0.0,0.0,0.0,0.0,0.0,https://www.spotrac.com/nba/.../cap/_/year/2026 (fetched 2026-08-27),https://www.spotrac.com/nba/player/_/id/97480/taran-armstrong
2026-08-27T20:15:56Z,2026-27,GSW,Nico Mannion,cap_hold,PG,25.0,2W,2185116.0,2185116.0,0.0,0.0,0.0,0.0,https://www.spotrac.com/nba/.../cap/_/year/2026 (fetched 2026-08-27),https://www.spotrac.com/nba/player/_/id/70690/nico-mannion
2026-08-27T20:15:56Z,2026-27,HOU,Kevin Durant,standard,SF,38.0,VET-EXT,43902439.0,43902439.0,0.0,0.0,0.0,43902439.0,https://www.spotrac.com/nba/.../cap/_/year/2026 (fetched 2026-08-27),https://www.spotrac.com/nba/player/_/id/2717/kevin-durant
2026-08-27T20:15:56Z,2026-27,HOU,Alperen Sengun,standard,C,24.0,RK-EXT,35642202.0,35642202.0,0.0,0.0,0.0,35642202.0,https://www.spotrac.com/nba/.../cap/_/year/2026 (fetched 2026-08-27),https://www.spotrac.com/nba/player/_/id/74123/alperen-sengun
2026-08-27T20:15:56Z,2026-27,HOU,Fred VanVleet,standard,PG,32.0,FA,25000000.0,25000000.0,0.0,0.0,0.0,25000000.0,https://www.spotrac.com/nba/.../cap/_/year/2026 (fetched 2026-08-27),https://www.spotrac.com/nba/player/_/id/20778/fred-vanvleet
2026-08-27T20:15:56Z,2026-27,HOU,Jabari Smith Jr.,standard,PF,23.0,RK-EXT,23643411.0,23643411.0,0.0,0.0,0.0,23643411.0,https://www.spotrac.com/nba/.../cap/_/year/2026 (fetched 2026-08-27),https://www.spotrac.com/nba/player/_/id/78109/jabari-smith-jr
2026-08-27T20:15:56Z,2026-27,HOU,Tari Eason,standard,PF,25.0,FA,14053356.0,14053356.0,0.0,0.0,0.0,14053356.0,https://www.spotrac.com/nba/.../cap/_/year/2026 (fetched 2026-08-27),https://www.spotrac.com/nba/player/_/id/78123/tari-eason
2026-08-27T20:15:56Z,2026-27,HOU,Steven Adams,standard,C,33.0,VET-EXT,13000000.0,13000000.0,0.0,0.0,0.0,13000000.0,https://www.spotrac.com/nba/.../cap/_/year/2026 (fetched 2026-08-27),https://www.spotrac.com/nba/player/_/id/13325/steven-adams
2026-08-27T20:15:56Z,2026-27,HOU,Amen Thompson,standard,PG,24.0,RK-1ST,12258609.0,12258609.0,0.0,0.0,0.0,12258609.0,https://www.spotrac.com/nba/.../cap/_/year/2026 (fetched 2026-08-27),https://www.spotrac.com/nba/player/_/id/82199/amen-thompson
2026-08-27T20:15:56Z,2026-27,HOU,Reed Sheppard,standard,SG,22.0,RK-1ST,11108880.0,11108880.0,0.0,0.0,0.0,11108880.0,https://www.spotrac.com/nba/.../cap/_/year/2026 (fetched 2026-08-27),https://www.spotrac.com/nba/player/_/id/91739/reed-sheppard
2026-08-27T20:15:56Z,2026-27,HOU,Clint Capela,standard,C,32.0,S&T,7035000.0,7035000.0,0.0,0.0,0.0,7035000.0,https://www.spotrac.com/nba/.../cap/_/year/2026 (fetched 2026-08-27),https://www.spotrac.com/nba/player/_/id/15377/clint-capela
2026-08-27T20:15:56Z,2026-27,HOU,Marcus Smart,standard,PG,32.0,FA,6064000.0,6064000.0,0.0,0.0,0.0,6064000.0,https://www.spotrac.com/nba/.../cap/_/year/2026 (fetched 2026-08-27),https://www.spotrac.com/nba/player/_/id/15358/marcus-smart
2026-08-27T20:15:56Z,2026-27,HOU,Isaiah Crawford,standard,G,25.0,FA,2449421.0,2449421.0,0.0,0.0,0.0,0.0,https://www.spotrac.com/nba/.../cap/_/year/2026 (fetched 2026-08-27),https://www.spotrac.com/nba/player/_/id/94482/isaiah-crawford
2026-08-27T20:15:56Z,2026-27,HOU,Jae’Sean Tate,non_guaranteed,SF,31.0,FA,2449421.0,3066143.0,0.0,0.0,0.0,1039669.0,https://www.spotrac.com/nba/.../cap/_/year/2026 (fetched 2026-08-27),https://www.spotrac.com/nba/player/_/id/70758/jaesean-tate
2026-08-27T20:15:56Z,2026-27,HOU,Bogdan Bogdanovic,standard,SG,34.0,FA,2449421.0,3524115.0,0.0,0.0,0.0,3524115.0,https://www.spotrac.com/nba/.../cap/_/year/2026 (fetched 2026-08-27),https://www.spotrac.com/nba/player/_/id/15379/bogdan-bogdanovic
2026-08-27T20:15:56Z,2026-27,HOU,Bruce Thornton,standard,PG,23.0,RK-2ND,1357763.0,1357763.0,0.0,0.0,0.0,1357763.0,https://www.spotrac.com/nba/.../cap/_/year/2026 (fetched 2026-08-27),https://www.spotrac.com/nba/player/_/id/108556/bruce-thornton
2026-08-27T20:15:56Z,2026-27,HOU,Boban Marjanovic,cap_hold,C,38.0,FA,2449421.0,0.0,0.0,0.0,0.0,0.0,https://www.spotrac.com/nba/.../cap/_/year/2026 (fetched 2026-08-27),https://www.spotrac.com/nba/player/_/id/17984/boban-marjanovic
2026-08-27T20:15:56Z,2026-27,HOU,Aaron Holiday,cap_hold,PG,30.0,FA,2449421.0,0.0,0.0,0.0,0.0,0.0,https://www.spotrac.com/nba/.../cap/_/year/2026 (fetched 2026-08-27),https://www.spotrac.com/nba/player/_/id/26989/aaron-holiday
2026-08-27T20:15:56Z,2026-27,HOU,Jeff Green,cap_hold,PF,40.0,FA,2449421.0,0.0,0.0,0.0,0.0,0.0,https://www.spotrac.com/nba/.../cap/_/year/2026 (fetched 2026-08-27),https://www.spotrac.com/nba/player/_/id/2720/jeff-green
2026-08-27T20:15:56Z,2026-27,HOU,Reggie Bullock,cap_hold,SF,35.0,FA,2449421.0,0.0,0.0,0.0,0.0,0.0,https://www.spotrac.com/nba/.../cap/_/year/2026 (fetched 2026-08-27),https://www.spotrac.com/nba/player/_/id/13338/reggie-bullock
2026-08-27T20:15:56Z,2026-27,HOU,Jack McVeigh,cap_hold,F,30.0,2W,2185116.0,0.0,0.0,0.0,0.0,0.0,https://www.spotrac.com/nba/.../cap/_/year/2026 (fetched 2026-08-27),https://www.spotrac.com/nba/player/_/id/95281/jack-mcveigh
2026-08-27T20:15:56Z,2026-27,IND,Pascal Siakam,standard,PF,32.0,FA,48924624.0,48924624.0,0.0,0.0,0.0,48924624.0,https://www.spotrac.com/nba/.../cap/_/year/2026 (fetched 2026-08-27),https://www.spotrac.com/nba/player/_/id/20232/pascal-siakam
2026-08-27T20:15:56Z,2026-27,IND,Tyrese Haliburton,standard,PG,26.0,DRK-EXT,48924624.0,48924624.0,0.0,0.0,0.0,48924624.0,https://www.spotrac.com/nba/.../cap/_/year/2026 (fetched 2026-08-27),https://www.spotrac.com/nba/player/_/id/70654/tyrese-haliburton
2026-08-27T20:15:56Z,2026-27,IND,Ivica Zubac,non_guaranteed,C,29.0,VET-EXT,20342140.0,19550160.0,0.0,0.0,0.0,19550160.0,https://www.spotrac.com/nba/.../cap/_/year/2026 (fetched 2026-08-27),https://www.spotrac.com/nba/player/_/id/20238/ivica-zubac
2026-08-27T20:15:56Z,2026-27,IND,Andrew Nembhard,standard,PG,27.0,VET-EXT,19550160.0,19550160.0,0.0,0.0,0.0,19550160.0,https://www.spotrac.com/nba/.../cap/_/year/2026 (fetched 2026-08-27),https://www.spotrac.com/nba/player/_/id/78137/andrew-nembhard
2026-08-27T20:15:56Z,2026-27,IND,Obi Toppin,standard,PF,28.0,FA,15000000.0,15000000.0,0.0,480000.0,0.0,15000000.0,https://www.spotrac.com/nba/.../cap/_/year/2026 (fetched 2026-08-27),https://www.spotrac.com/nba/player/_/id/70650/obi-toppin
2026-08-27T20:15:56Z,2026-27,IND,Aaron Nesmith,standard,SF,27.0,RK-EXT,11000000.0,11000000.0,0.0,0.0,0.0,11000000.0,https://www.spotrac.com/nba/.../cap/_/year/2026 (fetched 2026-08-27),https://www.spotrac.com/nba/player/_/id/70656/aaron-nesmith
2026-08-27T20:15:56Z,2026-27,IND,T.J. McConnell,standard,PG,34.0,VET-EXT,11000000.0,11000000.0,0.0,0.0,0.0,11000000.0,https://www.spotrac.com/nba/.../cap/_/year/2026 (fetched 2026-08-27),https://www.spotrac.com/nba/player/_/id/18252/tj-mcconnell
2026-08-27T20:15:56Z,2026-27,IND,Jarace Walker,standard,PF,23.0,RK-1ST,8478542.0,8478542.0,0.0,0.0,0.0,8478542.0,https://www.spotrac.com/nba/.../cap/_/year/2026 (fetched 2026-08-27),https://www.spotrac.com/nba/player/_/id/82201/jarace-walker
2026-08-27T20:15:56Z,2026-27,IND,Kelly Oubre Jr.,standard,SF,31.0,FA,8050000.0,8050000.0,0.0,0.0,0.0,8050000.0,https://www.spotrac.com/nba/.../cap/_/year/2026 (fetched 2026-08-27),https://www.spotrac.com/nba/player/_/id/17843/kelly-oubre-jr
2026-08-27T20:15:56Z,2026-27,IND,Ben Sheppard,standard,SF,25.0,RK-1ST,5031669.0,5031669.0,0.0,0.0,0.0,5031669.0,https://www.spotrac.com/nba/.../cap/_/year/2026 (fetched 2026-08-27),https://www.spotrac.com/nba/player/_/id/84440/ben-sheppard
2026-08-27T20:15:56Z,2026-27,IND,Jay Huff,non_guaranteed,C,28.0,,2667944.0,2667944.0,0.0,0.0,0.0,379382.0,https://www.spotrac.com/nba/.../cap/_/year/2026 (fetched 2026-08-27),https://www.spotrac.com/nba/player/_/id/74262/jay-huff
2026-08-27T20:15:56Z,2026-27,IND,Quenton Jackson,standard,G,28.0,ROS,2584539.0,2584539.0,0.0,0.0,0.0,2584539.0,https://www.spotrac.com/nba/.../cap/_/year/2026 (fetched 2026-08-27),https://www.spotrac.com/nba/player/_/id/79955/quenton-jackson
2026-08-27T20:15:56Z,2026-27,IND,Larry Nance Jr.,standard,PF,34.0,FA,2449421.0,3876529.0,0.0,0.0,0.0,3876529.0,https://www.spotrac.com/nba/.../cap/_/year/2026 (fetched 2026-08-27),https://www.spotrac.com/nba/player/_/id/17855/larry-nance-jr
2026-08-27T20:15:56Z,2026-27,IND,Johnny Furphy,standard,SG,22.0,RK-2ND,2296271.0,2296271.0,0.0,0.0,0.0,2296271.0,https://www.spotrac.com/nba/.../cap/_/year/2026 (fetched 2026-08-27),https://www.spotrac.com/nba/player/_/id/91768/johnny-furphy
2026-08-27T20:15:56Z,2026-27,IND,James Johnson,cap_hold,PF,39.0,FA,2449421.0,0.0,0.0,0.0,0.0,0.0,https://www.spotrac.com/nba/.../cap/_/year/2026 (fetched 2026-08-27),https://www.spotrac.com/nba/player/_/id/6279/james-johnson
2026-08-27T20:15:56Z,2026-27,IND,Gabe York,cap_hold,PG,33.0,2W,2185116.0,0.0,0.0,0.0,0.0,0.0,https://www.spotrac.com/nba/.../cap/_/year/2026 (fetched 2026-08-27),https://www.spotrac.com/nba/player/_/id/28027/gabe-york
2026-08-27T20:15:56Z,2026-27,LAC,Brandon Ingram,pending,SF,29.0,VET-EXT,40000000.0,40000000.0,0.0,0.0,0.0,40000000.0,https://www.spotrac.com/nba/.../cap/_/year/2026 (fetched 2026-08-27),https://www.spotrac.com/nba/player/_/id/20207/brandon-ingram
2026-08-27T20:15:56Z,2026-27,LAC,Gradey Dick,pending,SG,23.0,RK-1ST,7131511.0,7131511.0,0.0,0.0,0.0,7131511.0,https://www.spotrac.com/nba/.../cap/_/year/2026 (fetched 2026-08-27),https://www.spotrac.com/nba/player/_/id/82204/gradey-dick
2026-08-27T20:15:56Z,2026-27,LAC,Kawhi Leonard,standard,SF,35.0,VET-EXT,50300000.0,50300000.0,0.0,0.0,0.0,50300000.0,https://www.spotrac.com/nba/.../cap/_/year/2026 (fetched 2026-08-27),https://www.spotrac.com/nba/player/_/id/8066/kawhi-leonard
2026-08-27T20:15:56Z,2026-27,LAC,Darius Garland,standard,PG,27.0,DRK-EXT,42166510.0,42166510.0,0.0,0.0,0.0,42166510.0,https://www.spotrac.com/nba/.../cap/_/year/2026 (fetched 2026-08-27),https://www.spotrac.com/nba/player/_/id/31562/darius-garland
2026-08-27T20:15:56Z,2026-27,LAC,Max Strus,standard,SG,30.0,S&T,16660836.0,16660836.0,0.0,0.0,0.0,16660836.0,https://www.spotrac.com/nba/.../cap/_/year/2026 (fetched 2026-08-27),https://www.spotrac.com/nba/player/_/id/32411/max-strus
2026-08-27T20:15:56Z,2026-27,LAC,Rui Hachimura,standard,PF,28.0,FA,14000000.0,14000000.0,0.0,0.0,0.0,14000000.0,https://www.spotrac.com/nba/.../cap/_/year/2026 (fetched 2026-08-27),https://www.spotrac.com/nba/player/_/id/31566/rui-hachimura
2026-08-27T20:15:56Z,2026-27,LAC,Derrick Jones Jr.,standard,SF,29.0,FA,10476190.0,10476190.0,0.0,0.0,0.0,10476190.0,https://www.spotrac.com/nba/.../cap/_/year/2026 (fetched 2026-08-27),https://www.spotrac.com/nba/player/_/id/21067/derrick-jones-jr
2026-08-27T20:15:56Z,2026-27,LAC,Keaton Wagler,standard,PG,19.0,RK-1ST,9674760.0,9674760.0,0.0,0.0,0.0,9674760.0,https://www.spotrac.com/nba/.../cap/_/year/2026 (fetched 2026-08-27),https://www.spotrac.com/nba/player/_/id/107921/keaton-wagler
2026-08-27T20:15:56Z,2026-27,LAC,Brook Lopez,standard,C,38.0,FA,9187500.0,9187500.0,0.0,0.0,0.0,9187500.0,https://www.spotrac.com/nba/.../cap/_/year/2026 (fetched 2026-08-27),https://www.spotrac.com/nba/player/_/id/6136/brook-lopez
2026-08-27T20:15:56Z,2026-27,LAC,Isaiah Jackson,standard,PF,25.0,FA,7000000.0,7000000.0,0.0,0.0,0.0,7000000.0,https://www.spotrac.com/nba/.../cap/_/year/2026 (fetched 2026-08-27),https://www.spotrac.com/nba/player/_/id/74129/isaiah-jackson
2026-08-27T20:15:56Z,2026-27,LAC,Bradley Beal,standard,SG,33.0,FA,6424800.0,6424800.0,0.0,0.0,0.0,6424800.0,https://www.spotrac.com/nba/.../cap/_/year/2026 (fetched 2026-08-27),https://www.spotrac.com/nba/player/_/id/10811/bradley-beal
2026-08-27T20:15:56Z,2026-27,LAC,Kris Dunn,standard,PG,32.0,S&T,5684800.0,5684800.0,0.0,0.0,0.0,5684800.0,https://www.spotrac.com/nba/.../cap/_/year/2026 (fetched 2026-08-27),https://www.spotrac.com/nba/player/_/id/20210/kris-dunn
2026-08-27T20:15:56Z,2026-27,LAC,Jordan Miller,standard,SF,27.0,FA,5300000.0,5300000.0,0.0,0.0,0.0,5300000.0,https://www.spotrac.com/nba/.../cap/_/year/2026 (fetched 2026-08-27),https://www.spotrac.com/nba/player/_/id/84474/jordan-miller
2026-08-27T20:15:56Z,2026-27,LAC,Yanic Konan Niederhauser,standard,F,23.0,RK-1ST,2880960.0,2880960.0,0.0,0.0,0.0,2880960.0,https://www.spotrac.com/nba/.../cap/_/year/2026 (fetched 2026-08-27),https://www.spotrac.com/nba/player/_/id/99185/yanic-konan-niederhauser
2026-08-27T20:15:56Z,2026-27,LAC,Kobe Sanders,standard,G,24.0,FA,2622139.0,2622139.0,0.0,0.0,0.0,2622139.0,https://www.spotrac.com/nba/.../cap/_/year/2026 (fetched 2026-08-27),https://www.spotrac.com/nba/player/_/id/99262/kobe-sanders
2026-08-27T20:15:56Z,2026-27,LAC,Cameron Christie,standard,SG,21.0,RK-2ND,2296271.0,2296271.0,0.0,0.0,0.0,0.0,https://www.spotrac.com/nba/.../cap/_/year/2026 (fetched 2026-08-27),https://www.spotrac.com/nba/player/_/id/91777/cameron-christie
2026-08-27T20:15:56Z,2026-27,LAC,Johni Broome,standard,C,24.0,RK-2ND,2150917.0,2150917.0,0.0,0.0,0.0,2150917.0,https://www.spotrac.com/nba/.../cap/_/year/2026 (fetched 2026-08-27),https://www.spotrac.com/nba/player/_/id/98634/johni-broome
2026-08-27T20:15:56Z,2026-27,LAC,Baba Miller,standard,C,22.0,RK-2ND,1705630.0,1705630.0,0.0,0.0,0.0,1705630.0,https://www.spotrac.com/nba/.../cap/_/year/2026 (fetched 2026-08-27),https://www.spotrac.com/nba/player/_/id/108427/baba-miller
2026-08-27T20:15:56Z,2026-27,LAC,Bennedict Mathurin,cap_hold,SG,24.0,RK-1ST,27562719.0,8774590.0,0.0,0.0,0.0,0.0,https://www.spotrac.com/nba/.../cap/_/year/2026 (fetched 2026-08-27),https://www.spotrac.com/nba/player/_/id/78115/bennedict-mathurin
2026-08-27T20:15:56Z,2026-27,LAC,Nicolas Batum,cap_hold,SF,38.0,FA,7646184.0,0.0,0.0,0.0,0.0,0.0,https://www.spotrac.com/nba/.../cap/_/year/2026 (fetched 2026-08-27),https://www.spotrac.com/nba/player/_/id/6149/nicolas-batum
2026-08-27T20:15:56Z,2026-27,LAC,TyTy Washington Jr.,cap_hold,PG,25.0,2W,2449421.0,0.0,0.0,0.0,0.0,0.0,https://www.spotrac.com/nba/.../cap/_/year/2026 (fetched 2026-08-27),https://www.spotrac.com/nba/player/_/id/78125/tyty-washington-jr
2026-08-27T20:15:56Z,2026-27,LAC,Ben Simmons,cap_hold,PG,30.0,ROS,2449421.0,0.0,0.0,0.0,0.0,0.0,https://www.spotrac.com/nba/.../cap/_/year/2026 (fetched 2026-08-27),https://www.spotrac.com/nba/player/_/id/20206/ben-simmons
2026-08-27T20:15:56Z,2026-27,LAC,Patty Mills,cap_hold,PG,38.0,FA,2449421.0,0.0,0.0,0.0,0.0,0.0,https://www.spotrac.com/nba/.../cap/_/year/2026 (fetched 2026-08-27),https://www.spotrac.com/nba/player/_/id/6322/patty-mills
2026-08-27T20:15:56Z,2026-27,LAC,Rodney Hood,cap_hold,SF,34.0,FA,2449421.0,0.0,0.0,0.0,0.0,0.0,https://www.spotrac.com/nba/.../cap/_/year/2026 (fetched 2026-08-27),https://www.spotrac.com/nba/player/_/id/15375/rodney-hood
2026-08-27T20:15:56Z,2026-27,LAC,Norchad Omier,cap_hold,F,25.0,2W,2185116.0,0.0,0.0,0.0,0.0,0.0,https://www.spotrac.com/nba/.../cap/_/year/2026 (fetched 2026-08-27),https://www.spotrac.com/nba/player/_/id/101248/norchad-omier
2026-08-27T20:15:56Z,2026-27,LAC,Xavier Moon,cap_hold,SG,32.0,2W,2185116.0,0.0,0.0,0.0,0.0,0.0,https://www.spotrac.com/nba/.../cap/_/year/2026 (fetched 2026-08-27),https://www.spotrac.com/nba/player/_/id/75135/xavier-moon
2026-08-27T20:15:56Z,2026-27,LAL,Luka Doncic,standard,PG,27.0,VET-EXT,49488300.0,49488300.0,0.0,0.0,0.0,49488300.0,https://www.spotrac.com/nba/.../cap/_/year/2026 (fetched 2026-08-27),https://www.spotrac.com/nba/player/_/id/26969/luka-doncic
2026-08-27T20:15:56Z,2026-27,LAL,Austin Reaves,standard,SG,28.0,FA,41240250.0,41240250.0,0.0,0.0,0.0,41240250.0,https://www.spotrac.com/nba/.../cap/_/year/2026 (fetched 2026-08-27),https://www.spotrac.com/nba/player/_/id/74218/austin-reaves
2026-08-27T20:15:56Z,2026-27,LAL,Walker Kessler,standard,C,25.0,S&T,30108821.0,30108821.0,0.0,0.0,0.0,30108821.0,https://www.spotrac.com/nba/.../cap/_/year/2026 (fetched 2026-08-27),https://www.spotrac.com/nba/player/_/id/78133/walker-kessler
2026-08-27T20:15:56Z,2026-27,LAL,Quentin Grimes,standard,SG,26.0,FA,13953489.0,13953489.0,0.0,0.0,0.0,13953489.0,https://www.spotrac.com/nba/.../cap/_/year/2026 (fetched 2026-08-27),https://www.spotrac.com/nba/player/_/id/74132/quentin-grimes
2026-08-27T20:15:56Z,2026-27,LAL,Sandro Mamukelashvili,standard,C,27.0,FA,13000000.0,13000000.0,0.0,0.0,0.0,13000000.0,https://www.spotrac.com/nba/.../cap/_/year/2026 (fetched 2026-08-27),https://www.spotrac.com/nba/player/_/id/74161/sandro-mamukelashvili
2026-08-27T20:15:56Z,2026-27,LAL,Jarred Vanderbilt,standard,PF,27.0,VET-EXT,12428571.0,12428571.0,0.0,0.0,0.0,12428571.0,https://www.spotrac.com/nba/.../cap/_/year/2026 (fetched 2026-08-27),https://www.spotrac.com/nba/player/_/id/27007/jarred-vanderbilt
2026-08-27T20:15:56Z,2026-27,LAL,Collin Sexton,standard,PG,28.0,FA,9366000.0,9366000.0,0.0,0.0,0.0,9366000.0,https://www.spotrac.com/nba/.../cap/_/year/2026 (fetched 2026-08-27),https://www.spotrac.com/nba/player/_/id/26974/collin-sexton
2026-08-27T20:15:56Z,2026-27,LAL,Jake LaRavia,standard,PF,25.0,FA,6000000.0,6000000.0,0.0,0.0,0.0,6000000.0,https://www.spotrac.com/nba/.../cap/_/year/2026 (fetched 2026-08-27),https://www.spotrac.com/nba/player/_/id/78141/jake-laravia
2026-08-27T20:15:56Z,2026-27,LAL,Jaden Hardy,standard,SG,24.0,VET-EXT,6000000.0,6000000.0,0.0,0.0,0.0,6000000.0,https://www.spotrac.com/nba/.../cap/_/year/2026 (fetched 2026-08-27),https://www.spotrac.com/nba/player/_/id/78130/jaden-hardy
2026-08-27T20:15:56Z,2026-27,LAL,Dalton Knecht,standard,SF,25.0,RK-1ST,4201080.0,4201080.0,0.0,0.0,0.0,4201080.0,https://www.spotrac.com/nba/.../cap/_/year/2026 (fetched 2026-08-27),https://www.spotrac.com/nba/player/_/id/91749/dalton-knecht
2026-08-27T20:15:56Z,2026-27,LAL,Cameron Carr,standard,SG,22.0,RK-1ST,3315360.0,3315360.0,0.0,0.0,0.0,3315360.0,https://www.spotrac.com/nba/.../cap/_/year/2026 (fetched 2026-08-27),https://www.spotrac.com/nba/player/_/id/107940/cameron-carr
2026-08-27T20:15:56Z,2026-27,LAL,Ziaire Williams,standard,SF,25.0,FA,2449421.0,2845883.0,0.0,0.0,0.0,2845883.0,https://www.spotrac.com/nba/.../cap/_/year/2026 (fetched 2026-08-27),https://www.spotrac.com/nba/player/_/id/74117/ziaire-williams
2026-08-27T20:15:56Z,2026-27,LAL,Matisse Thybulle,standard,SG,29.0,FA,2449421.0,3286399.0,0.0,0.0,0.0,3286399.0,https://www.spotrac.com/nba/.../cap/_/year/2026 (fetched 2026-08-27),https://www.spotrac.com/nba/player/_/id/31577/matisse-thybulle
2026-08-27T20:15:56Z,2026-27,LAL,Kevon Looney,standard,C,30.0,FA,2449421.0,3876529.0,0.0,0.0,0.0,3876529.0,https://www.spotrac.com/nba/.../cap/_/year/2026 (fetched 2026-08-27),https://www.spotrac.com/nba/player/_/id/17858/kevon-looney
2026-08-27T20:15:56Z,2026-27,LAL,Bronny James,standard,PG,22.0,RK-2ND,2296271.0,2296271.0,0.0,0.0,0.0,2296271.0,https://www.spotrac.com/nba/.../cap/_/year/2026 (fetched 2026-08-27),https://www.spotrac.com/nba/player/_/id/92960/bronny-james
2026-08-27T20:15:56Z,2026-27,LAL,Adou Thiero,standard,SF,22.0,RK-2ND,2150917.0,2150917.0,0.0,0.0,0.0,2150917.0,https://www.spotrac.com/nba/.../cap/_/year/2026 (fetched 2026-08-27),https://www.spotrac.com/nba/player/_/id/98625/adou-thiero
2026-08-27T20:15:56Z,2026-27,MEM,Jerami Grant,standard,PF,32.0,ALT_LAYOUT_incentives_unknown,34206898.0,34206898.0,,,0.0,,https://www.spotrac.com/nba/.../cap/_/year/2026 (fetched 2026-08-27),https://www.spotrac.com/nba/player/_/id/15391/jerami-grant
2026-08-27T20:15:56Z,2026-27,MEM,Isaiah Stewart,standard,C,25.0,,15000000.0,15000000.0,,,0.0,,https://www.spotrac.com/nba/.../cap/_/year/2026 (fetched 2026-08-27),https://www.spotrac.com/nba/player/_/id/70658/isaiah-stewart
2026-08-27T20:15:56Z,2026-27,MEM,Cameron Boozer,standard,PF,19.0,,11849760.0,11849760.0,,,0.0,,https://www.spotrac.com/nba/.../cap/_/year/2026 (fetched 2026-08-27),https://www.spotrac.com/nba/player/_/id/107919/cameron-boozer
2026-08-27T20:15:56Z,2026-27,MEM,Ty Jerome,standard,SG,29.0,,9220050.0,9220050.0,,,0.0,,https://www.spotrac.com/nba/.../cap/_/year/2026 (fetched 2026-08-27),https://www.spotrac.com/nba/player/_/id/31582/ty-jerome
2026-08-27T20:15:56Z,2026-27,MEM,Quinten Post,standard,C,26.0,,9000000.0,9000000.0,,,0.0,,https://www.spotrac.com/nba/.../cap/_/year/2026 (fetched 2026-08-27),https://www.spotrac.com/nba/player/_/id/93959/quinten-post
2026-08-27T20:15:56Z,2026-27,MEM,Taylor Hendricks,standard,PF,23.0,,7805900.0,7805900.0,,,0.0,,https://www.spotrac.com/nba/.../cap/_/year/2026 (fetched 2026-08-27),https://www.spotrac.com/nba/player/_/id/82205/taylor-hendricks
2026-08-27T20:15:56Z,2026-27,MEM,Zach Edey,standard,C,24.0,,6332760.0,6332760.0,,,0.0,,https://www.spotrac.com/nba/.../cap/_/year/2026 (fetched 2026-08-27),https://www.spotrac.com/nba/player/_/id/91755/zach-edey
2026-08-27T20:15:56Z,2026-27,MEM,Cedric Coward,standard,SG,23.0,,6001080.0,6001080.0,,,0.0,,https://www.spotrac.com/nba/.../cap/_/year/2026 (fetched 2026-08-27),https://www.spotrac.com/nba/player/_/id/98639/cedric-coward
2026-08-27T20:15:56Z,2026-27,MEM,D'Angelo Russell,standard,PG,30.0,,5969250.0,5969250.0,,,0.0,,https://www.spotrac.com/nba/.../cap/_/year/2026 (fetched 2026-08-27),https://www.spotrac.com/nba/player/_/id/17830/dangelo-russell
2026-08-27T20:15:56Z,2026-27,MEM,Kris Murray,standard,PF,26.0,,5315004.0,5315004.0,,,0.0,,https://www.spotrac.com/nba/.../cap/_/year/2026 (fetched 2026-08-27),https://www.spotrac.com/nba/player/_/id/82275/kris-murray
2026-08-27T20:15:56Z,2026-27,MEM,Walter Clayton Jr.,standard,PG,23.0,,4190520.0,4190520.0,,,0.0,,https://www.spotrac.com/nba/.../cap/_/year/2026 (fetched 2026-08-27),https://www.spotrac.com/nba/player/_/id/98613/walter-clayton-jr
2026-08-27T20:15:56Z,2026-27,MEM,Taj Gibson,standard,C,41.0,,3815861.0,3815861.0,,,0.0,,https://www.spotrac.com/nba/.../cap/_/year/2026 (fetched 2026-08-27),https://www.spotrac.com/nba/player/_/id/6278/taj-gibson
2026-08-27T20:15:56Z,2026-27,MEM,Karim Lopez,standard,PF,19.0,,3746760.0,3746760.0,,,0.0,,https://www.spotrac.com/nba/.../cap/_/year/2026 (fetched 2026-08-27),https://www.spotrac.com/nba/player/_/id/107927/karim-lopez
2026-08-27T20:15:56Z,2026-27,MEM,AJ Johnson,standard,PG,22.0,,3237120.0,3237120.0,,,0.0,,https://www.spotrac.com/nba/.../cap/_/year/2026 (fetched 2026-08-27),https://www.spotrac.com/nba/player/_/id/92952/aj-johnson
2026-08-27T20:15:56Z,2026-27,MEM,Olivier-Maxence Prosper,standard,PF,24.0,,2497812.0,2497812.0,,,0.0,,https://www.spotrac.com/nba/.../cap/_/year/2026 (fetched 2026-08-27),https://www.spotrac.com/nba/player/_/id/84439/olivier-maxence-prosper
2026-08-27T20:15:56Z,2026-27,MEM,Scotty Pippen Jr.,standard,PG,26.0,,2461462.0,2461462.0,,,0.0,,https://www.spotrac.com/nba/.../cap/_/year/2026 (fetched 2026-08-27),https://www.spotrac.com/nba/player/_/id/78256/scotty-pippen-jr
2026-08-27T20:15:56Z,2026-27,MEM,Cam Spencer,standard,SG,26.0,,2411090.0,2411090.0,,,0.0,,https://www.spotrac.com/nba/.../cap/_/year/2026 (fetched 2026-08-27),https://www.spotrac.com/nba/player/_/id/93960/cam-spencer
2026-08-27T20:15:56Z,2026-27,MEM,G.G. Jackson,standard,PF,22.0,,2406205.0,2406205.0,,,0.0,,https://www.spotrac.com/nba/.../cap/_/year/2026 (fetched 2026-08-27),https://www.spotrac.com/nba/player/_/id/85972/gg-jackson
2026-08-27T20:15:56Z,2026-27,MEM,Jaylen Wells,standard,SG,23.0,,2296271.0,2296271.0,,,0.0,,https://www.spotrac.com/nba/.../cap/_/year/2026 (fetched 2026-08-27),https://www.spotrac.com/nba/player/_/id/93952/jaylen-wells
2026-08-27T20:15:56Z,2026-27,MEM,Kentavious Caldwell-Pope,standard,SG,33.0,,17744971.0,17744971.0,,,0.0,,https://www.spotrac.com/nba/.../cap/_/year/2026 (fetched 2026-08-27),https://www.spotrac.com/nba/player/_/id/13321/kentavious-caldwell-pope
2026-08-27T20:15:56Z,2026-27,MEM,Cole Anthony,standard,PG,26.0,,3700000.0,3700000.0,,,0.0,,https://www.spotrac.com/nba/.../cap/_/year/2026 (fetched 2026-08-27),https://www.spotrac.com/nba/player/_/id/70657/cole-anthony
2026-08-27T20:15:56Z,2026-27,MEM,Mamadi Diakite,standard,PF,30.0,,464050.0,464050.0,,,0.0,,https://www.spotrac.com/nba/.../cap/_/year/2026 (fetched 2026-08-27),https://www.spotrac.com/nba/player/_/id/70766/mamadi-diakite
2026-08-27T20:15:56Z,2026-27,MIA,Giannis Antetokounmpo,standard,PF,32.0,VET-EXT,58456566.0,58456566.0,0.0,0.0,0.0,58456566.0,https://www.spotrac.com/nba/.../cap/_/year/2026 (fetched 2026-08-27),https://www.spotrac.com/nba/player/_/id/13328/giannis-antetokounmpo
2026-08-27T20:15:56Z,2026-27,MIA,Bam Adebayo,standard,C,29.0,VET-EXT,49488300.0,49488300.0,0.0,0.0,0.0,49488300.0,https://www.spotrac.com/nba/.../cap/_/year/2026 (fetched 2026-08-27),https://www.spotrac.com/nba/player/_/id/23609/bam-adebayo
2026-08-27T20:15:56Z,2026-27,MIA,Andrew Wiggins,standard,SF,31.0,VET-EXT,30169644.0,30169644.0,0.0,0.0,0.0,30169644.0,https://www.spotrac.com/nba/.../cap/_/year/2026 (fetched 2026-08-27),https://www.spotrac.com/nba/player/_/id/15353/andrew-wiggins
2026-08-27T20:15:56Z,2026-27,MIA,Nikola Jovic,standard,SF,23.0,RK-EXT,16200000.0,16200000.0,0.0,0.0,0.0,16200000.0,https://www.spotrac.com/nba/.../cap/_/year/2026 (fetched 2026-08-27),https://www.spotrac.com/nba/player/_/id/78135/nikola-jovic
2026-08-27T20:15:56Z,2026-27,MIA,Bobby Portis,standard,PF,31.0,FA,14521414.0,14521414.0,0.0,0.0,0.0,14521414.0,https://www.spotrac.com/nba/.../cap/_/year/2026 (fetched 2026-08-27),https://www.spotrac.com/nba/player/_/id/17850/bobby-portis
2026-08-27T20:15:56Z,2026-27,MIA,Davion Mitchell,standard,PG,28.0,FA,12400000.0,12400000.0,0.0,0.0,0.0,12400000.0,https://www.spotrac.com/nba/.../cap/_/year/2026 (fetched 2026-08-27),https://www.spotrac.com/nba/player/_/id/74116/davion-mitchell
2026-08-27T20:15:56Z,2026-27,MIA,Tim Hardaway Jr.,standard,SG,34.0,FA,6065000.0,6065000.0,0.0,0.0,0.0,6065000.0,https://www.spotrac.com/nba/.../cap/_/year/2026 (fetched 2026-08-27),https://www.spotrac.com/nba/player/_/id/13337/tim-hardaway-jr
2026-08-27T20:15:56Z,2026-27,MIA,Klay Thompson,standard,SG,36.0,FA,5600000.0,5600000.0,0.0,0.0,0.0,5600000.0,https://www.spotrac.com/nba/.../cap/_/year/2026 (fetched 2026-08-27),https://www.spotrac.com/nba/player/_/id/8062/klay-thompson
2026-08-27T20:15:56Z,2026-27,MIA,Dru Smith,standard,SG,29.0,FA,2584539.0,2584539.0,0.0,0.0,0.0,2584539.0,https://www.spotrac.com/nba/.../cap/_/year/2026 (fetched 2026-08-27),https://www.spotrac.com/nba/player/_/id/74420/dru-smith
2026-08-27T20:15:56Z,2026-27,MIA,Myron Gardner,non_guaranteed,G,25.0,ROS,2584539.0,2584539.0,0.0,0.0,0.0,250000.0,https://www.spotrac.com/nba/.../cap/_/year/2026 (fetched 2026-08-27),https://www.spotrac.com/nba/player/_/id/95569/myron-gardner
2026-08-27T20:15:56Z,2026-27,MIA,Simone Fontecchio,standard,SF,31.0,FA,2449421.0,2625627.0,0.0,0.0,0.0,2625627.0,https://www.spotrac.com/nba/.../cap/_/year/2026 (fetched 2026-08-27),https://www.spotrac.com/nba/player/_/id/78654/simone-fontecchio
2026-08-27T20:15:56Z,2026-27,MIA,Pelle Larsson,standard,SG,25.0,RK-2ND,2296271.0,2296271.0,0.0,0.0,0.0,0.0,https://www.spotrac.com/nba/.../cap/_/year/2026 (fetched 2026-08-27),https://www.spotrac.com/nba/player/_/id/91787/pelle-larsson
2026-08-27T20:15:56Z,2026-27,MIA,Ryan Conwell,standard,SG,22.0,RK-2ND,1357763.0,1357763.0,0.0,0.0,0.0,1357763.0,https://www.spotrac.com/nba/.../cap/_/year/2026 (fetched 2026-08-27),https://www.spotrac.com/nba/player/_/id/107964/ryan-conwell
2026-08-27T20:15:56Z,2026-27,MIA,Alec Burks,cap_hold,SG,35.0,FA,2457009.0,0.0,0.0,0.0,0.0,0.0,https://www.spotrac.com/nba/.../cap/_/year/2026 (fetched 2026-08-27),https://www.spotrac.com/nba/player/_/id/8063/alec-burks
2026-08-27T20:15:56Z,2026-27,MIA,Jahmir Young,cap_hold,PG,26.0,ROS,2449421.0,0.0,0.0,0.0,0.0,0.0,https://www.spotrac.com/nba/.../cap/_/year/2026 (fetched 2026-08-27),https://www.spotrac.com/nba/player/_/id/95361/jahmir-young
2026-08-27T20:15:56Z,2026-27,MIA,Dwyane Wade,cap_hold,SG,45.0,,2449421.0,0.0,0.0,0.0,0.0,0.0,https://www.spotrac.com/nba/.../cap/_/year/2026 (fetched 2026-08-27),https://www.spotrac.com/nba/player/_/id/2556/dwyane-wade
2026-08-27T20:15:56Z,2026-27,MIA,Jordan Mickey,cap_hold,PF,32.0,,2449421.0,0.0,0.0,0.0,0.0,0.0,https://www.spotrac.com/nba/.../cap/_/year/2026 (fetched 2026-08-27),https://www.spotrac.com/nba/player/_/id/17861/jordan-mickey
2026-08-27T20:15:56Z,2026-27,MIA,Trevor Keels,cap_hold,SG,23.0,2W,2449421.0,0.0,0.0,0.0,0.0,0.0,https://www.spotrac.com/nba/.../cap/_/year/2026 (fetched 2026-08-27),https://www.spotrac.com/nba/player/_/id/78153/trevor-keels
2026-08-27T20:15:56Z,2026-27,MIA,Keshad Johnson,cap_hold,PF,25.0,ROS,2449421.0,0.0,0.0,0.0,0.0,0.0,https://www.spotrac.com/nba/.../cap/_/year/2026 (fetched 2026-08-27),https://www.spotrac.com/nba/player/_/id/91786/keshad-johnson
2026-08-27T20:15:56Z,2026-27,MIA,Udonis Haslem,cap_hold,PF,46.0,FA,2449421.0,0.0,0.0,0.0,0.0,0.0,https://www.spotrac.com/nba/.../cap/_/year/2026 (fetched 2026-08-27),https://www.spotrac.com/nba/player/_/id/2549/udonis-haslem
2026-08-27T20:15:56Z,2026-27,MIA,Josh Christopher,cap_hold,SG,25.0,2W,2449421.0,0.0,0.0,0.0,0.0,0.0,https://www.spotrac.com/nba/.../cap/_/year/2026 (fetched 2026-08-27),https://www.spotrac.com/nba/player/_/id/74131/josh-christopher
2026-08-27T20:15:56Z,2026-27,MIL,Tyler Herro,standard,SG,27.0,RK-EXT,33000000.0,33000000.0,0.0,2500000.0,0.0,33000000.0,https://www.spotrac.com/nba/.../cap/_/year/2026 (fetched 2026-08-27),https://www.spotrac.com/nba/player/_/id/31570/tyler-herro
2026-08-27T20:15:56Z,2026-27,MIL,Myles Turner,standard,C,30.0,FA,26584164.0,26584164.0,0.0,0.0,0.0,26584164.0,https://www.spotrac.com/nba/.../cap/_/year/2026 (fetched 2026-08-27),https://www.spotrac.com/nba/player/_/id/17839/myles-turner
2026-08-27T20:15:56Z,2026-27,MIL,Kyle Kuzma,non_guaranteed,PF,31.0,FA,20490152.0,19431819.0,725000.0,2275000.0,0.0,19431819.0,https://www.spotrac.com/nba/.../cap/_/year/2026 (fetched 2026-08-27),https://www.spotrac.com/nba/player/_/id/23622/kyle-kuzma
2026-08-27T20:15:56Z,2026-27,MIL,Gary Trent Jr.,standard,SG,28.0,FA,15200000.0,15200000.0,0.0,0.0,0.0,15200000.0,https://www.spotrac.com/nba/.../cap/_/year/2026 (fetched 2026-08-27),https://www.spotrac.com/nba/player/_/id/27003/gary-trent-jr
2026-08-27T20:15:56Z,2026-27,MIL,Caris LeVert,standard,SG,32.0,FA,14809200.0,14809200.0,0.0,0.0,0.0,14809200.0,https://www.spotrac.com/nba/.../cap/_/year/2026 (fetched 2026-08-27),https://www.spotrac.com/nba/player/_/id/20225/caris-levert
2026-08-27T20:15:56Z,2026-27,MIL,AJ Green,standard,SG,27.0,VET-EXT,10044644.0,10044644.0,0.0,0.0,0.0,10044644.0,https://www.spotrac.com/nba/.../cap/_/year/2026 (fetched 2026-08-27),https://www.spotrac.com/nba/player/_/id/78250/aj-green
2026-08-27T20:15:56Z,2026-27,MIL,Brayden Burries,standard,SG,21.0,RK-1ST,6417360.0,6417360.0,0.0,0.0,0.0,6417360.0,https://www.spotrac.com/nba/.../cap/_/year/2026 (fetched 2026-08-27),https://www.spotrac.com/nba/player/_/id/107926/brayden-burries
2026-08-27T20:15:56Z,2026-27,MIL,Jaime Jaquez Jr.,standard,SF,25.0,RK-1ST,5939141.0,5939141.0,0.0,0.0,0.0,5939141.0,https://www.spotrac.com/nba/.../cap/_/year/2026 (fetched 2026-08-27),https://www.spotrac.com/nba/player/_/id/82323/jaime-jaquez-jr
2026-08-27T20:15:56Z,2026-27,MIL,Ousmane Dieng,standard,SF,23.0,FA,5750000.0,5750000.0,0.0,0.0,0.0,5750000.0,https://www.spotrac.com/nba/.../cap/_/year/2026 (fetched 2026-08-27),https://www.spotrac.com/nba/player/_/id/78118/ousmane-dieng
2026-08-27T20:15:56Z,2026-27,MIL,Nate Ament,standard,PF,20.0,RK-1ST,5502000.0,5502000.0,0.0,0.0,0.0,5502000.0,https://www.spotrac.com/nba/.../cap/_/year/2026 (fetched 2026-08-27),https://www.spotrac.com/nba/player/_/id/107924/nate-ament
2026-08-27T20:15:56Z,2026-27,MIL,Kevin Porter Jr.,standard,PG,26.0,FA,5390700.0,5390700.0,0.0,0.0,0.0,5390700.0,https://www.spotrac.com/nba/.../cap/_/year/2026 (fetched 2026-08-27),https://www.spotrac.com/nba/player/_/id/31589/kevin-porter-jr
2026-08-27T20:15:56Z,2026-27,MIL,Kel'el Ware,standard,C,22.0,RK-1ST,4654920.0,4654920.0,0.0,0.0,0.0,0.0,https://www.spotrac.com/nba/.../cap/_/year/2026 (fetched 2026-08-27),https://www.spotrac.com/nba/player/_/id/91767/kelel-ware
2026-08-27T20:15:56Z,2026-27,MIL,Ryan Rollins,standard,SG,24.0,FA,4000000.0,4000000.0,0.0,0.0,0.0,4000000.0,https://www.spotrac.com/nba/.../cap/_/year/2026 (fetched 2026-08-27),https://www.spotrac.com/nba/player/_/id/78155/ryan-rollins
2026-08-27T20:15:56Z,2026-27,MIL,Kasparas Jakucionis,standard,PG,20.0,RK-1ST,3841680.0,3841680.0,0.0,0.0,0.0,3841680.0,https://www.spotrac.com/nba/.../cap/_/year/2026 (fetched 2026-08-27),https://www.spotrac.com/nba/player/_/id/98605/kasparas-jakucionis
2026-08-27T20:15:56Z,2026-27,MIL,Jericho Sims,standard,C,28.0,FA,2801346.0,2801346.0,0.0,0.0,0.0,2801346.0,https://www.spotrac.com/nba/.../cap/_/year/2026 (fetched 2026-08-27),https://www.spotrac.com/nba/player/_/id/74166/jericho-sims
2026-08-27T20:15:56Z,2026-27,MIL,Pete Nance,standard,PF,26.0,FA,2537526.0,2537526.0,0.0,0.0,0.0,0.0,https://www.spotrac.com/nba/.../cap/_/year/2026 (fetched 2026-08-27),https://www.spotrac.com/nba/player/_/id/86006/pete-nance
2026-08-27T20:15:56Z,2026-27,MIL,Bogoljub Marković,standard,PF,21.0,RK-2ND,1357763.0,1357763.0,0.0,0.0,0.0,1357763.0,https://www.spotrac.com/nba/.../cap/_/year/2026 (fetched 2026-08-27),https://www.spotrac.com/nba/player/_/id/99260/bogoljub-markovi%C4%87
2026-08-27T20:15:56Z,2026-27,MIL,Damian Lillard,dead_money,PG,,,21311053.0,0.0,0.0,0.0,0.0,0.0,https://www.spotrac.com/nba/.../cap/_/year/2026 (fetched 2026-08-27),https://www.spotrac.com/nba/player/_/id/10814/damian-lillard
2026-08-27T20:15:56Z,2026-27,MIL,Vasilije Micic,dead_money,PG,,,666667.0,0.0,0.0,0.0,0.0,0.0,https://www.spotrac.com/nba/.../cap/_/year/2026 (fetched 2026-08-27),https://www.spotrac.com/nba/player/_/id/15404/vasilije-micic
2026-08-27T20:15:56Z,2026-27,MIL,Andre Jackson Jr.,cap_hold,SG,25.0,RK-2ND,2449421.0,0.0,0.0,0.0,0.0,0.0,https://www.spotrac.com/nba/.../cap/_/year/2026 (fetched 2026-08-27),https://www.spotrac.com/nba/player/_/id/82321/andre-jackson-jr
2026-08-27T20:15:56Z,2026-27,MIL,Thanasis Antetokounmpo,cap_hold,SF,34.0,FA,2449421.0,0.0,0.0,0.0,0.0,0.0,https://www.spotrac.com/nba/.../cap/_/year/2026 (fetched 2026-08-27),https://www.spotrac.com/nba/player/_/id/15403/thanasis-antetokounmpo
2026-08-27T20:15:56Z,2026-27,MIL,Alex Antetokounmpo,cap_hold,SF,25.0,2W,2185116.0,0.0,0.0,0.0,0.0,0.0,https://www.spotrac.com/nba/.../cap/_/year/2026 (fetched 2026-08-27),https://www.spotrac.com/nba/player/_/id/74601/alex-antetokounmpo
2026-08-27T20:15:56Z,2026-27,MIN,Jonathan Kuminga,pending,PF,24.0,FA,6064000.0,6064000.0,0.0,0.0,0.0,6064000.0,https://www.spotrac.com/nba/.../cap/_/year/2026 (fetched 2026-08-27),https://www.spotrac.com/nba/player/_/id/74114/jonathan-kuminga
2026-08-27T20:15:56Z,2026-27,MIN,Anthony Edwards,standard,SG,25.0,DRK-EXT,48924624.0,48924624.0,0.0,0.0,0.0,48924624.0,https://www.spotrac.com/nba/.../cap/_/year/2026 (fetched 2026-08-27),https://www.spotrac.com/nba/player/_/id/70643/anthony-edwards
2026-08-27T20:15:56Z,2026-27,MIN,LaMelo Ball,standard,PG,25.0,DRK-EXT,40770520.0,40770520.0,0.0,0.0,0.0,40770520.0,https://www.spotrac.com/nba/.../cap/_/year/2026 (fetched 2026-08-27),https://www.spotrac.com/nba/player/_/id/70645/lamelo-ball
2026-08-27T20:15:56Z,2026-27,MIN,Rudy Gobert,standard,C,34.0,VET-EXT,36500000.0,36500000.0,0.0,0.0,0.0,36500000.0,https://www.spotrac.com/nba/.../cap/_/year/2026 (fetched 2026-08-27),https://www.spotrac.com/nba/player/_/id/13340/rudy-gobert
2026-08-27T20:15:56Z,2026-27,MIN,Jaden McDaniels,standard,PF,26.0,RK-EXT,26200000.0,26200000.0,0.0,1000000.0,0.0,26200000.0,https://www.spotrac.com/nba/.../cap/_/year/2026 (fetched 2026-08-27),https://www.spotrac.com/nba/player/_/id/70670/jaden-mcdaniels
2026-08-27T20:15:56Z,2026-27,MIN,Ayo Dosunmu,standard,PG,27.0,FA,19310345.0,19310345.0,0.0,0.0,0.0,19310345.0,https://www.spotrac.com/nba/.../cap/_/year/2026 (fetched 2026-08-27),https://www.spotrac.com/nba/player/_/id/74145/ayo-dosunmu
2026-08-27T20:15:56Z,2026-27,MIN,Josh Green,standard,SG,26.0,RK-EXT,14679012.0,14679012.0,0.0,0.0,0.0,14679012.0,https://www.spotrac.com/nba/.../cap/_/year/2026 (fetched 2026-08-27),https://www.spotrac.com/nba/player/_/id/70660/josh-green
2026-08-27T20:15:56Z,2026-27,MIN,Donte DiVincenzo,standard,SG,30.0,FA,12535000.0,12535000.0,0.0,750000.0,0.0,12535000.0,https://www.spotrac.com/nba/.../cap/_/year/2026 (fetched 2026-08-27),https://www.spotrac.com/nba/player/_/id/26983/donte-divincenzo
2026-08-27T20:15:56Z,2026-27,MIN,Joan Beringer,standard,C,20.0,RK-1ST,4411200.0,4411200.0,0.0,0.0,0.0,4411200.0,https://www.spotrac.com/nba/.../cap/_/year/2026 (fetched 2026-08-27),https://www.spotrac.com/nba/player/_/id/98624/joan-beringer
2026-08-27T20:15:56Z,2026-27,MIN,Jaylen Clark,standard,SG,25.0,FA,3086420.0,3086420.0,0.0,0.0,0.0,3086420.0,https://www.spotrac.com/nba/.../cap/_/year/2026 (fetched 2026-08-27),https://www.spotrac.com/nba/player/_/id/84479/jaylen-clark
2026-08-27T20:15:56Z,2026-27,MIN,Nah'Shon Hyland,standard,PG,26.0,FA,2845883.0,2845883.0,0.0,0.0,0.0,2845883.0,https://www.spotrac.com/nba/.../cap/_/year/2026 (fetched 2026-08-27),https://www.spotrac.com/nba/player/_/id/74133/nahshon-hyland
2026-08-27T20:15:56Z,2026-27,MIN,Terrence Shannon Jr.,standard,SG,26.0,RK-1ST,2801640.0,2801640.0,0.0,0.0,0.0,2801640.0,https://www.spotrac.com/nba/.../cap/_/year/2026 (fetched 2026-08-27),https://www.spotrac.com/nba/player/_/id/91774/terrence-shannon-jr
2026-08-27T20:15:56Z,2026-27,MIN,Trey Lyles,non_guaranteed,PF,31.0,FA,2449421.0,3876529.0,0.0,0.0,0.0,1500000.0,https://www.spotrac.com/nba/.../cap/_/year/2026 (fetched 2026-08-27),https://www.spotrac.com/nba/player/_/id/17840/trey-lyles
2026-08-27T20:15:56Z,2026-27,MIN,Isaiah Evans,standard,SG,21.0,RK-2ND,1357763.0,1357763.0,0.0,0.0,0.0,1357763.0,https://www.spotrac.com/nba/.../cap/_/year/2026 (fetched 2026-08-27),https://www.spotrac.com/nba/player/_/id/107937/isaiah-evans
2026-08-27T20:15:56Z,2026-27,MIN,Evan Turner,cap_hold,SF,38.0,,27909834.0,0.0,0.0,0.0,0.0,0.0,https://www.spotrac.com/nba/.../cap/_/year/2026 (fetched 2026-08-27),https://www.spotrac.com/nba/player/_/id/6883/evan-turner
2026-08-27T20:15:56Z,2026-27,MIN,Austin Rivers,cap_hold,SG,34.0,FA,2449421.0,0.0,0.0,0.0,0.0,0.0,https://www.spotrac.com/nba/.../cap/_/year/2026 (fetched 2026-08-27),https://www.spotrac.com/nba/player/_/id/10818/austin-rivers
2026-08-27T20:15:56Z,2026-27,MIN,Greg Monroe,cap_hold,C,36.0,ROS,2449421.0,0.0,0.0,0.0,0.0,0.0,https://www.spotrac.com/nba/.../cap/_/year/2026 (fetched 2026-08-27),https://www.spotrac.com/nba/player/_/id/6889/greg-monroe
2026-08-27T20:15:56Z,2026-27,MIN,Joe Ingles,cap_hold,SF,39.0,FA,2449421.0,0.0,0.0,0.0,0.0,0.0,https://www.spotrac.com/nba/.../cap/_/year/2026 (fetched 2026-08-27),https://www.spotrac.com/nba/player/_/id/15852/joe-ingles
2026-08-27T20:15:56Z,2026-27,MIN,Aaron Brooks,cap_hold,PG,42.0,,2449421.0,0.0,0.0,0.0,0.0,0.0,https://www.spotrac.com/nba/.../cap/_/year/2026 (fetched 2026-08-27),https://www.spotrac.com/nba/player/_/id/2390/aaron-brooks
2026-08-27T20:15:56Z,2026-27,NOP,Bennedict Mathurin,pending,SG,24.0,FA,7804878.0,7804878.0,0.0,0.0,0.0,7804878.0,https://www.spotrac.com/nba/.../cap/_/year/2026 (fetched 2026-08-27),https://www.spotrac.com/nba/player/_/id/78115/bennedict-mathurin
2026-08-27T20:15:56Z,2026-27,NOP,Zion Williamson,standard,PF,26.0,DRK-EXT,42166510.0,42166510.0,0.0,0.0,0.0,42166510.0,https://www.spotrac.com/nba/.../cap/_/year/2026 (fetched 2026-08-27),https://www.spotrac.com/nba/player/_/id/31558/zion-williamson
2026-08-27T20:15:56Z,2026-27,NOP,Jordan Poole,standard,SG,27.0,RK-EXT,34044642.0,34044642.0,0.0,3750000.0,0.0,34044642.0,https://www.spotrac.com/nba/.../cap/_/year/2026 (fetched 2026-08-27),https://www.spotrac.com/nba/player/_/id/31587/jordan-poole
2026-08-27T20:15:56Z,2026-27,NOP,Dejounte Murray,non_guaranteed,PG,30.0,VET-EXT,32785071.0,28767536.0,0.0,2435997.0,0.0,28767536.0,https://www.spotrac.com/nba/.../cap/_/year/2026 (fetched 2026-08-27),https://www.spotrac.com/nba/player/_/id/20234/dejounte-murray
2026-08-27T20:15:56Z,2026-27,NOP,Trey Murphy III,standard,SF,26.0,RK-EXT,27000000.0,27000000.0,0.0,0.0,0.0,27000000.0,https://www.spotrac.com/nba/.../cap/_/year/2026 (fetched 2026-08-27),https://www.spotrac.com/nba/player/_/id/74124/trey-murphy-iii
2026-08-27T20:15:56Z,2026-27,NOP,Herb Jones,standard,SF,28.0,FA,14898786.0,14898786.0,0.0,0.0,0.0,14898786.0,https://www.spotrac.com/nba/.../cap/_/year/2026 (fetched 2026-08-27),https://www.spotrac.com/nba/player/_/id/74142/herb-jones
2026-08-27T20:15:56Z,2026-27,NOP,Jeremiah Fears,standard,PG,20.0,RK-1ST,7896240.0,7896240.0,0.0,0.0,0.0,7896240.0,https://www.spotrac.com/nba/.../cap/_/year/2026 (fetched 2026-08-27),https://www.spotrac.com/nba/player/_/id/98603/jeremiah-fears
2026-08-27T20:15:56Z,2026-27,NOP,Jordan Hawkins,standard,SG,24.0,RK-1ST,7021895.0,7021895.0,0.0,0.0,0.0,7021895.0,https://www.spotrac.com/nba/.../cap/_/year/2026 (fetched 2026-08-27),https://www.spotrac.com/nba/player/_/id/82208/jordan-hawkins
2026-08-27T20:15:56Z,2026-27,NOP,Saddiq Bey,non_guaranteed,SF,27.0,FA,6557080.0,6440678.0,116402.0,232804.0,0.0,6440678.0,https://www.spotrac.com/nba/.../cap/_/year/2026 (fetched 2026-08-27),https://www.spotrac.com/nba/player/_/id/70661/saddiq-bey
2026-08-27T20:15:56Z,2026-27,NOP,Derik Queen,standard,C,22.0,RK-1ST,5416080.0,5416080.0,0.0,0.0,0.0,5416080.0,https://www.spotrac.com/nba/.../cap/_/year/2026 (fetched 2026-08-27),https://www.spotrac.com/nba/player/_/id/98607/derik-queen
2026-08-27T20:15:56Z,2026-27,NOP,DeAndre Jordan,standard,C,38.0,FA,3876529.0,3876529.0,0.0,0.0,0.0,3876529.0,https://www.spotrac.com/nba/.../cap/_/year/2026 (fetched 2026-08-27),https://www.spotrac.com/nba/player/_/id/6117/deandre-jordan
2026-08-27T20:15:56Z,2026-27,NOP,Yves Missi,standard,C,22.0,RK-1ST,3512760.0,3512760.0,0.0,0.0,0.0,3512760.0,https://www.spotrac.com/nba/.../cap/_/year/2026 (fetched 2026-08-27),https://www.spotrac.com/nba/player/_/id/91761/yves-missi
2026-08-27T20:15:56Z,2026-27,NOP,Bryce McGowens,standard,SG,24.0,ROS,2584539.0,2584539.0,0.0,0.0,0.0,2584539.0,https://www.spotrac.com/nba/.../cap/_/year/2026 (fetched 2026-08-27),https://www.spotrac.com/nba/player/_/id/78140/bryce-mcgowens
2026-08-27T20:15:56Z,2026-27,NOP,Trendon Watford,non_guaranteed,PF,26.0,FA,2449421.0,2845883.0,0.0,0.0,0.0,250000.0,https://www.spotrac.com/nba/.../cap/_/year/2026 (fetched 2026-08-27),https://www.spotrac.com/nba/player/_/id/74232/trendon-watford
2026-08-27T20:15:56Z,2026-27,NOP,Karlo Matkovic,standard,PF,25.0,RK-2ND,2296271.0,2296271.0,0.0,0.0,0.0,2296271.0,https://www.spotrac.com/nba/.../cap/_/year/2026 (fetched 2026-08-27),https://www.spotrac.com/nba/player/_/id/78144/karlo-matkovic
2026-08-27T20:15:56Z,2026-27,NOP,Micah Peavy,standard,SG,25.0,RK-2ND,2150917.0,2150917.0,0.0,0.0,0.0,2150917.0,https://www.spotrac.com/nba/.../cap/_/year/2026 (fetched 2026-08-27),https://www.spotrac.com/nba/player/_/id/98645/micah-peavy
2026-08-27T20:15:56Z,2026-27,NOP,Willy Hernangomez,cap_hold,C,32.0,FA,4642804.0,0.0,0.0,0.0,0.0,0.0,https://www.spotrac.com/nba/.../cap/_/year/2026 (fetched 2026-08-27),https://www.spotrac.com/nba/player/_/id/17863/willy-hernangomez
2026-08-27T20:15:56Z,2026-27,NOP,Tony Snell,cap_hold,SG,35.0,FA,2449421.0,0.0,0.0,0.0,0.0,0.0,https://www.spotrac.com/nba/.../cap/_/year/2026 (fetched 2026-08-27),https://www.spotrac.com/nba/player/_/id/13333/tony-snell
2026-08-27T20:15:56Z,2026-27,NOP,Elfrid Payton,cap_hold,PG,32.0,ROS,2449421.0,0.0,0.0,0.0,0.0,0.0,https://www.spotrac.com/nba/.../cap/_/year/2026 (fetched 2026-08-27),https://www.spotrac.com/nba/player/_/id/15362/elfrid-payton
2026-08-27T20:15:56Z,2026-27,NOP,Brandon Boston Jr,cap_hold,SG,25.0,ROS,2449421.0,0.0,0.0,0.0,0.0,0.0,https://www.spotrac.com/nba/.../cap/_/year/2026 (fetched 2026-08-27),https://www.spotrac.com/nba/player/_/id/74158/brandon-boston-jr
2026-08-27T20:15:56Z,2026-27,NOP,Josh Oduro,cap_hold,C,26.0,2W,2185116.0,0.0,0.0,0.0,0.0,0.0,https://www.spotrac.com/nba/.../cap/_/year/2026 (fetched 2026-08-27),https://www.spotrac.com/nba/player/_/id/95634/josh-oduro
2026-08-27T20:15:56Z,2026-27,NOP,James Nunnally,cap_hold,SF,36.0,2W,2185116.0,0.0,0.0,0.0,0.0,0.0,https://www.spotrac.com/nba/.../cap/_/year/2026 (fetched 2026-08-27),https://www.spotrac.com/nba/player/_/id/13578/james-nunnally
2026-08-27T20:15:56Z,2026-27,NOP,Jared Harper,cap_hold,PG,29.0,2W,2185116.0,0.0,0.0,0.0,0.0,0.0,https://www.spotrac.com/nba/.../cap/_/year/2026 (fetched 2026-08-27),https://www.spotrac.com/nba/player/_/id/32403/jared-harper
2026-08-27T20:15:56Z,2026-27,NOP,Gary Clark,cap_hold,PF,32.0,2W,2185116.0,0.0,0.0,0.0,0.0,0.0,https://www.spotrac.com/nba/.../cap/_/year/2026 (fetched 2026-08-27),https://www.spotrac.com/nba/player/_/id/27627/gary-clark
2026-08-27T20:15:56Z,2026-27,NOP,Keion Brooks Jr.,cap_hold,SF,,2W,2185116.0,0.0,0.0,0.0,0.0,0.0,https://www.spotrac.com/nba/.../cap/_/year/2026 (fetched 2026-08-27),https://www.spotrac.com/nba/player/_/id/95602/keion-brooks-jr
2026-08-27T20:15:56Z,2026-27,NYK,Karl-Anthony Towns,standard,C,31.0,DVET-EXT,57078728.0,57078728.0,0.0,0.0,0.0,57078728.0,https://www.spotrac.com/nba/.../cap/_/year/2026 (fetched 2026-08-27),https://www.spotrac.com/nba/player/_/id/17829/karl-anthony-towns
2026-08-27T20:15:56Z,2026-27,NYK,OG Anunoby,standard,SF,29.0,FA,42500000.0,42500000.0,0.0,0.0,0.0,42500000.0,https://www.spotrac.com/nba/.../cap/_/year/2026 (fetched 2026-08-27),https://www.spotrac.com/nba/player/_/id/23618/og-anunoby
2026-08-27T20:15:56Z,2026-27,NYK,Jalen Brunson,standard,PG,30.0,VET-EXT,37739521.0,37739521.0,0.0,0.0,0.0,37739521.0,https://www.spotrac.com/nba/.../cap/_/year/2026 (fetched 2026-08-27),https://www.spotrac.com/nba/player/_/id/26999/jalen-brunson
2026-08-27T20:15:56Z,2026-27,NYK,Mikal Bridges,standard,SF,30.0,VET-EXT,33482145.0,33482145.0,0.0,0.0,0.0,33482145.0,https://www.spotrac.com/nba/.../cap/_/year/2026 (fetched 2026-08-27),https://www.spotrac.com/nba/player/_/id/26976/mikal-bridges
2026-08-27T20:15:56Z,2026-27,NYK,Josh Hart,standard,SG,31.0,VET-EXT,20923760.0,20923760.0,0.0,0.0,0.0,20923760.0,https://www.spotrac.com/nba/.../cap/_/year/2026 (fetched 2026-08-27),https://www.spotrac.com/nba/player/_/id/23625/josh-hart
2026-08-27T20:15:56Z,2026-27,NYK,Landry Shamet,standard,SG,29.0,FA,5490967.0,5490967.0,0.0,0.0,0.0,5490967.0,https://www.spotrac.com/nba/.../cap/_/year/2026 (fetched 2026-08-27),https://www.spotrac.com/nba/player/_/id/26992/landry-shamet
2026-08-27T20:15:56Z,2026-27,NYK,Jose Alvarado,standard,PG,28.0,FA,4439656.0,4439656.0,0.0,0.0,0.0,4439656.0,https://www.spotrac.com/nba/.../cap/_/year/2026 (fetched 2026-08-27),https://www.spotrac.com/nba/player/_/id/74331/jose-alvarado
2026-08-27T20:15:56Z,2026-27,NYK,Miles McBride,standard,PG,26.0,VET-EXT,3956523.0,3956523.0,0.0,0.0,0.0,3956523.0,https://www.spotrac.com/nba/.../cap/_/year/2026 (fetched 2026-08-27),https://www.spotrac.com/nba/player/_/id/74143/miles-mcbride
2026-08-27T20:15:56Z,2026-27,NYK,Pacome Dadiet,standard,SG,21.0,RK-1ST,2983680.0,2983680.0,0.0,0.0,0.0,2983680.0,https://www.spotrac.com/nba/.../cap/_/year/2026 (fetched 2026-08-27),https://www.spotrac.com/nba/player/_/id/91782/pacome-dadiet
2026-08-27T20:15:56Z,2026-27,NYK,Mohamed Diawara,standard,PF,21.0,FA,2622139.0,2622139.0,0.0,0.0,0.0,2622139.0,https://www.spotrac.com/nba/.../cap/_/year/2026 (fetched 2026-08-27),https://www.spotrac.com/nba/player/_/id/99263/mohamed-diawara
2026-08-27T20:15:56Z,2026-27,NYK,Andre Drummond,standard,C,33.0,FA,2449421.0,3876529.0,0.0,0.0,0.0,3876529.0,https://www.spotrac.com/nba/.../cap/_/year/2026 (fetched 2026-08-27),https://www.spotrac.com/nba/player/_/id/10817/andre-drummond
2026-08-27T20:15:56Z,2026-27,NYK,Jordan Clarkson,standard,SG,34.0,FA,2449421.0,3876529.0,0.0,0.0,0.0,3876529.0,https://www.spotrac.com/nba/.../cap/_/year/2026 (fetched 2026-08-27),https://www.spotrac.com/nba/player/_/id/15398/jordan-clarkson
2026-08-27T20:15:56Z,2026-27,NYK,Tyler Kolek,standard,PG,25.0,RK-2ND,2296271.0,2296271.0,0.0,0.0,0.0,2296271.0,https://www.spotrac.com/nba/.../cap/_/year/2026 (fetched 2026-08-27),https://www.spotrac.com/nba/player/_/id/91769/tyler-kolek
2026-08-27T20:15:56Z,2026-27,NYK,Petteri Koponen,cap_hold,G,38.0,RK,3173040.0,0.0,0.0,0.0,0.0,0.0,https://www.spotrac.com/nba/.../cap/_/year/2026 (fetched 2026-08-27),https://www.spotrac.com/nba/player/_/id/82225/petteri-koponen
2026-08-27T20:15:56Z,2026-27,NYK,P.J. Tucker,cap_hold,PF,41.0,ROS,2449421.0,0.0,0.0,0.0,0.0,0.0,https://www.spotrac.com/nba/.../cap/_/year/2026 (fetched 2026-08-27),https://www.spotrac.com/nba/player/_/id/11059/pj-tucker
2026-08-27T20:15:56Z,2026-27,NYK,Kevin McCullar Jr.,cap_hold,SG,25.0,2W,2449421.0,0.0,0.0,0.0,0.0,0.0,https://www.spotrac.com/nba/.../cap/_/year/2026 (fetched 2026-08-27),https://www.spotrac.com/nba/player/_/id/91763/kevin-mccullar-jr
2026-08-27T20:15:56Z,2026-27,NYK,Dillon Jones,cap_hold,SF,25.0,2W,2449421.0,0.0,0.0,0.0,0.0,0.0,https://www.spotrac.com/nba/.../cap/_/year/2026 (fetched 2026-08-27),https://www.spotrac.com/nba/player/_/id/91778/dillon-jones
2026-08-27T20:15:56Z,2026-27,OKC,Jalen Williams,standard,SF,25.0,DRK-EXT,41240250.0,41240250.0,0.0,0.0,0.0,41240250.0,https://www.spotrac.com/nba/.../cap/_/year/2026 (fetched 2026-08-27),https://www.spotrac.com/nba/player/_/id/78126/jalen-williams
2026-08-27T20:15:56Z,2026-27,OKC,Chet Holmgren,standard,C,24.0,rookie-maximum-extension,41240250.0,41240250.0,0.0,0.0,0.0,41240250.0,https://www.spotrac.com/nba/.../cap/_/year/2026 (fetched 2026-08-27),https://www.spotrac.com/nba/player/_/id/78108/chet-holmgren
2026-08-27T20:15:56Z,2026-27,OKC,Shai Gilgeous-Alexander,standard,PG,28.0,DRK-EXT,40806150.0,40806150.0,0.0,0.0,0.0,40806150.0,https://www.spotrac.com/nba/.../cap/_/year/2026 (fetched 2026-08-27),https://www.spotrac.com/nba/player/_/id/26977/shai-gilgeous-alexander
2026-08-27T20:15:56Z,2026-27,OKC,Isaiah Hartenstein,standard,C,28.0,FA,23148148.0,23148148.0,0.0,0.0,0.0,23148148.0,https://www.spotrac.com/nba/.../cap/_/year/2026 (fetched 2026-08-27),https://www.spotrac.com/nba/player/_/id/23644/isaiah-hartenstein
2026-08-27T20:15:56Z,2026-27,OKC,Alex Caruso,standard,SG,32.0,VET-EXT,19550160.0,19550160.0,0.0,0.0,0.0,19550160.0,https://www.spotrac.com/nba/.../cap/_/year/2026 (fetched 2026-08-27),https://www.spotrac.com/nba/player/_/id/21076/alex-caruso
2026-08-27T20:15:56Z,2026-27,OKC,Jaylin Williams,standard,C,24.0,VET-EXT,7774648.0,7774648.0,0.0,0.0,0.0,7774648.0,https://www.spotrac.com/nba/.../cap/_/year/2026 (fetched 2026-08-27),https://www.spotrac.com/nba/player/_/id/78150/jaylin-williams
2026-08-27T20:15:56Z,2026-27,OKC,Cason Wallace,standard,PG,23.0,RK-1ST,7420806.0,7420806.0,0.0,0.0,0.0,7420806.0,https://www.spotrac.com/nba/.../cap/_/year/2026 (fetched 2026-08-27),https://www.spotrac.com/nba/player/_/id/82207/cason-wallace
2026-08-27T20:15:56Z,2026-27,OKC,Aday Mara,standard,C,21.0,RK-1ST,5791680.0,5791680.0,0.0,0.0,0.0,5791680.0,https://www.spotrac.com/nba/.../cap/_/year/2026 (fetched 2026-08-27),https://www.spotrac.com/nba/player/_/id/107930/aday-mara
2026-08-27T20:15:56Z,2026-27,OKC,Nikola Topic,standard,PG,21.0,RK-1ST,5429760.0,5429760.0,0.0,0.0,0.0,5429760.0,https://www.spotrac.com/nba/.../cap/_/year/2026 (fetched 2026-08-27),https://www.spotrac.com/nba/player/_/id/91737/nikola-topic
2026-08-27T20:15:56Z,2026-27,OKC,Kenrich Williams,standard,PF,32.0,FA,5000000.0,5000000.0,0.0,500000.0,0.0,5000000.0,https://www.spotrac.com/nba/.../cap/_/year/2026 (fetched 2026-08-27),https://www.spotrac.com/nba/player/_/id/27758/kenrich-williams
2026-08-27T20:15:56Z,2026-27,OKC,Thomas Sorber,standard,C,21.0,RK-1ST,4887720.0,4887720.0,0.0,0.0,0.0,4887720.0,https://www.spotrac.com/nba/.../cap/_/year/2026 (fetched 2026-08-27),https://www.spotrac.com/nba/player/_/id/98621/thomas-sorber
2026-08-27T20:15:56Z,2026-27,OKC,Bennett Stirtz,standard,PG,23.0,RK-1ST,4717320.0,4717320.0,0.0,0.0,0.0,4717320.0,https://www.spotrac.com/nba/.../cap/_/year/2026 (fetched 2026-08-27),https://www.spotrac.com/nba/player/_/id/107939/bennett-stirtz
2026-08-27T20:15:56Z,2026-27,OKC,Jared McCain,standard,PG,22.0,RK-1ST,4422600.0,4422600.0,0.0,0.0,0.0,4422600.0,https://www.spotrac.com/nba/.../cap/_/year/2026 (fetched 2026-08-27),https://www.spotrac.com/nba/player/_/id/91760/jared-mccain
2026-08-27T20:15:56Z,2026-27,OKC,Ajay Mitchell,non_guaranteed,PG,24.0,FA,2850000.0,2850000.0,0.0,0.0,0.0,1500000.0,https://www.spotrac.com/nba/.../cap/_/year/2026 (fetched 2026-08-27),https://www.spotrac.com/nba/player/_/id/92958/ajay-mitchell
2026-08-27T20:15:56Z,2026-27,OKC,Alex Ducas,cap_hold,G,26.0,2W,2185116.0,0.0,0.0,0.0,0.0,0.0,https://www.spotrac.com/nba/.../cap/_/year/2026 (fetched 2026-08-27),https://www.spotrac.com/nba/player/_/id/94882/alex-ducas
2026-08-27T20:15:56Z,2026-27,ORL,Franz Wagner,standard,SF,25.0,DRK-EXT,41754690.0,41754690.0,0.0,0.0,0.0,41754690.0,https://www.spotrac.com/nba/.../cap/_/year/2026 (fetched 2026-08-27),https://www.spotrac.com/nba/player/_/id/74115/franz-wagner
2026-08-27T20:15:56Z,2026-27,ORL,Paolo Banchero,standard,PF,24.0,DRK-EXT,41240250.0,41240250.0,0.0,0.0,0.0,41240250.0,https://www.spotrac.com/nba/.../cap/_/year/2026 (fetched 2026-08-27),https://www.spotrac.com/nba/player/_/id/78110/paolo-banchero
2026-08-27T20:15:56Z,2026-27,ORL,Desmond Bane,standard,SG,28.0,RK-EXT,39446090.0,39446090.0,0.0,1324430.0,0.0,39446090.0,https://www.spotrac.com/nba/.../cap/_/year/2026 (fetched 2026-08-27),https://www.spotrac.com/nba/player/_/id/70672/desmond-bane
2026-08-27T20:15:56Z,2026-27,ORL,Jalen Suggs,standard,SG,25.0,RK-EXT,32400000.0,32400000.0,0.0,0.0,0.0,32400000.0,https://www.spotrac.com/nba/.../cap/_/year/2026 (fetched 2026-08-27),https://www.spotrac.com/nba/player/_/id/74112/jalen-suggs
2026-08-27T20:15:56Z,2026-27,ORL,Wendell Carter Jr.,standard,C,27.0,VET-EXT,18102000.0,18102000.0,0.0,0.0,0.0,18102000.0,https://www.spotrac.com/nba/.../cap/_/year/2026 (fetched 2026-08-27),https://www.spotrac.com/nba/player/_/id/26973/wendell-carter-jr
2026-08-27T20:15:56Z,2026-27,ORL,Anthony Black,standard,SG,23.0,RK-1ST,10106316.0,10106316.0,0.0,0.0,0.0,10106316.0,https://www.spotrac.com/nba/.../cap/_/year/2026 (fetched 2026-08-27),https://www.spotrac.com/nba/player/_/id/82203/anthony-black
2026-08-27T20:15:56Z,2026-27,ORL,Goga Bitadze,standard,C,27.0,FA,7608696.0,7608696.0,0.0,0.0,0.0,7608696.0,https://www.spotrac.com/nba/.../cap/_/year/2026 (fetched 2026-08-27),https://www.spotrac.com/nba/player/_/id/31575/goga-bitadze
2026-08-27T20:15:56Z,2026-27,ORL,Tristan Da Silva,standard,SF,25.0,RK-1ST,3991200.0,3991200.0,0.0,0.0,0.0,3991200.0,https://www.spotrac.com/nba/.../cap/_/year/2026 (fetched 2026-08-27),https://www.spotrac.com/nba/player/_/id/91759/tristan-da-silva
2026-08-27T20:15:56Z,2026-27,ORL,Jase Richardson,standard,SG,21.0,RK-1ST,3132360.0,3132360.0,0.0,0.0,0.0,3132360.0,https://www.spotrac.com/nba/.../cap/_/year/2026 (fetched 2026-08-27),https://www.spotrac.com/nba/player/_/id/98604/jase-richardson
2026-08-27T20:15:56Z,2026-27,ORL,Jamal Cain,standard,SF,27.0,ROS,2584539.0,2584539.0,0.0,0.0,0.0,0.0,https://www.spotrac.com/nba/.../cap/_/year/2026 (fetched 2026-08-27),https://www.spotrac.com/nba/player/_/id/78584/jamal-cain
2026-08-27T20:15:56Z,2026-27,ORL,Jevon Carter,standard,PG,31.0,FA,2449421.0,3506659.0,0.0,0.0,0.0,3506659.0,https://www.spotrac.com/nba/.../cap/_/year/2026 (fetched 2026-08-27),https://www.spotrac.com/nba/player/_/id/26998/jevon-carter
2026-08-27T20:15:56Z,2026-27,ORL,Jonathan Isaac,standard,PF,29.0,FA,2449421.0,3524115.0,0.0,0.0,0.0,3524115.0,https://www.spotrac.com/nba/.../cap/_/year/2026 (fetched 2026-08-27),https://www.spotrac.com/nba/player/_/id/23601/jonathan-isaac
2026-08-27T20:15:56Z,2026-27,ORL,Nikola Vucevic,standard,C,36.0,FA,2449421.0,3876529.0,0.0,0.0,0.0,3876529.0,https://www.spotrac.com/nba/.../cap/_/year/2026 (fetched 2026-08-27),https://www.spotrac.com/nba/player/_/id/8067/nikola-vucevic
2026-08-27T20:15:56Z,2026-27,ORL,Noah Penda,standard,SF,22.0,RK-2ND,2150917.0,2150917.0,0.0,0.0,0.0,2150917.0,https://www.spotrac.com/nba/.../cap/_/year/2026 (fetched 2026-08-27),https://www.spotrac.com/nba/player/_/id/98630/noah-penda
2026-08-27T20:15:56Z,2026-27,ORL,Jonathan Isaac,dead_money,PF,,,8000000.0,0.0,0.0,0.0,0.0,0.0,https://www.spotrac.com/nba/.../cap/_/year/2026 (fetched 2026-08-27),https://www.spotrac.com/nba/player/_/id/23601/jonathan-isaac
2026-08-27T20:15:56Z,2026-27,ORL,Cory Joseph,cap_hold,PG,35.0,FA,2449421.0,0.0,0.0,0.0,0.0,0.0,https://www.spotrac.com/nba/.../cap/_/year/2026 (fetched 2026-08-27),https://www.spotrac.com/nba/player/_/id/8080/cory-joseph
2026-08-27T20:15:56Z,2026-27,ORL,Trevelin Queen,cap_hold,SG,29.0,2W,2185116.0,0.0,0.0,0.0,0.0,0.0,https://www.spotrac.com/nba/.../cap/_/year/2026 (fetched 2026-08-27),https://www.spotrac.com/nba/player/_/id/70720/trevelin-queen
2026-08-27T20:15:56Z,2026-27,PHI,Joel Embiid,standard,C,32.0,VET-EXT,57985752.0,57985752.0,0.0,0.0,0.0,57985752.0,https://www.spotrac.com/nba/.../cap/_/year/2026 (fetched 2026-08-27),https://www.spotrac.com/nba/player/_/id/15355/joel-embiid
2026-08-27T20:15:56Z,2026-27,PHI,Jaylen Brown,non_guaranteed,SF,30.0,DVET-EXT,57736350.0,57078728.0,0.0,0.0,0.0,57078728.0,https://www.spotrac.com/nba/.../cap/_/year/2026 (fetched 2026-08-27),https://www.spotrac.com/nba/player/_/id/20208/jaylen-brown
2026-08-27T20:15:56Z,2026-27,PHI,Tyrese Maxey,standard,PG,26.0,FA,40770520.0,40770520.0,0.0,0.0,0.0,40770520.0,https://www.spotrac.com/nba/.../cap/_/year/2026 (fetched 2026-08-27),https://www.spotrac.com/nba/player/_/id/70663/tyrese-maxey
2026-08-27T20:15:56Z,2026-27,PHI,VJ Edgecombe,standard,SG,21.0,RK-1ST,11663880.0,11663880.0,0.0,0.0,0.0,11663880.0,https://www.spotrac.com/nba/.../cap/_/year/2026 (fetched 2026-08-27),https://www.spotrac.com/nba/player/_/id/98600/vj-edgecombe
2026-08-27T20:15:56Z,2026-27,PHI,Dean Wade,standard,PF,30.0,FA,9000000.0,9000000.0,0.0,0.0,0.0,9000000.0,https://www.spotrac.com/nba/.../cap/_/year/2026 (fetched 2026-08-27),https://www.spotrac.com/nba/player/_/id/31963/dean-wade
2026-08-27T20:15:56Z,2026-27,PHI,Anfernee Simons,standard,SG,27.0,FA,6000000.0,6000000.0,0.0,0.0,0.0,6000000.0,https://www.spotrac.com/nba/.../cap/_/year/2026 (fetched 2026-08-27),https://www.spotrac.com/nba/player/_/id/26990/anfernee-simons
2026-08-27T20:15:56Z,2026-27,PHI,LeBron James,standard,PF,42.0,FA,3876529.0,3876529.0,0.0,0.0,0.0,3876529.0,https://www.spotrac.com/nba/.../cap/_/year/2026 (fetched 2026-08-27),https://www.spotrac.com/nba/player/_/id/2257/lebron-james
2026-08-27T20:15:56Z,2026-27,PHI,Labaron Philon Jr.,standard,PG,21.0,RK-1ST,3597120.0,3597120.0,0.0,0.0,0.0,3597120.0,https://www.spotrac.com/nba/.../cap/_/year/2026 (fetched 2026-08-27),https://www.spotrac.com/nba/player/_/id/98628/labaron-philon-jr
2026-08-27T20:15:56Z,2026-27,PHI,Dominick Barlow,standard,PF,23.0,ROS,3415000.0,3415000.0,0.0,0.0,0.0,3415000.0,https://www.spotrac.com/nba/.../cap/_/year/2026 (fetched 2026-08-27),https://www.spotrac.com/nba/player/_/id/78565/dominick-barlow
2026-08-27T20:15:56Z,2026-27,PHI,Ariel Hukporti,standard,C,24.0,FA,3400000.0,3400000.0,0.0,0.0,0.0,3400000.0,https://www.spotrac.com/nba/.../cap/_/year/2026 (fetched 2026-08-27),https://www.spotrac.com/nba/player/_/id/93962/ariel-hukporti
2026-08-27T20:15:56Z,2026-27,PHI,Jabari Walker,non_guaranteed,SF,24.0,ROS,2584539.0,2584539.0,0.0,0.0,0.0,250000.0,https://www.spotrac.com/nba/.../cap/_/year/2026 (fetched 2026-08-27),https://www.spotrac.com/nba/player/_/id/78167/jabari-walker
2026-08-27T20:15:56Z,2026-27,PHI,Kentavious Caldwell-Pope,standard,SG,33.0,FA,2449421.0,3876529.0,0.0,0.0,0.0,3876529.0,https://www.spotrac.com/nba/.../cap/_/year/2026 (fetched 2026-08-27),https://www.spotrac.com/nba/player/_/id/13321/kentavious-caldwell-pope
2026-08-27T20:15:56Z,2026-27,PHI,Justin Edwards,standard,SG,23.0,FA,2411090.0,2411090.0,0.0,0.0,0.0,2411090.0,https://www.spotrac.com/nba/.../cap/_/year/2026 (fetched 2026-08-27),https://www.spotrac.com/nba/player/_/id/91770/justin-edwards
2026-08-27T20:15:56Z,2026-27,PHI,Adem Bona,standard,C,23.0,RK-2ND,2296271.0,2296271.0,0.0,0.0,0.0,2296271.0,https://www.spotrac.com/nba/.../cap/_/year/2026 (fetched 2026-08-27),https://www.spotrac.com/nba/player/_/id/91790/adem-bona
2026-08-27T20:15:56Z,2026-27,PHI,Tyrese Martin,cap_hold,SF,27.0,2W,2449421.0,0.0,0.0,0.0,0.0,0.0,https://www.spotrac.com/nba/.../cap/_/year/2026 (fetched 2026-08-27),https://www.spotrac.com/nba/player/_/id/78162/tyrese-martin
2026-08-27T20:15:56Z,2026-27,PHI,Kyle Lowry,cap_hold,PG,40.0,FA,2449421.0,0.0,0.0,0.0,0.0,0.0,https://www.spotrac.com/nba/.../cap/_/year/2026 (fetched 2026-08-27),https://www.spotrac.com/nba/player/_/id/2536/kyle-lowry
2026-08-27T20:15:56Z,2026-27,PHI,MarJon Beauchamp,cap_hold,SG,26.0,2W,2449421.0,0.0,0.0,0.0,0.0,0.0,https://www.spotrac.com/nba/.../cap/_/year/2026 (fetched 2026-08-27),https://www.spotrac.com/nba/player/_/id/78134/marjon-beauchamp
2026-08-27T20:15:56Z,2026-27,PHI,Jalen Hood-Schifino,cap_hold,PG,23.0,2W,2185116.0,0.0,0.0,0.0,0.0,0.0,https://www.spotrac.com/nba/.../cap/_/year/2026 (fetched 2026-08-27),https://www.spotrac.com/nba/player/_/id/82210/jalen-hood-schifino
2026-08-27T20:15:56Z,2026-27,PHI,Jeff Dowtin,cap_hold,PG,29.0,2W,2185116.0,0.0,0.0,0.0,0.0,0.0,https://www.spotrac.com/nba/.../cap/_/year/2026 (fetched 2026-08-27),https://www.spotrac.com/nba/player/_/id/70872/jeff-dowtin
2026-08-27T20:15:56Z,2026-27,PHX,Devin Booker,standard,SG,30.0,DVET-EXT,57078728.0,57078728.0,0.0,0.0,0.0,57078728.0,https://www.spotrac.com/nba/.../cap/_/year/2026 (fetched 2026-08-27),https://www.spotrac.com/nba/player/_/id/17841/devin-booker
2026-08-27T20:15:56Z,2026-27,PHX,Jalen Green,non_guaranteed,SG,24.0,RK-EXT,36251166.0,36000000.0,0.0,0.0,0.0,36000000.0,https://www.spotrac.com/nba/.../cap/_/year/2026 (fetched 2026-08-27),https://www.spotrac.com/nba/player/_/id/74109/jalen-green
2026-08-27T20:15:56Z,2026-27,PHX,Miles Bridges,standard,SF,28.0,FA,22826087.0,22826087.0,0.0,0.0,0.0,22826087.0,https://www.spotrac.com/nba/.../cap/_/year/2026 (fetched 2026-08-27),https://www.spotrac.com/nba/player/_/id/26978/miles-bridges
2026-08-27T20:15:56Z,2026-27,PHX,Dillon Brooks,non_guaranteed,SF,31.0,S&T,20992727.0,19992727.0,1000000.0,0.0,0.0,19992727.0,https://www.spotrac.com/nba/.../cap/_/year/2026 (fetched 2026-08-27),https://www.spotrac.com/nba/player/_/id/23646/dillon-brooks
2026-08-27T20:15:56Z,2026-27,PHX,Mark Williams,standard,C,25.0,FA,11728395.0,11728395.0,0.0,0.0,0.0,11728395.0,https://www.spotrac.com/nba/.../cap/_/year/2026 (fetched 2026-08-27),https://www.spotrac.com/nba/player/_/id/78121/mark-williams
2026-08-27T20:15:56Z,2026-27,PHX,Collin Gillespie,standard,PG,27.0,FA,10714286.0,10714286.0,0.0,0.0,0.0,10714286.0,https://www.spotrac.com/nba/.../cap/_/year/2026 (fetched 2026-08-27),https://www.spotrac.com/nba/player/_/id/78276/collin-gillespie
2026-08-27T20:15:56Z,2026-27,PHX,Khaman Maluach,standard,C,20.0,RK-1ST,6316680.0,6316680.0,0.0,0.0,0.0,6316680.0,https://www.spotrac.com/nba/.../cap/_/year/2026 (fetched 2026-08-27),https://www.spotrac.com/nba/player/_/id/98606/khaman-maluach
2026-08-27T20:15:56Z,2026-27,PHX,Luke Kennard,standard,SG,30.0,FA,6064000.0,6064000.0,0.0,0.0,0.0,6064000.0,https://www.spotrac.com/nba/.../cap/_/year/2026 (fetched 2026-08-27),https://www.spotrac.com/nba/player/_/id/23607/luke-kennard
2026-08-27T20:15:56Z,2026-27,PHX,Jordan Goodwin,standard,PG,28.0,FA,5864198.0,5864198.0,0.0,0.0,0.0,5864198.0,https://www.spotrac.com/nba/.../cap/_/year/2026 (fetched 2026-08-27),https://www.spotrac.com/nba/player/_/id/74333/jordan-goodwin
2026-08-27T20:15:56Z,2026-27,PHX,Koa Peat,standard,PF,20.0,RK-1ST,2926800.0,2926800.0,0.0,0.0,0.0,2926800.0,https://www.spotrac.com/nba/.../cap/_/year/2026 (fetched 2026-08-27),https://www.spotrac.com/nba/player/_/id/107938/koa-peat
2026-08-27T20:15:56Z,2026-27,PHX,Ryan Dunn,standard,SF,24.0,RK-1ST,2784240.0,2784240.0,0.0,0.0,0.0,2784240.0,https://www.spotrac.com/nba/.../cap/_/year/2026 (fetched 2026-08-27),https://www.spotrac.com/nba/player/_/id/91771/ryan-dunn
2026-08-27T20:15:56Z,2026-27,PHX,Jamaree Bouyea,standard,PG,27.0,ROS,2584539.0,2584539.0,0.0,0.0,0.0,0.0,https://www.spotrac.com/nba/.../cap/_/year/2026 (fetched 2026-08-27),https://www.spotrac.com/nba/player/_/id/78578/jamaree-bouyea
2026-08-27T20:15:56Z,2026-27,PHX,Haywood Highsmith,standard,F,30.0,FA,2449421.0,3066143.0,0.0,0.0,0.0,0.0,https://www.spotrac.com/nba/.../cap/_/year/2026 (fetched 2026-08-27),https://www.spotrac.com/nba/player/_/id/28301/haywood-highsmith
2026-08-27T20:15:56Z,2026-27,PHX,Oso Ighodaro,standard,C,24.0,RK-2ND,2296271.0,2296271.0,0.0,0.0,0.0,2296271.0,https://www.spotrac.com/nba/.../cap/_/year/2026 (fetched 2026-08-27),https://www.spotrac.com/nba/player/_/id/93953/oso-ighodaro
2026-08-27T20:15:56Z,2026-27,PHX,Rasheer Fleming,standard,PF,22.0,RK-2ND,2150917.0,2150917.0,0.0,0.0,0.0,2150917.0,https://www.spotrac.com/nba/.../cap/_/year/2026 (fetched 2026-08-27),https://www.spotrac.com/nba/player/_/id/98617/rasheer-fleming
2026-08-27T20:15:56Z,2026-27,PHX,Bradley Beal,dead_money,SG,,,19383010.0,0.0,0.0,0.0,0.0,0.0,https://www.spotrac.com/nba/.../cap/_/year/2026 (fetched 2026-08-27),https://www.spotrac.com/nba/player/_/id/10811/bradley-beal
2026-08-27T20:15:56Z,2026-27,PHX,Nassir Little,dead_money,SF,,,3107143.0,0.0,0.0,0.0,0.0,0.0,https://www.spotrac.com/nba/.../cap/_/year/2026 (fetched 2026-08-27),https://www.spotrac.com/nba/player/_/id/31583/nassir-little
2026-08-27T20:15:56Z,2026-27,PHX,E.J. Liddell,dead_money,PF,,,706898.0,0.0,0.0,0.0,0.0,0.0,https://www.spotrac.com/nba/.../cap/_/year/2026 (fetched 2026-08-27),https://www.spotrac.com/nba/player/_/id/78129/ej-liddell
2026-08-27T20:15:56Z,2026-27,PHX,Thaddeus Young,cap_hold,PF,38.0,ROS,2449421.0,0.0,0.0,0.0,0.0,0.0,https://www.spotrac.com/nba/.../cap/_/year/2026 (fetched 2026-08-27),https://www.spotrac.com/nba/player/_/id/2658/thaddeus-young
2026-08-27T20:15:56Z,2026-27,PHX,Isaiah Thomas,cap_hold,PG,37.0,ROS,2449421.0,0.0,0.0,0.0,0.0,0.0,https://www.spotrac.com/nba/.../cap/_/year/2026 (fetched 2026-08-27),https://www.spotrac.com/nba/player/_/id/8111/isaiah-thomas
2026-08-27T20:15:56Z,2026-27,PHX,Terrence Ross,cap_hold,SF,35.0,ROS,2449421.0,0.0,0.0,0.0,0.0,0.0,https://www.spotrac.com/nba/.../cap/_/year/2026 (fetched 2026-08-27),https://www.spotrac.com/nba/player/_/id/10816/terrence-ross
2026-08-27T20:15:56Z,2026-27,PHX,Isaiah Livers,cap_hold,SF,28.0,2W,2449421.0,0.0,0.0,0.0,0.0,0.0,https://www.spotrac.com/nba/.../cap/_/year/2026 (fetched 2026-08-27),https://www.spotrac.com/nba/player/_/id/74149/isaiah-livers
2026-08-27T20:15:56Z,2026-27,PHX,Saben Lee,cap_hold,PG,27.0,2W,2449421.0,0.0,0.0,0.0,0.0,0.0,https://www.spotrac.com/nba/.../cap/_/year/2026 (fetched 2026-08-27),https://www.spotrac.com/nba/player/_/id/70680/saben-lee
2026-08-27T20:15:56Z,2026-27,PHX,Damion Lee,cap_hold,SG,34.0,FA,2449421.0,0.0,0.0,0.0,0.0,0.0,https://www.spotrac.com/nba/.../cap/_/year/2026 (fetched 2026-08-27),https://www.spotrac.com/nba/player/_/id/21063/damion-lee
2026-08-27T20:15:56Z,2026-27,PHX,Amir Coffey,cap_hold,SG,29.0,FA,2449421.0,0.0,0.0,0.0,0.0,0.0,https://www.spotrac.com/nba/.../cap/_/year/2026 (fetched 2026-08-27),https://www.spotrac.com/nba/player/_/id/32198/amir-coffey
2026-08-27T20:15:56Z,2026-27,PHX,Bol Bol,cap_hold,PF,27.0,FA,2449421.0,0.0,0.0,0.0,0.0,0.0,https://www.spotrac.com/nba/.../cap/_/year/2026 (fetched 2026-08-27),https://www.spotrac.com/nba/player/_/id/31603/bol-bol
2026-08-27T20:15:56Z,2026-27,PHX,Ishmail Wainright,cap_hold,SF,32.0,2W,2185116.0,0.0,0.0,0.0,0.0,0.0,https://www.spotrac.com/nba/.../cap/_/year/2026 (fetched 2026-08-27),https://www.spotrac.com/nba/player/_/id/74220/ishmail-wainright
2026-08-27T20:15:56Z,2026-27,PHX,Gabriel Lundberg,cap_hold,G,32.0,2W,2185116.0,0.0,0.0,0.0,0.0,0.0,https://www.spotrac.com/nba/.../cap/_/year/2026 (fetched 2026-08-27),https://www.spotrac.com/nba/player/_/id/76131/gabriel-lundberg
2026-08-27T20:15:56Z,2026-27,PHX,Udoka Azubuike,cap_hold,C,27.0,2W,2185116.0,0.0,0.0,0.0,0.0,0.0,https://www.spotrac.com/nba/.../cap/_/year/2026 (fetched 2026-08-27),https://www.spotrac.com/nba/player/_/id/70669/udoka-azubuike
2026-08-27T20:15:56Z,2026-27,POR,Ja Morant,standard,PG,27.0,DRK-EXT,42166510.0,42166510.0,0.0,0.0,0.0,42166510.0,https://www.spotrac.com/nba/.../cap/_/year/2026 (fetched 2026-08-27),https://www.spotrac.com/nba/player/_/id/31559/ja-morant
2026-08-27T20:15:56Z,2026-27,POR,Jrue Holiday,standard,PG,36.0,VET-EXT,34800000.0,34800000.0,0.0,0.0,0.0,34800000.0,https://www.spotrac.com/nba/.../cap/_/year/2026 (fetched 2026-08-27),https://www.spotrac.com/nba/player/_/id/6316/jrue-holiday
2026-08-27T20:15:56Z,2026-27,POR,Shaedon Sharpe,standard,SG,23.0,RK-EXT,20089287.0,20089287.0,0.0,0.0,0.0,20089287.0,https://www.spotrac.com/nba/.../cap/_/year/2026 (fetched 2026-08-27),https://www.spotrac.com/nba/player/_/id/78113/shaedon-sharpe
2026-08-27T20:15:56Z,2026-27,POR,Toumani Camara,standard,PF,26.0,VET-EXT,18080358.0,18080358.0,0.0,0.0,0.0,18080358.0,https://www.spotrac.com/nba/.../cap/_/year/2026 (fetched 2026-08-27),https://www.spotrac.com/nba/player/_/id/84478/toumani-camara
2026-08-27T20:15:56Z,2026-27,POR,Robert Williams III,standard,C,29.0,VET-EXT,14000000.0,14000000.0,0.0,0.0,0.0,14000000.0,https://www.spotrac.com/nba/.../cap/_/year/2026 (fetched 2026-08-27),https://www.spotrac.com/nba/player/_/id/26993/robert-williams-iii
2026-08-27T20:15:56Z,2026-27,POR,Scoot Henderson,standard,PG,22.0,RK-1ST,13585523.0,13585523.0,0.0,0.0,0.0,13585523.0,https://www.spotrac.com/nba/.../cap/_/year/2026 (fetched 2026-08-27),https://www.spotrac.com/nba/player/_/id/82198/scoot-henderson
2026-08-27T20:15:56Z,2026-27,POR,Damian Lillard,standard,PG,36.0,FA,13398000.0,13398000.0,0.0,0.0,0.0,13398000.0,https://www.spotrac.com/nba/.../cap/_/year/2026 (fetched 2026-08-27),https://www.spotrac.com/nba/player/_/id/10814/damian-lillard
2026-08-27T20:15:56Z,2026-27,POR,Deni Avdija,standard,SF,26.0,RK-EXT,13125000.0,13125000.0,0.0,0.0,0.0,13125000.0,https://www.spotrac.com/nba/.../cap/_/year/2026 (fetched 2026-08-27),https://www.spotrac.com/nba/player/_/id/70651/deni-avdija
2026-08-27T20:15:56Z,2026-27,POR,Donovan Clingan,standard,C,22.0,RK-1ST,7519920.0,7519920.0,0.0,0.0,0.0,0.0,https://www.spotrac.com/nba/.../cap/_/year/2026 (fetched 2026-08-27),https://www.spotrac.com/nba/player/_/id/91735/donovan-clingan
2026-08-27T20:15:56Z,2026-27,POR,Yang Hansen,standard,C,21.0,RK-1ST,4643520.0,4643520.0,0.0,0.0,0.0,4643520.0,https://www.spotrac.com/nba/.../cap/_/year/2026 (fetched 2026-08-27),https://www.spotrac.com/nba/player/_/id/99184/yang-hansen
2026-08-27T20:15:56Z,2026-27,POR,Micah Potter,standard,C,28.0,ROS,2801346.0,2801346.0,0.0,0.0,0.0,0.0,https://www.spotrac.com/nba/.../cap/_/year/2026 (fetched 2026-08-27),https://www.spotrac.com/nba/player/_/id/74418/micah-potter
2026-08-27T20:15:56Z,2026-27,POR,Vit Krejci,non_guaranteed,PG,26.0,FA,2667944.0,2667944.0,0.0,0.0,0.0,250000.0,https://www.spotrac.com/nba/.../cap/_/year/2026 (fetched 2026-08-27),https://www.spotrac.com/nba/player/_/id/70679/vit-krejci
2026-08-27T20:15:56Z,2026-27,POR,Sidy Cissoko,standard,SG,22.0,ROS,2497812.0,2497812.0,0.0,0.0,0.0,2497812.0,https://www.spotrac.com/nba/.../cap/_/year/2026 (fetched 2026-08-27),https://www.spotrac.com/nba/player/_/id/84471/sidy-cissoko
2026-08-27T20:15:56Z,2026-27,POR,Branden Carlson,standard,C,27.0,FA,2449421.0,2449421.0,0.0,0.0,0.0,2449421.0,https://www.spotrac.com/nba/.../cap/_/year/2026 (fetched 2026-08-27),https://www.spotrac.com/nba/player/_/id/94490/branden-carlson
2026-08-27T20:15:56Z,2026-27,POR,Didi Louzada,dead_money,SF,,,268032.0,0.0,0.0,0.0,0.0,0.0,https://www.spotrac.com/nba/.../cap/_/year/2026 (fetched 2026-08-27),https://www.spotrac.com/nba/player/_/id/31594/didi-louzada
2026-08-27T20:15:56Z,2026-27,POR,Blake Wesley,cap_hold,SG,23.0,FA,2449421.0,0.0,0.0,0.0,0.0,0.0,https://www.spotrac.com/nba/.../cap/_/year/2026 (fetched 2026-08-27),https://www.spotrac.com/nba/player/_/id/78132/blake-wesley
2026-08-27T20:15:56Z,2026-27,POR,Ben McLemore,cap_hold,SF,33.0,FA,2449421.0,0.0,0.0,0.0,0.0,0.0,https://www.spotrac.com/nba/.../cap/_/year/2026 (fetched 2026-08-27),https://www.spotrac.com/nba/player/_/id/13320/ben-mclemore
2026-08-27T20:15:56Z,2026-27,POR,Rondae Hollis-Jefferson,cap_hold,SF,32.0,ROS,2449421.0,0.0,0.0,0.0,0.0,0.0,https://www.spotrac.com/nba/.../cap/_/year/2026 (fetched 2026-08-27),https://www.spotrac.com/nba/player/_/id/17851/rondae-hollis-jefferson
2026-08-27T20:15:56Z,2026-27,POR,TJ Leaf,cap_hold,PF,29.0,2W,2185116.0,0.0,0.0,0.0,0.0,0.0,https://www.spotrac.com/nba/.../cap/_/year/2026 (fetched 2026-08-27),https://www.spotrac.com/nba/player/_/id/23613/tj-leaf
2026-08-27T20:15:56Z,2026-27,POR,Ashton Hagans,cap_hold,PG,27.0,2W,2185116.0,0.0,0.0,0.0,0.0,0.0,https://www.spotrac.com/nba/.../cap/_/year/2026 (fetched 2026-08-27),https://www.spotrac.com/nba/player/_/id/70717/ashton-hagans
2026-08-27T20:15:56Z,2026-27,POR,Keljin Blevins,cap_hold,G,31.0,2W,2185116.0,2185116.0,0.0,0.0,0.0,0.0,https://www.spotrac.com/nba/.../cap/_/year/2026 (fetched 2026-08-27),https://www.spotrac.com/nba/player/_/id/32992/keljin-blevins
2026-08-27T20:15:56Z,2026-27,SAC,Zach LaVine,standard,SG,31.0,FA,48967380.0,48967380.0,0.0,0.0,0.0,48967380.0,https://www.spotrac.com/nba/.../cap/_/year/2026 (fetched 2026-08-27),https://www.spotrac.com/nba/player/_/id/15365/zach-lavine
2026-08-27T20:15:56Z,2026-27,SAC,Domantas Sabonis,standard,C,30.0,VET-EXT,45472000.0,45472000.0,0.0,2600000.0,0.0,45472000.0,https://www.spotrac.com/nba/.../cap/_/year/2026 (fetched 2026-08-27),https://www.spotrac.com/nba/player/_/id/20216/domantas-sabonis
2026-08-27T20:15:56Z,2026-27,SAC,De'Andre Hunter,standard,SF,29.0,RK-EXT,24910714.0,24910714.0,0.0,1250000.0,0.0,24910714.0,https://www.spotrac.com/nba/.../cap/_/year/2026 (fetched 2026-08-27),https://www.spotrac.com/nba/player/_/id/31561/deandre-hunter
2026-08-27T20:15:56Z,2026-27,SAC,Keegan Murray,standard,PF,26.0,RK-EXT,24137936.0,24137936.0,0.0,0.0,0.0,24137936.0,https://www.spotrac.com/nba/.../cap/_/year/2026 (fetched 2026-08-27),https://www.spotrac.com/nba/player/_/id/78112/keegan-murray
2026-08-27T20:15:56Z,2026-27,SAC,Malik Monk,standard,SG,28.0,FA,20190035.0,20190035.0,0.0,0.0,0.0,20190035.0,https://www.spotrac.com/nba/.../cap/_/year/2026 (fetched 2026-08-27),https://www.spotrac.com/nba/player/_/id/23606/malik-monk
2026-08-27T20:15:56Z,2026-27,SAC,Darius Acuff Jr.,standard,PG,20.0,RK-1ST,8021640.0,8021640.0,0.0,0.0,0.0,8021640.0,https://www.spotrac.com/nba/.../cap/_/year/2026 (fetched 2026-08-27),https://www.spotrac.com/nba/player/_/id/107922/darius-acuff-jr
2026-08-27T20:15:56Z,2026-27,SAC,Precious Achiuwa,standard,PF,27.0,FA,5477000.0,5477000.0,0.0,0.0,0.0,5477000.0,https://www.spotrac.com/nba/.../cap/_/year/2026 (fetched 2026-08-27),https://www.spotrac.com/nba/player/_/id/70662/precious-achiuwa
2026-08-27T20:15:56Z,2026-27,SAC,Nique Clifford,standard,SF,24.0,RK-1ST,3263400.0,3263400.0,0.0,0.0,0.0,3263400.0,https://www.spotrac.com/nba/.../cap/_/year/2026 (fetched 2026-08-27),https://www.spotrac.com/nba/player/_/id/98612/nique-clifford
2026-08-27T20:15:56Z,2026-27,SAC,Alex Karaban,standard,PF,24.0,RK-1ST,2948280.0,2948280.0,0.0,0.0,0.0,2948280.0,https://www.spotrac.com/nba/.../cap/_/year/2026 (fetched 2026-08-27),https://www.spotrac.com/nba/player/_/id/91783/alex-karaban
2026-08-27T20:15:56Z,2026-27,SAC,Daeqwon Plowden,standard,G,28.0,FA,2449421.0,2449421.0,0.0,0.0,0.0,2449421.0,https://www.spotrac.com/nba/.../cap/_/year/2026 (fetched 2026-08-27),https://www.spotrac.com/nba/player/_/id/79950/daeqwon-plowden
2026-08-27T20:15:56Z,2026-27,SAC,Maxime Raynaud,standard,C,23.0,RK-2ND,2150918.0,2150918.0,0.0,0.0,0.0,2150918.0,https://www.spotrac.com/nba/.../cap/_/year/2026 (fetched 2026-08-27),https://www.spotrac.com/nba/player/_/id/98635/maxime-raynaud
2026-08-27T20:15:56Z,2026-27,SAC,Dylan Cardwell,standard,PF,25.0,ROS,2150917.0,2150917.0,0.0,0.0,0.0,2150917.0,https://www.spotrac.com/nba/.../cap/_/year/2026 (fetched 2026-08-27),https://www.spotrac.com/nba/player/_/id/99643/dylan-cardwell
2026-08-27T20:15:56Z,2026-27,SAC,Emanuel Sharp,standard,PG,22.0,RK-2ND,1357763.0,1357763.0,0.0,0.0,0.0,1357763.0,https://www.spotrac.com/nba/.../cap/_/year/2026 (fetched 2026-08-27),https://www.spotrac.com/nba/player/_/id/108434/emanuel-sharp
2026-08-27T20:15:56Z,2026-27,SAC,DeMar DeRozan,dead_money,SF,,,3333333.0,0.0,0.0,0.0,0.0,0.0,https://www.spotrac.com/nba/.../cap/_/year/2026 (fetched 2026-08-27),https://www.spotrac.com/nba/player/_/id/6327/demar-derozan
2026-08-27T20:15:56Z,2026-27,SAC,Russell Westbrook,cap_hold,PG,38.0,FA,2449421.0,0.0,0.0,0.0,0.0,0.0,https://www.spotrac.com/nba/.../cap/_/year/2026 (fetched 2026-08-27),https://www.spotrac.com/nba/player/_/id/6141/russell-westbrook
2026-08-27T20:15:56Z,2026-27,SAC,JaVale McGee,cap_hold,C,39.0,FA,2449421.0,0.0,0.0,0.0,0.0,0.0,https://www.spotrac.com/nba/.../cap/_/year/2026 (fetched 2026-08-27),https://www.spotrac.com/nba/player/_/id/6159/javale-mcgee
2026-08-27T20:15:56Z,2026-27,SAC,Doug McDermott,cap_hold,SF,35.0,FA,2449421.0,0.0,0.0,0.0,0.0,0.0,https://www.spotrac.com/nba/.../cap/_/year/2026 (fetched 2026-08-27),https://www.spotrac.com/nba/player/_/id/15363/doug-mcdermott
2026-08-27T20:15:56Z,2026-27,SAC,Killian Hayes,cap_hold,PG,25.0,ROS,2449421.0,0.0,0.0,0.0,0.0,0.0,https://www.spotrac.com/nba/.../cap/_/year/2026 (fetched 2026-08-27),https://www.spotrac.com/nba/player/_/id/70649/killian-hayes
2026-08-27T20:15:56Z,2026-27,SAC,Drew Eubanks,cap_hold,C,29.0,FA,2449421.0,0.0,0.0,0.0,0.0,0.0,https://www.spotrac.com/nba/.../cap/_/year/2026 (fetched 2026-08-27),https://www.spotrac.com/nba/player/_/id/28052/drew-eubanks
2026-08-27T20:15:56Z,2026-27,SAC,Jae Crowder,cap_hold,SF,36.0,ROS,2449421.0,0.0,0.0,0.0,0.0,0.0,https://www.spotrac.com/nba/.../cap/_/year/2026 (fetched 2026-08-27),https://www.spotrac.com/nba/player/_/id/10859/jae-crowder
2026-08-27T20:15:56Z,2026-27,SAC,Patrick Baldwin Jr.,cap_hold,SF,24.0,2W,2449421.0,0.0,0.0,0.0,0.0,0.0,https://www.spotrac.com/nba/.../cap/_/year/2026 (fetched 2026-08-27),https://www.spotrac.com/nba/player/_/id/78139/patrick-baldwin-jr
2026-08-27T20:15:56Z,2026-27,SAC,Mason Jones,cap_hold,SG,28.0,2W,2185116.0,0.0,0.0,0.0,0.0,0.0,https://www.spotrac.com/nba/.../cap/_/year/2026 (fetched 2026-08-27),https://www.spotrac.com/nba/player/_/id/70713/mason-jones
2026-08-27T20:15:56Z,2026-27,SAC,Jordan Ford,cap_hold,PG,28.0,2W,2185116.0,0.0,0.0,0.0,0.0,0.0,https://www.spotrac.com/nba/.../cap/_/year/2026 (fetched 2026-08-27),https://www.spotrac.com/nba/player/_/id/70718/jordan-ford
2026-08-27T20:15:56Z,2026-27,SAS,Jordan McLaughlin,pending,PG,30.0,FA,2449421.0,3286399.0,0.0,0.0,0.0,3286399.0,https://www.spotrac.com/nba/.../cap/_/year/2026 (fetched 2026-08-27),https://www.spotrac.com/nba/player/_/id/27975/jordan-mclaughlin
2026-08-27T20:15:56Z,2026-27,SAS,De'Aaron Fox,standard,PG,29.0,VET-EXT,49488300.0,49488300.0,0.0,0.0,0.0,49488300.0,https://www.spotrac.com/nba/.../cap/_/year/2026 (fetched 2026-08-27),https://www.spotrac.com/nba/player/_/id/23600/deaaron-fox
2026-08-27T20:15:56Z,2026-27,SAS,Devin Vassell,non_guaranteed,SG,26.0,RK-EXT,27500000.0,27000000.0,500000.0,1700000.0,0.0,27000000.0,https://www.spotrac.com/nba/.../cap/_/year/2026 (fetched 2026-08-27),https://www.spotrac.com/nba/player/_/id/70653/devin-vassell
2026-08-27T20:15:56Z,2026-27,SAS,Keldon Johnson,non_guaranteed,SF,27.0,RK-EXT,18000000.0,17500000.0,500000.0,1000000.0,0.0,17500000.0,https://www.spotrac.com/nba/.../cap/_/year/2026 (fetched 2026-08-27),https://www.spotrac.com/nba/player/_/id/31588/keldon-johnson
2026-08-27T20:15:56Z,2026-27,SAS,Victor Wembanyama,standard,C,23.0,RK-1ST,16868246.0,16868246.0,0.0,0.0,0.0,16868246.0,https://www.spotrac.com/nba/.../cap/_/year/2026 (fetched 2026-08-27),https://www.spotrac.com/nba/player/_/id/82196/victor-wembanyama
2026-08-27T20:15:56Z,2026-27,SAS,Julian Champagnie,standard,SF,25.0,VET-EXT,15350000.0,15350000.0,0.0,0.0,0.0,15350000.0,https://www.spotrac.com/nba/.../cap/_/year/2026 (fetched 2026-08-27),https://www.spotrac.com/nba/player/_/id/78268/julian-champagnie
2026-08-27T20:15:56Z,2026-27,SAS,Tobias Harris,standard,PF,34.0,FA,15044000.0,15044000.0,0.0,0.0,0.0,15044000.0,https://www.spotrac.com/nba/.../cap/_/year/2026 (fetched 2026-08-27),https://www.spotrac.com/nba/player/_/id/8070/tobias-harris
2026-08-27T20:15:56Z,2026-27,SAS,Dylan Harper,standard,PG,20.0,RK-1ST,12989040.0,12989040.0,0.0,0.0,0.0,12989040.0,https://www.spotrac.com/nba/.../cap/_/year/2026 (fetched 2026-08-27),https://www.spotrac.com/nba/player/_/id/98598/dylan-harper
2026-08-27T20:15:56Z,2026-27,SAS,Luke Kornet,standard,C,31.0,FA,10450000.0,10450000.0,0.0,0.0,0.0,10450000.0,https://www.spotrac.com/nba/.../cap/_/year/2026 (fetched 2026-08-27),https://www.spotrac.com/nba/player/_/id/23670/luke-kornet
2026-08-27T20:15:56Z,2026-27,SAS,Stephon Castle,standard,PG,22.0,RK-1ST,10015920.0,10015920.0,0.0,0.0,0.0,10015920.0,https://www.spotrac.com/nba/.../cap/_/year/2026 (fetched 2026-08-27),https://www.spotrac.com/nba/player/_/id/91750/stephon-castle
2026-08-27T20:15:56Z,2026-27,SAS,Harrison Barnes,standard,PF,34.0,FA,8000000.0,8000000.0,0.0,0.0,0.0,8000000.0,https://www.spotrac.com/nba/.../cap/_/year/2026 (fetched 2026-08-27),https://www.spotrac.com/nba/player/_/id/10815/harrison-barnes
2026-08-27T20:15:56Z,2026-27,SAS,Carter Bryant,standard,PF,21.0,RK-1ST,5145360.0,5145360.0,0.0,0.0,0.0,5145360.0,https://www.spotrac.com/nba/.../cap/_/year/2026 (fetched 2026-08-27),https://www.spotrac.com/nba/player/_/id/98614/carter-bryant
2026-08-27T20:15:56Z,2026-27,SAS,Jayden Quaintance,standard,C,19.0,RK-1ST,3902760.0,3902760.0,0.0,0.0,0.0,3902760.0,https://www.spotrac.com/nba/.../cap/_/year/2026 (fetched 2026-08-27),https://www.spotrac.com/nba/player/_/id/107936/jayden-quaintance
2026-08-27T20:15:56Z,2026-27,SAS,Tarris Reed Jr.,standard,C,23.0,RK-1ST,3076920.0,3076920.0,0.0,0.0,0.0,3076920.0,https://www.spotrac.com/nba/.../cap/_/year/2026 (fetched 2026-08-27),https://www.spotrac.com/nba/player/_/id/107959/tarris-reed-jr
2026-08-27T20:15:56Z,2026-27,SAS,Jordan McLaughlin,standard,PG,30.0,FA,2449421.0,3286399.0,0.0,0.0,0.0,3286399.0,https://www.spotrac.com/nba/.../cap/_/year/2026 (fetched 2026-08-27),https://www.spotrac.com/nba/player/_/id/27975/jordan-mclaughlin
2026-08-27T20:15:56Z,2026-27,SAS,Kelly Olynyk,cap_hold,PF,35.0,VET-EXT,25545732.0,0.0,0.0,0.0,0.0,0.0,https://www.spotrac.com/nba/.../cap/_/year/2026 (fetched 2026-08-27),https://www.spotrac.com/nba/player/_/id/13326/kelly-olynyk
2026-08-27T20:15:56Z,2026-27,SAS,Lindy Waters III,cap_hold,SF,29.0,FA,2449421.0,0.0,0.0,0.0,0.0,0.0,https://www.spotrac.com/nba/.../cap/_/year/2026 (fetched 2026-08-27),https://www.spotrac.com/nba/player/_/id/75746/lindy-waters-iii
2026-08-27T20:15:56Z,2026-27,SAS,Mason Plumlee,cap_hold,C,36.0,ROS,2449421.0,0.0,0.0,0.0,0.0,0.0,https://www.spotrac.com/nba/.../cap/_/year/2026 (fetched 2026-08-27),https://www.spotrac.com/nba/player/_/id/13335/mason-plumlee
2026-08-27T20:15:56Z,2026-27,SAS,Bismack Biyombo,cap_hold,C,34.0,FA,2449421.0,0.0,0.0,0.0,0.0,0.0,https://www.spotrac.com/nba/.../cap/_/year/2026 (fetched 2026-08-27),https://www.spotrac.com/nba/player/_/id/8057/bismack-biyombo
2026-08-27T20:15:56Z,2026-27,TOR,Kawhi Leonard,pending,SF,35.0,VET-EXT,50300000.0,50300000.0,0.0,0.0,0.0,50300000.0,https://www.spotrac.com/nba/.../cap/_/year/2026 (fetched 2026-08-27),https://www.spotrac.com/nba/player/_/id/8066/kawhi-leonard
2026-08-27T20:15:56Z,2026-27,TOR,Scottie Barnes,standard,PF,25.0,DRK-EXT,41754690.0,41754690.0,0.0,0.0,0.0,41754690.0,https://www.spotrac.com/nba/.../cap/_/year/2026 (fetched 2026-08-27),https://www.spotrac.com/nba/player/_/id/74111/scottie-barnes
2026-08-27T20:15:56Z,2026-27,TOR,Brandon Ingram,standard,SF,29.0,VET-EXT,40000000.0,40000000.0,0.0,0.0,0.0,40000000.0,https://www.spotrac.com/nba/.../cap/_/year/2026 (fetched 2026-08-27),https://www.spotrac.com/nba/player/_/id/20207/brandon-ingram
2026-08-27T20:15:56Z,2026-27,TOR,Immanuel Quickley,standard,PG,27.0,FA,32500000.0,32500000.0,0.0,2500000.0,0.0,32500000.0,https://www.spotrac.com/nba/.../cap/_/year/2026 (fetched 2026-08-27),https://www.spotrac.com/nba/player/_/id/70667/immanuel-quickley
2026-08-27T20:15:56Z,2026-27,TOR,R.J. Barrett,standard,SG,26.0,RK-EXT,29616071.0,29616071.0,0.0,3598209.0,0.0,29616071.0,https://www.spotrac.com/nba/.../cap/_/year/2026 (fetched 2026-08-27),https://www.spotrac.com/nba/player/_/id/31560/rj-barrett
2026-08-27T20:15:56Z,2026-27,TOR,Jakob Poeltl,standard,C,31.0,FA,19500000.0,19500000.0,0.0,500000.0,0.0,19500000.0,https://www.spotrac.com/nba/.../cap/_/year/2026 (fetched 2026-08-27),https://www.spotrac.com/nba/player/_/id/20214/jakob-poeltl
2026-08-27T20:15:56Z,2026-27,TOR,Gradey Dick,standard,SG,23.0,RK-1ST,7131511.0,7131511.0,0.0,0.0,0.0,7131511.0,https://www.spotrac.com/nba/.../cap/_/year/2026 (fetched 2026-08-27),https://www.spotrac.com/nba/player/_/id/82204/gradey-dick
2026-08-27T20:15:56Z,2026-27,TOR,Collin Murray-Boyles,standard,PF,21.0,RK-1ST,6649560.0,6649560.0,0.0,0.0,0.0,6649560.0,https://www.spotrac.com/nba/.../cap/_/year/2026 (fetched 2026-08-27),https://www.spotrac.com/nba/player/_/id/98609/collin-murray-boyles
2026-08-27T20:15:56Z,2026-27,TOR,Allen Graves,standard,PF,20.0,RK-1ST,4065720.0,4065720.0,0.0,0.0,0.0,4065720.0,https://www.spotrac.com/nba/.../cap/_/year/2026 (fetched 2026-08-27),https://www.spotrac.com/nba/player/_/id/107944/allen-graves
2026-08-27T20:15:56Z,2026-27,TOR,Ja'Kobe Walter,standard,SG,22.0,RK-1ST,3811800.0,3811800.0,0.0,0.0,0.0,3811800.0,https://www.spotrac.com/nba/.../cap/_/year/2026 (fetched 2026-08-27),https://www.spotrac.com/nba/player/_/id/91754/jakobe-walter
2026-08-27T20:15:56Z,2026-27,TOR,Kyle Anderson,standard,PF,33.0,FA,2449421.0,3876529.0,0.0,0.0,0.0,3876529.0,https://www.spotrac.com/nba/.../cap/_/year/2026 (fetched 2026-08-27),https://www.spotrac.com/nba/player/_/id/15382/kyle-anderson
2026-08-27T20:15:56Z,2026-27,TOR,Trayce Jackson-Davis,standard,PF,26.0,RK-2ND,2406205.0,2406205.0,0.0,0.0,0.0,0.0,https://www.spotrac.com/nba/.../cap/_/year/2026 (fetched 2026-08-27),https://www.spotrac.com/nba/player/_/id/84443/trayce-jackson-davis
2026-08-27T20:15:56Z,2026-27,TOR,Jamal Shead,standard,PG,24.0,RK-2ND,2296271.0,2296271.0,0.0,0.0,0.0,2296271.0,https://www.spotrac.com/nba/.../cap/_/year/2026 (fetched 2026-08-27),https://www.spotrac.com/nba/player/_/id/93955/jamal-shead
2026-08-27T20:15:56Z,2026-27,TOR,Jamison Battle,standard,SF,25.0,ROS,2296271.0,2296271.0,0.0,0.0,0.0,0.0,https://www.spotrac.com/nba/.../cap/_/year/2026 (fetched 2026-08-27),https://www.spotrac.com/nba/player/_/id/95121/jamison-battle
2026-08-27T20:15:56Z,2026-27,TOR,Alijah Martin,standard,SG,25.0,FA,2185116.0,2185116.0,0.0,0.0,0.0,2185116.0,https://www.spotrac.com/nba/.../cap/_/year/2026 (fetched 2026-08-27),https://www.spotrac.com/nba/player/_/id/98642/alijah-martin
2026-08-27T20:15:56Z,2026-27,TOR,Jordan Nwora,cap_hold,SF,28.0,FA,5700000.0,0.0,0.0,0.0,0.0,0.0,https://www.spotrac.com/nba/.../cap/_/year/2026 (fetched 2026-08-27),https://www.spotrac.com/nba/player/_/id/70687/jordan-nwora
2026-08-27T20:15:56Z,2026-27,TOR,Garrett Temple,cap_hold,SG,40.0,FA,2449421.0,0.0,0.0,0.0,0.0,0.0,https://www.spotrac.com/nba/.../cap/_/year/2026 (fetched 2026-08-27),https://www.spotrac.com/nba/player/_/id/6492/garrett-temple
2026-08-27T20:15:56Z,2026-27,TOR,A.J. Lawson,cap_hold,F,26.0,ROS,2449421.0,0.0,0.0,0.0,0.0,0.0,https://www.spotrac.com/nba/.../cap/_/year/2026 (fetched 2026-08-27),https://www.spotrac.com/nba/player/_/id/74329/aj-lawson
2026-08-27T20:15:56Z,2026-27,TOR,Will Barton,cap_hold,SG,36.0,ROS,2449421.0,0.0,0.0,0.0,0.0,0.0,https://www.spotrac.com/nba/.../cap/_/year/2026 (fetched 2026-08-27),https://www.spotrac.com/nba/player/_/id/10865/will-barton
2026-08-27T20:15:56Z,2026-27,UTA,Jaren Jackson Jr.,standard,PF,27.0,VET-EXT,49000000.0,49000000.0,0.0,0.0,0.0,49000000.0,https://www.spotrac.com/nba/.../cap/_/year/2026 (fetched 2026-08-27),https://www.spotrac.com/nba/player/_/id/26970/jaren-jackson-jr
2026-08-27T20:15:56Z,2026-27,UTA,Lauri Markkanen,standard,PF,29.0,VET-EXT,46113154.0,46113154.0,0.0,0.0,0.0,46113154.0,https://www.spotrac.com/nba/.../cap/_/year/2026 (fetched 2026-08-27),https://www.spotrac.com/nba/player/_/id/23602/lauri-markkanen
2026-08-27T20:15:56Z,2026-27,UTA,Darryn Peterson,standard,PG,20.0,RK-1ST,13195320.0,13195320.0,0.0,0.0,0.0,13195320.0,https://www.spotrac.com/nba/.../cap/_/year/2026 (fetched 2026-08-27),https://www.spotrac.com/nba/player/_/id/107918/darryn-peterson
2026-08-27T20:15:56Z,2026-27,UTA,Jusuf Nurkic,standard,C,32.0,FA,11458333.0,11458333.0,0.0,0.0,0.0,11458333.0,https://www.spotrac.com/nba/.../cap/_/year/2026 (fetched 2026-08-27),https://www.spotrac.com/nba/player/_/id/15368/jusuf-nurkic
2026-08-27T20:15:56Z,2026-27,UTA,Ace Bailey,standard,SF,20.0,RK-1ST,9523080.0,9523080.0,0.0,0.0,0.0,9523080.0,https://www.spotrac.com/nba/.../cap/_/year/2026 (fetched 2026-08-27),https://www.spotrac.com/nba/player/_/id/98599/ace-bailey
2026-08-27T20:15:56Z,2026-27,UTA,Keyonte George,standard,SG,23.0,RK-1ST,6563925.0,6563925.0,0.0,0.0,0.0,6563925.0,https://www.spotrac.com/nba/.../cap/_/year/2026 (fetched 2026-08-27),https://www.spotrac.com/nba/player/_/id/82209/keyonte-george
2026-08-27T20:15:56Z,2026-27,UTA,John Konchar,standard,SG,30.0,VET-EXT,6165000.0,6165000.0,0.0,0.0,0.0,6165000.0,https://www.spotrac.com/nba/.../cap/_/year/2026 (fetched 2026-08-27),https://www.spotrac.com/nba/player/_/id/32170/john-konchar
2026-08-27T20:15:56Z,2026-27,UTA,Cody Williams,standard,SG,22.0,RK-1ST,6015600.0,6015600.0,0.0,0.0,0.0,6015600.0,https://www.spotrac.com/nba/.../cap/_/year/2026 (fetched 2026-08-27),https://www.spotrac.com/nba/player/_/id/91752/cody-williams
2026-08-27T20:15:56Z,2026-27,UTA,Josh Okogie,standard,SG,28.0,FA,6000000.0,6000000.0,0.0,0.0,0.0,6000000.0,https://www.spotrac.com/nba/.../cap/_/year/2026 (fetched 2026-08-27),https://www.spotrac.com/nba/player/_/id/26986/josh-okogie
2026-08-27T20:15:56Z,2026-27,UTA,Jaxson Hayes,standard,C,26.0,FA,6000000.0,6000000.0,0.0,0.0,0.0,6000000.0,https://www.spotrac.com/nba/.../cap/_/year/2026 (fetched 2026-08-27),https://www.spotrac.com/nba/player/_/id/31565/jaxson-hayes
2026-08-27T20:15:56Z,2026-27,UTA,Brice Sensabaugh,standard,SF,23.0,RK-1ST,4862237.0,4862237.0,0.0,0.0,0.0,4862237.0,https://www.spotrac.com/nba/.../cap/_/year/2026 (fetched 2026-08-27),https://www.spotrac.com/nba/player/_/id/82213/brice-sensabaugh
2026-08-27T20:15:56Z,2026-27,UTA,Sviatoslav Mykhailiuk,standard,SG,29.0,FA,3850000.0,3850000.0,0.0,0.0,0.0,0.0,https://www.spotrac.com/nba/.../cap/_/year/2026 (fetched 2026-08-27),https://www.spotrac.com/nba/player/_/id/27013/sviatoslav-mykhailiuk
2026-08-27T20:15:56Z,2026-27,UTA,Mohamed Bamba,non_guaranteed,C,28.0,FA,3506659.0,3506659.0,0.0,0.0,0.0,200000.0,https://www.spotrac.com/nba/.../cap/_/year/2026 (fetched 2026-08-27),https://www.spotrac.com/nba/player/_/id/26972/mohamed-bamba
2026-08-27T20:15:56Z,2026-27,UTA,Kyle Filipowski,standard,PF,23.0,RK,3000000.0,3000000.0,0.0,0.0,0.0,0.0,https://www.spotrac.com/nba/.../cap/_/year/2026 (fetched 2026-08-27),https://www.spotrac.com/nba/player/_/id/91757/kyle-filipowski
2026-08-27T20:15:56Z,2026-27,UTA,Isaiah Collier,standard,PG,22.0,RK-1ST,2763960.0,2763960.0,0.0,0.0,0.0,2763960.0,https://www.spotrac.com/nba/.../cap/_/year/2026 (fetched 2026-08-27),https://www.spotrac.com/nba/player/_/id/91753/isaiah-collier
2026-08-27T20:15:56Z,2026-27,UTA,Kevin Love,cap_hold,C,38.0,FA,7885000.0,0.0,0.0,0.0,0.0,0.0,https://www.spotrac.com/nba/.../cap/_/year/2026 (fetched 2026-08-27),https://www.spotrac.com/nba/player/_/id/6132/kevin-love
2026-08-27T20:15:56Z,2026-27,UTA,Bez Mbeng,cap_hold,G,24.0,ROS,2185116.0,0.0,0.0,0.0,0.0,0.0,https://www.spotrac.com/nba/.../cap/_/year/2026 (fetched 2026-08-27),https://www.spotrac.com/nba/player/_/id/101318/bez-mbeng
2026-08-27T20:15:56Z,2026-27,UTA,Hayden Gray,cap_hold,G,23.0,ROS,2185116.0,0.0,0.0,0.0,0.0,0.0,https://www.spotrac.com/nba/.../cap/_/year/2026 (fetched 2026-08-27),https://www.spotrac.com/nba/player/_/id/100539/hayden-gray
2026-08-27T20:15:56Z,2026-27,WAS,Anthony Davis,standard,C,33.0,VET-EXT,58456566.0,58456566.0,0.0,0.0,0.0,58456566.0,https://www.spotrac.com/nba/.../cap/_/year/2026 (fetched 2026-08-27),https://www.spotrac.com/nba/player/_/id/10809/anthony-davis
2026-08-27T20:15:56Z,2026-27,WAS,Trae Young,standard,PG,28.0,FA,49488300.0,49488300.0,0.0,0.0,0.0,49488300.0,https://www.spotrac.com/nba/.../cap/_/year/2026 (fetched 2026-08-27),https://www.spotrac.com/nba/player/_/id/26971/trae-young
2026-08-27T20:15:56Z,2026-27,WAS,AJ Dybantsa,standard,SF,20.0,RK-1ST,14748000.0,14748000.0,0.0,0.0,0.0,14748000.0,https://www.spotrac.com/nba/.../cap/_/year/2026 (fetched 2026-08-27),https://www.spotrac.com/nba/player/_/id/107917/aj-dybantsa
2026-08-27T20:15:56Z,2026-27,WAS,Alex Sarr,standard,PF,21.0,RK-1ST,12370680.0,12370680.0,0.0,0.0,0.0,12370680.0,https://www.spotrac.com/nba/.../cap/_/year/2026 (fetched 2026-08-27),https://www.spotrac.com/nba/player/_/id/91734/alex-sarr
2026-08-27T20:15:56Z,2026-27,WAS,Bilal Coulibaly,standard,SF,22.0,RK-1ST,9240012.0,9240012.0,0.0,0.0,0.0,9240012.0,https://www.spotrac.com/nba/.../cap/_/year/2026 (fetched 2026-08-27),https://www.spotrac.com/nba/player/_/id/82317/bilal-coulibaly
2026-08-27T20:15:56Z,2026-27,WAS,Tre Johnson,standard,SG,20.0,RK-1ST,8649600.0,8649600.0,0.0,0.0,0.0,8649600.0,https://www.spotrac.com/nba/.../cap/_/year/2026 (fetched 2026-08-27),https://www.spotrac.com/nba/player/_/id/98601/tre-johnson
2026-08-27T20:15:56Z,2026-27,WAS,Deandre Ayton,standard,C,28.0,FA,8104000.0,8104000.0,0.0,0.0,0.0,8104000.0,https://www.spotrac.com/nba/.../cap/_/year/2026 (fetched 2026-08-27),https://www.spotrac.com/nba/player/_/id/26967/deandre-ayton
2026-08-27T20:15:56Z,2026-27,WAS,Tre Mann,standard,PG,25.0,FA,8000000.0,8000000.0,0.0,0.0,0.0,8000000.0,https://www.spotrac.com/nba/.../cap/_/year/2026 (fetched 2026-08-27),https://www.spotrac.com/nba/player/_/id/74125/tre-mann
2026-08-27T20:15:56Z,2026-27,WAS,Khris Middleton,standard,SF,35.0,S&T,5591122.0,5591122.0,0.0,0.0,0.0,5591122.0,https://www.spotrac.com/nba/.../cap/_/year/2026 (fetched 2026-08-27),https://www.spotrac.com/nba/player/_/id/10864/khris-middleton
2026-08-27T20:15:56Z,2026-27,WAS,Bub Carrington,standard,PG,21.0,RK-1ST,4900560.0,4900560.0,0.0,0.0,0.0,4900560.0,https://www.spotrac.com/nba/.../cap/_/year/2026 (fetched 2026-08-27),https://www.spotrac.com/nba/player/_/id/91766/bub-carrington
2026-08-27T20:15:56Z,2026-27,WAS,Will Riley,standard,SF,20.0,RK-1ST,3688320.0,3688320.0,0.0,0.0,0.0,3688320.0,https://www.spotrac.com/nba/.../cap/_/year/2026 (fetched 2026-08-27),https://www.spotrac.com/nba/player/_/id/98622/will-riley
2026-08-27T20:15:56Z,2026-27,WAS,Kyshawn George,standard,SG,23.0,RK-1ST,3108000.0,3108000.0,0.0,0.0,0.0,3108000.0,https://www.spotrac.com/nba/.../cap/_/year/2026 (fetched 2026-08-27),https://www.spotrac.com/nba/player/_/id/91765/kyshawn-george
2026-08-27T20:15:56Z,2026-27,WAS,Tristan Vukcevic,standard,C,23.0,ROS,3000000.0,3000000.0,0.0,0.0,0.0,3000000.0,https://www.spotrac.com/nba/.../cap/_/year/2026 (fetched 2026-08-27),https://www.spotrac.com/nba/player/_/id/84470/tristan-vukcevic
2026-08-27T20:15:56Z,2026-27,WAS,Justin Champagnie,standard,SF,25.0,ROS,2667944.0,2667944.0,0.0,0.0,0.0,0.0,https://www.spotrac.com/nba/.../cap/_/year/2026 (fetched 2026-08-27),https://www.spotrac.com/nba/player/_/id/74240/justin-champagnie
2026-08-27T20:15:56Z,2026-27,WAS,Ian Mahinmi,cap_hold,C,40.0,,23175077.0,0.0,0.0,0.0,0.0,0.0,https://www.spotrac.com/nba/.../cap/_/year/2026 (fetched 2026-08-27),https://www.spotrac.com/nba/player/_/id/2708/ian-mahinmi
2026-08-27T20:15:56Z,2026-27,WAS,Kendrick Nunn,cap_hold,PG,31.0,FA,6825000.0,0.0,0.0,0.0,0.0,0.0,https://www.spotrac.com/nba/.../cap/_/year/2026 (fetched 2026-08-27),https://www.spotrac.com/nba/player/_/id/28041/kendrick-nunn
2026-08-27T20:15:56Z,2026-27,WAS,Ramon Sessions,cap_hold,PG,40.0,,2449421.0,0.0,0.0,0.0,0.0,0.0,https://www.spotrac.com/nba/.../cap/_/year/2026 (fetched 2026-08-27),https://www.spotrac.com/nba/player/_/id/2566/ramon-sessions
2026-08-27T20:15:56Z,2026-27,WAS,Tomas Satoransky,cap_hold,SG,35.0,ROS,2449421.0,0.0,0.0,0.0,0.0,0.0,https://www.spotrac.com/nba/.../cap/_/year/2026 (fetched 2026-08-27),https://www.spotrac.com/nba/player/_/id/10857/tomas-satoransky
2026-08-27T20:15:56Z,2026-27,WAS,Shabazz Napier,cap_hold,PG,35.0,,2449421.0,0.0,0.0,0.0,0.0,0.0,https://www.spotrac.com/nba/.../cap/_/year/2026 (fetched 2026-08-27),https://www.spotrac.com/nba/player/_/id/15376/shabazz-napier
2026-08-27T20:15:56Z,2026-27,WAS,Ty Lawson,cap_hold,PG,39.0,,2449421.0,0.0,0.0,0.0,0.0,0.0,https://www.spotrac.com/nba/.../cap/_/year/2026 (fetched 2026-08-27),https://www.spotrac.com/nba/player/_/id/6283/ty-lawson
2026-08-27T20:15:56Z,2026-27,WAS,Anthony Gill,cap_hold,PF,34.0,FA,2449421.0,0.0,0.0,0.0,0.0,0.0,https://www.spotrac.com/nba/.../cap/_/year/2026 (fetched 2026-08-27),https://www.spotrac.com/nba/player/_/id/70741/anthony-gill
2026-08-27T20:15:56Z,2026-27,WAS,Sharife Cooper,cap_hold,PG,25.0,2W,2449421.0,0.0,0.0,0.0,0.0,0.0,https://www.spotrac.com/nba/.../cap/_/year/2026 (fetched 2026-08-27),https://www.spotrac.com/nba/player/_/id/74155/sharife-cooper
2026-08-27T20:15:56Z,2026-27,WAS,Cassius Winston,cap_hold,PG,28.0,2W,2185116.0,0.0,0.0,0.0,0.0,0.0,https://www.spotrac.com/nba/.../cap/_/year/2026 (fetched 2026-08-27),https://www.spotrac.com/nba/player/_/id/70695/cassius-winston
2026-08-27T20:15:56Z,2026-27,WAS,Johnathan Williams,cap_hold,PF,31.0,2W,2185116.0,0.0,0.0,0.0,0.0,0.0,https://www.spotrac.com/nba/.../cap/_/year/2026 (fetched 2026-08-27),https://www.spotrac.com/nba/player/_/id/27739/johnathan-williams
2026-08-27T20:15:56Z,2026-27,WAS,JT Thor,cap_hold,PF,24.0,2W,2185116.0,0.0,0.0,0.0,0.0,0.0,https://www.spotrac.com/nba/.../cap/_/year/2026 (fetched 2026-08-27),https://www.spotrac.com/nba/player/_/id/74144/jt-thor
