team_abbr,season,scenario_id,scenario_label,assumptions,guaranteed_salary,player_option_salary_counted,team_option_salary_counted,team_option_declined_excluded,nonguaranteed_salary_counted,dead_money,incentives_likely,incentives_unlikely,incomplete_roster_charges,apron_team_salary,num_under_contract,num_guaranteed,cap_holds,cap_team_salary,cap_room,potential_cap_room_if_renounced,distance_to_cap,distance_to_tax,distance_to_first_apron,distance_to_second_apron,tier,is_taxpayer,full_mle_available,taxpayer_mle_available,room_exception_available,bae_available,min_exception_available,matching_rule,can_aggregate,can_take_back_more_than_send,can_acquire_sign_and_trade,can_use_prior_year_tpe,can_send_cash,can_sign_bought_out_above_mle,tpe_total_available,tpe_max_single_available,hard_capped,hard_cap_level,hard_cap_line,hard_cap_room,hard_cap_trigger,tradeable_firsts_count,tradeable_firsts,second_apron_pick_frozen,taxpayer_this_season,repeater_status,repeater_window,as_of_date,source,notes
ATL,2026-27,base,base case,"{""player_options"": ""counted at value (on books until declined)"", ""team_options"": ""counted at value (exercised) by default; only curated likely-declines (TEAM_OPTION_LIKELY_DECLINED, analyst input) excluded. Amount does not determine intent."", ""nonguaranteed"": ""treated as guaranteed (guarantee dates are Pass-2)"", ""own_free_agents"": ""approx cap hold (prior AAV) in cap basis only; not in apron salary"", ""roster_charges"": ""apron basis filled to 12 at rookie min; cap basis counts holds toward the 12"", ""repeater"": ""taxpayer flag projected forward in future seasons (apron salary > tax line)""}",112556726,0,16232245,24300000,0,0,0,0,4074000,132862971,9,7,47788640,176577611,0,32137029,-11577611,68137029,76237029,89137029,over_cap_under_tax,False,True,False,False,True,True,tiered_125,True,True,True,True,True,True,17700000,11000000,False,none,,,,5,"[{""year"": ""2027"", ""origin"": ""SAS"", ""type"": ""incoming"", ""tradeable"": null, ""condition"": """"}, {""year"": ""2027"", ""origin"": ""ATL"", ""type"": ""own_conditional_review"", ""tradeable"": null, ""condition"": ""Least favorable of MIL and NOP then other to NOP (via NOP)""}, {""year"": ""2028"", ""origin"": ""ATL"", ""type"": ""own_conditional_review"", ""tradeable"": null, ""condition"": ""More favorable of (i) ATL and less favorable (ii) CLE and UTA then other to CLE (via ATL swap for CLE or UTA)""}, {""year"": ""2029"", ""origin"": ""ATL"", ""type"": ""own_outright"", ""tradeable"": true, ""condition"": """"}, {""year"": ""2030"", ""origin"": ""ATL"", ""type"": ""own_outright"", ""tradeable"": true, ""condition"": """"}, {""year"": ""2031"", ""origin"": ""ATL"", ""type"": ""own_outright"", ""tradeable"": true, ""condition"": """"}, {""year"": ""2032"", ""origin"": ""ATL"", ""type"": ""own_outright"", ""tradeable"": true, ""condition"": """"}, {""year"": ""2033"", ""origin"": ""ATL"", ""type"": ""own_outright"", ""tradeable"": true, ""condition"": """"}]",False,False,False,"{""2022-23"": false, ""2023-24"": false, ""2024-25"": false, ""2025-26"": false}",2026-06-17,computed from contracts + constants,
ATL,2027-28,base,base case,"{""player_options"": ""counted at value (on books until declined)"", ""team_options"": ""counted at value (exercised) by default; only curated likely-declines (TEAM_OPTION_LIKELY_DECLINED, analyst input) excluded. Amount does not determine intent."", ""nonguaranteed"": ""treated as guaranteed (guarantee dates are Pass-2)"", ""own_free_agents"": ""approx cap hold (prior AAV) in cap basis only; not in apron salary"", ""roster_charges"": ""apron basis filled to 12 at rookie min; cap basis counts holds toward the 12"", ""repeater"": ""taxpayer flag projected forward in future seasons (apron salary > tax line)""}",100091800,10097560,20995517,0,0,0,0,0,5812000,136996877,8,5,0,136996877,39553123,39553123,39553123,78073123,86740123,100543123,under_cap,False,False,False,True,False,True,tiered_125,True,True,True,True,True,True,0,0,False,none,,,,5,"[{""year"": ""2027"", ""origin"": ""SAS"", ""type"": ""incoming"", ""tradeable"": null, ""condition"": """"}, {""year"": ""2027"", ""origin"": ""ATL"", ""type"": ""own_conditional_review"", ""tradeable"": null, ""condition"": ""Least favorable of MIL and NOP then other to NOP (via NOP)""}, {""year"": ""2028"", ""origin"": ""ATL"", ""type"": ""own_conditional_review"", ""tradeable"": null, ""condition"": ""More favorable of (i) ATL and less favorable (ii) CLE and UTA then other to CLE (via ATL swap for CLE or UTA)""}, {""year"": ""2029"", ""origin"": ""ATL"", ""type"": ""own_outright"", ""tradeable"": true, ""condition"": """"}, {""year"": ""2030"", ""origin"": ""ATL"", ""type"": ""own_outright"", ""tradeable"": true, ""condition"": """"}, {""year"": ""2031"", ""origin"": ""ATL"", ""type"": ""own_outright"", ""tradeable"": true, ""condition"": """"}, {""year"": ""2032"", ""origin"": ""ATL"", ""type"": ""own_outright"", ""tradeable"": true, ""condition"": """"}, {""year"": ""2033"", ""origin"": ""ATL"", ""type"": ""own_outright"", ""tradeable"": true, ""condition"": """"}]",False,False,False,"{""2023-24"": false, ""2024-25"": false, ""2025-26"": false, ""2026-27"": false}",2026-06-17,computed from contracts + constants,
ATL,2028-29,base,base case,"{""player_options"": ""counted at value (on books until declined)"", ""team_options"": ""counted at value (exercised) by default; only curated likely-declines (TEAM_OPTION_LIKELY_DECLINED, analyst input) excluded. Amount does not determine intent."", ""nonguaranteed"": ""treated as guaranteed (guarantee dates are Pass-2)"", ""own_free_agents"": ""approx cap hold (prior AAV) in cap basis only; not in apron salary"", ""roster_charges"": ""apron basis filled to 12 at rookie min; cap basis counts holds toward the 12"", ""repeater"": ""taxpayer flag projected forward in future seasons (apron salary > tax line)""}",55000000,15919890,19092814,0,0,0,0,0,10885000,100897704,5,2,0,100897704,88010296,88010296,88010296,129227296,138501296,153270296,under_cap,False,False,False,True,False,True,tiered_125,True,True,True,True,True,True,0,0,False,none,,,,5,"[{""year"": ""2027"", ""origin"": ""SAS"", ""type"": ""incoming"", ""tradeable"": null, ""condition"": """"}, {""year"": ""2027"", ""origin"": ""ATL"", ""type"": ""own_conditional_review"", ""tradeable"": null, ""condition"": ""Least favorable of MIL and NOP then other to NOP (via NOP)""}, {""year"": ""2028"", ""origin"": ""ATL"", ""type"": ""own_conditional_review"", ""tradeable"": null, ""condition"": ""More favorable of (i) ATL and less favorable (ii) CLE and UTA then other to CLE (via ATL swap for CLE or UTA)""}, {""year"": ""2029"", ""origin"": ""ATL"", ""type"": ""own_outright"", ""tradeable"": true, ""condition"": """"}, {""year"": ""2030"", ""origin"": ""ATL"", ""type"": ""own_outright"", ""tradeable"": true, ""condition"": """"}, {""year"": ""2031"", ""origin"": ""ATL"", ""type"": ""own_outright"", ""tradeable"": true, ""condition"": """"}, {""year"": ""2032"", ""origin"": ""ATL"", ""type"": ""own_outright"", ""tradeable"": true, ""condition"": """"}, {""year"": ""2033"", ""origin"": ""ATL"", ""type"": ""own_outright"", ""tradeable"": true, ""condition"": """"}]",False,False,False,"{""2024-25"": false, ""2025-26"": false, ""2026-27"": false, ""2027-28"": false}",2026-06-17,computed from contracts + constants,
ATL,2029-30,base,base case,"{""player_options"": ""counted at value (on books until declined)"", ""team_options"": ""counted at value (exercised) by default; only curated likely-declines (TEAM_OPTION_LIKELY_DECLINED, analyst input) excluded. Amount does not determine intent."", ""nonguaranteed"": ""treated as guaranteed (guarantee dates are Pass-2)"", ""own_free_agents"": ""approx cap hold (prior AAV) in cap basis only; not in apron salary"", ""roster_charges"": ""apron basis filled to 12 at rookie min; cap basis counts holds toward the 12"", ""repeater"": ""taxpayer flag projected forward in future seasons (apron salary > tax line)""}",55000000,0,0,0,0,0,0,0,16640000,71640000,2,2,0,71640000,130492000,130492000,130492000,174594000,184517000,200320000,under_cap,False,False,False,True,False,True,tiered_125,True,True,True,True,True,True,0,0,False,none,,,,5,"[{""year"": ""2027"", ""origin"": ""SAS"", ""type"": ""incoming"", ""tradeable"": null, ""condition"": """"}, {""year"": ""2027"", ""origin"": ""ATL"", ""type"": ""own_conditional_review"", ""tradeable"": null, ""condition"": ""Least favorable of MIL and NOP then other to NOP (via NOP)""}, {""year"": ""2028"", ""origin"": ""ATL"", ""type"": ""own_conditional_review"", ""tradeable"": null, ""condition"": ""More favorable of (i) ATL and less favorable (ii) CLE and UTA then other to CLE (via ATL swap for CLE or UTA)""}, {""year"": ""2029"", ""origin"": ""ATL"", ""type"": ""own_outright"", ""tradeable"": true, ""condition"": """"}, {""year"": ""2030"", ""origin"": ""ATL"", ""type"": ""own_outright"", ""tradeable"": true, ""condition"": """"}, {""year"": ""2031"", ""origin"": ""ATL"", ""type"": ""own_outright"", ""tradeable"": true, ""condition"": """"}, {""year"": ""2032"", ""origin"": ""ATL"", ""type"": ""own_outright"", ""tradeable"": true, ""condition"": """"}, {""year"": ""2033"", ""origin"": ""ATL"", ""type"": ""own_outright"", ""tradeable"": true, ""condition"": """"}]",False,False,False,"{""2025-26"": false, ""2026-27"": false, ""2027-28"": false, ""2028-29"": false}",2026-06-17,computed from contracts + constants,
BKN,2026-27,base,base case,"{""player_options"": ""counted at value (on books until declined)"", ""team_options"": ""counted at value (exercised) by default; only curated likely-declines (TEAM_OPTION_LIKELY_DECLINED, analyst input) excluded. Amount does not determine intent."", ""nonguaranteed"": ""treated as guaranteed (guarantee dates are Pass-2)"", ""own_free_agents"": ""approx cap hold (prior AAV) in cap basis only; not in apron salary"", ""roster_charges"": ""apron basis filled to 12 at rookie min; cap basis counts holds toward the 12"", ""repeater"": ""taxpayer flag projected forward in future seasons (apron salary > tax line)""}",100200197,0,20498573,0,0,3018158,0,0,0,123716928,12,8,14171273,134870043,30129957,44301230,30129957,77283072,85383072,98283072,under_cap,False,False,False,True,False,True,tiered_125,True,True,True,True,True,True,0,0,False,none,,,,8,"[{""year"": ""2027"", ""origin"": ""HOU BKN"", ""type"": ""incoming_swap"", ""tradeable"": null, ""condition"": ""Or swap with BKN (via HOU swap for BKN)""}, {""year"": ""2027"", ""origin"": ""BKN HOU"", ""type"": ""own_conditional_review"", ""tradeable"": null, ""condition"": ""Or swap with HOU (via HOU swap for BKN)""}, {""year"": ""2027"", ""origin"": ""BKN"", ""type"": ""own_outright"", ""tradeable"": false, ""condition"": """"}, {""year"": ""2028"", ""origin"": ""PHI"", ""type"": ""incoming"", ""tradeable"": null, ""condition"": ""If 1-8 and if PHI conveys 1st to OKC by 2026""}, {""year"": ""2028"", ""origin"": ""NYK BKN"", ""type"": ""incoming_swap"", ""tradeable"": null, ""condition"": ""Or swap with BKN (via BKN swap for NYK)""}, {""year"": ""2028"", ""origin"": ""BKN"", ""type"": ""own_conditional_review"", ""tradeable"": null, ""condition"": ""Two most favorable of BKN, PHI 9-30 (if PHI conveys 1st to OKC by 2026) and PHX (via BKN swap for PHX) Or swap with NYK""}, {""year"": ""2028"", ""origin"": ""BKN"", ""type"": ""own_conditional_review"", ""tradeable"": null, ""condition"": ""If 9-30 and if PHI conveys 1st to OKC by 2026""}, {""year"": ""2029"", ""origin"": ""BKN"", ""type"": ""own_conditional_review"", ""tradeable"": null, ""condition"": ""Least favorable of DAL HOU and PHX then others to HOU""}, {""year"": ""2029"", ""origin"": ""BKN"", ""type"": ""own_outright"", ""tradeable"": true, ""condition"": """"}, {""year"": ""2029"", ""origin"": ""BKN"", ""type"": ""own_outright"", ""tradeable"": true, ""condition"": """"}, {""year"": ""2030"", ""origin"": ""BKN"", ""type"": ""own_outright"", ""tradeable"": true, ""condition"": """"}, {""year"": ""2031"", ""origin"": ""BKN"", ""type"": ""own_outright"", ""tradeable"": true, ""condition"": """"}, {""year"": ""2031"", ""origin"": ""BKN"", ""type"": ""own_outright"", ""tradeable"": true, ""condition"": """"}, {""year"": ""2032"", ""origin"": ""BKN"", ""type"": ""own_outright"", ""tradeable"": true, ""condition"": """"}, {""year"": ""2032"", ""origin"": ""BKN"", ""type"": ""own_outright"", ""tradeable"": true, ""condition"": """"}, {""year"": ""2033"", ""origin"": ""BKN"", ""type"": ""own_outright"", ""tradeable"": true, ""condition"": """"}]",False,False,False,"{""2022-23"": true, ""2023-24"": false, ""2024-25"": false, ""2025-26"": false}",2026-06-17,computed from contracts + constants,
BKN,2027-28,base,base case,"{""player_options"": ""counted at value (on books until declined)"", ""team_options"": ""counted at value (exercised) by default; only curated likely-declines (TEAM_OPTION_LIKELY_DECLINED, analyst input) excluded. Amount does not determine intent."", ""nonguaranteed"": ""treated as guaranteed (guarantee dates are Pass-2)"", ""own_free_agents"": ""approx cap hold (prior AAV) in cap basis only; not in apron salary"", ""roster_charges"": ""apron basis filled to 12 at rookie min; cap basis counts holds toward the 12"", ""repeater"": ""taxpayer flag projected forward in future seasons (apron salary > tax line)""}",36943184,0,21735360,0,0,0,0,0,7265000,65943544,7,2,0,65943544,110606456,110606456,110606456,149126456,157793456,171596456,under_cap,False,False,False,True,False,True,tiered_125,True,True,True,True,True,True,0,0,False,none,,,,8,"[{""year"": ""2027"", ""origin"": ""HOU BKN"", ""type"": ""incoming_swap"", ""tradeable"": null, ""condition"": ""Or swap with BKN (via HOU swap for BKN)""}, {""year"": ""2027"", ""origin"": ""BKN HOU"", ""type"": ""own_conditional_review"", ""tradeable"": null, ""condition"": ""Or swap with HOU (via HOU swap for BKN)""}, {""year"": ""2027"", ""origin"": ""BKN"", ""type"": ""own_outright"", ""tradeable"": false, ""condition"": """"}, {""year"": ""2028"", ""origin"": ""PHI"", ""type"": ""incoming"", ""tradeable"": null, ""condition"": ""If 1-8 and if PHI conveys 1st to OKC by 2026""}, {""year"": ""2028"", ""origin"": ""NYK BKN"", ""type"": ""incoming_swap"", ""tradeable"": null, ""condition"": ""Or swap with BKN (via BKN swap for NYK)""}, {""year"": ""2028"", ""origin"": ""BKN"", ""type"": ""own_conditional_review"", ""tradeable"": null, ""condition"": ""Two most favorable of BKN, PHI 9-30 (if PHI conveys 1st to OKC by 2026) and PHX (via BKN swap for PHX) Or swap with NYK""}, {""year"": ""2028"", ""origin"": ""BKN"", ""type"": ""own_conditional_review"", ""tradeable"": null, ""condition"": ""If 9-30 and if PHI conveys 1st to OKC by 2026""}, {""year"": ""2029"", ""origin"": ""BKN"", ""type"": ""own_conditional_review"", ""tradeable"": null, ""condition"": ""Least favorable of DAL HOU and PHX then others to HOU""}, {""year"": ""2029"", ""origin"": ""BKN"", ""type"": ""own_outright"", ""tradeable"": true, ""condition"": """"}, {""year"": ""2029"", ""origin"": ""BKN"", ""type"": ""own_outright"", ""tradeable"": true, ""condition"": """"}, {""year"": ""2030"", ""origin"": ""BKN"", ""type"": ""own_outright"", ""tradeable"": true, ""condition"": """"}, {""year"": ""2031"", ""origin"": ""BKN"", ""type"": ""own_outright"", ""tradeable"": true, ""condition"": """"}, {""year"": ""2031"", ""origin"": ""BKN"", ""type"": ""own_outright"", ""tradeable"": true, ""condition"": """"}, {""year"": ""2032"", ""origin"": ""BKN"", ""type"": ""own_outright"", ""tradeable"": true, ""condition"": """"}, {""year"": ""2032"", ""origin"": ""BKN"", ""type"": ""own_outright"", ""tradeable"": true, ""condition"": """"}, {""year"": ""2033"", ""origin"": ""BKN"", ""type"": ""own_outright"", ""tradeable"": true, ""condition"": """"}]",False,False,False,"{""2023-24"": false, ""2024-25"": false, ""2025-26"": false, ""2026-27"": false}",2026-06-17,computed from contracts + constants,
BKN,2028-29,base,base case,"{""player_options"": ""counted at value (on books until declined)"", ""team_options"": ""counted at value (exercised) by default; only curated likely-declines (TEAM_OPTION_LIKELY_DECLINED, analyst input) excluded. Amount does not determine intent."", ""nonguaranteed"": ""treated as guaranteed (guarantee dates are Pass-2)"", ""own_free_agents"": ""approx cap hold (prior AAV) in cap basis only; not in apron salary"", ""roster_charges"": ""apron basis filled to 12 at rookie min; cap basis counts holds toward the 12"", ""repeater"": ""taxpayer flag projected forward in future seasons (apron salary > tax line)""}",0,0,33479052,0,0,0,0,0,10885000,44364052,5,0,0,44364052,144543948,144543948,144543948,185760948,195034948,209803948,under_cap,False,False,False,True,False,True,tiered_125,True,True,True,True,True,True,0,0,False,none,,,,8,"[{""year"": ""2027"", ""origin"": ""HOU BKN"", ""type"": ""incoming_swap"", ""tradeable"": null, ""condition"": ""Or swap with BKN (via HOU swap for BKN)""}, {""year"": ""2027"", ""origin"": ""BKN HOU"", ""type"": ""own_conditional_review"", ""tradeable"": null, ""condition"": ""Or swap with HOU (via HOU swap for BKN)""}, {""year"": ""2027"", ""origin"": ""BKN"", ""type"": ""own_outright"", ""tradeable"": false, ""condition"": """"}, {""year"": ""2028"", ""origin"": ""PHI"", ""type"": ""incoming"", ""tradeable"": null, ""condition"": ""If 1-8 and if PHI conveys 1st to OKC by 2026""}, {""year"": ""2028"", ""origin"": ""NYK BKN"", ""type"": ""incoming_swap"", ""tradeable"": null, ""condition"": ""Or swap with BKN (via BKN swap for NYK)""}, {""year"": ""2028"", ""origin"": ""BKN"", ""type"": ""own_conditional_review"", ""tradeable"": null, ""condition"": ""Two most favorable of BKN, PHI 9-30 (if PHI conveys 1st to OKC by 2026) and PHX (via BKN swap for PHX) Or swap with NYK""}, {""year"": ""2028"", ""origin"": ""BKN"", ""type"": ""own_conditional_review"", ""tradeable"": null, ""condition"": ""If 9-30 and if PHI conveys 1st to OKC by 2026""}, {""year"": ""2029"", ""origin"": ""BKN"", ""type"": ""own_conditional_review"", ""tradeable"": null, ""condition"": ""Least favorable of DAL HOU and PHX then others to HOU""}, {""year"": ""2029"", ""origin"": ""BKN"", ""type"": ""own_outright"", ""tradeable"": true, ""condition"": """"}, {""year"": ""2029"", ""origin"": ""BKN"", ""type"": ""own_outright"", ""tradeable"": true, ""condition"": """"}, {""year"": ""2030"", ""origin"": ""BKN"", ""type"": ""own_outright"", ""tradeable"": true, ""condition"": """"}, {""year"": ""2031"", ""origin"": ""BKN"", ""type"": ""own_outright"", ""tradeable"": true, ""condition"": """"}, {""year"": ""2031"", ""origin"": ""BKN"", ""type"": ""own_outright"", ""tradeable"": true, ""condition"": """"}, {""year"": ""2032"", ""origin"": ""BKN"", ""type"": ""own_outright"", ""tradeable"": true, ""condition"": """"}, {""year"": ""2032"", ""origin"": ""BKN"", ""type"": ""own_outright"", ""tradeable"": true, ""condition"": """"}, {""year"": ""2033"", ""origin"": ""BKN"", ""type"": ""own_outright"", ""tradeable"": true, ""condition"": """"}]",False,False,False,"{""2024-25"": false, ""2025-26"": false, ""2026-27"": false, ""2027-28"": false}",2026-06-17,computed from contracts + constants,
BKN,2029-30,base,base case,"{""player_options"": ""counted at value (on books until declined)"", ""team_options"": ""counted at value (exercised) by default; only curated likely-declines (TEAM_OPTION_LIKELY_DECLINED, analyst input) excluded. Amount does not determine intent."", ""nonguaranteed"": ""treated as guaranteed (guarantee dates are Pass-2)"", ""own_free_agents"": ""approx cap hold (prior AAV) in cap basis only; not in apron salary"", ""roster_charges"": ""apron basis filled to 12 at rookie min; cap basis counts holds toward the 12"", ""repeater"": ""taxpayer flag projected forward in future seasons (apron salary > tax line)""}",0,0,0,0,0,0,0,0,19968000,19968000,0,0,0,19968000,182164000,182164000,182164000,226266000,236189000,251992000,under_cap,False,False,False,True,False,True,tiered_125,True,True,True,True,True,True,0,0,False,none,,,,8,"[{""year"": ""2027"", ""origin"": ""HOU BKN"", ""type"": ""incoming_swap"", ""tradeable"": null, ""condition"": ""Or swap with BKN (via HOU swap for BKN)""}, {""year"": ""2027"", ""origin"": ""BKN HOU"", ""type"": ""own_conditional_review"", ""tradeable"": null, ""condition"": ""Or swap with HOU (via HOU swap for BKN)""}, {""year"": ""2027"", ""origin"": ""BKN"", ""type"": ""own_outright"", ""tradeable"": false, ""condition"": """"}, {""year"": ""2028"", ""origin"": ""PHI"", ""type"": ""incoming"", ""tradeable"": null, ""condition"": ""If 1-8 and if PHI conveys 1st to OKC by 2026""}, {""year"": ""2028"", ""origin"": ""NYK BKN"", ""type"": ""incoming_swap"", ""tradeable"": null, ""condition"": ""Or swap with BKN (via BKN swap for NYK)""}, {""year"": ""2028"", ""origin"": ""BKN"", ""type"": ""own_conditional_review"", ""tradeable"": null, ""condition"": ""Two most favorable of BKN, PHI 9-30 (if PHI conveys 1st to OKC by 2026) and PHX (via BKN swap for PHX) Or swap with NYK""}, {""year"": ""2028"", ""origin"": ""BKN"", ""type"": ""own_conditional_review"", ""tradeable"": null, ""condition"": ""If 9-30 and if PHI conveys 1st to OKC by 2026""}, {""year"": ""2029"", ""origin"": ""BKN"", ""type"": ""own_conditional_review"", ""tradeable"": null, ""condition"": ""Least favorable of DAL HOU and PHX then others to HOU""}, {""year"": ""2029"", ""origin"": ""BKN"", ""type"": ""own_outright"", ""tradeable"": true, ""condition"": """"}, {""year"": ""2029"", ""origin"": ""BKN"", ""type"": ""own_outright"", ""tradeable"": true, ""condition"": """"}, {""year"": ""2030"", ""origin"": ""BKN"", ""type"": ""own_outright"", ""tradeable"": true, ""condition"": """"}, {""year"": ""2031"", ""origin"": ""BKN"", ""type"": ""own_outright"", ""tradeable"": true, ""condition"": """"}, {""year"": ""2031"", ""origin"": ""BKN"", ""type"": ""own_outright"", ""tradeable"": true, ""condition"": """"}, {""year"": ""2032"", ""origin"": ""BKN"", ""type"": ""own_outright"", ""tradeable"": true, ""condition"": """"}, {""year"": ""2032"", ""origin"": ""BKN"", ""type"": ""own_outright"", ""tradeable"": true, ""condition"": """"}, {""year"": ""2033"", ""origin"": ""BKN"", ""type"": ""own_outright"", ""tradeable"": true, ""condition"": """"}]",False,False,False,"{""2025-26"": false, ""2026-27"": false, ""2027-28"": false, ""2028-29"": false}",2026-06-17,computed from contracts + constants,
BOS,2026-27,base,base case,"{""player_options"": ""counted at value (on books until declined)"", ""team_options"": ""counted at value (exercised) by default; only curated likely-declines (TEAM_OPTION_LIKELY_DECLINED, analyst input) excluded. Amount does not determine intent."", ""nonguaranteed"": ""treated as guaranteed (guarantee dates are Pass-2)"", ""own_free_agents"": ""approx cap hold (prior AAV) in cap basis only; not in apron salary"", ""roster_charges"": ""apron basis filled to 12 at rookie min; cap basis counts holds toward the 12"", ""repeater"": ""taxpayer flag projected forward in future seasons (apron salary > tax line)""}",172375189,0,7818189,0,0,0,0,0,1358000,181551378,11,8,20007315,200200693,0,0,-35200693,19448622,27548622,40448622,over_cap_under_tax,False,True,False,False,True,True,tiered_125,True,True,True,True,True,True,35878571,27678571,False,none,,,,3,"[{""year"": ""2027"", ""origin"": ""BOS"", ""type"": ""own_outright"", ""tradeable"": false, ""condition"": """"}, {""year"": ""2028"", ""origin"": ""SAS BOS"", ""type"": ""incoming_swap"", ""tradeable"": null, ""condition"": ""Or swap 2-30 with SAS (via SAS swap for BOS)""}, {""year"": ""2028"", ""origin"": ""SAS BOS"", ""type"": ""incoming_swap"", ""tradeable"": null, ""condition"": ""Or swap with BOS 2-30 (via SAS swap for BOS)""}, {""year"": ""2028"", ""origin"": ""BOS"", ""type"": ""own_conditional_review"", ""tradeable"": null, ""condition"": ""If 1""}, {""year"": ""2029"", ""origin"": ""POR"", ""type"": ""incoming"", ""tradeable"": null, ""condition"": ""Most and least favorable of BOS, MIL and POR to POR then other to WAS (via BOS to POR; via MIL to POR; via POR to WAS)""}, {""year"": ""2030"", ""origin"": ""BOS"", ""type"": ""own_outright"", ""tradeable"": true, ""condition"": """"}, {""year"": ""2031"", ""origin"": ""BOS"", ""type"": ""own_outright"", ""tradeable"": true, ""condition"": """"}, {""year"": ""2032"", ""origin"": ""BOS"", ""type"": ""frozen_untradeable"", ""tradeable"": false, ""condition"": ""FROZEN PICK""}, {""year"": ""2033"", ""origin"": ""BOS"", ""type"": ""own_outright"", ""tradeable"": true, ""condition"": """"}]",False,False,True,"{""2022-23"": true, ""2023-24"": true, ""2024-25"": true, ""2025-26"": false}",2026-06-17,computed from contracts + constants,
BOS,2027-28,base,base case,"{""player_options"": ""counted at value (on books until declined)"", ""team_options"": ""counted at value (exercised) by default; only curated likely-declines (TEAM_OPTION_LIKELY_DECLINED, analyst input) excluded. Amount does not determine intent."", ""nonguaranteed"": ""treated as guaranteed (guarantee dates are Pass-2)"", ""own_free_agents"": ""approx cap hold (prior AAV) in cap basis only; not in apron salary"", ""roster_charges"": ""apron basis filled to 12 at rookie min; cap basis counts holds toward the 12"", ""repeater"": ""taxpayer flag projected forward in future seasons (apron salary > tax line)""}",176353230,0,8015633,0,0,0,0,0,7265000,191633863,7,5,0,191633863,0,0,-15083863,23436137,32103137,45906137,over_cap_under_tax,False,True,False,False,True,True,tiered_125,True,True,True,True,True,True,0,0,False,none,,,,3,"[{""year"": ""2027"", ""origin"": ""BOS"", ""type"": ""own_outright"", ""tradeable"": false, ""condition"": """"}, {""year"": ""2028"", ""origin"": ""SAS BOS"", ""type"": ""incoming_swap"", ""tradeable"": null, ""condition"": ""Or swap 2-30 with SAS (via SAS swap for BOS)""}, {""year"": ""2028"", ""origin"": ""SAS BOS"", ""type"": ""incoming_swap"", ""tradeable"": null, ""condition"": ""Or swap with BOS 2-30 (via SAS swap for BOS)""}, {""year"": ""2028"", ""origin"": ""BOS"", ""type"": ""own_conditional_review"", ""tradeable"": null, ""condition"": ""If 1""}, {""year"": ""2029"", ""origin"": ""POR"", ""type"": ""incoming"", ""tradeable"": null, ""condition"": ""Most and least favorable of BOS, MIL and POR to POR then other to WAS (via BOS to POR; via MIL to POR; via POR to WAS)""}, {""year"": ""2030"", ""origin"": ""BOS"", ""type"": ""own_outright"", ""tradeable"": true, ""condition"": """"}, {""year"": ""2031"", ""origin"": ""BOS"", ""type"": ""own_outright"", ""tradeable"": true, ""condition"": """"}, {""year"": ""2032"", ""origin"": ""BOS"", ""type"": ""frozen_untradeable"", ""tradeable"": false, ""condition"": ""FROZEN PICK""}, {""year"": ""2033"", ""origin"": ""BOS"", ""type"": ""own_outright"", ""tradeable"": true, ""condition"": """"}]",False,False,False,"{""2023-24"": true, ""2024-25"": true, ""2025-26"": false, ""2026-27"": false}",2026-06-17,computed from contracts + constants,
BOS,2028-29,base,base case,"{""player_options"": ""counted at value (on books until declined)"", ""team_options"": ""counted at value (exercised) by default; only curated likely-declines (TEAM_OPTION_LIKELY_DECLINED, analyst input) excluded. Amount does not determine intent."", ""nonguaranteed"": ""treated as guaranteed (guarantee dates are Pass-2)"", ""own_free_agents"": ""approx cap hold (prior AAV) in cap basis only; not in apron salary"", ""roster_charges"": ""apron basis filled to 12 at rookie min; cap basis counts holds toward the 12"", ""repeater"": ""taxpayer flag projected forward in future seasons (apron salary > tax line)""}",144523810,34844000,5528065,0,0,0,0,0,10885000,195780875,5,3,0,195780875,0,0,-6872875,34344125,43618125,58387125,over_cap_under_tax,False,True,False,False,True,True,tiered_125,True,True,True,True,True,True,0,0,False,none,,,,3,"[{""year"": ""2027"", ""origin"": ""BOS"", ""type"": ""own_outright"", ""tradeable"": false, ""condition"": """"}, {""year"": ""2028"", ""origin"": ""SAS BOS"", ""type"": ""incoming_swap"", ""tradeable"": null, ""condition"": ""Or swap 2-30 with SAS (via SAS swap for BOS)""}, {""year"": ""2028"", ""origin"": ""SAS BOS"", ""type"": ""incoming_swap"", ""tradeable"": null, ""condition"": ""Or swap with BOS 2-30 (via SAS swap for BOS)""}, {""year"": ""2028"", ""origin"": ""BOS"", ""type"": ""own_conditional_review"", ""tradeable"": null, ""condition"": ""If 1""}, {""year"": ""2029"", ""origin"": ""POR"", ""type"": ""incoming"", ""tradeable"": null, ""condition"": ""Most and least favorable of BOS, MIL and POR to POR then other to WAS (via BOS to POR; via MIL to POR; via POR to WAS)""}, {""year"": ""2030"", ""origin"": ""BOS"", ""type"": ""own_outright"", ""tradeable"": true, ""condition"": """"}, {""year"": ""2031"", ""origin"": ""BOS"", ""type"": ""own_outright"", ""tradeable"": true, ""condition"": """"}, {""year"": ""2032"", ""origin"": ""BOS"", ""type"": ""frozen_untradeable"", ""tradeable"": false, ""condition"": ""FROZEN PICK""}, {""year"": ""2033"", ""origin"": ""BOS"", ""type"": ""own_outright"", ""tradeable"": true, ""condition"": """"}]",False,False,False,"{""2024-25"": true, ""2025-26"": false, ""2026-27"": false, ""2027-28"": false}",2026-06-17,computed from contracts + constants,
BOS,2029-30,base,base case,"{""player_options"": ""counted at value (on books until declined)"", ""team_options"": ""counted at value (exercised) by default; only curated likely-declines (TEAM_OPTION_LIKELY_DECLINED, analyst input) excluded. Amount does not determine intent."", ""nonguaranteed"": ""treated as guaranteed (guarantee dates are Pass-2)"", ""own_free_agents"": ""approx cap hold (prior AAV) in cap basis only; not in apron salary"", ""roster_charges"": ""apron basis filled to 12 at rookie min; cap basis counts holds toward the 12"", ""repeater"": ""taxpayer flag projected forward in future seasons (apron salary > tax line)""}",0,71446914,0,0,0,0,0,0,18304000,89750914,1,0,0,89750914,112381086,112381086,112381086,156483086,166406086,182209086,under_cap,False,False,False,True,False,True,tiered_125,True,True,True,True,True,True,0,0,False,none,,,,3,"[{""year"": ""2027"", ""origin"": ""BOS"", ""type"": ""own_outright"", ""tradeable"": false, ""condition"": """"}, {""year"": ""2028"", ""origin"": ""SAS BOS"", ""type"": ""incoming_swap"", ""tradeable"": null, ""condition"": ""Or swap 2-30 with SAS (via SAS swap for BOS)""}, {""year"": ""2028"", ""origin"": ""SAS BOS"", ""type"": ""incoming_swap"", ""tradeable"": null, ""condition"": ""Or swap with BOS 2-30 (via SAS swap for BOS)""}, {""year"": ""2028"", ""origin"": ""BOS"", ""type"": ""own_conditional_review"", ""tradeable"": null, ""condition"": ""If 1""}, {""year"": ""2029"", ""origin"": ""POR"", ""type"": ""incoming"", ""tradeable"": null, ""condition"": ""Most and least favorable of BOS, MIL and POR to POR then other to WAS (via BOS to POR; via MIL to POR; via POR to WAS)""}, {""year"": ""2030"", ""origin"": ""BOS"", ""type"": ""own_outright"", ""tradeable"": true, ""condition"": """"}, {""year"": ""2031"", ""origin"": ""BOS"", ""type"": ""own_outright"", ""tradeable"": true, ""condition"": """"}, {""year"": ""2032"", ""origin"": ""BOS"", ""type"": ""frozen_untradeable"", ""tradeable"": false, ""condition"": ""FROZEN PICK""}, {""year"": ""2033"", ""origin"": ""BOS"", ""type"": ""own_outright"", ""tradeable"": true, ""condition"": """"}]",False,False,False,"{""2025-26"": false, ""2026-27"": false, ""2027-28"": false, ""2028-29"": false}",2026-06-17,computed from contracts + constants,
CHA,2026-27,base,base case,"{""player_options"": ""counted at value (on books until declined)"", ""team_options"": ""counted at value (exercised) by default; only curated likely-declines (TEAM_OPTION_LIKELY_DECLINED, analyst input) excluded. Amount does not determine intent."", ""nonguaranteed"": ""treated as guaranteed (guarantee dates are Pass-2)"", ""own_free_agents"": ""approx cap hold (prior AAV) in cap basis only; not in apron salary"", ""roster_charges"": ""apron basis filled to 12 at rookie min; cap basis counts holds toward the 12"", ""repeater"": ""taxpayer flag projected forward in future seasons (apron salary > tax line)""}",125059512,0,23342506,0,0,0,0,0,0,148402018,13,11,14392183,162794201,2205799,16597982,2205799,52597982,60697982,73597982,under_cap,False,False,False,True,False,True,tiered_125,True,True,True,True,True,True,8200962,8200962,False,none,,,,6,"[{""year"": ""2027"", ""origin"": ""DAL"", ""type"": ""incoming"", ""tradeable"": null, ""condition"": ""If 1-2""}, {""year"": ""2027"", ""origin"": ""MIA"", ""type"": ""incoming"", ""tradeable"": null, ""condition"": ""If 1-14""}, {""year"": ""2027"", ""origin"": ""CHA"", ""type"": ""own_conditional_review"", ""tradeable"": null, ""condition"": ""If 3-30""}, {""year"": ""2027"", ""origin"": ""CHA"", ""type"": ""own_conditional_review"", ""tradeable"": null, ""condition"": ""If 15-30""}, {""year"": ""2027"", ""origin"": ""CHA"", ""type"": ""own_outright"", ""tradeable"": false, ""condition"": """"}, {""year"": ""2028"", ""origin"": ""MIA CHA"", ""type"": ""incoming"", ""tradeable"": null, ""condition"": ""If MIA conveys 1st to CHA in 2027 or If MIA does not convey 1st to OKC in 2025""}, {""year"": ""2028"", ""origin"": ""CHA"", ""type"": ""own_outright"", ""tradeable"": true, ""condition"": """"}, {""year"": ""2029"", ""origin"": ""CHA"", ""type"": ""own_conditional_review"", ""tradeable"": null, ""condition"": ""Least favorable of CLE, MIN 6-30 and UTA to PHX then others to UTA (via UTA to PHX)""}, {""year"": ""2029"", ""origin"": ""CHA"", ""type"": ""own_outright"", ""tradeable"": true, ""condition"": """"}, {""year"": ""2030"", ""origin"": ""CHA"", ""type"": ""own_outright"", ""tradeable"": true, ""condition"": """"}, {""year"": ""2031"", ""origin"": ""CHA"", ""type"": ""own_outright"", ""tradeable"": true, ""condition"": """"}, {""year"": ""2032"", ""origin"": ""CHA"", ""type"": ""own_outright"", ""tradeable"": true, ""condition"": """"}, {""year"": ""2033"", ""origin"": ""CHA"", ""type"": ""own_outright"", ""tradeable"": true, ""condition"": """"}]",False,False,False,"{""2022-23"": false, ""2023-24"": false, ""2024-25"": false, ""2025-26"": false}",2026-06-17,computed from contracts + constants,
CHA,2027-28,base,base case,"{""player_options"": ""counted at value (on books until declined)"", ""team_options"": ""counted at value (exercised) by default; only curated likely-declines (TEAM_OPTION_LIKELY_DECLINED, analyst input) excluded. Amount does not determine intent."", ""nonguaranteed"": ""treated as guaranteed (guarantee dates are Pass-2)"", ""own_free_agents"": ""approx cap hold (prior AAV) in cap basis only; not in apron salary"", ""roster_charges"": ""apron basis filled to 12 at rookie min; cap basis counts holds toward the 12"", ""repeater"": ""taxpayer flag projected forward in future seasons (apron salary > tax line)""}",48634082,0,32503513,0,0,0,0,0,7265000,88402595,7,3,0,88402595,88147405,88147405,88147405,126667405,135334405,149137405,under_cap,False,False,False,True,False,True,tiered_125,True,True,True,True,True,True,0,0,False,none,,,,6,"[{""year"": ""2027"", ""origin"": ""DAL"", ""type"": ""incoming"", ""tradeable"": null, ""condition"": ""If 1-2""}, {""year"": ""2027"", ""origin"": ""MIA"", ""type"": ""incoming"", ""tradeable"": null, ""condition"": ""If 1-14""}, {""year"": ""2027"", ""origin"": ""CHA"", ""type"": ""own_conditional_review"", ""tradeable"": null, ""condition"": ""If 3-30""}, {""year"": ""2027"", ""origin"": ""CHA"", ""type"": ""own_conditional_review"", ""tradeable"": null, ""condition"": ""If 15-30""}, {""year"": ""2027"", ""origin"": ""CHA"", ""type"": ""own_outright"", ""tradeable"": false, ""condition"": """"}, {""year"": ""2028"", ""origin"": ""MIA CHA"", ""type"": ""incoming"", ""tradeable"": null, ""condition"": ""If MIA conveys 1st to CHA in 2027 or If MIA does not convey 1st to OKC in 2025""}, {""year"": ""2028"", ""origin"": ""CHA"", ""type"": ""own_outright"", ""tradeable"": true, ""condition"": """"}, {""year"": ""2029"", ""origin"": ""CHA"", ""type"": ""own_conditional_review"", ""tradeable"": null, ""condition"": ""Least favorable of CLE, MIN 6-30 and UTA to PHX then others to UTA (via UTA to PHX)""}, {""year"": ""2029"", ""origin"": ""CHA"", ""type"": ""own_outright"", ""tradeable"": true, ""condition"": """"}, {""year"": ""2030"", ""origin"": ""CHA"", ""type"": ""own_outright"", ""tradeable"": true, ""condition"": """"}, {""year"": ""2031"", ""origin"": ""CHA"", ""type"": ""own_outright"", ""tradeable"": true, ""condition"": """"}, {""year"": ""2032"", ""origin"": ""CHA"", ""type"": ""own_outright"", ""tradeable"": true, ""condition"": """"}, {""year"": ""2033"", ""origin"": ""CHA"", ""type"": ""own_outright"", ""tradeable"": true, ""condition"": """"}]",False,False,False,"{""2023-24"": false, ""2024-25"": false, ""2025-26"": false, ""2026-27"": false}",2026-06-17,computed from contracts + constants,
CHA,2028-29,base,base case,"{""player_options"": ""counted at value (on books until declined)"", ""team_options"": ""counted at value (exercised) by default; only curated likely-declines (TEAM_OPTION_LIKELY_DECLINED, analyst input) excluded. Amount does not determine intent."", ""nonguaranteed"": ""treated as guaranteed (guarantee dates are Pass-2)"", ""own_free_agents"": ""approx cap hold (prior AAV) in cap basis only; not in apron salary"", ""roster_charges"": ""apron basis filled to 12 at rookie min; cap basis counts holds toward the 12"", ""repeater"": ""taxpayer flag projected forward in future seasons (apron salary > tax line)""}",46394040,0,24896388,0,0,0,0,0,10885000,82175428,5,1,0,82175428,106732572,106732572,106732572,147949572,157223572,171992572,under_cap,False,False,False,True,False,True,tiered_125,True,True,True,True,True,True,0,0,False,none,,,,6,"[{""year"": ""2027"", ""origin"": ""DAL"", ""type"": ""incoming"", ""tradeable"": null, ""condition"": ""If 1-2""}, {""year"": ""2027"", ""origin"": ""MIA"", ""type"": ""incoming"", ""tradeable"": null, ""condition"": ""If 1-14""}, {""year"": ""2027"", ""origin"": ""CHA"", ""type"": ""own_conditional_review"", ""tradeable"": null, ""condition"": ""If 3-30""}, {""year"": ""2027"", ""origin"": ""CHA"", ""type"": ""own_conditional_review"", ""tradeable"": null, ""condition"": ""If 15-30""}, {""year"": ""2027"", ""origin"": ""CHA"", ""type"": ""own_outright"", ""tradeable"": false, ""condition"": """"}, {""year"": ""2028"", ""origin"": ""MIA CHA"", ""type"": ""incoming"", ""tradeable"": null, ""condition"": ""If MIA conveys 1st to CHA in 2027 or If MIA does not convey 1st to OKC in 2025""}, {""year"": ""2028"", ""origin"": ""CHA"", ""type"": ""own_outright"", ""tradeable"": true, ""condition"": """"}, {""year"": ""2029"", ""origin"": ""CHA"", ""type"": ""own_conditional_review"", ""tradeable"": null, ""condition"": ""Least favorable of CLE, MIN 6-30 and UTA to PHX then others to UTA (via UTA to PHX)""}, {""year"": ""2029"", ""origin"": ""CHA"", ""type"": ""own_outright"", ""tradeable"": true, ""condition"": """"}, {""year"": ""2030"", ""origin"": ""CHA"", ""type"": ""own_outright"", ""tradeable"": true, ""condition"": """"}, {""year"": ""2031"", ""origin"": ""CHA"", ""type"": ""own_outright"", ""tradeable"": true, ""condition"": """"}, {""year"": ""2032"", ""origin"": ""CHA"", ""type"": ""own_outright"", ""tradeable"": true, ""condition"": """"}, {""year"": ""2033"", ""origin"": ""CHA"", ""type"": ""own_outright"", ""tradeable"": true, ""condition"": """"}]",False,False,False,"{""2024-25"": false, ""2025-26"": false, ""2026-27"": false, ""2027-28"": false}",2026-06-17,computed from contracts + constants,
CHA,2029-30,base,base case,"{""player_options"": ""counted at value (on books until declined)"", ""team_options"": ""counted at value (exercised) by default; only curated likely-declines (TEAM_OPTION_LIKELY_DECLINED, analyst input) excluded. Amount does not determine intent."", ""nonguaranteed"": ""treated as guaranteed (guarantee dates are Pass-2)"", ""own_free_agents"": ""approx cap hold (prior AAV) in cap basis only; not in apron salary"", ""roster_charges"": ""apron basis filled to 12 at rookie min; cap basis counts holds toward the 12"", ""repeater"": ""taxpayer flag projected forward in future seasons (apron salary > tax line)""}",0,0,0,0,0,0,0,0,19968000,19968000,0,0,0,19968000,182164000,182164000,182164000,226266000,236189000,251992000,under_cap,False,False,False,True,False,True,tiered_125,True,True,True,True,True,True,0,0,False,none,,,,6,"[{""year"": ""2027"", ""origin"": ""DAL"", ""type"": ""incoming"", ""tradeable"": null, ""condition"": ""If 1-2""}, {""year"": ""2027"", ""origin"": ""MIA"", ""type"": ""incoming"", ""tradeable"": null, ""condition"": ""If 1-14""}, {""year"": ""2027"", ""origin"": ""CHA"", ""type"": ""own_conditional_review"", ""tradeable"": null, ""condition"": ""If 3-30""}, {""year"": ""2027"", ""origin"": ""CHA"", ""type"": ""own_conditional_review"", ""tradeable"": null, ""condition"": ""If 15-30""}, {""year"": ""2027"", ""origin"": ""CHA"", ""type"": ""own_outright"", ""tradeable"": false, ""condition"": """"}, {""year"": ""2028"", ""origin"": ""MIA CHA"", ""type"": ""incoming"", ""tradeable"": null, ""condition"": ""If MIA conveys 1st to CHA in 2027 or If MIA does not convey 1st to OKC in 2025""}, {""year"": ""2028"", ""origin"": ""CHA"", ""type"": ""own_outright"", ""tradeable"": true, ""condition"": """"}, {""year"": ""2029"", ""origin"": ""CHA"", ""type"": ""own_conditional_review"", ""tradeable"": null, ""condition"": ""Least favorable of CLE, MIN 6-30 and UTA to PHX then others to UTA (via UTA to PHX)""}, {""year"": ""2029"", ""origin"": ""CHA"", ""type"": ""own_outright"", ""tradeable"": true, ""condition"": """"}, {""year"": ""2030"", ""origin"": ""CHA"", ""type"": ""own_outright"", ""tradeable"": true, ""condition"": """"}, {""year"": ""2031"", ""origin"": ""CHA"", ""type"": ""own_outright"", ""tradeable"": true, ""condition"": """"}, {""year"": ""2032"", ""origin"": ""CHA"", ""type"": ""own_outright"", ""tradeable"": true, ""condition"": """"}, {""year"": ""2033"", ""origin"": ""CHA"", ""type"": ""own_outright"", ""tradeable"": true, ""condition"": """"}]",False,False,False,"{""2025-26"": false, ""2026-27"": false, ""2027-28"": false, ""2028-29"": false}",2026-06-17,computed from contracts + constants,
CHI,2026-27,base,base case,"{""player_options"": ""counted at value (on books until declined)"", ""team_options"": ""counted at value (exercised) by default; only curated likely-declines (TEAM_OPTION_LIKELY_DECLINED, analyst input) excluded. Amount does not determine intent."", ""nonguaranteed"": ""treated as guaranteed (guarantee dates are Pass-2)"", ""own_free_agents"": ""approx cap hold (prior AAV) in cap basis only; not in apron salary"", ""roster_charges"": ""apron basis filled to 12 at rookie min; cap basis counts holds toward the 12"", ""repeater"": ""taxpayer flag projected forward in future seasons (apron salary > tax line)""}",77944585,0,15010885,0,0,0,0,0,4074000,97029470,9,6,70785848,163741318,1258682,67970530,1258682,103970530,112070530,124970530,under_cap,False,False,False,True,False,True,tiered_125,True,True,True,True,True,True,17991071,17991071,False,none,,,,6,"[{""year"": ""2027"", ""origin"": ""POR"", ""type"": ""incoming"", ""tradeable"": null, ""condition"": ""If 1-14 if not already settled with CHI""}, {""year"": ""2027"", ""origin"": ""CHI"", ""type"": ""own_conditional_review"", ""tradeable"": null, ""condition"": ""If 15-30 if not already settled""}, {""year"": ""2027"", ""origin"": ""CHI"", ""type"": ""own_outright"", ""tradeable"": false, ""condition"": """"}, {""year"": ""2028"", ""origin"": ""POR"", ""type"": ""incoming_swap"", ""tradeable"": null, ""condition"": ""If 1-14 if not already settled with CHI or swap with MIL""}, {""year"": ""2028"", ""origin"": ""CHI"", ""type"": ""own_conditional_review"", ""tradeable"": null, ""condition"": ""If 15-30 if not already settled""}, {""year"": ""2028"", ""origin"": ""CHI"", ""type"": ""own_outright"", ""tradeable"": true, ""condition"": """"}, {""year"": ""2029"", ""origin"": ""CHI"", ""type"": ""own_outright"", ""tradeable"": true, ""condition"": """"}, {""year"": ""2030"", ""origin"": ""CHI"", ""type"": ""own_outright"", ""tradeable"": true, ""condition"": """"}, {""year"": ""2031"", ""origin"": ""CHI"", ""type"": ""own_outright"", ""tradeable"": true, ""condition"": """"}, {""year"": ""2032"", ""origin"": ""CHI"", ""type"": ""own_outright"", ""tradeable"": true, ""condition"": """"}, {""year"": ""2033"", ""origin"": ""CHI"", ""type"": ""own_outright"", ""tradeable"": true, ""condition"": """"}]",False,False,False,"{""2022-23"": false, ""2023-24"": false, ""2024-25"": false, ""2025-26"": false}",2026-06-17,computed from contracts + constants,
CHI,2027-28,base,base case,"{""player_options"": ""counted at value (on books until declined)"", ""team_options"": ""counted at value (exercised) by default; only curated likely-declines (TEAM_OPTION_LIKELY_DECLINED, analyst input) excluded. Amount does not determine intent."", ""nonguaranteed"": ""treated as guaranteed (guarantee dates are Pass-2)"", ""own_free_agents"": ""approx cap hold (prior AAV) in cap basis only; not in apron salary"", ""roster_charges"": ""apron basis filled to 12 at rookie min; cap basis counts holds toward the 12"", ""repeater"": ""taxpayer flag projected forward in future seasons (apron salary > tax line)""}",43000000,0,30320259,0,0,0,0,0,8718000,82038259,6,2,0,82038259,94511741,94511741,94511741,133031741,141698741,155501741,under_cap,False,False,False,True,False,True,tiered_125,True,True,True,True,True,True,0,0,False,none,,,,6,"[{""year"": ""2027"", ""origin"": ""POR"", ""type"": ""incoming"", ""tradeable"": null, ""condition"": ""If 1-14 if not already settled with CHI""}, {""year"": ""2027"", ""origin"": ""CHI"", ""type"": ""own_conditional_review"", ""tradeable"": null, ""condition"": ""If 15-30 if not already settled""}, {""year"": ""2027"", ""origin"": ""CHI"", ""type"": ""own_outright"", ""tradeable"": false, ""condition"": """"}, {""year"": ""2028"", ""origin"": ""POR"", ""type"": ""incoming_swap"", ""tradeable"": null, ""condition"": ""If 1-14 if not already settled with CHI or swap with MIL""}, {""year"": ""2028"", ""origin"": ""CHI"", ""type"": ""own_conditional_review"", ""tradeable"": null, ""condition"": ""If 15-30 if not already settled""}, {""year"": ""2028"", ""origin"": ""CHI"", ""type"": ""own_outright"", ""tradeable"": true, ""condition"": """"}, {""year"": ""2029"", ""origin"": ""CHI"", ""type"": ""own_outright"", ""tradeable"": true, ""condition"": """"}, {""year"": ""2030"", ""origin"": ""CHI"", ""type"": ""own_outright"", ""tradeable"": true, ""condition"": """"}, {""year"": ""2031"", ""origin"": ""CHI"", ""type"": ""own_outright"", ""tradeable"": true, ""condition"": """"}, {""year"": ""2032"", ""origin"": ""CHI"", ""type"": ""own_outright"", ""tradeable"": true, ""condition"": """"}, {""year"": ""2033"", ""origin"": ""CHI"", ""type"": ""own_outright"", ""tradeable"": true, ""condition"": """"}]",False,False,False,"{""2023-24"": false, ""2024-25"": false, ""2025-26"": false, ""2026-27"": false}",2026-06-17,computed from contracts + constants,
CHI,2028-29,base,base case,"{""player_options"": ""counted at value (on books until declined)"", ""team_options"": ""counted at value (exercised) by default; only curated likely-declines (TEAM_OPTION_LIKELY_DECLINED, analyst input) excluded. Amount does not determine intent."", ""nonguaranteed"": ""treated as guaranteed (guarantee dates are Pass-2)"", ""own_free_agents"": ""approx cap hold (prior AAV) in cap basis only; not in apron salary"", ""roster_charges"": ""apron basis filled to 12 at rookie min; cap basis counts holds toward the 12"", ""repeater"": ""taxpayer flag projected forward in future seasons (apron salary > tax line)""}",25000000,18000000,8230464,0,0,0,0,0,13995000,65225464,3,1,0,65225464,123682536,123682536,123682536,164899536,174173536,188942536,under_cap,False,False,False,True,False,True,tiered_125,True,True,True,True,True,True,0,0,False,none,,,,6,"[{""year"": ""2027"", ""origin"": ""POR"", ""type"": ""incoming"", ""tradeable"": null, ""condition"": ""If 1-14 if not already settled with CHI""}, {""year"": ""2027"", ""origin"": ""CHI"", ""type"": ""own_conditional_review"", ""tradeable"": null, ""condition"": ""If 15-30 if not already settled""}, {""year"": ""2027"", ""origin"": ""CHI"", ""type"": ""own_outright"", ""tradeable"": false, ""condition"": """"}, {""year"": ""2028"", ""origin"": ""POR"", ""type"": ""incoming_swap"", ""tradeable"": null, ""condition"": ""If 1-14 if not already settled with CHI or swap with MIL""}, {""year"": ""2028"", ""origin"": ""CHI"", ""type"": ""own_conditional_review"", ""tradeable"": null, ""condition"": ""If 15-30 if not already settled""}, {""year"": ""2028"", ""origin"": ""CHI"", ""type"": ""own_outright"", ""tradeable"": true, ""condition"": """"}, {""year"": ""2029"", ""origin"": ""CHI"", ""type"": ""own_outright"", ""tradeable"": true, ""condition"": """"}, {""year"": ""2030"", ""origin"": ""CHI"", ""type"": ""own_outright"", ""tradeable"": true, ""condition"": """"}, {""year"": ""2031"", ""origin"": ""CHI"", ""type"": ""own_outright"", ""tradeable"": true, ""condition"": """"}, {""year"": ""2032"", ""origin"": ""CHI"", ""type"": ""own_outright"", ""tradeable"": true, ""condition"": """"}, {""year"": ""2033"", ""origin"": ""CHI"", ""type"": ""own_outright"", ""tradeable"": true, ""condition"": """"}]",False,False,False,"{""2024-25"": false, ""2025-26"": false, ""2026-27"": false, ""2027-28"": false}",2026-06-17,computed from contracts + constants,
CHI,2029-30,base,base case,"{""player_options"": ""counted at value (on books until declined)"", ""team_options"": ""counted at value (exercised) by default; only curated likely-declines (TEAM_OPTION_LIKELY_DECLINED, analyst input) excluded. Amount does not determine intent."", ""nonguaranteed"": ""treated as guaranteed (guarantee dates are Pass-2)"", ""own_free_agents"": ""approx cap hold (prior AAV) in cap basis only; not in apron salary"", ""roster_charges"": ""apron basis filled to 12 at rookie min; cap basis counts holds toward the 12"", ""repeater"": ""taxpayer flag projected forward in future seasons (apron salary > tax line)""}",0,0,0,0,0,0,0,0,19968000,19968000,0,0,0,19968000,182164000,182164000,182164000,226266000,236189000,251992000,under_cap,False,False,False,True,False,True,tiered_125,True,True,True,True,True,True,0,0,False,none,,,,6,"[{""year"": ""2027"", ""origin"": ""POR"", ""type"": ""incoming"", ""tradeable"": null, ""condition"": ""If 1-14 if not already settled with CHI""}, {""year"": ""2027"", ""origin"": ""CHI"", ""type"": ""own_conditional_review"", ""tradeable"": null, ""condition"": ""If 15-30 if not already settled""}, {""year"": ""2027"", ""origin"": ""CHI"", ""type"": ""own_outright"", ""tradeable"": false, ""condition"": """"}, {""year"": ""2028"", ""origin"": ""POR"", ""type"": ""incoming_swap"", ""tradeable"": null, ""condition"": ""If 1-14 if not already settled with CHI or swap with MIL""}, {""year"": ""2028"", ""origin"": ""CHI"", ""type"": ""own_conditional_review"", ""tradeable"": null, ""condition"": ""If 15-30 if not already settled""}, {""year"": ""2028"", ""origin"": ""CHI"", ""type"": ""own_outright"", ""tradeable"": true, ""condition"": """"}, {""year"": ""2029"", ""origin"": ""CHI"", ""type"": ""own_outright"", ""tradeable"": true, ""condition"": """"}, {""year"": ""2030"", ""origin"": ""CHI"", ""type"": ""own_outright"", ""tradeable"": true, ""condition"": """"}, {""year"": ""2031"", ""origin"": ""CHI"", ""type"": ""own_outright"", ""tradeable"": true, ""condition"": """"}, {""year"": ""2032"", ""origin"": ""CHI"", ""type"": ""own_outright"", ""tradeable"": true, ""condition"": """"}, {""year"": ""2033"", ""origin"": ""CHI"", ""type"": ""own_outright"", ""tradeable"": true, ""condition"": """"}]",False,False,False,"{""2025-26"": false, ""2026-27"": false, ""2027-28"": false, ""2028-29"": false}",2026-06-17,computed from contracts + constants,
CLE,2026-27,base,base case,"{""player_options"": ""counted at value (on books until declined)"", ""team_options"": ""counted at value (exercised) by default; only curated likely-declines (TEAM_OPTION_LIKELY_DECLINED, analyst input) excluded. Amount does not determine intent."", ""nonguaranteed"": ""treated as guaranteed (guarantee dates are Pass-2)"", ""own_free_agents"": ""approx cap hold (prior AAV) in cap basis only; not in apron salary"", ""roster_charges"": ""apron basis filled to 12 at rookie min; cap basis counts holds toward the 12"", ""repeater"": ""taxpayer flag projected forward in future seasons (apron salary > tax line)""}",173828686,42317307,6064765,0,0,0,0,0,0,222210758,12,9,14940097,237150855,0,0,-72150855,-21210758,-13110758,-210758,second_apron,True,False,False,False,False,True,pct_100,False,False,False,False,False,False,16897984,10000000,False,none,,,,4,"[{""year"": ""2027"", ""origin"": ""PHX"", ""type"": ""incoming"", ""tradeable"": null, ""condition"": ""Least favorable of CLE, MIN and UTA to PHX then others to UTA (via UTA)""}, {""year"": ""2028"", ""origin"": ""UTA CLE"", ""type"": ""incoming_swap"", ""tradeable"": null, ""condition"": ""Or swap with CLE""}, {""year"": ""2028"", ""origin"": ""CLE"", ""type"": ""own_conditional_review"", ""tradeable"": null, ""condition"": ""Least favorable of CLE, ATL and UTA (via UTH swap for CLE; via ATL swap for CLE or UTH)""}, {""year"": ""2029"", ""origin"": ""CHA"", ""type"": ""incoming"", ""tradeable"": null, ""condition"": ""Least favorable of CLE, MIN 6-30 and UTA to PHX then others to UTA (via UTA to PHX)""}, {""year"": ""2030"", ""origin"": ""CLE"", ""type"": ""own_outright"", ""tradeable"": true, ""condition"": """"}, {""year"": ""2031"", ""origin"": ""CLE"", ""type"": ""own_outright"", ""tradeable"": true, ""condition"": """"}, {""year"": ""2032"", ""origin"": ""CLE"", ""type"": ""own_outright"", ""tradeable"": true, ""condition"": """"}, {""year"": ""2033"", ""origin"": ""CLE"", ""type"": ""own_outright"", ""tradeable"": true, ""condition"": """"}]",False,True,False,"{""2022-23"": false, ""2023-24"": false, ""2024-25"": false, ""2025-26"": true}",2026-06-17,computed from contracts + constants,
CLE,2027-28,base,base case,"{""player_options"": ""counted at value (on books until declined)"", ""team_options"": ""counted at value (exercised) by default; only curated likely-declines (TEAM_OPTION_LIKELY_DECLINED, analyst input) excluded. Amount does not determine intent."", ""nonguaranteed"": ""treated as guaranteed (guarantee dates are Pass-2)"", ""own_free_agents"": ""approx cap hold (prior AAV) in cap basis only; not in apron salary"", ""roster_charges"": ""apron basis filled to 12 at rookie min; cap basis counts holds toward the 12"", ""repeater"": ""taxpayer flag projected forward in future seasons (apron salary > tax line)""}",111936742,53817156,5641500,0,0,0,0,0,7265000,178660398,7,5,0,178660398,0,0,-2110398,36409602,45076602,58879602,over_cap_under_tax,False,True,False,False,True,True,tiered_125,True,True,True,True,True,True,0,0,False,none,,,,4,"[{""year"": ""2027"", ""origin"": ""PHX"", ""type"": ""incoming"", ""tradeable"": null, ""condition"": ""Least favorable of CLE, MIN and UTA to PHX then others to UTA (via UTA)""}, {""year"": ""2028"", ""origin"": ""UTA CLE"", ""type"": ""incoming_swap"", ""tradeable"": null, ""condition"": ""Or swap with CLE""}, {""year"": ""2028"", ""origin"": ""CLE"", ""type"": ""own_conditional_review"", ""tradeable"": null, ""condition"": ""Least favorable of CLE, ATL and UTA (via UTH swap for CLE; via ATL swap for CLE or UTH)""}, {""year"": ""2029"", ""origin"": ""CHA"", ""type"": ""incoming"", ""tradeable"": null, ""condition"": ""Least favorable of CLE, MIN 6-30 and UTA to PHX then others to UTA (via UTA to PHX)""}, {""year"": ""2030"", ""origin"": ""CLE"", ""type"": ""own_outright"", ""tradeable"": true, ""condition"": """"}, {""year"": ""2031"", ""origin"": ""CLE"", ""type"": ""own_outright"", ""tradeable"": true, ""condition"": """"}, {""year"": ""2032"", ""origin"": ""CLE"", ""type"": ""own_outright"", ""tradeable"": true, ""condition"": """"}, {""year"": ""2033"", ""origin"": ""CLE"", ""type"": ""own_outright"", ""tradeable"": true, ""condition"": """"}]",False,False,False,"{""2023-24"": false, ""2024-25"": false, ""2025-26"": true, ""2026-27"": true}",2026-06-17,computed from contracts + constants,
CLE,2028-29,base,base case,"{""player_options"": ""counted at value (on books until declined)"", ""team_options"": ""counted at value (exercised) by default; only curated likely-declines (TEAM_OPTION_LIKELY_DECLINED, analyst input) excluded. Amount does not determine intent."", ""nonguaranteed"": ""treated as guaranteed (guarantee dates are Pass-2)"", ""own_free_agents"": ""approx cap hold (prior AAV) in cap basis only; not in apron salary"", ""roster_charges"": ""apron basis filled to 12 at rookie min; cap basis counts holds toward the 12"", ""repeater"": ""taxpayer flag projected forward in future seasons (apron salary > tax line)""}",100526540,0,2735698,0,0,0,0,0,12440000,115702238,4,3,0,115702238,73205762,73205762,73205762,114422762,123696762,138465762,under_cap,False,False,False,True,False,True,tiered_125,True,True,True,True,True,True,0,0,False,none,,,,4,"[{""year"": ""2027"", ""origin"": ""PHX"", ""type"": ""incoming"", ""tradeable"": null, ""condition"": ""Least favorable of CLE, MIN and UTA to PHX then others to UTA (via UTA)""}, {""year"": ""2028"", ""origin"": ""UTA CLE"", ""type"": ""incoming_swap"", ""tradeable"": null, ""condition"": ""Or swap with CLE""}, {""year"": ""2028"", ""origin"": ""CLE"", ""type"": ""own_conditional_review"", ""tradeable"": null, ""condition"": ""Least favorable of CLE, ATL and UTA (via UTH swap for CLE; via ATL swap for CLE or UTH)""}, {""year"": ""2029"", ""origin"": ""CHA"", ""type"": ""incoming"", ""tradeable"": null, ""condition"": ""Least favorable of CLE, MIN 6-30 and UTA to PHX then others to UTA (via UTA to PHX)""}, {""year"": ""2030"", ""origin"": ""CLE"", ""type"": ""own_outright"", ""tradeable"": true, ""condition"": """"}, {""year"": ""2031"", ""origin"": ""CLE"", ""type"": ""own_outright"", ""tradeable"": true, ""condition"": """"}, {""year"": ""2032"", ""origin"": ""CLE"", ""type"": ""own_outright"", ""tradeable"": true, ""condition"": """"}, {""year"": ""2033"", ""origin"": ""CLE"", ""type"": ""own_outright"", ""tradeable"": true, ""condition"": """"}]",False,False,False,"{""2024-25"": false, ""2025-26"": true, ""2026-27"": true, ""2027-28"": false}",2026-06-17,computed from contracts + constants,
CLE,2029-30,base,base case,"{""player_options"": ""counted at value (on books until declined)"", ""team_options"": ""counted at value (exercised) by default; only curated likely-declines (TEAM_OPTION_LIKELY_DECLINED, analyst input) excluded. Amount does not determine intent."", ""nonguaranteed"": ""treated as guaranteed (guarantee dates are Pass-2)"", ""own_free_agents"": ""approx cap hold (prior AAV) in cap basis only; not in apron salary"", ""roster_charges"": ""apron basis filled to 12 at rookie min; cap basis counts holds toward the 12"", ""repeater"": ""taxpayer flag projected forward in future seasons (apron salary > tax line)""}",61240212,0,0,0,0,0,0,0,18304000,79544212,1,1,0,79544212,122587788,122587788,122587788,166689788,176612788,192415788,under_cap,False,False,False,True,False,True,tiered_125,True,True,True,True,True,True,0,0,False,none,,,,4,"[{""year"": ""2027"", ""origin"": ""PHX"", ""type"": ""incoming"", ""tradeable"": null, ""condition"": ""Least favorable of CLE, MIN and UTA to PHX then others to UTA (via UTA)""}, {""year"": ""2028"", ""origin"": ""UTA CLE"", ""type"": ""incoming_swap"", ""tradeable"": null, ""condition"": ""Or swap with CLE""}, {""year"": ""2028"", ""origin"": ""CLE"", ""type"": ""own_conditional_review"", ""tradeable"": null, ""condition"": ""Least favorable of CLE, ATL and UTA (via UTH swap for CLE; via ATL swap for CLE or UTH)""}, {""year"": ""2029"", ""origin"": ""CHA"", ""type"": ""incoming"", ""tradeable"": null, ""condition"": ""Least favorable of CLE, MIN 6-30 and UTA to PHX then others to UTA (via UTA to PHX)""}, {""year"": ""2030"", ""origin"": ""CLE"", ""type"": ""own_outright"", ""tradeable"": true, ""condition"": """"}, {""year"": ""2031"", ""origin"": ""CLE"", ""type"": ""own_outright"", ""tradeable"": true, ""condition"": """"}, {""year"": ""2032"", ""origin"": ""CLE"", ""type"": ""own_outright"", ""tradeable"": true, ""condition"": """"}, {""year"": ""2033"", ""origin"": ""CLE"", ""type"": ""own_outright"", ""tradeable"": true, ""condition"": """"}]",False,False,False,"{""2025-26"": true, ""2026-27"": true, ""2027-28"": false, ""2028-29"": false}",2026-06-17,computed from contracts + constants,
DAL,2026-27,base,base case,"{""player_options"": ""counted at value (on books until declined)"", ""team_options"": ""counted at value (exercised) by default; only curated likely-declines (TEAM_OPTION_LIKELY_DECLINED, analyst input) excluded. Amount does not determine intent."", ""nonguaranteed"": ""treated as guaranteed (guarantee dates are Pass-2)"", ""own_free_agents"": ""approx cap hold (prior AAV) in cap basis only; not in apron salary"", ""roster_charges"": ""apron basis filled to 12 at rookie min; cap basis counts holds toward the 12"", ""repeater"": ""taxpayer flag projected forward in future seasons (apron salary > tax line)""}",138470341,0,11478611,0,0,0,0,0,0,149948952,12,9,39240283,189189235,0,15051048,-24189235,51051048,59151048,72051048,over_cap_under_tax,False,True,False,False,True,True,tiered_125,True,True,True,True,True,True,20830154,20830154,False,none,,,,4,"[{""year"": ""2027"", ""origin"": ""CHA"", ""type"": ""incoming"", ""tradeable"": null, ""condition"": ""If 3-30""}, {""year"": ""2027"", ""origin"": ""DAL"", ""type"": ""own_conditional_review"", ""tradeable"": null, ""condition"": ""If 1-2""}, {""year"": ""2028"", ""origin"": ""OKC DAL"", ""type"": ""incoming_swap"", ""tradeable"": null, ""condition"": ""Or swap with DAL (via OKC swap for DAL)""}, {""year"": ""2028"", ""origin"": ""DAL OKC"", ""type"": ""own_conditional_review"", ""tradeable"": null, ""condition"": ""Or swap with OKC (via OKC swap for DAL)""}, {""year"": ""2029"", ""origin"": ""HOU"", ""type"": ""incoming"", ""tradeable"": null, ""condition"": ""Two most favorable of BKN, DAL and PHX to HOU then other to BKN""}, {""year"": ""2029"", ""origin"": ""DAL"", ""type"": ""own_outright"", ""tradeable"": true, ""condition"": """"}, {""year"": ""2030"", ""origin"": ""GSW"", ""type"": ""incoming"", ""tradeable"": null, ""condition"": ""If 1-20""}, {""year"": ""2030"", ""origin"": ""DAL SAS"", ""type"": ""own_conditional_review"", ""tradeable"": null, ""condition"": ""Least favorable of DAL and SAS (via SAN swap for DAL)""}, {""year"": ""2030"", ""origin"": ""DAL"", ""type"": ""own_conditional_review"", ""tradeable"": null, ""condition"": ""If 21-30 (via WAS)""}, {""year"": ""2031"", ""origin"": ""DAL"", ""type"": ""own_outright"", ""tradeable"": true, ""condition"": """"}, {""year"": ""2032"", ""origin"": ""DAL"", ""type"": ""own_outright"", ""tradeable"": true, ""condition"": """"}, {""year"": ""2033"", ""origin"": ""DAL"", ""type"": ""own_outright"", ""tradeable"": true, ""condition"": """"}]",False,False,False,"{""2022-23"": true, ""2023-24"": false, ""2024-25"": true, ""2025-26"": false}",2026-06-17,computed from contracts + constants,
DAL,2027-28,base,base case,"{""player_options"": ""counted at value (on books until declined)"", ""team_options"": ""counted at value (exercised) by default; only curated likely-declines (TEAM_OPTION_LIKELY_DECLINED, analyst input) excluded. Amount does not determine intent."", ""nonguaranteed"": ""treated as guaranteed (guarantee dates are Pass-2)"", ""own_free_agents"": ""approx cap hold (prior AAV) in cap basis only; not in apron salary"", ""roster_charges"": ""apron basis filled to 12 at rookie min; cap basis counts holds toward the 12"", ""repeater"": ""taxpayer flag projected forward in future seasons (apron salary > tax line)""}",41733707,60645056,21704434,0,0,0,0,0,4359000,128442197,9,3,0,128442197,48107803,48107803,48107803,86627803,95294803,109097803,under_cap,False,False,False,True,False,True,tiered_125,True,True,True,True,True,True,0,0,False,none,,,,4,"[{""year"": ""2027"", ""origin"": ""CHA"", ""type"": ""incoming"", ""tradeable"": null, ""condition"": ""If 3-30""}, {""year"": ""2027"", ""origin"": ""DAL"", ""type"": ""own_conditional_review"", ""tradeable"": null, ""condition"": ""If 1-2""}, {""year"": ""2028"", ""origin"": ""OKC DAL"", ""type"": ""incoming_swap"", ""tradeable"": null, ""condition"": ""Or swap with DAL (via OKC swap for DAL)""}, {""year"": ""2028"", ""origin"": ""DAL OKC"", ""type"": ""own_conditional_review"", ""tradeable"": null, ""condition"": ""Or swap with OKC (via OKC swap for DAL)""}, {""year"": ""2029"", ""origin"": ""HOU"", ""type"": ""incoming"", ""tradeable"": null, ""condition"": ""Two most favorable of BKN, DAL and PHX to HOU then other to BKN""}, {""year"": ""2029"", ""origin"": ""DAL"", ""type"": ""own_outright"", ""tradeable"": true, ""condition"": """"}, {""year"": ""2030"", ""origin"": ""GSW"", ""type"": ""incoming"", ""tradeable"": null, ""condition"": ""If 1-20""}, {""year"": ""2030"", ""origin"": ""DAL SAS"", ""type"": ""own_conditional_review"", ""tradeable"": null, ""condition"": ""Least favorable of DAL and SAS (via SAN swap for DAL)""}, {""year"": ""2030"", ""origin"": ""DAL"", ""type"": ""own_conditional_review"", ""tradeable"": null, ""condition"": ""If 21-30 (via WAS)""}, {""year"": ""2031"", ""origin"": ""DAL"", ""type"": ""own_outright"", ""tradeable"": true, ""condition"": """"}, {""year"": ""2032"", ""origin"": ""DAL"", ""type"": ""own_outright"", ""tradeable"": true, ""condition"": """"}, {""year"": ""2033"", ""origin"": ""DAL"", ""type"": ""own_outright"", ""tradeable"": true, ""condition"": """"}]",False,False,False,"{""2023-24"": false, ""2024-25"": true, ""2025-26"": false, ""2026-27"": false}",2026-06-17,computed from contracts + constants,
DAL,2028-29,base,base case,"{""player_options"": ""counted at value (on books until declined)"", ""team_options"": ""counted at value (exercised) by default; only curated likely-declines (TEAM_OPTION_LIKELY_DECLINED, analyst input) excluded. Amount does not determine intent."", ""nonguaranteed"": ""treated as guaranteed (guarantee dates are Pass-2)"", ""own_free_agents"": ""approx cap hold (prior AAV) in cap basis only; not in apron salary"", ""roster_charges"": ""apron basis filled to 12 at rookie min; cap basis counts holds toward the 12"", ""repeater"": ""taxpayer flag projected forward in future seasons (apron salary > tax line)""}",41973074,0,19178146,0,0,0,0,0,13995000,75146220,3,2,0,75146220,113761780,113761780,113761780,154978780,164252780,179021780,under_cap,False,False,False,True,False,True,tiered_125,True,True,True,True,True,True,0,0,False,none,,,,4,"[{""year"": ""2027"", ""origin"": ""CHA"", ""type"": ""incoming"", ""tradeable"": null, ""condition"": ""If 3-30""}, {""year"": ""2027"", ""origin"": ""DAL"", ""type"": ""own_conditional_review"", ""tradeable"": null, ""condition"": ""If 1-2""}, {""year"": ""2028"", ""origin"": ""OKC DAL"", ""type"": ""incoming_swap"", ""tradeable"": null, ""condition"": ""Or swap with DAL (via OKC swap for DAL)""}, {""year"": ""2028"", ""origin"": ""DAL OKC"", ""type"": ""own_conditional_review"", ""tradeable"": null, ""condition"": ""Or swap with OKC (via OKC swap for DAL)""}, {""year"": ""2029"", ""origin"": ""HOU"", ""type"": ""incoming"", ""tradeable"": null, ""condition"": ""Two most favorable of BKN, DAL and PHX to HOU then other to BKN""}, {""year"": ""2029"", ""origin"": ""DAL"", ""type"": ""own_outright"", ""tradeable"": true, ""condition"": """"}, {""year"": ""2030"", ""origin"": ""GSW"", ""type"": ""incoming"", ""tradeable"": null, ""condition"": ""If 1-20""}, {""year"": ""2030"", ""origin"": ""DAL SAS"", ""type"": ""own_conditional_review"", ""tradeable"": null, ""condition"": ""Least favorable of DAL and SAS (via SAN swap for DAL)""}, {""year"": ""2030"", ""origin"": ""DAL"", ""type"": ""own_conditional_review"", ""tradeable"": null, ""condition"": ""If 21-30 (via WAS)""}, {""year"": ""2031"", ""origin"": ""DAL"", ""type"": ""own_outright"", ""tradeable"": true, ""condition"": """"}, {""year"": ""2032"", ""origin"": ""DAL"", ""type"": ""own_outright"", ""tradeable"": true, ""condition"": """"}, {""year"": ""2033"", ""origin"": ""DAL"", ""type"": ""own_outright"", ""tradeable"": true, ""condition"": """"}]",False,False,False,"{""2024-25"": true, ""2025-26"": false, ""2026-27"": false, ""2027-28"": false}",2026-06-17,computed from contracts + constants,
DAL,2029-30,base,base case,"{""player_options"": ""counted at value (on books until declined)"", ""team_options"": ""counted at value (exercised) by default; only curated likely-declines (TEAM_OPTION_LIKELY_DECLINED, analyst input) excluded. Amount does not determine intent."", ""nonguaranteed"": ""treated as guaranteed (guarantee dates are Pass-2)"", ""own_free_agents"": ""approx cap hold (prior AAV) in cap basis only; not in apron salary"", ""roster_charges"": ""apron basis filled to 12 at rookie min; cap basis counts holds toward the 12"", ""repeater"": ""taxpayer flag projected forward in future seasons (apron salary > tax line)""}",24568176,0,0,0,0,0,0,0,18304000,42872176,1,1,0,42872176,159259824,159259824,159259824,203361824,213284824,229087824,under_cap,False,False,False,True,False,True,tiered_125,True,True,True,True,True,True,0,0,False,none,,,,4,"[{""year"": ""2027"", ""origin"": ""CHA"", ""type"": ""incoming"", ""tradeable"": null, ""condition"": ""If 3-30""}, {""year"": ""2027"", ""origin"": ""DAL"", ""type"": ""own_conditional_review"", ""tradeable"": null, ""condition"": ""If 1-2""}, {""year"": ""2028"", ""origin"": ""OKC DAL"", ""type"": ""incoming_swap"", ""tradeable"": null, ""condition"": ""Or swap with DAL (via OKC swap for DAL)""}, {""year"": ""2028"", ""origin"": ""DAL OKC"", ""type"": ""own_conditional_review"", ""tradeable"": null, ""condition"": ""Or swap with OKC (via OKC swap for DAL)""}, {""year"": ""2029"", ""origin"": ""HOU"", ""type"": ""incoming"", ""tradeable"": null, ""condition"": ""Two most favorable of BKN, DAL and PHX to HOU then other to BKN""}, {""year"": ""2029"", ""origin"": ""DAL"", ""type"": ""own_outright"", ""tradeable"": true, ""condition"": """"}, {""year"": ""2030"", ""origin"": ""GSW"", ""type"": ""incoming"", ""tradeable"": null, ""condition"": ""If 1-20""}, {""year"": ""2030"", ""origin"": ""DAL SAS"", ""type"": ""own_conditional_review"", ""tradeable"": null, ""condition"": ""Least favorable of DAL and SAS (via SAN swap for DAL)""}, {""year"": ""2030"", ""origin"": ""DAL"", ""type"": ""own_conditional_review"", ""tradeable"": null, ""condition"": ""If 21-30 (via WAS)""}, {""year"": ""2031"", ""origin"": ""DAL"", ""type"": ""own_outright"", ""tradeable"": true, ""condition"": """"}, {""year"": ""2032"", ""origin"": ""DAL"", ""type"": ""own_outright"", ""tradeable"": true, ""condition"": """"}, {""year"": ""2033"", ""origin"": ""DAL"", ""type"": ""own_outright"", ""tradeable"": true, ""condition"": """"}]",False,False,False,"{""2025-26"": false, ""2026-27"": false, ""2027-28"": false, ""2028-29"": false}",2026-06-17,computed from contracts + constants,
DEN,2026-27,base,base case,"{""player_options"": ""counted at value (on books until declined)"", ""team_options"": ""counted at value (exercised) by default; only curated likely-declines (TEAM_OPTION_LIKELY_DECLINED, analyst input) excluded. Amount does not determine intent."", ""nonguaranteed"": ""treated as guaranteed (guarantee dates are Pass-2)"", ""own_free_agents"": ""approx cap hold (prior AAV) in cap basis only; not in apron salary"", ""roster_charges"": ""apron basis filled to 12 at rookie min; cap basis counts holds toward the 12"", ""repeater"": ""taxpayer flag projected forward in future seasons (apron salary > tax line)""}",204877672,0,10605256,0,0,0,0,0,2716000,218198928,10,7,14216944,229699872,0,0,-64699872,-17198928,-9098928,3801072,first_apron,True,False,True,False,False,True,pct_110,True,True,False,True,True,False,6880985,6880985,False,none,,,,2,"[{""year"": ""2027"", ""origin"": ""OKC"", ""type"": ""incoming"", ""tradeable"": null, ""condition"": ""If 6-30""}, {""year"": ""2027"", ""origin"": ""DEN"", ""type"": ""own_conditional_review"", ""tradeable"": null, ""condition"": ""If 1-5""}, {""year"": ""2028"", ""origin"": ""OKC"", ""type"": ""incoming"", ""tradeable"": null, ""condition"": ""If 6-30 if not already settled""}, {""year"": ""2028"", ""origin"": ""DEN"", ""type"": ""own_conditional_review"", ""tradeable"": null, ""condition"": ""If 1-5 if not already settled with OKC""}, {""year"": ""2029"", ""origin"": ""OKC"", ""type"": ""incoming"", ""tradeable"": null, ""condition"": ""If 6-30 if not already settled or 6-30 if DEN conveys 1st to OKC by 2027""}, {""year"": ""2029"", ""origin"": ""DEN"", ""type"": ""own_conditional_review"", ""tradeable"": null, ""condition"": ""If 1-5 if not already settled with OKC or 1-5 if DEN conveys 1st to OKC by 2027""}, {""year"": ""2030"", ""origin"": ""OKC"", ""type"": ""incoming"", ""tradeable"": null, ""condition"": ""If 6-30 if not already settled or 6-30 if DEN conveys 1st to OKC by 2028""}, {""year"": ""2030"", ""origin"": ""DEN"", ""type"": ""own_conditional_review"", ""tradeable"": null, ""condition"": ""If 1-5 if not already settled with OKC or 1-5 if DEN conveys 1st to OKC by 2028""}, {""year"": ""2031"", ""origin"": ""DEN"", ""type"": ""own_outright"", ""tradeable"": true, ""condition"": """"}, {""year"": ""2032"", ""origin"": ""BKN"", ""type"": ""incoming"", ""tradeable"": null, ""condition"": """"}, {""year"": ""2033"", ""origin"": ""DEN"", ""type"": ""own_outright"", ""tradeable"": true, ""condition"": """"}]",False,True,True,"{""2022-23"": true, ""2023-24"": true, ""2024-25"": true, ""2025-26"": false}",2026-06-17,computed from contracts + constants,
DEN,2027-28,base,base case,"{""player_options"": ""counted at value (on books until declined)"", ""team_options"": ""counted at value (exercised) by default; only curated likely-declines (TEAM_OPTION_LIKELY_DECLINED, analyst input) excluded. Amount does not determine intent."", ""nonguaranteed"": ""treated as guaranteed (guarantee dates are Pass-2)"", ""own_free_agents"": ""approx cap hold (prior AAV) in cap basis only; not in apron salary"", ""roster_charges"": ""apron basis filled to 12 at rookie min; cap basis counts holds toward the 12"", ""repeater"": ""taxpayer flag projected forward in future seasons (apron salary > tax line)""}",113443699,70308369,5547138,0,0,0,0,0,8718000,198017206,6,3,0,198017206,0,0,-21467206,17052794,25719794,39522794,over_cap_under_tax,False,True,False,False,True,True,tiered_125,True,True,True,True,True,True,0,0,False,none,,,,2,"[{""year"": ""2027"", ""origin"": ""OKC"", ""type"": ""incoming"", ""tradeable"": null, ""condition"": ""If 6-30""}, {""year"": ""2027"", ""origin"": ""DEN"", ""type"": ""own_conditional_review"", ""tradeable"": null, ""condition"": ""If 1-5""}, {""year"": ""2028"", ""origin"": ""OKC"", ""type"": ""incoming"", ""tradeable"": null, ""condition"": ""If 6-30 if not already settled""}, {""year"": ""2028"", ""origin"": ""DEN"", ""type"": ""own_conditional_review"", ""tradeable"": null, ""condition"": ""If 1-5 if not already settled with OKC""}, {""year"": ""2029"", ""origin"": ""OKC"", ""type"": ""incoming"", ""tradeable"": null, ""condition"": ""If 6-30 if not already settled or 6-30 if DEN conveys 1st to OKC by 2027""}, {""year"": ""2029"", ""origin"": ""DEN"", ""type"": ""own_conditional_review"", ""tradeable"": null, ""condition"": ""If 1-5 if not already settled with OKC or 1-5 if DEN conveys 1st to OKC by 2027""}, {""year"": ""2030"", ""origin"": ""OKC"", ""type"": ""incoming"", ""tradeable"": null, ""condition"": ""If 6-30 if not already settled or 6-30 if DEN conveys 1st to OKC by 2028""}, {""year"": ""2030"", ""origin"": ""DEN"", ""type"": ""own_conditional_review"", ""tradeable"": null, ""condition"": ""If 1-5 if not already settled with OKC or 1-5 if DEN conveys 1st to OKC by 2028""}, {""year"": ""2031"", ""origin"": ""DEN"", ""type"": ""own_outright"", ""tradeable"": true, ""condition"": """"}, {""year"": ""2032"", ""origin"": ""BKN"", ""type"": ""incoming"", ""tradeable"": null, ""condition"": """"}, {""year"": ""2033"", ""origin"": ""DEN"", ""type"": ""own_outright"", ""tradeable"": true, ""condition"": """"}]",False,False,True,"{""2023-24"": true, ""2024-25"": true, ""2025-26"": false, ""2026-27"": true}",2026-06-17,computed from contracts + constants,
DEN,2028-29,base,base case,"{""player_options"": ""counted at value (on books until declined)"", ""team_options"": ""counted at value (exercised) by default; only curated likely-declines (TEAM_OPTION_LIKELY_DECLINED, analyst input) excluded. Amount does not determine intent."", ""nonguaranteed"": ""treated as guaranteed (guarantee dates are Pass-2)"", ""own_free_agents"": ""approx cap hold (prior AAV) in cap basis only; not in apron salary"", ""roster_charges"": ""apron basis filled to 12 at rookie min; cap basis counts holds toward the 12"", ""repeater"": ""taxpayer flag projected forward in future seasons (apron salary > tax line)""}",82528684,39043323,0,0,0,0,0,0,13995000,135567007,3,2,0,135567007,53340993,53340993,53340993,94557993,103831993,118600993,under_cap,False,False,False,True,False,True,tiered_125,True,True,True,True,True,True,0,0,False,none,,,,2,"[{""year"": ""2027"", ""origin"": ""OKC"", ""type"": ""incoming"", ""tradeable"": null, ""condition"": ""If 6-30""}, {""year"": ""2027"", ""origin"": ""DEN"", ""type"": ""own_conditional_review"", ""tradeable"": null, ""condition"": ""If 1-5""}, {""year"": ""2028"", ""origin"": ""OKC"", ""type"": ""incoming"", ""tradeable"": null, ""condition"": ""If 6-30 if not already settled""}, {""year"": ""2028"", ""origin"": ""DEN"", ""type"": ""own_conditional_review"", ""tradeable"": null, ""condition"": ""If 1-5 if not already settled with OKC""}, {""year"": ""2029"", ""origin"": ""OKC"", ""type"": ""incoming"", ""tradeable"": null, ""condition"": ""If 6-30 if not already settled or 6-30 if DEN conveys 1st to OKC by 2027""}, {""year"": ""2029"", ""origin"": ""DEN"", ""type"": ""own_conditional_review"", ""tradeable"": null, ""condition"": ""If 1-5 if not already settled with OKC or 1-5 if DEN conveys 1st to OKC by 2027""}, {""year"": ""2030"", ""origin"": ""OKC"", ""type"": ""incoming"", ""tradeable"": null, ""condition"": ""If 6-30 if not already settled or 6-30 if DEN conveys 1st to OKC by 2028""}, {""year"": ""2030"", ""origin"": ""DEN"", ""type"": ""own_conditional_review"", ""tradeable"": null, ""condition"": ""If 1-5 if not already settled with OKC or 1-5 if DEN conveys 1st to OKC by 2028""}, {""year"": ""2031"", ""origin"": ""DEN"", ""type"": ""own_outright"", ""tradeable"": true, ""condition"": """"}, {""year"": ""2032"", ""origin"": ""BKN"", ""type"": ""incoming"", ""tradeable"": null, ""condition"": """"}, {""year"": ""2033"", ""origin"": ""DEN"", ""type"": ""own_outright"", ""tradeable"": true, ""condition"": """"}]",False,False,False,"{""2024-25"": true, ""2025-26"": false, ""2026-27"": true, ""2027-28"": false}",2026-06-17,computed from contracts + constants,
DEN,2029-30,base,base case,"{""player_options"": ""counted at value (on books until declined)"", ""team_options"": ""counted at value (exercised) by default; only curated likely-declines (TEAM_OPTION_LIKELY_DECLINED, analyst input) excluded. Amount does not determine intent."", ""nonguaranteed"": ""treated as guaranteed (guarantee dates are Pass-2)"", ""own_free_agents"": ""approx cap hold (prior AAV) in cap basis only; not in apron salary"", ""roster_charges"": ""apron basis filled to 12 at rookie min; cap basis counts holds toward the 12"", ""repeater"": ""taxpayer flag projected forward in future seasons (apron salary > tax line)""}",26724137,0,0,0,0,0,0,0,18304000,45028137,1,1,0,45028137,157103863,157103863,157103863,201205863,211128863,226931863,under_cap,False,False,False,True,False,True,tiered_125,True,True,True,True,True,True,0,0,False,none,,,,2,"[{""year"": ""2027"", ""origin"": ""OKC"", ""type"": ""incoming"", ""tradeable"": null, ""condition"": ""If 6-30""}, {""year"": ""2027"", ""origin"": ""DEN"", ""type"": ""own_conditional_review"", ""tradeable"": null, ""condition"": ""If 1-5""}, {""year"": ""2028"", ""origin"": ""OKC"", ""type"": ""incoming"", ""tradeable"": null, ""condition"": ""If 6-30 if not already settled""}, {""year"": ""2028"", ""origin"": ""DEN"", ""type"": ""own_conditional_review"", ""tradeable"": null, ""condition"": ""If 1-5 if not already settled with OKC""}, {""year"": ""2029"", ""origin"": ""OKC"", ""type"": ""incoming"", ""tradeable"": null, ""condition"": ""If 6-30 if not already settled or 6-30 if DEN conveys 1st to OKC by 2027""}, {""year"": ""2029"", ""origin"": ""DEN"", ""type"": ""own_conditional_review"", ""tradeable"": null, ""condition"": ""If 1-5 if not already settled with OKC or 1-5 if DEN conveys 1st to OKC by 2027""}, {""year"": ""2030"", ""origin"": ""OKC"", ""type"": ""incoming"", ""tradeable"": null, ""condition"": ""If 6-30 if not already settled or 6-30 if DEN conveys 1st to OKC by 2028""}, {""year"": ""2030"", ""origin"": ""DEN"", ""type"": ""own_conditional_review"", ""tradeable"": null, ""condition"": ""If 1-5 if not already settled with OKC or 1-5 if DEN conveys 1st to OKC by 2028""}, {""year"": ""2031"", ""origin"": ""DEN"", ""type"": ""own_outright"", ""tradeable"": true, ""condition"": """"}, {""year"": ""2032"", ""origin"": ""BKN"", ""type"": ""incoming"", ""tradeable"": null, ""condition"": """"}, {""year"": ""2033"", ""origin"": ""DEN"", ""type"": ""own_outright"", ""tradeable"": true, ""condition"": """"}]",False,False,False,"{""2025-26"": false, ""2026-27"": true, ""2027-28"": false, ""2028-29"": false}",2026-06-17,computed from contracts + constants,
DET,2026-27,base,base case,"{""player_options"": ""counted at value (on books until declined)"", ""team_options"": ""counted at value (exercised) by default; only curated likely-declines (TEAM_OPTION_LIKELY_DECLINED, analyst input) excluded. Amount does not determine intent."", ""nonguaranteed"": ""treated as guaranteed (guarantee dates are Pass-2)"", ""own_free_agents"": ""approx cap hold (prior AAV) in cap basis only; not in apron salary"", ""roster_charges"": ""apron basis filled to 12 at rookie min; cap basis counts holds toward the 12"", ""repeater"": ""taxpayer flag projected forward in future seasons (apron salary > tax line)""}",103661391,0,29386508,0,0,0,0,0,2716000,135763899,10,6,52953063,186000962,0,29236101,-21000962,65236101,73336101,86236101,over_cap_under_tax,False,True,False,False,True,True,tiered_125,True,True,True,True,True,True,8677600,8677600,False,none,,,,6,"[{""year"": ""2027"", ""origin"": ""DET"", ""type"": ""own_outright"", ""tradeable"": false, ""condition"": """"}, {""year"": ""2028"", ""origin"": ""DET"", ""type"": ""own_outright"", ""tradeable"": true, ""condition"": """"}, {""year"": ""2029"", ""origin"": ""DET"", ""type"": ""own_outright"", ""tradeable"": true, ""condition"": """"}, {""year"": ""2030"", ""origin"": ""DET"", ""type"": ""own_outright"", ""tradeable"": true, ""condition"": """"}, {""year"": ""2031"", ""origin"": ""DET"", ""type"": ""own_outright"", ""tradeable"": true, ""condition"": """"}, {""year"": ""2032"", ""origin"": ""DET"", ""type"": ""own_outright"", ""tradeable"": true, ""condition"": """"}, {""year"": ""2033"", ""origin"": ""DET"", ""type"": ""own_outright"", ""tradeable"": true, ""condition"": """"}]",False,False,False,"{""2022-23"": false, ""2023-24"": false, ""2024-25"": false, ""2025-26"": false}",2026-06-17,computed from contracts + constants,
DET,2027-28,base,base case,"{""player_options"": ""counted at value (on books until declined)"", ""team_options"": ""counted at value (exercised) by default; only curated likely-declines (TEAM_OPTION_LIKELY_DECLINED, analyst input) excluded. Amount does not determine intent."", ""nonguaranteed"": ""treated as guaranteed (guarantee dates are Pass-2)"", ""own_free_agents"": ""approx cap hold (prior AAV) in cap basis only; not in apron salary"", ""roster_charges"": ""apron basis filled to 12 at rookie min; cap basis counts holds toward the 12"", ""repeater"": ""taxpayer flag projected forward in future seasons (apron salary > tax line)""}",71494279,0,26491183,0,0,0,0,0,10171000,108156462,5,3,0,108156462,68393538,68393538,68393538,106913538,115580538,129383538,under_cap,False,False,False,True,False,True,tiered_125,True,True,True,True,True,True,0,0,False,none,,,,6,"[{""year"": ""2027"", ""origin"": ""DET"", ""type"": ""own_outright"", ""tradeable"": false, ""condition"": """"}, {""year"": ""2028"", ""origin"": ""DET"", ""type"": ""own_outright"", ""tradeable"": true, ""condition"": """"}, {""year"": ""2029"", ""origin"": ""DET"", ""type"": ""own_outright"", ""tradeable"": true, ""condition"": """"}, {""year"": ""2030"", ""origin"": ""DET"", ""type"": ""own_outright"", ""tradeable"": true, ""condition"": """"}, {""year"": ""2031"", ""origin"": ""DET"", ""type"": ""own_outright"", ""tradeable"": true, ""condition"": """"}, {""year"": ""2032"", ""origin"": ""DET"", ""type"": ""own_outright"", ""tradeable"": true, ""condition"": """"}, {""year"": ""2033"", ""origin"": ""DET"", ""type"": ""own_outright"", ""tradeable"": true, ""condition"": """"}]",False,False,False,"{""2023-24"": false, ""2024-25"": false, ""2025-26"": false, ""2026-27"": false}",2026-06-17,computed from contracts + constants,
DET,2028-29,base,base case,"{""player_options"": ""counted at value (on books until declined)"", ""team_options"": ""counted at value (exercised) by default; only curated likely-declines (TEAM_OPTION_LIKELY_DECLINED, analyst input) excluded. Amount does not determine intent."", ""nonguaranteed"": ""treated as guaranteed (guarantee dates are Pass-2)"", ""own_free_agents"": ""approx cap hold (prior AAV) in cap basis only; not in apron salary"", ""roster_charges"": ""apron basis filled to 12 at rookie min; cap basis counts holds toward the 12"", ""repeater"": ""taxpayer flag projected forward in future seasons (apron salary > tax line)""}",57528684,0,2735698,0,0,0,0,0,15550000,75814382,2,1,0,75814382,113093618,113093618,113093618,154310618,163584618,178353618,under_cap,False,False,False,True,False,True,tiered_125,True,True,True,True,True,True,0,0,False,none,,,,6,"[{""year"": ""2027"", ""origin"": ""DET"", ""type"": ""own_outright"", ""tradeable"": false, ""condition"": """"}, {""year"": ""2028"", ""origin"": ""DET"", ""type"": ""own_outright"", ""tradeable"": true, ""condition"": """"}, {""year"": ""2029"", ""origin"": ""DET"", ""type"": ""own_outright"", ""tradeable"": true, ""condition"": """"}, {""year"": ""2030"", ""origin"": ""DET"", ""type"": ""own_outright"", ""tradeable"": true, ""condition"": """"}, {""year"": ""2031"", ""origin"": ""DET"", ""type"": ""own_outright"", ""tradeable"": true, ""condition"": """"}, {""year"": ""2032"", ""origin"": ""DET"", ""type"": ""own_outright"", ""tradeable"": true, ""condition"": """"}, {""year"": ""2033"", ""origin"": ""DET"", ""type"": ""own_outright"", ""tradeable"": true, ""condition"": """"}]",False,False,False,"{""2024-25"": false, ""2025-26"": false, ""2026-27"": false, ""2027-28"": false}",2026-06-17,computed from contracts + constants,
DET,2029-30,base,base case,"{""player_options"": ""counted at value (on books until declined)"", ""team_options"": ""counted at value (exercised) by default; only curated likely-declines (TEAM_OPTION_LIKELY_DECLINED, analyst input) excluded. Amount does not determine intent."", ""nonguaranteed"": ""treated as guaranteed (guarantee dates are Pass-2)"", ""own_free_agents"": ""approx cap hold (prior AAV) in cap basis only; not in apron salary"", ""roster_charges"": ""apron basis filled to 12 at rookie min; cap basis counts holds toward the 12"", ""repeater"": ""taxpayer flag projected forward in future seasons (apron salary > tax line)""}",61240212,0,0,0,0,0,0,0,18304000,79544212,1,1,0,79544212,122587788,122587788,122587788,166689788,176612788,192415788,under_cap,False,False,False,True,False,True,tiered_125,True,True,True,True,True,True,0,0,False,none,,,,6,"[{""year"": ""2027"", ""origin"": ""DET"", ""type"": ""own_outright"", ""tradeable"": false, ""condition"": """"}, {""year"": ""2028"", ""origin"": ""DET"", ""type"": ""own_outright"", ""tradeable"": true, ""condition"": """"}, {""year"": ""2029"", ""origin"": ""DET"", ""type"": ""own_outright"", ""tradeable"": true, ""condition"": """"}, {""year"": ""2030"", ""origin"": ""DET"", ""type"": ""own_outright"", ""tradeable"": true, ""condition"": """"}, {""year"": ""2031"", ""origin"": ""DET"", ""type"": ""own_outright"", ""tradeable"": true, ""condition"": """"}, {""year"": ""2032"", ""origin"": ""DET"", ""type"": ""own_outright"", ""tradeable"": true, ""condition"": """"}, {""year"": ""2033"", ""origin"": ""DET"", ""type"": ""own_outright"", ""tradeable"": true, ""condition"": """"}]",False,False,False,"{""2025-26"": false, ""2026-27"": false, ""2027-28"": false, ""2028-29"": false}",2026-06-17,computed from contracts + constants,
GSW,2026-27,base,base case,"{""player_options"": ""counted at value (on books until declined)"", ""team_options"": ""counted at value (exercised) by default; only curated likely-declines (TEAM_OPTION_LIKELY_DECLINED, analyst input) excluded. Amount does not determine intent."", ""nonguaranteed"": ""treated as guaranteed (guarantee dates are Pass-2)"", ""own_free_agents"": ""approx cap hold (prior AAV) in cap basis only; not in apron salary"", ""roster_charges"": ""apron basis filled to 12 at rookie min; cap basis counts holds toward the 12"", ""repeater"": ""taxpayer flag projected forward in future seasons (apron salary > tax line)""}",138700478,37099600,5679459,0,0,0,0,0,4074000,185553537,9,5,38351875,219831412,0,0,-54831412,15446463,23546463,36446463,over_cap_under_tax,False,True,False,False,True,True,tiered_125,True,True,True,True,True,True,0,0,False,none,,,,5,"[{""year"": ""2027"", ""origin"": ""GSW"", ""type"": ""own_outright"", ""tradeable"": false, ""condition"": """"}, {""year"": ""2028"", ""origin"": ""GSW"", ""type"": ""own_outright"", ""tradeable"": true, ""condition"": """"}, {""year"": ""2029"", ""origin"": ""GSW"", ""type"": ""own_outright"", ""tradeable"": true, ""condition"": """"}, {""year"": ""2030"", ""origin"": ""DAL"", ""type"": ""incoming"", ""tradeable"": null, ""condition"": ""If 21-30 (via WAS)""}, {""year"": ""2030"", ""origin"": ""GSW"", ""type"": ""own_conditional_review"", ""tradeable"": null, ""condition"": ""If 1-20""}, {""year"": ""2031"", ""origin"": ""GSW"", ""type"": ""own_outright"", ""tradeable"": true, ""condition"": """"}, {""year"": ""2032"", ""origin"": ""GSW"", ""type"": ""own_outright"", ""tradeable"": true, ""condition"": """"}, {""year"": ""2033"", ""origin"": ""GSW"", ""type"": ""own_outright"", ""tradeable"": true, ""condition"": """"}]",False,False,True,"{""2022-23"": true, ""2023-24"": true, ""2024-25"": true, ""2025-26"": true}",2026-06-17,computed from contracts + constants,
GSW,2027-28,base,base case,"{""player_options"": ""counted at value (on books until declined)"", ""team_options"": ""counted at value (exercised) by default; only curated likely-declines (TEAM_OPTION_LIKELY_DECLINED, analyst input) excluded. Amount does not determine intent."", ""nonguaranteed"": ""treated as guaranteed (guarantee dates are Pass-2)"", ""own_free_agents"": ""approx cap hold (prior AAV) in cap basis only; not in apron salary"", ""roster_charges"": ""apron basis filled to 12 at rookie min; cap basis counts holds toward the 12"", ""repeater"": ""taxpayer flag projected forward in future seasons (apron salary > tax line)""}",20951826,0,0,0,0,0,0,0,13077000,34028826,3,3,0,34028826,142521174,142521174,142521174,181041174,189708174,203511174,under_cap,False,False,False,True,False,True,tiered_125,True,True,True,True,True,True,0,0,False,none,,,,5,"[{""year"": ""2027"", ""origin"": ""GSW"", ""type"": ""own_outright"", ""tradeable"": false, ""condition"": """"}, {""year"": ""2028"", ""origin"": ""GSW"", ""type"": ""own_outright"", ""tradeable"": true, ""condition"": """"}, {""year"": ""2029"", ""origin"": ""GSW"", ""type"": ""own_outright"", ""tradeable"": true, ""condition"": """"}, {""year"": ""2030"", ""origin"": ""DAL"", ""type"": ""incoming"", ""tradeable"": null, ""condition"": ""If 21-30 (via WAS)""}, {""year"": ""2030"", ""origin"": ""GSW"", ""type"": ""own_conditional_review"", ""tradeable"": null, ""condition"": ""If 1-20""}, {""year"": ""2031"", ""origin"": ""GSW"", ""type"": ""own_outright"", ""tradeable"": true, ""condition"": """"}, {""year"": ""2032"", ""origin"": ""GSW"", ""type"": ""own_outright"", ""tradeable"": true, ""condition"": """"}, {""year"": ""2033"", ""origin"": ""GSW"", ""type"": ""own_outright"", ""tradeable"": true, ""condition"": """"}]",False,False,True,"{""2023-24"": true, ""2024-25"": true, ""2025-26"": true, ""2026-27"": false}",2026-06-17,computed from contracts + constants,
GSW,2028-29,base,base case,"{""player_options"": ""counted at value (on books until declined)"", ""team_options"": ""counted at value (exercised) by default; only curated likely-declines (TEAM_OPTION_LIKELY_DECLINED, analyst input) excluded. Amount does not determine intent."", ""nonguaranteed"": ""treated as guaranteed (guarantee dates are Pass-2)"", ""own_free_agents"": ""approx cap hold (prior AAV) in cap basis only; not in apron salary"", ""roster_charges"": ""apron basis filled to 12 at rookie min; cap basis counts holds toward the 12"", ""repeater"": ""taxpayer flag projected forward in future seasons (apron salary > tax line)""}",0,5370370,2735698,0,0,0,0,0,15550000,23656068,2,0,0,23656068,165251932,165251932,165251932,206468932,215742932,230511932,under_cap,False,False,False,True,False,True,tiered_125,True,True,True,True,True,True,0,0,False,none,,,,5,"[{""year"": ""2027"", ""origin"": ""GSW"", ""type"": ""own_outright"", ""tradeable"": false, ""condition"": """"}, {""year"": ""2028"", ""origin"": ""GSW"", ""type"": ""own_outright"", ""tradeable"": true, ""condition"": """"}, {""year"": ""2029"", ""origin"": ""GSW"", ""type"": ""own_outright"", ""tradeable"": true, ""condition"": """"}, {""year"": ""2030"", ""origin"": ""DAL"", ""type"": ""incoming"", ""tradeable"": null, ""condition"": ""If 21-30 (via WAS)""}, {""year"": ""2030"", ""origin"": ""GSW"", ""type"": ""own_conditional_review"", ""tradeable"": null, ""condition"": ""If 1-20""}, {""year"": ""2031"", ""origin"": ""GSW"", ""type"": ""own_outright"", ""tradeable"": true, ""condition"": """"}, {""year"": ""2032"", ""origin"": ""GSW"", ""type"": ""own_outright"", ""tradeable"": true, ""condition"": """"}, {""year"": ""2033"", ""origin"": ""GSW"", ""type"": ""own_outright"", ""tradeable"": true, ""condition"": """"}]",False,False,False,"{""2024-25"": true, ""2025-26"": true, ""2026-27"": false, ""2027-28"": false}",2026-06-17,computed from contracts + constants,
GSW,2029-30,base,base case,"{""player_options"": ""counted at value (on books until declined)"", ""team_options"": ""counted at value (exercised) by default; only curated likely-declines (TEAM_OPTION_LIKELY_DECLINED, analyst input) excluded. Amount does not determine intent."", ""nonguaranteed"": ""treated as guaranteed (guarantee dates are Pass-2)"", ""own_free_agents"": ""approx cap hold (prior AAV) in cap basis only; not in apron salary"", ""roster_charges"": ""apron basis filled to 12 at rookie min; cap basis counts holds toward the 12"", ""repeater"": ""taxpayer flag projected forward in future seasons (apron salary > tax line)""}",0,0,0,0,0,0,0,0,19968000,19968000,0,0,0,19968000,182164000,182164000,182164000,226266000,236189000,251992000,under_cap,False,False,False,True,False,True,tiered_125,True,True,True,True,True,True,0,0,False,none,,,,5,"[{""year"": ""2027"", ""origin"": ""GSW"", ""type"": ""own_outright"", ""tradeable"": false, ""condition"": """"}, {""year"": ""2028"", ""origin"": ""GSW"", ""type"": ""own_outright"", ""tradeable"": true, ""condition"": """"}, {""year"": ""2029"", ""origin"": ""GSW"", ""type"": ""own_outright"", ""tradeable"": true, ""condition"": """"}, {""year"": ""2030"", ""origin"": ""DAL"", ""type"": ""incoming"", ""tradeable"": null, ""condition"": ""If 21-30 (via WAS)""}, {""year"": ""2030"", ""origin"": ""GSW"", ""type"": ""own_conditional_review"", ""tradeable"": null, ""condition"": ""If 1-20""}, {""year"": ""2031"", ""origin"": ""GSW"", ""type"": ""own_outright"", ""tradeable"": true, ""condition"": """"}, {""year"": ""2032"", ""origin"": ""GSW"", ""type"": ""own_outright"", ""tradeable"": true, ""condition"": """"}, {""year"": ""2033"", ""origin"": ""GSW"", ""type"": ""own_outright"", ""tradeable"": true, ""condition"": """"}]",False,False,False,"{""2025-26"": true, ""2026-27"": false, ""2027-28"": false, ""2028-29"": false}",2026-06-17,computed from contracts + constants,
HOU,2026-27,base,base case,"{""player_options"": ""counted at value (on books until declined)"", ""team_options"": ""counted at value (exercised) by default; only curated likely-declines (TEAM_OPTION_LIKELY_DECLINED, analyst input) excluded. Amount does not determine intent."", ""nonguaranteed"": ""treated as guaranteed (guarantee dates are Pass-2)"", ""own_free_agents"": ""approx cap hold (prior AAV) in cap basis only; not in apron salary"", ""roster_charges"": ""apron basis filled to 12 at rookie min; cap basis counts holds toward the 12"", ""repeater"": ""taxpayer flag projected forward in future seasons (apron salary > tax line)""}",136558052,25000000,23367489,0,0,0,0,0,4074000,188999541,9,6,18232033,203157574,0,0,-38157574,12000459,20100459,33000459,over_cap_under_tax,False,True,False,False,True,True,tiered_125,True,True,True,True,True,True,0,0,False,none,,,,5,"[{""year"": ""2027"", ""origin"": ""BKN HOU"", ""type"": ""incoming_swap"", ""tradeable"": null, ""condition"": ""Or swap with HOU (via HOU swap for BKN)""}, {""year"": ""2027"", ""origin"": ""HOU BKN"", ""type"": ""own_conditional_review"", ""tradeable"": null, ""condition"": ""Or swap with BKN (via HOU swap for BKN)""}, {""year"": ""2027"", ""origin"": ""HOU"", ""type"": ""own_conditional_review"", ""tradeable"": null, ""condition"": ""(via BKN)""}, {""year"": ""2028"", ""origin"": ""HOU"", ""type"": ""own_outright"", ""tradeable"": true, ""condition"": """"}, {""year"": ""2029"", ""origin"": ""BKN"", ""type"": ""incoming"", ""tradeable"": null, ""condition"": ""Least favorable of DAL HOU and PHX then others to HOU""}, {""year"": ""2029"", ""origin"": ""HOU"", ""type"": ""own_conditional_review"", ""tradeable"": null, ""condition"": ""Two most favorable of BKN, DAL and PHX to HOU then other to BKN""}, {""year"": ""2029"", ""origin"": ""HOU"", ""type"": ""own_conditional_review"", ""tradeable"": null, ""condition"": ""Two most favorable of BKN, DAL and PHX to HOU then other to BKN""}, {""year"": ""2030"", ""origin"": ""HOU"", ""type"": ""own_outright"", ""tradeable"": true, ""condition"": """"}, {""year"": ""2031"", ""origin"": ""HOU"", ""type"": ""own_outright"", ""tradeable"": true, ""condition"": """"}, {""year"": ""2032"", ""origin"": ""HOU"", ""type"": ""own_outright"", ""tradeable"": true, ""condition"": """"}, {""year"": ""2033"", ""origin"": ""HOU"", ""type"": ""own_outright"", ""tradeable"": true, ""condition"": """"}]",False,False,False,"{""2022-23"": false, ""2023-24"": false, ""2024-25"": false, ""2025-26"": true}",2026-06-17,computed from contracts + constants,
HOU,2027-28,base,base case,"{""player_options"": ""counted at value (on books until declined)"", ""team_options"": ""counted at value (exercised) by default; only curated likely-declines (TEAM_OPTION_LIKELY_DECLINED, analyst input) excluded. Amount does not determine intent."", ""nonguaranteed"": ""treated as guaranteed (guarantee dates are Pass-2)"", ""own_free_agents"": ""approx cap hold (prior AAV) in cap basis only; not in apron salary"", ""roster_charges"": ""apron basis filled to 12 at rookie min; cap basis counts holds toward the 12"", ""repeater"": ""taxpayer flag projected forward in future seasons (apron salary > tax line)""}",91665956,46097561,14041625,0,0,0,0,0,7265000,159070142,7,5,0,159070142,17479858,17479858,17479858,55999858,64666858,78469858,under_cap,False,False,False,True,False,True,tiered_125,True,True,True,True,True,True,0,0,False,none,,,,5,"[{""year"": ""2027"", ""origin"": ""BKN HOU"", ""type"": ""incoming_swap"", ""tradeable"": null, ""condition"": ""Or swap with HOU (via HOU swap for BKN)""}, {""year"": ""2027"", ""origin"": ""HOU BKN"", ""type"": ""own_conditional_review"", ""tradeable"": null, ""condition"": ""Or swap with BKN (via HOU swap for BKN)""}, {""year"": ""2027"", ""origin"": ""HOU"", ""type"": ""own_conditional_review"", ""tradeable"": null, ""condition"": ""(via BKN)""}, {""year"": ""2028"", ""origin"": ""HOU"", ""type"": ""own_outright"", ""tradeable"": true, ""condition"": """"}, {""year"": ""2029"", ""origin"": ""BKN"", ""type"": ""incoming"", ""tradeable"": null, ""condition"": ""Least favorable of DAL HOU and PHX then others to HOU""}, {""year"": ""2029"", ""origin"": ""HOU"", ""type"": ""own_conditional_review"", ""tradeable"": null, ""condition"": ""Two most favorable of BKN, DAL and PHX to HOU then other to BKN""}, {""year"": ""2029"", ""origin"": ""HOU"", ""type"": ""own_conditional_review"", ""tradeable"": null, ""condition"": ""Two most favorable of BKN, DAL and PHX to HOU then other to BKN""}, {""year"": ""2030"", ""origin"": ""HOU"", ""type"": ""own_outright"", ""tradeable"": true, ""condition"": """"}, {""year"": ""2031"", ""origin"": ""HOU"", ""type"": ""own_outright"", ""tradeable"": true, ""condition"": """"}, {""year"": ""2032"", ""origin"": ""HOU"", ""type"": ""own_outright"", ""tradeable"": true, ""condition"": """"}, {""year"": ""2033"", ""origin"": ""HOU"", ""type"": ""own_outright"", ""tradeable"": true, ""condition"": """"}]",False,False,False,"{""2023-24"": false, ""2024-25"": false, ""2025-26"": true, ""2026-27"": false}",2026-06-17,computed from contracts + constants,
HOU,2028-29,base,base case,"{""player_options"": ""counted at value (on books until declined)"", ""team_options"": ""counted at value (exercised) by default; only curated likely-declines (TEAM_OPTION_LIKELY_DECLINED, analyst input) excluded. Amount does not determine intent."", ""nonguaranteed"": ""treated as guaranteed (guarantee dates are Pass-2)"", ""own_free_agents"": ""approx cap hold (prior AAV) in cap basis only; not in apron salary"", ""roster_charges"": ""apron basis filled to 12 at rookie min; cap basis counts holds toward the 12"", ""repeater"": ""taxpayer flag projected forward in future seasons (apron salary > tax line)""}",62680108,13335000,0,0,0,0,0,0,13995000,90010108,3,2,0,90010108,98897892,98897892,98897892,140114892,149388892,164157892,under_cap,False,False,False,True,False,True,tiered_125,True,True,True,True,True,True,0,0,False,none,,,,5,"[{""year"": ""2027"", ""origin"": ""BKN HOU"", ""type"": ""incoming_swap"", ""tradeable"": null, ""condition"": ""Or swap with HOU (via HOU swap for BKN)""}, {""year"": ""2027"", ""origin"": ""HOU BKN"", ""type"": ""own_conditional_review"", ""tradeable"": null, ""condition"": ""Or swap with BKN (via HOU swap for BKN)""}, {""year"": ""2027"", ""origin"": ""HOU"", ""type"": ""own_conditional_review"", ""tradeable"": null, ""condition"": ""(via BKN)""}, {""year"": ""2028"", ""origin"": ""HOU"", ""type"": ""own_outright"", ""tradeable"": true, ""condition"": """"}, {""year"": ""2029"", ""origin"": ""BKN"", ""type"": ""incoming"", ""tradeable"": null, ""condition"": ""Least favorable of DAL HOU and PHX then others to HOU""}, {""year"": ""2029"", ""origin"": ""HOU"", ""type"": ""own_conditional_review"", ""tradeable"": null, ""condition"": ""Two most favorable of BKN, DAL and PHX to HOU then other to BKN""}, {""year"": ""2029"", ""origin"": ""HOU"", ""type"": ""own_conditional_review"", ""tradeable"": null, ""condition"": ""Two most favorable of BKN, DAL and PHX to HOU then other to BKN""}, {""year"": ""2030"", ""origin"": ""HOU"", ""type"": ""own_outright"", ""tradeable"": true, ""condition"": """"}, {""year"": ""2031"", ""origin"": ""HOU"", ""type"": ""own_outright"", ""tradeable"": true, ""condition"": """"}, {""year"": ""2032"", ""origin"": ""HOU"", ""type"": ""own_outright"", ""tradeable"": true, ""condition"": """"}, {""year"": ""2033"", ""origin"": ""HOU"", ""type"": ""own_outright"", ""tradeable"": true, ""condition"": """"}]",False,False,False,"{""2024-25"": false, ""2025-26"": true, ""2026-27"": false, ""2027-28"": false}",2026-06-17,computed from contracts + constants,
HOU,2029-30,base,base case,"{""player_options"": ""counted at value (on books until declined)"", ""team_options"": ""counted at value (exercised) by default; only curated likely-declines (TEAM_OPTION_LIKELY_DECLINED, analyst input) excluded. Amount does not determine intent."", ""nonguaranteed"": ""treated as guaranteed (guarantee dates are Pass-2)"", ""own_free_agents"": ""approx cap hold (prior AAV) in cap basis only; not in apron salary"", ""roster_charges"": ""apron basis filled to 12 at rookie min; cap basis counts holds toward the 12"", ""repeater"": ""taxpayer flag projected forward in future seasons (apron salary > tax line)""}",25534883,39036697,0,0,0,0,0,0,16640000,81211580,2,1,0,81211580,120920420,120920420,120920420,165022420,174945420,190748420,under_cap,False,False,False,True,False,True,tiered_125,True,True,True,True,True,True,0,0,False,none,,,,5,"[{""year"": ""2027"", ""origin"": ""BKN HOU"", ""type"": ""incoming_swap"", ""tradeable"": null, ""condition"": ""Or swap with HOU (via HOU swap for BKN)""}, {""year"": ""2027"", ""origin"": ""HOU BKN"", ""type"": ""own_conditional_review"", ""tradeable"": null, ""condition"": ""Or swap with BKN (via HOU swap for BKN)""}, {""year"": ""2027"", ""origin"": ""HOU"", ""type"": ""own_conditional_review"", ""tradeable"": null, ""condition"": ""(via BKN)""}, {""year"": ""2028"", ""origin"": ""HOU"", ""type"": ""own_outright"", ""tradeable"": true, ""condition"": """"}, {""year"": ""2029"", ""origin"": ""BKN"", ""type"": ""incoming"", ""tradeable"": null, ""condition"": ""Least favorable of DAL HOU and PHX then others to HOU""}, {""year"": ""2029"", ""origin"": ""HOU"", ""type"": ""own_conditional_review"", ""tradeable"": null, ""condition"": ""Two most favorable of BKN, DAL and PHX to HOU then other to BKN""}, {""year"": ""2029"", ""origin"": ""HOU"", ""type"": ""own_conditional_review"", ""tradeable"": null, ""condition"": ""Two most favorable of BKN, DAL and PHX to HOU then other to BKN""}, {""year"": ""2030"", ""origin"": ""HOU"", ""type"": ""own_outright"", ""tradeable"": true, ""condition"": """"}, {""year"": ""2031"", ""origin"": ""HOU"", ""type"": ""own_outright"", ""tradeable"": true, ""condition"": """"}, {""year"": ""2032"", ""origin"": ""HOU"", ""type"": ""own_outright"", ""tradeable"": true, ""condition"": """"}, {""year"": ""2033"", ""origin"": ""HOU"", ""type"": ""own_outright"", ""tradeable"": true, ""condition"": """"}]",False,False,False,"{""2025-26"": true, ""2026-27"": false, ""2027-28"": false, ""2028-29"": false}",2026-06-17,computed from contracts + constants,
IND,2026-27,base,base case,"{""player_options"": ""counted at value (on books until declined)"", ""team_options"": ""counted at value (exercised) by default; only curated likely-declines (TEAM_OPTION_LIKELY_DECLINED, analyst input) excluded. Amount does not determine intent."", ""nonguaranteed"": ""treated as guaranteed (guarantee dates are Pass-2)"", ""own_free_agents"": ""approx cap hold (prior AAV) in cap basis only; not in apron salary"", ""roster_charges"": ""apron basis filled to 12 at rookie min; cap basis counts holds toward the 12"", ""repeater"": ""taxpayer flag projected forward in future seasons (apron salary > tax line)""}",181856680,0,21103616,0,0,0,0,0,0,202960296,14,10,160938,203121234,0,0,-38121234,-1960296,6139704,19039704,taxpayer,True,True,False,False,True,True,tiered_125,True,True,True,True,True,True,0,0,False,none,,,,5,"[{""year"": ""2027"", ""origin"": ""IND"", ""type"": ""own_outright"", ""tradeable"": false, ""condition"": """"}, {""year"": ""2028"", ""origin"": ""IND"", ""type"": ""own_outright"", ""tradeable"": true, ""condition"": """"}, {""year"": ""2029"", ""origin"": ""LAC"", ""type"": ""incoming"", ""tradeable"": null, ""condition"": """"}, {""year"": ""2030"", ""origin"": ""IND"", ""type"": ""own_outright"", ""tradeable"": true, ""condition"": """"}, {""year"": ""2031"", ""origin"": ""IND"", ""type"": ""own_outright"", ""tradeable"": true, ""condition"": """"}, {""year"": ""2032"", ""origin"": ""IND"", ""type"": ""own_outright"", ""tradeable"": true, ""condition"": """"}, {""year"": ""2033"", ""origin"": ""IND"", ""type"": ""own_outright"", ""tradeable"": true, ""condition"": """"}]",False,True,False,"{""2022-23"": false, ""2023-24"": false, ""2024-25"": false, ""2025-26"": false}",2026-06-17,computed from contracts + constants,
IND,2027-28,base,base case,"{""player_options"": ""counted at value (on books until declined)"", ""team_options"": ""counted at value (exercised) by default; only curated likely-declines (TEAM_OPTION_LIKELY_DECLINED, analyst input) excluded. Amount does not determine intent."", ""nonguaranteed"": ""treated as guaranteed (guarantee dates are Pass-2)"", ""own_free_agents"": ""approx cap hold (prior AAV) in cap basis only; not in apron salary"", ""roster_charges"": ""apron basis filled to 12 at rookie min; cap basis counts holds toward the 12"", ""repeater"": ""taxpayer flag projected forward in future seasons (apron salary > tax line)""}",200160078,0,2486995,0,0,0,0,0,2906000,205553073,10,9,0,205553073,0,0,-29003073,9516927,18183927,31986927,over_cap_under_tax,False,True,False,False,True,True,tiered_125,True,True,True,True,True,True,0,0,False,none,,,,5,"[{""year"": ""2027"", ""origin"": ""IND"", ""type"": ""own_outright"", ""tradeable"": false, ""condition"": """"}, {""year"": ""2028"", ""origin"": ""IND"", ""type"": ""own_outright"", ""tradeable"": true, ""condition"": """"}, {""year"": ""2029"", ""origin"": ""LAC"", ""type"": ""incoming"", ""tradeable"": null, ""condition"": """"}, {""year"": ""2030"", ""origin"": ""IND"", ""type"": ""own_outright"", ""tradeable"": true, ""condition"": """"}, {""year"": ""2031"", ""origin"": ""IND"", ""type"": ""own_outright"", ""tradeable"": true, ""condition"": """"}, {""year"": ""2032"", ""origin"": ""IND"", ""type"": ""own_outright"", ""tradeable"": true, ""condition"": """"}, {""year"": ""2033"", ""origin"": ""IND"", ""type"": ""own_outright"", ""tradeable"": true, ""condition"": """"}]",False,False,False,"{""2023-24"": false, ""2024-25"": false, ""2025-26"": false, ""2026-27"": true}",2026-06-17,computed from contracts + constants,
IND,2028-29,base,base case,"{""player_options"": ""counted at value (on books until declined)"", ""team_options"": ""counted at value (exercised) by default; only curated likely-declines (TEAM_OPTION_LIKELY_DECLINED, analyst input) excluded. Amount does not determine intent."", ""nonguaranteed"": ""treated as guaranteed (guarantee dates are Pass-2)"", ""own_free_agents"": ""approx cap hold (prior AAV) in cap basis only; not in apron salary"", ""roster_charges"": ""apron basis filled to 12 at rookie min; cap basis counts holds toward the 12"", ""repeater"": ""taxpayer flag projected forward in future seasons (apron salary > tax line)""}",76644288,0,14535698,0,0,0,0,0,12440000,103619986,4,2,0,103619986,85288014,85288014,85288014,126505014,135779014,150548014,under_cap,False,False,False,True,False,True,tiered_125,True,True,True,True,True,True,0,0,False,none,,,,5,"[{""year"": ""2027"", ""origin"": ""IND"", ""type"": ""own_outright"", ""tradeable"": false, ""condition"": """"}, {""year"": ""2028"", ""origin"": ""IND"", ""type"": ""own_outright"", ""tradeable"": true, ""condition"": """"}, {""year"": ""2029"", ""origin"": ""LAC"", ""type"": ""incoming"", ""tradeable"": null, ""condition"": """"}, {""year"": ""2030"", ""origin"": ""IND"", ""type"": ""own_outright"", ""tradeable"": true, ""condition"": """"}, {""year"": ""2031"", ""origin"": ""IND"", ""type"": ""own_outright"", ""tradeable"": true, ""condition"": """"}, {""year"": ""2032"", ""origin"": ""IND"", ""type"": ""own_outright"", ""tradeable"": true, ""condition"": """"}, {""year"": ""2033"", ""origin"": ""IND"", ""type"": ""own_outright"", ""tradeable"": true, ""condition"": """"}]",False,False,False,"{""2024-25"": false, ""2025-26"": false, ""2026-27"": true, ""2027-28"": false}",2026-06-17,computed from contracts + constants,
IND,2029-30,base,base case,"{""player_options"": ""counted at value (on books until declined)"", ""team_options"": ""counted at value (exercised) by default; only curated likely-declines (TEAM_OPTION_LIKELY_DECLINED, analyst input) excluded. Amount does not determine intent."", ""nonguaranteed"": ""treated as guaranteed (guarantee dates are Pass-2)"", ""own_free_agents"": ""approx cap hold (prior AAV) in cap basis only; not in apron salary"", ""roster_charges"": ""apron basis filled to 12 at rookie min; cap basis counts holds toward the 12"", ""repeater"": ""taxpayer flag projected forward in future seasons (apron salary > tax line)""}",0,0,0,0,0,0,0,0,19968000,19968000,0,0,0,19968000,182164000,182164000,182164000,226266000,236189000,251992000,under_cap,False,False,False,True,False,True,tiered_125,True,True,True,True,True,True,0,0,False,none,,,,5,"[{""year"": ""2027"", ""origin"": ""IND"", ""type"": ""own_outright"", ""tradeable"": false, ""condition"": """"}, {""year"": ""2028"", ""origin"": ""IND"", ""type"": ""own_outright"", ""tradeable"": true, ""condition"": """"}, {""year"": ""2029"", ""origin"": ""LAC"", ""type"": ""incoming"", ""tradeable"": null, ""condition"": """"}, {""year"": ""2030"", ""origin"": ""IND"", ""type"": ""own_outright"", ""tradeable"": true, ""condition"": """"}, {""year"": ""2031"", ""origin"": ""IND"", ""type"": ""own_outright"", ""tradeable"": true, ""condition"": """"}, {""year"": ""2032"", ""origin"": ""IND"", ""type"": ""own_outright"", ""tradeable"": true, ""condition"": """"}, {""year"": ""2033"", ""origin"": ""IND"", ""type"": ""own_outright"", ""tradeable"": true, ""condition"": """"}]",False,False,False,"{""2025-26"": false, ""2026-27"": true, ""2027-28"": false, ""2028-29"": false}",2026-06-17,computed from contracts + constants,
LAC,2026-27,base,base case,"{""player_options"": ""counted at value (on books until declined)"", ""team_options"": ""counted at value (exercised) by default; only curated likely-declines (TEAM_OPTION_LIKELY_DECLINED, analyst input) excluded. Amount does not determine intent."", ""nonguaranteed"": ""treated as guaranteed (guarantee dates are Pass-2)"", ""own_free_agents"": ""approx cap hold (prior AAV) in cap basis only; not in apron salary"", ""roster_charges"": ""apron basis filled to 12 at rookie min; cap basis counts holds toward the 12"", ""repeater"": ""taxpayer flag projected forward in future seasons (apron salary > tax line)""}",123302543,3877000,33240097,0,0,0,0,0,0,160419640,13,8,32868099,193287739,0,4580360,-28287739,40580360,48680360,61580360,over_cap_under_tax,False,True,False,False,True,True,tiered_125,True,True,True,True,True,True,0,0,False,none,,,,5,"[{""year"": ""2027"", ""origin"": ""OKC"", ""type"": ""incoming_swap"", ""tradeable"": null, ""condition"": ""Two most favorable of DEN 6-30, LAC and OKC (via OKC swap for LAC)""}, {""year"": ""2027"", ""origin"": ""LAC"", ""type"": ""own_conditional_review"", ""tradeable"": null, ""condition"": ""Two most favorable of DEN 6-30, LAC and OKC (via OKC swap for LAC)""}, {""year"": ""2028"", ""origin"": ""PHI"", ""type"": ""incoming"", ""tradeable"": null, ""condition"": """"}, {""year"": ""2029"", ""origin"": ""PHI LAC"", ""type"": ""incoming_swap"", ""tradeable"": null, ""condition"": ""Or swap with LAC 4-30 (via PHI swap for LAC)""}, {""year"": ""2029"", ""origin"": ""LAC PHI"", ""type"": ""own_conditional_review"", ""tradeable"": null, ""condition"": ""Or swap 4-30 with PHI (via PHI swap for LAC)""}, {""year"": ""2029"", ""origin"": ""LAC"", ""type"": ""own_outright"", ""tradeable"": true, ""condition"": """"}, {""year"": ""2030"", ""origin"": ""LAC"", ""type"": ""own_outright"", ""tradeable"": true, ""condition"": """"}, {""year"": ""2031"", ""origin"": ""LAC"", ""type"": ""own_outright"", ""tradeable"": true, ""condition"": """"}, {""year"": ""2032"", ""origin"": ""LAC"", ""type"": ""own_outright"", ""tradeable"": true, ""condition"": """"}, {""year"": ""2033"", ""origin"": ""LAC"", ""type"": ""own_outright"", ""tradeable"": true, ""condition"": """"}]",False,False,True,"{""2022-23"": true, ""2023-24"": true, ""2024-25"": false, ""2025-26"": true}",2026-06-17,computed from contracts + constants,
LAC,2027-28,base,base case,"{""player_options"": ""counted at value (on books until declined)"", ""team_options"": ""counted at value (exercised) by default; only curated likely-declines (TEAM_OPTION_LIKELY_DECLINED, analyst input) excluded. Amount does not determine intent."", ""nonguaranteed"": ""treated as guaranteed (guarantee dates are Pass-2)"", ""own_free_agents"": ""approx cap hold (prior AAV) in cap basis only; not in apron salary"", ""roster_charges"": ""apron basis filled to 12 at rookie min; cap basis counts holds toward the 12"", ""repeater"": ""taxpayer flag projected forward in future seasons (apron salary > tax line)""}",55163930,0,5505475,0,0,0,0,0,10171000,70840405,5,3,0,70840405,105709595,105709595,105709595,144229595,152896595,166699595,under_cap,False,False,False,True,False,True,tiered_125,True,True,True,True,True,True,0,0,False,none,,,,5,"[{""year"": ""2027"", ""origin"": ""OKC"", ""type"": ""incoming_swap"", ""tradeable"": null, ""condition"": ""Two most favorable of DEN 6-30, LAC and OKC (via OKC swap for LAC)""}, {""year"": ""2027"", ""origin"": ""LAC"", ""type"": ""own_conditional_review"", ""tradeable"": null, ""condition"": ""Two most favorable of DEN 6-30, LAC and OKC (via OKC swap for LAC)""}, {""year"": ""2028"", ""origin"": ""PHI"", ""type"": ""incoming"", ""tradeable"": null, ""condition"": """"}, {""year"": ""2029"", ""origin"": ""PHI LAC"", ""type"": ""incoming_swap"", ""tradeable"": null, ""condition"": ""Or swap with LAC 4-30 (via PHI swap for LAC)""}, {""year"": ""2029"", ""origin"": ""LAC PHI"", ""type"": ""own_conditional_review"", ""tradeable"": null, ""condition"": ""Or swap 4-30 with PHI (via PHI swap for LAC)""}, {""year"": ""2029"", ""origin"": ""LAC"", ""type"": ""own_outright"", ""tradeable"": true, ""condition"": """"}, {""year"": ""2030"", ""origin"": ""LAC"", ""type"": ""own_outright"", ""tradeable"": true, ""condition"": """"}, {""year"": ""2031"", ""origin"": ""LAC"", ""type"": ""own_outright"", ""tradeable"": true, ""condition"": """"}, {""year"": ""2032"", ""origin"": ""LAC"", ""type"": ""own_outright"", ""tradeable"": true, ""condition"": """"}, {""year"": ""2033"", ""origin"": ""LAC"", ""type"": ""own_outright"", ""tradeable"": true, ""condition"": """"}]",False,False,False,"{""2023-24"": true, ""2024-25"": false, ""2025-26"": true, ""2026-27"": false}",2026-06-17,computed from contracts + constants,
LAC,2028-29,base,base case,"{""player_options"": ""counted at value (on books until declined)"", ""team_options"": ""counted at value (exercised) by default; only curated likely-declines (TEAM_OPTION_LIKELY_DECLINED, analyst input) excluded. Amount does not determine intent."", ""nonguaranteed"": ""treated as guaranteed (guarantee dates are Pass-2)"", ""own_free_agents"": ""approx cap hold (prior AAV) in cap basis only; not in apron salary"", ""roster_charges"": ""apron basis filled to 12 at rookie min; cap basis counts holds toward the 12"", ""repeater"": ""taxpayer flag projected forward in future seasons (apron salary > tax line)""}",3877000,0,5448356,0,0,0,0,0,15550000,24875356,2,1,0,24875356,164032644,164032644,164032644,205249644,214523644,229292644,under_cap,False,False,False,True,False,True,tiered_125,True,True,True,True,True,True,0,0,False,none,,,,5,"[{""year"": ""2027"", ""origin"": ""OKC"", ""type"": ""incoming_swap"", ""tradeable"": null, ""condition"": ""Two most favorable of DEN 6-30, LAC and OKC (via OKC swap for LAC)""}, {""year"": ""2027"", ""origin"": ""LAC"", ""type"": ""own_conditional_review"", ""tradeable"": null, ""condition"": ""Two most favorable of DEN 6-30, LAC and OKC (via OKC swap for LAC)""}, {""year"": ""2028"", ""origin"": ""PHI"", ""type"": ""incoming"", ""tradeable"": null, ""condition"": """"}, {""year"": ""2029"", ""origin"": ""PHI LAC"", ""type"": ""incoming_swap"", ""tradeable"": null, ""condition"": ""Or swap with LAC 4-30 (via PHI swap for LAC)""}, {""year"": ""2029"", ""origin"": ""LAC PHI"", ""type"": ""own_conditional_review"", ""tradeable"": null, ""condition"": ""Or swap 4-30 with PHI (via PHI swap for LAC)""}, {""year"": ""2029"", ""origin"": ""LAC"", ""type"": ""own_outright"", ""tradeable"": true, ""condition"": """"}, {""year"": ""2030"", ""origin"": ""LAC"", ""type"": ""own_outright"", ""tradeable"": true, ""condition"": """"}, {""year"": ""2031"", ""origin"": ""LAC"", ""type"": ""own_outright"", ""tradeable"": true, ""condition"": """"}, {""year"": ""2032"", ""origin"": ""LAC"", ""type"": ""own_outright"", ""tradeable"": true, ""condition"": """"}, {""year"": ""2033"", ""origin"": ""LAC"", ""type"": ""own_outright"", ""tradeable"": true, ""condition"": """"}]",False,False,False,"{""2024-25"": false, ""2025-26"": true, ""2026-27"": false, ""2027-28"": false}",2026-06-17,computed from contracts + constants,
LAC,2029-30,base,base case,"{""player_options"": ""counted at value (on books until declined)"", ""team_options"": ""counted at value (exercised) by default; only curated likely-declines (TEAM_OPTION_LIKELY_DECLINED, analyst input) excluded. Amount does not determine intent."", ""nonguaranteed"": ""treated as guaranteed (guarantee dates are Pass-2)"", ""own_free_agents"": ""approx cap hold (prior AAV) in cap basis only; not in apron salary"", ""roster_charges"": ""apron basis filled to 12 at rookie min; cap basis counts holds toward the 12"", ""repeater"": ""taxpayer flag projected forward in future seasons (apron salary > tax line)""}",3877000,0,0,0,0,0,0,0,18304000,22181000,1,1,0,22181000,179951000,179951000,179951000,224053000,233976000,249779000,under_cap,False,False,False,True,False,True,tiered_125,True,True,True,True,True,True,0,0,False,none,,,,5,"[{""year"": ""2027"", ""origin"": ""OKC"", ""type"": ""incoming_swap"", ""tradeable"": null, ""condition"": ""Two most favorable of DEN 6-30, LAC and OKC (via OKC swap for LAC)""}, {""year"": ""2027"", ""origin"": ""LAC"", ""type"": ""own_conditional_review"", ""tradeable"": null, ""condition"": ""Two most favorable of DEN 6-30, LAC and OKC (via OKC swap for LAC)""}, {""year"": ""2028"", ""origin"": ""PHI"", ""type"": ""incoming"", ""tradeable"": null, ""condition"": """"}, {""year"": ""2029"", ""origin"": ""PHI LAC"", ""type"": ""incoming_swap"", ""tradeable"": null, ""condition"": ""Or swap with LAC 4-30 (via PHI swap for LAC)""}, {""year"": ""2029"", ""origin"": ""LAC PHI"", ""type"": ""own_conditional_review"", ""tradeable"": null, ""condition"": ""Or swap 4-30 with PHI (via PHI swap for LAC)""}, {""year"": ""2029"", ""origin"": ""LAC"", ""type"": ""own_outright"", ""tradeable"": true, ""condition"": """"}, {""year"": ""2030"", ""origin"": ""LAC"", ""type"": ""own_outright"", ""tradeable"": true, ""condition"": """"}, {""year"": ""2031"", ""origin"": ""LAC"", ""type"": ""own_outright"", ""tradeable"": true, ""condition"": """"}, {""year"": ""2032"", ""origin"": ""LAC"", ""type"": ""own_outright"", ""tradeable"": true, ""condition"": """"}, {""year"": ""2033"", ""origin"": ""LAC"", ""type"": ""own_outright"", ""tradeable"": true, ""condition"": """"}]",False,False,False,"{""2025-26"": true, ""2026-27"": false, ""2027-28"": false, ""2028-29"": false}",2026-06-17,computed from contracts + constants,
LAL,2026-27,base,base case,"{""player_options"": ""counted at value (on books until declined)"", ""team_options"": ""counted at value (exercised) by default; only curated likely-declines (TEAM_OPTION_LIKELY_DECLINED, analyst input) excluded. Amount does not determine intent."", ""nonguaranteed"": ""treated as guaranteed (guarantee dates are Pass-2)"", ""own_free_agents"": ""approx cap hold (prior AAV) in cap basis only; not in apron salary"", ""roster_charges"": ""apron basis filled to 12 at rookie min; cap basis counts holds toward the 12"", ""repeater"": ""taxpayer flag projected forward in future seasons (apron salary > tax line)""}",72675759,22652786,4201080,0,0,0,0,0,4074000,103603625,9,5,93127322,192656947,0,61396375,-27656947,97396375,105496375,118396375,over_cap_under_tax,False,True,False,False,True,True,tiered_125,True,True,True,True,True,True,0,0,False,none,,,,5,"[{""year"": ""2027"", ""origin"": ""MEM"", ""type"": ""incoming"", ""tradeable"": null, ""condition"": ""If 5-30 (via UTA)""}, {""year"": ""2027"", ""origin"": ""LAL"", ""type"": ""own_conditional_review"", ""tradeable"": null, ""condition"": ""If 1-4""}, {""year"": ""2028"", ""origin"": ""LAL"", ""type"": ""own_outright"", ""tradeable"": true, ""condition"": """"}, {""year"": ""2029"", ""origin"": ""DAL"", ""type"": ""incoming"", ""tradeable"": null, ""condition"": """"}, {""year"": ""2030"", ""origin"": ""LAL"", ""type"": ""own_outright"", ""tradeable"": true, ""condition"": """"}, {""year"": ""2031"", ""origin"": ""LAL"", ""type"": ""own_outright"", ""tradeable"": true, ""condition"": """"}, {""year"": ""2032"", ""origin"": ""LAL"", ""type"": ""own_outright"", ""tradeable"": true, ""condition"": """"}, {""year"": ""2033"", ""origin"": ""LAL"", ""type"": ""own_outright"", ""tradeable"": true, ""condition"": """"}]",False,False,True,"{""2022-23"": true, ""2023-24"": true, ""2024-25"": true, ""2025-26"": true}",2026-06-17,computed from contracts + constants,
LAL,2027-28,base,base case,"{""player_options"": ""counted at value (on books until declined)"", ""team_options"": ""counted at value (exercised) by default; only curated likely-declines (TEAM_OPTION_LIKELY_DECLINED, analyst input) excluded. Amount does not determine intent."", ""nonguaranteed"": ""treated as guaranteed (guarantee dates are Pass-2)"", ""own_free_agents"": ""approx cap hold (prior AAV) in cap basis only; not in apron salary"", ""roster_charges"": ""apron basis filled to 12 at rookie min; cap basis counts holds toward the 12"", ""repeater"": ""taxpayer flag projected forward in future seasons (apron salary > tax line)""}",53784000,13285714,11465756,0,0,0,0,0,10171000,88706470,5,1,0,88706470,87843530,87843530,87843530,126363530,135030530,148833530,under_cap,False,False,False,True,False,True,tiered_125,True,True,True,True,True,True,0,0,False,none,,,,5,"[{""year"": ""2027"", ""origin"": ""MEM"", ""type"": ""incoming"", ""tradeable"": null, ""condition"": ""If 5-30 (via UTA)""}, {""year"": ""2027"", ""origin"": ""LAL"", ""type"": ""own_conditional_review"", ""tradeable"": null, ""condition"": ""If 1-4""}, {""year"": ""2028"", ""origin"": ""LAL"", ""type"": ""own_outright"", ""tradeable"": true, ""condition"": """"}, {""year"": ""2029"", ""origin"": ""DAL"", ""type"": ""incoming"", ""tradeable"": null, ""condition"": """"}, {""year"": ""2030"", ""origin"": ""LAL"", ""type"": ""own_outright"", ""tradeable"": true, ""condition"": """"}, {""year"": ""2031"", ""origin"": ""LAL"", ""type"": ""own_outright"", ""tradeable"": true, ""condition"": """"}, {""year"": ""2032"", ""origin"": ""LAL"", ""type"": ""own_outright"", ""tradeable"": true, ""condition"": """"}, {""year"": ""2033"", ""origin"": ""LAL"", ""type"": ""own_outright"", ""tradeable"": true, ""condition"": """"}]",False,False,True,"{""2023-24"": true, ""2024-25"": true, ""2025-26"": true, ""2026-27"": false}",2026-06-17,computed from contracts + constants,
LAL,2028-29,base,base case,"{""player_options"": ""counted at value (on books until declined)"", ""team_options"": ""counted at value (exercised) by default; only curated likely-declines (TEAM_OPTION_LIKELY_DECLINED, analyst input) excluded. Amount does not determine intent."", ""nonguaranteed"": ""treated as guaranteed (guarantee dates are Pass-2)"", ""own_free_agents"": ""approx cap hold (prior AAV) in cap basis only; not in apron salary"", ""roster_charges"": ""apron basis filled to 12 at rookie min; cap basis counts holds toward the 12"", ""repeater"": ""taxpayer flag projected forward in future seasons (apron salary > tax line)""}",0,57768000,0,0,0,0,0,0,17105000,74873000,1,0,0,74873000,114035000,114035000,114035000,155252000,164526000,179295000,under_cap,False,False,False,True,False,True,tiered_125,True,True,True,True,True,True,0,0,False,none,,,,5,"[{""year"": ""2027"", ""origin"": ""MEM"", ""type"": ""incoming"", ""tradeable"": null, ""condition"": ""If 5-30 (via UTA)""}, {""year"": ""2027"", ""origin"": ""LAL"", ""type"": ""own_conditional_review"", ""tradeable"": null, ""condition"": ""If 1-4""}, {""year"": ""2028"", ""origin"": ""LAL"", ""type"": ""own_outright"", ""tradeable"": true, ""condition"": """"}, {""year"": ""2029"", ""origin"": ""DAL"", ""type"": ""incoming"", ""tradeable"": null, ""condition"": """"}, {""year"": ""2030"", ""origin"": ""LAL"", ""type"": ""own_outright"", ""tradeable"": true, ""condition"": """"}, {""year"": ""2031"", ""origin"": ""LAL"", ""type"": ""own_outright"", ""tradeable"": true, ""condition"": """"}, {""year"": ""2032"", ""origin"": ""LAL"", ""type"": ""own_outright"", ""tradeable"": true, ""condition"": """"}, {""year"": ""2033"", ""origin"": ""LAL"", ""type"": ""own_outright"", ""tradeable"": true, ""condition"": """"}]",False,False,False,"{""2024-25"": true, ""2025-26"": true, ""2026-27"": false, ""2027-28"": false}",2026-06-17,computed from contracts + constants,
LAL,2029-30,base,base case,"{""player_options"": ""counted at value (on books until declined)"", ""team_options"": ""counted at value (exercised) by default; only curated likely-declines (TEAM_OPTION_LIKELY_DECLINED, analyst input) excluded. Amount does not determine intent."", ""nonguaranteed"": ""treated as guaranteed (guarantee dates are Pass-2)"", ""own_free_agents"": ""approx cap hold (prior AAV) in cap basis only; not in apron salary"", ""roster_charges"": ""apron basis filled to 12 at rookie min; cap basis counts holds toward the 12"", ""repeater"": ""taxpayer flag projected forward in future seasons (apron salary > tax line)""}",0,0,0,0,0,0,0,0,19968000,19968000,0,0,0,19968000,182164000,182164000,182164000,226266000,236189000,251992000,under_cap,False,False,False,True,False,True,tiered_125,True,True,True,True,True,True,0,0,False,none,,,,5,"[{""year"": ""2027"", ""origin"": ""MEM"", ""type"": ""incoming"", ""tradeable"": null, ""condition"": ""If 5-30 (via UTA)""}, {""year"": ""2027"", ""origin"": ""LAL"", ""type"": ""own_conditional_review"", ""tradeable"": null, ""condition"": ""If 1-4""}, {""year"": ""2028"", ""origin"": ""LAL"", ""type"": ""own_outright"", ""tradeable"": true, ""condition"": """"}, {""year"": ""2029"", ""origin"": ""DAL"", ""type"": ""incoming"", ""tradeable"": null, ""condition"": """"}, {""year"": ""2030"", ""origin"": ""LAL"", ""type"": ""own_outright"", ""tradeable"": true, ""condition"": """"}, {""year"": ""2031"", ""origin"": ""LAL"", ""type"": ""own_outright"", ""tradeable"": true, ""condition"": """"}, {""year"": ""2032"", ""origin"": ""LAL"", ""type"": ""own_outright"", ""tradeable"": true, ""condition"": """"}, {""year"": ""2033"", ""origin"": ""LAL"", ""type"": ""own_outright"", ""tradeable"": true, ""condition"": """"}]",False,False,False,"{""2025-26"": true, ""2026-27"": false, ""2027-28"": false, ""2028-29"": false}",2026-06-17,computed from contracts + constants,
MEM,2026-27,base,base case,"{""player_options"": ""counted at value (on books until declined)"", ""team_options"": ""counted at value (exercised) by default; only curated likely-declines (TEAM_OPTION_LIKELY_DECLINED, analyst input) excluded. Amount does not determine intent."", ""nonguaranteed"": ""treated as guaranteed (guarantee dates are Pass-2)"", ""own_free_agents"": ""approx cap hold (prior AAV) in cap basis only; not in apron salary"", ""roster_charges"": ""apron basis filled to 12 at rookie min; cap basis counts holds toward the 12"", ""repeater"": ""taxpayer flag projected forward in future seasons (apron salary > tax line)""}",98718076,21621500,16544865,0,0,3700000,0,0,0,140584441,14,10,3257212,140141653,24858347,28115559,24858347,60415559,68515559,81415559,under_cap,False,False,False,True,False,True,tiered_125,True,True,True,True,True,True,28872920,28872920,False,none,,,,6,"[{""year"": ""2027"", ""origin"": ""LAL"", ""type"": ""incoming"", ""tradeable"": null, ""condition"": ""If 1-4""}, {""year"": ""2027"", ""origin"": ""MEM"", ""type"": ""own_conditional_review"", ""tradeable"": null, ""condition"": ""If 5-30 (via UTA)""}, {""year"": ""2027"", ""origin"": ""MEM"", ""type"": ""own_conditional_review"", ""tradeable"": null, ""condition"": ""Most favorable of CLE, MIN and UTA then others to PHX and UTA (via UTA)""}, {""year"": ""2027"", ""origin"": ""MEM"", ""type"": ""own_outright"", ""tradeable"": false, ""condition"": """"}, {""year"": ""2028"", ""origin"": ""MEM"", ""type"": ""own_outright"", ""tradeable"": true, ""condition"": """"}, {""year"": ""2029"", ""origin"": ""ORL"", ""type"": ""incoming_swap"", ""tradeable"": null, ""condition"": ""If 1-2 or swap 3-30 with MEM (via MEM swap for ORL""}, {""year"": ""2029"", ""origin"": ""MEM"", ""type"": ""own_conditional_review"", ""tradeable"": null, ""condition"": ""If 1-2 or swap 3-30 with MEM (via MEM swap for ORL""}, {""year"": ""2029"", ""origin"": ""MEM"", ""type"": ""own_outright"", ""tradeable"": true, ""condition"": """"}, {""year"": ""2030"", ""origin"": ""MEM"", ""type"": ""own_conditional_review"", ""tradeable"": null, ""condition"": ""More favorable of MEM and less favorable of PHX and WAS""}, {""year"": ""2030"", ""origin"": ""MEM"", ""type"": ""own_outright"", ""tradeable"": true, ""condition"": """"}, {""year"": ""2031"", ""origin"": ""MEM"", ""type"": ""own_conditional_review"", ""tradeable"": null, ""condition"": ""(via UTA)""}, {""year"": ""2031"", ""origin"": ""MEM"", ""type"": ""own_outright"", ""tradeable"": true, ""condition"": """"}, {""year"": ""2032"", ""origin"": ""MEM"", ""type"": ""own_outright"", ""tradeable"": true, ""condition"": """"}, {""year"": ""2033"", ""origin"": ""MEM"", ""type"": ""own_outright"", ""tradeable"": true, ""condition"": """"}]",False,False,False,"{""2022-23"": false, ""2023-24"": false, ""2024-25"": false, ""2025-26"": false}",2026-06-17,computed from contracts + constants,
MEM,2027-28,base,base case,"{""player_options"": ""counted at value (on books until declined)"", ""team_options"": ""counted at value (exercised) by default; only curated likely-declines (TEAM_OPTION_LIKELY_DECLINED, analyst input) excluded. Amount does not determine intent."", ""nonguaranteed"": ""treated as guaranteed (guarantee dates are Pass-2)"", ""own_free_agents"": ""approx cap hold (prior AAV) in cap basis only; not in apron salary"", ""roster_charges"": ""apron basis filled to 12 at rookie min; cap basis counts holds toward the 12"", ""repeater"": ""taxpayer flag projected forward in future seasons (apron salary > tax line)""}",50292899,9659100,38239215,0,0,0,0,0,4359000,102550214,9,3,0,102550214,73999786,73999786,73999786,112519786,121186786,134989786,under_cap,False,False,False,True,False,True,tiered_125,True,True,True,True,True,True,0,0,False,none,,,,6,"[{""year"": ""2027"", ""origin"": ""LAL"", ""type"": ""incoming"", ""tradeable"": null, ""condition"": ""If 1-4""}, {""year"": ""2027"", ""origin"": ""MEM"", ""type"": ""own_conditional_review"", ""tradeable"": null, ""condition"": ""If 5-30 (via UTA)""}, {""year"": ""2027"", ""origin"": ""MEM"", ""type"": ""own_conditional_review"", ""tradeable"": null, ""condition"": ""Most favorable of CLE, MIN and UTA then others to PHX and UTA (via UTA)""}, {""year"": ""2027"", ""origin"": ""MEM"", ""type"": ""own_outright"", ""tradeable"": false, ""condition"": """"}, {""year"": ""2028"", ""origin"": ""MEM"", ""type"": ""own_outright"", ""tradeable"": true, ""condition"": """"}, {""year"": ""2029"", ""origin"": ""ORL"", ""type"": ""incoming_swap"", ""tradeable"": null, ""condition"": ""If 1-2 or swap 3-30 with MEM (via MEM swap for ORL""}, {""year"": ""2029"", ""origin"": ""MEM"", ""type"": ""own_conditional_review"", ""tradeable"": null, ""condition"": ""If 1-2 or swap 3-30 with MEM (via MEM swap for ORL""}, {""year"": ""2029"", ""origin"": ""MEM"", ""type"": ""own_outright"", ""tradeable"": true, ""condition"": """"}, {""year"": ""2030"", ""origin"": ""MEM"", ""type"": ""own_conditional_review"", ""tradeable"": null, ""condition"": ""More favorable of MEM and less favorable of PHX and WAS""}, {""year"": ""2030"", ""origin"": ""MEM"", ""type"": ""own_outright"", ""tradeable"": true, ""condition"": """"}, {""year"": ""2031"", ""origin"": ""MEM"", ""type"": ""own_conditional_review"", ""tradeable"": null, ""condition"": ""(via UTA)""}, {""year"": ""2031"", ""origin"": ""MEM"", ""type"": ""own_outright"", ""tradeable"": true, ""condition"": """"}, {""year"": ""2032"", ""origin"": ""MEM"", ""type"": ""own_outright"", ""tradeable"": true, ""condition"": """"}, {""year"": ""2033"", ""origin"": ""MEM"", ""type"": ""own_outright"", ""tradeable"": true, ""condition"": """"}]",False,False,False,"{""2023-24"": false, ""2024-25"": false, ""2025-26"": false, ""2026-27"": false}",2026-06-17,computed from contracts + constants,
MEM,2028-29,base,base case,"{""player_options"": ""counted at value (on books until declined)"", ""team_options"": ""counted at value (exercised) by default; only curated likely-declines (TEAM_OPTION_LIKELY_DECLINED, analyst input) excluded. Amount does not determine intent."", ""nonguaranteed"": ""treated as guaranteed (guarantee dates are Pass-2)"", ""own_free_agents"": ""approx cap hold (prior AAV) in cap basis only; not in apron salary"", ""roster_charges"": ""apron basis filled to 12 at rookie min; cap basis counts holds toward the 12"", ""repeater"": ""taxpayer flag projected forward in future seasons (apron salary > tax line)""}",0,0,17925740,0,0,0,0,0,13995000,31920740,3,0,0,31920740,156987260,156987260,156987260,198204260,207478260,222247260,under_cap,False,False,False,True,False,True,tiered_125,True,True,True,True,True,True,0,0,False,none,,,,6,"[{""year"": ""2027"", ""origin"": ""LAL"", ""type"": ""incoming"", ""tradeable"": null, ""condition"": ""If 1-4""}, {""year"": ""2027"", ""origin"": ""MEM"", ""type"": ""own_conditional_review"", ""tradeable"": null, ""condition"": ""If 5-30 (via UTA)""}, {""year"": ""2027"", ""origin"": ""MEM"", ""type"": ""own_conditional_review"", ""tradeable"": null, ""condition"": ""Most favorable of CLE, MIN and UTA then others to PHX and UTA (via UTA)""}, {""year"": ""2027"", ""origin"": ""MEM"", ""type"": ""own_outright"", ""tradeable"": false, ""condition"": """"}, {""year"": ""2028"", ""origin"": ""MEM"", ""type"": ""own_outright"", ""tradeable"": true, ""condition"": """"}, {""year"": ""2029"", ""origin"": ""ORL"", ""type"": ""incoming_swap"", ""tradeable"": null, ""condition"": ""If 1-2 or swap 3-30 with MEM (via MEM swap for ORL""}, {""year"": ""2029"", ""origin"": ""MEM"", ""type"": ""own_conditional_review"", ""tradeable"": null, ""condition"": ""If 1-2 or swap 3-30 with MEM (via MEM swap for ORL""}, {""year"": ""2029"", ""origin"": ""MEM"", ""type"": ""own_outright"", ""tradeable"": true, ""condition"": """"}, {""year"": ""2030"", ""origin"": ""MEM"", ""type"": ""own_conditional_review"", ""tradeable"": null, ""condition"": ""More favorable of MEM and less favorable of PHX and WAS""}, {""year"": ""2030"", ""origin"": ""MEM"", ""type"": ""own_outright"", ""tradeable"": true, ""condition"": """"}, {""year"": ""2031"", ""origin"": ""MEM"", ""type"": ""own_conditional_review"", ""tradeable"": null, ""condition"": ""(via UTA)""}, {""year"": ""2031"", ""origin"": ""MEM"", ""type"": ""own_outright"", ""tradeable"": true, ""condition"": """"}, {""year"": ""2032"", ""origin"": ""MEM"", ""type"": ""own_outright"", ""tradeable"": true, ""condition"": """"}, {""year"": ""2033"", ""origin"": ""MEM"", ""type"": ""own_outright"", ""tradeable"": true, ""condition"": """"}]",False,False,False,"{""2024-25"": false, ""2025-26"": false, ""2026-27"": false, ""2027-28"": false}",2026-06-17,computed from contracts + constants,
MEM,2029-30,base,base case,"{""player_options"": ""counted at value (on books until declined)"", ""team_options"": ""counted at value (exercised) by default; only curated likely-declines (TEAM_OPTION_LIKELY_DECLINED, analyst input) excluded. Amount does not determine intent."", ""nonguaranteed"": ""treated as guaranteed (guarantee dates are Pass-2)"", ""own_free_agents"": ""approx cap hold (prior AAV) in cap basis only; not in apron salary"", ""roster_charges"": ""apron basis filled to 12 at rookie min; cap basis counts holds toward the 12"", ""repeater"": ""taxpayer flag projected forward in future seasons (apron salary > tax line)""}",0,0,0,0,0,0,0,0,19968000,19968000,0,0,0,19968000,182164000,182164000,182164000,226266000,236189000,251992000,under_cap,False,False,False,True,False,True,tiered_125,True,True,True,True,True,True,0,0,False,none,,,,6,"[{""year"": ""2027"", ""origin"": ""LAL"", ""type"": ""incoming"", ""tradeable"": null, ""condition"": ""If 1-4""}, {""year"": ""2027"", ""origin"": ""MEM"", ""type"": ""own_conditional_review"", ""tradeable"": null, ""condition"": ""If 5-30 (via UTA)""}, {""year"": ""2027"", ""origin"": ""MEM"", ""type"": ""own_conditional_review"", ""tradeable"": null, ""condition"": ""Most favorable of CLE, MIN and UTA then others to PHX and UTA (via UTA)""}, {""year"": ""2027"", ""origin"": ""MEM"", ""type"": ""own_outright"", ""tradeable"": false, ""condition"": """"}, {""year"": ""2028"", ""origin"": ""MEM"", ""type"": ""own_outright"", ""tradeable"": true, ""condition"": """"}, {""year"": ""2029"", ""origin"": ""ORL"", ""type"": ""incoming_swap"", ""tradeable"": null, ""condition"": ""If 1-2 or swap 3-30 with MEM (via MEM swap for ORL""}, {""year"": ""2029"", ""origin"": ""MEM"", ""type"": ""own_conditional_review"", ""tradeable"": null, ""condition"": ""If 1-2 or swap 3-30 with MEM (via MEM swap for ORL""}, {""year"": ""2029"", ""origin"": ""MEM"", ""type"": ""own_outright"", ""tradeable"": true, ""condition"": """"}, {""year"": ""2030"", ""origin"": ""MEM"", ""type"": ""own_conditional_review"", ""tradeable"": null, ""condition"": ""More favorable of MEM and less favorable of PHX and WAS""}, {""year"": ""2030"", ""origin"": ""MEM"", ""type"": ""own_outright"", ""tradeable"": true, ""condition"": """"}, {""year"": ""2031"", ""origin"": ""MEM"", ""type"": ""own_conditional_review"", ""tradeable"": null, ""condition"": ""(via UTA)""}, {""year"": ""2031"", ""origin"": ""MEM"", ""type"": ""own_outright"", ""tradeable"": true, ""condition"": """"}, {""year"": ""2032"", ""origin"": ""MEM"", ""type"": ""own_outright"", ""tradeable"": true, ""condition"": """"}, {""year"": ""2033"", ""origin"": ""MEM"", ""type"": ""own_outright"", ""tradeable"": true, ""condition"": """"}]",False,False,False,"{""2025-26"": false, ""2026-27"": false, ""2027-28"": false, ""2028-29"": false}",2026-06-17,computed from contracts + constants,
MIA,2026-27,base,base case,"{""player_options"": ""counted at value (on books until declined)"", ""team_options"": ""counted at value (exercised) by default; only curated likely-declines (TEAM_OPTION_LIKELY_DECLINED, analyst input) excluded. Amount does not determine intent."", ""nonguaranteed"": ""treated as guaranteed (guarantee dates are Pass-2)"", ""own_free_agents"": ""approx cap hold (prior AAV) in cap basis only; not in apron salary"", ""roster_charges"": ""apron basis filled to 12 at rookie min; cap basis counts holds toward the 12"", ""repeater"": ""taxpayer flag projected forward in future seasons (apron salary > tax line)""}",119977136,30169644,12890332,0,0,0,0,0,1358000,164395112,11,7,27537644,190574756,0,604888,-25574756,36604888,44704888,57604888,over_cap_under_tax,False,True,False,False,True,True,tiered_125,True,True,True,True,True,True,16834692,16834692,False,none,,,,5,"[{""year"": ""2027"", ""origin"": ""CHA"", ""type"": ""incoming"", ""tradeable"": null, ""condition"": ""If 15-30""}, {""year"": ""2027"", ""origin"": ""MIA"", ""type"": ""own_conditional_review"", ""tradeable"": null, ""condition"": ""If 1-14""}, {""year"": ""2028"", ""origin"": ""MIA CHA"", ""type"": ""own_conditional_review"", ""tradeable"": null, ""condition"": ""If MIA conveys 1st to CHA in 2027 or If MIA does not convey 1st to OKC in 2025""}, {""year"": ""2029"", ""origin"": ""MIA"", ""type"": ""own_outright"", ""tradeable"": true, ""condition"": """"}, {""year"": ""2030"", ""origin"": ""MIA"", ""type"": ""own_outright"", ""tradeable"": true, ""condition"": """"}, {""year"": ""2031"", ""origin"": ""MIA"", ""type"": ""own_outright"", ""tradeable"": true, ""condition"": """"}, {""year"": ""2032"", ""origin"": ""MIA"", ""type"": ""own_outright"", ""tradeable"": true, ""condition"": """"}, {""year"": ""2033"", ""origin"": ""MIA"", ""type"": ""own_outright"", ""tradeable"": true, ""condition"": """"}]",False,False,False,"{""2022-23"": false, ""2023-24"": true, ""2024-25"": true, ""2025-26"": false}",2026-06-17,computed from contracts + constants,
MIA,2027-28,base,base case,"{""player_options"": ""counted at value (on books until declined)"", ""team_options"": ""counted at value (exercised) by default; only curated likely-declines (TEAM_OPTION_LIKELY_DECLINED, analyst input) excluded. Amount does not determine intent."", ""nonguaranteed"": ""treated as guaranteed (guarantee dates are Pass-2)"", ""own_free_agents"": ""approx cap hold (prior AAV) in cap basis only; not in apron salary"", ""roster_charges"": ""apron basis filled to 12 at rookie min; cap basis counts holds toward the 12"", ""repeater"": ""taxpayer flag projected forward in future seasons (apron salary > tax line)""}",71213901,0,14095174,0,0,0,0,0,8718000,94027075,6,3,0,94027075,82522925,82522925,82522925,121042925,129709925,143512925,under_cap,False,False,False,True,False,True,tiered_125,True,True,True,True,True,True,0,0,False,none,,,,5,"[{""year"": ""2027"", ""origin"": ""CHA"", ""type"": ""incoming"", ""tradeable"": null, ""condition"": ""If 15-30""}, {""year"": ""2027"", ""origin"": ""MIA"", ""type"": ""own_conditional_review"", ""tradeable"": null, ""condition"": ""If 1-14""}, {""year"": ""2028"", ""origin"": ""MIA CHA"", ""type"": ""own_conditional_review"", ""tradeable"": null, ""condition"": ""If MIA conveys 1st to CHA in 2027 or If MIA does not convey 1st to OKC in 2025""}, {""year"": ""2029"", ""origin"": ""MIA"", ""type"": ""own_outright"", ""tradeable"": true, ""condition"": """"}, {""year"": ""2030"", ""origin"": ""MIA"", ""type"": ""own_outright"", ""tradeable"": true, ""condition"": """"}, {""year"": ""2031"", ""origin"": ""MIA"", ""type"": ""own_outright"", ""tradeable"": true, ""condition"": """"}, {""year"": ""2032"", ""origin"": ""MIA"", ""type"": ""own_outright"", ""tradeable"": true, ""condition"": """"}, {""year"": ""2033"", ""origin"": ""MIA"", ""type"": ""own_outright"", ""tradeable"": true, ""condition"": """"}]",False,False,False,"{""2023-24"": true, ""2024-25"": true, ""2025-26"": false, ""2026-27"": false}",2026-06-17,computed from contracts + constants,
MIA,2028-29,base,base case,"{""player_options"": ""counted at value (on books until declined)"", ""team_options"": ""counted at value (exercised) by default; only curated likely-declines (TEAM_OPTION_LIKELY_DECLINED, analyst input) excluded. Amount does not determine intent."", ""nonguaranteed"": ""treated as guaranteed (guarantee dates are Pass-2)"", ""own_free_agents"": ""approx cap hold (prior AAV) in cap basis only; not in apron salary"", ""roster_charges"": ""apron basis filled to 12 at rookie min; cap basis counts holds toward the 12"", ""repeater"": ""taxpayer flag projected forward in future seasons (apron salary > tax line)""}",15096000,57768000,6205687,0,0,0,0,0,13995000,93064687,3,1,0,93064687,95843313,95843313,95843313,137060313,146334313,161103313,under_cap,False,False,False,True,False,True,tiered_125,True,True,True,True,True,True,0,0,False,none,,,,5,"[{""year"": ""2027"", ""origin"": ""CHA"", ""type"": ""incoming"", ""tradeable"": null, ""condition"": ""If 15-30""}, {""year"": ""2027"", ""origin"": ""MIA"", ""type"": ""own_conditional_review"", ""tradeable"": null, ""condition"": ""If 1-14""}, {""year"": ""2028"", ""origin"": ""MIA CHA"", ""type"": ""own_conditional_review"", ""tradeable"": null, ""condition"": ""If MIA conveys 1st to CHA in 2027 or If MIA does not convey 1st to OKC in 2025""}, {""year"": ""2029"", ""origin"": ""MIA"", ""type"": ""own_outright"", ""tradeable"": true, ""condition"": """"}, {""year"": ""2030"", ""origin"": ""MIA"", ""type"": ""own_outright"", ""tradeable"": true, ""condition"": """"}, {""year"": ""2031"", ""origin"": ""MIA"", ""type"": ""own_outright"", ""tradeable"": true, ""condition"": """"}, {""year"": ""2032"", ""origin"": ""MIA"", ""type"": ""own_outright"", ""tradeable"": true, ""condition"": """"}, {""year"": ""2033"", ""origin"": ""MIA"", ""type"": ""own_outright"", ""tradeable"": true, ""condition"": """"}]",False,False,False,"{""2024-25"": true, ""2025-26"": false, ""2026-27"": false, ""2027-28"": false}",2026-06-17,computed from contracts + constants,
MIA,2029-30,base,base case,"{""player_options"": ""counted at value (on books until declined)"", ""team_options"": ""counted at value (exercised) by default; only curated likely-declines (TEAM_OPTION_LIKELY_DECLINED, analyst input) excluded. Amount does not determine intent."", ""nonguaranteed"": ""treated as guaranteed (guarantee dates are Pass-2)"", ""own_free_agents"": ""approx cap hold (prior AAV) in cap basis only; not in apron salary"", ""roster_charges"": ""apron basis filled to 12 at rookie min; cap basis counts holds toward the 12"", ""repeater"": ""taxpayer flag projected forward in future seasons (apron salary > tax line)""}",16200000,0,0,0,0,0,0,0,18304000,34504000,1,1,0,34504000,167628000,167628000,167628000,211730000,221653000,237456000,under_cap,False,False,False,True,False,True,tiered_125,True,True,True,True,True,True,0,0,False,none,,,,5,"[{""year"": ""2027"", ""origin"": ""CHA"", ""type"": ""incoming"", ""tradeable"": null, ""condition"": ""If 15-30""}, {""year"": ""2027"", ""origin"": ""MIA"", ""type"": ""own_conditional_review"", ""tradeable"": null, ""condition"": ""If 1-14""}, {""year"": ""2028"", ""origin"": ""MIA CHA"", ""type"": ""own_conditional_review"", ""tradeable"": null, ""condition"": ""If MIA conveys 1st to CHA in 2027 or If MIA does not convey 1st to OKC in 2025""}, {""year"": ""2029"", ""origin"": ""MIA"", ""type"": ""own_outright"", ""tradeable"": true, ""condition"": """"}, {""year"": ""2030"", ""origin"": ""MIA"", ""type"": ""own_outright"", ""tradeable"": true, ""condition"": """"}, {""year"": ""2031"", ""origin"": ""MIA"", ""type"": ""own_outright"", ""tradeable"": true, ""condition"": """"}, {""year"": ""2032"", ""origin"": ""MIA"", ""type"": ""own_outright"", ""tradeable"": true, ""condition"": """"}, {""year"": ""2033"", ""origin"": ""MIA"", ""type"": ""own_outright"", ""tradeable"": true, ""condition"": """"}]",False,False,False,"{""2025-26"": false, ""2026-27"": false, ""2027-28"": false, ""2028-29"": false}",2026-06-17,computed from contracts + constants,
MIL,2026-27,base,base case,"{""player_options"": ""counted at value (on books until declined)"", ""team_options"": ""counted at value (exercised) by default; only curated likely-declines (TEAM_OPTION_LIKELY_DECLINED, analyst input) excluded. Amount does not determine intent."", ""nonguaranteed"": ""treated as guaranteed (guarantee dates are Pass-2)"", ""own_free_agents"": ""approx cap hold (prior AAV) in cap basis only; not in apron salary"", ""roster_charges"": ""apron basis filled to 12 at rookie min; cap basis counts holds toward the 12"", ""repeater"": ""taxpayer flag projected forward in future seasons (apron salary > tax line)""}",133951940,19705728,3072872,0,0,35915403,0,0,0,192645943,13,6,9046353,165776893,0,8269460,-776893,8354057,16454057,29354057,over_cap_under_tax,False,True,False,False,True,True,tiered_125,True,True,True,True,True,True,0,0,False,none,,,,3,"[{""year"": ""2027"", ""origin"": ""ATL"", ""type"": ""incoming"", ""tradeable"": null, ""condition"": ""Least favorable of MIL and NOP then other to NOP (via NOP)""}, {""year"": ""2028"", ""origin"": ""MIL POR"", ""type"": ""own_conditional_review"", ""tradeable"": null, ""condition"": ""Or swap with POR (via POR swap for MIL)""}, {""year"": ""2029"", ""origin"": ""POR"", ""type"": ""incoming"", ""tradeable"": null, ""condition"": ""Most and least favorable of BOS, MIL and POR to POR then other to WAS (via BOS to POR; via MIL to POR; via POR to WAS)""}, {""year"": ""2030"", ""origin"": ""POR MIL"", ""type"": ""incoming_swap"", ""tradeable"": null, ""condition"": ""Or swap with MIL""}, {""year"": ""2030"", ""origin"": ""MIL POR"", ""type"": ""own_conditional_review"", ""tradeable"": null, ""condition"": ""Or swap with POR (via POR swap for MIL)""}, {""year"": ""2031"", ""origin"": ""MIL"", ""type"": ""own_outright"", ""tradeable"": true, ""condition"": """"}, {""year"": ""2032"", ""origin"": ""MIL"", ""type"": ""own_outright"", ""tradeable"": true, ""condition"": """"}, {""year"": ""2033"", ""origin"": ""MIL"", ""type"": ""own_outright"", ""tradeable"": true, ""condition"": """"}]",False,False,True,"{""2022-23"": true, ""2023-24"": true, ""2024-25"": true, ""2025-26"": false}",2026-06-17,computed from contracts + constants,
MIL,2027-28,base,base case,"{""player_options"": ""counted at value (on books until declined)"", ""team_options"": ""counted at value (exercised) by default; only curated likely-declines (TEAM_OPTION_LIKELY_DECLINED, analyst input) excluded. Amount does not determine intent."", ""nonguaranteed"": ""treated as guaranteed (guarantee dates are Pass-2)"", ""own_free_agents"": ""approx cap hold (prior AAV) in cap basis only; not in apron salary"", ""roster_charges"": ""apron basis filled to 12 at rookie min; cap basis counts holds toward the 12"", ""repeater"": ""taxpayer flag projected forward in future seasons (apron salary > tax line)""}",38698292,82383756,666667,0,0,0,0,0,8718000,130466715,6,2,0,130466715,46083285,46083285,46083285,84603285,93270285,107073285,under_cap,False,False,False,True,False,True,tiered_125,True,True,True,True,True,True,0,0,False,none,,,,3,"[{""year"": ""2027"", ""origin"": ""ATL"", ""type"": ""incoming"", ""tradeable"": null, ""condition"": ""Least favorable of MIL and NOP then other to NOP (via NOP)""}, {""year"": ""2028"", ""origin"": ""MIL POR"", ""type"": ""own_conditional_review"", ""tradeable"": null, ""condition"": ""Or swap with POR (via POR swap for MIL)""}, {""year"": ""2029"", ""origin"": ""POR"", ""type"": ""incoming"", ""tradeable"": null, ""condition"": ""Most and least favorable of BOS, MIL and POR to POR then other to WAS (via BOS to POR; via MIL to POR; via POR to WAS)""}, {""year"": ""2030"", ""origin"": ""POR MIL"", ""type"": ""incoming_swap"", ""tradeable"": null, ""condition"": ""Or swap with MIL""}, {""year"": ""2030"", ""origin"": ""MIL POR"", ""type"": ""own_conditional_review"", ""tradeable"": null, ""condition"": ""Or swap with POR (via POR swap for MIL)""}, {""year"": ""2031"", ""origin"": ""MIL"", ""type"": ""own_outright"", ""tradeable"": true, ""condition"": """"}, {""year"": ""2032"", ""origin"": ""MIL"", ""type"": ""own_outright"", ""tradeable"": true, ""condition"": """"}, {""year"": ""2033"", ""origin"": ""MIL"", ""type"": ""own_outright"", ""tradeable"": true, ""condition"": """"}]",False,False,False,"{""2023-24"": true, ""2024-25"": true, ""2025-26"": false, ""2026-27"": false}",2026-06-17,computed from contracts + constants,
MIL,2028-29,base,base case,"{""player_options"": ""counted at value (on books until declined)"", ""team_options"": ""counted at value (exercised) by default; only curated likely-declines (TEAM_OPTION_LIKELY_DECLINED, analyst input) excluded. Amount does not determine intent."", ""nonguaranteed"": ""treated as guaranteed (guarantee dates are Pass-2)"", ""own_free_agents"": ""approx cap hold (prior AAV) in cap basis only; not in apron salary"", ""roster_charges"": ""apron basis filled to 12 at rookie min; cap basis counts holds toward the 12"", ""repeater"": ""taxpayer flag projected forward in future seasons (apron salary > tax line)""}",11651786,29115990,0,0,0,0,0,0,15550000,56317776,2,1,0,56317776,132590224,132590224,132590224,173807224,183081224,197850224,under_cap,False,False,False,True,False,True,tiered_125,True,True,True,True,True,True,0,0,False,none,,,,3,"[{""year"": ""2027"", ""origin"": ""ATL"", ""type"": ""incoming"", ""tradeable"": null, ""condition"": ""Least favorable of MIL and NOP then other to NOP (via NOP)""}, {""year"": ""2028"", ""origin"": ""MIL POR"", ""type"": ""own_conditional_review"", ""tradeable"": null, ""condition"": ""Or swap with POR (via POR swap for MIL)""}, {""year"": ""2029"", ""origin"": ""POR"", ""type"": ""incoming"", ""tradeable"": null, ""condition"": ""Most and least favorable of BOS, MIL and POR to POR then other to WAS (via BOS to POR; via MIL to POR; via POR to WAS)""}, {""year"": ""2030"", ""origin"": ""POR MIL"", ""type"": ""incoming_swap"", ""tradeable"": null, ""condition"": ""Or swap with MIL""}, {""year"": ""2030"", ""origin"": ""MIL POR"", ""type"": ""own_conditional_review"", ""tradeable"": null, ""condition"": ""Or swap with POR (via POR swap for MIL)""}, {""year"": ""2031"", ""origin"": ""MIL"", ""type"": ""own_outright"", ""tradeable"": true, ""condition"": """"}, {""year"": ""2032"", ""origin"": ""MIL"", ""type"": ""own_outright"", ""tradeable"": true, ""condition"": """"}, {""year"": ""2033"", ""origin"": ""MIL"", ""type"": ""own_outright"", ""tradeable"": true, ""condition"": """"}]",False,False,False,"{""2024-25"": true, ""2025-26"": false, ""2026-27"": false, ""2027-28"": false}",2026-06-17,computed from contracts + constants,
MIL,2029-30,base,base case,"{""player_options"": ""counted at value (on books until declined)"", ""team_options"": ""counted at value (exercised) by default; only curated likely-declines (TEAM_OPTION_LIKELY_DECLINED, analyst input) excluded. Amount does not determine intent."", ""nonguaranteed"": ""treated as guaranteed (guarantee dates are Pass-2)"", ""own_free_agents"": ""approx cap hold (prior AAV) in cap basis only; not in apron salary"", ""roster_charges"": ""apron basis filled to 12 at rookie min; cap basis counts holds toward the 12"", ""repeater"": ""taxpayer flag projected forward in future seasons (apron salary > tax line)""}",12455355,0,0,0,0,0,0,0,18304000,30759355,1,1,0,30759355,171372645,171372645,171372645,215474645,225397645,241200645,under_cap,False,False,False,True,False,True,tiered_125,True,True,True,True,True,True,0,0,False,none,,,,3,"[{""year"": ""2027"", ""origin"": ""ATL"", ""type"": ""incoming"", ""tradeable"": null, ""condition"": ""Least favorable of MIL and NOP then other to NOP (via NOP)""}, {""year"": ""2028"", ""origin"": ""MIL POR"", ""type"": ""own_conditional_review"", ""tradeable"": null, ""condition"": ""Or swap with POR (via POR swap for MIL)""}, {""year"": ""2029"", ""origin"": ""POR"", ""type"": ""incoming"", ""tradeable"": null, ""condition"": ""Most and least favorable of BOS, MIL and POR to POR then other to WAS (via BOS to POR; via MIL to POR; via POR to WAS)""}, {""year"": ""2030"", ""origin"": ""POR MIL"", ""type"": ""incoming_swap"", ""tradeable"": null, ""condition"": ""Or swap with MIL""}, {""year"": ""2030"", ""origin"": ""MIL POR"", ""type"": ""own_conditional_review"", ""tradeable"": null, ""condition"": ""Or swap with POR (via POR swap for MIL)""}, {""year"": ""2031"", ""origin"": ""MIL"", ""type"": ""own_outright"", ""tradeable"": true, ""condition"": """"}, {""year"": ""2032"", ""origin"": ""MIL"", ""type"": ""own_outright"", ""tradeable"": true, ""condition"": """"}, {""year"": ""2033"", ""origin"": ""MIL"", ""type"": ""own_outright"", ""tradeable"": true, ""condition"": """"}]",False,False,False,"{""2025-26"": false, ""2026-27"": false, ""2027-28"": false, ""2028-29"": false}",2026-06-17,computed from contracts + constants,
MIN,2026-27,base,base case,"{""player_options"": ""counted at value (on books until declined)"", ""team_options"": ""counted at value (exercised) by default; only curated likely-declines (TEAM_OPTION_LIKELY_DECLINED, analyst input) excluded. Amount does not determine intent."", ""nonguaranteed"": ""treated as guaranteed (guarantee dates are Pass-2)"", ""own_free_agents"": ""approx cap hold (prior AAV) in cap basis only; not in apron salary"", ""roster_charges"": ""apron basis filled to 12 at rookie min; cap basis counts holds toward the 12"", ""repeater"": ""taxpayer flag projected forward in future seasons (apron salary > tax line)""}",185180021,0,5207845,0,0,0,0,0,4074000,194461866,9,7,16484548,206872414,0,0,-41872414,6538134,14638134,27538134,over_cap_under_tax,False,True,False,False,True,True,tiered_125,True,True,True,True,True,True,17412540,10774038,False,none,,,,2,"[{""year"": ""2027"", ""origin"": ""UTA"", ""type"": ""incoming"", ""tradeable"": null, ""condition"": ""Two most favorable of CLE, MIN and UTA then other to PHX""}, {""year"": ""2028"", ""origin"": ""MIN"", ""type"": ""own_outright"", ""tradeable"": true, ""condition"": """"}, {""year"": ""2029"", ""origin"": ""UTA"", ""type"": ""incoming"", ""tradeable"": null, ""condition"": ""If 6-30 then two most favorable of CLE, MIN 6-30 and UTA then other to PHX""}, {""year"": ""2029"", ""origin"": ""MIN"", ""type"": ""own_conditional_review"", ""tradeable"": null, ""condition"": ""If 1-5""}, {""year"": ""2030"", ""origin"": ""MIN"", ""type"": ""own_conditional_review"", ""tradeable"": null, ""condition"": ""Least favorable of MIN 2-30, DAL and SAS (via SAN swap for DAL; via SAN swap of SAN or DAL for MIN)""}, {""year"": ""2031"", ""origin"": ""SAC"", ""type"": ""incoming"", ""tradeable"": null, ""condition"": ""(via SAS)""}, {""year"": ""2032"", ""origin"": ""MIN"", ""type"": ""frozen_untradeable"", ""tradeable"": false, ""condition"": ""FROZEN PICK""}, {""year"": ""2033"", ""origin"": ""MIN"", ""type"": ""own_outright"", ""tradeable"": true, ""condition"": """"}]",False,False,False,"{""2022-23"": false, ""2023-24"": false, ""2024-25"": true, ""2025-26"": true}",2026-06-17,computed from contracts + constants,
MIN,2027-28,base,base case,"{""player_options"": ""counted at value (on books until declined)"", ""team_options"": ""counted at value (exercised) by default; only curated likely-declines (TEAM_OPTION_LIKELY_DECLINED, analyst input) excluded. Amount does not determine intent."", ""nonguaranteed"": ""treated as guaranteed (guarantee dates are Pass-2)"", ""own_free_agents"": ""approx cap hold (prior AAV) in cap basis only; not in apron salary"", ""roster_charges"": ""apron basis filled to 12 at rookie min; cap basis counts holds toward the 12"", ""repeater"": ""taxpayer flag projected forward in future seasons (apron salary > tax line)""}",105305634,73802468,9675359,0,0,0,0,0,7265000,196048461,7,3,0,196048461,0,0,-19498461,19021539,27688539,41491539,over_cap_under_tax,False,True,False,False,True,True,tiered_125,True,True,True,True,True,True,0,0,False,none,,,,2,"[{""year"": ""2027"", ""origin"": ""UTA"", ""type"": ""incoming"", ""tradeable"": null, ""condition"": ""Two most favorable of CLE, MIN and UTA then other to PHX""}, {""year"": ""2028"", ""origin"": ""MIN"", ""type"": ""own_outright"", ""tradeable"": true, ""condition"": """"}, {""year"": ""2029"", ""origin"": ""UTA"", ""type"": ""incoming"", ""tradeable"": null, ""condition"": ""If 6-30 then two most favorable of CLE, MIN 6-30 and UTA then other to PHX""}, {""year"": ""2029"", ""origin"": ""MIN"", ""type"": ""own_conditional_review"", ""tradeable"": null, ""condition"": ""If 1-5""}, {""year"": ""2030"", ""origin"": ""MIN"", ""type"": ""own_conditional_review"", ""tradeable"": null, ""condition"": ""Least favorable of MIN 2-30, DAL and SAS (via SAN swap for DAL; via SAN swap of SAN or DAL for MIN)""}, {""year"": ""2031"", ""origin"": ""SAC"", ""type"": ""incoming"", ""tradeable"": null, ""condition"": ""(via SAS)""}, {""year"": ""2032"", ""origin"": ""MIN"", ""type"": ""frozen_untradeable"", ""tradeable"": false, ""condition"": ""FROZEN PICK""}, {""year"": ""2033"", ""origin"": ""MIN"", ""type"": ""own_outright"", ""tradeable"": true, ""condition"": """"}]",False,False,False,"{""2023-24"": false, ""2024-25"": true, ""2025-26"": true, ""2026-27"": false}",2026-06-17,computed from contracts + constants,
MIN,2028-29,base,base case,"{""player_options"": ""counted at value (on books until declined)"", ""team_options"": ""counted at value (exercised) by default; only curated likely-declines (TEAM_OPTION_LIKELY_DECLINED, analyst input) excluded. Amount does not determine intent."", ""nonguaranteed"": ""treated as guaranteed (guarantee dates are Pass-2)"", ""own_free_agents"": ""approx cap hold (prior AAV) in cap basis only; not in apron salary"", ""roster_charges"": ""apron basis filled to 12 at rookie min; cap basis counts holds toward the 12"", ""repeater"": ""taxpayer flag projected forward in future seasons (apron salary > tax line)""}",112210776,0,7098163,0,0,0,0,0,12440000,131748939,4,3,0,131748939,57159061,57159061,57159061,98376061,107650061,122419061,under_cap,False,False,False,True,False,True,tiered_125,True,True,True,True,True,True,0,0,False,none,,,,2,"[{""year"": ""2027"", ""origin"": ""UTA"", ""type"": ""incoming"", ""tradeable"": null, ""condition"": ""Two most favorable of CLE, MIN and UTA then other to PHX""}, {""year"": ""2028"", ""origin"": ""MIN"", ""type"": ""own_outright"", ""tradeable"": true, ""condition"": """"}, {""year"": ""2029"", ""origin"": ""UTA"", ""type"": ""incoming"", ""tradeable"": null, ""condition"": ""If 6-30 then two most favorable of CLE, MIN 6-30 and UTA then other to PHX""}, {""year"": ""2029"", ""origin"": ""MIN"", ""type"": ""own_conditional_review"", ""tradeable"": null, ""condition"": ""If 1-5""}, {""year"": ""2030"", ""origin"": ""MIN"", ""type"": ""own_conditional_review"", ""tradeable"": null, ""condition"": ""Least favorable of MIN 2-30, DAL and SAS (via SAN swap for DAL; via SAN swap of SAN or DAL for MIN)""}, {""year"": ""2031"", ""origin"": ""SAC"", ""type"": ""incoming"", ""tradeable"": null, ""condition"": ""(via SAS)""}, {""year"": ""2032"", ""origin"": ""MIN"", ""type"": ""frozen_untradeable"", ""tradeable"": false, ""condition"": ""FROZEN PICK""}, {""year"": ""2033"", ""origin"": ""MIN"", ""type"": ""own_outright"", ""tradeable"": true, ""condition"": """"}]",False,False,False,"{""2024-25"": true, ""2025-26"": true, ""2026-27"": false, ""2027-28"": false}",2026-06-17,computed from contracts + constants,
MIN,2029-30,base,base case,"{""player_options"": ""counted at value (on books until declined)"", ""team_options"": ""counted at value (exercised) by default; only curated likely-declines (TEAM_OPTION_LIKELY_DECLINED, analyst input) excluded. Amount does not determine intent."", ""nonguaranteed"": ""treated as guaranteed (guarantee dates are Pass-2)"", ""own_free_agents"": ""approx cap hold (prior AAV) in cap basis only; not in apron salary"", ""roster_charges"": ""apron basis filled to 12 at rookie min; cap basis counts holds toward the 12"", ""repeater"": ""taxpayer flag projected forward in future seasons (apron salary > tax line)""}",0,28448276,0,0,0,0,0,0,18304000,46752276,1,0,0,46752276,155379724,155379724,155379724,199481724,209404724,225207724,under_cap,False,False,False,True,False,True,tiered_125,True,True,True,True,True,True,0,0,False,none,,,,2,"[{""year"": ""2027"", ""origin"": ""UTA"", ""type"": ""incoming"", ""tradeable"": null, ""condition"": ""Two most favorable of CLE, MIN and UTA then other to PHX""}, {""year"": ""2028"", ""origin"": ""MIN"", ""type"": ""own_outright"", ""tradeable"": true, ""condition"": """"}, {""year"": ""2029"", ""origin"": ""UTA"", ""type"": ""incoming"", ""tradeable"": null, ""condition"": ""If 6-30 then two most favorable of CLE, MIN 6-30 and UTA then other to PHX""}, {""year"": ""2029"", ""origin"": ""MIN"", ""type"": ""own_conditional_review"", ""tradeable"": null, ""condition"": ""If 1-5""}, {""year"": ""2030"", ""origin"": ""MIN"", ""type"": ""own_conditional_review"", ""tradeable"": null, ""condition"": ""Least favorable of MIN 2-30, DAL and SAS (via SAN swap for DAL; via SAN swap of SAN or DAL for MIN)""}, {""year"": ""2031"", ""origin"": ""SAC"", ""type"": ""incoming"", ""tradeable"": null, ""condition"": ""(via SAS)""}, {""year"": ""2032"", ""origin"": ""MIN"", ""type"": ""frozen_untradeable"", ""tradeable"": false, ""condition"": ""FROZEN PICK""}, {""year"": ""2033"", ""origin"": ""MIN"", ""type"": ""own_outright"", ""tradeable"": true, ""condition"": """"}]",False,False,False,"{""2025-26"": true, ""2026-27"": false, ""2027-28"": false, ""2028-29"": false}",2026-06-17,computed from contracts + constants,
NOP,2026-27,base,base case,"{""player_options"": ""counted at value (on books until declined)"", ""team_options"": ""counted at value (exercised) by default; only curated likely-declines (TEAM_OPTION_LIKELY_DECLINED, analyst input) excluded. Amount does not determine intent."", ""nonguaranteed"": ""treated as guaranteed (guarantee dates are Pass-2)"", ""own_free_agents"": ""approx cap hold (prior AAV) in cap basis only; not in apron salary"", ""roster_charges"": ""apron basis filled to 12 at rookie min; cap basis counts holds toward the 12"", ""repeater"": ""taxpayer flag projected forward in future seasons (apron salary > tax line)""}",175383463,0,20830926,0,0,0,0,0,0,196214389,14,10,5799095,202013484,0,0,-37013484,4785611,12885611,25785611,over_cap_under_tax,False,True,False,False,True,True,tiered_125,True,True,True,True,True,True,13445122,13445122,False,none,,,,6,"[{""year"": ""2027"", ""origin"": ""NOP"", ""type"": ""own_conditional_review"", ""tradeable"": null, ""condition"": ""Most favorable of MIL and NOP then other to ATL""}, {""year"": ""2028"", ""origin"": ""NOP"", ""type"": ""own_outright"", ""tradeable"": true, ""condition"": """"}, {""year"": ""2029"", ""origin"": ""NOP"", ""type"": ""own_outright"", ""tradeable"": true, ""condition"": """"}, {""year"": ""2030"", ""origin"": ""NOP"", ""type"": ""own_outright"", ""tradeable"": true, ""condition"": """"}, {""year"": ""2031"", ""origin"": ""NOP"", ""type"": ""own_outright"", ""tradeable"": true, ""condition"": """"}, {""year"": ""2032"", ""origin"": ""NOP"", ""type"": ""own_outright"", ""tradeable"": true, ""condition"": """"}, {""year"": ""2033"", ""origin"": ""NOP"", ""type"": ""own_outright"", ""tradeable"": true, ""condition"": """"}]",False,False,False,"{""2022-23"": false, ""2023-24"": false, ""2024-25"": false, ""2025-26"": false}",2026-06-17,computed from contracts + constants,
NOP,2027-28,base,base case,"{""player_options"": ""counted at value (on books until declined)"", ""team_options"": ""counted at value (exercised) by default; only curated likely-declines (TEAM_OPTION_LIKELY_DECLINED, analyst input) excluded. Amount does not determine intent."", ""nonguaranteed"": ""treated as guaranteed (guarantee dates are Pass-2)"", ""own_free_agents"": ""approx cap hold (prior AAV) in cap basis only; not in apron salary"", ""roster_charges"": ""apron basis filled to 12 at rookie min; cap basis counts holds toward the 12"", ""repeater"": ""taxpayer flag projected forward in future seasons (apron salary > tax line)""}",97271131,30751504,22476369,0,0,0,0,0,4359000,154858004,9,4,0,154858004,21691996,21691996,21691996,60211996,68878996,82681996,under_cap,False,False,False,True,False,True,tiered_125,True,True,True,True,True,True,0,0,False,none,,,,6,"[{""year"": ""2027"", ""origin"": ""NOP"", ""type"": ""own_conditional_review"", ""tradeable"": null, ""condition"": ""Most favorable of MIL and NOP then other to ATL""}, {""year"": ""2028"", ""origin"": ""NOP"", ""type"": ""own_outright"", ""tradeable"": true, ""condition"": """"}, {""year"": ""2029"", ""origin"": ""NOP"", ""type"": ""own_outright"", ""tradeable"": true, ""condition"": """"}, {""year"": ""2030"", ""origin"": ""NOP"", ""type"": ""own_outright"", ""tradeable"": true, ""condition"": """"}, {""year"": ""2031"", ""origin"": ""NOP"", ""type"": ""own_outright"", ""tradeable"": true, ""condition"": """"}, {""year"": ""2032"", ""origin"": ""NOP"", ""type"": ""own_outright"", ""tradeable"": true, ""condition"": """"}, {""year"": ""2033"", ""origin"": ""NOP"", ""type"": ""own_outright"", ""tradeable"": true, ""condition"": """"}]",False,False,False,"{""2023-24"": false, ""2024-25"": false, ""2025-26"": false, ""2026-27"": false}",2026-06-17,computed from contracts + constants,
NOP,2028-29,base,base case,"{""player_options"": ""counted at value (on books until declined)"", ""team_options"": ""counted at value (exercised) by default; only curated likely-declines (TEAM_OPTION_LIKELY_DECLINED, analyst input) excluded. Amount does not determine intent."", ""nonguaranteed"": ""treated as guaranteed (guarantee dates are Pass-2)"", ""own_free_agents"": ""approx cap hold (prior AAV) in cap basis only; not in apron salary"", ""roster_charges"": ""apron basis filled to 12 at rookie min; cap basis counts holds toward the 12"", ""repeater"": ""taxpayer flag projected forward in future seasons (apron salary > tax line)""}",53526964,0,21349005,0,0,0,0,0,10885000,85760969,5,2,0,85760969,103147031,103147031,103147031,144364031,153638031,168407031,under_cap,False,False,False,True,False,True,tiered_125,True,True,True,True,True,True,0,0,False,none,,,,6,"[{""year"": ""2027"", ""origin"": ""NOP"", ""type"": ""own_conditional_review"", ""tradeable"": null, ""condition"": ""Most favorable of MIL and NOP then other to ATL""}, {""year"": ""2028"", ""origin"": ""NOP"", ""type"": ""own_outright"", ""tradeable"": true, ""condition"": """"}, {""year"": ""2029"", ""origin"": ""NOP"", ""type"": ""own_outright"", ""tradeable"": true, ""condition"": """"}, {""year"": ""2030"", ""origin"": ""NOP"", ""type"": ""own_outright"", ""tradeable"": true, ""condition"": """"}, {""year"": ""2031"", ""origin"": ""NOP"", ""type"": ""own_outright"", ""tradeable"": true, ""condition"": """"}, {""year"": ""2032"", ""origin"": ""NOP"", ""type"": ""own_outright"", ""tradeable"": true, ""condition"": """"}, {""year"": ""2033"", ""origin"": ""NOP"", ""type"": ""own_outright"", ""tradeable"": true, ""condition"": """"}]",False,False,False,"{""2024-25"": false, ""2025-26"": false, ""2026-27"": false, ""2027-28"": false}",2026-06-17,computed from contracts + constants,
NOP,2029-30,base,base case,"{""player_options"": ""counted at value (on books until declined)"", ""team_options"": ""counted at value (exercised) by default; only curated likely-declines (TEAM_OPTION_LIKELY_DECLINED, analyst input) excluded. Amount does not determine intent."", ""nonguaranteed"": ""treated as guaranteed (guarantee dates are Pass-2)"", ""own_free_agents"": ""approx cap hold (prior AAV) in cap basis only; not in apron salary"", ""roster_charges"": ""apron basis filled to 12 at rookie min; cap basis counts holds toward the 12"", ""repeater"": ""taxpayer flag projected forward in future seasons (apron salary > tax line)""}",0,24195628,0,0,0,0,0,0,18304000,42499628,1,0,0,42499628,159632372,159632372,159632372,203734372,213657372,229460372,under_cap,False,False,False,True,False,True,tiered_125,True,True,True,True,True,True,0,0,False,none,,,,6,"[{""year"": ""2027"", ""origin"": ""NOP"", ""type"": ""own_conditional_review"", ""tradeable"": null, ""condition"": ""Most favorable of MIL and NOP then other to ATL""}, {""year"": ""2028"", ""origin"": ""NOP"", ""type"": ""own_outright"", ""tradeable"": true, ""condition"": """"}, {""year"": ""2029"", ""origin"": ""NOP"", ""type"": ""own_outright"", ""tradeable"": true, ""condition"": """"}, {""year"": ""2030"", ""origin"": ""NOP"", ""type"": ""own_outright"", ""tradeable"": true, ""condition"": """"}, {""year"": ""2031"", ""origin"": ""NOP"", ""type"": ""own_outright"", ""tradeable"": true, ""condition"": """"}, {""year"": ""2032"", ""origin"": ""NOP"", ""type"": ""own_outright"", ""tradeable"": true, ""condition"": """"}, {""year"": ""2033"", ""origin"": ""NOP"", ""type"": ""own_outright"", ""tradeable"": true, ""condition"": """"}]",False,False,False,"{""2025-26"": false, ""2026-27"": false, ""2027-28"": false, ""2028-29"": false}",2026-06-17,computed from contracts + constants,
NYK,2026-27,base,base case,"{""player_options"": ""counted at value (on books until declined)"", ""team_options"": ""counted at value (exercised) by default; only curated likely-declines (TEAM_OPTION_LIKELY_DECLINED, analyst input) excluded. Amount does not determine intent."", ""nonguaranteed"": ""treated as guaranteed (guarantee dates are Pass-2)"", ""own_free_agents"": ""approx cap hold (prior AAV) in cap basis only; not in apron salary"", ""roster_charges"": ""apron basis filled to 12 at rookie min; cap basis counts holds toward the 12"", ""repeater"": ""taxpayer flag projected forward in future seasons (apron salary > tax line)""}",197976948,4500000,2983680,0,0,0,0,0,4074000,209534628,9,7,26667238,232127866,0,0,-67127866,-8534628,-434628,12465372,first_apron,True,False,True,False,False,True,pct_110,True,True,False,True,True,False,0,0,False,none,,,,3,"[{""year"": ""2027"", ""origin"": ""BKN"", ""type"": ""incoming"", ""tradeable"": null, ""condition"": """"}, {""year"": ""2028"", ""origin"": ""NYK BKN"", ""type"": ""own_conditional_review"", ""tradeable"": null, ""condition"": ""Or swap with BKN (via BKN swap for NYK)""}, {""year"": ""2029"", ""origin"": ""BKN"", ""type"": ""incoming"", ""tradeable"": null, ""condition"": """"}, {""year"": ""2030"", ""origin"": ""NYK"", ""type"": ""own_outright"", ""tradeable"": true, ""condition"": """"}, {""year"": ""2031"", ""origin"": ""BKN"", ""type"": ""incoming"", ""tradeable"": null, ""condition"": """"}, {""year"": ""2032"", ""origin"": ""NYK"", ""type"": ""own_outright"", ""tradeable"": true, ""condition"": """"}, {""year"": ""2033"", ""origin"": ""NYK"", ""type"": ""own_outright"", ""tradeable"": true, ""condition"": """"}]",False,True,False,"{""2022-23"": false, ""2023-24"": false, ""2024-25"": true, ""2025-26"": true}",2026-06-17,computed from contracts + constants,
NYK,2027-28,base,base case,"{""player_options"": ""counted at value (on books until declined)"", ""team_options"": ""counted at value (exercised) by default; only curated likely-declines (TEAM_OPTION_LIKELY_DECLINED, analyst input) excluded. Amount does not determine intent."", ""nonguaranteed"": ""treated as guaranteed (guarantee dates are Pass-2)"", ""own_free_agents"": ""approx cap hold (prior AAV) in cap basis only; not in apron salary"", ""roster_charges"": ""apron basis filled to 12 at rookie min; cap basis counts holds toward the 12"", ""repeater"": ""taxpayer flag projected forward in future seasons (apron salary > tax line)""}",122126789,61015192,30235883,0,0,0,0,0,7265000,220642864,7,3,0,220642864,0,0,-44092864,-5572864,3094136,16897136,taxpayer,True,True,False,False,True,True,tiered_125,True,True,True,True,True,True,0,0,False,none,,,,3,"[{""year"": ""2027"", ""origin"": ""BKN"", ""type"": ""incoming"", ""tradeable"": null, ""condition"": """"}, {""year"": ""2028"", ""origin"": ""NYK BKN"", ""type"": ""own_conditional_review"", ""tradeable"": null, ""condition"": ""Or swap with BKN (via BKN swap for NYK)""}, {""year"": ""2029"", ""origin"": ""BKN"", ""type"": ""incoming"", ""tradeable"": null, ""condition"": """"}, {""year"": ""2030"", ""origin"": ""NYK"", ""type"": ""own_outright"", ""tradeable"": true, ""condition"": """"}, {""year"": ""2031"", ""origin"": ""BKN"", ""type"": ""incoming"", ""tradeable"": null, ""condition"": """"}, {""year"": ""2032"", ""origin"": ""NYK"", ""type"": ""own_outright"", ""tradeable"": true, ""condition"": """"}, {""year"": ""2033"", ""origin"": ""NYK"", ""type"": ""own_outright"", ""tradeable"": true, ""condition"": """"}]",False,True,True,"{""2023-24"": false, ""2024-25"": true, ""2025-26"": true, ""2026-27"": true}",2026-06-17,computed from contracts + constants,
NYK,2028-29,base,base case,"{""player_options"": ""counted at value (on books until declined)"", ""team_options"": ""counted at value (exercised) by default; only curated likely-declines (TEAM_OPTION_LIKELY_DECLINED, analyst input) excluded. Amount does not determine intent."", ""nonguaranteed"": ""treated as guaranteed (guarantee dates are Pass-2)"", ""own_free_agents"": ""approx cap hold (prior AAV) in cap basis only; not in apron salary"", ""roster_charges"": ""apron basis filled to 12 at rookie min; cap basis counts holds toward the 12"", ""repeater"": ""taxpayer flag projected forward in future seasons (apron salary > tax line)""}",38839285,91692629,0,0,0,0,0,0,13995000,144526914,3,1,0,144526914,44381086,44381086,44381086,85598086,94872086,109641086,under_cap,False,False,False,True,False,True,tiered_125,True,True,True,True,True,True,0,0,False,none,,,,3,"[{""year"": ""2027"", ""origin"": ""BKN"", ""type"": ""incoming"", ""tradeable"": null, ""condition"": """"}, {""year"": ""2028"", ""origin"": ""NYK BKN"", ""type"": ""own_conditional_review"", ""tradeable"": null, ""condition"": ""Or swap with BKN (via BKN swap for NYK)""}, {""year"": ""2029"", ""origin"": ""BKN"", ""type"": ""incoming"", ""tradeable"": null, ""condition"": """"}, {""year"": ""2030"", ""origin"": ""NYK"", ""type"": ""own_outright"", ""tradeable"": true, ""condition"": """"}, {""year"": ""2031"", ""origin"": ""BKN"", ""type"": ""incoming"", ""tradeable"": null, ""condition"": """"}, {""year"": ""2032"", ""origin"": ""NYK"", ""type"": ""own_outright"", ""tradeable"": true, ""condition"": """"}, {""year"": ""2033"", ""origin"": ""NYK"", ""type"": ""own_outright"", ""tradeable"": true, ""condition"": """"}]",False,False,True,"{""2024-25"": true, ""2025-26"": true, ""2026-27"": true, ""2027-28"": true}",2026-06-17,computed from contracts + constants,
NYK,2029-30,base,base case,"{""player_options"": ""counted at value (on books until declined)"", ""team_options"": ""counted at value (exercised) by default; only curated likely-declines (TEAM_OPTION_LIKELY_DECLINED, analyst input) excluded. Amount does not determine intent."", ""nonguaranteed"": ""treated as guaranteed (guarantee dates are Pass-2)"", ""own_free_agents"": ""approx cap hold (prior AAV) in cap basis only; not in apron salary"", ""roster_charges"": ""apron basis filled to 12 at rookie min; cap basis counts holds toward the 12"", ""repeater"": ""taxpayer flag projected forward in future seasons (apron salary > tax line)""}",0,41517856,0,0,0,0,0,0,18304000,59821856,1,0,0,59821856,142310144,142310144,142310144,186412144,196335144,212138144,under_cap,False,False,False,True,False,True,tiered_125,True,True,True,True,True,True,0,0,False,none,,,,3,"[{""year"": ""2027"", ""origin"": ""BKN"", ""type"": ""incoming"", ""tradeable"": null, ""condition"": """"}, {""year"": ""2028"", ""origin"": ""NYK BKN"", ""type"": ""own_conditional_review"", ""tradeable"": null, ""condition"": ""Or swap with BKN (via BKN swap for NYK)""}, {""year"": ""2029"", ""origin"": ""BKN"", ""type"": ""incoming"", ""tradeable"": null, ""condition"": """"}, {""year"": ""2030"", ""origin"": ""NYK"", ""type"": ""own_outright"", ""tradeable"": true, ""condition"": """"}, {""year"": ""2031"", ""origin"": ""BKN"", ""type"": ""incoming"", ""tradeable"": null, ""condition"": """"}, {""year"": ""2032"", ""origin"": ""NYK"", ""type"": ""own_outright"", ""tradeable"": true, ""condition"": """"}, {""year"": ""2033"", ""origin"": ""NYK"", ""type"": ""own_outright"", ""tradeable"": true, ""condition"": """"}]",False,False,True,"{""2025-26"": true, ""2026-27"": true, ""2027-28"": true, ""2028-29"": false}",2026-06-17,computed from contracts + constants,
OKC,2026-27,base,base case,"{""player_options"": ""counted at value (on books until declined)"", ""team_options"": ""counted at value (exercised) by default; only curated likely-declines (TEAM_OPTION_LIKELY_DECLINED, analyst input) excluded. Amount does not determine intent."", ""nonguaranteed"": ""treated as guaranteed (guarantee dates are Pass-2)"", ""own_free_agents"": ""approx cap hold (prior AAV) in cap basis only; not in apron salary"", ""roster_charges"": ""apron basis filled to 12 at rookie min; cap basis counts holds toward the 12"", ""repeater"": ""taxpayer flag projected forward in future seasons (apron salary > tax line)""}",174528264,0,71158388,0,0,0,0,0,0,245686652,14,8,0,245686652,0,0,-80686652,-44686652,-36586652,-23686652,second_apron,True,False,False,False,False,True,pct_100,False,False,False,False,False,False,0,0,False,none,,,,5,"[{""year"": ""2027"", ""origin"": ""DEN"", ""type"": ""incoming"", ""tradeable"": null, ""condition"": ""If 1-5""}, {""year"": ""2027"", ""origin"": ""PHI"", ""type"": ""incoming"", ""tradeable"": null, ""condition"": ""If 1-4 if not already settled with OKC""}, {""year"": ""2027"", ""origin"": ""LAC"", ""type"": ""incoming_swap"", ""tradeable"": null, ""condition"": ""Two most favorable of DEN 6-30, LAC and OKC (via OKC swap for LAC)""}, {""year"": ""2027"", ""origin"": ""OKC"", ""type"": ""own_conditional_review"", ""tradeable"": null, ""condition"": ""If 6-30""}, {""year"": ""2027"", ""origin"": ""OKC"", ""type"": ""own_conditional_review"", ""tradeable"": null, ""condition"": ""Two most favorable of DEN 6-30, LAC and OKC (via OKC swap for LAC)""}, {""year"": ""2027"", ""origin"": ""OKC"", ""type"": ""own_conditional_review"", ""tradeable"": null, ""condition"": ""If 5-30 if not already settled""}, {""year"": ""2027"", ""origin"": ""OKC"", ""type"": ""own_conditional_review"", ""tradeable"": null, ""condition"": ""If 17-30 (via SAC)""}, {""year"": ""2028"", ""origin"": ""DEN"", ""type"": ""incoming"", ""tradeable"": null, ""condition"": ""If 1-5 if not already settled with OKC""}, {""year"": ""2028"", ""origin"": ""DAL OKC"", ""type"": ""incoming_swap"", ""tradeable"": null, ""condition"": ""Or swap with OKC (via OKC swap for DAL)""}, {""year"": ""2028"", ""origin"": ""OKC"", ""type"": ""own_conditional_review"", ""tradeable"": null, ""condition"": ""If 6-30 if not already settled""}, {""year"": ""2028"", ""origin"": ""OKC DAL"", ""type"": ""own_conditional_review"", ""tradeable"": null, ""condition"": ""Or swap with DAL (via OKC swap for DAL)""}, {""year"": ""2029"", ""origin"": ""DEN"", ""type"": ""incoming"", ""tradeable"": null, ""condition"": ""If 1-5 if not already settled with OKC or 1-5 if DEN conveys 1st to OKC by 2027""}, {""year"": ""2029"", ""origin"": ""OKC"", ""type"": ""own_conditional_review"", ""tradeable"": null, ""condition"": ""If 6-30 if not already settled or 6-30 if DEN conveys 1st to OKC by 2027""}, {""year"": ""2029"", ""origin"": ""OKC"", ""type"": ""own_outright"", ""tradeable"": true, ""condition"": """"}, {""year"": ""2030"", ""origin"": ""DEN"", ""type"": ""incoming"", ""tradeable"": null, ""condition"": ""If 1-5 if not already settled with OKC or 1-5 if DEN conveys 1st to OKC by 2028""}, {""year"": ""2030"", ""origin"": ""OKC"", ""type"": ""own_conditional_review"", ""tradeable"": null, ""condition"": ""If 6-30 if not already settled or 6-30 if DEN conveys 1st to OKC by 2028""}, {""year"": ""2030"", ""origin"": ""OKC"", ""type"": ""own_outright"", ""tradeable"": true, ""condition"": """"}, {""year"": ""2031"", ""origin"": ""OKC"", ""type"": ""own_outright"", ""tradeable"": true, ""condition"": """"}, {""year"": ""2032"", ""origin"": ""OKC"", ""type"": ""own_outright"", ""tradeable"": true, ""condition"": """"}, {""year"": ""2033"", ""origin"": ""OKC"", ""type"": ""own_outright"", ""tradeable"": true, ""condition"": """"}]",False,True,False,"{""2022-23"": false, ""2023-24"": false, ""2024-25"": false, ""2025-26"": false}",2026-06-17,computed from contracts + constants,
OKC,2027-28,base,base case,"{""player_options"": ""counted at value (on books until declined)"", ""team_options"": ""counted at value (exercised) by default; only curated likely-declines (TEAM_OPTION_LIKELY_DECLINED, analyst input) excluded. Amount does not determine intent."", ""nonguaranteed"": ""treated as guaranteed (guarantee dates are Pass-2)"", ""own_free_agents"": ""approx cap hold (prior AAV) in cap basis only; not in apron salary"", ""roster_charges"": ""apron basis filled to 12 at rookie min; cap basis counts holds toward the 12"", ""repeater"": ""taxpayer flag projected forward in future seasons (apron salary > tax line)""}",179989117,0,36214132,0,0,0,0,0,2906000,219109249,10,5,0,219109249,0,0,-42559249,-4039249,4627751,18430751,taxpayer,True,True,False,False,True,True,tiered_125,True,True,True,True,True,True,0,0,False,none,,,,5,"[{""year"": ""2027"", ""origin"": ""DEN"", ""type"": ""incoming"", ""tradeable"": null, ""condition"": ""If 1-5""}, {""year"": ""2027"", ""origin"": ""PHI"", ""type"": ""incoming"", ""tradeable"": null, ""condition"": ""If 1-4 if not already settled with OKC""}, {""year"": ""2027"", ""origin"": ""LAC"", ""type"": ""incoming_swap"", ""tradeable"": null, ""condition"": ""Two most favorable of DEN 6-30, LAC and OKC (via OKC swap for LAC)""}, {""year"": ""2027"", ""origin"": ""OKC"", ""type"": ""own_conditional_review"", ""tradeable"": null, ""condition"": ""If 6-30""}, {""year"": ""2027"", ""origin"": ""OKC"", ""type"": ""own_conditional_review"", ""tradeable"": null, ""condition"": ""Two most favorable of DEN 6-30, LAC and OKC (via OKC swap for LAC)""}, {""year"": ""2027"", ""origin"": ""OKC"", ""type"": ""own_conditional_review"", ""tradeable"": null, ""condition"": ""If 5-30 if not already settled""}, {""year"": ""2027"", ""origin"": ""OKC"", ""type"": ""own_conditional_review"", ""tradeable"": null, ""condition"": ""If 17-30 (via SAC)""}, {""year"": ""2028"", ""origin"": ""DEN"", ""type"": ""incoming"", ""tradeable"": null, ""condition"": ""If 1-5 if not already settled with OKC""}, {""year"": ""2028"", ""origin"": ""DAL OKC"", ""type"": ""incoming_swap"", ""tradeable"": null, ""condition"": ""Or swap with OKC (via OKC swap for DAL)""}, {""year"": ""2028"", ""origin"": ""OKC"", ""type"": ""own_conditional_review"", ""tradeable"": null, ""condition"": ""If 6-30 if not already settled""}, {""year"": ""2028"", ""origin"": ""OKC DAL"", ""type"": ""own_conditional_review"", ""tradeable"": null, ""condition"": ""Or swap with DAL (via OKC swap for DAL)""}, {""year"": ""2029"", ""origin"": ""DEN"", ""type"": ""incoming"", ""tradeable"": null, ""condition"": ""If 1-5 if not already settled with OKC or 1-5 if DEN conveys 1st to OKC by 2027""}, {""year"": ""2029"", ""origin"": ""OKC"", ""type"": ""own_conditional_review"", ""tradeable"": null, ""condition"": ""If 6-30 if not already settled or 6-30 if DEN conveys 1st to OKC by 2027""}, {""year"": ""2029"", ""origin"": ""OKC"", ""type"": ""own_outright"", ""tradeable"": true, ""condition"": """"}, {""year"": ""2030"", ""origin"": ""DEN"", ""type"": ""incoming"", ""tradeable"": null, ""condition"": ""If 1-5 if not already settled with OKC or 1-5 if DEN conveys 1st to OKC by 2028""}, {""year"": ""2030"", ""origin"": ""OKC"", ""type"": ""own_conditional_review"", ""tradeable"": null, ""condition"": ""If 6-30 if not already settled or 6-30 if DEN conveys 1st to OKC by 2028""}, {""year"": ""2030"", ""origin"": ""OKC"", ""type"": ""own_outright"", ""tradeable"": true, ""condition"": """"}, {""year"": ""2031"", ""origin"": ""OKC"", ""type"": ""own_outright"", ""tradeable"": true, ""condition"": """"}, {""year"": ""2032"", ""origin"": ""OKC"", ""type"": ""own_outright"", ""tradeable"": true, ""condition"": """"}, {""year"": ""2033"", ""origin"": ""OKC"", ""type"": ""own_outright"", ""tradeable"": true, ""condition"": """"}]",False,True,False,"{""2023-24"": false, ""2024-25"": false, ""2025-26"": false, ""2026-27"": true}",2026-06-17,computed from contracts + constants,
OKC,2028-29,base,base case,"{""player_options"": ""counted at value (on books until declined)"", ""team_options"": ""counted at value (exercised) by default; only curated likely-declines (TEAM_OPTION_LIKELY_DECLINED, analyst input) excluded. Amount does not determine intent."", ""nonguaranteed"": ""treated as guaranteed (guarantee dates are Pass-2)"", ""own_free_agents"": ""approx cap hold (prior AAV) in cap basis only; not in apron salary"", ""roster_charges"": ""apron basis filled to 12 at rookie min; cap basis counts holds toward the 12"", ""repeater"": ""taxpayer flag projected forward in future seasons (apron salary > tax line)""}",184611880,0,8345797,0,0,0,0,0,10885000,203842677,5,4,0,203842677,0,0,-14934677,26282323,35556323,50325323,over_cap_under_tax,False,True,False,False,True,True,tiered_125,True,True,True,True,True,True,0,0,False,none,,,,5,"[{""year"": ""2027"", ""origin"": ""DEN"", ""type"": ""incoming"", ""tradeable"": null, ""condition"": ""If 1-5""}, {""year"": ""2027"", ""origin"": ""PHI"", ""type"": ""incoming"", ""tradeable"": null, ""condition"": ""If 1-4 if not already settled with OKC""}, {""year"": ""2027"", ""origin"": ""LAC"", ""type"": ""incoming_swap"", ""tradeable"": null, ""condition"": ""Two most favorable of DEN 6-30, LAC and OKC (via OKC swap for LAC)""}, {""year"": ""2027"", ""origin"": ""OKC"", ""type"": ""own_conditional_review"", ""tradeable"": null, ""condition"": ""If 6-30""}, {""year"": ""2027"", ""origin"": ""OKC"", ""type"": ""own_conditional_review"", ""tradeable"": null, ""condition"": ""Two most favorable of DEN 6-30, LAC and OKC (via OKC swap for LAC)""}, {""year"": ""2027"", ""origin"": ""OKC"", ""type"": ""own_conditional_review"", ""tradeable"": null, ""condition"": ""If 5-30 if not already settled""}, {""year"": ""2027"", ""origin"": ""OKC"", ""type"": ""own_conditional_review"", ""tradeable"": null, ""condition"": ""If 17-30 (via SAC)""}, {""year"": ""2028"", ""origin"": ""DEN"", ""type"": ""incoming"", ""tradeable"": null, ""condition"": ""If 1-5 if not already settled with OKC""}, {""year"": ""2028"", ""origin"": ""DAL OKC"", ""type"": ""incoming_swap"", ""tradeable"": null, ""condition"": ""Or swap with OKC (via OKC swap for DAL)""}, {""year"": ""2028"", ""origin"": ""OKC"", ""type"": ""own_conditional_review"", ""tradeable"": null, ""condition"": ""If 6-30 if not already settled""}, {""year"": ""2028"", ""origin"": ""OKC DAL"", ""type"": ""own_conditional_review"", ""tradeable"": null, ""condition"": ""Or swap with DAL (via OKC swap for DAL)""}, {""year"": ""2029"", ""origin"": ""DEN"", ""type"": ""incoming"", ""tradeable"": null, ""condition"": ""If 1-5 if not already settled with OKC or 1-5 if DEN conveys 1st to OKC by 2027""}, {""year"": ""2029"", ""origin"": ""OKC"", ""type"": ""own_conditional_review"", ""tradeable"": null, ""condition"": ""If 6-30 if not already settled or 6-30 if DEN conveys 1st to OKC by 2027""}, {""year"": ""2029"", ""origin"": ""OKC"", ""type"": ""own_outright"", ""tradeable"": true, ""condition"": """"}, {""year"": ""2030"", ""origin"": ""DEN"", ""type"": ""incoming"", ""tradeable"": null, ""condition"": ""If 1-5 if not already settled with OKC or 1-5 if DEN conveys 1st to OKC by 2028""}, {""year"": ""2030"", ""origin"": ""OKC"", ""type"": ""own_conditional_review"", ""tradeable"": null, ""condition"": ""If 6-30 if not already settled or 6-30 if DEN conveys 1st to OKC by 2028""}, {""year"": ""2030"", ""origin"": ""OKC"", ""type"": ""own_outright"", ""tradeable"": true, ""condition"": """"}, {""year"": ""2031"", ""origin"": ""OKC"", ""type"": ""own_outright"", ""tradeable"": true, ""condition"": """"}, {""year"": ""2032"", ""origin"": ""OKC"", ""type"": ""own_outright"", ""tradeable"": true, ""condition"": """"}, {""year"": ""2033"", ""origin"": ""OKC"", ""type"": ""own_outright"", ""tradeable"": true, ""condition"": """"}]",False,False,False,"{""2024-25"": false, ""2025-26"": false, ""2026-27"": true, ""2027-28"": true}",2026-06-17,computed from contracts + constants,
OKC,2029-30,base,base case,"{""player_options"": ""counted at value (on books until declined)"", ""team_options"": ""counted at value (exercised) by default; only curated likely-declines (TEAM_OPTION_LIKELY_DECLINED, analyst input) excluded. Amount does not determine intent."", ""nonguaranteed"": ""treated as guaranteed (guarantee dates are Pass-2)"", ""own_free_agents"": ""approx cap hold (prior AAV) in cap basis only; not in apron salary"", ""roster_charges"": ""apron basis filled to 12 at rookie min; cap basis counts holds toward the 12"", ""repeater"": ""taxpayer flag projected forward in future seasons (apron salary > tax line)""}",173685800,0,0,0,0,0,0,0,14976000,188661800,3,3,0,188661800,13470200,13470200,13470200,57572200,67495200,83298200,under_cap,False,False,False,True,False,True,tiered_125,True,True,True,True,True,True,0,0,False,none,,,,5,"[{""year"": ""2027"", ""origin"": ""DEN"", ""type"": ""incoming"", ""tradeable"": null, ""condition"": ""If 1-5""}, {""year"": ""2027"", ""origin"": ""PHI"", ""type"": ""incoming"", ""tradeable"": null, ""condition"": ""If 1-4 if not already settled with OKC""}, {""year"": ""2027"", ""origin"": ""LAC"", ""type"": ""incoming_swap"", ""tradeable"": null, ""condition"": ""Two most favorable of DEN 6-30, LAC and OKC (via OKC swap for LAC)""}, {""year"": ""2027"", ""origin"": ""OKC"", ""type"": ""own_conditional_review"", ""tradeable"": null, ""condition"": ""If 6-30""}, {""year"": ""2027"", ""origin"": ""OKC"", ""type"": ""own_conditional_review"", ""tradeable"": null, ""condition"": ""Two most favorable of DEN 6-30, LAC and OKC (via OKC swap for LAC)""}, {""year"": ""2027"", ""origin"": ""OKC"", ""type"": ""own_conditional_review"", ""tradeable"": null, ""condition"": ""If 5-30 if not already settled""}, {""year"": ""2027"", ""origin"": ""OKC"", ""type"": ""own_conditional_review"", ""tradeable"": null, ""condition"": ""If 17-30 (via SAC)""}, {""year"": ""2028"", ""origin"": ""DEN"", ""type"": ""incoming"", ""tradeable"": null, ""condition"": ""If 1-5 if not already settled with OKC""}, {""year"": ""2028"", ""origin"": ""DAL OKC"", ""type"": ""incoming_swap"", ""tradeable"": null, ""condition"": ""Or swap with OKC (via OKC swap for DAL)""}, {""year"": ""2028"", ""origin"": ""OKC"", ""type"": ""own_conditional_review"", ""tradeable"": null, ""condition"": ""If 6-30 if not already settled""}, {""year"": ""2028"", ""origin"": ""OKC DAL"", ""type"": ""own_conditional_review"", ""tradeable"": null, ""condition"": ""Or swap with DAL (via OKC swap for DAL)""}, {""year"": ""2029"", ""origin"": ""DEN"", ""type"": ""incoming"", ""tradeable"": null, ""condition"": ""If 1-5 if not already settled with OKC or 1-5 if DEN conveys 1st to OKC by 2027""}, {""year"": ""2029"", ""origin"": ""OKC"", ""type"": ""own_conditional_review"", ""tradeable"": null, ""condition"": ""If 6-30 if not already settled or 6-30 if DEN conveys 1st to OKC by 2027""}, {""year"": ""2029"", ""origin"": ""OKC"", ""type"": ""own_outright"", ""tradeable"": true, ""condition"": """"}, {""year"": ""2030"", ""origin"": ""DEN"", ""type"": ""incoming"", ""tradeable"": null, ""condition"": ""If 1-5 if not already settled with OKC or 1-5 if DEN conveys 1st to OKC by 2028""}, {""year"": ""2030"", ""origin"": ""OKC"", ""type"": ""own_conditional_review"", ""tradeable"": null, ""condition"": ""If 6-30 if not already settled or 6-30 if DEN conveys 1st to OKC by 2028""}, {""year"": ""2030"", ""origin"": ""OKC"", ""type"": ""own_outright"", ""tradeable"": true, ""condition"": """"}, {""year"": ""2031"", ""origin"": ""OKC"", ""type"": ""own_outright"", ""tradeable"": true, ""condition"": """"}, {""year"": ""2032"", ""origin"": ""OKC"", ""type"": ""own_outright"", ""tradeable"": true, ""condition"": """"}, {""year"": ""2033"", ""origin"": ""OKC"", ""type"": ""own_outright"", ""tradeable"": true, ""condition"": """"}]",False,False,False,"{""2025-26"": false, ""2026-27"": true, ""2027-28"": true, ""2028-29"": false}",2026-06-17,computed from contracts + constants,
ORL,2026-27,base,base case,"{""player_options"": ""counted at value (on books until declined)"", ""team_options"": ""counted at value (exercised) by default; only curated likely-declines (TEAM_OPTION_LIKELY_DECLINED, analyst input) excluded. Amount does not determine intent."", ""nonguaranteed"": ""treated as guaranteed (guarantee dates are Pass-2)"", ""own_free_agents"": ""approx cap hold (prior AAV) in cap basis only; not in apron salary"", ""roster_charges"": ""apron basis filled to 12 at rookie min; cap basis counts holds toward the 12"", ""repeater"": ""taxpayer flag projected forward in future seasons (apron salary > tax line)""}",200594753,0,21435455,0,0,0,0,0,0,222030208,12,9,21788961,243819169,0,0,-78819169,-21030208,-12930208,-30208,second_apron,True,False,False,False,False,True,pct_100,False,False,False,False,False,False,7000000,7000000,False,none,,,,3,"[{""year"": ""2027"", ""origin"": ""ORL"", ""type"": ""own_outright"", ""tradeable"": false, ""condition"": """"}, {""year"": ""2028"", ""origin"": ""POR"", ""type"": ""incoming"", ""tradeable"": null, ""condition"": ""(via MEM)""}, {""year"": ""2029"", ""origin"": ""MEM"", ""type"": ""incoming_swap"", ""tradeable"": null, ""condition"": ""If 1-2 or swap 3-30 with MEM (via MEM swap for ORL""}, {""year"": ""2029"", ""origin"": ""ORL"", ""type"": ""own_conditional_review"", ""tradeable"": null, ""condition"": ""If 1-2 or swap 3-30 with MEM (via MEM swap for ORL""}, {""year"": ""2030"", ""origin"": ""MEM"", ""type"": ""incoming"", ""tradeable"": null, ""condition"": """"}, {""year"": ""2031"", ""origin"": ""ORL"", ""type"": ""own_outright"", ""tradeable"": true, ""condition"": """"}, {""year"": ""2032"", ""origin"": ""ORL"", ""type"": ""own_outright"", ""tradeable"": true, ""condition"": """"}, {""year"": ""2033"", ""origin"": ""ORL"", ""type"": ""own_outright"", ""tradeable"": true, ""condition"": """"}]",False,True,False,"{""2022-23"": false, ""2023-24"": false, ""2024-25"": false, ""2025-26"": false}",2026-06-17,computed from contracts + constants,
ORL,2027-28,base,base case,"{""player_options"": ""counted at value (on books until declined)"", ""team_options"": ""counted at value (exercised) by default; only curated likely-declines (TEAM_OPTION_LIKELY_DECLINED, analyst input) excluded. Amount does not determine intent."", ""nonguaranteed"": ""treated as guaranteed (guarantee dates are Pass-2)"", ""own_free_agents"": ""approx cap hold (prior AAV) in cap basis only; not in apron salary"", ""roster_charges"": ""apron basis filled to 12 at rookie min; cap basis counts holds toward the 12"", ""repeater"": ""taxpayer flag projected forward in future seasons (apron salary > tax line)""}",198010201,0,9420466,0,0,0,0,0,4359000,211789667,9,7,0,211789667,0,0,-35239667,3280333,11947333,25750333,over_cap_under_tax,False,True,False,False,True,True,tiered_125,True,True,True,True,True,True,0,0,False,none,,,,3,"[{""year"": ""2027"", ""origin"": ""ORL"", ""type"": ""own_outright"", ""tradeable"": false, ""condition"": """"}, {""year"": ""2028"", ""origin"": ""POR"", ""type"": ""incoming"", ""tradeable"": null, ""condition"": ""(via MEM)""}, {""year"": ""2029"", ""origin"": ""MEM"", ""type"": ""incoming_swap"", ""tradeable"": null, ""condition"": ""If 1-2 or swap 3-30 with MEM (via MEM swap for ORL""}, {""year"": ""2029"", ""origin"": ""ORL"", ""type"": ""own_conditional_review"", ""tradeable"": null, ""condition"": ""If 1-2 or swap 3-30 with MEM (via MEM swap for ORL""}, {""year"": ""2030"", ""origin"": ""MEM"", ""type"": ""incoming"", ""tradeable"": null, ""condition"": """"}, {""year"": ""2031"", ""origin"": ""ORL"", ""type"": ""own_outright"", ""tradeable"": true, ""condition"": """"}, {""year"": ""2032"", ""origin"": ""ORL"", ""type"": ""own_outright"", ""tradeable"": true, ""condition"": """"}, {""year"": ""2033"", ""origin"": ""ORL"", ""type"": ""own_outright"", ""tradeable"": true, ""condition"": """"}]",False,False,False,"{""2023-24"": false, ""2024-25"": false, ""2025-26"": false, ""2026-27"": true}",2026-06-17,computed from contracts + constants,
ORL,2028-29,base,base case,"{""player_options"": ""counted at value (on books until declined)"", ""team_options"": ""counted at value (exercised) by default; only curated likely-declines (TEAM_OPTION_LIKELY_DECLINED, analyst input) excluded. Amount does not determine intent."", ""nonguaranteed"": ""treated as guaranteed (guarantee dates are Pass-2)"", ""own_free_agents"": ""approx cap hold (prior AAV) in cap basis only; not in apron salary"", ""roster_charges"": ""apron basis filled to 12 at rookie min; cap basis counts holds toward the 12"", ""repeater"": ""taxpayer flag projected forward in future seasons (apron salary > tax line)""}",182767500,0,29644900,0,0,0,0,0,6220000,218632400,8,5,0,218632400,0,0,-29724400,11492600,20766600,35535600,over_cap_under_tax,False,True,False,False,True,True,tiered_125,True,True,True,True,True,True,0,0,False,none,,,,3,"[{""year"": ""2027"", ""origin"": ""ORL"", ""type"": ""own_outright"", ""tradeable"": false, ""condition"": """"}, {""year"": ""2028"", ""origin"": ""POR"", ""type"": ""incoming"", ""tradeable"": null, ""condition"": ""(via MEM)""}, {""year"": ""2029"", ""origin"": ""MEM"", ""type"": ""incoming_swap"", ""tradeable"": null, ""condition"": ""If 1-2 or swap 3-30 with MEM (via MEM swap for ORL""}, {""year"": ""2029"", ""origin"": ""ORL"", ""type"": ""own_conditional_review"", ""tradeable"": null, ""condition"": ""If 1-2 or swap 3-30 with MEM (via MEM swap for ORL""}, {""year"": ""2030"", ""origin"": ""MEM"", ""type"": ""incoming"", ""tradeable"": null, ""condition"": """"}, {""year"": ""2031"", ""origin"": ""ORL"", ""type"": ""own_outright"", ""tradeable"": true, ""condition"": """"}, {""year"": ""2032"", ""origin"": ""ORL"", ""type"": ""own_outright"", ""tradeable"": true, ""condition"": """"}, {""year"": ""2033"", ""origin"": ""ORL"", ""type"": ""own_outright"", ""tradeable"": true, ""condition"": """"}]",False,False,False,"{""2024-25"": false, ""2025-26"": false, ""2026-27"": true, ""2027-28"": false}",2026-06-17,computed from contracts + constants,
ORL,2029-30,base,base case,"{""player_options"": ""counted at value (on books until declined)"", ""team_options"": ""counted at value (exercised) by default; only curated likely-declines (TEAM_OPTION_LIKELY_DECLINED, analyst input) excluded. Amount does not determine intent."", ""nonguaranteed"": ""treated as guaranteed (guarantee dates are Pass-2)"", ""own_free_agents"": ""approx cap hold (prior AAV) in cap basis only; not in apron salary"", ""roster_charges"": ""apron basis filled to 12 at rookie min; cap basis counts holds toward the 12"", ""repeater"": ""taxpayer flag projected forward in future seasons (apron salary > tax line)""}",102493510,0,26700000,0,0,0,0,0,14976000,144169510,3,2,0,144169510,57962490,57962490,57962490,102064490,111987490,127790490,under_cap,False,False,False,True,False,True,tiered_125,True,True,True,True,True,True,0,0,False,none,,,,3,"[{""year"": ""2027"", ""origin"": ""ORL"", ""type"": ""own_outright"", ""tradeable"": false, ""condition"": """"}, {""year"": ""2028"", ""origin"": ""POR"", ""type"": ""incoming"", ""tradeable"": null, ""condition"": ""(via MEM)""}, {""year"": ""2029"", ""origin"": ""MEM"", ""type"": ""incoming_swap"", ""tradeable"": null, ""condition"": ""If 1-2 or swap 3-30 with MEM (via MEM swap for ORL""}, {""year"": ""2029"", ""origin"": ""ORL"", ""type"": ""own_conditional_review"", ""tradeable"": null, ""condition"": ""If 1-2 or swap 3-30 with MEM (via MEM swap for ORL""}, {""year"": ""2030"", ""origin"": ""MEM"", ""type"": ""incoming"", ""tradeable"": null, ""condition"": """"}, {""year"": ""2031"", ""origin"": ""ORL"", ""type"": ""own_outright"", ""tradeable"": true, ""condition"": """"}, {""year"": ""2032"", ""origin"": ""ORL"", ""type"": ""own_outright"", ""tradeable"": true, ""condition"": """"}, {""year"": ""2033"", ""origin"": ""ORL"", ""type"": ""own_outright"", ""tradeable"": true, ""condition"": """"}]",False,False,False,"{""2025-26"": false, ""2026-27"": true, ""2027-28"": false, ""2028-29"": false}",2026-06-17,computed from contracts + constants,
PHI,2026-27,base,base case,"{""player_options"": ""counted at value (on books until declined)"", ""team_options"": ""counted at value (exercised) by default; only curated likely-declines (TEAM_OPTION_LIKELY_DECLINED, analyst input) excluded. Amount does not determine intent."", ""nonguaranteed"": ""treated as guaranteed (guarantee dates are Pass-2)"", ""own_free_agents"": ""approx cap hold (prior AAV) in cap basis only; not in apron salary"", ""roster_charges"": ""apron basis filled to 12 at rookie min; cap basis counts holds toward the 12"", ""repeater"": ""taxpayer flag projected forward in future seasons (apron salary > tax line)""}",174103597,0,6216346,0,0,0,0,0,2716000,183035943,10,8,28904193,209224136,0,0,-44224136,17964057,26064057,38964057,over_cap_under_tax,False,True,False,False,True,True,tiered_125,True,True,True,True,True,True,0,0,False,none,,,,5,"[{""year"": ""2027"", ""origin"": ""OKC"", ""type"": ""incoming"", ""tradeable"": null, ""condition"": ""If 5-30 if not already settled""}, {""year"": ""2027"", ""origin"": ""PHI"", ""type"": ""own_conditional_review"", ""tradeable"": null, ""condition"": ""If 1-4 if not already settled with OKC""}, {""year"": ""2028"", ""origin"": ""BKN"", ""type"": ""incoming"", ""tradeable"": null, ""condition"": ""If 9-30 and if PHI conveys 1st to OKC by 2026""}, {""year"": ""2028"", ""origin"": ""PHI"", ""type"": ""own_conditional_review"", ""tradeable"": null, ""condition"": ""If 1-8 and if PHI conveys 1st to OKC by 2026""}, {""year"": ""2028"", ""origin"": ""PHI"", ""type"": ""own_outright"", ""tradeable"": true, ""condition"": """"}, {""year"": ""2029"", ""origin"": ""LAC PHI"", ""type"": ""incoming_swap"", ""tradeable"": null, ""condition"": ""Or swap 4-30 with PHI (via PHI swap for LAC)""}, {""year"": ""2029"", ""origin"": ""PHI LAC"", ""type"": ""own_conditional_review"", ""tradeable"": null, ""condition"": ""Or swap with LAC 4-30 (via PHI swap for LAC)""}, {""year"": ""2030"", ""origin"": ""PHI"", ""type"": ""own_outright"", ""tradeable"": true, ""condition"": """"}, {""year"": ""2031"", ""origin"": ""PHI"", ""type"": ""own_outright"", ""tradeable"": true, ""condition"": """"}, {""year"": ""2032"", ""origin"": ""PHI"", ""type"": ""own_outright"", ""tradeable"": true, ""condition"": """"}, {""year"": ""2033"", ""origin"": ""PHI"", ""type"": ""own_outright"", ""tradeable"": true, ""condition"": """"}]",False,False,False,"{""2022-23"": false, ""2023-24"": false, ""2024-25"": false, ""2025-26"": false}",2026-06-17,computed from contracts + constants,
PHI,2027-28,base,base case,"{""player_options"": ""counted at value (on books until declined)"", ""team_options"": ""counted at value (exercised) by default; only curated likely-declines (TEAM_OPTION_LIKELY_DECLINED, analyst input) excluded. Amount does not determine intent."", ""nonguaranteed"": ""treated as guaranteed (guarantee dates are Pass-2)"", ""own_free_agents"": ""approx cap hold (prior AAV) in cap basis only; not in apron salary"", ""roster_charges"": ""apron basis filled to 12 at rookie min; cap basis counts holds toward the 12"", ""repeater"": ""taxpayer flag projected forward in future seasons (apron salary > tax line)""}",108856181,56586670,17323469,0,0,0,0,0,7265000,190031320,7,3,0,190031320,0,0,-13481320,25038680,33705680,47508680,over_cap_under_tax,False,True,False,False,True,True,tiered_125,True,True,True,True,True,True,0,0,False,none,,,,5,"[{""year"": ""2027"", ""origin"": ""OKC"", ""type"": ""incoming"", ""tradeable"": null, ""condition"": ""If 5-30 if not already settled""}, {""year"": ""2027"", ""origin"": ""PHI"", ""type"": ""own_conditional_review"", ""tradeable"": null, ""condition"": ""If 1-4 if not already settled with OKC""}, {""year"": ""2028"", ""origin"": ""BKN"", ""type"": ""incoming"", ""tradeable"": null, ""condition"": ""If 9-30 and if PHI conveys 1st to OKC by 2026""}, {""year"": ""2028"", ""origin"": ""PHI"", ""type"": ""own_conditional_review"", ""tradeable"": null, ""condition"": ""If 1-8 and if PHI conveys 1st to OKC by 2026""}, {""year"": ""2028"", ""origin"": ""PHI"", ""type"": ""own_outright"", ""tradeable"": true, ""condition"": """"}, {""year"": ""2029"", ""origin"": ""LAC PHI"", ""type"": ""incoming_swap"", ""tradeable"": null, ""condition"": ""Or swap 4-30 with PHI (via PHI swap for LAC)""}, {""year"": ""2029"", ""origin"": ""PHI LAC"", ""type"": ""own_conditional_review"", ""tradeable"": null, ""condition"": ""Or swap with LAC 4-30 (via PHI swap for LAC)""}, {""year"": ""2030"", ""origin"": ""PHI"", ""type"": ""own_outright"", ""tradeable"": true, ""condition"": """"}, {""year"": ""2031"", ""origin"": ""PHI"", ""type"": ""own_outright"", ""tradeable"": true, ""condition"": """"}, {""year"": ""2032"", ""origin"": ""PHI"", ""type"": ""own_outright"", ""tradeable"": true, ""condition"": """"}, {""year"": ""2033"", ""origin"": ""PHI"", ""type"": ""own_outright"", ""tradeable"": true, ""condition"": """"}]",False,False,False,"{""2023-24"": false, ""2024-25"": false, ""2025-26"": false, ""2026-27"": false}",2026-06-17,computed from contracts + constants,
PHI,2028-29,base,base case,"{""player_options"": ""counted at value (on books until declined)"", ""team_options"": ""counted at value (exercised) by default; only curated likely-declines (TEAM_OPTION_LIKELY_DECLINED, analyst input) excluded. Amount does not determine intent."", ""nonguaranteed"": ""treated as guaranteed (guarantee dates are Pass-2)"", ""own_free_agents"": ""approx cap hold (prior AAV) in cap basis only; not in apron salary"", ""roster_charges"": ""apron basis filled to 12 at rookie min; cap basis counts holds toward the 12"", ""repeater"": ""taxpayer flag projected forward in future seasons (apron salary > tax line)""}",46394040,67396000,18181425,0,0,0,0,0,12440000,144411465,4,1,0,144411465,44496535,44496535,44496535,85713535,94987535,109756535,under_cap,False,False,False,True,False,True,tiered_125,True,True,True,True,True,True,0,0,False,none,,,,5,"[{""year"": ""2027"", ""origin"": ""OKC"", ""type"": ""incoming"", ""tradeable"": null, ""condition"": ""If 5-30 if not already settled""}, {""year"": ""2027"", ""origin"": ""PHI"", ""type"": ""own_conditional_review"", ""tradeable"": null, ""condition"": ""If 1-4 if not already settled with OKC""}, {""year"": ""2028"", ""origin"": ""BKN"", ""type"": ""incoming"", ""tradeable"": null, ""condition"": ""If 9-30 and if PHI conveys 1st to OKC by 2026""}, {""year"": ""2028"", ""origin"": ""PHI"", ""type"": ""own_conditional_review"", ""tradeable"": null, ""condition"": ""If 1-8 and if PHI conveys 1st to OKC by 2026""}, {""year"": ""2028"", ""origin"": ""PHI"", ""type"": ""own_outright"", ""tradeable"": true, ""condition"": """"}, {""year"": ""2029"", ""origin"": ""LAC PHI"", ""type"": ""incoming_swap"", ""tradeable"": null, ""condition"": ""Or swap 4-30 with PHI (via PHI swap for LAC)""}, {""year"": ""2029"", ""origin"": ""PHI LAC"", ""type"": ""own_conditional_review"", ""tradeable"": null, ""condition"": ""Or swap with LAC 4-30 (via PHI swap for LAC)""}, {""year"": ""2030"", ""origin"": ""PHI"", ""type"": ""own_outright"", ""tradeable"": true, ""condition"": """"}, {""year"": ""2031"", ""origin"": ""PHI"", ""type"": ""own_outright"", ""tradeable"": true, ""condition"": """"}, {""year"": ""2032"", ""origin"": ""PHI"", ""type"": ""own_outright"", ""tradeable"": true, ""condition"": """"}, {""year"": ""2033"", ""origin"": ""PHI"", ""type"": ""own_outright"", ""tradeable"": true, ""condition"": """"}]",False,False,False,"{""2024-25"": false, ""2025-26"": false, ""2026-27"": false, ""2027-28"": false}",2026-06-17,computed from contracts + constants,
PHI,2029-30,base,base case,"{""player_options"": ""counted at value (on books until declined)"", ""team_options"": ""counted at value (exercised) by default; only curated likely-declines (TEAM_OPTION_LIKELY_DECLINED, analyst input) excluded. Amount does not determine intent."", ""nonguaranteed"": ""treated as guaranteed (guarantee dates are Pass-2)"", ""own_free_agents"": ""approx cap hold (prior AAV) in cap basis only; not in apron salary"", ""roster_charges"": ""apron basis filled to 12 at rookie min; cap basis counts holds toward the 12"", ""repeater"": ""taxpayer flag projected forward in future seasons (apron salary > tax line)""}",0,0,0,0,0,0,0,0,19968000,19968000,0,0,0,19968000,182164000,182164000,182164000,226266000,236189000,251992000,under_cap,False,False,False,True,False,True,tiered_125,True,True,True,True,True,True,0,0,False,none,,,,5,"[{""year"": ""2027"", ""origin"": ""OKC"", ""type"": ""incoming"", ""tradeable"": null, ""condition"": ""If 5-30 if not already settled""}, {""year"": ""2027"", ""origin"": ""PHI"", ""type"": ""own_conditional_review"", ""tradeable"": null, ""condition"": ""If 1-4 if not already settled with OKC""}, {""year"": ""2028"", ""origin"": ""BKN"", ""type"": ""incoming"", ""tradeable"": null, ""condition"": ""If 9-30 and if PHI conveys 1st to OKC by 2026""}, {""year"": ""2028"", ""origin"": ""PHI"", ""type"": ""own_conditional_review"", ""tradeable"": null, ""condition"": ""If 1-8 and if PHI conveys 1st to OKC by 2026""}, {""year"": ""2028"", ""origin"": ""PHI"", ""type"": ""own_outright"", ""tradeable"": true, ""condition"": """"}, {""year"": ""2029"", ""origin"": ""LAC PHI"", ""type"": ""incoming_swap"", ""tradeable"": null, ""condition"": ""Or swap 4-30 with PHI (via PHI swap for LAC)""}, {""year"": ""2029"", ""origin"": ""PHI LAC"", ""type"": ""own_conditional_review"", ""tradeable"": null, ""condition"": ""Or swap with LAC 4-30 (via PHI swap for LAC)""}, {""year"": ""2030"", ""origin"": ""PHI"", ""type"": ""own_outright"", ""tradeable"": true, ""condition"": """"}, {""year"": ""2031"", ""origin"": ""PHI"", ""type"": ""own_outright"", ""tradeable"": true, ""condition"": """"}, {""year"": ""2032"", ""origin"": ""PHI"", ""type"": ""own_outright"", ""tradeable"": true, ""condition"": """"}, {""year"": ""2033"", ""origin"": ""PHI"", ""type"": ""own_outright"", ""tradeable"": true, ""condition"": """"}]",False,False,False,"{""2025-26"": false, ""2026-27"": false, ""2027-28"": false, ""2028-29"": false}",2026-06-17,computed from contracts + constants,
PHX,2026-27,base,base case,"{""player_options"": ""counted at value (on books until declined)"", ""team_options"": ""counted at value (exercised) by default; only curated likely-declines (TEAM_OPTION_LIKELY_DECLINED, analyst input) excluded. Amount does not determine intent."", ""nonguaranteed"": ""treated as guaranteed (guarantee dates are Pass-2)"", ""own_free_agents"": ""approx cap hold (prior AAV) in cap basis only; not in apron salary"", ""roster_charges"": ""apron basis filled to 12 at rookie min; cap basis counts holds toward the 12"", ""repeater"": ""taxpayer flag projected forward in future seasons (apron salary > tax line)""}",164654530,0,2784240,0,0,25004710,0,0,0,192443480,13,12,11040207,178478977,0,0,-13478977,8556520,16656520,29556520,over_cap_under_tax,False,True,False,False,True,True,tiered_125,True,True,True,True,True,True,0,0,False,none,,,,1,"[{""year"": ""2027"", ""origin"": ""HOU"", ""type"": ""incoming"", ""tradeable"": null, ""condition"": ""(via BKN)""}, {""year"": ""2027"", ""origin"": ""PHX"", ""type"": ""own_conditional_review"", ""tradeable"": null, ""condition"": ""Least favorable of CLE, MIN and UTA to PHX then others to UTA (via UTA)""}, {""year"": ""2028"", ""origin"": ""PHX"", ""type"": ""own_conditional_review"", ""tradeable"": null, ""condition"": ""Least Favorable of WAS and BKN, PHI 9-30 if not already settled and if PHI conveys 1st to OKC by 2026 and PHX (via BKN and WAS swap for PHX)""}, {""year"": ""2029"", ""origin"": ""HOU"", ""type"": ""incoming"", ""tradeable"": null, ""condition"": ""Two most favorable of BKN, DAL and PHX to HOU then other to BKN""}, {""year"": ""2030"", ""origin"": ""PHX"", ""type"": ""own_conditional_review"", ""tradeable"": null, ""condition"": ""Least favorable of PHX, MEM and WAS""}, {""year"": ""2031"", ""origin"": ""MEM"", ""type"": ""incoming"", ""tradeable"": null, ""condition"": ""(via UTA)""}, {""year"": ""2032"", ""origin"": ""PHX"", ""type"": ""frozen_untradeable"", ""tradeable"": false, ""condition"": ""FROZEN PICK""}, {""year"": ""2033"", ""origin"": ""PHX"", ""type"": ""own_outright"", ""tradeable"": true, ""condition"": """"}]",False,False,True,"{""2022-23"": true, ""2023-24"": true, ""2024-25"": true, ""2025-26"": false}",2026-06-17,computed from contracts + constants,
PHX,2027-28,base,base case,"{""player_options"": ""counted at value (on books until declined)"", ""team_options"": ""counted at value (exercised) by default; only curated likely-declines (TEAM_OPTION_LIKELY_DECLINED, analyst input) excluded. Amount does not determine intent."", ""nonguaranteed"": ""treated as guaranteed (guarantee dates are Pass-2)"", ""own_free_agents"": ""approx cap hold (prior AAV) in cap basis only; not in apron salary"", ""roster_charges"": ""apron basis filled to 12 at rookie min; cap basis counts holds toward the 12"", ""repeater"": ""taxpayer flag projected forward in future seasons (apron salary > tax line)""}",82150236,55375000,14129708,0,0,0,0,0,2906000,154560944,10,5,0,154560944,21989056,21989056,21989056,60509056,69176056,82979056,under_cap,False,False,False,True,False,True,tiered_125,True,True,True,True,True,True,0,0,False,none,,,,1,"[{""year"": ""2027"", ""origin"": ""HOU"", ""type"": ""incoming"", ""tradeable"": null, ""condition"": ""(via BKN)""}, {""year"": ""2027"", ""origin"": ""PHX"", ""type"": ""own_conditional_review"", ""tradeable"": null, ""condition"": ""Least favorable of CLE, MIN and UTA to PHX then others to UTA (via UTA)""}, {""year"": ""2028"", ""origin"": ""PHX"", ""type"": ""own_conditional_review"", ""tradeable"": null, ""condition"": ""Least Favorable of WAS and BKN, PHI 9-30 if not already settled and if PHI conveys 1st to OKC by 2026 and PHX (via BKN and WAS swap for PHX)""}, {""year"": ""2029"", ""origin"": ""HOU"", ""type"": ""incoming"", ""tradeable"": null, ""condition"": ""Two most favorable of BKN, DAL and PHX to HOU then other to BKN""}, {""year"": ""2030"", ""origin"": ""PHX"", ""type"": ""own_conditional_review"", ""tradeable"": null, ""condition"": ""Least favorable of PHX, MEM and WAS""}, {""year"": ""2031"", ""origin"": ""MEM"", ""type"": ""incoming"", ""tradeable"": null, ""condition"": ""(via UTA)""}, {""year"": ""2032"", ""origin"": ""PHX"", ""type"": ""frozen_untradeable"", ""tradeable"": false, ""condition"": ""FROZEN PICK""}, {""year"": ""2033"", ""origin"": ""PHX"", ""type"": ""own_outright"", ""tradeable"": true, ""condition"": """"}]",False,False,False,"{""2023-24"": true, ""2024-25"": true, ""2025-26"": false, ""2026-27"": false}",2026-06-17,computed from contracts + constants,
PHX,2028-29,base,base case,"{""player_options"": ""counted at value (on books until declined)"", ""team_options"": ""counted at value (exercised) by default; only curated likely-declines (TEAM_OPTION_LIKELY_DECLINED, analyst input) excluded. Amount does not determine intent."", ""nonguaranteed"": ""treated as guaranteed (guarantee dates are Pass-2)"", ""own_free_agents"": ""approx cap hold (prior AAV) in cap basis only; not in apron salary"", ""roster_charges"": ""apron basis filled to 12 at rookie min; cap basis counts holds toward the 12"", ""repeater"": ""taxpayer flag projected forward in future seasons (apron salary > tax line)""}",67173095,0,11172578,0,0,0,0,0,12440000,90785673,4,2,0,90785673,98122327,98122327,98122327,139339327,148613327,163382327,under_cap,False,False,False,True,False,True,tiered_125,True,True,True,True,True,True,0,0,False,none,,,,1,"[{""year"": ""2027"", ""origin"": ""HOU"", ""type"": ""incoming"", ""tradeable"": null, ""condition"": ""(via BKN)""}, {""year"": ""2027"", ""origin"": ""PHX"", ""type"": ""own_conditional_review"", ""tradeable"": null, ""condition"": ""Least favorable of CLE, MIN and UTA to PHX then others to UTA (via UTA)""}, {""year"": ""2028"", ""origin"": ""PHX"", ""type"": ""own_conditional_review"", ""tradeable"": null, ""condition"": ""Least Favorable of WAS and BKN, PHI 9-30 if not already settled and if PHI conveys 1st to OKC by 2026 and PHX (via BKN and WAS swap for PHX)""}, {""year"": ""2029"", ""origin"": ""HOU"", ""type"": ""incoming"", ""tradeable"": null, ""condition"": ""Two most favorable of BKN, DAL and PHX to HOU then other to BKN""}, {""year"": ""2030"", ""origin"": ""PHX"", ""type"": ""own_conditional_review"", ""tradeable"": null, ""condition"": ""Least favorable of PHX, MEM and WAS""}, {""year"": ""2031"", ""origin"": ""MEM"", ""type"": ""incoming"", ""tradeable"": null, ""condition"": ""(via UTA)""}, {""year"": ""2032"", ""origin"": ""PHX"", ""type"": ""frozen_untradeable"", ""tradeable"": false, ""condition"": ""FROZEN PICK""}, {""year"": ""2033"", ""origin"": ""PHX"", ""type"": ""own_outright"", ""tradeable"": true, ""condition"": """"}]",False,False,False,"{""2024-25"": true, ""2025-26"": false, ""2026-27"": false, ""2027-28"": false}",2026-06-17,computed from contracts + constants,
PHX,2029-30,base,base case,"{""player_options"": ""counted at value (on books until declined)"", ""team_options"": ""counted at value (exercised) by default; only curated likely-declines (TEAM_OPTION_LIKELY_DECLINED, analyst input) excluded. Amount does not determine intent."", ""nonguaranteed"": ""treated as guaranteed (guarantee dates are Pass-2)"", ""own_free_agents"": ""approx cap hold (prior AAV) in cap basis only; not in apron salary"", ""roster_charges"": ""apron basis filled to 12 at rookie min; cap basis counts holds toward the 12"", ""repeater"": ""taxpayer flag projected forward in future seasons (apron salary > tax line)""}",0,69191228,0,0,0,0,0,0,18304000,87495228,1,0,0,87495228,114636772,114636772,114636772,158738772,168661772,184464772,under_cap,False,False,False,True,False,True,tiered_125,True,True,True,True,True,True,0,0,False,none,,,,1,"[{""year"": ""2027"", ""origin"": ""HOU"", ""type"": ""incoming"", ""tradeable"": null, ""condition"": ""(via BKN)""}, {""year"": ""2027"", ""origin"": ""PHX"", ""type"": ""own_conditional_review"", ""tradeable"": null, ""condition"": ""Least favorable of CLE, MIN and UTA to PHX then others to UTA (via UTA)""}, {""year"": ""2028"", ""origin"": ""PHX"", ""type"": ""own_conditional_review"", ""tradeable"": null, ""condition"": ""Least Favorable of WAS and BKN, PHI 9-30 if not already settled and if PHI conveys 1st to OKC by 2026 and PHX (via BKN and WAS swap for PHX)""}, {""year"": ""2029"", ""origin"": ""HOU"", ""type"": ""incoming"", ""tradeable"": null, ""condition"": ""Two most favorable of BKN, DAL and PHX to HOU then other to BKN""}, {""year"": ""2030"", ""origin"": ""PHX"", ""type"": ""own_conditional_review"", ""tradeable"": null, ""condition"": ""Least favorable of PHX, MEM and WAS""}, {""year"": ""2031"", ""origin"": ""MEM"", ""type"": ""incoming"", ""tradeable"": null, ""condition"": ""(via UTA)""}, {""year"": ""2032"", ""origin"": ""PHX"", ""type"": ""frozen_untradeable"", ""tradeable"": false, ""condition"": ""FROZEN PICK""}, {""year"": ""2033"", ""origin"": ""PHX"", ""type"": ""own_outright"", ""tradeable"": true, ""condition"": """"}]",False,False,False,"{""2025-26"": false, ""2026-27"": false, ""2027-28"": false, ""2028-29"": false}",2026-06-17,computed from contracts + constants,
POR,2026-27,base,base case,"{""player_options"": ""counted at value (on books until declined)"", ""team_options"": ""counted at value (exercised) by default; only curated likely-declines (TEAM_OPTION_LIKELY_DECLINED, analyst input) excluded. Amount does not determine intent."", ""nonguaranteed"": ""treated as guaranteed (guarantee dates are Pass-2)"", ""own_free_agents"": ""approx cap hold (prior AAV) in cap basis only; not in apron salary"", ""roster_charges"": ""apron basis filled to 12 at rookie min; cap basis counts holds toward the 12"", ""repeater"": ""taxpayer flag projected forward in future seasons (apron salary > tax line)""}",134255851,0,26420447,0,0,8104000,0,0,0,168780298,13,10,25403870,186080168,0,4323702,-21080168,32219702,40319702,53219702,over_cap_under_tax,False,True,False,False,True,True,tiered_125,True,True,True,True,True,True,0,0,False,none,,,,3,"[{""year"": ""2027"", ""origin"": ""CHI"", ""type"": ""incoming"", ""tradeable"": null, ""condition"": ""If 15-30 if not already settled""}, {""year"": ""2027"", ""origin"": ""POR"", ""type"": ""own_conditional_review"", ""tradeable"": null, ""condition"": ""If 1-14 if not already settled with CHI""}, {""year"": ""2028"", ""origin"": ""CHI"", ""type"": ""incoming"", ""tradeable"": null, ""condition"": ""If 15-30 if not already settled""}, {""year"": ""2028"", ""origin"": ""MIL POR"", ""type"": ""incoming_swap"", ""tradeable"": null, ""condition"": ""Or swap with POR (via POR swap for MIL)""}, {""year"": ""2028"", ""origin"": ""POR"", ""type"": ""own_conditional_review"", ""tradeable"": null, ""condition"": ""(via MEM)""}, {""year"": ""2028"", ""origin"": ""POR"", ""type"": ""own_conditional_review"", ""tradeable"": null, ""condition"": ""If 1-14 if not already settled with CHI or swap with MIL""}, {""year"": ""2029"", ""origin"": ""WAS"", ""type"": ""incoming"", ""tradeable"": null, ""condition"": ""Two most favorable of BKN, DAL and PHX to HOU then other to BKN""}, {""year"": ""2029"", ""origin"": ""POR"", ""type"": ""own_conditional_review"", ""tradeable"": null, ""condition"": ""Most and least favorable of BOS, MIL and POR to POR then other to WAS (via BOS to POR; via MIL to POR; via POR to WAS)""}, {""year"": ""2029"", ""origin"": ""POR"", ""type"": ""own_conditional_review"", ""tradeable"": null, ""condition"": ""Most and least favorable of BOS, MIL and POR to POR then other to WAS (via BOS to POR; via MIL to POR; via POR to WAS)""}, {""year"": ""2030"", ""origin"": ""MIL POR"", ""type"": ""incoming_swap"", ""tradeable"": null, ""condition"": ""Or swap with POR (via POR swap for MIL)""}, {""year"": ""2030"", ""origin"": ""POR MIL"", ""type"": ""own_conditional_review"", ""tradeable"": null, ""condition"": ""Or swap with MIL""}, {""year"": ""2031"", ""origin"": ""POR"", ""type"": ""own_outright"", ""tradeable"": true, ""condition"": """"}, {""year"": ""2032"", ""origin"": ""POR"", ""type"": ""own_outright"", ""tradeable"": true, ""condition"": """"}, {""year"": ""2033"", ""origin"": ""POR"", ""type"": ""own_outright"", ""tradeable"": true, ""condition"": """"}]",False,False,False,"{""2022-23"": false, ""2023-24"": false, ""2024-25"": false, ""2025-26"": false}",2026-06-17,computed from contracts + constants,
POR,2027-28,base,base case,"{""player_options"": ""counted at value (on books until declined)"", ""team_options"": ""counted at value (exercised) by default; only curated likely-declines (TEAM_OPTION_LIKELY_DECLINED, analyst input) excluded. Amount does not determine intent."", ""nonguaranteed"": ""treated as guaranteed (guarantee dates are Pass-2)"", ""own_free_agents"": ""approx cap hold (prior AAV) in cap basis only; not in apron salary"", ""roster_charges"": ""apron basis filled to 12 at rookie min; cap basis counts holds toward the 12"", ""repeater"": ""taxpayer flag projected forward in future seasons (apron salary > tax line)""}",53366247,77490790,17420303,0,0,0,0,0,2906000,151183340,10,4,0,151183340,25366660,25366660,25366660,63886660,72553660,86356660,under_cap,False,False,False,True,False,True,tiered_125,True,True,True,True,True,True,0,0,False,none,,,,3,"[{""year"": ""2027"", ""origin"": ""CHI"", ""type"": ""incoming"", ""tradeable"": null, ""condition"": ""If 15-30 if not already settled""}, {""year"": ""2027"", ""origin"": ""POR"", ""type"": ""own_conditional_review"", ""tradeable"": null, ""condition"": ""If 1-14 if not already settled with CHI""}, {""year"": ""2028"", ""origin"": ""CHI"", ""type"": ""incoming"", ""tradeable"": null, ""condition"": ""If 15-30 if not already settled""}, {""year"": ""2028"", ""origin"": ""MIL POR"", ""type"": ""incoming_swap"", ""tradeable"": null, ""condition"": ""Or swap with POR (via POR swap for MIL)""}, {""year"": ""2028"", ""origin"": ""POR"", ""type"": ""own_conditional_review"", ""tradeable"": null, ""condition"": ""(via MEM)""}, {""year"": ""2028"", ""origin"": ""POR"", ""type"": ""own_conditional_review"", ""tradeable"": null, ""condition"": ""If 1-14 if not already settled with CHI or swap with MIL""}, {""year"": ""2029"", ""origin"": ""WAS"", ""type"": ""incoming"", ""tradeable"": null, ""condition"": ""Two most favorable of BKN, DAL and PHX to HOU then other to BKN""}, {""year"": ""2029"", ""origin"": ""POR"", ""type"": ""own_conditional_review"", ""tradeable"": null, ""condition"": ""Most and least favorable of BOS, MIL and POR to POR then other to WAS (via BOS to POR; via MIL to POR; via POR to WAS)""}, {""year"": ""2029"", ""origin"": ""POR"", ""type"": ""own_conditional_review"", ""tradeable"": null, ""condition"": ""Most and least favorable of BOS, MIL and POR to POR then other to WAS (via BOS to POR; via MIL to POR; via POR to WAS)""}, {""year"": ""2030"", ""origin"": ""MIL POR"", ""type"": ""incoming_swap"", ""tradeable"": null, ""condition"": ""Or swap with POR (via POR swap for MIL)""}, {""year"": ""2030"", ""origin"": ""POR MIL"", ""type"": ""own_conditional_review"", ""tradeable"": null, ""condition"": ""Or swap with MIL""}, {""year"": ""2031"", ""origin"": ""POR"", ""type"": ""own_outright"", ""tradeable"": true, ""condition"": """"}, {""year"": ""2032"", ""origin"": ""POR"", ""type"": ""own_outright"", ""tradeable"": true, ""condition"": """"}, {""year"": ""2033"", ""origin"": ""POR"", ""type"": ""own_outright"", ""tradeable"": true, ""condition"": """"}]",False,False,False,"{""2023-24"": false, ""2024-25"": false, ""2025-26"": false, ""2026-27"": false}",2026-06-17,computed from contracts + constants,
POR,2028-29,base,base case,"{""player_options"": ""counted at value (on books until declined)"", ""team_options"": ""counted at value (exercised) by default; only curated likely-declines (TEAM_OPTION_LIKELY_DECLINED, analyst input) excluded. Amount does not determine intent."", ""nonguaranteed"": ""treated as guaranteed (guarantee dates are Pass-2)"", ""own_free_agents"": ""approx cap hold (prior AAV) in cap basis only; not in apron salary"", ""roster_charges"": ""apron basis filled to 12 at rookie min; cap basis counts holds toward the 12"", ""repeater"": ""taxpayer flag projected forward in future seasons (apron salary > tax line)""}",48421817,0,7462788,0,0,0,0,0,10885000,66769605,5,4,0,66769605,122138395,122138395,122138395,163355395,172629395,187398395,under_cap,False,False,False,True,False,True,tiered_125,True,True,True,True,True,True,0,0,False,none,,,,3,"[{""year"": ""2027"", ""origin"": ""CHI"", ""type"": ""incoming"", ""tradeable"": null, ""condition"": ""If 15-30 if not already settled""}, {""year"": ""2027"", ""origin"": ""POR"", ""type"": ""own_conditional_review"", ""tradeable"": null, ""condition"": ""If 1-14 if not already settled with CHI""}, {""year"": ""2028"", ""origin"": ""CHI"", ""type"": ""incoming"", ""tradeable"": null, ""condition"": ""If 15-30 if not already settled""}, {""year"": ""2028"", ""origin"": ""MIL POR"", ""type"": ""incoming_swap"", ""tradeable"": null, ""condition"": ""Or swap with POR (via POR swap for MIL)""}, {""year"": ""2028"", ""origin"": ""POR"", ""type"": ""own_conditional_review"", ""tradeable"": null, ""condition"": ""(via MEM)""}, {""year"": ""2028"", ""origin"": ""POR"", ""type"": ""own_conditional_review"", ""tradeable"": null, ""condition"": ""If 1-14 if not already settled with CHI or swap with MIL""}, {""year"": ""2029"", ""origin"": ""WAS"", ""type"": ""incoming"", ""tradeable"": null, ""condition"": ""Two most favorable of BKN, DAL and PHX to HOU then other to BKN""}, {""year"": ""2029"", ""origin"": ""POR"", ""type"": ""own_conditional_review"", ""tradeable"": null, ""condition"": ""Most and least favorable of BOS, MIL and POR to POR then other to WAS (via BOS to POR; via MIL to POR; via POR to WAS)""}, {""year"": ""2029"", ""origin"": ""POR"", ""type"": ""own_conditional_review"", ""tradeable"": null, ""condition"": ""Most and least favorable of BOS, MIL and POR to POR then other to WAS (via BOS to POR; via MIL to POR; via POR to WAS)""}, {""year"": ""2030"", ""origin"": ""MIL POR"", ""type"": ""incoming_swap"", ""tradeable"": null, ""condition"": ""Or swap with POR (via POR swap for MIL)""}, {""year"": ""2030"", ""origin"": ""POR MIL"", ""type"": ""own_conditional_review"", ""tradeable"": null, ""condition"": ""Or swap with MIL""}, {""year"": ""2031"", ""origin"": ""POR"", ""type"": ""own_outright"", ""tradeable"": true, ""condition"": """"}, {""year"": ""2032"", ""origin"": ""POR"", ""type"": ""own_outright"", ""tradeable"": true, ""condition"": """"}, {""year"": ""2033"", ""origin"": ""POR"", ""type"": ""own_outright"", ""tradeable"": true, ""condition"": """"}]",False,False,False,"{""2024-25"": false, ""2025-26"": false, ""2026-27"": false, ""2027-28"": false}",2026-06-17,computed from contracts + constants,
POR,2029-30,base,base case,"{""player_options"": ""counted at value (on books until declined)"", ""team_options"": ""counted at value (exercised) by default; only curated likely-declines (TEAM_OPTION_LIKELY_DECLINED, analyst input) excluded. Amount does not determine intent."", ""nonguaranteed"": ""treated as guaranteed (guarantee dates are Pass-2)"", ""own_free_agents"": ""approx cap hold (prior AAV) in cap basis only; not in apron salary"", ""roster_charges"": ""apron basis filled to 12 at rookie min; cap basis counts holds toward the 12"", ""repeater"": ""taxpayer flag projected forward in future seasons (apron salary > tax line)""}",51207355,0,0,0,0,0,0,0,14976000,66183355,3,3,0,66183355,135948645,135948645,135948645,180050645,189973645,205776645,under_cap,False,False,False,True,False,True,tiered_125,True,True,True,True,True,True,0,0,False,none,,,,3,"[{""year"": ""2027"", ""origin"": ""CHI"", ""type"": ""incoming"", ""tradeable"": null, ""condition"": ""If 15-30 if not already settled""}, {""year"": ""2027"", ""origin"": ""POR"", ""type"": ""own_conditional_review"", ""tradeable"": null, ""condition"": ""If 1-14 if not already settled with CHI""}, {""year"": ""2028"", ""origin"": ""CHI"", ""type"": ""incoming"", ""tradeable"": null, ""condition"": ""If 15-30 if not already settled""}, {""year"": ""2028"", ""origin"": ""MIL POR"", ""type"": ""incoming_swap"", ""tradeable"": null, ""condition"": ""Or swap with POR (via POR swap for MIL)""}, {""year"": ""2028"", ""origin"": ""POR"", ""type"": ""own_conditional_review"", ""tradeable"": null, ""condition"": ""(via MEM)""}, {""year"": ""2028"", ""origin"": ""POR"", ""type"": ""own_conditional_review"", ""tradeable"": null, ""condition"": ""If 1-14 if not already settled with CHI or swap with MIL""}, {""year"": ""2029"", ""origin"": ""WAS"", ""type"": ""incoming"", ""tradeable"": null, ""condition"": ""Two most favorable of BKN, DAL and PHX to HOU then other to BKN""}, {""year"": ""2029"", ""origin"": ""POR"", ""type"": ""own_conditional_review"", ""tradeable"": null, ""condition"": ""Most and least favorable of BOS, MIL and POR to POR then other to WAS (via BOS to POR; via MIL to POR; via POR to WAS)""}, {""year"": ""2029"", ""origin"": ""POR"", ""type"": ""own_conditional_review"", ""tradeable"": null, ""condition"": ""Most and least favorable of BOS, MIL and POR to POR then other to WAS (via BOS to POR; via MIL to POR; via POR to WAS)""}, {""year"": ""2030"", ""origin"": ""MIL POR"", ""type"": ""incoming_swap"", ""tradeable"": null, ""condition"": ""Or swap with POR (via POR swap for MIL)""}, {""year"": ""2030"", ""origin"": ""POR MIL"", ""type"": ""own_conditional_review"", ""tradeable"": null, ""condition"": ""Or swap with MIL""}, {""year"": ""2031"", ""origin"": ""POR"", ""type"": ""own_outright"", ""tradeable"": true, ""condition"": """"}, {""year"": ""2032"", ""origin"": ""POR"", ""type"": ""own_outright"", ""tradeable"": true, ""condition"": """"}, {""year"": ""2033"", ""origin"": ""POR"", ""type"": ""own_outright"", ""tradeable"": true, ""condition"": """"}]",False,False,False,"{""2025-26"": false, ""2026-27"": false, ""2027-28"": false, ""2028-29"": false}",2026-06-17,computed from contracts + constants,
SAC,2026-27,base,base case,"{""player_options"": ""counted at value (on books until declined)"", ""team_options"": ""counted at value (exercised) by default; only curated likely-declines (TEAM_OPTION_LIKELY_DECLINED, analyst input) excluded. Amount does not determine intent."", ""nonguaranteed"": ""treated as guaranteed (guarantee dates are Pass-2)"", ""own_free_agents"": ""approx cap hold (prior AAV) in cap basis only; not in apron salary"", ""roster_charges"": ""apron basis filled to 12 at rookie min; cap basis counts holds toward the 12"", ""repeater"": ""taxpayer flag projected forward in future seasons (apron salary > tax line)""}",145865002,48967380,5158080,0,0,0,0,0,4074000,204064462,9,7,19995494,219985956,0,0,-54985956,-3064462,5035538,17935538,taxpayer,True,True,False,False,True,True,tiered_125,True,True,True,True,True,True,0,0,False,none,,,,5,"[{""year"": ""2027"", ""origin"": ""OKC"", ""type"": ""incoming"", ""tradeable"": null, ""condition"": ""If 17-30 (via SAC)""}, {""year"": ""2027"", ""origin"": ""SAC"", ""type"": ""own_outright"", ""tradeable"": false, ""condition"": """"}, {""year"": ""2028"", ""origin"": ""SAC"", ""type"": ""own_outright"", ""tradeable"": true, ""condition"": """"}, {""year"": ""2029"", ""origin"": ""SAC"", ""type"": ""own_outright"", ""tradeable"": true, ""condition"": """"}, {""year"": ""2030"", ""origin"": ""SAC"", ""type"": ""own_outright"", ""tradeable"": true, ""condition"": """"}, {""year"": ""2031"", ""origin"": ""SAS SAC"", ""type"": ""incoming_swap"", ""tradeable"": null, ""condition"": ""Or swap for SAC""}, {""year"": ""2031"", ""origin"": ""SAC"", ""type"": ""own_conditional_review"", ""tradeable"": null, ""condition"": ""(via SAS)""}, {""year"": ""2031"", ""origin"": ""SAC SAS"", ""type"": ""own_conditional_review"", ""tradeable"": null, ""condition"": ""Or swap with SAS (via SAS swap for SAC)""}, {""year"": ""2032"", ""origin"": ""SAC"", ""type"": ""own_outright"", ""tradeable"": true, ""condition"": """"}, {""year"": ""2033"", ""origin"": ""SAC"", ""type"": ""own_outright"", ""tradeable"": true, ""condition"": """"}]",False,True,False,"{""2022-23"": false, ""2023-24"": false, ""2024-25"": false, ""2025-26"": false}",2026-06-17,computed from contracts + constants,
SAC,2027-28,base,base case,"{""player_options"": ""counted at value (on books until declined)"", ""team_options"": ""counted at value (exercised) by default; only curated likely-declines (TEAM_OPTION_LIKELY_DECLINED, analyst input) excluded. Amount does not determine intent."", ""nonguaranteed"": ""treated as guaranteed (guarantee dates are Pass-2)"", ""own_free_agents"": ""approx cap hold (prior AAV) in cap basis only; not in apron salary"", ""roster_charges"": ""apron basis filled to 12 at rookie min; cap basis counts holds toward the 12"", ""repeater"": ""taxpayer flag projected forward in future seasons (apron salary > tax line)""}",74676965,21582451,13315598,0,0,0,0,0,8718000,118293014,6,2,0,118293014,58256986,58256986,58256986,96776986,105443986,119246986,under_cap,False,False,False,True,False,True,tiered_125,True,True,True,True,True,True,0,0,False,none,,,,5,"[{""year"": ""2027"", ""origin"": ""OKC"", ""type"": ""incoming"", ""tradeable"": null, ""condition"": ""If 17-30 (via SAC)""}, {""year"": ""2027"", ""origin"": ""SAC"", ""type"": ""own_outright"", ""tradeable"": false, ""condition"": """"}, {""year"": ""2028"", ""origin"": ""SAC"", ""type"": ""own_outright"", ""tradeable"": true, ""condition"": """"}, {""year"": ""2029"", ""origin"": ""SAC"", ""type"": ""own_outright"", ""tradeable"": true, ""condition"": """"}, {""year"": ""2030"", ""origin"": ""SAC"", ""type"": ""own_outright"", ""tradeable"": true, ""condition"": """"}, {""year"": ""2031"", ""origin"": ""SAS SAC"", ""type"": ""incoming_swap"", ""tradeable"": null, ""condition"": ""Or swap for SAC""}, {""year"": ""2031"", ""origin"": ""SAC"", ""type"": ""own_conditional_review"", ""tradeable"": null, ""condition"": ""(via SAS)""}, {""year"": ""2031"", ""origin"": ""SAC SAS"", ""type"": ""own_conditional_review"", ""tradeable"": null, ""condition"": ""Or swap with SAS (via SAS swap for SAC)""}, {""year"": ""2032"", ""origin"": ""SAC"", ""type"": ""own_outright"", ""tradeable"": true, ""condition"": """"}, {""year"": ""2033"", ""origin"": ""SAC"", ""type"": ""own_outright"", ""tradeable"": true, ""condition"": """"}]",False,False,False,"{""2023-24"": false, ""2024-25"": false, ""2025-26"": false, ""2026-27"": true}",2026-06-17,computed from contracts + constants,
SAC,2028-29,base,base case,"{""player_options"": ""counted at value (on books until declined)"", ""team_options"": ""counted at value (exercised) by default; only curated likely-declines (TEAM_OPTION_LIKELY_DECLINED, analyst input) excluded. Amount does not determine intent."", ""nonguaranteed"": ""treated as guaranteed (guarantee dates are Pass-2)"", ""own_free_agents"": ""approx cap hold (prior AAV) in cap basis only; not in apron salary"", ""roster_charges"": ""apron basis filled to 12 at rookie min; cap basis counts holds toward the 12"", ""repeater"": ""taxpayer flag projected forward in future seasons (apron salary > tax line)""}",27999999,0,5979481,0,0,0,0,0,15550000,49529480,2,1,0,49529480,139378520,139378520,139378520,180595520,189869520,204638520,under_cap,False,False,False,True,False,True,tiered_125,True,True,True,True,True,True,0,0,False,none,,,,5,"[{""year"": ""2027"", ""origin"": ""OKC"", ""type"": ""incoming"", ""tradeable"": null, ""condition"": ""If 17-30 (via SAC)""}, {""year"": ""2027"", ""origin"": ""SAC"", ""type"": ""own_outright"", ""tradeable"": false, ""condition"": """"}, {""year"": ""2028"", ""origin"": ""SAC"", ""type"": ""own_outright"", ""tradeable"": true, ""condition"": """"}, {""year"": ""2029"", ""origin"": ""SAC"", ""type"": ""own_outright"", ""tradeable"": true, ""condition"": """"}, {""year"": ""2030"", ""origin"": ""SAC"", ""type"": ""own_outright"", ""tradeable"": true, ""condition"": """"}, {""year"": ""2031"", ""origin"": ""SAS SAC"", ""type"": ""incoming_swap"", ""tradeable"": null, ""condition"": ""Or swap for SAC""}, {""year"": ""2031"", ""origin"": ""SAC"", ""type"": ""own_conditional_review"", ""tradeable"": null, ""condition"": ""(via SAS)""}, {""year"": ""2031"", ""origin"": ""SAC SAS"", ""type"": ""own_conditional_review"", ""tradeable"": null, ""condition"": ""Or swap with SAS (via SAS swap for SAC)""}, {""year"": ""2032"", ""origin"": ""SAC"", ""type"": ""own_outright"", ""tradeable"": true, ""condition"": """"}, {""year"": ""2033"", ""origin"": ""SAC"", ""type"": ""own_outright"", ""tradeable"": true, ""condition"": """"}]",False,False,False,"{""2024-25"": false, ""2025-26"": false, ""2026-27"": true, ""2027-28"": false}",2026-06-17,computed from contracts + constants,
SAC,2029-30,base,base case,"{""player_options"": ""counted at value (on books until declined)"", ""team_options"": ""counted at value (exercised) by default; only curated likely-declines (TEAM_OPTION_LIKELY_DECLINED, analyst input) excluded. Amount does not determine intent."", ""nonguaranteed"": ""treated as guaranteed (guarantee dates are Pass-2)"", ""own_free_agents"": ""approx cap hold (prior AAV) in cap basis only; not in apron salary"", ""roster_charges"": ""apron basis filled to 12 at rookie min; cap basis counts holds toward the 12"", ""repeater"": ""taxpayer flag projected forward in future seasons (apron salary > tax line)""}",29931033,0,0,0,0,0,0,0,18304000,48235033,1,1,0,48235033,153896967,153896967,153896967,197998967,207921967,223724967,under_cap,False,False,False,True,False,True,tiered_125,True,True,True,True,True,True,0,0,False,none,,,,5,"[{""year"": ""2027"", ""origin"": ""OKC"", ""type"": ""incoming"", ""tradeable"": null, ""condition"": ""If 17-30 (via SAC)""}, {""year"": ""2027"", ""origin"": ""SAC"", ""type"": ""own_outright"", ""tradeable"": false, ""condition"": """"}, {""year"": ""2028"", ""origin"": ""SAC"", ""type"": ""own_outright"", ""tradeable"": true, ""condition"": """"}, {""year"": ""2029"", ""origin"": ""SAC"", ""type"": ""own_outright"", ""tradeable"": true, ""condition"": """"}, {""year"": ""2030"", ""origin"": ""SAC"", ""type"": ""own_outright"", ""tradeable"": true, ""condition"": """"}, {""year"": ""2031"", ""origin"": ""SAS SAC"", ""type"": ""incoming_swap"", ""tradeable"": null, ""condition"": ""Or swap for SAC""}, {""year"": ""2031"", ""origin"": ""SAC"", ""type"": ""own_conditional_review"", ""tradeable"": null, ""condition"": ""(via SAS)""}, {""year"": ""2031"", ""origin"": ""SAC SAS"", ""type"": ""own_conditional_review"", ""tradeable"": null, ""condition"": ""Or swap with SAS (via SAS swap for SAC)""}, {""year"": ""2032"", ""origin"": ""SAC"", ""type"": ""own_outright"", ""tradeable"": true, ""condition"": """"}, {""year"": ""2033"", ""origin"": ""SAC"", ""type"": ""own_outright"", ""tradeable"": true, ""condition"": """"}]",False,False,False,"{""2025-26"": false, ""2026-27"": true, ""2027-28"": false, ""2028-29"": false}",2026-06-17,computed from contracts + constants,
SAS,2026-27,base,base case,"{""player_options"": ""counted at value (on books until declined)"", ""team_options"": ""counted at value (exercised) by default; only curated likely-declines (TEAM_OPTION_LIKELY_DECLINED, analyst input) excluded. Amount does not determine intent."", ""nonguaranteed"": ""treated as guaranteed (guarantee dates are Pass-2)"", ""own_free_agents"": ""approx cap hold (prior AAV) in cap basis only; not in apron salary"", ""roster_charges"": ""apron basis filled to 12 at rookie min; cap basis counts holds toward the 12"", ""repeater"": ""taxpayer flag projected forward in future seasons (apron salary > tax line)""}",122884400,0,29884166,0,0,0,0,0,4074000,156842566,9,6,41034919,193803485,0,8157434,-28803485,44157434,52257434,65157434,over_cap_under_tax,False,True,False,False,True,True,tiered_125,True,True,True,True,True,True,0,0,False,none,,,,3,"[{""year"": ""2027"", ""origin"": ""OKC"", ""type"": ""incoming"", ""tradeable"": null, ""condition"": ""If 17-30 (via SAC)""}, {""year"": ""2027"", ""origin"": ""SAS"", ""type"": ""own_outright"", ""tradeable"": false, ""condition"": """"}, {""year"": ""2028"", ""origin"": ""BOS"", ""type"": ""incoming"", ""tradeable"": null, ""condition"": ""If 1""}, {""year"": ""2028"", ""origin"": ""SAS BOS"", ""type"": ""own_conditional_review"", ""tradeable"": null, ""condition"": ""Or swap 2-30 with SAS (via SAS swap for BOS)""}, {""year"": ""2028"", ""origin"": ""SAS BOS"", ""type"": ""own_conditional_review"", ""tradeable"": null, ""condition"": ""Or swap with BOS 2-30 (via SAS swap for BOS)""}, {""year"": ""2029"", ""origin"": ""SAS"", ""type"": ""own_outright"", ""tradeable"": true, ""condition"": """"}, {""year"": ""2030"", ""origin"": ""DAL SAS"", ""type"": ""incoming_swap"", ""tradeable"": null, ""condition"": ""Least favorable of DAL and SAS (via SAN swap for DAL)""}, {""year"": ""2030"", ""origin"": ""SAS"", ""type"": ""own_conditional_review"", ""tradeable"": null, ""condition"": ""Most favorable of SAS, DAL and MIN 2-30 (via SAN swap for DAL; via SAN swap of SAN or DAL for MIN)""}, {""year"": ""2031"", ""origin"": ""SAC SAS"", ""type"": ""incoming_swap"", ""tradeable"": null, ""condition"": ""Or swap with SAS (via SAS swap for SAC)""}, {""year"": ""2031"", ""origin"": ""SAS SAC"", ""type"": ""own_conditional_review"", ""tradeable"": null, ""condition"": ""Or swap for SAC""}, {""year"": ""2032"", ""origin"": ""SAS"", ""type"": ""own_outright"", ""tradeable"": true, ""condition"": """"}, {""year"": ""2033"", ""origin"": ""SAS"", ""type"": ""own_outright"", ""tradeable"": true, ""condition"": """"}]",False,False,False,"{""2022-23"": false, ""2023-24"": false, ""2024-25"": false, ""2025-26"": false}",2026-06-17,computed from contracts + constants,
SAS,2027-28,base,base case,"{""player_options"": ""counted at value (on books until declined)"", ""team_options"": ""counted at value (exercised) by default; only curated likely-declines (TEAM_OPTION_LIKELY_DECLINED, analyst input) excluded. Amount does not determine intent."", ""nonguaranteed"": ""treated as guaranteed (guarantee dates are Pass-2)"", ""own_free_agents"": ""approx cap hold (prior AAV) in cap basis only; not in apron salary"", ""roster_charges"": ""apron basis filled to 12 at rookie min; cap basis counts holds toward the 12"", ""repeater"": ""taxpayer flag projected forward in future seasons (apron salary > tax line)""}",88336174,0,31668539,0,0,0,0,0,8718000,128722713,6,3,0,128722713,47827287,47827287,47827287,86347287,95014287,108817287,under_cap,False,False,False,True,False,True,tiered_125,True,True,True,True,True,True,0,0,False,none,,,,3,"[{""year"": ""2027"", ""origin"": ""OKC"", ""type"": ""incoming"", ""tradeable"": null, ""condition"": ""If 17-30 (via SAC)""}, {""year"": ""2027"", ""origin"": ""SAS"", ""type"": ""own_outright"", ""tradeable"": false, ""condition"": """"}, {""year"": ""2028"", ""origin"": ""BOS"", ""type"": ""incoming"", ""tradeable"": null, ""condition"": ""If 1""}, {""year"": ""2028"", ""origin"": ""SAS BOS"", ""type"": ""own_conditional_review"", ""tradeable"": null, ""condition"": ""Or swap 2-30 with SAS (via SAS swap for BOS)""}, {""year"": ""2028"", ""origin"": ""SAS BOS"", ""type"": ""own_conditional_review"", ""tradeable"": null, ""condition"": ""Or swap with BOS 2-30 (via SAS swap for BOS)""}, {""year"": ""2029"", ""origin"": ""SAS"", ""type"": ""own_outright"", ""tradeable"": true, ""condition"": """"}, {""year"": ""2030"", ""origin"": ""DAL SAS"", ""type"": ""incoming_swap"", ""tradeable"": null, ""condition"": ""Least favorable of DAL and SAS (via SAN swap for DAL)""}, {""year"": ""2030"", ""origin"": ""SAS"", ""type"": ""own_conditional_review"", ""tradeable"": null, ""condition"": ""Most favorable of SAS, DAL and MIN 2-30 (via SAN swap for DAL; via SAN swap of SAN or DAL for MIN)""}, {""year"": ""2031"", ""origin"": ""SAC SAS"", ""type"": ""incoming_swap"", ""tradeable"": null, ""condition"": ""Or swap with SAS (via SAS swap for SAC)""}, {""year"": ""2031"", ""origin"": ""SAS SAC"", ""type"": ""own_conditional_review"", ""tradeable"": null, ""condition"": ""Or swap for SAC""}, {""year"": ""2032"", ""origin"": ""SAS"", ""type"": ""own_outright"", ""tradeable"": true, ""condition"": """"}, {""year"": ""2033"", ""origin"": ""SAS"", ""type"": ""own_outright"", ""tradeable"": true, ""condition"": """"}]",False,False,False,"{""2023-24"": false, ""2024-25"": false, ""2025-26"": false, ""2026-27"": false}",2026-06-17,computed from contracts + constants,
SAS,2028-29,base,base case,"{""player_options"": ""counted at value (on books until declined)"", ""team_options"": ""counted at value (exercised) by default; only curated likely-declines (TEAM_OPTION_LIKELY_DECLINED, analyst input) excluded. Amount does not determine intent."", ""nonguaranteed"": ""treated as guaranteed (guarantee dates are Pass-2)"", ""own_free_agents"": ""approx cap hold (prior AAV) in cap basis only; not in apron salary"", ""roster_charges"": ""apron basis filled to 12 at rookie min; cap basis counts holds toward the 12"", ""repeater"": ""taxpayer flag projected forward in future seasons (apron salary > tax line)""}",84768000,0,34506533,0,0,0,0,0,10885000,130159533,5,2,0,130159533,58748467,58748467,58748467,99965467,109239467,124008467,under_cap,False,False,False,True,False,True,tiered_125,True,True,True,True,True,True,0,0,False,none,,,,3,"[{""year"": ""2027"", ""origin"": ""OKC"", ""type"": ""incoming"", ""tradeable"": null, ""condition"": ""If 17-30 (via SAC)""}, {""year"": ""2027"", ""origin"": ""SAS"", ""type"": ""own_outright"", ""tradeable"": false, ""condition"": """"}, {""year"": ""2028"", ""origin"": ""BOS"", ""type"": ""incoming"", ""tradeable"": null, ""condition"": ""If 1""}, {""year"": ""2028"", ""origin"": ""SAS BOS"", ""type"": ""own_conditional_review"", ""tradeable"": null, ""condition"": ""Or swap 2-30 with SAS (via SAS swap for BOS)""}, {""year"": ""2028"", ""origin"": ""SAS BOS"", ""type"": ""own_conditional_review"", ""tradeable"": null, ""condition"": ""Or swap with BOS 2-30 (via SAS swap for BOS)""}, {""year"": ""2029"", ""origin"": ""SAS"", ""type"": ""own_outright"", ""tradeable"": true, ""condition"": """"}, {""year"": ""2030"", ""origin"": ""DAL SAS"", ""type"": ""incoming_swap"", ""tradeable"": null, ""condition"": ""Least favorable of DAL and SAS (via SAN swap for DAL)""}, {""year"": ""2030"", ""origin"": ""SAS"", ""type"": ""own_conditional_review"", ""tradeable"": null, ""condition"": ""Most favorable of SAS, DAL and MIN 2-30 (via SAN swap for DAL; via SAN swap of SAN or DAL for MIN)""}, {""year"": ""2031"", ""origin"": ""SAC SAS"", ""type"": ""incoming_swap"", ""tradeable"": null, ""condition"": ""Or swap with SAS (via SAS swap for SAC)""}, {""year"": ""2031"", ""origin"": ""SAS SAC"", ""type"": ""own_conditional_review"", ""tradeable"": null, ""condition"": ""Or swap for SAC""}, {""year"": ""2032"", ""origin"": ""SAS"", ""type"": ""own_outright"", ""tradeable"": true, ""condition"": """"}, {""year"": ""2033"", ""origin"": ""SAS"", ""type"": ""own_outright"", ""tradeable"": true, ""condition"": """"}]",False,False,False,"{""2024-25"": false, ""2025-26"": false, ""2026-27"": false, ""2027-28"": false}",2026-06-17,computed from contracts + constants,
SAS,2029-30,base,base case,"{""player_options"": ""counted at value (on books until declined)"", ""team_options"": ""counted at value (exercised) by default; only curated likely-declines (TEAM_OPTION_LIKELY_DECLINED, analyst input) excluded. Amount does not determine intent."", ""nonguaranteed"": ""treated as guaranteed (guarantee dates are Pass-2)"", ""own_free_agents"": ""approx cap hold (prior AAV) in cap basis only; not in apron salary"", ""roster_charges"": ""apron basis filled to 12 at rookie min; cap basis counts holds toward the 12"", ""repeater"": ""taxpayer flag projected forward in future seasons (apron salary > tax line)""}",61752000,0,0,0,0,0,0,0,18304000,80056000,1,1,0,80056000,122076000,122076000,122076000,166178000,176101000,191904000,under_cap,False,False,False,True,False,True,tiered_125,True,True,True,True,True,True,0,0,False,none,,,,3,"[{""year"": ""2027"", ""origin"": ""OKC"", ""type"": ""incoming"", ""tradeable"": null, ""condition"": ""If 17-30 (via SAC)""}, {""year"": ""2027"", ""origin"": ""SAS"", ""type"": ""own_outright"", ""tradeable"": false, ""condition"": """"}, {""year"": ""2028"", ""origin"": ""BOS"", ""type"": ""incoming"", ""tradeable"": null, ""condition"": ""If 1""}, {""year"": ""2028"", ""origin"": ""SAS BOS"", ""type"": ""own_conditional_review"", ""tradeable"": null, ""condition"": ""Or swap 2-30 with SAS (via SAS swap for BOS)""}, {""year"": ""2028"", ""origin"": ""SAS BOS"", ""type"": ""own_conditional_review"", ""tradeable"": null, ""condition"": ""Or swap with BOS 2-30 (via SAS swap for BOS)""}, {""year"": ""2029"", ""origin"": ""SAS"", ""type"": ""own_outright"", ""tradeable"": true, ""condition"": """"}, {""year"": ""2030"", ""origin"": ""DAL SAS"", ""type"": ""incoming_swap"", ""tradeable"": null, ""condition"": ""Least favorable of DAL and SAS (via SAN swap for DAL)""}, {""year"": ""2030"", ""origin"": ""SAS"", ""type"": ""own_conditional_review"", ""tradeable"": null, ""condition"": ""Most favorable of SAS, DAL and MIN 2-30 (via SAN swap for DAL; via SAN swap of SAN or DAL for MIN)""}, {""year"": ""2031"", ""origin"": ""SAC SAS"", ""type"": ""incoming_swap"", ""tradeable"": null, ""condition"": ""Or swap with SAS (via SAS swap for SAC)""}, {""year"": ""2031"", ""origin"": ""SAS SAC"", ""type"": ""own_conditional_review"", ""tradeable"": null, ""condition"": ""Or swap for SAC""}, {""year"": ""2032"", ""origin"": ""SAS"", ""type"": ""own_outright"", ""tradeable"": true, ""condition"": """"}, {""year"": ""2033"", ""origin"": ""SAS"", ""type"": ""own_outright"", ""tradeable"": true, ""condition"": """"}]",False,False,False,"{""2025-26"": false, ""2026-27"": false, ""2027-28"": false, ""2028-29"": false}",2026-06-17,computed from contracts + constants,
TOR,2026-27,base,base case,"{""player_options"": ""counted at value (on books until declined)"", ""team_options"": ""counted at value (exercised) by default; only curated likely-declines (TEAM_OPTION_LIKELY_DECLINED, analyst input) excluded. Amount does not determine intent."", ""nonguaranteed"": ""treated as guaranteed (guarantee dates are Pass-2)"", ""own_free_agents"": ""approx cap hold (prior AAV) in cap basis only; not in apron salary"", ""roster_charges"": ""apron basis filled to 12 at rookie min; cap basis counts holds toward the 12"", ""repeater"": ""taxpayer flag projected forward in future seasons (apron salary > tax line)""}",152816592,22301346,17942058,0,0,0,0,0,0,193059996,13,6,5699467,198759463,0,0,-33759463,7940004,16040004,28940004,over_cap_under_tax,False,True,False,False,True,True,tiered_125,True,True,True,True,True,True,0,0,False,none,,,,6,"[{""year"": ""2027"", ""origin"": ""TOR"", ""type"": ""own_outright"", ""tradeable"": false, ""condition"": """"}, {""year"": ""2028"", ""origin"": ""TOR"", ""type"": ""own_outright"", ""tradeable"": true, ""condition"": """"}, {""year"": ""2029"", ""origin"": ""TOR"", ""type"": ""own_outright"", ""tradeable"": true, ""condition"": """"}, {""year"": ""2030"", ""origin"": ""TOR"", ""type"": ""own_outright"", ""tradeable"": true, ""condition"": """"}, {""year"": ""2031"", ""origin"": ""TOR"", ""type"": ""own_outright"", ""tradeable"": true, ""condition"": """"}, {""year"": ""2032"", ""origin"": ""TOR"", ""type"": ""own_outright"", ""tradeable"": true, ""condition"": """"}, {""year"": ""2033"", ""origin"": ""TOR"", ""type"": ""own_outright"", ""tradeable"": true, ""condition"": """"}]",False,False,False,"{""2022-23"": false, ""2023-24"": false, ""2024-25"": false, ""2025-26"": false}",2026-06-17,computed from contracts + constants,
TOR,2027-28,base,base case,"{""player_options"": ""counted at value (on books until declined)"", ""team_options"": ""counted at value (exercised) by default; only curated likely-declines (TEAM_OPTION_LIKELY_DECLINED, analyst input) excluded. Amount does not determine intent."", ""nonguaranteed"": ""treated as guaranteed (guarantee dates are Pass-2)"", ""own_free_agents"": ""approx cap hold (prior AAV) in cap basis only; not in apron salary"", ""roster_charges"": ""apron basis filled to 12 at rookie min; cap basis counts holds toward the 12"", ""repeater"": ""taxpayer flag projected forward in future seasons (apron salary > tax line)""}",104647630,41904762,12836172,0,0,0,0,0,8718000,168106564,6,3,0,168106564,8443436,8443436,8443436,46963436,55630436,69433436,under_cap,False,False,False,True,False,True,tiered_125,True,True,True,True,True,True,0,0,False,none,,,,6,"[{""year"": ""2027"", ""origin"": ""TOR"", ""type"": ""own_outright"", ""tradeable"": false, ""condition"": """"}, {""year"": ""2028"", ""origin"": ""TOR"", ""type"": ""own_outright"", ""tradeable"": true, ""condition"": """"}, {""year"": ""2029"", ""origin"": ""TOR"", ""type"": ""own_outright"", ""tradeable"": true, ""condition"": """"}, {""year"": ""2030"", ""origin"": ""TOR"", ""type"": ""own_outright"", ""tradeable"": true, ""condition"": """"}, {""year"": ""2031"", ""origin"": ""TOR"", ""type"": ""own_outright"", ""tradeable"": true, ""condition"": """"}, {""year"": ""2032"", ""origin"": ""TOR"", ""type"": ""own_outright"", ""tradeable"": true, ""condition"": """"}, {""year"": ""2033"", ""origin"": ""TOR"", ""type"": ""own_outright"", ""tradeable"": true, ""condition"": """"}]",False,False,False,"{""2023-24"": false, ""2024-25"": false, ""2025-26"": false, ""2026-27"": false}",2026-06-17,computed from contracts + constants,
TOR,2028-29,base,base case,"{""player_options"": ""counted at value (on books until declined)"", ""team_options"": ""counted at value (exercised) by default; only curated likely-declines (TEAM_OPTION_LIKELY_DECLINED, analyst input) excluded. Amount does not determine intent."", ""nonguaranteed"": ""treated as guaranteed (guarantee dates are Pass-2)"", ""own_free_agents"": ""approx cap hold (prior AAV) in cap basis only; not in apron salary"", ""roster_charges"": ""apron basis filled to 12 at rookie min; cap basis counts holds toward the 12"", ""repeater"": ""taxpayer flag projected forward in future seasons (apron salary > tax line)""}",109924570,0,8874684,0,0,0,0,0,12440000,131239254,4,3,0,131239254,57668746,57668746,57668746,98885746,108159746,122928746,under_cap,False,False,False,True,False,True,tiered_125,True,True,True,True,True,True,0,0,False,none,,,,6,"[{""year"": ""2027"", ""origin"": ""TOR"", ""type"": ""own_outright"", ""tradeable"": false, ""condition"": """"}, {""year"": ""2028"", ""origin"": ""TOR"", ""type"": ""own_outright"", ""tradeable"": true, ""condition"": """"}, {""year"": ""2029"", ""origin"": ""TOR"", ""type"": ""own_outright"", ""tradeable"": true, ""condition"": """"}, {""year"": ""2030"", ""origin"": ""TOR"", ""type"": ""own_outright"", ""tradeable"": true, ""condition"": """"}, {""year"": ""2031"", ""origin"": ""TOR"", ""type"": ""own_outright"", ""tradeable"": true, ""condition"": """"}, {""year"": ""2032"", ""origin"": ""TOR"", ""type"": ""own_outright"", ""tradeable"": true, ""condition"": """"}, {""year"": ""2033"", ""origin"": ""TOR"", ""type"": ""own_outright"", ""tradeable"": true, ""condition"": """"}]",False,False,False,"{""2024-25"": false, ""2025-26"": false, ""2026-27"": false, ""2027-28"": false}",2026-06-17,computed from contracts + constants,
TOR,2029-30,base,base case,"{""player_options"": ""counted at value (on books until declined)"", ""team_options"": ""counted at value (exercised) by default; only curated likely-declines (TEAM_OPTION_LIKELY_DECLINED, analyst input) excluded. Amount does not determine intent."", ""nonguaranteed"": ""treated as guaranteed (guarantee dates are Pass-2)"", ""own_free_agents"": ""approx cap hold (prior AAV) in cap basis only; not in apron salary"", ""roster_charges"": ""apron basis filled to 12 at rookie min; cap basis counts holds toward the 12"", ""repeater"": ""taxpayer flag projected forward in future seasons (apron salary > tax line)""}",78333510,0,0,0,0,0,0,0,16640000,94973510,2,2,0,94973510,107158490,107158490,107158490,151260490,161183490,176986490,under_cap,False,False,False,True,False,True,tiered_125,True,True,True,True,True,True,0,0,False,none,,,,6,"[{""year"": ""2027"", ""origin"": ""TOR"", ""type"": ""own_outright"", ""tradeable"": false, ""condition"": """"}, {""year"": ""2028"", ""origin"": ""TOR"", ""type"": ""own_outright"", ""tradeable"": true, ""condition"": """"}, {""year"": ""2029"", ""origin"": ""TOR"", ""type"": ""own_outright"", ""tradeable"": true, ""condition"": """"}, {""year"": ""2030"", ""origin"": ""TOR"", ""type"": ""own_outright"", ""tradeable"": true, ""condition"": """"}, {""year"": ""2031"", ""origin"": ""TOR"", ""type"": ""own_outright"", ""tradeable"": true, ""condition"": """"}, {""year"": ""2032"", ""origin"": ""TOR"", ""type"": ""own_outright"", ""tradeable"": true, ""condition"": """"}, {""year"": ""2033"", ""origin"": ""TOR"", ""type"": ""own_outright"", ""tradeable"": true, ""condition"": """"}]",False,False,False,"{""2025-26"": false, ""2026-27"": false, ""2027-28"": false, ""2028-29"": false}",2026-06-17,computed from contracts + constants,
UTA,2026-27,base,base case,"{""player_options"": ""counted at value (on books until declined)"", ""team_options"": ""counted at value (exercised) by default; only curated likely-declines (TEAM_OPTION_LIKELY_DECLINED, analyst input) excluded. Amount does not determine intent."", ""nonguaranteed"": ""treated as guaranteed (guarantee dates are Pass-2)"", ""own_free_agents"": ""approx cap hold (prior AAV) in cap basis only; not in apron salary"", ""roster_charges"": ""apron basis filled to 12 at rookie min; cap basis counts holds toward the 12"", ""repeater"": ""taxpayer flag projected forward in future seasons (apron salary > tax line)""}",117651234,0,20205722,0,0,0,0,0,2716000,140572956,10,6,24843105,162700061,2299939,24427044,2299939,60427044,68527044,81427044,under_cap,False,False,False,True,False,True,tiered_125,True,True,True,True,True,True,2215000,2215000,False,none,,,,4,"[{""year"": ""2027"", ""origin"": ""MEM"", ""type"": ""incoming"", ""tradeable"": null, ""condition"": ""Most favorable of CLE, MIN and UTA then others to PHX and UTA (via UTA)""}, {""year"": ""2027"", ""origin"": ""UTA"", ""type"": ""own_conditional_review"", ""tradeable"": null, ""condition"": ""Two most favorable of CLE, MIN and UTA then other to PHX""}, {""year"": ""2028"", ""origin"": ""UTA CLE"", ""type"": ""own_conditional_review"", ""tradeable"": null, ""condition"": ""Or swap with CLE""}, {""year"": ""2029"", ""origin"": ""MIN"", ""type"": ""incoming"", ""tradeable"": null, ""condition"": ""If 1-5""}, {""year"": ""2029"", ""origin"": ""UTA"", ""type"": ""own_conditional_review"", ""tradeable"": null, ""condition"": ""If 6-30 then two most favorable of CLE, MIN 6-30 and UTA then other to PHX""}, {""year"": ""2029"", ""origin"": ""UTA"", ""type"": ""own_conditional_review"", ""tradeable"": null, ""condition"": ""Two most favorable of CLE, MIN 6-30 and UTA then other to CHA""}, {""year"": ""2030"", ""origin"": ""UTA"", ""type"": ""own_outright"", ""tradeable"": true, ""condition"": """"}, {""year"": ""2031"", ""origin"": ""UTA"", ""type"": ""own_outright"", ""tradeable"": true, ""condition"": """"}, {""year"": ""2032"", ""origin"": ""UTA"", ""type"": ""own_outright"", ""tradeable"": true, ""condition"": """"}, {""year"": ""2033"", ""origin"": ""UTA"", ""type"": ""own_outright"", ""tradeable"": true, ""condition"": """"}]",False,False,False,"{""2022-23"": false, ""2023-24"": false, ""2024-25"": false, ""2025-26"": false}",2026-06-17,computed from contracts + constants,
UTA,2027-28,base,base case,"{""player_options"": ""counted at value (on books until declined)"", ""team_options"": ""counted at value (exercised) by default; only curated likely-declines (TEAM_OPTION_LIKELY_DECLINED, analyst input) excluded. Amount does not determine intent."", ""nonguaranteed"": ""treated as guaranteed (guarantee dates are Pass-2)"", ""own_free_agents"": ""approx cap hold (prior AAV) in cap basis only; not in apron salary"", ""roster_charges"": ""apron basis filled to 12 at rookie min; cap basis counts holds toward the 12"", ""repeater"": ""taxpayer flag projected forward in future seasons (apron salary > tax line)""}",100324681,0,29660398,0,0,0,0,0,7265000,137250079,7,2,0,137250079,39299921,39299921,39299921,77819921,86486921,100289921,under_cap,False,False,False,True,False,True,tiered_125,True,True,True,True,True,True,0,0,False,none,,,,4,"[{""year"": ""2027"", ""origin"": ""MEM"", ""type"": ""incoming"", ""tradeable"": null, ""condition"": ""Most favorable of CLE, MIN and UTA then others to PHX and UTA (via UTA)""}, {""year"": ""2027"", ""origin"": ""UTA"", ""type"": ""own_conditional_review"", ""tradeable"": null, ""condition"": ""Two most favorable of CLE, MIN and UTA then other to PHX""}, {""year"": ""2028"", ""origin"": ""UTA CLE"", ""type"": ""own_conditional_review"", ""tradeable"": null, ""condition"": ""Or swap with CLE""}, {""year"": ""2029"", ""origin"": ""MIN"", ""type"": ""incoming"", ""tradeable"": null, ""condition"": ""If 1-5""}, {""year"": ""2029"", ""origin"": ""UTA"", ""type"": ""own_conditional_review"", ""tradeable"": null, ""condition"": ""If 6-30 then two most favorable of CLE, MIN 6-30 and UTA then other to PHX""}, {""year"": ""2029"", ""origin"": ""UTA"", ""type"": ""own_conditional_review"", ""tradeable"": null, ""condition"": ""Two most favorable of CLE, MIN 6-30 and UTA then other to CHA""}, {""year"": ""2030"", ""origin"": ""UTA"", ""type"": ""own_outright"", ""tradeable"": true, ""condition"": """"}, {""year"": ""2031"", ""origin"": ""UTA"", ""type"": ""own_outright"", ""tradeable"": true, ""condition"": """"}, {""year"": ""2032"", ""origin"": ""UTA"", ""type"": ""own_outright"", ""tradeable"": true, ""condition"": """"}, {""year"": ""2033"", ""origin"": ""UTA"", ""type"": ""own_outright"", ""tradeable"": true, ""condition"": """"}]",False,False,False,"{""2023-24"": false, ""2024-25"": false, ""2025-26"": false, ""2026-27"": false}",2026-06-17,computed from contracts + constants,
UTA,2028-29,base,base case,"{""player_options"": ""counted at value (on books until declined)"", ""team_options"": ""counted at value (exercised) by default; only curated likely-declines (TEAM_OPTION_LIKELY_DECLINED, analyst input) excluded. Amount does not determine intent."", ""nonguaranteed"": ""treated as guaranteed (guarantee dates are Pass-2)"", ""own_free_agents"": ""approx cap hold (prior AAV) in cap basis only; not in apron salary"", ""roster_charges"": ""apron basis filled to 12 at rookie min; cap basis counts holds toward the 12"", ""repeater"": ""taxpayer flag projected forward in future seasons (apron salary > tax line)""}",105536209,0,12640302,0,0,0,0,0,13995000,132171511,3,2,0,132171511,56736489,56736489,56736489,97953489,107227489,121996489,under_cap,False,False,False,True,False,True,tiered_125,True,True,True,True,True,True,0,0,False,none,,,,4,"[{""year"": ""2027"", ""origin"": ""MEM"", ""type"": ""incoming"", ""tradeable"": null, ""condition"": ""Most favorable of CLE, MIN and UTA then others to PHX and UTA (via UTA)""}, {""year"": ""2027"", ""origin"": ""UTA"", ""type"": ""own_conditional_review"", ""tradeable"": null, ""condition"": ""Two most favorable of CLE, MIN and UTA then other to PHX""}, {""year"": ""2028"", ""origin"": ""UTA CLE"", ""type"": ""own_conditional_review"", ""tradeable"": null, ""condition"": ""Or swap with CLE""}, {""year"": ""2029"", ""origin"": ""MIN"", ""type"": ""incoming"", ""tradeable"": null, ""condition"": ""If 1-5""}, {""year"": ""2029"", ""origin"": ""UTA"", ""type"": ""own_conditional_review"", ""tradeable"": null, ""condition"": ""If 6-30 then two most favorable of CLE, MIN 6-30 and UTA then other to PHX""}, {""year"": ""2029"", ""origin"": ""UTA"", ""type"": ""own_conditional_review"", ""tradeable"": null, ""condition"": ""Two most favorable of CLE, MIN 6-30 and UTA then other to CHA""}, {""year"": ""2030"", ""origin"": ""UTA"", ""type"": ""own_outright"", ""tradeable"": true, ""condition"": """"}, {""year"": ""2031"", ""origin"": ""UTA"", ""type"": ""own_outright"", ""tradeable"": true, ""condition"": """"}, {""year"": ""2032"", ""origin"": ""UTA"", ""type"": ""own_outright"", ""tradeable"": true, ""condition"": """"}, {""year"": ""2033"", ""origin"": ""UTA"", ""type"": ""own_outright"", ""tradeable"": true, ""condition"": """"}]",False,False,False,"{""2024-25"": false, ""2025-26"": false, ""2026-27"": false, ""2027-28"": false}",2026-06-17,computed from contracts + constants,
UTA,2029-30,base,base case,"{""player_options"": ""counted at value (on books until declined)"", ""team_options"": ""counted at value (exercised) by default; only curated likely-declines (TEAM_OPTION_LIKELY_DECLINED, analyst input) excluded. Amount does not determine intent."", ""nonguaranteed"": ""treated as guaranteed (guarantee dates are Pass-2)"", ""own_free_agents"": ""approx cap hold (prior AAV) in cap basis only; not in apron salary"", ""roster_charges"": ""apron basis filled to 12 at rookie min; cap basis counts holds toward the 12"", ""repeater"": ""taxpayer flag projected forward in future seasons (apron salary > tax line)""}",0,53500000,0,0,0,0,0,0,18304000,71804000,1,0,0,71804000,130328000,130328000,130328000,174430000,184353000,200156000,under_cap,False,False,False,True,False,True,tiered_125,True,True,True,True,True,True,0,0,False,none,,,,4,"[{""year"": ""2027"", ""origin"": ""MEM"", ""type"": ""incoming"", ""tradeable"": null, ""condition"": ""Most favorable of CLE, MIN and UTA then others to PHX and UTA (via UTA)""}, {""year"": ""2027"", ""origin"": ""UTA"", ""type"": ""own_conditional_review"", ""tradeable"": null, ""condition"": ""Two most favorable of CLE, MIN and UTA then other to PHX""}, {""year"": ""2028"", ""origin"": ""UTA CLE"", ""type"": ""own_conditional_review"", ""tradeable"": null, ""condition"": ""Or swap with CLE""}, {""year"": ""2029"", ""origin"": ""MIN"", ""type"": ""incoming"", ""tradeable"": null, ""condition"": ""If 1-5""}, {""year"": ""2029"", ""origin"": ""UTA"", ""type"": ""own_conditional_review"", ""tradeable"": null, ""condition"": ""If 6-30 then two most favorable of CLE, MIN 6-30 and UTA then other to PHX""}, {""year"": ""2029"", ""origin"": ""UTA"", ""type"": ""own_conditional_review"", ""tradeable"": null, ""condition"": ""Two most favorable of CLE, MIN 6-30 and UTA then other to CHA""}, {""year"": ""2030"", ""origin"": ""UTA"", ""type"": ""own_outright"", ""tradeable"": true, ""condition"": """"}, {""year"": ""2031"", ""origin"": ""UTA"", ""type"": ""own_outright"", ""tradeable"": true, ""condition"": """"}, {""year"": ""2032"", ""origin"": ""UTA"", ""type"": ""own_outright"", ""tradeable"": true, ""condition"": """"}, {""year"": ""2033"", ""origin"": ""UTA"", ""type"": ""own_outright"", ""tradeable"": true, ""condition"": """"}]",False,False,False,"{""2025-26"": false, ""2026-27"": false, ""2027-28"": false, ""2028-29"": false}",2026-06-17,computed from contracts + constants,
WAS,2026-27,base,base case,"{""player_options"": ""counted at value (on books until declined)"", ""team_options"": ""counted at value (exercised) by default; only curated likely-declines (TEAM_OPTION_LIKELY_DECLINED, analyst input) excluded. Amount does not determine intent."", ""nonguaranteed"": ""treated as guaranteed (guarantee dates are Pass-2)"", ""own_free_agents"": ""approx cap hold (prior AAV) in cap basis only; not in apron salary"", ""roster_charges"": ""apron basis filled to 12 at rookie min; cap basis counts holds toward the 12"", ""repeater"": ""taxpayer flag projected forward in future seasons (apron salary > tax line)""}",79462430,54936630,35077562,0,0,5390700,0,0,0,174867322,12,5,4309391,173786013,0,0,-8786013,26132678,34232678,47132678,over_cap_under_tax,False,True,False,False,True,True,tiered_125,True,True,True,True,True,True,13445122,13445122,False,none,,,,4,"[{""year"": ""2027"", ""origin"": ""WAS"", ""type"": ""own_outright"", ""tradeable"": false, ""condition"": """"}, {""year"": ""2028"", ""origin"": ""WAS"", ""type"": ""own_conditional_review"", ""tradeable"": null, ""condition"": ""Most Favorable of WAS and BKN, PHI 9-30 and if PHI conveys 1st to OKC by 2026 and PHX (via BKN and WAS swap for PHX) or swap for MIL or POR""}, {""year"": ""2029"", ""origin"": ""WAS"", ""type"": ""own_conditional_review"", ""tradeable"": null, ""condition"": ""Two most favorable of BKN, DAL and PHX to HOU then other to BKN""}, {""year"": ""2029"", ""origin"": ""WAS"", ""type"": ""own_outright"", ""tradeable"": true, ""condition"": """"}, {""year"": ""2030"", ""origin"": ""WAS"", ""type"": ""own_conditional_review"", ""tradeable"": null, ""condition"": ""Most favorable of WAS, MEM and PHX""}, {""year"": ""2031"", ""origin"": ""WAS"", ""type"": ""own_outright"", ""tradeable"": true, ""condition"": """"}, {""year"": ""2032"", ""origin"": ""WAS"", ""type"": ""own_outright"", ""tradeable"": true, ""condition"": """"}, {""year"": ""2033"", ""origin"": ""WAS"", ""type"": ""own_outright"", ""tradeable"": true, ""condition"": """"}]",False,False,False,"{""2022-23"": false, ""2023-24"": false, ""2024-25"": false, ""2025-26"": false}",2026-06-17,computed from contracts + constants,
WAS,2027-28,base,base case,"{""player_options"": ""counted at value (on books until declined)"", ""team_options"": ""counted at value (exercised) by default; only curated likely-declines (TEAM_OPTION_LIKELY_DECLINED, analyst input) excluded. Amount does not determine intent."", ""nonguaranteed"": ""treated as guaranteed (guarantee dates are Pass-2)"", ""own_free_agents"": ""approx cap hold (prior AAV) in cap basis only; not in apron salary"", ""roster_charges"": ""apron basis filled to 12 at rookie min; cap basis counts holds toward the 12"", ""repeater"": ""taxpayer flag projected forward in future seasons (apron salary > tax line)""}",0,62786682,50236185,0,0,0,0,0,5812000,118834867,8,0,0,118834867,57715133,57715133,57715133,96235133,104902133,118705133,under_cap,False,False,False,True,False,True,tiered_125,True,True,True,True,True,True,0,0,False,none,,,,4,"[{""year"": ""2027"", ""origin"": ""WAS"", ""type"": ""own_outright"", ""tradeable"": false, ""condition"": """"}, {""year"": ""2028"", ""origin"": ""WAS"", ""type"": ""own_conditional_review"", ""tradeable"": null, ""condition"": ""Most Favorable of WAS and BKN, PHI 9-30 and if PHI conveys 1st to OKC by 2026 and PHX (via BKN and WAS swap for PHX) or swap for MIL or POR""}, {""year"": ""2029"", ""origin"": ""WAS"", ""type"": ""own_conditional_review"", ""tradeable"": null, ""condition"": ""Two most favorable of BKN, DAL and PHX to HOU then other to BKN""}, {""year"": ""2029"", ""origin"": ""WAS"", ""type"": ""own_outright"", ""tradeable"": true, ""condition"": """"}, {""year"": ""2030"", ""origin"": ""WAS"", ""type"": ""own_conditional_review"", ""tradeable"": null, ""condition"": ""Most favorable of WAS, MEM and PHX""}, {""year"": ""2031"", ""origin"": ""WAS"", ""type"": ""own_outright"", ""tradeable"": true, ""condition"": """"}, {""year"": ""2032"", ""origin"": ""WAS"", ""type"": ""own_outright"", ""tradeable"": true, ""condition"": """"}, {""year"": ""2033"", ""origin"": ""WAS"", ""type"": ""own_outright"", ""tradeable"": true, ""condition"": """"}]",False,False,False,"{""2023-24"": false, ""2024-25"": false, ""2025-26"": false, ""2026-27"": false}",2026-06-17,computed from contracts + constants,
WAS,2028-29,base,base case,"{""player_options"": ""counted at value (on books until declined)"", ""team_options"": ""counted at value (exercised) by default; only curated likely-declines (TEAM_OPTION_LIKELY_DECLINED, analyst input) excluded. Amount does not determine intent."", ""nonguaranteed"": ""treated as guaranteed (guarantee dates are Pass-2)"", ""own_free_agents"": ""approx cap hold (prior AAV) in cap basis only; not in apron salary"", ""roster_charges"": ""apron basis filled to 12 at rookie min; cap basis counts holds toward the 12"", ""repeater"": ""taxpayer flag projected forward in future seasons (apron salary > tax line)""}",0,0,17645563,0,0,0,0,0,15550000,33195563,2,0,0,33195563,155712437,155712437,155712437,196929437,206203437,220972437,under_cap,False,False,False,True,False,True,tiered_125,True,True,True,True,True,True,0,0,False,none,,,,4,"[{""year"": ""2027"", ""origin"": ""WAS"", ""type"": ""own_outright"", ""tradeable"": false, ""condition"": """"}, {""year"": ""2028"", ""origin"": ""WAS"", ""type"": ""own_conditional_review"", ""tradeable"": null, ""condition"": ""Most Favorable of WAS and BKN, PHI 9-30 and if PHI conveys 1st to OKC by 2026 and PHX (via BKN and WAS swap for PHX) or swap for MIL or POR""}, {""year"": ""2029"", ""origin"": ""WAS"", ""type"": ""own_conditional_review"", ""tradeable"": null, ""condition"": ""Two most favorable of BKN, DAL and PHX to HOU then other to BKN""}, {""year"": ""2029"", ""origin"": ""WAS"", ""type"": ""own_outright"", ""tradeable"": true, ""condition"": """"}, {""year"": ""2030"", ""origin"": ""WAS"", ""type"": ""own_conditional_review"", ""tradeable"": null, ""condition"": ""Most favorable of WAS, MEM and PHX""}, {""year"": ""2031"", ""origin"": ""WAS"", ""type"": ""own_outright"", ""tradeable"": true, ""condition"": """"}, {""year"": ""2032"", ""origin"": ""WAS"", ""type"": ""own_outright"", ""tradeable"": true, ""condition"": """"}, {""year"": ""2033"", ""origin"": ""WAS"", ""type"": ""own_outright"", ""tradeable"": true, ""condition"": """"}]",False,False,False,"{""2024-25"": false, ""2025-26"": false, ""2026-27"": false, ""2027-28"": false}",2026-06-17,computed from contracts + constants,
WAS,2029-30,base,base case,"{""player_options"": ""counted at value (on books until declined)"", ""team_options"": ""counted at value (exercised) by default; only curated likely-declines (TEAM_OPTION_LIKELY_DECLINED, analyst input) excluded. Amount does not determine intent."", ""nonguaranteed"": ""treated as guaranteed (guarantee dates are Pass-2)"", ""own_free_agents"": ""approx cap hold (prior AAV) in cap basis only; not in apron salary"", ""roster_charges"": ""apron basis filled to 12 at rookie min; cap basis counts holds toward the 12"", ""repeater"": ""taxpayer flag projected forward in future seasons (apron salary > tax line)""}",0,0,0,0,0,0,0,0,19968000,19968000,0,0,0,19968000,182164000,182164000,182164000,226266000,236189000,251992000,under_cap,False,False,False,True,False,True,tiered_125,True,True,True,True,True,True,0,0,False,none,,,,4,"[{""year"": ""2027"", ""origin"": ""WAS"", ""type"": ""own_outright"", ""tradeable"": false, ""condition"": """"}, {""year"": ""2028"", ""origin"": ""WAS"", ""type"": ""own_conditional_review"", ""tradeable"": null, ""condition"": ""Most Favorable of WAS and BKN, PHI 9-30 and if PHI conveys 1st to OKC by 2026 and PHX (via BKN and WAS swap for PHX) or swap for MIL or POR""}, {""year"": ""2029"", ""origin"": ""WAS"", ""type"": ""own_conditional_review"", ""tradeable"": null, ""condition"": ""Two most favorable of BKN, DAL and PHX to HOU then other to BKN""}, {""year"": ""2029"", ""origin"": ""WAS"", ""type"": ""own_outright"", ""tradeable"": true, ""condition"": """"}, {""year"": ""2030"", ""origin"": ""WAS"", ""type"": ""own_conditional_review"", ""tradeable"": null, ""condition"": ""Most favorable of WAS, MEM and PHX""}, {""year"": ""2031"", ""origin"": ""WAS"", ""type"": ""own_outright"", ""tradeable"": true, ""condition"": """"}, {""year"": ""2032"", ""origin"": ""WAS"", ""type"": ""own_outright"", ""tradeable"": true, ""condition"": """"}, {""year"": ""2033"", ""origin"": ""WAS"", ""type"": ""own_outright"", ""tradeable"": true, ""condition"": """"}]",False,False,False,"{""2025-26"": false, ""2026-27"": false, ""2027-28"": false, ""2028-29"": false}",2026-06-17,computed from contracts + constants,
MIN,2026-27,s1_randle_out,Randle traded out (subtraction-only baseline),"{""player_options"": ""counted at value (on books until declined)"", ""team_options"": ""counted at value (exercised) by default; only curated likely-declines (TEAM_OPTION_LIKELY_DECLINED, analyst input) excluded. Amount does not determine intent."", ""nonguaranteed"": ""treated as guaranteed (guarantee dates are Pass-2)"", ""own_free_agents"": ""approx cap hold (prior AAV) in cap basis only; not in apron salary"", ""roster_charges"": ""apron basis filled to 12 at rookie min; cap basis counts holds toward the 12"", ""repeater"": ""taxpayer flag projected forward in future seasons (apron salary > tax line)""}",151846687,0,5207845,0,0,0,0,0,5432000,162486532,8,6,16484548,173539080,0,2513468,-8539080,38513468,46613468,59513468,over_cap_under_tax,False,True,False,False,True,True,tiered_125,True,True,True,True,True,True,17412540,10774038,False,none,,,,2,"[{""year"": ""2027"", ""origin"": ""UTA"", ""type"": ""incoming"", ""tradeable"": null, ""condition"": ""Two most favorable of CLE, MIN and UTA then other to PHX""}, {""year"": ""2028"", ""origin"": ""MIN"", ""type"": ""own_outright"", ""tradeable"": true, ""condition"": """"}, {""year"": ""2029"", ""origin"": ""UTA"", ""type"": ""incoming"", ""tradeable"": null, ""condition"": ""If 6-30 then two most favorable of CLE, MIN 6-30 and UTA then other to PHX""}, {""year"": ""2029"", ""origin"": ""MIN"", ""type"": ""own_conditional_review"", ""tradeable"": null, ""condition"": ""If 1-5""}, {""year"": ""2030"", ""origin"": ""MIN"", ""type"": ""own_conditional_review"", ""tradeable"": null, ""condition"": ""Least favorable of MIN 2-30, DAL and SAS (via SAN swap for DAL; via SAN swap of SAN or DAL for MIN)""}, {""year"": ""2031"", ""origin"": ""SAC"", ""type"": ""incoming"", ""tradeable"": null, ""condition"": ""(via SAS)""}, {""year"": ""2032"", ""origin"": ""MIN"", ""type"": ""frozen_untradeable"", ""tradeable"": false, ""condition"": ""FROZEN PICK""}, {""year"": ""2033"", ""origin"": ""MIN"", ""type"": ""own_outright"", ""tradeable"": true, ""condition"": """"}]",False,False,False,"{""2022-23"": false, ""2023-24"": false, ""2024-25"": true, ""2025-26"": true}",2026-06-17,computed from contracts + constants,
MIN,2027-28,s1_randle_out,Randle traded out (subtraction-only baseline),"{""player_options"": ""counted at value (on books until declined)"", ""team_options"": ""counted at value (exercised) by default; only curated likely-declines (TEAM_OPTION_LIKELY_DECLINED, analyst input) excluded. Amount does not determine intent."", ""nonguaranteed"": ""treated as guaranteed (guarantee dates are Pass-2)"", ""own_free_agents"": ""approx cap hold (prior AAV) in cap basis only; not in apron salary"", ""roster_charges"": ""apron basis filled to 12 at rookie min; cap basis counts holds toward the 12"", ""repeater"": ""taxpayer flag projected forward in future seasons (apron salary > tax line)""}",105305634,38000000,9675359,0,0,0,0,0,8718000,161698993,6,3,0,161698993,14851007,14851007,14851007,53371007,62038007,75841007,under_cap,False,False,False,True,False,True,tiered_125,True,True,True,True,True,True,0,0,False,none,,,,2,"[{""year"": ""2027"", ""origin"": ""UTA"", ""type"": ""incoming"", ""tradeable"": null, ""condition"": ""Two most favorable of CLE, MIN and UTA then other to PHX""}, {""year"": ""2028"", ""origin"": ""MIN"", ""type"": ""own_outright"", ""tradeable"": true, ""condition"": """"}, {""year"": ""2029"", ""origin"": ""UTA"", ""type"": ""incoming"", ""tradeable"": null, ""condition"": ""If 6-30 then two most favorable of CLE, MIN 6-30 and UTA then other to PHX""}, {""year"": ""2029"", ""origin"": ""MIN"", ""type"": ""own_conditional_review"", ""tradeable"": null, ""condition"": ""If 1-5""}, {""year"": ""2030"", ""origin"": ""MIN"", ""type"": ""own_conditional_review"", ""tradeable"": null, ""condition"": ""Least favorable of MIN 2-30, DAL and SAS (via SAN swap for DAL; via SAN swap of SAN or DAL for MIN)""}, {""year"": ""2031"", ""origin"": ""SAC"", ""type"": ""incoming"", ""tradeable"": null, ""condition"": ""(via SAS)""}, {""year"": ""2032"", ""origin"": ""MIN"", ""type"": ""frozen_untradeable"", ""tradeable"": false, ""condition"": ""FROZEN PICK""}, {""year"": ""2033"", ""origin"": ""MIN"", ""type"": ""own_outright"", ""tradeable"": true, ""condition"": """"}]",False,False,False,"{""2023-24"": false, ""2024-25"": true, ""2025-26"": true, ""2026-27"": false}",2026-06-17,computed from contracts + constants,
MIN,2028-29,s1_randle_out,Randle traded out (subtraction-only baseline),"{""player_options"": ""counted at value (on books until declined)"", ""team_options"": ""counted at value (exercised) by default; only curated likely-declines (TEAM_OPTION_LIKELY_DECLINED, analyst input) excluded. Amount does not determine intent."", ""nonguaranteed"": ""treated as guaranteed (guarantee dates are Pass-2)"", ""own_free_agents"": ""approx cap hold (prior AAV) in cap basis only; not in apron salary"", ""roster_charges"": ""apron basis filled to 12 at rookie min; cap basis counts holds toward the 12"", ""repeater"": ""taxpayer flag projected forward in future seasons (apron salary > tax line)""}",112210776,0,7098163,0,0,0,0,0,12440000,131748939,4,3,0,131748939,57159061,57159061,57159061,98376061,107650061,122419061,under_cap,False,False,False,True,False,True,tiered_125,True,True,True,True,True,True,0,0,False,none,,,,2,"[{""year"": ""2027"", ""origin"": ""UTA"", ""type"": ""incoming"", ""tradeable"": null, ""condition"": ""Two most favorable of CLE, MIN and UTA then other to PHX""}, {""year"": ""2028"", ""origin"": ""MIN"", ""type"": ""own_outright"", ""tradeable"": true, ""condition"": """"}, {""year"": ""2029"", ""origin"": ""UTA"", ""type"": ""incoming"", ""tradeable"": null, ""condition"": ""If 6-30 then two most favorable of CLE, MIN 6-30 and UTA then other to PHX""}, {""year"": ""2029"", ""origin"": ""MIN"", ""type"": ""own_conditional_review"", ""tradeable"": null, ""condition"": ""If 1-5""}, {""year"": ""2030"", ""origin"": ""MIN"", ""type"": ""own_conditional_review"", ""tradeable"": null, ""condition"": ""Least favorable of MIN 2-30, DAL and SAS (via SAN swap for DAL; via SAN swap of SAN or DAL for MIN)""}, {""year"": ""2031"", ""origin"": ""SAC"", ""type"": ""incoming"", ""tradeable"": null, ""condition"": ""(via SAS)""}, {""year"": ""2032"", ""origin"": ""MIN"", ""type"": ""frozen_untradeable"", ""tradeable"": false, ""condition"": ""FROZEN PICK""}, {""year"": ""2033"", ""origin"": ""MIN"", ""type"": ""own_outright"", ""tradeable"": true, ""condition"": """"}]",False,False,False,"{""2024-25"": true, ""2025-26"": true, ""2026-27"": false, ""2027-28"": false}",2026-06-17,computed from contracts + constants,
MIN,2029-30,s1_randle_out,Randle traded out (subtraction-only baseline),"{""player_options"": ""counted at value (on books until declined)"", ""team_options"": ""counted at value (exercised) by default; only curated likely-declines (TEAM_OPTION_LIKELY_DECLINED, analyst input) excluded. Amount does not determine intent."", ""nonguaranteed"": ""treated as guaranteed (guarantee dates are Pass-2)"", ""own_free_agents"": ""approx cap hold (prior AAV) in cap basis only; not in apron salary"", ""roster_charges"": ""apron basis filled to 12 at rookie min; cap basis counts holds toward the 12"", ""repeater"": ""taxpayer flag projected forward in future seasons (apron salary > tax line)""}",0,28448276,0,0,0,0,0,0,18304000,46752276,1,0,0,46752276,155379724,155379724,155379724,199481724,209404724,225207724,under_cap,False,False,False,True,False,True,tiered_125,True,True,True,True,True,True,0,0,False,none,,,,2,"[{""year"": ""2027"", ""origin"": ""UTA"", ""type"": ""incoming"", ""tradeable"": null, ""condition"": ""Two most favorable of CLE, MIN and UTA then other to PHX""}, {""year"": ""2028"", ""origin"": ""MIN"", ""type"": ""own_outright"", ""tradeable"": true, ""condition"": """"}, {""year"": ""2029"", ""origin"": ""UTA"", ""type"": ""incoming"", ""tradeable"": null, ""condition"": ""If 6-30 then two most favorable of CLE, MIN 6-30 and UTA then other to PHX""}, {""year"": ""2029"", ""origin"": ""MIN"", ""type"": ""own_conditional_review"", ""tradeable"": null, ""condition"": ""If 1-5""}, {""year"": ""2030"", ""origin"": ""MIN"", ""type"": ""own_conditional_review"", ""tradeable"": null, ""condition"": ""Least favorable of MIN 2-30, DAL and SAS (via SAN swap for DAL; via SAN swap of SAN or DAL for MIN)""}, {""year"": ""2031"", ""origin"": ""SAC"", ""type"": ""incoming"", ""tradeable"": null, ""condition"": ""(via SAS)""}, {""year"": ""2032"", ""origin"": ""MIN"", ""type"": ""frozen_untradeable"", ""tradeable"": false, ""condition"": ""FROZEN PICK""}, {""year"": ""2033"", ""origin"": ""MIN"", ""type"": ""own_outright"", ""tradeable"": true, ""condition"": """"}]",False,False,False,"{""2025-26"": true, ""2026-27"": false, ""2027-28"": false, ""2028-29"": false}",2026-06-17,computed from contracts + constants,
MIN,2026-27,s2_gobert_out,Gobert traded out (subtraction-only baseline),"{""player_options"": ""counted at value (on books until declined)"", ""team_options"": ""counted at value (exercised) by default; only curated likely-declines (TEAM_OPTION_LIKELY_DECLINED, analyst input) excluded. Amount does not determine intent."", ""nonguaranteed"": ""treated as guaranteed (guarantee dates are Pass-2)"", ""own_free_agents"": ""approx cap hold (prior AAV) in cap basis only; not in apron salary"", ""roster_charges"": ""apron basis filled to 12 at rookie min; cap basis counts holds toward the 12"", ""repeater"": ""taxpayer flag projected forward in future seasons (apron salary > tax line)""}",148680021,0,5207845,0,0,0,0,0,5432000,159319866,8,6,16484548,170372414,0,5680134,-5372414,41680134,49780134,62680134,over_cap_under_tax,False,True,False,False,True,True,tiered_125,True,True,True,True,True,True,17412540,10774038,False,none,,,,2,"[{""year"": ""2027"", ""origin"": ""UTA"", ""type"": ""incoming"", ""tradeable"": null, ""condition"": ""Two most favorable of CLE, MIN and UTA then other to PHX""}, {""year"": ""2028"", ""origin"": ""MIN"", ""type"": ""own_outright"", ""tradeable"": true, ""condition"": """"}, {""year"": ""2029"", ""origin"": ""UTA"", ""type"": ""incoming"", ""tradeable"": null, ""condition"": ""If 6-30 then two most favorable of CLE, MIN 6-30 and UTA then other to PHX""}, {""year"": ""2029"", ""origin"": ""MIN"", ""type"": ""own_conditional_review"", ""tradeable"": null, ""condition"": ""If 1-5""}, {""year"": ""2030"", ""origin"": ""MIN"", ""type"": ""own_conditional_review"", ""tradeable"": null, ""condition"": ""Least favorable of MIN 2-30, DAL and SAS (via SAN swap for DAL; via SAN swap of SAN or DAL for MIN)""}, {""year"": ""2031"", ""origin"": ""SAC"", ""type"": ""incoming"", ""tradeable"": null, ""condition"": ""(via SAS)""}, {""year"": ""2032"", ""origin"": ""MIN"", ""type"": ""frozen_untradeable"", ""tradeable"": false, ""condition"": ""FROZEN PICK""}, {""year"": ""2033"", ""origin"": ""MIN"", ""type"": ""own_outright"", ""tradeable"": true, ""condition"": """"}]",False,False,False,"{""2022-23"": false, ""2023-24"": false, ""2024-25"": true, ""2025-26"": true}",2026-06-17,computed from contracts + constants,
MIN,2027-28,s2_gobert_out,Gobert traded out (subtraction-only baseline),"{""player_options"": ""counted at value (on books until declined)"", ""team_options"": ""counted at value (exercised) by default; only curated likely-declines (TEAM_OPTION_LIKELY_DECLINED, analyst input) excluded. Amount does not determine intent."", ""nonguaranteed"": ""treated as guaranteed (guarantee dates are Pass-2)"", ""own_free_agents"": ""approx cap hold (prior AAV) in cap basis only; not in apron salary"", ""roster_charges"": ""apron basis filled to 12 at rookie min; cap basis counts holds toward the 12"", ""repeater"": ""taxpayer flag projected forward in future seasons (apron salary > tax line)""}",105305634,35802468,9675359,0,0,0,0,0,8718000,159501461,6,3,0,159501461,17048539,17048539,17048539,55568539,64235539,78038539,under_cap,False,False,False,True,False,True,tiered_125,True,True,True,True,True,True,0,0,False,none,,,,2,"[{""year"": ""2027"", ""origin"": ""UTA"", ""type"": ""incoming"", ""tradeable"": null, ""condition"": ""Two most favorable of CLE, MIN and UTA then other to PHX""}, {""year"": ""2028"", ""origin"": ""MIN"", ""type"": ""own_outright"", ""tradeable"": true, ""condition"": """"}, {""year"": ""2029"", ""origin"": ""UTA"", ""type"": ""incoming"", ""tradeable"": null, ""condition"": ""If 6-30 then two most favorable of CLE, MIN 6-30 and UTA then other to PHX""}, {""year"": ""2029"", ""origin"": ""MIN"", ""type"": ""own_conditional_review"", ""tradeable"": null, ""condition"": ""If 1-5""}, {""year"": ""2030"", ""origin"": ""MIN"", ""type"": ""own_conditional_review"", ""tradeable"": null, ""condition"": ""Least favorable of MIN 2-30, DAL and SAS (via SAN swap for DAL; via SAN swap of SAN or DAL for MIN)""}, {""year"": ""2031"", ""origin"": ""SAC"", ""type"": ""incoming"", ""tradeable"": null, ""condition"": ""(via SAS)""}, {""year"": ""2032"", ""origin"": ""MIN"", ""type"": ""frozen_untradeable"", ""tradeable"": false, ""condition"": ""FROZEN PICK""}, {""year"": ""2033"", ""origin"": ""MIN"", ""type"": ""own_outright"", ""tradeable"": true, ""condition"": """"}]",False,False,False,"{""2023-24"": false, ""2024-25"": true, ""2025-26"": true, ""2026-27"": false}",2026-06-17,computed from contracts + constants,
MIN,2028-29,s2_gobert_out,Gobert traded out (subtraction-only baseline),"{""player_options"": ""counted at value (on books until declined)"", ""team_options"": ""counted at value (exercised) by default; only curated likely-declines (TEAM_OPTION_LIKELY_DECLINED, analyst input) excluded. Amount does not determine intent."", ""nonguaranteed"": ""treated as guaranteed (guarantee dates are Pass-2)"", ""own_free_agents"": ""approx cap hold (prior AAV) in cap basis only; not in apron salary"", ""roster_charges"": ""apron basis filled to 12 at rookie min; cap basis counts holds toward the 12"", ""repeater"": ""taxpayer flag projected forward in future seasons (apron salary > tax line)""}",112210776,0,7098163,0,0,0,0,0,12440000,131748939,4,3,0,131748939,57159061,57159061,57159061,98376061,107650061,122419061,under_cap,False,False,False,True,False,True,tiered_125,True,True,True,True,True,True,0,0,False,none,,,,2,"[{""year"": ""2027"", ""origin"": ""UTA"", ""type"": ""incoming"", ""tradeable"": null, ""condition"": ""Two most favorable of CLE, MIN and UTA then other to PHX""}, {""year"": ""2028"", ""origin"": ""MIN"", ""type"": ""own_outright"", ""tradeable"": true, ""condition"": """"}, {""year"": ""2029"", ""origin"": ""UTA"", ""type"": ""incoming"", ""tradeable"": null, ""condition"": ""If 6-30 then two most favorable of CLE, MIN 6-30 and UTA then other to PHX""}, {""year"": ""2029"", ""origin"": ""MIN"", ""type"": ""own_conditional_review"", ""tradeable"": null, ""condition"": ""If 1-5""}, {""year"": ""2030"", ""origin"": ""MIN"", ""type"": ""own_conditional_review"", ""tradeable"": null, ""condition"": ""Least favorable of MIN 2-30, DAL and SAS (via SAN swap for DAL; via SAN swap of SAN or DAL for MIN)""}, {""year"": ""2031"", ""origin"": ""SAC"", ""type"": ""incoming"", ""tradeable"": null, ""condition"": ""(via SAS)""}, {""year"": ""2032"", ""origin"": ""MIN"", ""type"": ""frozen_untradeable"", ""tradeable"": false, ""condition"": ""FROZEN PICK""}, {""year"": ""2033"", ""origin"": ""MIN"", ""type"": ""own_outright"", ""tradeable"": true, ""condition"": """"}]",False,False,False,"{""2024-25"": true, ""2025-26"": true, ""2026-27"": false, ""2027-28"": false}",2026-06-17,computed from contracts + constants,
MIN,2029-30,s2_gobert_out,Gobert traded out (subtraction-only baseline),"{""player_options"": ""counted at value (on books until declined)"", ""team_options"": ""counted at value (exercised) by default; only curated likely-declines (TEAM_OPTION_LIKELY_DECLINED, analyst input) excluded. Amount does not determine intent."", ""nonguaranteed"": ""treated as guaranteed (guarantee dates are Pass-2)"", ""own_free_agents"": ""approx cap hold (prior AAV) in cap basis only; not in apron salary"", ""roster_charges"": ""apron basis filled to 12 at rookie min; cap basis counts holds toward the 12"", ""repeater"": ""taxpayer flag projected forward in future seasons (apron salary > tax line)""}",0,28448276,0,0,0,0,0,0,18304000,46752276,1,0,0,46752276,155379724,155379724,155379724,199481724,209404724,225207724,under_cap,False,False,False,True,False,True,tiered_125,True,True,True,True,True,True,0,0,False,none,,,,2,"[{""year"": ""2027"", ""origin"": ""UTA"", ""type"": ""incoming"", ""tradeable"": null, ""condition"": ""Two most favorable of CLE, MIN and UTA then other to PHX""}, {""year"": ""2028"", ""origin"": ""MIN"", ""type"": ""own_outright"", ""tradeable"": true, ""condition"": """"}, {""year"": ""2029"", ""origin"": ""UTA"", ""type"": ""incoming"", ""tradeable"": null, ""condition"": ""If 6-30 then two most favorable of CLE, MIN 6-30 and UTA then other to PHX""}, {""year"": ""2029"", ""origin"": ""MIN"", ""type"": ""own_conditional_review"", ""tradeable"": null, ""condition"": ""If 1-5""}, {""year"": ""2030"", ""origin"": ""MIN"", ""type"": ""own_conditional_review"", ""tradeable"": null, ""condition"": ""Least favorable of MIN 2-30, DAL and SAS (via SAN swap for DAL; via SAN swap of SAN or DAL for MIN)""}, {""year"": ""2031"", ""origin"": ""SAC"", ""type"": ""incoming"", ""tradeable"": null, ""condition"": ""(via SAS)""}, {""year"": ""2032"", ""origin"": ""MIN"", ""type"": ""frozen_untradeable"", ""tradeable"": false, ""condition"": ""FROZEN PICK""}, {""year"": ""2033"", ""origin"": ""MIN"", ""type"": ""own_outright"", ""tradeable"": true, ""condition"": """"}]",False,False,False,"{""2025-26"": true, ""2026-27"": false, ""2027-28"": false, ""2028-29"": false}",2026-06-17,computed from contracts + constants,
MIN,2026-27,s3_both_out,Gobert and Randle traded out (subtraction-only baseline),"{""player_options"": ""counted at value (on books until declined)"", ""team_options"": ""counted at value (exercised) by default; only curated likely-declines (TEAM_OPTION_LIKELY_DECLINED, analyst input) excluded. Amount does not determine intent."", ""nonguaranteed"": ""treated as guaranteed (guarantee dates are Pass-2)"", ""own_free_agents"": ""approx cap hold (prior AAV) in cap basis only; not in apron salary"", ""roster_charges"": ""apron basis filled to 12 at rookie min; cap basis counts holds toward the 12"", ""repeater"": ""taxpayer flag projected forward in future seasons (apron salary > tax line)""}",115346687,0,5207845,0,0,0,0,0,6790000,127344532,7,5,16484548,137039080,27960920,37655468,27960920,73655468,81755468,94655468,under_cap,False,False,False,True,False,True,tiered_125,True,True,True,True,True,True,17412540,10774038,False,none,,,,2,"[{""year"": ""2027"", ""origin"": ""UTA"", ""type"": ""incoming"", ""tradeable"": null, ""condition"": ""Two most favorable of CLE, MIN and UTA then other to PHX""}, {""year"": ""2028"", ""origin"": ""MIN"", ""type"": ""own_outright"", ""tradeable"": true, ""condition"": """"}, {""year"": ""2029"", ""origin"": ""UTA"", ""type"": ""incoming"", ""tradeable"": null, ""condition"": ""If 6-30 then two most favorable of CLE, MIN 6-30 and UTA then other to PHX""}, {""year"": ""2029"", ""origin"": ""MIN"", ""type"": ""own_conditional_review"", ""tradeable"": null, ""condition"": ""If 1-5""}, {""year"": ""2030"", ""origin"": ""MIN"", ""type"": ""own_conditional_review"", ""tradeable"": null, ""condition"": ""Least favorable of MIN 2-30, DAL and SAS (via SAN swap for DAL; via SAN swap of SAN or DAL for MIN)""}, {""year"": ""2031"", ""origin"": ""SAC"", ""type"": ""incoming"", ""tradeable"": null, ""condition"": ""(via SAS)""}, {""year"": ""2032"", ""origin"": ""MIN"", ""type"": ""frozen_untradeable"", ""tradeable"": false, ""condition"": ""FROZEN PICK""}, {""year"": ""2033"", ""origin"": ""MIN"", ""type"": ""own_outright"", ""tradeable"": true, ""condition"": """"}]",False,False,False,"{""2022-23"": false, ""2023-24"": false, ""2024-25"": true, ""2025-26"": true}",2026-06-17,computed from contracts + constants,
MIN,2027-28,s3_both_out,Gobert and Randle traded out (subtraction-only baseline),"{""player_options"": ""counted at value (on books until declined)"", ""team_options"": ""counted at value (exercised) by default; only curated likely-declines (TEAM_OPTION_LIKELY_DECLINED, analyst input) excluded. Amount does not determine intent."", ""nonguaranteed"": ""treated as guaranteed (guarantee dates are Pass-2)"", ""own_free_agents"": ""approx cap hold (prior AAV) in cap basis only; not in apron salary"", ""roster_charges"": ""apron basis filled to 12 at rookie min; cap basis counts holds toward the 12"", ""repeater"": ""taxpayer flag projected forward in future seasons (apron salary > tax line)""}",105305634,0,9675359,0,0,0,0,0,10171000,125151993,5,3,0,125151993,51398007,51398007,51398007,89918007,98585007,112388007,under_cap,False,False,False,True,False,True,tiered_125,True,True,True,True,True,True,0,0,False,none,,,,2,"[{""year"": ""2027"", ""origin"": ""UTA"", ""type"": ""incoming"", ""tradeable"": null, ""condition"": ""Two most favorable of CLE, MIN and UTA then other to PHX""}, {""year"": ""2028"", ""origin"": ""MIN"", ""type"": ""own_outright"", ""tradeable"": true, ""condition"": """"}, {""year"": ""2029"", ""origin"": ""UTA"", ""type"": ""incoming"", ""tradeable"": null, ""condition"": ""If 6-30 then two most favorable of CLE, MIN 6-30 and UTA then other to PHX""}, {""year"": ""2029"", ""origin"": ""MIN"", ""type"": ""own_conditional_review"", ""tradeable"": null, ""condition"": ""If 1-5""}, {""year"": ""2030"", ""origin"": ""MIN"", ""type"": ""own_conditional_review"", ""tradeable"": null, ""condition"": ""Least favorable of MIN 2-30, DAL and SAS (via SAN swap for DAL; via SAN swap of SAN or DAL for MIN)""}, {""year"": ""2031"", ""origin"": ""SAC"", ""type"": ""incoming"", ""tradeable"": null, ""condition"": ""(via SAS)""}, {""year"": ""2032"", ""origin"": ""MIN"", ""type"": ""frozen_untradeable"", ""tradeable"": false, ""condition"": ""FROZEN PICK""}, {""year"": ""2033"", ""origin"": ""MIN"", ""type"": ""own_outright"", ""tradeable"": true, ""condition"": """"}]",False,False,False,"{""2023-24"": false, ""2024-25"": true, ""2025-26"": true, ""2026-27"": false}",2026-06-17,computed from contracts + constants,
MIN,2028-29,s3_both_out,Gobert and Randle traded out (subtraction-only baseline),"{""player_options"": ""counted at value (on books until declined)"", ""team_options"": ""counted at value (exercised) by default; only curated likely-declines (TEAM_OPTION_LIKELY_DECLINED, analyst input) excluded. Amount does not determine intent."", ""nonguaranteed"": ""treated as guaranteed (guarantee dates are Pass-2)"", ""own_free_agents"": ""approx cap hold (prior AAV) in cap basis only; not in apron salary"", ""roster_charges"": ""apron basis filled to 12 at rookie min; cap basis counts holds toward the 12"", ""repeater"": ""taxpayer flag projected forward in future seasons (apron salary > tax line)""}",112210776,0,7098163,0,0,0,0,0,12440000,131748939,4,3,0,131748939,57159061,57159061,57159061,98376061,107650061,122419061,under_cap,False,False,False,True,False,True,tiered_125,True,True,True,True,True,True,0,0,False,none,,,,2,"[{""year"": ""2027"", ""origin"": ""UTA"", ""type"": ""incoming"", ""tradeable"": null, ""condition"": ""Two most favorable of CLE, MIN and UTA then other to PHX""}, {""year"": ""2028"", ""origin"": ""MIN"", ""type"": ""own_outright"", ""tradeable"": true, ""condition"": """"}, {""year"": ""2029"", ""origin"": ""UTA"", ""type"": ""incoming"", ""tradeable"": null, ""condition"": ""If 6-30 then two most favorable of CLE, MIN 6-30 and UTA then other to PHX""}, {""year"": ""2029"", ""origin"": ""MIN"", ""type"": ""own_conditional_review"", ""tradeable"": null, ""condition"": ""If 1-5""}, {""year"": ""2030"", ""origin"": ""MIN"", ""type"": ""own_conditional_review"", ""tradeable"": null, ""condition"": ""Least favorable of MIN 2-30, DAL and SAS (via SAN swap for DAL; via SAN swap of SAN or DAL for MIN)""}, {""year"": ""2031"", ""origin"": ""SAC"", ""type"": ""incoming"", ""tradeable"": null, ""condition"": ""(via SAS)""}, {""year"": ""2032"", ""origin"": ""MIN"", ""type"": ""frozen_untradeable"", ""tradeable"": false, ""condition"": ""FROZEN PICK""}, {""year"": ""2033"", ""origin"": ""MIN"", ""type"": ""own_outright"", ""tradeable"": true, ""condition"": """"}]",False,False,False,"{""2024-25"": true, ""2025-26"": true, ""2026-27"": false, ""2027-28"": false}",2026-06-17,computed from contracts + constants,
MIN,2029-30,s3_both_out,Gobert and Randle traded out (subtraction-only baseline),"{""player_options"": ""counted at value (on books until declined)"", ""team_options"": ""counted at value (exercised) by default; only curated likely-declines (TEAM_OPTION_LIKELY_DECLINED, analyst input) excluded. Amount does not determine intent."", ""nonguaranteed"": ""treated as guaranteed (guarantee dates are Pass-2)"", ""own_free_agents"": ""approx cap hold (prior AAV) in cap basis only; not in apron salary"", ""roster_charges"": ""apron basis filled to 12 at rookie min; cap basis counts holds toward the 12"", ""repeater"": ""taxpayer flag projected forward in future seasons (apron salary > tax line)""}",0,28448276,0,0,0,0,0,0,18304000,46752276,1,0,0,46752276,155379724,155379724,155379724,199481724,209404724,225207724,under_cap,False,False,False,True,False,True,tiered_125,True,True,True,True,True,True,0,0,False,none,,,,2,"[{""year"": ""2027"", ""origin"": ""UTA"", ""type"": ""incoming"", ""tradeable"": null, ""condition"": ""Two most favorable of CLE, MIN and UTA then other to PHX""}, {""year"": ""2028"", ""origin"": ""MIN"", ""type"": ""own_outright"", ""tradeable"": true, ""condition"": """"}, {""year"": ""2029"", ""origin"": ""UTA"", ""type"": ""incoming"", ""tradeable"": null, ""condition"": ""If 6-30 then two most favorable of CLE, MIN 6-30 and UTA then other to PHX""}, {""year"": ""2029"", ""origin"": ""MIN"", ""type"": ""own_conditional_review"", ""tradeable"": null, ""condition"": ""If 1-5""}, {""year"": ""2030"", ""origin"": ""MIN"", ""type"": ""own_conditional_review"", ""tradeable"": null, ""condition"": ""Least favorable of MIN 2-30, DAL and SAS (via SAN swap for DAL; via SAN swap of SAN or DAL for MIN)""}, {""year"": ""2031"", ""origin"": ""SAC"", ""type"": ""incoming"", ""tradeable"": null, ""condition"": ""(via SAS)""}, {""year"": ""2032"", ""origin"": ""MIN"", ""type"": ""frozen_untradeable"", ""tradeable"": false, ""condition"": ""FROZEN PICK""}, {""year"": ""2033"", ""origin"": ""MIN"", ""type"": ""own_outright"", ""tradeable"": true, ""condition"": """"}]",False,False,False,"{""2025-26"": true, ""2026-27"": false, ""2027-28"": false, ""2028-29"": false}",2026-06-17,computed from contracts + constants,
