season,team,player,player_id,bref,po_minutes,po_gp,rs_minutes,rs_gp,age_feb1,on_team_prior_season,on_team_prior_season_contract,acq_type,acq_date,acq_text,left_date,in_season_acquisition,rs_games_missed,po_games_missed,group
2015-16,GSW,Draymond Green,203110,/players/g/greendr01.html,868.0,23,2772.0,81,25.9,True,True,drafted,2012-06-28,Drafted by the Golden State Warriors in the 2nd round (35th pick) of the 2012 NBA Draft.,,False,1,1,top-5 non-champion
2015-16,GSW,Klay Thompson,202691,/players/t/thompkl01.html,837.0,24,2630.0,80,26.0,True,True,drafted,2011-06-23,Drafted by the Golden State Warriors in the 1st round (11th pick) of the 2011 NBA Draft.,,False,2,0,top-5 non-champion
2015-16,GSW,Andre Iguodala,2738,/players/i/iguodan01.html,756.0,24,1698.0,65,32.0,True,True,traded for,2013-07-10,"As part of a 3-team trade, traded by the Denver Nuggets to the Golden State Warriors ; the Denver Nuggets traded cash and a 2018 2nd round draft pick ( Sviatoslav Mykhailiuk was later selected) to the Utah Jazz ; the Gol",,False,17,0,top-5 non-champion
2015-16,GSW,Harrison Barnes,203084,/players/b/barneha02.html,733.0,24,2007.0,66,23.7,True,True,drafted,2012-06-28,Drafted by the Golden State Warriors in the 1st round (7th pick) of the 2012 NBA Draft.,,False,16,0,top-5 non-champion
2015-16,GSW,Stephen Curry,201939,/players/c/curryst01.html,605.0,18,2658.0,79,27.9,True,True,drafted,2009-06-25,Drafted by the Golden State Warriors in the 1st round (7th pick) of the 2009 NBA Draft.,,False,3,6,top-5 non-champion
2015-16,GSW,Shaun Livingston,2733,/players/l/livinsh01.html,503.0,24,1482.0,78,30.4,True,True,signed,2014-07-11,Signed a multi-year contract with the Golden State Warriors .,,False,4,0,top-5 non-champion
2015-16,GSW,Andrew Bogut,101106,/players/b/bogutan01.html,355.0,22,1415.0,70,31.2,True,True,traded for,2012-03-13,"Traded by the Milwaukee Bucks with Stephen Jackson to the Golden State Warriors for Kwame Brown , Monta Ellis and Ekpe Udoh .",,False,12,2,top-5 non-champion
2015-16,GSW,Leandro Barbosa,2571,/players/b/barbole01.html,242.0,23,1044.0,68,33.2,True,True,signed,2014-09-10,Signed a contract with the Golden State Warriors .,,False,14,1,top-5 non-champion
2015-16,SAS,Kawhi Leonard,202695,/players/l/leonaka01.html,333.0,10,2343.0,72,24.6,True,True,traded for,2011-06-23,Traded by the Indiana Pacers with Dāvis Bertāns and Erazem Lorbek to the San Antonio Spurs for George Hill .,,False,10,0,top-5 non-champion
2015-16,SAS,LaMarcus Aldridge,200746,/players/a/aldrila01.html,332.0,10,2229.0,74,30.5,False,False,signed,2015-07-09,Signed a multi-year contract with the San Antonio Spurs .,,False,8,0,top-5 non-champion
2015-16,SAS,Danny Green,201980,/players/g/greenda02.html,263.0,10,2025.0,79,28.6,True,True,signed,2011-03-16,Signed a contract for the rest of the season with the San Antonio Spurs .,,False,3,0,top-5 non-champion
2015-16,SAS,Tony Parker,2225,/players/p/parketo01.html,259.0,10,1944.0,72,33.7,True,True,drafted,2001-06-27,Drafted by the San Antonio Spurs in the 1st round (28th pick) of the 2001 NBA Draft.,,False,10,0,top-5 non-champion
2015-16,SAS,Tim Duncan,1495,/players/d/duncati01.html,214.0,10,1506.0,61,39.8,True,True,drafted,1997-06-25,Drafted by the San Antonio Spurs in the 1st round (1st pick) of the 1997 NBA Draft.,,False,21,0,top-5 non-champion
2015-16,SAS,Manu Ginobili,1938,/players/g/ginobma01.html,187.0,10,1105.0,58,38.5,True,True,drafted,1999-06-30,Drafted by the San Antonio Spurs in the 2nd round (57th pick) of the 1999 NBA Draft.,,False,24,0,top-5 non-champion
2015-16,SAS,David West,2561,/players/w/westda01.html,170.0,10,1363.0,78,35.4,False,False,signed,2015-07-17,Signed a multi-year contract with the San Antonio Spurs .,,False,4,0,top-5 non-champion
2015-16,SAS,Patty Mills,201988,/players/m/millspa02.html,162.0,10,1623.0,81,27.5,True,True,signed,2012-03-27,Signed as a free agent with the San Antonio Spurs .,,False,1,0,top-5 non-champion
2015-16,OKC,Kevin Durant,201142,/players/d/duranke01.html,716.0,18,2542.0,72,27.3,True,True,drafted,2007-06-28,Drafted by the Seattle SuperSonics in the 1st round (2nd pick) of the 2007 NBA Draft.,,False,10,0,top-5 non-champion
2015-16,OKC,Russell Westbrook,201566,/players/w/westbru01.html,664.0,18,2709.0,80,27.2,True,True,drafted,2008-06-26,Drafted by the Seattle SuperSonics in the 1st round (4th pick) of the 2008 NBA Draft.,,False,2,0,top-5 non-champion
2015-16,OKC,Serge Ibaka,201586,/players/i/ibakase01.html,594.0,18,2457.0,78,26.4,True,True,drafted,2008-06-26,Drafted by the Seattle SuperSonics in the 1st round (24th pick) of the 2008 NBA Draft.,,False,4,0,top-5 non-champion
2015-16,OKC,Steven Adams,203500,/players/a/adamsst01.html,545.0,18,1971.0,80,22.5,True,True,drafted,2013-06-27,Drafted by the Oklahoma City Thunder in the 1st round (12th pick) of the 2013 NBA Draft.,,False,2,0,top-5 non-champion
2015-16,OKC,Dion Waiters,203079,/players/w/waitedi01.html,482.0,18,2112.0,78,24.1,True,True,traded for,2015-01-05,"As part of a 3-team trade, traded by the Cleveland Cavaliers to the Oklahoma City Thunder ; the Cleveland Cavaliers traded Lou Amundson , Alex Kirk and a 2019 2nd round draft pick ( Carsen Edwards was later selected) to ",,False,4,0,top-5 non-champion
2015-16,OKC,Andre Roberson,203460,/players/r/roberan03.html,465.0,18,1520.0,70,24.2,True,True,traded for,2013-06-27,Traded by the Golden State Warriors to the Oklahoma City Thunder for Archie Goodwin and cash.,,False,12,0,top-5 non-champion
2015-16,OKC,Enes Freedom,202683,/players/k/kanteen01.html,315.0,18,1682.0,82,23.7,True,True,traded for,2015-02-19,"As part of a 3-team trade, traded by the Utah Jazz with Steve Novak to the Oklahoma City Thunder ; the Detroit Pistons traded D.J. Augustin , Kyle Singler and a 2019 2nd round draft pick ( Isaiah Roby was later selected)",,False,0,0,top-5 non-champion
2015-16,OKC,Randy Foye,200751,/players/f/foyera01.html,182.0,15,557.0,27,32.4,False,False,traded for,2016-02-18,"Traded by the Denver Nuggets to the Oklahoma City Thunder for D.J. Augustin , Steve Novak , a 2016 2nd round draft pick ( Petr Cornelie was later selected) and a 2016 2nd round draft pick ( Daniel Hamilton was later sele",,True,1,3,top-5 non-champion
2015-16,LAC,Jamal Crawford,2037,/players/c/crawfja01.html,196.0,6,2089.0,79,35.9,True,True,signed,2012-07-11,Signed as a free agent with the Los Angeles Clippers .,,False,3,0,top-5 non-champion
2015-16,LAC,DeAndre Jordan,201599,/players/j/jordade01.html,195.0,6,2559.0,77,27.5,True,True,drafted,2008-06-26,Drafted by the Los Angeles Clippers in the 2nd round (35th pick) of the 2008 NBA Draft.,,False,5,0,top-5 non-champion
2015-16,LAC,JJ Redick,200755,/players/r/redicjj01.html,164.0,6,2060.0,74,31.6,True,True,traded for,2013-07-10,"As part of a 3-team trade, traded by the Milwaukee Bucks to the Los Angeles Clippers ; the Los Angeles Clippers traded a 2016 2nd round draft pick ( Marcus Paige was later selected) to the Milwaukee Bucks ; the Los Angel",,False,8,0,top-5 non-champion
2015-16,LAC,Jeff Green,201145,/players/g/greenje02.html,156.0,6,695.0,27,29.4,False,False,traded for,2016-02-18,Traded by the Memphis Grizzlies to the Los Angeles Clippers for Lance Stephenson and a 2019 1st round draft pick ( Matisse Thybulle was later selected). (1st-rd pick from LAC to MEM will convey 2 years after LAC sends pi,,True,2,0,top-5 non-champion
2015-16,LAC,Austin Rivers,203085,/players/r/riverau01.html,141.0,6,1430.0,67,23.5,True,True,traded for,2015-01-15,"As part of a 3-team trade, traded by the Boston Celtics to the Los Angeles Clippers ; the Los Angeles Clippers traded Chris Douglas-Roberts and a 2017 2nd round draft pick ( Jabari Bird was later selected) to the Boston ",,False,15,0,top-5 non-champion
2015-16,LAC,Blake Griffin,201933,/players/g/griffbl01.html,125.0,4,1152.0,35,26.9,True,True,drafted,2009-06-25,Drafted by the Los Angeles Clippers in the 1st round (1st pick) of the 2009 NBA Draft.,,False,47,2,top-5 non-champion
2015-16,LAC,Chris Paul,101108,/players/p/paulch01.html,123.0,4,2382.0,74,30.7,True,True,traded for,2011-12-14,"Traded by the New Orleans Hornets with $350K cash and a 2015 2nd round draft pick ( Artūras Gudaitis was later selected) to the Los Angeles Clippers for Al-Farouq Aminu , Eric Gordon , Chris Kaman and a 2012 1st round dr",,False,8,2,top-5 non-champion
2015-16,LAC,Luc Mbah a Moute,201601,/players/m/mbahalu01.html,76.0,5,1237.0,69,29.4,False,False,signed,2015-09-25,Signed a contract with the Los Angeles Clippers .,,False,13,1,top-5 non-champion
2016-17,CLE,LeBron James,2544,/players/j/jamesle01.html,736.0,18,2760.0,74,32.1,True,True,signed,2014-07-12,Signed a multi-year contract with the Cleveland Cavaliers .,,False,8,0,top-5 non-champion
2016-17,CLE,Kyrie Irving,202681,/players/i/irvinky01.html,644.0,18,2488.0,72,24.9,True,True,drafted,2011-06-23,Drafted by the Cleveland Cavaliers in the 1st round (1st pick) of the 2011 NBA Draft.,,False,10,0,top-5 non-champion
2016-17,CLE,Kevin Love,201567,/players/l/loveke01.html,566.0,18,1854.0,60,28.4,True,True,traded for,2014-08-23,"As part of a 3-team trade, traded by the Minnesota Timberwolves to the Cleveland Cavaliers ; the Cleveland Cavaliers traded Anthony Bennett , Andrew Wiggins and a trade exception to the Minnesota Timberwolves ; the Cleve",,False,22,0,top-5 non-champion
2016-17,CLE,Tristan Thompson,202684,/players/t/thomptr01.html,555.0,18,2296.0,78,25.9,True,True,drafted,2011-06-23,Drafted by the Cleveland Cavaliers in the 1st round (4th pick) of the 2011 NBA Draft.,,False,4,0,top-5 non-champion
2016-17,CLE,JR Smith,2747,/players/s/smithjr01.html,478.0,18,1167.0,41,31.4,True,True,traded for,2015-01-05,"As part of a 3-team trade, traded by the New York Knicks with Iman Shumpert to the Cleveland Cavaliers ; the Cleveland Cavaliers traded Lou Amundson , Alex Kirk and a 2019 2nd round draft pick ( Carsen Edwards was later ",,False,41,0,top-5 non-champion
2016-17,CLE,Kyle Korver,2594,/players/k/korveky01.html,318.0,18,843.0,35,35.9,False,False,traded for,2017-01-07,"Traded by the Atlanta Hawks to the Cleveland Cavaliers for Mike Dunleavy , Mo Williams , a 2021 2nd round draft pick ( Herbert Jones was later selected) and a 2022 2nd round draft pick ( Vince Williams Jr. was later sele",,True,12,0,top-5 non-champion
2016-17,CLE,Iman Shumpert,202697,/players/s/shumpim01.html,264.0,17,1900.0,76,26.6,True,True,traded for,2015-01-05,"As part of a 3-team trade, traded by the New York Knicks with J.R. Smith to the Cleveland Cavaliers ; the Cleveland Cavaliers traded Lou Amundson , Alex Kirk and a 2019 2nd round draft pick ( Carsen Edwards was later sel",,False,6,1,top-5 non-champion
2016-17,CLE,Deron Williams,101114,/players/w/willide01.html,255.0,18,476.0,24,32.6,False,False,signed,2017-02-27,Signed a contract with the Cleveland Cavaliers .,,True,1,0,top-5 non-champion
2016-17,SAS,LaMarcus Aldridge,200746,/players/a/aldrila01.html,530.0,16,2299.0,72,31.5,True,True,signed,2015-07-09,Signed a multi-year contract with the San Antonio Spurs .,,False,10,0,top-5 non-champion
2016-17,SAS,Danny Green,201980,/players/g/greenda02.html,427.0,16,1775.0,68,29.6,True,True,signed,2011-03-16,Signed a contract for the rest of the season with the San Antonio Spurs .,,False,14,0,top-5 non-champion
2016-17,SAS,Kawhi Leonard,202695,/players/l/leonaka01.html,424.0,12,2440.0,74,25.6,True,True,traded for,2011-06-23,Traded by the Indiana Pacers with Dāvis Bertāns and Erazem Lorbek to the San Antonio Spurs for George Hill .,,False,8,4,top-5 non-champion
2016-17,SAS,Patty Mills,201988,/players/m/millspa02.html,409.0,16,1721.0,80,28.5,True,True,signed,2012-03-27,Signed as a free agent with the San Antonio Spurs .,,False,2,0,top-5 non-champion
2016-17,SAS,Pau Gasol,2200,/players/g/gasolpa01.html,359.0,16,1595.0,64,36.6,False,False,signed,2016-07-14,Signed a multi-year contract with the San Antonio Spurs .,,False,18,0,top-5 non-champion
2016-17,SAS,Jonathon Simmons,203613,/players/s/simmojo02.html,298.0,15,1349.0,77,27.4,True,True,signed,2015-07-22,Signed a multi-year contract with the San Antonio Spurs .,,False,5,1,top-5 non-champion
2016-17,SAS,Manu Ginobili,1938,/players/g/ginobma01.html,276.0,16,1256.0,69,39.5,True,True,drafted,1999-06-30,Drafted by the San Antonio Spurs in the 2nd round (57th pick) of the 1999 NBA Draft.,,False,13,0,top-5 non-champion
2016-17,SAS,David Lee,101135,/players/l/leeda02.html,237.0,15,1439.0,79,33.8,False,False,signed,2016-08-02,Signed a multi-year contract with the San Antonio Spurs .,,False,3,1,top-5 non-champion
2016-17,BOS,Avery Bradley,202340,/players/b/bradlav01.html,634.0,18,1807.0,55,26.2,True,True,drafted,2010-06-24,Drafted by the Boston Celtics in the 1st round (19th pick) of the 2010 NBA Draft.,,False,27,0,top-5 non-champion
2016-17,BOS,Al Horford,201143,/players/h/horfoal01.html,600.0,18,2158.0,68,30.7,False,False,signed,2016-07-08,Signed a multi-year contract with the Boston Celtics .,,False,14,0,top-5 non-champion
2016-17,BOS,Jae Crowder,203109,/players/c/crowdja01.html,587.0,18,2297.0,72,26.6,True,True,traded for,2014-12-18,"Traded by the Dallas Mavericks with Jameer Nelson , Brandan Wright , a 2016 1st round draft pick ( Guerschon Yabusele was later selected) and a 2016 2nd round draft pick ( Demetrius Jackson was later selected) to the Bos",,False,10,0,top-5 non-champion
2016-17,BOS,Marcus Smart,203935,/players/s/smartma01.html,529.0,18,2360.0,79,22.9,True,True,drafted,2014-06-26,Drafted by the Boston Celtics in the 1st round (6th pick) of the 2014 NBA Draft.,,False,3,0,top-5 non-champion
2016-17,BOS,Isaiah Thomas,202738,/players/t/thomais02.html,513.0,15,2529.0,76,28.0,True,True,traded for,2015-02-19,"As part of a 3-team trade, traded by the Phoenix Suns to the Boston Celtics ; the Boston Celtics traded Tayshaun Prince to the Detroit Pistons ; the Boston Celtics traded Marcus Thornton and a 2016 1st round draft pick (",,False,6,3,top-5 non-champion
2016-17,BOS,Kelly Olynyk,203482,/players/o/olynyke01.html,338.0,18,1502.0,75,25.8,True,True,traded for,2013-06-27,"Traded by the Dallas Mavericks to the Boston Celtics for Lucas Nogueira , a 2014 2nd round draft pick ( Cleanthony Early was later selected) and a 2014 2nd round draft pick ( Russ Smith was later selected).",,False,7,0,top-5 non-champion
2016-17,BOS,Terry Rozier,1626179,/players/r/roziete01.html,270.0,17,1227.0,74,22.9,True,True,drafted,2015-06-25,Drafted by the Boston Celtics in the 1st round (16th pick) of the 2015 NBA Draft.,,False,8,1,top-5 non-champion
2016-17,BOS,Jaylen Brown,1627759,/players/b/brownja02.html,206.0,16,1297.0,78,20.3,False,True,drafted,2016-06-23,Drafted by the Boston Celtics in the 1st round (3rd pick) of the 2016 NBA Draft.,,False,4,2,top-5 non-champion
2016-17,LAC,DeAndre Jordan,201599,/players/j/jordade01.html,260.0,7,2534.0,81,28.5,True,True,drafted,2008-06-26,Drafted by the Los Angeles Clippers in the 2nd round (35th pick) of the 2008 NBA Draft.,,False,1,0,top-5 non-champion
2016-17,LAC,Chris Paul,101108,/players/p/paulch01.html,257.0,7,1891.0,61,31.7,True,True,traded for,2011-12-14,"Traded by the New Orleans Hornets with $350K cash and a 2015 2nd round draft pick ( Artūras Gudaitis was later selected) to the Los Angeles Clippers for Al-Farouq Aminu , Eric Gordon , Chris Kaman and a 2012 1st round dr",,False,21,0,top-5 non-champion
2016-17,LAC,Luc Mbah a Moute,201601,/players/m/mbahalu01.html,219.0,7,1751.0,80,30.4,True,True,signed,2015-09-25,Signed a contract with the Los Angeles Clippers .,,False,2,0,top-5 non-champion
2016-17,LAC,JJ Redick,200755,/players/r/redicjj01.html,203.0,7,2161.0,78,32.6,True,True,traded for,2013-07-10,"As part of a 3-team trade, traded by the Milwaukee Bucks to the Los Angeles Clippers ; the Los Angeles Clippers traded a 2016 2nd round draft pick ( Marcus Paige was later selected) to the Milwaukee Bucks ; the Los Angel",,False,4,0,top-5 non-champion
2016-17,LAC,Jamal Crawford,2037,/players/c/crawfja01.html,194.0,7,2115.0,82,36.9,True,True,signed,2012-07-11,Signed as a free agent with the Los Angeles Clippers .,,False,0,0,top-5 non-champion
2016-17,LAC,Raymond Felton,101109,/players/f/feltora01.html,123.0,7,1657.0,80,32.6,False,False,signed,2016-07-25,Signed a contract with the Los Angeles Clippers .,,False,2,0,top-5 non-champion
2016-17,LAC,Blake Griffin,201933,/players/g/griffbl01.html,98.0,3,2045.0,61,27.9,True,True,drafted,2009-06-25,Drafted by the Los Angeles Clippers in the 1st round (1st pick) of the 2009 NBA Draft.,,False,21,4,top-5 non-champion
2016-17,LAC,Paul Pierce,1718,/players/p/piercpa01.html,98.0,7,264.0,25,39.3,True,True,signed,2015-07-10,Signed a multi-year contract with the Los Angeles Clippers .,,False,57,0,top-5 non-champion
2017-18,CLE,LeBron James,2544,/players/j/jamesle01.html,910.0,22,2987.0,82,33.1,True,True,signed,2014-07-12,Signed a multi-year contract with the Cleveland Cavaliers .,,False,0,0,top-5 non-champion
2017-18,CLE,JR Smith,2747,/players/s/smithjr01.html,697.0,22,2201.0,80,32.4,True,True,traded for,2015-01-05,"As part of a 3-team trade, traded by the New York Knicks with Iman Shumpert to the Cleveland Cavaliers ; the Cleveland Cavaliers traded Lou Amundson , Alex Kirk and a 2019 2nd round draft pick ( Carsen Edwards was later ",,False,2,0,top-5 non-champion
2017-18,CLE,Kevin Love,201567,/players/l/loveke01.html,652.0,21,1623.0,59,29.4,True,True,traded for,2014-08-23,"As part of a 3-team trade, traded by the Minnesota Timberwolves to the Cleveland Cavaliers ; the Cleveland Cavaliers traded Anthony Bennett , Andrew Wiggins and a trade exception to the Minnesota Timberwolves ; the Cleve",,False,23,1,top-5 non-champion
2017-18,CLE,George Hill,201588,/players/h/hillge01.html,550.0,19,656.0,24,31.7,False,False,traded for,2018-02-08,"As part of a 3-team trade, traded by the Sacramento Kings with Artūras Gudaitis to the Cleveland Cavaliers ; the Cleveland Cavaliers traded Dimitrios Agravanis , Iman Shumpert , $2.1M cash and a 2020 2nd round draft pick",,True,5,3,top-5 non-champion
2017-18,CLE,Jeff Green,201145,/players/g/greenje02.html,513.0,22,1791.0,78,31.4,False,False,signed,2017-07-11,Signed a contract with the Cleveland Cavaliers .,,False,4,0,top-5 non-champion
2017-18,CLE,Kyle Korver,2594,/players/k/korveky01.html,493.0,22,1537.0,73,36.9,True,True,traded for,2017-01-07,"Traded by the Atlanta Hawks to the Cleveland Cavaliers for Mike Dunleavy , Mo Williams , a 2021 2nd round draft pick ( Herbert Jones was later selected) and a 2022 2nd round draft pick ( Vince Williams Jr. was later sele",,False,9,0,top-5 non-champion
2017-18,CLE,Tristan Thompson,202684,/players/t/thomptr01.html,406.0,19,1041.0,53,26.9,True,True,drafted,2011-06-23,Drafted by the Cleveland Cavaliers in the 1st round (4th pick) of the 2011 NBA Draft.,,False,29,3,top-5 non-champion
2017-18,CLE,Larry Nance Jr.,1626204,/players/n/nancela02.html,296.0,20,487.0,24,25.1,False,False,traded for,2018-02-08,"Traded by the Los Angeles Lakers with Jordan Clarkson to the Cleveland Cavaliers for Channing Frye , Isaiah Thomas and a 2018 1st round draft pick ( Moritz Wagner was later selected).",,True,5,2,top-5 non-champion
2017-18,BOS,Terry Rozier,1626179,/players/r/roziete01.html,688.0,19,2030.0,80,23.9,True,True,drafted,2015-06-25,Drafted by the Boston Celtics in the 1st round (16th pick) of the 2015 NBA Draft.,,False,2,0,top-5 non-champion
2017-18,BOS,Jayson Tatum,1628369,/players/t/tatumja01.html,675.0,19,2402.0,80,19.9,False,False,drafted,2017-06-22,Drafted by the Boston Celtics in the 1st round (3rd pick) of the 2017 NBA Draft.,,False,2,0,top-5 non-champion
2017-18,BOS,Al Horford,201143,/players/h/horfoal01.html,668.0,19,2243.0,72,31.7,True,True,signed,2016-07-08,Signed a multi-year contract with the Boston Celtics .,,False,10,0,top-5 non-champion
2017-18,BOS,Jaylen Brown,1627759,/players/b/brownja02.html,576.0,18,2117.0,70,21.3,True,True,drafted,2016-06-23,Drafted by the Boston Celtics in the 1st round (3rd pick) of the 2016 NBA Draft.,,False,12,1,top-5 non-champion
2017-18,BOS,Marcus Morris Sr.,202694,/players/m/morrima03.html,554.0,19,1415.0,54,28.4,False,False,traded for,2017-07-07,Traded by the Detroit Pistons to the Boston Celtics for Avery Bradley and a 2019 2nd round draft pick ( Isaiah Roby was later selected).,,False,28,0,top-5 non-champion
2017-18,BOS,Marcus Smart,203935,/players/s/smartma01.html,441.0,15,1583.0,54,23.9,True,True,drafted,2014-06-26,Drafted by the Boston Celtics in the 1st round (6th pick) of the 2014 NBA Draft.,,False,28,4,top-5 non-champion
2017-18,BOS,Aron Baynes,203382,/players/b/baynear01.html,381.0,19,1443.0,81,31.1,False,False,signed,2017-07-19,Signed a contract with the Boston Celtics .,,False,1,0,top-5 non-champion
2017-18,BOS,Semi Ojeleye,1628400,/players/o/ojelese01.html,222.0,16,1112.0,73,23.2,False,True,drafted,2017-06-22,Drafted by the Boston Celtics in the 2nd round (37th pick) of the 2017 NBA Draft.,,False,9,3,top-5 non-champion
2017-18,SAS,LaMarcus Aldridge,200746,/players/a/aldrila01.html,174.0,5,2466.0,75,32.5,True,True,signed,2015-07-09,Signed a multi-year contract with the San Antonio Spurs .,,False,7,0,top-5 non-champion
2017-18,SAS,Patty Mills,201988,/players/m/millspa02.html,163.0,5,2067.0,82,29.5,True,True,signed,2012-03-27,Signed as a free agent with the San Antonio Spurs .,,False,0,0,top-5 non-champion
2017-18,SAS,Rudy Gay,200752,/players/g/gayru01.html,157.0,5,1203.0,57,31.5,False,False,signed,2017-07-06,Signed a multi-year contract with the San Antonio Spurs .,,False,25,0,top-5 non-champion
2017-18,SAS,Manu Ginobili,1938,/players/g/ginobma01.html,103.0,5,1268.0,65,40.5,True,True,drafted,1999-06-30,Drafted by the San Antonio Spurs in the 2nd round (57th pick) of the 1999 NBA Draft.,,False,17,0,top-5 non-champion
2017-18,SAS,Danny Green,201980,/players/g/greenda02.html,100.0,5,1755.0,70,30.6,True,True,signed,2011-03-16,Signed a contract for the rest of the season with the San Antonio Spurs .,,False,12,0,top-5 non-champion
2017-18,SAS,Dejounte Murray,1627749,/players/m/murrade01.html,93.0,5,1701.0,80,21.4,True,True,drafted,2016-06-23,Drafted by the San Antonio Spurs in the 1st round (29th pick) of the 2016 NBA Draft.,,False,2,0,top-5 non-champion
2017-18,SAS,Pau Gasol,2200,/players/g/gasolpa01.html,88.0,5,1776.0,77,37.6,True,True,signed,2016-07-14,Signed a multi-year contract with the San Antonio Spurs .,,False,5,0,top-5 non-champion
2017-18,SAS,Davis Bertans,202722,/players/b/bertada01.html,80.0,5,1049.0,74,25.2,True,True,traded for,2011-06-23,Traded by the Indiana Pacers with Kawhi Leonard and Erazem Lorbek to the San Antonio Spurs for George Hill .,,False,8,0,top-5 non-champion
2017-18,OKC,Paul George,202331,/players/g/georgpa01.html,248.0,6,2852.0,79,27.8,False,False,traded for,2017-07-06,Traded by the Indiana Pacers to the Oklahoma City Thunder for Victor Oladipo and Domantas Sabonis .,,False,3,0,top-5 non-champion
2017-18,OKC,Russell Westbrook,201566,/players/w/westbru01.html,233.0,6,2873.0,80,29.2,True,True,drafted,2008-06-26,Drafted by the Seattle SuperSonics in the 1st round (4th pick) of the 2008 NBA Draft.,,False,2,0,top-5 non-champion
2017-18,OKC,Steven Adams,203500,/players/a/adamsst01.html,198.0,6,2449.0,76,24.5,True,True,drafted,2013-06-27,Drafted by the Oklahoma City Thunder in the 1st round (12th pick) of the 2013 NBA Draft.,,False,6,0,top-5 non-champion
2017-18,OKC,Carmelo Anthony,2546,/players/a/anthoca01.html,191.0,6,2463.0,78,33.7,False,False,traded for,2017-09-25,"Traded by the New York Knicks to the Oklahoma City Thunder for Enes Kanter , Doug McDermott and a 2018 2nd round draft pick ( Mitchell Robinson was later selected).",,False,4,0,top-5 non-champion
2017-18,OKC,Corey Brewer,201147,/players/b/breweco01.html,148.0,6,505.0,18,31.9,False,False,signed,2018-03-03,Signed a contract for the rest of the season with the Oklahoma City Thunder .,,True,0,0,top-5 non-champion
2017-18,OKC,Jerami Grant,203924,/players/g/grantje01.html,130.0,6,1610.0,81,23.9,True,True,traded for,2016-11-01,Traded by the Philadelphia 76ers to the Oklahoma City Thunder for Ersan İlyasova and a 2020 1st round draft pick ( Tyrese Maxey was later selected).,,False,1,0,top-5 non-champion
2017-18,OKC,Alex Abrines,203518,/players/a/abrinal01.html,107.0,6,1098.0,74,24.5,True,True,drafted,2013-06-27,Drafted by the Oklahoma City Thunder in the 2nd round (32nd pick) of the 2013 NBA Draft.,,False,8,0,top-5 non-champion
2017-18,OKC,Raymond Felton,101109,/players/f/feltora01.html,76.0,6,1329.0,82,33.6,False,False,signed,2017-07-10,Signed a contract with the Oklahoma City Thunder .,,False,0,0,top-5 non-champion
2017-18,HOU,James Harden,201935,/players/h/hardeja01.html,611.0,17,2512.0,72,28.4,True,True,traded for,2012-10-27,"Traded by the Oklahoma City Thunder with Cole Aldrich , Daequan Cook and Lazar Hayward to the Houston Rockets for Jeremy Lamb , Kevin Martin , a 2013 1st round draft pick ( Steven Adams was later selected), a 2013 2nd ro",,False,10,0,top-5 non-champion
2017-18,HOU,Trevor Ariza,2772,/players/a/arizatr01.html,572.0,17,2232.0,66,32.6,True,True,signed,2009-07-08,Signed as a free agent with the Houston Rockets .,,False,16,0,top-5 non-champion
2017-18,HOU,P.J. Tucker,200782,/players/t/tuckepj01.html,561.0,17,2239.0,82,32.7,False,False,signed,2017-07-06,Signed a multi-year contract with the Houston Rockets .,,False,0,0,top-5 non-champion
2017-18,HOU,Eric Gordon,201569,/players/g/gordoer01.html,537.0,17,2119.0,69,29.1,True,True,signed,2016-07-09,Signed a multi-year contract with the Houston Rockets .,,False,13,0,top-5 non-champion
2017-18,HOU,Clint Capela,203991,/players/c/capelca01.html,510.0,17,2001.0,74,23.7,True,True,drafted,2014-06-26,Drafted by the Houston Rockets in the 1st round (25th pick) of the 2014 NBA Draft.,,False,8,0,top-5 non-champion
2017-18,HOU,Chris Paul,101108,/players/p/paulch01.html,508.0,15,1818.0,58,32.7,False,False,traded for,2017-06-28,"Traded by the Los Angeles Clippers to the Houston Rockets for Patrick Beverley , Sam Dekker , Montrezl Harrell , Darrun Hilliard , DeAndre Liggins , Lou Williams , Kyle Wiltjer , $661k cash and a 2018 1st round draft pic",,False,24,2,top-5 non-champion
2017-18,HOU,Gerald Green,101123,/players/g/greenge01.html,263.0,16,909.0,41,32.0,False,False,signed,2017-12-28,Signed a contract with the Houston Rockets .,,True,9,1,top-5 non-champion
2017-18,HOU,Luc Mbah a Moute,201601,/players/m/mbahalu01.html,145.0,9,1535.0,61,31.4,False,False,signed,2017-07-19,Signed a contract with the Houston Rockets .,,False,21,8,top-5 non-champion
2018-19,GSW,Draymond Green,203110,/players/g/greendr01.html,839.0,22,2031.0,66,28.9,True,True,drafted,2012-06-28,Drafted by the Golden State Warriors in the 2nd round (35th pick) of the 2012 NBA Draft.,,False,16,0,top-5 non-champion
2018-19,GSW,Stephen Curry,201939,/players/c/curryst01.html,836.0,22,2299.0,69,30.9,True,True,drafted,2009-06-25,Drafted by the Golden State Warriors in the 1st round (7th pick) of the 2009 NBA Draft.,,False,13,0,top-5 non-champion
2018-19,GSW,Klay Thompson,202691,/players/t/thompkl01.html,808.0,21,2614.0,78,29.0,True,True,drafted,2011-06-23,Drafted by the Golden State Warriors in the 1st round (11th pick) of the 2011 NBA Draft.,,False,4,1,top-5 non-champion
2018-19,GSW,Andre Iguodala,2738,/players/i/iguodan01.html,620.0,21,1545.0,68,35.0,True,True,traded for,2013-07-10,"As part of a 3-team trade, traded by the Denver Nuggets to the Golden State Warriors ; the Denver Nuggets traded cash and a 2018 2nd round draft pick ( Sviatoslav Mykhailiuk was later selected) to the Utah Jazz ; the Gol",,False,14,1,top-5 non-champion
2018-19,GSW,Kevin Durant,201142,/players/d/duranke01.html,436.0,12,2666.0,78,30.3,True,True,signed,2016-07-07,Signed a multi-year contract with the Golden State Warriors .,,False,4,10,top-5 non-champion
2018-19,GSW,Kevon Looney,1626172,/players/l/looneke01.html,422.0,21,1445.0,80,23.0,True,True,drafted,2015-06-25,Drafted by the Golden State Warriors in the 1st round (30th pick) of the 2015 NBA Draft.,,False,2,1,top-5 non-champion
2018-19,GSW,Shaun Livingston,2733,/players/l/livinsh01.html,312.0,22,934.0,64,33.4,True,True,signed,2014-07-11,Signed a multi-year contract with the Golden State Warriors .,,False,18,0,top-5 non-champion
2018-19,GSW,Alfonzo McKinnie,1628035,/players/m/mckinal01.html,224.0,22,966.0,72,26.4,False,False,signed,2018-09-05,Signed as a free agent with the Golden State Warriors .,,False,10,0,top-5 non-champion
2018-19,BOS,Kyrie Irving,202681,/players/i/irvinky01.html,326.0,9,2176.0,67,26.9,True,True,traded for,2017-08-30,"Traded by the Cleveland Cavaliers to the Boston Celtics for Jae Crowder , Isaiah Thomas , Ante Žižić , a 2018 1st round draft pick ( Collin Sexton was later selected) and a 2020 2nd round draft pick ( Skylar Mays was lat",,False,15,0,top-5 non-champion
2018-19,BOS,Al Horford,201143,/players/h/horfoal01.html,306.0,9,1939.0,68,32.7,True,True,signed,2016-07-08,Signed a multi-year contract with the Boston Celtics .,,False,14,0,top-5 non-champion
2018-19,BOS,Jayson Tatum,1628369,/players/t/tatumja01.html,290.0,9,2419.0,79,20.9,True,True,drafted,2017-06-22,Drafted by the Boston Celtics in the 1st round (3rd pick) of the 2017 NBA Draft.,,False,3,0,top-5 non-champion
2018-19,BOS,Jaylen Brown,1627759,/players/b/brownja02.html,268.0,9,1878.0,74,22.3,True,True,drafted,2016-06-23,Drafted by the Boston Celtics in the 1st round (3rd pick) of the 2016 NBA Draft.,,False,8,0,top-5 non-champion
2018-19,BOS,Gordon Hayward,202330,/players/h/haywago01.html,263.0,9,1827.0,72,28.9,True,True,signed,2017-07-14,Signed a multi-year contract with the Boston Celtics .,,False,10,0,top-5 non-champion
2018-19,BOS,Marcus Morris Sr.,202694,/players/m/morrima03.html,250.0,9,2054.0,75,29.4,True,True,traded for,2017-07-07,Traded by the Detroit Pistons to the Boston Celtics for Avery Bradley and a 2019 2nd round draft pick ( Isaiah Roby was later selected).,,False,7,0,top-5 non-champion
2018-19,BOS,Terry Rozier,1626179,/players/r/roziete01.html,157.0,9,1750.0,79,24.9,True,True,drafted,2015-06-25,Drafted by the Boston Celtics in the 1st round (16th pick) of the 2015 NBA Draft.,,False,3,0,top-5 non-champion
2018-19,BOS,Aron Baynes,203382,/players/b/baynear01.html,111.0,9,795.0,51,32.1,True,True,signed,2017-07-19,Signed a contract with the Boston Celtics .,,False,31,0,top-5 non-champion
2018-19,HOU,P.J. Tucker,200782,/players/t/tuckepj01.html,421.0,11,2760.0,82,33.7,True,True,signed,2017-07-06,Signed a multi-year contract with the Houston Rockets .,,False,0,0,top-5 non-champion
2018-19,HOU,James Harden,201935,/players/h/hardeja01.html,417.0,11,2827.0,78,29.4,True,True,traded for,2012-10-27,"Traded by the Oklahoma City Thunder with Cole Aldrich , Daequan Cook and Lazar Hayward to the Houston Rockets for Jeremy Lamb , Kevin Martin , a 2013 1st round draft pick ( Steven Adams was later selected), a 2013 2nd ro",,False,4,0,top-5 non-champion
2018-19,HOU,Eric Gordon,201569,/players/g/gordoer01.html,403.0,11,2130.0,68,30.1,True,True,signed,2016-07-09,Signed a multi-year contract with the Houston Rockets .,,False,14,0,top-5 non-champion
2018-19,HOU,Chris Paul,101108,/players/p/paulch01.html,392.0,11,1834.0,58,33.7,True,True,traded for,2017-06-28,"Traded by the Los Angeles Clippers to the Houston Rockets for Patrick Beverley , Sam Dekker , Montrezl Harrell , Darrun Hilliard , DeAndre Liggins , Lou Williams , Kyle Wiltjer , $661k cash and a 2018 1st round draft pic",,False,24,0,top-5 non-champion
2018-19,HOU,Clint Capela,203991,/players/c/capelca01.html,324.0,11,2215.0,67,24.7,True,True,drafted,2014-06-26,Drafted by the Houston Rockets in the 1st round (25th pick) of the 2014 NBA Draft.,,False,15,0,top-5 non-champion
2018-19,HOU,Austin Rivers,203085,/players/r/riverau01.html,211.0,10,1320.0,47,26.5,False,False,signed,2018-12-24,Signed a contract with the Houston Rockets .,,True,3,1,top-5 non-champion
2018-19,HOU,Danuel House Jr.,1627863,/players/h/houseda01.html,137.0,7,959.0,39,25.7,False,False,signed,2018-12-06,Signed a two-way contract with the Houston Rockets .,,True,20,4,top-5 non-champion
2018-19,HOU,Iman Shumpert,202697,/players/s/shumpim01.html,105.0,8,373.0,20,28.6,False,False,traded for,2019-02-07,"As part of a 3-team trade, traded by the Sacramento Kings to the Houston Rockets ; the Cleveland Cavaliers traded Wade Baldwin , Nik Stauskas and a 2021 2nd round draft pick ( Sandro Mamukelashvili was later selected) to",,True,8,3,top-5 non-champion
2018-19,LAL,Kyle Kuzma,1628398,/players/k/kuzmaky01.html,0.0,0,2281.0,70,23.5,True,True,traded for,2017-06-22,Traded by the Brooklyn Nets with Brook Lopez to the Los Angeles Lakers for Timofey Mozgov and D'Angelo Russell .,,False,12,0,top-5 non-champion
2018-19,LAL,Kentavious Caldwell-Pope,203484,/players/c/caldwke01.html,0.0,0,1999.0,82,26.0,True,True,signed,2017-07-13,Signed a contract with the Los Angeles Lakers .,,False,0,0,top-5 non-champion
2018-19,LAL,LeBron James,2544,/players/j/jamesle01.html,0.0,0,1913.0,55,34.1,False,False,signed,2018-07-09,Signed as a free agent with the Los Angeles Lakers .,,False,27,0,top-5 non-champion
2018-19,LAL,Brandon Ingram,1627742,/players/i/ingrabr01.html,0.0,0,1736.0,52,21.4,True,True,drafted,2016-06-23,Drafted by the Los Angeles Lakers in the 1st round (2nd pick) of the 2016 NBA Draft.,,False,30,0,top-5 non-champion
2018-19,LAL,Josh Hart,1628404,/players/h/hartjo01.html,0.0,0,1681.0,67,23.9,True,True,traded for,2017-06-22,Traded by the Utah Jazz with Thomas Bryant to the Los Angeles Lakers for Tony Bradley .,,False,15,0,top-5 non-champion
2018-19,LAL,JaVale McGee,201580,/players/m/mcgeeja01.html,0.0,0,1629.0,75,31.0,False,False,signed,2018-07-10,Signed as a free agent with the Los Angeles Lakers .,,False,7,0,top-5 non-champion
2018-19,LAL,Lonzo Ball,1628366,/players/b/balllo01.html,0.0,0,1400.0,47,21.3,True,True,drafted,2017-06-22,Drafted by the Los Angeles Lakers in the 1st round (2nd pick) of the 2017 NBA Draft.,,False,35,0,top-5 non-champion
2018-19,LAL,Rajon Rondo,200765,/players/r/rondora01.html,0.0,0,1343.0,46,32.9,False,False,signed,2018-07-06,Signed as a free agent with the Los Angeles Lakers .,,False,36,0,top-5 non-champion
2019-20,LAC,Kawhi Leonard,202695,/players/l/leonaka01.html,503.0,13,1819.0,57,28.6,False,False,signed,2019-07-09,Signed as a free agent with the Los Angeles Clippers .,,False,15,0,top-5 non-champion
2019-20,LAC,Paul George,202331,/players/g/georgpa01.html,472.0,13,1397.0,48,29.8,False,False,traded for,2019-07-10,"Traded by the Oklahoma City Thunder with a 2025 1st round draft pick ( Yanic Konan Niederhauser was later selected) to the Los Angeles Clippers for Danilo Gallinari , Shai Gilgeous-Alexander , a 2021 1st round draft pick",,False,24,0,top-5 non-champion
2019-20,LAC,Marcus Morris Sr.,202694,/players/m/morrima03.html,382.0,13,538.0,19,30.4,False,False,traded for,2020-02-06,"As part of a 3-team trade, traded by the New York Knicks to the Los Angeles Clippers ; the Los Angeles Clippers traded Maurice Harkless , a 2020 1st round draft pick ( Udoka Azubuike was later selected), a 2021 1st round",,True,2,0,top-5 non-champion
2019-20,LAC,Lou Williams,101150,/players/w/willilo02.html,334.0,13,1832.0,65,33.3,True,True,traded for,2017-06-28,"Traded by the Houston Rockets with Patrick Beverley , Sam Dekker , Montrezl Harrell , Darrun Hilliard , DeAndre Liggins , Kyle Wiltjer , $661k cash and a 2018 1st round draft pick ( Omari Spellman was later selected) to ",,False,7,0,top-5 non-champion
2019-20,LAC,Ivica Zubac,1627826,/players/z/zubaciv01.html,314.0,13,1291.0,72,22.9,True,True,traded for,2019-02-07,Traded by the Los Angeles Lakers with Michael Beasley to the Los Angeles Clippers for Mike Muscala .,,False,0,0,top-5 non-champion
2019-20,LAC,Landry Shamet,1629013,/players/s/shamela01.html,238.0,13,1427.0,53,22.9,True,True,traded for,2019-02-06,"Traded by the Philadelphia 76ers with Wilson Chandler , Mike Muscala , a 2020 1st round draft pick ( Saddiq Bey was later selected), a 2021 1st round draft pick ( Tre Mann was later selected), a 2021 2nd round draft pick",,False,19,0,top-5 non-champion
2019-20,LAC,Montrezl Harrell,1626149,/players/h/harremo01.html,235.0,13,1717.0,63,26.0,True,True,traded for,2017-06-28,"Traded by the Houston Rockets with Patrick Beverley , Sam Dekker , Darrun Hilliard , DeAndre Liggins , Lou Williams , Kyle Wiltjer , $661k cash and a 2018 1st round draft pick ( Omari Spellman was later selected) to the ",,False,9,0,top-5 non-champion
2019-20,LAC,JaMychal Green,203210,/players/g/greenja01.html,216.0,13,1277.0,63,29.6,True,True,traded for,2019-02-07,Traded by the Memphis Grizzlies with Garrett Temple to the Los Angeles Clippers for Avery Bradley .,,False,9,0,top-5 non-champion
2019-20,MIL,Khris Middleton,203114,/players/m/middlkh01.html,351.0,10,1823.0,62,28.5,True,True,traded for,2013-07-31,Traded by the Detroit Pistons with Brandon Knight and Viacheslav Kravtsov to the Milwaukee Bucks for Brandon Jennings .,,False,11,0,top-5 non-champion
2019-20,MIL,Brook Lopez,201572,/players/l/lopezbr01.html,323.0,10,1785.0,68,31.8,True,True,signed,2018-07-17,Signed as a free agent with the Milwaukee Bucks .,,False,5,0,top-5 non-champion
2019-20,MIL,Giannis Antetokounmpo,203507,/players/a/antetgi01.html,272.0,9,1886.0,63,25.2,True,True,drafted,2013-06-27,Drafted by the Milwaukee Bucks in the 1st round (15th pick) of the 2013 NBA Draft.,,False,10,1,top-5 non-champion
2019-20,MIL,George Hill,201588,/players/h/hillge01.html,263.0,10,1239.0,59,33.7,True,True,signed,2019-07-08,Signed as a free agent with the Milwaukee Bucks .,,False,14,0,top-5 non-champion
2019-20,MIL,Eric Bledsoe,202339,/players/b/bledser01.html,260.0,9,1618.0,61,30.1,True,True,traded for,2017-11-07,"Traded by the Phoenix Suns to the Milwaukee Bucks for Greg Monroe , a 2018 2nd round draft pick and a 2020 1st round draft pick ( Desmond Bane was later selected). Conditional 1st-rd pick did not convey in 2018 or 2019, ",,False,12,1,top-5 non-champion
2019-20,MIL,Wesley Matthews,202083,/players/m/matthwe02.html,240.0,10,1601.0,67,33.3,False,False,signed,2019-07-12,Signed as a free agent with the Milwaukee Bucks .,,False,6,0,top-5 non-champion
2019-20,MIL,Marvin Williams,101107,/players/w/willima02.html,175.0,10,313.0,17,33.6,False,False,signed,2020-02-10,Signed a contract for the rest of the season with the Milwaukee Bucks .,,True,4,0,top-5 non-champion
2019-20,MIL,Pat Connaughton,1626192,/players/c/connapa01.html,166.0,9,1213.0,66,27.1,True,True,signed,2018-08-01,Signed as a free agent with the Milwaukee Bucks .,,False,7,1,top-5 non-champion
2019-20,HOU,James Harden,201935,/players/h/hardeja01.html,442.0,12,2452.0,68,30.4,True,True,traded for,2012-10-27,"Traded by the Oklahoma City Thunder with Cole Aldrich , Daequan Cook and Lazar Hayward to the Houston Rockets for Jeremy Lamb , Kevin Martin , a 2013 1st round draft pick ( Steven Adams was later selected), a 2013 2nd ro",,False,4,0,top-5 non-champion
2019-20,HOU,P.J. Tucker,200782,/players/t/tuckepj01.html,408.0,12,2431.0,72,34.7,True,True,signed,2017-07-06,Signed a multi-year contract with the Houston Rockets .,,False,0,0,top-5 non-champion
2019-20,HOU,Eric Gordon,201569,/players/g/gordoer01.html,405.0,12,999.0,36,31.1,True,True,signed,2016-07-09,Signed a multi-year contract with the Houston Rockets .,,False,36,0,top-5 non-champion
2019-20,HOU,Robert Covington,203496,/players/c/covinro01.html,373.0,12,715.0,22,29.1,False,False,traded for,2020-02-05,"As part of a 4-team trade, traded by the Minnesota Timberwolves with Jordan Bell to the Houston Rockets ; the Atlanta Hawks traded a 2024 2nd round draft pick ( Pelle Larsson was later selected) to the Houston Rockets ; ",,True,0,0,top-5 non-champion
2019-20,HOU,Jeff Green,201145,/players/g/greenje02.html,335.0,12,399.0,18,33.4,False,False,signed,2020-02-18,Signed a 10-day contract with the Houston Rockets .,,True,0,0,top-5 non-champion
2019-20,HOU,Danuel House Jr.,1627863,/players/h/houseda01.html,275.0,9,1885.0,63,26.7,True,True,signed,2018-12-06,Signed a two-way contract with the Houston Rockets .,,False,9,3,top-5 non-champion
2019-20,HOU,Russell Westbrook,201566,/players/w/westbru01.html,257.0,8,2020.0,57,31.2,False,False,traded for,2019-07-16,"Traded by the Oklahoma City Thunder to the Houston Rockets for Chris Paul , a 2021 1st round draft pick, a 2024 1st round draft pick ( Nikola Topić was later selected), a 2025 1st round draft pick and a 2026 1st round dr",,False,15,4,top-5 non-champion
2019-20,HOU,Austin Rivers,203085,/players/r/riverau01.html,205.0,12,1560.0,68,27.5,True,True,signed,2018-12-24,Signed a contract with the Houston Rockets .,,False,4,0,top-5 non-champion
2019-20,PHI,Tobias Harris,202699,/players/h/harrito02.html,147.0,4,2432.0,72,27.5,True,True,traded for,2019-02-06,"Traded by the Los Angeles Clippers with Boban Marjanović and Mike Scott to the Philadelphia 76ers for Wilson Chandler , Mike Muscala , Landry Shamet , a 2020 1st round draft pick ( Saddiq Bey was later selected), a 2021 ",,False,1,0,top-5 non-champion
2019-20,PHI,Joel Embiid,203954,/players/e/embiijo01.html,143.0,4,1480.0,51,25.9,True,True,drafted,2014-06-26,Drafted by the Philadelphia 76ers in the 1st round (3rd pick) of the 2014 NBA Draft.,,False,22,0,top-5 non-champion
2019-20,PHI,Josh Richardson,1626196,/players/r/richajo01.html,142.0,4,1666.0,55,26.4,False,False,traded for,2019-07-06,"As part of a 4-team trade, traded by the Miami Heat to the Philadelphia 76ers ; the Los Angeles Clippers traded cash to the Miami Heat ; the Miami Heat traded a 2023 1st round draft pick ( Jaime Jaquez Jr. was later sele",,False,18,0,top-5 non-champion
2019-20,PHI,Al Horford,201143,/players/h/horfoal01.html,127.0,4,1993.0,67,33.7,False,False,signed,2019-07-10,Signed as a free agent with the Philadelphia 76ers .,,False,6,0,top-5 non-champion
2019-20,PHI,Shake Milton,1629003,/players/m/miltosh01.html,124.0,4,787.0,38,23.3,True,True,traded for,2018-06-21,Traded by the Dallas Mavericks to the Philadelphia 76ers for Kostas Antetokounmpo and Ray Spalding .,,False,35,0,top-5 non-champion
2019-20,PHI,Alec Burks,202692,/players/b/burksal01.html,92.0,4,355.0,18,28.5,False,False,traded for,2020-02-06,"Traded by the Golden State Warriors with Glenn Robinson to the Philadelphia 76ers for a 2020 2nd round draft pick ( Nico Mannion was later selected), a 2021 2nd round draft pick ( Aaron Wiggins was later selected) and a ",,True,4,0,top-5 non-champion
2019-20,PHI,Matisse Thybulle,1629680,/players/t/thybuma01.html,73.0,4,1252.0,65,22.9,False,False,traded for,2019-06-21,Traded by the Boston Celtics to the Philadelphia 76ers for Carsen Edwards and Ty Jerome .,,False,8,0,top-5 non-champion
2019-20,PHI,Furkan Korkmaz,1627788,/players/k/korkmfu01.html,38.0,4,1519.0,72,22.5,True,True,drafted,2016-06-23,Drafted by the Philadelphia 76ers in the 1st round (26th pick) of the 2016 NBA Draft.,,False,1,0,top-5 non-champion
2020-21,LAL,LeBron James,2544,/players/j/jamesle01.html,220.0,6,1482.0,45,36.1,True,True,signed,2018-07-09,Signed as a free agent with the Los Angeles Lakers .,,False,27,0,top-5 non-champion
2020-21,LAL,Dennis Schröder,203471,/players/s/schrode01.html,194.0,6,1926.0,61,27.4,False,False,traded for,2020-11-18,Traded by the Oklahoma City Thunder to the Los Angeles Lakers for Danny Green and Jaden McDaniels .,,False,11,0,top-5 non-champion
2020-21,LAL,Kentavious Caldwell-Pope,203484,/players/c/caldwke01.html,143.0,5,1872.0,67,28.0,True,True,signed,2017-07-13,Signed a contract with the Los Angeles Lakers .,,False,5,1,top-5 non-champion
2020-21,LAL,Anthony Davis,203076,/players/d/davisan02.html,141.0,5,1145.0,36,27.9,True,True,traded for,2019-07-06,"As part of a 3-team trade, traded by the New Orleans Pelicans to the Los Angeles Lakers ; the Los Angeles Lakers traded Lonzo Ball , Josh Hart , De'Andre Hunter , Brandon Ingram , cash, a 2022 1st round draft pick ( Dyso",,False,36,1,top-5 non-champion
2020-21,LAL,Kyle Kuzma,1628398,/players/k/kuzmaky01.html,126.0,6,1925.0,68,25.5,True,True,traded for,2017-06-22,Traded by the Brooklyn Nets with Brook Lopez to the Los Angeles Lakers for Timofey Mozgov and D'Angelo Russell .,,False,4,0,top-5 non-champion
2020-21,LAL,Alex Caruso,1627936,/players/c/carusal01.html,118.0,6,1186.0,58,26.9,True,True,signed,2017-07-13,Signed a two-way contract with the Los Angeles Lakers .,,False,14,0,top-5 non-champion
2020-21,LAL,Wesley Matthews,202083,/players/m/matthwe02.html,108.0,6,1097.0,58,34.3,False,False,signed,2020-11-22,Signed as a free agent with the Los Angeles Lakers .,,False,14,0,top-5 non-champion
2020-21,LAL,Andre Drummond,203083,/players/d/drumman01.html,103.0,5,510.0,21,27.5,False,False,signed,2021-03-28,Signed a contract with the Los Angeles Lakers .,,True,5,1,top-5 non-champion
2020-21,BKN,Kevin Durant,201142,/players/d/duranke01.html,480.0,12,1138.0,35,32.3,False,True,traded for,2019-07-07,"Traded by the Golden State Warriors with a 2025 2nd round draft pick ( Javon Small was later selected) to the Brooklyn Nets for Treveon Graham , Shabazz Napier and D'Angelo Russell . Conditional 2020 1st-rd pick did not ",,False,37,0,top-5 non-champion
2020-21,BKN,Joe Harris,203925,/players/h/harrijo01.html,430.0,12,2108.0,69,29.4,True,True,signed,2016-07-19,Signed a multi-year contract with the Brooklyn Nets .,,False,3,0,top-5 non-champion
2020-21,BKN,Kyrie Irving,202681,/players/i/irvinky01.html,319.0,9,1860.0,54,28.9,True,True,signed,2019-07-06,Signed as a free agent with the Brooklyn Nets .,,False,18,3,top-5 non-champion
2020-21,BKN,James Harden,201935,/players/h/hardeja01.html,317.0,8,1301.0,36,31.4,False,False,traded for,2021-01-16,"As part of a 4-team trade, traded by the Houston Rockets to the Brooklyn Nets ; the Brooklyn Nets traded Jarrett Allen and Taurean Prince to the Cleveland Cavaliers ; the Brooklyn Nets traded Rodions Kurucs , a 2021 1st ",,True,23,4,top-5 non-champion
2020-21,BKN,Blake Griffin,201933,/players/g/griffbl01.html,312.0,12,549.0,26,31.9,False,False,signed,2021-03-08,Signed a contract for the rest of the season with the Brooklyn Nets .,,True,9,0,top-5 non-champion
2020-21,BKN,Bruce Brown,1628971,/players/b/brownbr01.html,271.0,12,1417.0,65,24.5,False,False,traded for,2020-11-19,"As part of a 3-team trade, traded by the Detroit Pistons to the Brooklyn Nets ; the Brooklyn Nets traded Saddiq Bey , Jaylen Hands , Dzanan Musa and a 2021 2nd round draft pick ( JT Thor was later selected) to the Detroi",,False,7,0,top-5 non-champion
2020-21,BKN,Landry Shamet,1629013,/players/s/shamela01.html,201.0,12,1374.0,61,23.9,False,False,traded for,2020-11-19,"As part of a 3-team trade, traded by the Los Angeles Clippers with Reggie Perry to the Brooklyn Nets ; the Brooklyn Nets traded Saddiq Bey , Jaylen Hands , Dzanan Musa and a 2021 2nd round draft pick ( JT Thor was later ",,False,11,0,top-5 non-champion
2020-21,BKN,Jeff Green,201145,/players/g/greenje02.html,145.0,6,1802.0,68,34.4,False,False,signed,2020-11-23,Signed as a free agent with the Brooklyn Nets .,,False,4,6,top-5 non-champion
2020-21,LAC,Paul George,202331,/players/g/georgpa01.html,766.0,19,1791.0,54,30.8,True,True,traded for,2019-07-10,"Traded by the Oklahoma City Thunder with a 2025 1st round draft pick ( Yanic Konan Niederhauser was later selected) to the Los Angeles Clippers for Danilo Gallinari , Shai Gilgeous-Alexander , a 2021 1st round draft pick",,False,18,0,top-5 non-champion
2020-21,LAC,Reggie Jackson,202704,/players/j/jacksre01.html,613.0,19,1511.0,67,30.8,True,True,signed,2020-02-20,Signed a contract for the rest of the season with the Los Angeles Clippers .,,False,5,0,top-5 non-champion
2020-21,LAC,Marcus Morris Sr.,202694,/players/m/morrima03.html,595.0,19,1477.0,57,31.4,True,True,traded for,2020-02-06,"As part of a 3-team trade, traded by the New York Knicks to the Los Angeles Clippers ; the Los Angeles Clippers traded Maurice Harkless , a 2020 1st round draft pick ( Udoka Azubuike was later selected), a 2021 1st round",,False,15,0,top-5 non-champion
2020-21,LAC,Nicolas Batum,201587,/players/b/batumni01.html,545.0,19,1801.0,67,32.1,False,False,signed,2020-12-01,Signed as a free agent with the Los Angeles Clippers .,,False,5,0,top-5 non-champion
2020-21,LAC,Kawhi Leonard,202695,/players/l/leonaka01.html,425.0,11,1748.0,52,29.6,True,True,signed,2019-07-09,Signed as a free agent with the Los Angeles Clippers .,,False,20,8,top-5 non-champion
2020-21,LAC,Terance Mann,1629611,/players/m/mannte01.html,372.0,18,1231.0,63,24.3,True,True,drafted,2019-06-20,Drafted by the Los Angeles Clippers in the 2nd round (48th pick) of the 2019 NBA Draft.,,False,9,1,top-5 non-champion
2020-21,LAC,Patrick Beverley,201976,/players/b/beverpa01.html,315.0,16,815.0,37,32.6,True,True,traded for,2017-06-28,"Traded by the Houston Rockets with Sam Dekker , Montrezl Harrell , Darrun Hilliard , DeAndre Liggins , Lou Williams , Kyle Wiltjer , $661k cash and a 2018 1st round draft pick ( Omari Spellman was later selected) to the ",,False,35,3,top-5 non-champion
2020-21,LAC,Ivica Zubac,1627826,/players/z/zubaciv01.html,293.0,17,1573.0,71,23.9,True,True,traded for,2019-02-07,Traded by the Los Angeles Lakers with Michael Beasley to the Los Angeles Clippers for Mike Muscala .,,False,1,2,top-5 non-champion
2020-21,BOS,Jayson Tatum,1628369,/players/t/tatumja01.html,183.0,5,2260.0,64,22.9,True,True,drafted,2017-06-22,Drafted by the Boston Celtics in the 1st round (3rd pick) of the 2017 NBA Draft.,,False,8,0,top-5 non-champion
2020-21,BOS,Marcus Smart,203935,/players/s/smartma01.html,180.0,5,1559.0,48,26.9,True,True,drafted,2014-06-26,Drafted by the Boston Celtics in the 1st round (6th pick) of the 2014 NBA Draft.,,False,24,0,top-5 non-champion
2020-21,BOS,Evan Fournier,203095,/players/f/fournev01.html,163.0,5,464.0,16,28.3,False,False,traded for,2021-03-25,"Traded by the Orlando Magic to the Boston Celtics for Jeff Teague , a 2025 2nd round draft pick ( Max Shulga was later selected) and a 2027 2nd round draft pick.  2025 2nd-rd pick (less favorable of BOS, MEM picks) Orlan",,True,12,0,top-5 non-champion
2020-21,BOS,Tristan Thompson,202684,/players/t/thomptr01.html,129.0,5,1259.0,54,29.9,False,False,signed,2020-11-30,Signed as a free agent with the Boston Celtics .,,False,18,0,top-5 non-champion
2020-21,BOS,Romeo Langford,1629641,/players/l/langfro01.html,107.0,4,273.0,18,21.3,True,True,drafted,2019-06-20,Drafted by the Boston Celtics in the 1st round (14th pick) of the 2019 NBA Draft.,,False,54,1,top-5 non-champion
2020-21,BOS,Kemba Walker,202689,/players/w/walkeke02.html,89.0,3,1350.0,43,30.7,True,True,traded for,2019-07-06,Traded by the Charlotte Hornets with a 2020 2nd round draft pick ( Yam Madar was later selected) to the Boston Celtics for Terry Rozier and a 2020 2nd round draft pick ( Grant Riller was later selected). (2020 second-rou,,False,29,2,top-5 non-champion
2020-21,BOS,Aaron Nesmith,1630174,/players/n/nesmiaa01.html,72.0,5,648.0,46,21.3,False,True,drafted,2020-11-18,Drafted by the Boston Celtics in the 1st round (14th pick) of the 2020 NBA Draft.,,False,26,0,top-5 non-champion
2020-21,BOS,Payton Pritchard,1630202,/players/p/pritcpa01.html,65.0,5,1238.0,66,23.0,False,False,drafted,2020-11-18,Drafted by the Boston Celtics in the 1st round (26th pick) of the 2020 NBA Draft.,,False,6,0,top-5 non-champion
2021-22,BKN,Kevin Durant,201142,/players/d/duranke01.html,174.0,4,2023.0,55,33.3,True,True,traded for,2019-07-07,"Traded by the Golden State Warriors with a 2025 2nd round draft pick ( Javon Small was later selected) to the Brooklyn Nets for Treveon Graham , Shabazz Napier and D'Angelo Russell . Conditional 2020 1st-rd pick did not ",,False,27,0,top-5 non-champion
2021-22,BKN,Kyrie Irving,202681,/players/i/irvinky01.html,169.0,4,1076.0,29,29.9,True,True,signed,2019-07-06,Signed as a free agent with the Brooklyn Nets .,,False,53,0,top-5 non-champion
2021-22,BKN,Bruce Brown,1628971,/players/b/brownbr01.html,136.0,4,1734.0,72,25.5,True,True,traded for,2020-11-19,"As part of a 3-team trade, traded by the Detroit Pistons to the Brooklyn Nets ; the Brooklyn Nets traded Saddiq Bey , Jaylen Hands , Dzanan Musa and a 2021 2nd round draft pick ( JT Thor was later selected) to the Detroi",,False,10,0,top-5 non-champion
2021-22,BKN,Seth Curry,203552,/players/c/curryse01.html,130.0,4,560.0,19,31.4,False,False,traded for,2022-02-10,"Traded by the Philadelphia 76ers with Andre Drummond , Ben Simmons , a 2023 1st round draft pick ( Brice Sensabaugh was later selected) and a 2027 1st round draft pick to the Brooklyn Nets for James Harden and Paul Mills",,True,9,0,top-5 non-champion
2021-22,BKN,Nic Claxton,1629651,/players/c/claxtni01.html,96.0,4,955.0,47,22.8,True,True,drafted,2019-06-20,Drafted by the Brooklyn Nets in the 2nd round (31st pick) of the 2019 NBA Draft.,,False,35,0,top-5 non-champion
2021-22,BKN,Goran Dragic,201609,/players/d/dragigo01.html,77.0,4,400.0,16,35.7,False,False,signed,2022-02-22,Signed a contract with the Brooklyn Nets .,,True,7,0,top-5 non-champion
2021-22,BKN,Patty Mills,201988,/players/m/millspa02.html,70.0,4,2304.0,81,33.5,False,False,signed,2021-08-10,Signed a multi-year contract with the Brooklyn Nets .,,False,1,0,top-5 non-champion
2021-22,BKN,Andre Drummond,203083,/players/d/drumman01.html,58.0,4,523.0,24,28.5,False,False,traded for,2022-02-10,"Traded by the Philadelphia 76ers with Seth Curry , Ben Simmons , a 2023 1st round draft pick ( Brice Sensabaugh was later selected) and a 2027 1st round draft pick to the Brooklyn Nets for James Harden and Paul Millsap .",,True,4,0,top-5 non-champion
2021-22,LAL,Russell Westbrook,201566,/players/w/westbru01.html,0.0,0,2641.0,78,33.2,False,False,traded for,2021-08-06,"As part of a 5-team trade, traded by the Washington Wizards with a 2023 2nd round draft pick ( Tristan Vukcevic was later selected), a 2024 2nd round draft pick ( Bobi Klintman was later selected) and a 2028 2nd round dr",,False,4,0,top-5 non-champion
2021-22,LAL,Malik Monk,1628370,/players/m/monkma01.html,0.0,0,2102.0,76,24.0,False,False,signed,2021-08-06,Signed a contract with the Los Angeles Lakers .,,False,6,0,top-5 non-champion
2021-22,LAL,LeBron James,2544,/players/j/jamesle01.html,0.0,0,2056.0,56,37.1,True,True,signed,2018-07-09,Signed as a free agent with the Los Angeles Lakers .,,False,26,0,top-5 non-champion
2021-22,LAL,Carmelo Anthony,2546,/players/a/anthoca01.html,0.0,0,1758.0,69,37.7,False,False,signed,2021-08-06,Signed a contract with the Los Angeles Lakers .,,False,13,0,top-5 non-champion
2021-22,LAL,Talen Horton-Tucker,1629659,/players/h/hortota01.html,0.0,0,1483.0,60,21.2,True,True,traded for,2019-06-20,Traded by the Orlando Magic to the Los Angeles Lakers for cash and a 2020 2nd round draft pick ( Paul Reed was later selected). $2.2MM,,False,22,0,top-5 non-champion
2021-22,LAL,Austin Reaves,1630559,/players/r/reaveau01.html,0.0,0,1388.0,61,23.7,False,False,signed,2021-08-03,Signed a two-way contract with the Los Angeles Lakers .,,False,21,0,top-5 non-champion
2021-22,LAL,Anthony Davis,203076,/players/d/davisan02.html,0.0,0,1384.0,40,28.9,True,True,traded for,2019-07-06,"As part of a 3-team trade, traded by the New Orleans Pelicans to the Los Angeles Lakers ; the Los Angeles Lakers traded Lonzo Ball , Josh Hart , De'Andre Hunter , Brandon Ingram , cash, a 2022 1st round draft pick ( Dyso",,False,42,0,top-5 non-champion
2021-22,LAL,Avery Bradley,202340,/players/b/bradlav01.html,0.0,0,1369.0,62,31.2,False,False,signed,2021-10-18,Claimed on waivers by the Los Angeles Lakers from the Golden State Warriors .,,False,20,0,top-5 non-champion
2021-22,MIL,Jrue Holiday,201950,/players/h/holidjr01.html,454.0,12,2173.0,66,31.6,True,True,traded for,2020-11-23,"As part of a 4-team trade, traded by the New Orleans Pelicans with Sam Merrill and a 2024 1st round draft pick ( A.J. Johnson was later selected) to the Milwaukee Bucks ; the Denver Nuggets traded a 2023 1st round draft ",,False,16,0,top-5 non-champion
2021-22,MIL,Giannis Antetokounmpo,203507,/players/a/antetgi01.html,442.0,12,2170.0,67,27.2,True,True,drafted,2013-06-27,Drafted by the Milwaukee Bucks in the 1st round (15th pick) of the 2013 NBA Draft.,,False,15,0,top-5 non-champion
2021-22,MIL,Wesley Matthews,202083,/players/m/matthwe02.html,338.0,12,976.0,49,35.3,False,False,signed,2021-12-03,Signed a contract with the Milwaukee Bucks .,,True,10,0,top-5 non-champion
2021-22,MIL,Brook Lopez,201572,/players/l/lopezbr01.html,328.0,12,293.0,13,33.8,True,True,signed,2018-07-17,Signed as a free agent with the Milwaukee Bucks .,,False,69,0,top-5 non-champion
2021-22,MIL,Pat Connaughton,1626192,/players/c/connapa01.html,313.0,12,1656.0,65,29.1,True,True,signed,2018-08-01,Signed as a free agent with the Milwaukee Bucks .,,False,17,0,top-5 non-champion
2021-22,MIL,Grayson Allen,1628960,/players/a/allengr01.html,299.0,12,1772.0,66,26.3,False,False,traded for,2021-08-07,"Traded by the Memphis Grizzlies with cash to the Milwaukee Bucks for Sam Merrill , a 2024 2nd round draft pick ( Cam Christie was later selected) and a 2026 2nd round draft pick ( Richie Saunders was later selected).  20",,False,16,0,top-5 non-champion
2021-22,MIL,Bobby Portis,1626171,/players/p/portibo01.html,291.0,12,1998.0,72,27.0,True,True,signed,2020-11-24,Signed as a free agent with the Milwaukee Bucks .,,False,10,0,top-5 non-champion
2021-22,MIL,Jevon Carter,1628975,/players/c/carteje01.html,121.0,10,343.0,19,26.4,False,False,signed,2022-02-24,Signed a contract with the Milwaukee Bucks .,,True,3,2,top-5 non-champion
2021-22,PHX,Mikal Bridges,1628969,/players/b/bridgmi01.html,495.0,13,2809.0,82,25.4,True,True,traded for,2012-07-11,"Traded by the Los Angeles Lakers (as a future 2018 1st round draft pick)  with a 2013 1st round draft pick ( Nemanja Nedović was later selected), a 2013 2nd round draft pick ( Alex Oriakhi was later selected) and a 2014 ",,False,0,0,top-5 non-champion
2021-22,PHX,Chris Paul,101108,/players/p/paulch01.html,440.0,13,2105.0,65,36.7,True,True,traded for,2020-11-16,"Traded by the Oklahoma City Thunder with Abdel Nader to the Phoenix Suns for Ty Jerome , Jalen Lecque , Kelly Oubre Jr. , Ricky Rubio and a 2022 1st round draft pick ( Peyton Watson was later selected). 2022 1st-rd pick ",,False,17,0,top-5 non-champion
2021-22,PHX,Deandre Ayton,1629028,/players/a/aytonde01.html,391.0,13,1685.0,58,23.5,True,True,drafted,2018-06-21,Drafted by the Phoenix Suns in the 1st round (1st pick) of the 2018 NBA Draft.,,False,24,0,top-5 non-champion
2021-22,PHX,Jae Crowder,203109,/players/c/crowdja01.html,378.0,13,1853.0,67,31.6,True,True,signed,2020-11-28,Signed as a free agent with the Phoenix Suns .,,False,15,0,top-5 non-champion
2021-22,PHX,Devin Booker,1626164,/players/b/bookede01.html,362.0,10,2311.0,68,25.3,True,True,drafted,2015-06-25,Drafted by the Phoenix Suns in the 1st round (13th pick) of the 2015 NBA Draft.,,False,14,3,top-5 non-champion
2021-22,PHX,Cameron Johnson,1629661,/players/j/johnsca02.html,313.0,13,1699.0,66,25.9,True,True,traded for,2019-07-06,Traded by the Minnesota Timberwolves with Dario Šarić to the Phoenix Suns for Jarrett Culver .,,False,16,0,top-5 non-champion
2021-22,PHX,Landry Shamet,1629013,/players/s/shamela01.html,186.0,12,1406.0,69,24.9,False,False,traded for,2021-08-06,Traded by the Brooklyn Nets to the Phoenix Suns for Jevon Carter and Day'Ron Sharpe .  Brooklyn received a trade exception.,,False,13,1,top-5 non-champion
2021-22,PHX,Cameron Payne,1626166,/players/p/payneca01.html,165.0,13,1249.0,58,27.5,True,True,signed,2020-06-30,Signed a multi-year contract with the Phoenix Suns .,,False,24,0,top-5 non-champion
2022-23,BOS,Jayson Tatum,1628369,/players/t/tatumja01.html,788.0,20,2693.0,74,24.9,True,True,drafted,2017-06-22,Drafted by the Boston Celtics in the 1st round (3rd pick) of the 2017 NBA Draft.,,False,8,0,top-5 non-champion
2022-23,BOS,Jaylen Brown,1627759,/players/b/brownja02.html,742.0,20,2373.0,67,26.3,True,True,drafted,2016-06-23,Drafted by the Boston Celtics in the 1st round (3rd pick) of the 2016 NBA Draft.,,False,15,0,top-5 non-champion
2022-23,BOS,Marcus Smart,203935,/players/s/smartma01.html,670.0,20,1924.0,61,28.9,True,True,drafted,2014-06-26,Drafted by the Boston Celtics in the 1st round (6th pick) of the 2014 NBA Draft.,,False,21,0,top-5 non-champion
2022-23,BOS,Al Horford,201143,/players/h/horfoal01.html,608.0,20,1890.0,63,36.7,True,True,traded for,2021-06-18,"Traded by the Oklahoma City Thunder with Moses Brown and a 2023 2nd round draft pick ( Amari Bailey was later selected) to the Boston Celtics for Kemba Walker , a 2021 1st round draft pick ( Alperen Şengün was later sele",,False,19,0,top-5 non-champion
2022-23,BOS,Derrick White,1628401,/players/w/whitede01.html,585.0,20,2280.0,82,28.6,True,True,traded for,2022-02-10,"Traded by the San Antonio Spurs to the Boston Celtics for Romeo Langford , Josh Richardson , a 2022 1st round draft pick ( Blake Wesley was later selected) and a 2028 1st round draft pick.  2022 1st-rd pick is BOS own an",,False,0,0,top-5 non-champion
2022-23,BOS,Malcolm Brogdon,1627763,/players/b/brogdma01.html,464.0,19,1709.0,67,30.1,False,False,traded for,2022-07-09,"Traded by the Indiana Pacers to the Boston Celtics for Malik Fitts , Juwan Morgan , Aaron Nesmith , Nik Stauskas , Daniel Theis and a 2023 1st round draft pick ( Julian Strawther was later selected).  conditional 2023 1s",,False,15,1,top-5 non-champion
2022-23,BOS,Robert Williams III,1629057,/players/w/williro04.html,406.0,20,805.0,35,25.3,True,True,drafted,2018-06-21,Drafted by the Boston Celtics in the 1st round (27th pick) of the 2018 NBA Draft.,,False,47,0,top-5 non-champion
2022-23,BOS,Grant Williams,1629684,/players/w/willigr01.html,258.0,14,2003.0,79,24.2,True,True,drafted,2019-06-20,Drafted by the Boston Celtics in the 1st round (22nd pick) of the 2019 NBA Draft.,,False,3,6,top-5 non-champion
2022-23,GSW,Stephen Curry,201939,/players/c/curryst01.html,485.0,13,1911.0,56,34.9,True,True,drafted,2009-06-25,Drafted by the Golden State Warriors in the 1st round (7th pick) of the 2009 NBA Draft.,,False,26,0,top-5 non-champion
2022-23,GSW,Klay Thompson,202691,/players/t/thompkl01.html,463.0,13,2244.0,69,33.0,True,True,drafted,2011-06-23,Drafted by the Golden State Warriors in the 1st round (11th pick) of the 2011 NBA Draft.,,False,13,0,top-5 non-champion
2022-23,GSW,Andrew Wiggins,203952,/players/w/wiggian01.html,436.0,13,1171.0,37,27.9,True,True,traded for,2020-02-06,Traded by the Minnesota Timberwolves with a 2021 1st round draft pick ( Jonathan Kuminga was later selected) and a 2021 2nd round draft pick ( Miles McBride was later selected) to the Golden State Warriors for Jacob Evan,,False,45,0,top-5 non-champion
2022-23,GSW,Draymond Green,203110,/players/g/greendr01.html,360.0,12,2260.0,73,32.9,True,True,drafted,2012-06-28,Drafted by the Golden State Warriors in the 2nd round (35th pick) of the 2012 NBA Draft.,,False,9,1,top-5 non-champion
2022-23,GSW,Kevon Looney,1626172,/players/l/looneke01.html,318.0,13,1916.0,82,27.0,True,True,drafted,2015-06-25,Drafted by the Golden State Warriors in the 1st round (30th pick) of the 2015 NBA Draft.,,False,0,0,top-5 non-champion
2022-23,GSW,Jordan Poole,1629673,/players/p/poolejo01.html,278.0,13,2418.0,82,23.6,True,True,drafted,2019-06-20,Drafted by the Golden State Warriors in the 1st round (28th pick) of the 2019 NBA Draft.,,False,0,0,top-5 non-champion
2022-23,GSW,Donte DiVincenzo,1628978,/players/d/divindo01.html,229.0,13,1856.0,72,26.0,False,False,signed,2022-07-08,Signed a multi-year contract with the Golden State Warriors .,,False,10,0,top-5 non-champion
2022-23,GSW,Gary Payton II,1627780,/players/p/paytoga02.html,186.0,12,109.0,7,30.2,True,True,traded for,2023-02-09,"As part of a 4-team trade, traded by the Portland Trail Blazers to the Golden State Warriors ; the Atlanta Hawks traded a 2026 2nd round draft pick ( Bryce Hopkins was later selected) and a 2028 2nd round draft pick to t",,True,20,1,top-5 non-champion
2022-23,MIL,Jrue Holiday,201950,/players/h/holidjr01.html,187.0,5,2150.0,67,32.6,True,True,traded for,2020-11-23,"As part of a 4-team trade, traded by the New Orleans Pelicans with Sam Merrill and a 2024 1st round draft pick ( A.J. Johnson was later selected) to the Milwaukee Bucks ; the Denver Nuggets traded a 2023 1st round draft ",,False,15,0,top-5 non-champion
2022-23,MIL,Brook Lopez,201572,/players/l/lopezbr01.html,178.0,5,2336.0,78,34.8,True,True,signed,2018-07-17,Signed as a free agent with the Milwaukee Bucks .,,False,4,0,top-5 non-champion
2022-23,MIL,Khris Middleton,203114,/players/m/middlkh01.html,171.0,5,781.0,33,31.5,True,True,traded for,2013-07-31,Traded by the Detroit Pistons with Brandon Knight and Viacheslav Kravtsov to the Milwaukee Bucks for Brandon Jennings .,,False,49,0,top-5 non-champion
2022-23,MIL,Grayson Allen,1628960,/players/a/allengr01.html,148.0,5,1936.0,72,27.3,True,True,traded for,2021-08-07,"Traded by the Memphis Grizzlies with cash to the Milwaukee Bucks for Sam Merrill , a 2024 2nd round draft pick ( Cam Christie was later selected) and a 2026 2nd round draft pick ( Richie Saunders was later selected).  20",,False,10,0,top-5 non-champion
2022-23,MIL,Bobby Portis,1626171,/players/p/portibo01.html,104.0,5,1785.0,70,28.0,True,True,signed,2020-11-24,Signed as a free agent with the Milwaukee Bucks .,,False,12,0,top-5 non-champion
2022-23,MIL,Giannis Antetokounmpo,203507,/players/a/antetgi01.html,90.0,3,1987.0,63,28.2,True,True,drafted,2013-06-27,Drafted by the Milwaukee Bucks in the 1st round (15th pick) of the 2013 NBA Draft.,,False,19,2,top-5 non-champion
2022-23,MIL,Joe Ingles,204060,/players/i/inglejo01.html,87.0,5,1022.0,46,35.3,False,False,signed,2022-07-06,Signed a contract with the Milwaukee Bucks .,,False,36,0,top-5 non-champion
2022-23,MIL,Pat Connaughton,1626192,/players/c/connapa01.html,86.0,4,1413.0,61,30.1,True,True,signed,2018-08-01,Signed as a free agent with the Milwaukee Bucks .,,False,21,1,top-5 non-champion
2022-23,BKN,Spencer Dinwiddie,203915,/players/d/dinwisp01.html,158.0,4,906.0,26,29.8,False,True,signed,2016-12-08,Signed a multi-year contract with the Brooklyn Nets .,,False,56,0,top-5 non-champion
2022-23,BKN,Mikal Bridges,1628969,/players/b/bridgmi01.html,156.0,4,911.0,26,26.4,False,False,traded for,2023-02-09,"As part of a 4-team trade, traded by the Phoenix Suns with Cameron Johnson , a 2023 1st round draft pick ( Noah Clowney was later selected), a 2025 1st round draft pick ( Khaman Maluach was later selected), a 2027 1st ro",,True,2,0,top-5 non-champion
2022-23,BKN,Cameron Johnson,1629661,/players/j/johnsca02.html,149.0,4,759.0,25,26.9,False,False,traded for,2023-02-09,"As part of a 4-team trade, traded by the Phoenix Suns with Mikal Bridges , a 2023 1st round draft pick ( Noah Clowney was later selected), a 2025 1st round draft pick ( Khaman Maluach was later selected), a 2027 1st roun",,True,3,0,top-5 non-champion
2022-23,BKN,Royce O'Neale,1626220,/players/o/onealro01.html,115.0,4,2373.0,76,29.7,False,False,traded for,2022-06-30,Traded by the Utah Jazz to the Brooklyn Nets for a 2023 1st round draft pick ( Brice Sensabaugh was later selected).  Brooklyn received a trade exception.,,False,6,0,top-5 non-champion
2022-23,BKN,Nic Claxton,1629651,/players/c/claxtni01.html,114.0,4,2234.0,76,23.8,True,True,drafted,2019-06-20,Drafted by the Brooklyn Nets in the 2nd round (31st pick) of the 2019 NBA Draft.,,False,6,0,top-5 non-champion
2022-23,BKN,Dorian Finney-Smith,1627827,/players/f/finnedo01.html,99.0,4,710.0,26,29.7,False,False,traded for,2023-02-06,"Traded by the Dallas Mavericks with Spencer Dinwiddie , a 2027 2nd round draft pick, a 2029 1st round draft pick and a 2029 2nd round draft pick to the Brooklyn Nets for Kyrie Irving and Markieff Morris .  2027 2nd-rd pi",,True,4,0,top-5 non-champion
2022-23,BKN,Seth Curry,203552,/players/c/curryse01.html,57.0,3,1177.0,61,32.4,True,True,traded for,2022-02-10,"Traded by the Philadelphia 76ers with Andre Drummond , Ben Simmons , a 2023 1st round draft pick ( Brice Sensabaugh was later selected) and a 2027 1st round draft pick to the Brooklyn Nets for James Harden and Paul Mills",,False,21,1,top-5 non-champion
2022-23,BKN,Joe Harris,203925,/players/h/harrijo01.html,42.0,4,1495.0,74,31.4,True,True,signed,2016-07-19,Signed a multi-year contract with the Brooklyn Nets .,,False,8,0,top-5 non-champion
2022-23,LAC,Russell Westbrook,201566,/players/w/westbru01.html,190.0,5,623.0,21,34.2,False,False,signed,2023-02-22,Signed a contract with the Los Angeles Clippers .,,True,0,0,top-5 non-champion
2022-23,LAC,Norman Powell,1626181,/players/p/powelno01.html,164.0,5,1539.0,60,29.7,True,True,traded for,2022-02-04,"Traded by the Portland Trail Blazers with Robert Covington to the Los Angeles Clippers for Eric Bledsoe , Keon Johnson , Justise Winslow and a 2025 2nd round draft pick ( Bogoljub Markovic was later selected).  2025 2nd-",,False,22,0,top-5 non-champion
2022-23,LAC,Eric Gordon,201569,/players/g/gordoer01.html,147.0,5,539.0,22,34.1,False,False,traded for,2023-02-09,"As part of a 3-team trade, traded by the Houston Rockets with a 2023 1st round draft pick ( Kobe Brown was later selected) to the Los Angeles Clippers ; the Los Angeles Clippers traded John Wall and a 2023 1st round draf",,True,2,0,top-5 non-champion
2022-23,LAC,Terance Mann,1629611,/players/m/mannte01.html,131.0,5,1828.0,81,26.3,True,True,drafted,2019-06-20,Drafted by the Los Angeles Clippers in the 2nd round (48th pick) of the 2019 NBA Draft.,,False,1,0,top-5 non-champion
2022-23,LAC,Ivica Zubac,1627826,/players/z/zubaciv01.html,127.0,5,2132.0,76,25.9,True,True,traded for,2019-02-07,Traded by the Los Angeles Lakers with Michael Beasley to the Los Angeles Clippers for Mike Muscala .,,False,6,0,top-5 non-champion
2022-23,LAC,Nicolas Batum,201587,/players/b/batumni01.html,90.0,5,1668.0,78,34.1,True,True,signed,2020-12-01,Signed as a free agent with the Los Angeles Clippers .,,False,4,0,top-5 non-champion
2022-23,LAC,Mason Plumlee,203486,/players/p/plumlma01.html,88.0,5,449.0,23,32.9,False,False,traded for,2023-02-09,"Traded by the Charlotte Hornets to the Los Angeles Clippers for Reggie Jackson , cash and a 2028 2nd round draft pick.  2028 2nd-rd pick is LAC own Los Angeles received a trade exception.",,True,1,0,top-5 non-champion
2022-23,LAC,Bones Hyland,1630538,/players/h/hylanbo01.html,81.0,5,256.0,14,22.4,False,False,traded for,2023-02-09,"As part of a 4-team trade, traded by the Denver Nuggets to the Los Angeles Clippers ; the Denver Nuggets traded Davon Reed to the Los Angeles Lakers ; the Denver Nuggets traded a 2024 2nd round draft pick to the Orlando ",,True,10,0,top-5 non-champion
2023-24,DEN,Nikola Jokić,203999,/players/j/jokicni01.html,477.0,12,2700.0,79,29.0,True,True,drafted,2014-06-26,Drafted by the Denver Nuggets in the 2nd round (41st pick) of the 2014 NBA Draft.,,False,3,0,top-5 non-champion
2023-24,DEN,Jamal Murray,1627750,/players/m/murraja01.html,455.0,12,1834.0,59,26.9,True,True,drafted,2016-06-23,Drafted by the Denver Nuggets in the 1st round (7th pick) of the 2016 NBA Draft.,,False,23,0,top-5 non-champion
2023-24,DEN,Aaron Gordon,203932,/players/g/gordoaa01.html,440.0,12,2263.0,73,28.4,True,True,traded for,2021-03-25,"Traded by the Orlando Magic with Gary Clark to the Denver Nuggets for R.J. Hampton , Gary Harris and a 2025 1st round draft pick ( Jase Richardson was later selected).  2025 1st-rd pick (DEN own) is top-5 protected and c",,False,9,0,top-5 non-champion
2023-24,DEN,Michael Porter Jr.,1629008,/players/p/portemi01.html,438.0,12,2523.0,81,25.6,True,True,drafted,2018-06-21,Drafted by the Denver Nuggets in the 1st round (14th pick) of the 2018 NBA Draft.,,False,1,0,top-5 non-champion
2023-24,DEN,Kentavious Caldwell-Pope,203484,/players/c/caldwke01.html,413.0,12,2362.0,76,31.0,True,True,traded for,2022-07-06,Traded by the Washington Wizards with Ish Smith to the Denver Nuggets for Will Barton and Monte Morris .  Denver received a trade exception.,,False,6,0,top-5 non-champion
2023-24,DEN,Christian Braun,1631128,/players/b/braunch01.html,198.0,12,1614.0,82,22.8,True,True,drafted,2022-06-23,Drafted by the Denver Nuggets in the 1st round (21st pick) of the 2022 NBA Draft.,,False,0,0,top-5 non-champion
2023-24,DEN,Justin Holiday,203200,/players/h/holidju01.html,145.0,12,833.0,56,34.8,False,False,signed,2023-07-06,Signed a contract with the Denver Nuggets .,,False,26,0,top-5 non-champion
2023-24,DEN,Reggie Jackson,202704,/players/j/jacksre01.html,112.0,12,1775.0,82,33.8,True,True,signed,2023-02-14,Signed a contract with the Denver Nuggets .,,False,0,0,top-5 non-champion
2023-24,PHX,Kevin Durant,201142,/players/d/duranke01.html,167.0,4,2754.0,75,35.3,True,True,traded for,2023-02-09,"As part of a 4-team trade, traded by the Brooklyn Nets with T.J. Warren to the Phoenix Suns ; the Brooklyn Nets traded cash to the Indiana Pacers ; the Indiana Pacers traded Juan Vaulet to the Brooklyn Nets ; the Milwauk",,False,7,0,top-5 non-champion
2023-24,PHX,Devin Booker,1626164,/players/b/bookede01.html,163.0,4,2416.0,68,27.3,True,True,drafted,2015-06-25,Drafted by the Phoenix Suns in the 1st round (13th pick) of the 2015 NBA Draft.,,False,14,0,top-5 non-champion
2023-24,PHX,Bradley Beal,203078,/players/b/bealbr01.html,153.0,4,1740.0,53,30.6,False,False,traded for,2023-06-23,"As part of a 3-team trade, traded by the Washington Wizards with Jordan Goodwin and Isaiah Todd to the Phoenix Suns ; the Indiana Pacers traded Bilal Coulibaly to the Washington Wizards ; the Phoenix Suns traded a 2028 2",,False,29,0,top-5 non-champion
2023-24,PHX,Eric Gordon,201569,/players/g/gordoer01.html,117.0,4,1860.0,68,35.1,False,False,signed,2023-07-06,Signed a multi-year contract with the Phoenix Suns .,,False,14,0,top-5 non-champion
2023-24,PHX,Royce O'Neale,1626220,/players/o/onealro01.html,103.0,4,740.0,30,30.7,False,False,traded for,2024-02-08,"As part of a 3-team trade, traded by the Brooklyn Nets to the Phoenix Suns ; the Memphis Grizzlies traded Vanja Marinkovic to the Brooklyn Nets ; the Memphis Grizzlies traded David Roddy to the Phoenix Suns ; the Phoenix",,True,1,0,top-5 non-champion
2023-24,PHX,Jusuf Nurkić,203994,/players/n/nurkiju01.html,103.0,4,2043.0,76,29.4,False,False,traded for,2023-09-27,"As part of a 3-team trade, traded by the Portland Trail Blazers with Keon Johnson and Nassir Little to the Phoenix Suns ; the Milwaukee Bucks traded Grayson Allen to the Phoenix Suns ; the Milwaukee Bucks traded Jrue Hol",,False,6,0,top-5 non-champion
2023-24,PHX,Grayson Allen,1628960,/players/a/allengr01.html,42.0,2,2476.0,75,28.3,False,False,traded for,2023-09-27,"As part of a 3-team trade, traded by the Milwaukee Bucks to the Phoenix Suns ; the Milwaukee Bucks traded Jrue Holiday , a 2028 1st round draft pick, a 2029 1st round draft pick and a 2030 1st round draft pick to the Por",,False,7,2,top-5 non-champion
2023-24,PHX,Drew Eubanks,1629234,/players/e/eubandr01.html,37.0,3,1137.0,75,27.0,False,False,signed,2023-07-02,Signed a multi-year contract with the Phoenix Suns .,,False,7,1,top-5 non-champion
2023-24,MIL,Khris Middleton,203114,/players/m/middlkh01.html,226.0,6,1460.0,55,32.5,True,True,traded for,2013-07-31,Traded by the Detroit Pistons with Brandon Knight and Viacheslav Kravtsov to the Milwaukee Bucks for Brandon Jennings .,,False,27,0,top-5 non-champion
2023-24,MIL,Patrick Beverley,201976,/players/b/beverpa01.html,207.0,6,530.0,26,35.6,False,False,traded for,2024-02-08,Traded by the Philadelphia 76ers to the Milwaukee Bucks for Cameron Payne and a 2027 2nd round draft pick.  2027 2nd-rd pick is MIL own Milwaukee received a trade exception. Philadelphia received a trade exception.,,True,5,0,top-5 non-champion
2023-24,MIL,Brook Lopez,201572,/players/l/lopezbr01.html,195.0,6,2372.0,79,35.8,True,True,signed,2018-07-17,Signed as a free agent with the Milwaukee Bucks .,,False,3,0,top-5 non-champion
2023-24,MIL,Bobby Portis,1626171,/players/p/portibo01.html,183.0,6,1963.0,82,29.0,True,True,signed,2020-11-24,Signed as a free agent with the Milwaukee Bucks .,,False,0,0,top-5 non-champion
2023-24,MIL,Damian Lillard,203081,/players/l/lillada01.html,154.0,4,2544.0,73,33.5,False,False,traded for,2023-09-27,"As part of a 3-team trade, traded by the Portland Trail Blazers to the Milwaukee Bucks ; the Milwaukee Bucks traded Grayson Allen to the Phoenix Suns ; the Milwaukee Bucks traded Jrue Holiday , a 2028 1st round draft pic",,False,9,2,top-5 non-champion
2023-24,MIL,Malik Beasley,1627736,/players/b/beaslma01.html,127.0,6,2301.0,79,27.2,False,False,signed,2023-07-06,Signed a contract with the Milwaukee Bucks .,,False,3,0,top-5 non-champion
2023-24,MIL,Pat Connaughton,1626192,/players/c/connapa01.html,121.0,6,1639.0,76,31.1,True,True,signed,2018-08-01,Signed as a free agent with the Milwaukee Bucks .,,False,6,0,top-5 non-champion
2023-24,MIL,AJ Green,1631260,/players/g/greenaj01.html,65.0,6,588.0,53,24.3,True,True,signed,2022-07-01,Signed a two-way contract with the Milwaukee Bucks .,,False,29,0,top-5 non-champion
2023-24,GSW,Stephen Curry,201939,/players/c/curryst01.html,0.0,0,2389.0,74,35.9,True,True,drafted,2009-06-25,Drafted by the Golden State Warriors in the 1st round (7th pick) of the 2009 NBA Draft.,,False,8,0,top-5 non-champion
2023-24,GSW,Klay Thompson,202691,/players/t/thompkl01.html,0.0,0,2249.0,77,34.0,True,True,drafted,2011-06-23,Drafted by the Golden State Warriors in the 1st round (11th pick) of the 2011 NBA Draft.,,False,5,0,top-5 non-champion
2023-24,GSW,Brandin Podziemski,1641764,/players/p/podzibr01.html,0.0,0,1931.0,73,20.9,False,False,drafted,2023-06-22,Drafted by the Golden State Warriors in the 1st round (19th pick) of the 2023 NBA Draft.,,False,9,0,top-5 non-champion
2023-24,GSW,Jonathan Kuminga,1630228,/players/k/kuminjo01.html,0.0,0,1916.0,74,21.3,True,True,drafted,2021-07-29,Drafted by the Golden State Warriors in the 1st round (7th pick) of the 2021 NBA Draft.,,False,8,0,top-5 non-champion
2023-24,GSW,Andrew Wiggins,203952,/players/w/wiggian01.html,0.0,0,1885.0,71,28.9,True,True,traded for,2020-02-06,Traded by the Minnesota Timberwolves with a 2021 1st round draft pick ( Jonathan Kuminga was later selected) and a 2021 2nd round draft pick ( Miles McBride was later selected) to the Golden State Warriors for Jacob Evan,,False,11,0,top-5 non-champion
2023-24,GSW,Chris Paul,101108,/players/p/paulch01.html,0.0,0,1502.0,58,38.7,False,False,traded for,2023-07-06,"Traded by the Washington Wizards to the Golden State Warriors for Patrick Baldwin Jr. , Jordan Poole , Ryan Rollins , a 2027 2nd round draft pick and a 2030 1st round draft pick.  2027 2nd-rd pick is GSW own 2030 1st-rd ",,False,24,0,top-5 non-champion
2023-24,GSW,Draymond Green,203110,/players/g/greendr01.html,0.0,0,1460.0,55,33.9,True,True,drafted,2012-06-28,Drafted by the Golden State Warriors in the 2nd round (35th pick) of the 2012 NBA Draft.,,False,27,0,top-5 non-champion
2023-24,GSW,Kevon Looney,1626172,/players/l/looneke01.html,0.0,0,1158.0,74,28.0,True,True,drafted,2015-06-25,Drafted by the Golden State Warriors in the 1st round (30th pick) of the 2015 NBA Draft.,,False,8,0,top-5 non-champion
2024-25,BOS,Derrick White,1628401,/players/w/whitede01.html,411.0,11,2537.0,76,30.6,True,True,traded for,2022-02-10,"Traded by the San Antonio Spurs to the Boston Celtics for Romeo Langford , Josh Richardson , a 2022 1st round draft pick ( Blake Wesley was later selected) and a 2028 1st round draft pick.  2022 1st-rd pick is BOS own an",,False,6,0,top-5 non-champion
2024-25,BOS,Jaylen Brown,1627759,/players/b/brownja02.html,396.0,11,2124.0,63,28.3,True,True,drafted,2016-06-23,Drafted by the Boston Celtics in the 1st round (3rd pick) of the 2016 NBA Draft.,,False,19,0,top-5 non-champion
2024-25,BOS,Al Horford,201143,/players/h/horfoal01.html,343.0,11,1627.0,60,38.7,True,True,traded for,2021-06-18,"Traded by the Oklahoma City Thunder with Moses Brown and a 2023 2nd round draft pick ( Amari Bailey was later selected) to the Boston Celtics for Kemba Walker , a 2021 1st round draft pick ( Alperen Şengün was later sele",,False,22,0,top-5 non-champion
2024-25,BOS,Jayson Tatum,1628369,/players/t/tatumja01.html,318.0,8,2587.0,72,26.9,True,True,drafted,2017-06-22,Drafted by the Boston Celtics in the 1st round (3rd pick) of the 2017 NBA Draft.,,False,10,3,top-5 non-champion
2024-25,BOS,Payton Pritchard,1630202,/players/p/pritcpa01.html,296.0,11,2224.0,80,27.0,True,True,drafted,2020-11-18,Drafted by the Boston Celtics in the 1st round (26th pick) of the 2020 NBA Draft.,,False,2,0,top-5 non-champion
2024-25,BOS,Jrue Holiday,201950,/players/h/holidjr01.html,260.0,8,1863.0,62,34.6,True,True,traded for,2023-10-01,"Traded by the Portland Trail Blazers to the Boston Celtics for Malcolm Brogdon , Robert Williams , a 2024 1st round draft pick ( Bub Carrington was later selected) and a 2029 1st round draft pick.  2024 conditional 1st-r",,False,20,3,top-5 non-champion
2024-25,BOS,Kristaps Porziņģis,204001,/players/p/porzikr01.html,225.0,11,1191.0,42,29.5,True,True,traded for,2023-06-23,"As part of a 3-team trade, traded by the Washington Wizards to the Boston Celtics ; the Boston Celtics traded Marcus Smart to the Memphis Grizzlies ; the Boston Celtics traded Danilo Gallinari , Mike Muscala and Julian P",,False,40,0,top-5 non-champion
2024-25,BOS,Luke Kornet,1628436,/players/k/kornelu01.html,175.0,11,1324.0,72,29.6,True,True,signed,2022-02-11,Signed a contract with the Boston Celtics .,,False,10,0,top-5 non-champion
2024-25,NYK,Mikal Bridges,1628969,/players/b/bridgmi01.html,697.0,18,2994.0,81,28.4,False,False,traded for,2024-07-06,"Traded by the Brooklyn Nets with Keita Bates-Diop , Juan Pablo Vaulet and a 2026 2nd round draft pick ( Jaron Pierre Jr. was later selected) to the New York Knicks for Bojan Bogdanovic , Mamadi Diakite , Shake Milton , a",,False,1,0,top-5 non-champion
2024-25,NYK,OG Anunoby,1628384,/players/a/anunoog01.html,695.0,18,2669.0,74,27.5,True,True,traded for,2023-12-30,"Traded by the Toronto Raptors with Precious Achiuwa and Malachi Flynn to the New York Knicks for R.J. Barrett , Immanuel Quickley and a 2024 2nd round draft pick ( Jonathan Mogbo was later selected).  2024 2nd-rd pick is",,False,8,0,top-5 non-champion
2024-25,NYK,Jalen Brunson,1628973,/players/b/brunsja01.html,670.0,18,2266.0,65,28.4,True,True,signed,2022-07-12,Signed a multi-year contract with the New York Knicks .,,False,17,0,top-5 non-champion
2024-25,NYK,Josh Hart,1628404,/players/h/hartjo01.html,633.0,18,2860.0,77,29.9,True,True,traded for,2023-02-09,"As part of a 4-team trade, traded by the Portland Trail Blazers with Dani Diez and Bojan Dubljevic to the New York Knicks ; the Charlotte Hornets traded Jalen McDaniels and a 2024 2nd round draft pick ( Cam Spencer was l",,False,5,0,top-5 non-champion
2024-25,NYK,Karl-Anthony Towns,1626157,/players/t/townska01.html,630.0,18,2481.0,72,29.2,False,False,traded for,2024-10-02,"As part of a 3-team trade, traded by the Minnesota Timberwolves to the New York Knicks ; the Charlotte Hornets traded James Nnaji to the New York Knicks ; the Minnesota Timberwolves traded a 2025 2nd round draft pick ( A",,False,10,0,top-5 non-champion
2024-25,NYK,Mitchell Robinson,1629011,/players/r/robinmi01.html,360.0,18,281.0,17,26.8,True,True,drafted,2018-06-21,Drafted by the New York Knicks in the 2nd round (36th pick) of the 2018 NBA Draft.,,False,65,0,top-5 non-champion
2024-25,NYK,Miles McBride,1630540,/players/m/mcbrimi01.html,333.0,18,1559.0,64,24.4,True,True,traded for,2021-07-30,Traded by the Oklahoma City Thunder with Rokas Jokubaitis to the New York Knicks for Jeremiah Robinson-Earl .,,False,18,0,top-5 non-champion
2024-25,NYK,Cameron Payne,1626166,/players/p/payneca01.html,96.0,14,1055.0,72,30.5,False,False,signed,2024-07-15,Signed a contract with the New York Knicks .,,False,10,4,top-5 non-champion
2024-25,PHI,Kelly Oubre Jr.,1626162,/players/o/oubreke01.html,0.0,0,2043.0,60,29.1,True,True,signed,2023-09-26,Signed a contract with the Philadelphia 76ers .,,False,22,0,top-5 non-champion
2024-25,PHI,Tyrese Maxey,1630178,/players/m/maxeyty01.html,0.0,0,1931.0,52,24.2,True,True,drafted,2020-11-18,Drafted by the Philadelphia 76ers in the 1st round (21st pick) of the 2020 NBA Draft.,,False,30,0,top-5 non-champion
2024-25,PHI,Guerschon Yabusele,1627824,/players/y/yabusgu01.html,0.0,0,1862.0,70,29.1,False,False,signed,2024-08-29,Signed a contract with the Philadelphia 76ers .,,False,12,0,top-5 non-champion
2024-25,PHI,Paul George,202331,/players/g/georgpa01.html,0.0,0,1313.0,41,34.8,False,False,signed,2024-07-06,Signed a multi-year contract with the Philadelphia 76ers .,,False,41,0,top-5 non-champion
2024-25,PHI,Ricky Council IV,1641741,/players/c/councri01.html,0.0,0,1212.0,71,23.5,True,True,signed,2023-10-25,Signed a two-way contract with the Philadelphia 76ers .,,False,11,0,top-5 non-champion
2024-25,PHI,Justin Edwards,1642348,/players/e/edwarju01.html,0.0,0,1134.0,44,21.1,False,False,signed,2024-07-04,Signed a two-way contract with the Philadelphia 76ers .,,False,38,0,top-5 non-champion
2024-25,PHI,Quentin Grimes,1629656,/players/g/grimequ01.html,0.0,0,931.0,28,24.7,False,False,traded for,2025-02-04,Traded by the Dallas Mavericks with a 2025 2nd round draft pick ( Johni Broome was later selected) to the Philadelphia 76ers for Caleb Martin .  2025 2nd-rd pick is more favorable Dallas received a trade exception. Phila,,True,6,0,top-5 non-champion
2024-25,PHI,Caleb Martin,1628997,/players/m/martica02.html,0.0,0,926.0,31,29.3,False,False,signed,2024-07-06,Signed a multi-year contract with the Philadelphia 76ers .,2025-02-04,False,17,0,top-5 non-champion
2024-25,DAL,Spencer Dinwiddie,203915,/players/d/dinwisp01.html,0.0,0,2097.0,79,31.8,False,False,signed,2024-08-03,Signed a contract with the Dallas Mavericks .,,False,3,0,top-5 non-champion
2024-25,DAL,Klay Thompson,202691,/players/t/thompkl01.html,0.0,0,1925.0,72,35.0,False,False,traded for,2024-07-06,"As part of a 6-team trade, traded by the Golden State Warriors to the Dallas Mavericks ; the Charlotte Hornets traded a 2025 2nd round draft pick ( Johni Broome was later selected) to the Dallas Mavericks ; the Charlotte",,False,10,0,top-5 non-champion
2024-25,DAL,Naji Marshall,1630230,/players/m/marshna01.html,0.0,0,1889.0,69,27.0,False,False,signed,2024-07-06,Signed a multi-year contract with the Dallas Mavericks .,,False,13,0,top-5 non-champion
2024-25,DAL,P.J. Washington,1629023,/players/w/washipj01.html,0.0,0,1807.0,57,26.4,True,True,traded for,2024-02-08,"Traded by the Charlotte Hornets with a 2024 2nd round draft pick ( Ariel Hukporti was later selected) and a 2028 2nd round draft pick to the Dallas Mavericks for Seth Curry , Grant Williams and a 2027 1st round draft pic",,False,25,0,top-5 non-champion
2024-25,DAL,Kyrie Irving,202681,/players/i/irvinky01.html,0.0,0,1778.0,50,32.9,True,True,traded for,2023-02-06,"Traded by the Brooklyn Nets with Markieff Morris to the Dallas Mavericks for Spencer Dinwiddie , Dorian Finney-Smith , a 2027 2nd round draft pick, a 2029 1st round draft pick and a 2029 2nd round draft pick.  2027 2nd-r",,False,32,0,top-5 non-champion
2024-25,DAL,Daniel Gafford,1629655,/players/g/gaffoda01.html,0.0,0,1195.0,57,26.3,True,True,traded for,2024-02-08,Traded by the Washington Wizards to the Dallas Mavericks for Richaun Holmes and a 2024 1st round draft pick ( Dillon Jones was later selected).  2024 1st-rd pick is least favorable Washington received a trade exception.,,False,25,0,top-5 non-champion
2024-25,DAL,Quentin Grimes,1629656,/players/g/grimequ01.html,0.0,0,1047.0,47,24.7,False,False,traded for,2024-07-06,"Traded by the Detroit Pistons to the Dallas Mavericks for Tim Hardaway , a 2025 2nd round draft pick ( Chaz Lanier was later selected), a 2028 2nd round draft pick and a 2028 2nd round draft pick.  2025 2nd-rd pick is TO",2025-02-04,False,3,0,top-5 non-champion
2024-25,DAL,Max Christie,1631108,/players/c/chrisma02.html,0.0,0,958.0,32,22.0,False,False,traded for,2025-02-02,"As part of a 3-team trade, traded by the Los Angeles Lakers with Anthony Davis and a 2029 1st round draft pick to the Dallas Mavericks ; the Dallas Mavericks traded Luka Doncic , Maxi Kleber and Markieff Morris to the Lo",,True,1,0,top-5 non-champion
2024-25,DEN,Jamal Murray,1627750,/players/m/murraja01.html,572.0,14,2385.0,67,27.9,True,True,drafted,2016-06-23,Drafted by the Denver Nuggets in the 1st round (7th pick) of the 2016 NBA Draft.,,False,15,0,top-5 non-champion
2024-25,DEN,Nikola Jokić,203999,/players/j/jokicni01.html,556.0,14,2537.0,70,30.0,True,True,drafted,2014-06-26,Drafted by the Denver Nuggets in the 2nd round (41st pick) of the 2014 NBA Draft.,,False,12,0,top-5 non-champion
2024-25,DEN,Christian Braun,1631128,/players/b/braunch01.html,540.0,14,2639.0,79,23.8,True,True,drafted,2022-06-23,Drafted by the Denver Nuggets in the 1st round (21st pick) of the 2022 NBA Draft.,,False,3,0,top-5 non-champion
2024-25,DEN,Aaron Gordon,203932,/players/g/gordoaa01.html,514.0,14,1422.0,51,29.4,True,True,traded for,2021-03-25,"Traded by the Orlando Magic with Gary Clark to the Denver Nuggets for R.J. Hampton , Gary Harris and a 2025 1st round draft pick ( Jase Richardson was later selected).  2025 1st-rd pick (DEN own) is top-5 protected and c",,False,31,0,top-5 non-champion
2024-25,DEN,Michael Porter Jr.,1629008,/players/p/portemi01.html,431.0,14,2553.0,77,26.6,True,True,drafted,2018-06-21,Drafted by the Denver Nuggets in the 1st round (14th pick) of the 2018 NBA Draft.,,False,5,0,top-5 non-champion
2024-25,DEN,Russell Westbrook,201566,/players/w/westbru01.html,306.0,13,2054.0,75,36.2,False,False,signed,2024-07-26,Signed a multi-year contract with the Denver Nuggets .,,False,7,1,top-5 non-champion
2024-25,DEN,Peyton Watson,1631212,/players/w/watsope01.html,191.0,14,1622.0,68,22.4,True,True,traded for,2022-06-23,Traded by the Oklahoma City Thunder with a 2023 2nd round draft pick ( Maxwell Lewis was later selected) and a 2024 2nd round draft pick ( Tyler Kolek was later selected) to the Denver Nuggets for JaMychal Green and a 20,,False,14,0,top-5 non-champion
2024-25,DEN,Julian Strawther,1631124,/players/s/strawju01.html,82.0,9,1350.0,64,22.8,True,True,traded for,2023-06-23,"As part of a 4-team trade, traded by the Indiana Pacers with Jalen Pickett to the Denver Nuggets ; the Denver Nuggets traded Maxwell Lewis to the Los Angeles Lakers ; the Denver Nuggets traded a 2029 1st round draft pick",,False,18,5,top-5 non-champion
2024-25,MIN,Anthony Edwards,1630162,/players/e/edwaran01.html,577.0,15,2839.0,79,23.5,True,True,drafted,2020-11-18,Drafted by the Minnesota Timberwolves in the 1st round (1st pick) of the 2020 NBA Draft.,,False,3,0,top-5 non-champion
2024-25,MIN,Julius Randle,203944,/players/r/randlju01.html,523.0,15,2193.0,69,30.2,False,False,traded for,2024-10-02,"As part of a 3-team trade, traded by the New York Knicks with Keita Bates-Diop , Donte DiVincenzo and a 2025 1st round draft pick ( Joan Beringer was later selected) to the Minnesota Timberwolves ; the Charlotte Hornets ",,False,13,0,top-5 non-champion
2024-25,MIN,Jaden McDaniels,1630183,/players/m/mcdanja02.html,491.0,15,2572.0,82,24.3,True,True,traded for,2020-11-20,"As part of a 3-team trade, traded by the Oklahoma City Thunder with Ricky Rubio to the Minnesota Timberwolves ; the Minnesota Timberwolves traded Mathias Lessort and a 2023 2nd round draft pick ( James Nnaji was later se",,False,0,0,top-5 non-champion
2024-25,MIN,Rudy Gobert,203497,/players/g/goberru01.html,404.0,15,2349.0,72,32.6,True,True,traded for,2022-07-06,"Traded by the Utah Jazz to the Minnesota Timberwolves for Malik Beasley , Patrick Beverley , Leandro Bolmaro , Walker Kessler , Jarred Vanderbilt , a 2023 1st round draft pick ( Keyonte George was later selected), a 2025",,False,10,0,top-5 non-champion
2024-25,MIN,Donte DiVincenzo,1628978,/players/d/divindo01.html,371.0,15,1578.0,62,28.0,False,False,traded for,2024-10-02,"As part of a 3-team trade, traded by the New York Knicks with Keita Bates-Diop , Julius Randle and a 2025 1st round draft pick ( Joan Beringer was later selected) to the Minnesota Timberwolves ; the Charlotte Hornets tra",,False,20,0,top-5 non-champion
2024-25,MIN,Naz Reid,1629675,/players/r/reidna01.html,367.0,15,2154.0,80,25.4,True,True,signed,2019-07-05,Signed a two-way contract with the Minnesota Timberwolves .,,False,2,0,top-5 non-champion
2024-25,MIN,Mike Conley,201144,/players/c/conlemi01.html,350.0,15,1719.0,71,37.3,True,True,traded for,2023-02-09,"As part of a 3-team trade, traded by the Utah Jazz with Nickeil Alexander-Walker , a 2025 2nd round draft pick ( Rasheer Fleming was later selected) and a 2026 2nd round draft pick ( Trevon Brazile was later selected) to",,False,11,0,top-5 non-champion
2024-25,MIN,Nickeil Alexander-Walker,1629638,/players/a/alexani01.html,302.0,15,2032.0,82,26.4,True,True,traded for,2023-02-09,"As part of a 3-team trade, traded by the Utah Jazz with Mike Conley , a 2025 2nd round draft pick ( Rasheer Fleming was later selected) and a 2026 2nd round draft pick ( Trevon Brazile was later selected) to the Minnesot",,False,0,0,top-5 non-champion
2025-26,OKC,Shai Gilgeous-Alexander,1628983,/players/g/gilgesh01.html,538.0,15,2224.0,68,27.6,True,True,traded for,2019-07-10,"Traded by the Los Angeles Clippers with Danilo Gallinari , a 2021 1st round draft pick ( Tre Mann was later selected), a 2022 1st round draft pick ( Jalen Williams was later selected), a 2023 1st round draft pick ( Jaime",,False,14,0,top-5 non-champion
2025-26,OKC,Chet Holmgren,1631096,/players/h/holmgch01.html,451.0,15,1965.0,69,23.8,True,True,drafted,2022-06-23,Drafted by the Oklahoma City Thunder in the 1st round (2nd pick) of the 2022 NBA Draft.,,False,13,0,top-5 non-champion
2025-26,OKC,Cason Wallace,1641717,/players/w/wallaca01.html,368.0,15,2010.0,77,22.2,True,True,traded for,2023-07-06,Traded by the Dallas Mavericks with Davis Bertans to the Oklahoma City Thunder for Dereck Lively II .,,False,5,0,top-5 non-champion
2025-26,OKC,Alex Caruso,1627936,/players/c/carusal01.html,347.0,15,991.0,56,31.9,True,True,traded for,2024-06-21,Traded by the Chicago Bulls to the Oklahoma City Thunder for Josh Giddey .  Chicago received a trade exception.,,False,26,0,top-5 non-champion
2025-26,OKC,Isaiah Hartenstein,1628392,/players/h/harteis01.html,343.0,15,1113.0,47,27.7,True,True,signed,2024-07-06,Signed a multi-year contract with the Oklahoma City Thunder .,,False,35,0,top-5 non-champion
2025-26,OKC,Luguentz Dort,1629652,/players/d/dortlu01.html,328.0,15,1817.0,69,26.8,True,True,signed,2019-07-06,Signed a two-way contract with the Oklahoma City Thunder .,,False,13,0,top-5 non-champion
2025-26,OKC,Ajay Mitchell,1642349,/players/m/mitchaj01.html,310.0,11,1447.0,57,23.6,True,True,traded for,2024-06-27,Traded by the New York Knicks to the Oklahoma City Thunder for Oso Ighodaro and cash.,,False,25,4,top-5 non-champion
2025-26,OKC,Jared McCain,1642272,/players/m/mccaija01.html,251.0,14,525.0,30,21.9,False,False,traded for,2026-02-04,"Traded by the Philadelphia 76ers to the Oklahoma City Thunder for a 2026 1st round draft pick ( Labaron Philon Jr. was later selected), a 2027 2nd round draft pick, a 2028 2nd round draft pick and a 2028 2nd round draft ",,True,1,1,top-5 non-champion
2025-26,DEN,Nikola Jokić,203999,/players/j/jokicni01.html,235.0,6,2235.0,65,31.0,True,True,drafted,2014-06-26,Drafted by the Denver Nuggets in the 2nd round (41st pick) of the 2014 NBA Draft.,,False,17,0,top-5 non-champion
2025-26,DEN,Jamal Murray,1627750,/players/m/murraja01.html,234.0,6,2614.0,75,28.9,True,True,drafted,2016-06-23,Drafted by the Denver Nuggets in the 1st round (7th pick) of the 2016 NBA Draft.,,False,7,0,top-5 non-champion
2025-26,DEN,Cameron Johnson,1629661,/players/j/johnsca02.html,184.0,6,1620.0,54,29.9,False,False,traded for,2025-07-08,Traded by the Brooklyn Nets to the Denver Nuggets for Michael Porter Jr. and a 2032 1st round draft pick.  2032 1st-rd pick is DEN own Denver received a trade exception.,,False,28,0,top-5 non-champion
2025-26,DEN,Christian Braun,1631128,/players/b/braunch01.html,183.0,6,1378.0,44,24.8,True,True,drafted,2022-06-23,Drafted by the Denver Nuggets in the 1st round (21st pick) of the 2022 NBA Draft.,,False,38,0,top-5 non-champion
2025-26,DEN,Spencer Jones,1642461,/players/j/jonessp01.html,142.0,6,1382.0,63,24.6,True,True,signed,2024-07-30,Signed a two-way contract with the Denver Nuggets .,,False,19,0,top-5 non-champion
2025-26,DEN,Tim Hardaway Jr.,203501,/players/h/hardati02.html,136.0,6,2087.0,80,33.9,False,False,signed,2025-07-10,Signed a contract with the Denver Nuggets .,,False,2,0,top-5 non-champion
2025-26,DEN,Bruce Brown,1628971,/players/b/brownbr01.html,114.0,6,1960.0,82,29.5,False,False,signed,2025-07-09,Signed a contract with the Denver Nuggets .,,False,0,0,top-5 non-champion
2025-26,DEN,Aaron Gordon,203932,/players/g/gordoaa01.html,88.0,3,986.0,36,30.4,True,True,traded for,2021-03-25,"Traded by the Orlando Magic with Gary Clark to the Denver Nuggets for R.J. Hampton , Gary Harris and a 2025 1st round draft pick ( Jase Richardson was later selected).  2025 1st-rd pick (DEN own) is top-5 protected and c",,False,46,3,top-5 non-champion
2025-26,CLE,James Harden,201935,/players/h/hardeja01.html,663.0,18,868.0,26,36.4,False,False,traded for,2026-02-04,Traded by the Los Angeles Clippers to the Cleveland Cavaliers for Darius Garland and a 2026 2nd round draft pick ( Henri Veesaar was later selected).  2026 2nd-rd pick was CLE own,,True,5,0,top-5 non-champion
2025-26,CLE,Donovan Mitchell,1628378,/players/m/mitchdo01.html,644.0,18,2306.0,70,29.4,True,True,traded for,2022-09-03,"Traded by the Utah Jazz to the Cleveland Cavaliers for Ochai Agbaji , Lauri Markkanen , Collin Sexton , a 2025 1st round draft pick ( Liam McNeeley was later selected), a 2026 1st round draft pick, a 2027 1st round draft",,False,12,0,top-5 non-champion
2025-26,CLE,Evan Mobley,1630596,/players/m/mobleev01.html,631.0,18,2044.0,65,24.6,True,True,drafted,2021-07-29,Drafted by the Cleveland Cavaliers in the 1st round (3rd pick) of the 2021 NBA Draft.,,False,17,0,top-5 non-champion
2025-26,CLE,Jarrett Allen,1628386,/players/a/allenja01.html,519.0,18,1491.0,56,27.8,True,True,traded for,2021-01-16,"As part of a 4-team trade, traded by the Brooklyn Nets with Taurean Prince to the Cleveland Cavaliers ; the Brooklyn Nets traded Rodions Kurucs , a 2021 1st round draft pick, a 2022 1st round draft pick ( Tari Eason was ",,False,26,0,top-5 non-champion
2025-26,CLE,Max Strus,1629622,/players/s/strusma01.html,470.0,18,281.0,12,29.8,True,True,traded for,2023-07-06,"As part of a 3-team trade, traded by the Miami Heat to the Cleveland Cavaliers ; the Cleveland Cavaliers traded a 2026 2nd round draft pick ( Lajae Jones was later selected) to the Miami Heat ; the Cleveland Cavaliers tr",,False,70,0,top-5 non-champion
2025-26,CLE,Dean Wade,1629731,/players/w/wadede01.html,398.0,18,1286.0,58,29.2,True,True,signed,2019-07-02,Signed a two-way contract with the Cleveland Cavaliers .,,False,24,0,top-5 non-champion
2025-26,CLE,Sam Merrill,1630241,/players/m/merrisa01.html,331.0,17,1350.0,52,29.7,True,True,signed,2023-03-03,Signed a 10-day contract with the Cleveland Cavaliers .,,False,30,1,top-5 non-champion
2025-26,CLE,Dennis Schröder,203471,/players/s/schrode01.html,264.0,17,625.0,30,32.4,False,False,traded for,2026-02-01,"As part of a 3-team trade, traded by the Sacramento Kings with Keon Ellis to the Cleveland Cavaliers ; the Chicago Bulls traded Emanuel Miller to the Cleveland Cavaliers ; the Cleveland Cavaliers traded a 2027 2nd round ",,True,2,1,top-5 non-champion
2025-26,MIN,Jaden McDaniels,1630183,/players/m/mcdanja02.html,399.0,12,2280.0,73,25.3,True,True,traded for,2020-11-20,"As part of a 3-team trade, traded by the Oklahoma City Thunder with Ricky Rubio to the Minnesota Timberwolves ; the Minnesota Timberwolves traded Mathias Lessort and a 2023 2nd round draft pick ( James Nnaji was later se",,False,9,0,top-5 non-champion
2025-26,MIN,Julius Randle,203944,/players/r/randlju01.html,395.0,12,2573.0,79,31.2,True,True,traded for,2024-10-02,"As part of a 3-team trade, traded by the New York Knicks with Keita Bates-Diop , Donte DiVincenzo and a 2025 1st round draft pick ( Joan Beringer was later selected) to the Minnesota Timberwolves ; the Charlotte Hornets ",,False,3,0,top-5 non-champion
2025-26,MIN,Rudy Gobert,203497,/players/g/goberru01.html,366.0,12,2344.0,76,33.6,True,True,traded for,2022-07-06,"Traded by the Utah Jazz to the Minnesota Timberwolves for Malik Beasley , Patrick Beverley , Leandro Bolmaro , Walker Kessler , Jarred Vanderbilt , a 2023 1st round draft pick ( Keyonte George was later selected), a 2025",,False,6,0,top-5 non-champion
2025-26,MIN,Anthony Edwards,1630162,/players/e/edwaran01.html,321.0,10,2112.0,61,24.5,True,True,drafted,2020-11-18,Drafted by the Minnesota Timberwolves in the 1st round (1st pick) of the 2020 NBA Draft.,,False,21,2,top-5 non-champion
2025-26,MIN,Naz Reid,1629675,/players/r/reidna01.html,317.0,12,1970.0,77,26.4,True,True,signed,2019-07-05,Signed a two-way contract with the Minnesota Timberwolves .,,False,5,0,top-5 non-champion
2025-26,MIN,Ayo Dosunmu,1630245,/players/d/dosunay01.html,288.0,10,685.0,24,26.0,False,False,traded for,2026-02-05,"Traded by the Chicago Bulls with Julian Phillips to the Minnesota Timberwolves for Rob Dillingham , Leonard Miller , a 2026 2nd round draft pick ( Vsevolod Ishchenko was later selected), a 2027 2nd round draft pick, a 20",,True,6,2,top-5 non-champion
2025-26,MIN,Terrence Shannon Jr,1630545,/players/s/shannte01.html,197.0,9,518.0,43,25.5,True,True,drafted,2024-06-26,Drafted by the Minnesota Timberwolves in the 1st round (27th pick) of the 2024 NBA Draft.,,False,39,3,top-5 non-champion
2025-26,MIN,Mike Conley,201144,/players/c/conlemi01.html,161.0,11,963.0,54,38.3,True,True,traded for,2023-02-09,"As part of a 3-team trade, traded by the Utah Jazz with Nickeil Alexander-Walker , a 2025 2nd round draft pick ( Rasheer Fleming was later selected) and a 2026 2nd round draft pick ( Trevon Brazile was later selected) to",,False,28,1,top-5 non-champion
