lineup,observed_poss,label,net_mean,net_sd,net_lo,net_hi,impact_off,impact_def,fg3a_rate,fg3_pct,rim_protect,creation,size,has_gobert,n_bigs,rankable
Anthony Edwards / Jaden McDaniels / Jonathan Kuminga / LaMelo Ball / Rudy Gobert,0.0,COMPOSED,9.997499999999999,4.10522456754804,4.23,13.95,5.06,-4.9375,0.39217116460004864,0.3806571605703658,-5.34,17.559600400807394,80.0,True,1,False
Anthony Edwards / Ayo Dosunmu / Jonathan Kuminga / LaMelo Ball / Rudy Gobert,0.0,COMPOSED,8.870000000000001,2.941300732669137,5.06,12.19,5.635,-3.2350000000000003,0.4054320987654321,0.38550548112058464,-5.34,18.442268655721033,79.0,True,1,False
Anthony Edwards / Cody Williams / Jonathan Kuminga / LaMelo Ball / Rudy Gobert,0.0,COMPOSED,6.0874999999999995,2.576949504743932,2.37,8.579999999999998,3.215,-2.8724999999999996,0.3918174665617624,0.3607764390896921,-5.34,16.878349122950105,79.8,True,1,False
Anthony Edwards / Joan Beringer / Jonathan Kuminga / LaMelo Ball / Rudy Gobert,0.0,COMPOSED,12.3225,3.785798297585332,8.11,16.37,7.085000000000001,-5.237500000000001,0.4006466784244562,0.3749082905355833,-5.34,15.13357300354712,80.4,True,2,False
Anthony Edwards / Jaylen Clark / Jonathan Kuminga / LaMelo Ball / Rudy Gobert,0.0,COMPOSED,9.9475,3.836289711426914,4.61,13.75,5.465,-4.4825,0.4143302180685358,0.3718386876281613,-5.34,15.46592594472359,79.2,True,1,False
Anthony Edwards / Jonathan Kuminga / LaMelo Ball / Nah'Shon Hyland / Rudy Gobert,0.0,COMPOSED,10.08,3.388355058136617,5.620000000000001,13.75,5.795,-4.285,0.44061505832449627,0.37725631768953066,-5.34,17.48146032749078,78.6,True,1,False
Anthony Edwards / Jonathan Kuminga / LaMelo Ball / Rudy Gobert / Terrence Shannon Jr.,0.0,COMPOSED,7.6525,2.9420178024614327,3.66,10.57,5.5125,-2.1399999999999997,0.4141007194244604,0.3766504517025712,-5.34,15.717293933779677,79.4,True,1,False
Anthony Edwards / Jonathan Kuminga / LaMelo Ball / Rudy Gobert / Trey Lyles,0.0,COMPOSED,9.7025,3.650201193085115,4.53,13.209999999999999,5.8925,-3.8099999999999996,,,-5.34,14.83357300354712,79.75,True,1,False
Anthony Edwards / Isaiah Evans / Jonathan Kuminga / LaMelo Ball / Rudy Gobert,0.0,COMPOSED,8.768500951129823,3.5279916383120864,3.7335009511298236,12.153500951129823,5.144250475564911,-3.6242504755649114,,,-5.34,14.83357300354712,79.75,True,1,False
Anthony Edwards / Jaden McDaniels / Joan Beringer / Jonathan Kuminga / LaMelo Ball,0.0,COMPOSED,9.567499999999999,2.567220043159526,7.0,12.35,7.66,-1.9075,0.432258064516129,0.3818407960199005,-0.95,16.175389874491604,79.6,False,1,False
Anthony Edwards / Ayo Dosunmu / Joan Beringer / Jonathan Kuminga / LaMelo Ball,0.0,COMPOSED,8.440000000000001,1.6588098142945744,6.0,10.15,8.235,-0.20499999999999996,0.447634673229423,0.386682956627978,-0.95,17.058058129405243,78.6,False,1,False
Anthony Edwards / Cody Williams / Joan Beringer / Jonathan Kuminga / LaMelo Ball,0.0,COMPOSED,5.6575,1.1649543982491328,4.0,6.9399999999999995,5.8149999999999995,0.15750000000000003,0.4353801169590643,0.36198791134989927,-0.95,15.494138596634315,79.4,False,1,True
Anthony Edwards / Jaylen Clark / Joan Beringer / Jonathan Kuminga / LaMelo Ball,0.0,COMPOSED,9.5175,2.3482480171395865,7.0,12.290000000000001,8.065,-1.4525,0.4646271510516252,0.3731138545953361,-0.95,14.0817154184078,78.8,False,1,False
Anthony Edwards / Joan Beringer / Jonathan Kuminga / LaMelo Ball / Nah'Shon Hyland,0.0,COMPOSED,9.65,2.0133429911468137,7.0,11.709999999999999,8.395,-1.255,0.4903817697543652,0.3783946891973446,-0.95,16.097249801174993,78.2,False,1,False
Anthony Edwards / Joan Beringer / Jonathan Kuminga / LaMelo Ball / Terrence Shannon Jr.,0.0,COMPOSED,7.2225,1.5923940310111688,5.0,8.92,8.1125,0.8900000000000001,0.4652822842310188,0.37796373779637377,-0.95,14.333083407463889,79.0,False,1,False
Anthony Edwards / Joan Beringer / Jonathan Kuminga / LaMelo Ball / Trey Lyles,0.0,COMPOSED,9.272499999999999,2.1260335721714267,7.0,11.61,8.4925,-0.78,,,-0.95,13.44936247723133,79.25,False,1,False
Anthony Edwards / Isaiah Evans / Joan Beringer / Jonathan Kuminga / LaMelo Ball,0.0,COMPOSED,8.338500951129824,1.9992060924276913,6.183500951129824,10.543500951129824,7.74425047556491,-0.5942504755649117,,,-0.95,13.44936247723133,79.25,False,1,False
Anthony Edwards / Ayo Dosunmu / Jaden McDaniels / Jonathan Kuminga / Rudy Gobert,0.0,COMPOSED,6.1274999999999995,2.8059880167242333,2.76,9.389999999999999,1.4,-4.727499999999999,0.31867219917012446,0.4027777777777778,-5.34,14.029407164092417,79.4,True,1,False
Anthony Edwards / Cody Williams / Jaden McDaniels / Jonathan Kuminga / Rudy Gobert,0.0,COMPOSED,3.3449999999999998,2.4102956250219596,0.07000000000000006,5.779999999999999,-1.02,-4.365,0.2972172883362937,0.36852589641434264,-5.34,12.465487631321489,80.2,True,1,False
Anthony Edwards / Jaden McDaniels / Joan Beringer / Jonathan Kuminga / Rudy Gobert,0.0,COMPOSED,9.58,3.679694280779315,5.8100000000000005,13.5,2.85,-6.7299999999999995,0.2942366026289181,0.3917525773195876,-5.34,10.720711511918504,80.8,True,2,False
Anthony Edwards / Jaden McDaniels / Jaylen Clark / Jonathan Kuminga / Rudy Gobert,0.0,COMPOSED,7.204999999999999,3.676251487588954,2.31,10.879999999999999,1.23,-5.975,0.3142764857881137,0.3854059609455293,-5.34,11.053064453094974,79.6,True,1,False
Anthony Edwards / Jaden McDaniels / Jonathan Kuminga / Nah'Shon Hyland / Rudy Gobert,0.0,COMPOSED,7.3374999999999995,3.2471400878311356,3.3200000000000003,10.95,1.56,-5.7775,0.3512136649685346,0.39078498293515357,-5.34,13.068598835862165,79.0,True,1,False
Anthony Edwards / Jaden McDaniels / Jonathan Kuminga / Rudy Gobert / Terrence Shannon Jr.,0.0,COMPOSED,4.91,2.7924093539450836,1.3599999999999999,7.77,1.2775,-3.6325,0.31217105263157896,0.39304531085353,-5.34,11.304432442151063,79.8,True,1,False
Anthony Edwards / Jaden McDaniels / Jonathan Kuminga / Rudy Gobert / Trey Lyles,0.0,COMPOSED,6.96,3.4862085422418434,2.23,10.41,1.6575000000000002,-5.3025,,,-5.34,10.420711511918505,80.25,True,1,False
Anthony Edwards / Isaiah Evans / Jaden McDaniels / Jonathan Kuminga / Rudy Gobert,0.0,COMPOSED,6.026000951129822,3.3620929121605183,1.4335009511298236,9.353500951129822,0.9092504755649117,-5.116750475564912,,,-5.34,10.420711511918505,80.25,True,1,False
Anthony Edwards / Ayo Dosunmu / Cody Williams / Jonathan Kuminga / Rudy Gobert,0.0,COMPOSED,2.2175,1.323222864826632,0.9000000000000001,4.02,-0.44499999999999995,-2.6624999999999996,0.3116138763197587,0.3765730880929332,-5.34,13.348155886235128,79.2,True,1,True
Anthony Edwards / Ayo Dosunmu / Joan Beringer / Jonathan Kuminga / Rudy Gobert,0.0,COMPOSED,8.4525,2.698123190293579,5.0,11.25,3.425,-5.0275,0.3106060606060606,0.40022172949002216,-5.34,11.603379766832143,79.8,True,2,False
Anthony Edwards / Ayo Dosunmu / Jaylen Clark / Jonathan Kuminga / Rudy Gobert,0.0,COMPOSED,6.077500000000001,2.5338939894952195,3.1399999999999997,8.87,1.8050000000000002,-4.2725,0.3303659742828882,0.3932135728542914,-5.34,11.935732708008613,78.6,True,1,False
Anthony Edwards / Ayo Dosunmu / Jonathan Kuminga / Nah'Shon Hyland / Rudy Gobert,0.0,COMPOSED,6.209999999999999,2.217667693771995,4.0,9.19,2.135,-4.074999999999999,0.3668295662797801,0.3971690258118235,-5.34,13.951267090775804,78.0,True,1,False
Anthony Edwards / Ayo Dosunmu / Jonathan Kuminga / Rudy Gobert / Terrence Shannon Jr.,0.0,COMPOSED,3.7824999999999998,1.731464336912545,2.0,6.01,1.8525,-1.93,0.3285186429291233,0.40081799591002043,-5.34,12.187100697064702,78.8,True,1,False
Anthony Edwards / Ayo Dosunmu / Jonathan Kuminga / Rudy Gobert / Trey Lyles,0.0,COMPOSED,5.832499999999999,2.3546907971111617,3.0599999999999996,8.649999999999999,2.2325,-3.6,,,-5.34,11.303379766832144,79.0,True,1,False
Anthony Edwards / Ayo Dosunmu / Isaiah Evans / Jonathan Kuminga / Rudy Gobert,0.0,COMPOSED,4.898500951129823,2.229714107234378,2.2635009511298234,7.593500951129823,1.4842504755649117,-3.4142504755649115,,,-5.34,11.303379766832144,79.0,True,1,False
Anthony Edwards / Cody Williams / Joan Beringer / Jonathan Kuminga / Rudy Gobert,0.0,COMPOSED,5.67,2.2262412268215677,3.0,8.09,1.0050000000000001,-4.664999999999999,0.2827146606674166,0.3541114058355438,-5.34,10.039460234061215,80.6,True,2,False
Anthony Edwards / Cody Williams / Jaylen Clark / Jonathan Kuminga / Rudy Gobert,0.0,COMPOSED,3.2949999999999995,2.1425977223921433,0.45000000000000007,5.47,-0.615,-3.9099999999999997,0.3054363376251788,0.351288056206089,-5.34,10.371813175237685,79.4,True,1,False
Anthony Edwards / Cody Williams / Jonathan Kuminga / Nah'Shon Hyland / Rudy Gobert,0.0,COMPOSED,3.4275,1.738237253656704,1.46,5.58,-0.28500000000000003,-3.7125,0.34672374053342114,0.3637226970560304,-5.34,12.387347558004876,78.8,True,1,False
Anthony Edwards / Cody Williams / Jonathan Kuminga / Rudy Gobert / Terrence Shannon Jr.,0.0,COMPOSED,1.0,1.2668859459319926,-0.4999999999999999,2.3999999999999995,-0.5674999999999999,-1.5675,0.3029197080291971,0.35903614457831323,-5.34,10.623181164293774,79.6,True,1,True
Anthony Edwards / Cody Williams / Jonathan Kuminga / Rudy Gobert / Trey Lyles,0.0,COMPOSED,3.05,1.9540087000829853,0.3700000000000001,5.039999999999999,-0.1875,-3.2375,,,-5.34,9.739460234061216,80.0,True,1,False
Anthony Edwards / Cody Williams / Isaiah Evans / Jonathan Kuminga / Rudy Gobert,0.0,COMPOSED,2.1160009511298234,1.8306743975923188,-0.4264990488701764,3.9835009511298227,-0.9357495244350883,-3.051750475564911,,,-5.34,9.739460234061216,80.0,True,1,False
Anthony Edwards / Jaylen Clark / Joan Beringer / Jonathan Kuminga / Rudy Gobert,0.0,COMPOSED,9.53,3.4520356313340685,6.0,13.440000000000001,3.255,-6.2749999999999995,0.3031446540880503,0.37621023513139695,-5.34,8.6270370558347,80.0,True,2,False
Anthony Edwards / Joan Beringer / Jonathan Kuminga / Nah'Shon Hyland / Rudy Gobert,0.0,COMPOSED,9.6625,3.092332250907072,6.0,12.809999999999999,3.585,-6.0775,0.3511043412033511,0.38503253796095444,-5.34,10.642571438601893,79.4,True,2,False
Anthony Edwards / Joan Beringer / Jonathan Kuminga / Rudy Gobert / Terrence Shannon Jr.,0.0,COMPOSED,7.234999999999999,2.65605440456328,4.0,10.07,3.3025,-3.9325,0.30012881064834696,0.38626609442060084,-5.34,8.878405044890789,80.2,True,2,False
Anthony Edwards / Joan Beringer / Jonathan Kuminga / Rudy Gobert / Trey Lyles,0.0,COMPOSED,9.285,3.2348763500325632,6.0,12.76,3.6825,-5.6025,,,-5.34,7.99468411465823,80.75,True,2,False
Anthony Edwards / Isaiah Evans / Joan Beringer / Jonathan Kuminga / Rudy Gobert,0.0,COMPOSED,8.351000951129823,3.1074778760274384,5.183500951129824,11.693500951129824,2.934250475564912,-5.416750475564911,,,-5.34,7.99468411465823,80.75,True,2,False
Anthony Edwards / Jaylen Clark / Jonathan Kuminga / Nah'Shon Hyland / Rudy Gobert,0.0,COMPOSED,7.2875,2.976771531374217,3.7,10.43,1.9650000000000003,-5.3225,0.37096188747731396,0.3796477495107632,-5.34,10.974924379778363,78.2,True,1,False
Anthony Edwards / Jaylen Clark / Jonathan Kuminga / Rudy Gobert / Terrence Shannon Jr.,0.0,COMPOSED,4.859999999999999,2.5305236612211313,1.7399999999999998,7.449999999999999,1.6825,-3.1774999999999998,0.3250610252237592,0.37922403003754696,-5.34,9.210757986067259,79.0,True,1,False
Anthony Edwards / Jaylen Clark / Jonathan Kuminga / Rudy Gobert / Trey Lyles,0.0,COMPOSED,6.91,3.219138083400586,2.6100000000000003,10.14,2.0625,-4.8475,,,-5.34,8.327037055834701,79.25,True,1,False
Anthony Edwards / Isaiah Evans / Jaylen Clark / Jonathan Kuminga / Rudy Gobert,0.0,COMPOSED,5.976000951129823,3.0943204019622788,1.8135009511298235,9.073500951129823,1.3142504755649118,-4.6617504755649115,,,-5.34,8.327037055834701,79.25,True,1,False
Anthony Edwards / Jonathan Kuminga / Nah'Shon Hyland / Rudy Gobert / Terrence Shannon Jr.,0.0,COMPOSED,4.9925,2.144159217502282,2.75,7.569999999999999,2.0125,-2.9799999999999995,0.3697665802148944,0.3867735470941884,-5.34,11.22629236883445,78.4,True,1,False
Anthony Edwards / Jonathan Kuminga / Nah'Shon Hyland / Rudy Gobert / Trey Lyles,0.0,COMPOSED,7.0425,2.792708139065019,3.62,10.21,2.3925,-4.65,,,-5.34,10.342571438601892,78.5,True,1,False
Anthony Edwards / Isaiah Evans / Jonathan Kuminga / Nah'Shon Hyland / Rudy Gobert,0.0,COMPOSED,6.108500951129823,2.6672129648755085,2.8235009511298235,9.153500951129823,1.6442504755649114,-4.464250475564912,,,-5.34,10.342571438601892,78.5,True,1,False
Anthony Edwards / Jonathan Kuminga / Rudy Gobert / Terrence Shannon Jr. / Trey Lyles,0.0,COMPOSED,4.615,2.3354068168094395,1.66,7.029999999999999,2.11,-2.505,,,-5.34,8.578405044890788,79.5,True,1,False
Anthony Edwards / Isaiah Evans / Jonathan Kuminga / Rudy Gobert / Terrence Shannon Jr.,0.0,COMPOSED,3.681000951129824,2.2094611899737004,0.8635009511298235,5.973500951129823,1.3617504755649117,-2.3192504755649117,,,-5.34,8.578405044890788,79.5,True,1,False
Anthony Edwards / Isaiah Evans / Jonathan Kuminga / Rudy Gobert / Trey Lyles,0.0,COMPOSED,5.731000951129823,2.9057045187011012,1.7335009511298236,8.613500951129822,1.7417504755649116,-3.9892504755649116,,,-5.34,7.69468411465823,80.0,True,1,False
Anthony Edwards / Ayo Dosunmu / Jaden McDaniels / Joan Beringer / Jonathan Kuminga,0.0,COMPOSED,5.6975,1.6939653922084714,3.0,7.35,4.0,-1.6975,0.35599006828057106,0.4045335658238884,-0.95,12.645196637776628,79.0,False,1,False
Anthony Edwards / Cody Williams / Jaden McDaniels / Joan Beringer / Jonathan Kuminga,0.0,COMPOSED,2.915,1.1922772328615523,1.0,4.07,1.58,-1.335,0.33467336683417087,0.37037037037037035,-0.95,11.0812771050057,79.8,False,1,True
Anthony Edwards / Jaden McDaniels / Jaylen Clark / Joan Beringer / Jonathan Kuminga,0.0,COMPOSED,6.775,2.2820002191060373,4.0,9.420000000000002,3.83,-2.9450000000000003,0.35812060673325935,0.38739669421487605,-0.95,9.668853926779185,79.2,False,1,False
Anthony Edwards / Jaden McDaniels / Joan Beringer / Jonathan Kuminga / Nah'Shon Hyland,0.0,COMPOSED,6.907500000000001,2.0030149150717778,4.0,8.91,4.16,-2.7475,0.39639945652173914,0.3924592973436161,-0.95,11.684388309546376,78.6,False,1,False
Anthony Edwards / Jaden McDaniels / Joan Beringer / Jonathan Kuminga / Terrence Shannon Jr.,0.0,COMPOSED,4.48,1.6041664502164354,2.0,6.05,3.8775,-0.6025,0.3566301473366075,0.3951271186440678,-0.95,9.920221915835272,79.4,False,1,False
Anthony Edwards / Jaden McDaniels / Joan Beringer / Jonathan Kuminga / Trey Lyles,0.0,COMPOSED,6.529999999999999,2.060400446515191,4.0,8.74,4.2575,-2.2725,,,-0.95,9.036500985602714,79.75,False,1,False
Anthony Edwards / Isaiah Evans / Jaden McDaniels / Joan Beringer / Jonathan Kuminga,0.0,COMPOSED,5.596000951129824,1.9363157671206424,3.1835009511298233,7.673500951129824,3.5092504755649117,-2.0867504755649118,,,-0.95,9.036500985602714,79.75,False,1,False
Anthony Edwards / Ayo Dosunmu / Cody Williams / Joan Beringer / Jonathan Kuminga,0.0,COMPOSED,1.7875,1.3136090552367552,0.0,3.6800000000000006,2.155,0.36750000000000005,0.351813826146475,0.3784046692607004,-0.95,11.96394535991934,78.8,False,1,True
Anthony Edwards / Ayo Dosunmu / Jaylen Clark / Joan Beringer / Jonathan Kuminga,0.0,COMPOSED,5.6475,1.5735211310942092,3.0,6.84,4.405,-1.2425,0.3776515151515151,0.39518555667001004,-0.95,10.551522181692825,78.2,False,1,False
Anthony Edwards / Ayo Dosunmu / Joan Beringer / Jonathan Kuminga / Nah'Shon Hyland,0.0,COMPOSED,5.78,1.6579656208739673,3.0,7.1499999999999995,4.734999999999999,-1.045,0.41513363415480736,0.3988294314381271,-0.95,12.567056564460016,77.6,False,1,False
Anthony Edwards / Ayo Dosunmu / Joan Beringer / Jonathan Kuminga / Terrence Shannon Jr.,0.0,COMPOSED,3.3525,1.461649325248707,1.0,4.970000000000001,4.452500000000001,1.1,0.3765479876160991,0.4028776978417266,-0.95,10.802890170748912,78.4,False,1,True
Anthony Edwards / Ayo Dosunmu / Joan Beringer / Jonathan Kuminga / Trey Lyles,0.0,COMPOSED,5.4025,1.4137958657458296,3.0,6.609999999999999,4.8325000000000005,-0.5700000000000001,,,-0.95,9.919169240516354,78.5,False,1,True
Anthony Edwards / Ayo Dosunmu / Isaiah Evans / Joan Beringer / Jonathan Kuminga,0.0,COMPOSED,4.4685009511298235,1.3341382986782144,2.1835009511298233,5.5535009511298234,4.084250475564912,-0.38425047556491165,,,-0.95,9.919169240516354,78.5,False,1,True
Anthony Edwards / Cody Williams / Jaylen Clark / Joan Beringer / Jonathan Kuminga,0.0,COMPOSED,2.865,1.123443367509017,1.0,4.01,1.985,-0.8799999999999999,0.3533083645443196,0.35335689045936397,-0.95,8.987602648921897,79.0,False,1,True
Anthony Edwards / Cody Williams / Joan Beringer / Jonathan Kuminga / Nah'Shon Hyland,0.0,COMPOSED,2.9975,1.2117420311270877,1.0,4.24,2.315,-0.6824999999999999,0.39636913767019666,0.3654580152671756,-0.95,11.003137031689088,78.4,False,1,True
Anthony Edwards / Cody Williams / Joan Beringer / Jonathan Kuminga / Terrence Shannon Jr.,0.0,COMPOSED,0.5700000000000001,1.1659759860305872,-1.0,2.2800000000000002,2.0325,1.4625000000000001,0.35151256923732427,0.3612121212121212,-0.95,9.238970637977983,79.2,False,1,True
Anthony Edwards / Cody Williams / Joan Beringer / Jonathan Kuminga / Trey Lyles,0.0,COMPOSED,2.62,0.9425762568620112,1.0,3.3300000000000005,2.4125,-0.20749999999999996,,,-0.95,8.355249707745426,79.5,False,1,True
Anthony Edwards / Cody Williams / Isaiah Evans / Joan Beringer / Jonathan Kuminga,0.0,COMPOSED,1.6860009511298235,0.8807489710468018,0.1835009511298234,2.3535009511298237,1.664250475564912,-0.021750475564911706,,,-0.95,8.355249707745426,79.5,False,1,True
Anthony Edwards / Jaylen Clark / Joan Beringer / Jonathan Kuminga / Nah'Shon Hyland,0.0,COMPOSED,6.857500000000001,1.8408472913308156,4.0,8.56,4.5649999999999995,-2.2925,0.43056731583403896,0.3815142576204523,-0.95,9.590713853462573,77.8,False,1,False
Anthony Edwards / Jaylen Clark / Joan Beringer / Jonathan Kuminga / Terrence Shannon Jr.,0.0,COMPOSED,4.43,1.4962453007445005,2.0,5.99,4.282500000000001,-0.14749999999999996,0.3845036319612591,0.38161209068010077,-0.95,7.8265474597514695,78.6,False,1,True
Anthony Edwards / Jaylen Clark / Joan Beringer / Jonathan Kuminga / Trey Lyles,0.0,COMPOSED,6.48,1.8745266069063942,4.0,8.68,4.6625,-1.8175,,,-0.95,6.9428265295189115,78.75,False,1,False
Anthony Edwards / Isaiah Evans / Jaylen Clark / Joan Beringer / Jonathan Kuminga,0.0,COMPOSED,5.546000951129823,1.7549554837658992,3.1835009511298233,7.613500951129824,3.914250475564912,-1.6317504755649117,,,-0.95,6.9428265295189115,78.75,False,1,False
Anthony Edwards / Joan Beringer / Jonathan Kuminga / Nah'Shon Hyland / Terrence Shannon Jr.,0.0,COMPOSED,4.5625,1.485957183097817,2.0,5.53,4.612500000000001,0.050000000000000044,0.4306157849089332,0.38872104733131924,-0.95,9.842081842518661,78.0,False,1,True
Anthony Edwards / Joan Beringer / Jonathan Kuminga / Nah'Shon Hyland / Trey Lyles,0.0,COMPOSED,6.612500000000001,1.6509599480302364,4.0,8.17,4.9925,-1.62,,,-0.95,8.958360912286103,78.0,False,1,False
Anthony Edwards / Isaiah Evans / Joan Beringer / Jonathan Kuminga / Nah'Shon Hyland,0.0,COMPOSED,5.6785009511298234,1.5474252809101963,3.1835009511298233,7.113500951129823,4.244250475564912,-1.4342504755649115,,,-0.95,8.958360912286103,78.0,False,1,False
Anthony Edwards / Joan Beringer / Jonathan Kuminga / Terrence Shannon Jr. / Trey Lyles,0.0,COMPOSED,4.1850000000000005,1.2993171283408835,2.0,5.3100000000000005,4.71,0.5250000000000001,,,-0.95,7.1941945185749985,79.0,False,1,True
Anthony Edwards / Isaiah Evans / Joan Beringer / Jonathan Kuminga / Terrence Shannon Jr.,0.0,COMPOSED,3.2510009511298232,1.212381437502241,1.1835009511298233,4.243500951129824,3.9617504755649118,0.7107495244350883,,,-0.95,7.1941945185749985,79.0,False,1,True
Anthony Edwards / Isaiah Evans / Joan Beringer / Jonathan Kuminga / Trey Lyles,0.0,COMPOSED,5.301000951129823,1.532014605021767,3.1835009511298233,6.933500951129824,4.341750475564912,-0.9592504755649117,,,-0.95,6.3104735883424405,79.33333333333333,False,1,False
Ayo Dosunmu / Jaden McDaniels / Jonathan Kuminga / LaMelo Ball / Rudy Gobert,0.0,COMPOSED,6.69,3.6134955375646998,3.0,10.51,1.7499999999999996,-4.9399999999999995,0.37982359426681367,0.3853410740203193,-5.34,17.46337802019442,80.0,True,1,False
Cody Williams / Jaden McDaniels / Jonathan Kuminga / LaMelo Ball / Rudy Gobert,0.0,COMPOSED,3.9075,3.180576795174108,0.4700000000000001,7.259999999999999,-0.6700000000000002,-4.5775,0.3627248599233264,0.35528455284552846,-5.34,15.899458487423493,80.8,True,1,False
Jaden McDaniels / Joan Beringer / Jonathan Kuminga / LaMelo Ball / Rudy Gobert,0.0,COMPOSED,10.1425,4.574185036703259,5.0,15.229999999999999,3.2,-6.9425,0.3687919463087248,0.3721565059144677,-5.34,14.154682368020508,81.4,True,2,False
Jaden McDaniels / Jaylen Clark / Jonathan Kuminga / LaMelo Ball / Rudy Gobert,0.0,COMPOSED,7.7675,4.4464163941313455,2.71,12.61,1.58,-6.1875,0.3856545513026697,0.3686405337781485,-5.34,14.487035309196978,80.2,True,1,False
Jaden McDaniels / Jonathan Kuminga / LaMelo Ball / Nah'Shon Hyland / Rudy Gobert,0.0,COMPOSED,7.8999999999999995,4.042258032337866,3.72,12.07,1.9100000000000001,-5.99,0.4173134328358209,0.37553648068669526,-5.34,16.50256969196417,79.6,True,1,False
Jaden McDaniels / Jonathan Kuminga / LaMelo Ball / Rudy Gobert / Terrence Shannon Jr.,0.0,COMPOSED,5.4725,3.5956318985680387,1.76,9.239999999999998,1.6275,-3.8449999999999998,0.3848673435964625,0.37446808510638296,-5.34,14.738403298253067,80.4,True,1,False
Jaden McDaniels / Jonathan Kuminga / LaMelo Ball / Rudy Gobert / Trey Lyles,0.0,COMPOSED,7.5225,4.237648964933268,2.63,11.93,2.0075,-5.514999999999999,,,-5.34,13.854682368020509,81.0,True,1,False
Isaiah Evans / Jaden McDaniels / Jonathan Kuminga / LaMelo Ball / Rudy Gobert,0.0,COMPOSED,6.588500951129823,4.110136859035231,1.8335009511298235,10.863500951129822,1.2592504755649117,-5.329250475564912,,,-5.34,13.854682368020509,81.0,True,1,False
Ayo Dosunmu / Cody Williams / Jonathan Kuminga / LaMelo Ball / Rudy Gobert,0.0,COMPOSED,2.78,2.185085810671974,0.0,5.139999999999999,-0.0950000000000002,-2.875,0.37830528846153844,0.36219221604447976,-5.34,16.782126742337134,79.8,True,1,False
Ayo Dosunmu / Joan Beringer / Jonathan Kuminga / LaMelo Ball / Rudy Gobert,0.0,COMPOSED,9.014999999999999,3.6578716489237286,4.0,12.649999999999999,3.775,-5.24,0.3866986630099417,0.37943262411347517,-5.34,15.037350622934147,80.4,True,2,False
Ayo Dosunmu / Jaylen Clark / Jonathan Kuminga / LaMelo Ball / Rudy Gobert,0.0,COMPOSED,6.64,3.375433305517974,3.0,10.03,2.155,-4.485,0.40315167432698623,0.3754071661237785,-5.34,15.369703564110617,79.2,True,1,False
Ayo Dosunmu / Jonathan Kuminga / LaMelo Ball / Nah'Shon Hyland / Rudy Gobert,0.0,COMPOSED,6.7725,3.07101265871699,3.0,10.309999999999999,2.485,-4.2875,0.4341344691207788,0.38121934127540297,-5.34,17.385237946877808,78.6,True,1,False
Ayo Dosunmu / Jonathan Kuminga / LaMelo Ball / Rudy Gobert / Terrence Shannon Jr.,0.0,COMPOSED,4.344999999999999,2.616510080240471,1.0,7.129999999999999,2.2024999999999997,-2.1424999999999996,0.40267558528428093,0.3812292358803987,-5.34,15.621071553166706,79.4,True,1,False
Ayo Dosunmu / Jonathan Kuminga / LaMelo Ball / Rudy Gobert / Trey Lyles,0.0,COMPOSED,6.395,3.172652675601286,3.0,9.77,2.5825,-3.8125,,,-5.34,14.737350622934148,79.75,True,1,False
Ayo Dosunmu / Isaiah Evans / Jonathan Kuminga / LaMelo Ball / Rudy Gobert,0.0,COMPOSED,5.461000951129823,3.046033281170775,2.1835009511298233,8.713500951129824,1.8342504755649116,-3.6267504755649114,,,-5.34,14.737350622934148,79.75,True,1,False
Cody Williams / Joan Beringer / Jonathan Kuminga / LaMelo Ball / Rudy Gobert,0.0,COMPOSED,6.2325,3.190465287383644,2.0,9.82,1.355,-4.8774999999999995,0.3656716417910448,0.3408163265306122,-5.34,13.473431090163219,81.2,True,2,False
Cody Williams / Jaylen Clark / Jonathan Kuminga / LaMelo Ball / Rudy Gobert,0.0,COMPOSED,3.8574999999999995,2.9472731040743403,0.8500000000000001,7.199999999999999,-0.2650000000000001,-4.1225,0.38447846208615166,0.3398148148148148,-5.34,13.80578403133969,80.0,True,1,False
Cody Williams / Jonathan Kuminga / LaMelo Ball / Nah'Shon Hyland / Rudy Gobert,0.0,COMPOSED,3.9899999999999993,2.580174412709342,1.0,6.699999999999999,0.06499999999999972,-3.925,0.419344262295082,0.3518373729476153,-5.34,15.82131841410688,79.4,True,1,False
Cody Williams / Jonathan Kuminga / LaMelo Ball / Rudy Gobert / Terrence Shannon Jr.,0.0,COMPOSED,1.5624999999999996,2.1391397219443142,-1.0,3.829999999999999,-0.21750000000000014,-1.7799999999999998,0.3835815474028333,0.3456439393939394,-5.34,14.057152020395778,80.2,True,1,False
Cody Williams / Jonathan Kuminga / LaMelo Ball / Rudy Gobert / Trey Lyles,0.0,COMPOSED,3.6125,2.731678742092488,0.77,6.519999999999999,0.16249999999999987,-3.4499999999999997,,,-5.34,13.17343109016322,80.75,True,1,False
Cody Williams / Isaiah Evans / Jonathan Kuminga / LaMelo Ball / Rudy Gobert,0.0,COMPOSED,2.6785009511298226,2.604001728110025,-0.026499048870176456,5.453500951129822,-0.5857495244350884,-3.264250475564911,,,-5.34,13.17343109016322,80.75,True,1,False
Jaylen Clark / Joan Beringer / Jonathan Kuminga / LaMelo Ball / Rudy Gobert,0.0,COMPOSED,10.0925,4.3690638299297015,5.0,15.169999999999998,3.6050000000000004,-6.4875,0.3957464553794829,0.35721812434141204,-5.34,12.061007911936704,80.6,True,2,False
Joan Beringer / Jonathan Kuminga / LaMelo Ball / Nah'Shon Hyland / Rudy Gobert,0.0,COMPOSED,10.225,4.0342068613297455,5.0,14.37,3.9349999999999996,-6.289999999999999,0.4350132625994695,0.367595818815331,-5.34,14.076542294703897,80.0,True,2,False
Joan Beringer / Jonathan Kuminga / LaMelo Ball / Rudy Gobert / Terrence Shannon Jr.,0.0,COMPOSED,7.797499999999999,3.619671083123437,3.0,11.799999999999999,3.6524999999999994,-4.145,0.39496157130657555,0.3643243243243243,-5.34,12.312375900992793,80.8,True,2,False
Joan Beringer / Jonathan Kuminga / LaMelo Ball / Rudy Gobert / Trey Lyles,0.0,COMPOSED,9.847499999999998,4.14545760441474,5.0,14.489999999999998,4.0325,-5.8149999999999995,,,-5.34,11.428654970760235,81.5,True,2,False
Isaiah Evans / Joan Beringer / Jonathan Kuminga / LaMelo Ball / Rudy Gobert,0.0,COMPOSED,8.913500951129823,4.020242529997413,4.183500951129824,13.423500951129823,3.284250475564912,-5.629250475564911,,,-5.34,11.428654970760235,81.5,True,2,False
Jaylen Clark / Jonathan Kuminga / LaMelo Ball / Nah'Shon Hyland / Rudy Gobert,0.0,COMPOSED,7.85,3.8008222794548026,4.0,11.75,2.315,-5.535,0.4508670520231214,0.3645833333333333,-5.34,14.408895235880367,78.8,True,1,False
Jaylen Clark / Jonathan Kuminga / LaMelo Ball / Rudy Gobert / Terrence Shannon Jr.,0.0,COMPOSED,5.422499999999999,3.3650733647277287,2.0,9.18,2.0324999999999998,-3.3899999999999997,0.41481181707810605,0.36097560975609755,-5.34,12.644728842169263,79.6,True,1,False
Jaylen Clark / Jonathan Kuminga / LaMelo Ball / Rudy Gobert / Trey Lyles,0.0,COMPOSED,7.4725,3.9944985605204564,3.01,11.87,2.4125,-5.06,,,-5.34,11.761007911936705,80.0,True,1,False
Isaiah Evans / Jaylen Clark / Jonathan Kuminga / LaMelo Ball / Rudy Gobert,0.0,COMPOSED,6.538500951129823,3.8669787948733303,2.2135009511298236,10.803500951129823,1.6642504755649115,-4.874250475564911,,,-5.34,11.761007911936705,80.0,True,1,False
Jonathan Kuminga / LaMelo Ball / Nah'Shon Hyland / Rudy Gobert / Terrence Shannon Jr.,0.0,COMPOSED,5.555,3.009605455869589,2.0,8.69,2.3625,-3.1925,0.45132743362831856,0.3700980392156863,-5.34,14.660263224936454,79.0,True,1,False
Jonathan Kuminga / LaMelo Ball / Nah'Shon Hyland / Rudy Gobert / Trey Lyles,0.0,COMPOSED,7.6049999999999995,3.5961820031805947,4.0,11.329999999999998,2.7424999999999997,-4.8625,,,-5.34,13.776542294703896,79.25,True,1,False
Isaiah Evans / Jonathan Kuminga / LaMelo Ball / Nah'Shon Hyland / Rudy Gobert,0.0,COMPOSED,6.671000951129823,3.4688425663324645,3.1835009511298233,10.273500951129822,1.9942504755649118,-4.676750475564911,,,-5.34,13.776542294703896,79.25,True,1,False
Jonathan Kuminga / LaMelo Ball / Rudy Gobert / Terrence Shannon Jr. / Trey Lyles,0.0,COMPOSED,5.177499999999999,3.1500029761890698,2.0,8.5,2.46,-2.7175000000000002,,,-5.34,12.012375900992792,80.25,True,1,False
Isaiah Evans / Jonathan Kuminga / LaMelo Ball / Rudy Gobert / Terrence Shannon Jr.,0.0,COMPOSED,4.243500951129823,3.0225237798899114,1.1835009511298233,7.4335009511298225,1.7117504755649116,-2.5317504755649116,,,-5.34,12.012375900992792,80.25,True,1,False
Isaiah Evans / Jonathan Kuminga / LaMelo Ball / Rudy Gobert / Trey Lyles,0.0,COMPOSED,6.293500951129824,3.656507896887411,2.1335009511298235,10.123500951129822,2.0917504755649112,-4.2017504755649115,,,-5.34,11.128654970760234,81.0,True,1,False
Ayo Dosunmu / Jaden McDaniels / Joan Beringer / Jonathan Kuminga / LaMelo Ball,0.0,COMPOSED,6.26,2.6809979485258837,2.0,8.629999999999999,4.35,-1.91,0.4244204018547141,0.38674435542607427,-0.95,16.079167493878632,79.6,False,1,False
Cody Williams / Jaden McDaniels / Joan Beringer / Jonathan Kuminga / LaMelo Ball,0.0,COMPOSED,3.4774999999999996,2.2051119586089043,0.0,5.799999999999999,1.9300000000000002,-1.5474999999999999,0.4086057371581054,0.356734693877551,-0.95,14.515247961107704,80.4,False,1,False
Jaden McDaniels / Jaylen Clark / Joan Beringer / Jonathan Kuminga / LaMelo Ball,0.0,COMPOSED,7.3375,3.2554214396910273,3.0,11.15,4.18,-3.1575,0.43961708394698085,0.37018425460636517,-0.95,13.10282478288119,79.8,False,1,False
Jaden McDaniels / Joan Beringer / Jonathan Kuminga / LaMelo Ball / Nah'Shon Hyland,0.0,COMPOSED,7.470000000000001,2.9903929507675078,3.0,10.350000000000001,4.51,-2.96,0.47108555968887383,0.3768844221105528,-0.95,15.11835916564838,79.2,False,1,False
Jaden McDaniels / Joan Beringer / Jonathan Kuminga / LaMelo Ball / Terrence Shannon Jr.,0.0,COMPOSED,5.0424999999999995,2.6151135252604236,1.0,7.779999999999999,4.227499999999999,-0.815,0.4398496240601504,0.37606837606837606,-0.95,13.354192771937276,80.0,False,1,False
Jaden McDaniels / Joan Beringer / Jonathan Kuminga / LaMelo Ball / Trey Lyles,0.0,COMPOSED,7.092499999999999,3.0304651045672837,3.0,10.469999999999999,4.6075,-2.485,,,-0.95,12.470471841704718,80.5,False,1,False
Isaiah Evans / Jaden McDaniels / Joan Beringer / Jonathan Kuminga / LaMelo Ball,0.0,COMPOSED,6.158500951129822,2.9108976278804444,2.1835009511298233,9.403500951129823,3.8592504755649117,-2.2992504755649117,,,-0.95,12.470471841704718,80.5,False,1,False
Ayo Dosunmu / Cody Williams / Joan Beringer / Jonathan Kuminga / LaMelo Ball,0.0,COMPOSED,2.3499999999999996,1.9707105317625924,-1.0,4.08,2.505,0.15500000000000008,0.4272572402044293,0.36363636363636365,-0.95,15.397916216021343,79.4,False,1,False
Ayo Dosunmu / Jaylen Clark / Joan Beringer / Jonathan Kuminga / LaMelo Ball,0.0,COMPOSED,6.21,2.5658039675703987,2.0,8.57,4.755,-1.455,0.4609875612514135,0.3769419460343418,-0.95,13.985493037794829,78.8,False,1,False
Ayo Dosunmu / Joan Beringer / Jonathan Kuminga / LaMelo Ball / Nah'Shon Hyland,0.0,COMPOSED,6.342499999999999,2.529104337507648,2.0,8.27,5.085,-1.2575,0.49136143745680716,0.38255977496483823,-0.95,16.00102742056202,78.2,False,1,False
Ayo Dosunmu / Joan Beringer / Jonathan Kuminga / LaMelo Ball / Terrence Shannon Jr.,0.0,COMPOSED,3.915,2.2625262429417257,0.0,5.37,4.8025,0.8875000000000001,0.46168656141701964,0.38281901584653877,-0.95,14.236861026850915,79.0,False,1,False
Ayo Dosunmu / Joan Beringer / Jonathan Kuminga / LaMelo Ball / Trey Lyles,0.0,COMPOSED,5.965,2.3779034883695345,2.0,7.89,5.1825,-0.7825,,,-0.95,13.353140096618358,79.25,False,1,False
Ayo Dosunmu / Isaiah Evans / Joan Beringer / Jonathan Kuminga / LaMelo Ball,0.0,COMPOSED,5.031000951129823,2.2849658093722103,1.1835009511298233,6.823500951129823,4.4342504755649115,-0.5967504755649117,,,-0.95,13.353140096618358,79.25,False,1,False
Cody Williams / Jaylen Clark / Joan Beringer / Jonathan Kuminga / LaMelo Ball,0.0,COMPOSED,3.4274999999999998,2.1194972870942768,0.0,5.739999999999999,2.335,-1.0924999999999998,0.4449503311258278,0.3413953488372093,-0.95,12.4215735050239,79.6,False,1,False
Cody Williams / Joan Beringer / Jonathan Kuminga / LaMelo Ball / Nah'Shon Hyland,0.0,COMPOSED,3.5599999999999996,2.0587860500790267,0.0,4.9399999999999995,2.665,-0.8949999999999999,0.47948814452389915,0.3532182103610675,-0.95,14.437107887791091,79.0,False,1,False
Cody Williams / Joan Beringer / Jonathan Kuminga / LaMelo Ball / Terrence Shannon Jr.,0.0,COMPOSED,1.1324999999999998,1.861415791810094,-2.0,2.68,2.3825,1.25,0.44533898305084746,0.3472882968601332,-0.95,12.672941494079987,79.8,False,1,False
Cody Williams / Joan Beringer / Jonathan Kuminga / LaMelo Ball / Trey Lyles,0.0,COMPOSED,3.1825,1.9148939265661689,0.0,5.06,2.7625,-0.42,,,-0.95,11.78922056384743,80.25,False,1,False
Cody Williams / Isaiah Evans / Joan Beringer / Jonathan Kuminga / LaMelo Ball,0.0,COMPOSED,2.2485009511298233,1.8274640899344643,-0.8164990488701765,3.993500951129823,2.0142504755649115,-0.23425047556491163,,,-0.95,11.78922056384743,80.25,False,1,False
Jaylen Clark / Joan Beringer / Jonathan Kuminga / LaMelo Ball / Nah'Shon Hyland,0.0,COMPOSED,7.419999999999999,2.8474989025458814,3.0,10.29,4.915,-2.5050000000000003,0.5233684210526316,0.3660498793242156,-0.95,13.024684709564577,78.4,False,1,False
Jaylen Clark / Joan Beringer / Jonathan Kuminga / LaMelo Ball / Terrence Shannon Jr.,0.0,COMPOSED,4.9925,2.508658755191706,1.0,7.72,4.632499999999999,-0.35999999999999993,0.49085659287776706,0.3627450980392157,-0.95,11.260518315853473,79.2,False,1,False
Jaylen Clark / Joan Beringer / Jonathan Kuminga / LaMelo Ball / Trey Lyles,0.0,COMPOSED,7.0425,2.8707958391359005,3.0,10.41,5.012499999999999,-2.0300000000000002,,,-0.95,10.376797385620915,79.5,False,1,False
Isaiah Evans / Jaylen Clark / Joan Beringer / Jonathan Kuminga / LaMelo Ball,0.0,COMPOSED,6.108500951129823,2.7555444108197564,2.1835009511298233,9.343500951129823,4.2642504755649115,-1.8442504755649116,,,-0.95,10.376797385620915,79.5,False,1,False
Joan Beringer / Jonathan Kuminga / LaMelo Ball / Nah'Shon Hyland / Terrence Shannon Jr.,0.0,COMPOSED,5.125,2.408905353059767,1.0,6.92,4.9625,-0.16249999999999998,0.525657611039241,0.3716160787530763,-0.95,13.276052698620665,78.6,False,1,False
Joan Beringer / Jonathan Kuminga / LaMelo Ball / Nah'Shon Hyland / Trey Lyles,0.0,COMPOSED,7.175,2.6445084609431673,3.0,9.61,5.342499999999999,-1.8325,,,-0.95,12.392331768388107,78.75,False,1,False
Isaiah Evans / Joan Beringer / Jonathan Kuminga / LaMelo Ball / Nah'Shon Hyland,0.0,COMPOSED,6.2410009511298234,2.539255550353292,2.1835009511298233,8.543500951129824,4.594250475564912,-1.6467504755649118,,,-0.95,12.392331768388107,78.75,False,1,False
Joan Beringer / Jonathan Kuminga / LaMelo Ball / Terrence Shannon Jr. / Trey Lyles,0.0,COMPOSED,4.7475,2.300232325222824,1.0,7.04,5.06,0.31250000000000006,,,-0.95,10.628165374677003,79.75,False,1,False
Isaiah Evans / Joan Beringer / Jonathan Kuminga / LaMelo Ball / Terrence Shannon Jr.,0.0,COMPOSED,3.8135009511298232,2.2041438247083605,0.18350095112982334,5.973500951129823,4.311750475564912,0.49824952443508835,,,-0.95,10.628165374677003,79.75,False,1,False
Isaiah Evans / Joan Beringer / Jonathan Kuminga / LaMelo Ball / Trey Lyles,0.0,COMPOSED,5.863500951129823,2.5314916551314166,2.1835009511298233,8.663500951129823,4.691750475564912,-1.1717504755649117,,,-0.95,9.744444444444445,80.33333333333333,False,1,False
Ayo Dosunmu / Cody Williams / Jaden McDaniels / Jonathan Kuminga / Rudy Gobert,0.0,COMPOSED,0.037499999999999645,2.1648368876199426,-3.0,2.34,-4.33,-4.3675,0.2658140338748704,0.3732119635890767,-5.34,12.369265250708516,80.2,True,1,False
Ayo Dosunmu / Jaden McDaniels / Joan Beringer / Jonathan Kuminga / Rudy Gobert,0.0,COMPOSED,6.272500000000001,3.65115991843688,1.0,9.780000000000001,-0.45999999999999996,-6.7325,0.2570507655116841,0.4059561128526646,-5.34,10.624489131305532,80.8,True,2,False
Ayo Dosunmu / Jaden McDaniels / Jaylen Clark / Jonathan Kuminga / Rudy Gobert,0.0,COMPOSED,3.8975,3.306708144061099,0.0,7.1899999999999995,-2.08,-5.977499999999999,0.2826503255457679,0.3956639566395664,-5.34,10.956842072482003,79.6,True,1,False
Ayo Dosunmu / Jaden McDaniels / Jonathan Kuminga / Nah'Shon Hyland / Rudy Gobert,0.0,COMPOSED,4.03,3.039268003977274,0.0,7.510000000000001,-1.75,-5.78,0.3285413744740533,0.400213447171825,-5.34,12.972376455249194,79.0,True,1,False
Ayo Dosunmu / Jaden McDaniels / Jonathan Kuminga / Rudy Gobert / Terrence Shannon Jr.,0.0,COMPOSED,1.6024999999999996,2.594468876282774,-2.0,4.33,-2.0324999999999998,-3.635,0.27945205479452057,0.4061624649859944,-5.34,11.20821006153809,79.8,True,1,False
Ayo Dosunmu / Jaden McDaniels / Jonathan Kuminga / Rudy Gobert / Trey Lyles,0.0,COMPOSED,3.6525,3.1045883382503385,0.0,6.970000000000001,-1.6524999999999999,-5.305,,,-5.34,10.324489131305532,80.25,True,1,False
Ayo Dosunmu / Isaiah Evans / Jaden McDaniels / Jonathan Kuminga / Rudy Gobert,0.0,COMPOSED,2.7185009511298235,2.9796518252977138,-0.8164990488701762,5.913500951129823,-2.400749524435088,-5.119250475564911,,,-5.34,10.324489131305532,80.25,True,1,False
Cody Williams / Jaden McDaniels / Jaylen Clark / Jonathan Kuminga / Rudy Gobert,0.0,COMPOSED,1.1149999999999998,2.8589727176033,-2.0,4.329999999999999,-4.5,-5.614999999999999,0.2485256950294861,0.33559322033898303,-5.34,9.392922539711074,80.4,True,1,False
Cody Williams / Jaden McDaniels / Jonathan Kuminga / Nah'Shon Hyland / Rudy Gobert,0.0,COMPOSED,1.2475,2.531771859785158,-2.0,3.9,-4.17,-5.4174999999999995,0.3017208413001912,0.3561470215462611,-5.34,11.408456922478265,79.8,True,1,False
Cody Williams / Jaden McDaniels / Jonathan Kuminga / Rudy Gobert / Terrence Shannon Jr.,0.0,COMPOSED,-1.1800000000000002,2.0994284936620247,-4.0,0.9599999999999991,-4.452500000000001,-3.2725,0.2441760138050043,0.3462897526501767,-5.34,9.644290528767161,80.6,True,1,False
Cody Williams / Isaiah Evans / Jaden McDaniels / Jonathan Kuminga / Rudy Gobert,0.0,COMPOSED,-0.0639990488701766,2.515426156737661,-2.816499048870176,2.583500951129823,-4.820749524435088,-4.756750475564911,,,-5.34,8.760569598534603,81.25,True,1,False
Jaden McDaniels / Jaylen Clark / Joan Beringer / Jonathan Kuminga / Rudy Gobert,0.0,COMPOSED,7.35,4.31451619535725,2.0,12.3,-0.6299999999999999,-7.98,0.2338257768721345,0.37037037037037035,-5.34,7.648146420308089,81.0,True,2,False
Jaden McDaniels / Joan Beringer / Jonathan Kuminga / Nah'Shon Hyland / Rudy Gobert,0.0,COMPOSED,7.482500000000001,4.008293745473253,2.0,11.5,-0.2999999999999998,-7.7825,0.2985480943738657,0.3844984802431611,-5.34,9.66368080307528,80.4,True,2,False
Jaden McDaniels / Joan Beringer / Jonathan Kuminga / Rudy Gobert / Terrence Shannon Jr.,0.0,COMPOSED,5.055,3.601766927495448,0.0,8.93,-0.5824999999999999,-5.6375,0.2281069743051914,0.38620689655172413,-5.34,7.899514409364176,81.2,True,2,False
Isaiah Evans / Jaden McDaniels / Joan Beringer / Jonathan Kuminga / Rudy Gobert,0.0,COMPOSED,6.171000951129823,3.968364745080774,1.1835009511298242,10.553500951129823,-0.9507495244350881,-7.1217504755649115,,,-5.34,7.015793479131618,82.0,True,2,False
Jaden McDaniels / Jaylen Clark / Jonathan Kuminga / Nah'Shon Hyland / Rudy Gobert,0.0,COMPOSED,5.1075,3.71855734795095,1.0,8.879999999999999,-1.92,-7.0275,0.324903557651093,0.37730870712401055,-5.34,9.99603374425175,79.2,True,1,False
Jaden McDaniels / Jaylen Clark / Jonathan Kuminga / Rudy Gobert / Terrence Shannon Jr.,0.0,COMPOSED,2.6799999999999997,3.28393818455829,-1.0,6.309999999999999,-2.2024999999999997,-4.8825,0.26277013752455797,0.37570093457943926,-5.34,8.231867350540647,80.0,True,1,False
Jaden McDaniels / Jaylen Clark / Jonathan Kuminga / Rudy Gobert / Trey Lyles,0.0,COMPOSED,4.73,3.8864057945613446,0.7099999999999999,8.999999999999998,-1.8225,-6.552499999999999,,,-5.34,7.348146420308089,80.5,True,1,False
Isaiah Evans / Jaden McDaniels / Jaylen Clark / Jonathan Kuminga / Rudy Gobert,0.0,COMPOSED,3.7960009511298236,3.7588454011837196,-0.08649904887017645,7.933500951129823,-2.5707495244350884,-6.366750475564912,,,-5.34,7.348146420308089,80.5,True,1,False
Jaden McDaniels / Jonathan Kuminga / Nah'Shon Hyland / Rudy Gobert / Terrence Shannon Jr.,0.0,COMPOSED,2.8124999999999996,2.96370017883051,-1.0,5.89,-1.8725,-4.6850000000000005,0.32235397452788755,0.3869209809264305,-5.34,10.24740173330784,79.4,True,1,False
Jaden McDaniels / Jonathan Kuminga / Nah'Shon Hyland / Rudy Gobert / Trey Lyles,0.0,COMPOSED,4.862499999999999,3.5136759597322,1.0,8.53,-1.4925,-6.3549999999999995,,,-5.34,9.36368080307528,79.75,True,1,False
Isaiah Evans / Jaden McDaniels / Jonathan Kuminga / Nah'Shon Hyland / Rudy Gobert,0.0,COMPOSED,3.9285009511298234,3.3872592165348077,0.18350095112982423,7.473500951129823,-2.2407495244350883,-6.169250475564912,,,-5.34,9.36368080307528,79.75,True,1,False
Jaden McDaniels / Jonathan Kuminga / Rudy Gobert / Terrence Shannon Jr. / Trey Lyles,0.0,COMPOSED,2.435,3.068391272311926,-1.0,5.629999999999999,-1.775,-4.21,,,-5.34,7.599514409364176,80.75,True,1,False
Isaiah Evans / Jaden McDaniels / Jonathan Kuminga / Rudy Gobert / Terrence Shannon Jr.,0.0,COMPOSED,1.5010009511298237,2.9420093048799147,-1.8164990488701762,4.563500951129823,-2.523249524435088,-4.024250475564911,,,-5.34,7.599514409364176,80.75,True,1,False
Isaiah Evans / Jaden McDaniels / Jonathan Kuminga / Rudy Gobert / Trey Lyles,0.0,COMPOSED,3.551000951129823,3.546465670213092,-0.16649904887017664,7.253500951129823,-2.143249524435088,-5.694250475564911,,,-5.34,6.7157934791316185,81.66666666666667,True,1,False
Ayo Dosunmu / Cody Williams / Joan Beringer / Jonathan Kuminga / Rudy Gobert,0.0,COMPOSED,2.3625,2.5838766901692503,-2.0,4.37,-2.3049999999999997,-4.6675,0.23785517873510542,0.35452793834296725,-5.34,9.943237853448244,80.6,True,2,False
Ayo Dosunmu / Cody Williams / Jaylen Clark / Jonathan Kuminga / Rudy Gobert,0.0,COMPOSED,-0.0125000000000004,1.9848598817044993,-3.0,1.8199999999999994,-3.925,-3.9124999999999996,0.2678494158372999,0.3505654281098546,-5.34,10.275590794624714,79.4,True,1,False
Ayo Dosunmu / Cody Williams / Jonathan Kuminga / Nah'Shon Hyland / Rudy Gobert,0.0,COMPOSED,0.11999999999999988,1.908965688533977,-3.0,2.14,-3.5949999999999998,-3.715,0.32053291536050155,0.36674816625916873,-5.34,12.291125177391905,78.8,True,1,False
Ayo Dosunmu / Cody Williams / Jonathan Kuminga / Rudy Gobert / Terrence Shannon Jr.,0.0,COMPOSED,-2.3075,1.5710406582899117,-5.0,-1.0400000000000005,-3.8775000000000004,-1.5699999999999998,0.2638580931263858,0.36134453781512604,-5.34,10.5269587836808,79.6,True,1,False
Ayo Dosunmu / Cody Williams / Jonathan Kuminga / Rudy Gobert / Trey Lyles,0.0,COMPOSED,-0.2575000000000003,1.797892863882606,-3.0,1.5999999999999996,-3.4975000000000005,-3.2399999999999998,,,-5.34,9.643237853448243,80.0,True,1,False
Ayo Dosunmu / Cody Williams / Isaiah Evans / Jonathan Kuminga / Rudy Gobert,0.0,COMPOSED,-1.1914990488701767,1.6898150786402633,-3.816499048870176,0.5435009511298237,-4.245749524435088,-3.0542504755649116,,,-5.34,9.643237853448243,80.0,True,1,False
Ayo Dosunmu / Jaylen Clark / Joan Beringer / Jonathan Kuminga / Rudy Gobert,0.0,COMPOSED,6.222499999999999,3.489888071271054,1.0,9.719999999999999,-0.05499999999999994,-6.2775,0.25684210526315787,0.38729508196721313,-5.34,8.530814675221729,80.0,True,2,False
Ayo Dosunmu / Joan Beringer / Jonathan Kuminga / Nah'Shon Hyland / Rudy Gobert,0.0,COMPOSED,6.3549999999999995,3.3315199233983277,1.0,9.370000000000001,0.2749999999999999,-6.08,0.3208780943484353,0.39592430858806404,-5.34,10.54634905798892,79.4,True,2,False
Ayo Dosunmu / Joan Beringer / Jonathan Kuminga / Rudy Gobert / Terrence Shannon Jr.,0.0,COMPOSED,3.9275,2.9718039555125433,-1.0,6.35,-0.007500000000000062,-3.9349999999999996,0.25162689804772237,0.40301724137931033,-5.34,8.782182664277816,80.2,True,2,False
Ayo Dosunmu / Joan Beringer / Jonathan Kuminga / Rudy Gobert / Trey Lyles,0.0,COMPOSED,5.977499999999999,3.285196911906499,1.0,9.04,0.37250000000000005,-5.6049999999999995,,,-5.34,7.898461734045258,80.75,True,2,False
Ayo Dosunmu / Isaiah Evans / Joan Beringer / Jonathan Kuminga / Rudy Gobert,0.0,COMPOSED,5.043500951129823,3.174011657193464,0.18350095112982334,7.9735009511298225,-0.37574952443508836,-5.419250475564911,,,-5.34,7.898461734045258,80.75,True,2,False
Ayo Dosunmu / Jaylen Clark / Jonathan Kuminga / Nah'Shon Hyland / Rudy Gobert,0.0,COMPOSED,3.9799999999999995,2.833081361344923,0.0,6.989999999999999,-1.345,-5.325,0.34669603524229076,0.3875476493011436,-5.34,10.87870199916539,78.2,True,1,False
Ayo Dosunmu / Jaylen Clark / Jonathan Kuminga / Rudy Gobert / Terrence Shannon Jr.,0.0,COMPOSED,1.5524999999999998,2.4102320946332116,-2.0,3.8099999999999996,-1.6275,-3.1799999999999997,0.2858590978205778,0.3900709219858156,-5.34,9.114535605454286,79.0,True,1,False
Ayo Dosunmu / Jaylen Clark / Jonathan Kuminga / Rudy Gobert / Trey Lyles,0.0,COMPOSED,3.602499999999999,2.884374932286023,0.0,6.449999999999999,-1.2475,-4.85,,,-5.34,8.230814675221728,79.25,True,1,False
Ayo Dosunmu / Isaiah Evans / Jaylen Clark / Jonathan Kuminga / Rudy Gobert,0.0,COMPOSED,2.668500951129823,2.7606928478191843,-0.8164990488701762,5.393500951129823,-1.9957495244350882,-4.664250475564912,,,-5.34,8.230814675221728,79.25,True,1,False
Ayo Dosunmu / Jonathan Kuminga / Nah'Shon Hyland / Rudy Gobert / Terrence Shannon Jr.,0.0,COMPOSED,1.685,2.2971340840273125,-2.0,4.13,-1.2974999999999999,-2.9824999999999995,0.34462511291779585,0.39711664482306686,-5.34,11.130069988221479,78.4,True,1,False
Ayo Dosunmu / Jonathan Kuminga / Nah'Shon Hyland / Rudy Gobert / Trey Lyles,0.0,COMPOSED,3.7350000000000003,2.651362857098213,0.0,6.7700000000000005,-0.9175000000000001,-4.6525,,,-5.34,10.246349057988919,78.5,True,1,False
Ayo Dosunmu / Isaiah Evans / Jonathan Kuminga / Nah'Shon Hyland / Rudy Gobert,0.0,COMPOSED,2.801000951129823,2.5366057537583564,-0.8164990488701767,5.713500951129823,-1.6657495244350884,-4.466750475564912,,,-5.34,10.246349057988919,78.5,True,1,False
Ayo Dosunmu / Jonathan Kuminga / Rudy Gobert / Terrence Shannon Jr. / Trey Lyles,0.0,COMPOSED,1.3074999999999997,2.2192608566817915,-2.0,3.5899999999999994,-1.2,-2.5074999999999994,,,-5.34,8.482182664277817,79.5,True,1,False
Ayo Dosunmu / Isaiah Evans / Jonathan Kuminga / Rudy Gobert / Terrence Shannon Jr.,0.0,COMPOSED,0.3735009511298233,2.1077357519385584,-2.8164990488701767,2.533500951129823,-1.9482495244350884,-2.321750475564911,,,-5.34,8.482182664277817,79.5,True,1,False
Ayo Dosunmu / Isaiah Evans / Jonathan Kuminga / Rudy Gobert / Trey Lyles,0.0,COMPOSED,2.4235009511298227,2.5602831874618865,-0.8164990488701767,5.173500951129823,-1.5682495244350885,-3.991750475564911,,,-5.34,7.598461734045258,80.0,True,1,False
Cody Williams / Jaylen Clark / Joan Beringer / Jonathan Kuminga / Rudy Gobert,0.0,COMPOSED,3.4399999999999995,3.0263922415972453,-1.0,6.89,-2.4749999999999996,-5.915,0.20444978953698137,0.27941176470588236,-5.34,6.9668951424508005,80.8,True,2,False
Cody Williams / Joan Beringer / Jonathan Kuminga / Nah'Shon Hyland / Rudy Gobert,0.0,COMPOSED,3.5725,2.8305597944576264,-1.0,6.09,-2.145,-5.7175,0.28308823529411764,0.3302411873840445,-5.34,8.982429525217992,80.2,True,2,False
Cody Williams / Joan Beringer / Jonathan Kuminga / Rudy Gobert / Terrence Shannon Jr.,0.0,COMPOSED,1.145,2.499654976191714,-3.0,3.5199999999999996,-2.4274999999999998,-3.5725,0.19663970130678282,0.29430379746835444,-5.34,7.2182631315068875,81.0,True,2,False
Cody Williams / Isaiah Evans / Joan Beringer / Jonathan Kuminga / Rudy Gobert,0.0,COMPOSED,2.2610009511298235,2.69512870750174,-1.8164990488701762,5.143500951129823,-2.795749524435088,-5.056750475564912,,,-5.34,6.3345422012743295,81.75,True,2,False
Cody Williams / Jaylen Clark / Jonathan Kuminga / Nah'Shon Hyland / Rudy Gobert,0.0,COMPOSED,1.1974999999999998,2.3309265861455177,-2.0,3.469999999999999,-3.765,-4.9625,0.31431382193802265,0.3302034428794992,-5.34,9.314782466394462,79.0,True,1,False
Cody Williams / Jaylen Clark / Jonathan Kuminga / Rudy Gobert / Terrence Shannon Jr.,0.0,COMPOSED,-1.23,1.9286523792534516,-4.0,0.8999999999999995,-4.047499999999999,-2.8175,0.23963133640552994,0.30288461538461536,-5.34,7.550616072683359,79.8,True,1,False
Cody Williams / Jaylen Clark / Jonathan Kuminga / Rudy Gobert / Trey Lyles,0.0,COMPOSED,0.8199999999999998,2.4283018757971586,-2.0,3.589999999999999,-3.6675,-4.4875,,,-5.34,6.6668951424508,80.25,True,1,False
Cody Williams / Isaiah Evans / Jaylen Clark / Jonathan Kuminga / Rudy Gobert,0.0,COMPOSED,-0.11399904887017664,2.303175796590438,-2.816499048870176,2.5235009511298223,-4.415749524435088,-4.301750475564912,,,-5.34,6.6668951424508,80.25,True,1,False
Cody Williams / Jonathan Kuminga / Nah'Shon Hyland / Rudy Gobert / Terrence Shannon Jr.,0.0,COMPOSED,-1.0975000000000001,1.7665273136863748,-4.0,0.52,-3.7175,-2.6199999999999997,0.3110773899848255,0.33983739837398375,-5.34,9.56615045545055,79.2,True,1,False
Cody Williams / Jonathan Kuminga / Nah'Shon Hyland / Rudy Gobert / Trey Lyles,0.0,COMPOSED,0.9524999999999999,2.130743708192048,-2.0,3.1599999999999997,-3.3375,-4.289999999999999,,,-5.34,8.68242952521799,79.5,True,1,False
Cody Williams / Isaiah Evans / Jonathan Kuminga / Nah'Shon Hyland / Rudy Gobert,0.0,COMPOSED,0.018500951129823306,2.0126785635068503,-2.816499048870176,2.1035009511298233,-4.085749524435088,-4.104250475564911,,,-5.34,8.68242952521799,79.5,True,1,False
Cody Williams / Jonathan Kuminga / Rudy Gobert / Terrence Shannon Jr. / Trey Lyles,0.0,COMPOSED,-1.475,1.7143730632508198,-4.0,0.21999999999999975,-3.6199999999999997,-2.1449999999999996,,,-5.34,6.918263131506888,80.5,True,1,False
Cody Williams / Isaiah Evans / Jonathan Kuminga / Rudy Gobert / Terrence Shannon Jr.,0.0,COMPOSED,-2.4089990488701765,1.6008337671351134,-4.816499048870176,-0.8464990488701769,-4.368249524435088,-1.9592504755649114,,,-5.34,6.918263131506888,80.5,True,1,False
Cody Williams / Isaiah Evans / Jonathan Kuminga / Rudy Gobert / Trey Lyles,0.0,COMPOSED,-0.35899904887017675,2.0836791379672635,-2.816499048870176,1.8435009511298226,-3.988249524435088,-3.6292504755649113,,,-5.34,6.03454220127433,81.33333333333333,True,1,False
Jaylen Clark / Joan Beringer / Jonathan Kuminga / Nah'Shon Hyland / Rudy Gobert,0.0,COMPOSED,7.4325,3.8320971738722913,2.0,11.440000000000001,0.10499999999999998,-7.3275,0.31319358816276205,0.36023622047244097,-5.34,7.570006346991478,79.6,True,2,False
Jaylen Clark / Joan Beringer / Jonathan Kuminga / Rudy Gobert / Terrence Shannon Jr.,0.0,COMPOSED,5.005,3.4467412145387417,0.0,8.870000000000001,-0.1775,-5.1825,0.21509433962264152,0.34385964912280703,-5.34,5.8058399532803735,80.4,True,2,False
Jaylen Clark / Joan Beringer / Jonathan Kuminga / Rudy Gobert / Trey Lyles,0.0,COMPOSED,7.055,3.9055889440646463,2.0,11.559999999999999,0.20250000000000012,-6.8525,,,-5.34,4.922119023047816,81.0,True,2,False
Isaiah Evans / Jaylen Clark / Joan Beringer / Jonathan Kuminga / Rudy Gobert,0.0,COMPOSED,6.1210009511298225,3.7842263079789507,1.1835009511298242,10.493500951129825,-0.5457495244350881,-6.666750475564911,,,-5.34,4.922119023047816,81.0,True,2,False
Joan Beringer / Jonathan Kuminga / Nah'Shon Hyland / Rudy Gobert / Terrence Shannon Jr.,0.0,COMPOSED,5.137499999999999,3.239779120557449,0.0,8.069999999999999,0.15250000000000008,-4.984999999999999,0.3090676883780332,0.3739669421487603,-5.34,7.8213743360475645,79.8,True,2,False
Joan Beringer / Jonathan Kuminga / Nah'Shon Hyland / Rudy Gobert / Trey Lyles,0.0,COMPOSED,7.1875,3.621086680818342,2.0,10.76,0.5325,-6.654999999999999,,,-5.34,6.937653405815007,80.25,True,2,False
Isaiah Evans / Joan Beringer / Jonathan Kuminga / Nah'Shon Hyland / Rudy Gobert,0.0,COMPOSED,6.253500951129824,3.504547046338514,1.1835009511298238,9.693500951129824,-0.2157495244350882,-6.469250475564912,,,-5.34,6.937653405815007,80.25,True,2,False
Joan Beringer / Jonathan Kuminga / Rudy Gobert / Terrence Shannon Jr. / Trey Lyles,0.0,COMPOSED,4.76,3.2279792440472725,0.0,8.19,0.25,-4.51,,,-5.34,5.1734870121039025,81.25,True,2,False
Isaiah Evans / Joan Beringer / Jonathan Kuminga / Rudy Gobert / Terrence Shannon Jr.,0.0,COMPOSED,3.8260009511298234,3.1148384789584194,-0.8164990488701767,7.123500951129824,-0.49824952443508824,-4.324250475564911,,,-5.34,5.1734870121039025,81.25,True,2,False
Isaiah Evans / Joan Beringer / Jonathan Kuminga / Rudy Gobert / Trey Lyles,0.0,COMPOSED,5.876000951129823,3.5606065143455545,1.1835009511298238,9.813500951129823,-0.11824952443508818,-5.994250475564912,,,-5.34,4.289766081871345,82.33333333333333,True,2,False
Jaylen Clark / Jonathan Kuminga / Nah'Shon Hyland / Rudy Gobert / Terrence Shannon Jr.,0.0,COMPOSED,2.7624999999999997,2.762547510903658,-1.0,5.449999999999999,-1.4674999999999998,-4.2299999999999995,0.3445427728613569,0.3664383561643836,-5.34,8.153727277224036,78.6,True,1,False
Jaylen Clark / Jonathan Kuminga / Nah'Shon Hyland / Rudy Gobert / Trey Lyles,0.0,COMPOSED,4.8125,3.285919772301204,1.0,8.139999999999999,-1.0875,-5.8999999999999995,,,-5.34,7.270006346991478,78.75,True,1,False
Isaiah Evans / Jaylen Clark / Jonathan Kuminga / Nah'Shon Hyland / Rudy Gobert,0.0,COMPOSED,3.878500951129823,3.160193823169711,0.18350095112982423,7.073500951129823,-1.835749524435088,-5.714250475564912,,,-5.34,7.270006346991478,78.75,True,1,False
Jaylen Clark / Jonathan Kuminga / Rudy Gobert / Terrence Shannon Jr. / Trey Lyles,0.0,COMPOSED,2.385,2.855717948257495,-1.0,5.569999999999999,-1.3699999999999999,-3.755,,,-5.34,5.505839953280374,79.75,True,1,False
Isaiah Evans / Jaylen Clark / Jonathan Kuminga / Rudy Gobert / Terrence Shannon Jr.,0.0,COMPOSED,1.451000951129823,2.7308366392005214,-1.8164990488701762,4.503500951129823,-2.118249524435088,-3.5692504755649113,,,-5.34,5.505839953280374,79.75,True,1,False
Isaiah Evans / Jaylen Clark / Jonathan Kuminga / Rudy Gobert / Trey Lyles,0.0,COMPOSED,3.5010009511298232,3.3140109761435603,0.18350095112982423,7.193500951129822,-1.7382495244350882,-5.239250475564911,,,-5.34,4.622119023047816,80.33333333333333,True,1,False
Jonathan Kuminga / Nah'Shon Hyland / Rudy Gobert / Terrence Shannon Jr. / Trey Lyles,0.0,COMPOSED,2.5175,2.561575442964739,-1.0,5.15,-1.04,-3.5574999999999997,,,-5.34,7.521374336047565,79.0,True,1,False
Isaiah Evans / Jonathan Kuminga / Nah'Shon Hyland / Rudy Gobert / Terrence Shannon Jr.,0.0,COMPOSED,1.583500951129823,2.4427136549337907,-1.8164990488701767,4.093500951129823,-1.7882495244350882,-3.3717504755649115,,,-5.34,7.521374336047565,79.0,True,1,False
Isaiah Evans / Jonathan Kuminga / Nah'Shon Hyland / Rudy Gobert / Trey Lyles,0.0,COMPOSED,3.6335009511298235,2.9554272110813353,0.18350095112982334,6.733500951129824,-1.4082495244350883,-5.041750475564911,,,-5.34,6.637653405815007,79.33333333333333,True,1,False
Isaiah Evans / Jonathan Kuminga / Rudy Gobert / Terrence Shannon Jr. / Trey Lyles,0.0,COMPOSED,1.2060009511298233,2.513507260781237,-1.8164990488701767,3.823500951129823,-1.690749524435088,-2.8967504755649114,,,-5.34,4.873487012103903,80.66666666666667,True,1,False
Ayo Dosunmu / Cody Williams / Jaden McDaniels / Joan Beringer / Jonathan Kuminga,0.0,COMPOSED,-0.39250000000000007,2.1659106052651387,-4.0,1.78,-1.73,-1.3375,0.3056,0.3756544502617801,-0.95,10.985054724392727,79.8,False,1,False
Ayo Dosunmu / Jaden McDaniels / Jaylen Clark / Joan Beringer / Jonathan Kuminga,0.0,COMPOSED,3.4675000000000002,2.6494657480329877,-1.0,5.7,0.52,-2.9475000000000002,0.33047790802524796,0.39836289222373805,-0.95,9.572631546166212,79.2,False,1,False
Ayo Dosunmu / Jaden McDaniels / Joan Beringer / Jonathan Kuminga / Nah'Shon Hyland,0.0,COMPOSED,3.6000000000000005,2.6641978154784227,-1.0,5.47,0.8500000000000001,-2.75,0.379015860105734,0.40236051502145925,-0.95,11.588165928933405,78.6,False,1,False
Ayo Dosunmu / Jaden McDaniels / Joan Beringer / Jonathan Kuminga / Terrence Shannon Jr.,0.0,COMPOSED,1.1725,2.4289336652119586,-3.0,3.0700000000000003,0.5674999999999999,-0.605,0.32793709528214615,0.4090267983074753,-0.95,9.8239995352223,79.4,False,1,False
Ayo Dosunmu / Jaden McDaniels / Joan Beringer / Jonathan Kuminga / Trey Lyles,0.0,COMPOSED,3.2225,2.474412809132704,-1.0,5.02,0.9475,-2.275,,,-0.95,8.940278604989743,79.75,False,1,False
Ayo Dosunmu / Isaiah Evans / Jaden McDaniels / Joan Beringer / Jonathan Kuminga,0.0,COMPOSED,2.288500951129823,2.3909464653145207,-1.8164990488701767,3.9535009511298234,0.1992504755649117,-2.0892504755649113,,,-0.95,8.940278604989743,79.75,False,1,False
Cody Williams / Jaden McDaniels / Jaylen Clark / Joan Beringer / Jonathan Kuminga,0.0,COMPOSED,0.685,2.2079685233263633,-3.0,2.87,-1.9,-2.585,0.29530540131246846,0.3384615384615385,-0.95,8.008712013395284,80.0,False,1,False
Cody Williams / Jaden McDaniels / Joan Beringer / Jonathan Kuminga / Nah'Shon Hyland,0.0,COMPOSED,0.8174999999999999,2.210592397978424,-3.0,2.3400000000000003,-1.5699999999999998,-2.3874999999999997,0.35283528352835286,0.35841836734693877,-0.95,10.024246396162477,79.4,False,1,False
Cody Williams / Jaden McDaniels / Joan Beringer / Jonathan Kuminga / Terrence Shannon Jr.,0.0,COMPOSED,-1.61,2.0474618433563054,-5.0,0.3800000000000001,-1.8525,-0.24249999999999994,0.2914285714285714,0.3493761140819964,-0.95,8.260080002451373,80.2,False,1,False
Cody Williams / Isaiah Evans / Jaden McDaniels / Joan Beringer / Jonathan Kuminga,0.0,COMPOSED,-0.49399904887017654,1.9446641740927915,-3.816499048870176,1.1235009511298233,-2.2207495244350883,-1.7267504755649115,,,-0.95,7.376359072218814,80.75,False,1,False
Jaden McDaniels / Jaylen Clark / Joan Beringer / Jonathan Kuminga / Nah'Shon Hyland,0.0,COMPOSED,4.6775,2.8957242185677834,0.0,7.42,0.6800000000000002,-3.9975,0.3881443298969072,0.3798140770252324,-0.95,8.611823217935962,78.8,False,1,False
Jaden McDaniels / Jaylen Clark / Joan Beringer / Jonathan Kuminga / Terrence Shannon Jr.,0.0,COMPOSED,2.25,2.5786527490144926,-2.0,4.85,0.39749999999999996,-1.8524999999999998,0.3225806451612903,0.37924528301886795,-0.95,6.847656824224858,79.6,False,1,False
Jaden McDaniels / Jaylen Clark / Joan Beringer / Jonathan Kuminga / Trey Lyles,0.0,COMPOSED,4.300000000000001,2.878393649242577,0.0,7.54,0.7775000000000001,-3.5225,,,-0.95,5.9639358939923,80.0,False,1,False
Isaiah Evans / Jaden McDaniels / Jaylen Clark / Joan Beringer / Jonathan Kuminga,0.0,COMPOSED,3.3660009511298234,2.768387391605445,-0.8164990488701767,6.473500951129823,0.029250475564911782,-3.3367504755649118,,,-0.95,5.9639358939923,80.0,False,1,False
Jaden McDaniels / Joan Beringer / Jonathan Kuminga / Nah'Shon Hyland / Terrence Shannon Jr.,0.0,COMPOSED,2.3825000000000003,2.534594395559179,-2.0,4.050000000000001,0.7275,-1.655,0.3869426751592357,0.3895747599451303,-0.95,8.863191206992049,79.0,False,1,False
Jaden McDaniels / Joan Beringer / Jonathan Kuminga / Nah'Shon Hyland / Trey Lyles,0.0,COMPOSED,4.4325,2.702289538520993,0.0,6.74,1.1075,-3.325,,,-0.95,7.979470276759491,79.25,False,1,False
Isaiah Evans / Jaden McDaniels / Joan Beringer / Jonathan Kuminga / Nah'Shon Hyland,0.0,COMPOSED,3.4985009511298237,2.604616094552132,-0.8164990488701767,5.6735009511298236,0.35925047556491174,-3.1392504755649115,,,-0.95,7.979470276759491,79.25,False,1,False
Jaden McDaniels / Joan Beringer / Jonathan Kuminga / Terrence Shannon Jr. / Trey Lyles,0.0,COMPOSED,2.005,2.383091479570182,-2.0,4.17,0.825,-1.18,,,-0.95,6.215303883048387,80.25,False,1,False
Isaiah Evans / Jaden McDaniels / Joan Beringer / Jonathan Kuminga / Terrence Shannon Jr.,0.0,COMPOSED,1.0710009511298235,2.2964252110617496,-2.8164990488701767,3.1035009511298237,0.07675047556491177,-0.9942504755649116,,,-0.95,6.215303883048387,80.25,False,1,False
Isaiah Evans / Jaden McDaniels / Joan Beringer / Jonathan Kuminga / Trey Lyles,0.0,COMPOSED,3.1210009511298233,2.5517383780474048,-0.8164990488701767,5.793500951129824,0.4567504755649118,-2.664250475564912,,,-0.95,5.331582952815829,81.0,False,1,False
Ayo Dosunmu / Cody Williams / Jaylen Clark / Joan Beringer / Jonathan Kuminga,0.0,COMPOSED,-0.4425000000000001,2.236899360722337,-4.0,2.16,-1.325,-0.8824999999999998,0.32012513034410844,0.3534201954397394,-0.95,8.891380268308923,79.0,False,1,False
Ayo Dosunmu / Cody Williams / Joan Beringer / Jonathan Kuminga / Nah'Shon Hyland,0.0,COMPOSED,-0.31000000000000005,2.546301239052442,-4.0,3.1700000000000004,-0.995,-0.6849999999999999,0.3765632237146827,0.36900369003690037,-0.95,10.906914651076116,78.4,False,1,False
Ayo Dosunmu / Cody Williams / Joan Beringer / Jonathan Kuminga / Terrence Shannon Jr.,0.0,COMPOSED,-2.7375,2.5720261954342534,-6.0,1.21,-1.2774999999999999,1.46,0.31686358754027927,0.3644067796610169,-0.95,9.142748257365012,79.2,False,1,False
Ayo Dosunmu / Cody Williams / Joan Beringer / Jonathan Kuminga / Trey Lyles,0.0,COMPOSED,-0.6875,2.166879957450343,-4.0,2.08,-0.8975,-0.20999999999999996,,,-0.95,8.259027327132454,79.5,False,1,False
Ayo Dosunmu / Cody Williams / Isaiah Evans / Joan Beringer / Jonathan Kuminga,0.0,COMPOSED,-1.6214990488701768,2.1615908493514677,-4.816499048870177,1.2835009511298234,-1.6457495244350882,-0.02425047556491161,,,-0.95,8.259027327132454,79.5,False,1,False
Ayo Dosunmu / Jaylen Clark / Joan Beringer / Jonathan Kuminga / Nah'Shon Hyland,0.0,COMPOSED,3.55,2.6356308542737925,-1.0,5.41,1.255,-2.295,0.41662226957911563,0.3900255754475703,-0.95,9.494491472849601,77.8,False,1,False
Ayo Dosunmu / Jaylen Clark / Joan Beringer / Jonathan Kuminga / Terrence Shannon Jr.,0.0,COMPOSED,1.1225,2.457044718762766,-3.0,3.45,0.9725000000000001,-0.1499999999999999,0.3537974683544304,0.3935599284436494,-0.95,7.730325079138497,78.6,False,1,False
Ayo Dosunmu / Jaylen Clark / Joan Beringer / Jonathan Kuminga / Trey Lyles,0.0,COMPOSED,3.1725000000000003,2.4214187473462743,-1.0,4.96,1.3525,-1.82,,,-0.95,6.846604148905939,78.75,False,1,False
Ayo Dosunmu / Isaiah Evans / Jaylen Clark / Joan Beringer / Jonathan Kuminga,0.0,COMPOSED,2.238500951129823,2.3492818051481184,-1.8164990488701767,3.8935009511298233,0.6042504755649117,-1.6342504755649117,,,-0.95,6.846604148905939,78.75,False,1,False
Ayo Dosunmu / Joan Beringer / Jonathan Kuminga / Nah'Shon Hyland / Terrence Shannon Jr.,0.0,COMPOSED,1.255,2.6981706765881213,-3.0,4.46,1.3025000000000002,0.0475000000000001,0.41625480505216916,0.3997361477572559,-0.95,9.745859461905688,78.0,False,1,False
Ayo Dosunmu / Joan Beringer / Jonathan Kuminga / Nah'Shon Hyland / Trey Lyles,0.0,COMPOSED,3.305,2.5196874806213567,-1.0,5.33,1.6825,-1.6225,,,-0.95,8.86213853167313,78.0,False,1,False
Ayo Dosunmu / Isaiah Evans / Joan Beringer / Jonathan Kuminga / Nah'Shon Hyland,0.0,COMPOSED,2.3710009511298233,2.471339464743765,-1.8164990488701767,4.533500951129824,0.9342504755649118,-1.4367504755649116,,,-0.95,8.86213853167313,78.0,False,1,False
Ayo Dosunmu / Joan Beringer / Jonathan Kuminga / Terrence Shannon Jr. / Trey Lyles,0.0,COMPOSED,0.8775,2.3562403845957656,-3.0,3.37,1.4,0.5225000000000001,,,-0.95,7.097972137962026,79.0,False,1,False
Ayo Dosunmu / Isaiah Evans / Joan Beringer / Jonathan Kuminga / Terrence Shannon Jr.,0.0,COMPOSED,-0.05649904887017665,2.3288087083313647,-3.8164990488701767,2.5735009511298235,0.6517504755649118,0.7082495244350884,,,-0.95,7.097972137962026,79.0,False,1,False
Ayo Dosunmu / Isaiah Evans / Joan Beringer / Jonathan Kuminga / Trey Lyles,0.0,COMPOSED,1.9935009511298236,2.202646135901089,-1.8164990488701767,3.4435009511298236,1.0317504755649116,-0.9617504755649117,,,-0.95,6.214251207729468,79.33333333333333,False,1,False
Cody Williams / Jaylen Clark / Joan Beringer / Jonathan Kuminga / Nah'Shon Hyland,0.0,COMPOSED,0.7675000000000001,2.229230528680244,-3.0,2.72,-1.165,-1.9325,0.38658536585365855,0.33280757097791797,-0.95,7.930571940078673,78.6,False,1,False
Cody Williams / Jaylen Clark / Joan Beringer / Jonathan Kuminga / Terrence Shannon Jr.,0.0,COMPOSED,-1.6600000000000001,2.136258411335108,-5.0,0.7600000000000001,-1.4475,0.2125000000000001,0.3060312732688012,0.30656934306569344,-0.95,6.166405546367569,79.4,False,1,False
Cody Williams / Jaylen Clark / Joan Beringer / Jonathan Kuminga / Trey Lyles,0.0,COMPOSED,0.3899999999999999,2.014038232010505,-3.0,2.13,-1.0675,-1.4575,,,-0.95,5.282684616135011,79.75,False,1,False
Cody Williams / Isaiah Evans / Jaylen Clark / Joan Beringer / Jonathan Kuminga,0.0,COMPOSED,-0.5439990488701765,1.9540646739552914,-3.816499048870176,1.0635009511298235,-1.815749524435088,-1.2717504755649118,,,-0.95,5.282684616135011,79.75,False,1,False
Cody Williams / Joan Beringer / Jonathan Kuminga / Nah'Shon Hyland / Terrence Shannon Jr.,0.0,COMPOSED,-1.5275,2.3958231883843184,-5.0,1.7700000000000002,-1.1175,0.4100000000000001,0.3851010101010101,0.34262295081967215,-0.95,8.18193992913476,78.8,False,1,False
Cody Williams / Joan Beringer / Jonathan Kuminga / Nah'Shon Hyland / Trey Lyles,0.0,COMPOSED,0.5225,2.1154712831896347,-3.0,2.64,-0.7375,-1.2599999999999998,,,-0.95,7.298218998902202,79.0,False,1,False
Cody Williams / Isaiah Evans / Joan Beringer / Jonathan Kuminga / Nah'Shon Hyland,0.0,COMPOSED,-0.41149904887017663,2.0832846660982267,-3.8164990488701767,1.8435009511298235,-1.4857495244350885,-1.0742504755649118,,,-0.95,7.298218998902202,79.0,False,1,False
Cody Williams / Joan Beringer / Jonathan Kuminga / Terrence Shannon Jr. / Trey Lyles,0.0,COMPOSED,-1.9050000000000002,2.044963324854507,-5.0,0.6800000000000002,-1.02,0.885,,,-0.95,5.534052605191098,80.0,False,1,False
Cody Williams / Isaiah Evans / Joan Beringer / Jonathan Kuminga / Terrence Shannon Jr.,0.0,COMPOSED,-2.8389990488701766,2.039489825912353,-5.816499048870177,-0.11649904887017642,-1.7682495244350882,1.0707495244350884,,,-0.95,5.534052605191098,80.0,False,1,False
Cody Williams / Isaiah Evans / Joan Beringer / Jonathan Kuminga / Trey Lyles,0.0,COMPOSED,-0.7889990488701766,1.8039869040544614,-3.8164990488701767,0.7535009511298236,-1.3882495244350883,-0.5992504755649116,,,-0.95,4.65033167495854,80.66666666666667,False,1,False
Jaylen Clark / Joan Beringer / Jonathan Kuminga / Nah'Shon Hyland / Terrence Shannon Jr.,0.0,COMPOSED,2.3325,2.5162906727959706,-2.0,4.01,1.1324999999999998,-1.2,0.4447004608294931,0.3696027633851468,-0.95,6.769516750908246,78.2,False,1,False
Jaylen Clark / Joan Beringer / Jonathan Kuminga / Nah'Shon Hyland / Trey Lyles,0.0,COMPOSED,4.3825,2.6101951555391407,0.0,6.68,1.5125000000000002,-2.87,,,-0.95,5.885795820675688,78.25,False,1,False
Isaiah Evans / Jaylen Clark / Joan Beringer / Jonathan Kuminga / Nah'Shon Hyland,0.0,COMPOSED,3.448500951129823,2.5212546479877833,-0.8164990488701767,5.613500951129824,0.7642504755649117,-2.6842504755649115,,,-0.95,5.885795820675688,78.25,False,1,False
Jaylen Clark / Joan Beringer / Jonathan Kuminga / Terrence Shannon Jr. / Trey Lyles,0.0,COMPOSED,1.955,2.3406462782744426,-2.0,4.11,1.23,-0.7249999999999999,,,-0.95,4.121629426964584,79.25,False,1,False
Isaiah Evans / Jaylen Clark / Joan Beringer / Jonathan Kuminga / Terrence Shannon Jr.,0.0,COMPOSED,1.0210009511298235,2.266057975869108,-2.8164990488701767,3.043500951129823,0.4817504755649117,-0.5392504755649117,,,-0.95,4.121629426964584,79.25,False,1,False
Isaiah Evans / Jaylen Clark / Joan Beringer / Jonathan Kuminga / Trey Lyles,0.0,COMPOSED,3.0710009511298235,2.444589689498015,-0.8164990488701767,5.733500951129823,0.8617504755649118,-2.209250475564912,,,-0.95,3.2379084967320257,79.66666666666667,False,1,False
Joan Beringer / Jonathan Kuminga / Nah'Shon Hyland / Terrence Shannon Jr. / Trey Lyles,0.0,COMPOSED,2.0875,2.379205487132207,-2.0,3.93,1.56,-0.5275,,,-0.95,6.137163809731775,78.5,False,1,False
Isaiah Evans / Joan Beringer / Jonathan Kuminga / Nah'Shon Hyland / Terrence Shannon Jr.,0.0,COMPOSED,1.1535009511298233,2.3280571298831996,-2.8164990488701767,3.1335009511298235,0.8117504755649118,-0.34175047556491156,,,-0.95,6.137163809731775,78.5,False,1,False
Isaiah Evans / Joan Beringer / Jonathan Kuminga / Nah'Shon Hyland / Trey Lyles,0.0,COMPOSED,3.203500951129824,2.3459219935880222,-0.8164990488701767,4.933500951129824,1.1917504755649118,-2.011750475564912,,,-0.95,5.253442879499217,78.66666666666667,False,1,False
Isaiah Evans / Joan Beringer / Jonathan Kuminga / Terrence Shannon Jr. / Trey Lyles,0.0,COMPOSED,0.7760009511298234,2.0962272658278254,-2.8164990488701767,2.3635009511298235,0.9092504755649117,0.13324952443508833,,,-0.95,3.4892764857881136,80.0,False,1,False
Anthony Edwards / Ayo Dosunmu / Jaden McDaniels / LaMelo Ball / Rudy Gobert,0.0,COMPOSED,8.6125,2.6781838529122672,4.53,11.52,5.6575,-2.955,0.39548772395487725,0.3926174496644295,-5.34,18.86274049742575,79.4,True,1,False
Anthony Edwards / Cody Williams / Jaden McDaniels / LaMelo Ball / Rudy Gobert,0.0,COMPOSED,5.829999999999999,2.4136590480016014,1.84,7.909999999999998,3.2375,-2.5925000000000002,0.3828197945845005,0.37073170731707317,-5.34,17.298820964654823,80.2,True,1,False
Anthony Edwards / Jaden McDaniels / Joan Beringer / LaMelo Ball / Rudy Gobert,0.0,COMPOSED,12.065,3.387871750819384,7.58,15.540000000000001,7.1075,-4.9575,0.3896204492641363,0.3843605036447979,-5.34,15.554044845251838,80.8,True,2,False
Anthony Edwards / Jaden McDaniels / Jaylen Clark / LaMelo Ball / Rudy Gobert,0.0,COMPOSED,9.69,3.5988192508099095,4.08,12.92,5.487499999999999,-4.2025,0.4020489755122439,0.3809819763828465,-5.34,15.886397786428308,79.6,True,1,False
Anthony Edwards / Jaden McDaniels / LaMelo Ball / Nah'Shon Hyland / Rudy Gobert,0.0,COMPOSED,9.8225,3.121012455918752,5.09,13.079999999999998,5.8175,-4.005,0.42611359886872496,0.38495575221238937,-5.34,17.9019321691955,79.0,True,1,False
Anthony Edwards / Jaden McDaniels / LaMelo Ball / Rudy Gobert / Terrence Shannon Jr.,0.0,COMPOSED,7.394999999999999,2.704870606886769,3.1300000000000003,9.899999999999999,5.535,-1.8599999999999999,0.40167257982767357,0.38548895899053626,-5.34,16.137765775484397,79.8,True,1,False
Anthony Edwards / Jaden McDaniels / LaMelo Ball / Rudy Gobert / Trey Lyles,0.0,COMPOSED,9.445,3.4364625707258907,4.0,12.54,5.914999999999999,-3.53,,,-5.34,15.254044845251837,80.25,True,1,False
Anthony Edwards / Isaiah Evans / Jaden McDaniels / LaMelo Ball / Rudy Gobert,0.0,COMPOSED,8.511000951129823,3.324209492495923,3.203500951129824,11.483500951129823,5.166750475564911,-3.3442504755649116,,,-5.34,15.254044845251837,80.25,True,1,False
Anthony Edwards / Ayo Dosunmu / Cody Williams / LaMelo Ball / Rudy Gobert,0.0,COMPOSED,4.702499999999999,1.2646615159796708,2.67,6.149999999999999,3.8124999999999996,-0.8899999999999999,0.39540393271736557,0.37567405632115036,-5.34,18.181489219568462,79.2,True,1,True
Anthony Edwards / Ayo Dosunmu / Joan Beringer / LaMelo Ball / Rudy Gobert,0.0,COMPOSED,10.9375,2.247135676811705,8.41,13.379999999999999,7.6825,-3.255,0.4036745406824147,0.3894668400520156,-5.34,16.436713100165477,79.8,True,2,False
Anthony Edwards / Ayo Dosunmu / LaMelo Ball / Rudy Gobert / Trey Lyles,0.0,COMPOSED,8.317499999999999,2.2433053180519136,4.83,10.779999999999998,6.489999999999999,-1.8275,,,-5.34,16.136713100165476,79.0,True,1,False
Anthony Edwards / Cody Williams / Joan Beringer / LaMelo Ball / Rudy Gobert,0.0,COMPOSED,8.155,1.8555390052488785,5.720000000000001,10.129999999999999,5.2625,-2.8924999999999996,0.389028827315981,0.36330935251798563,-5.34,14.872793567394549,80.6,True,2,False
Anthony Edwards / Cody Williams / Jaylen Clark / LaMelo Ball / Rudy Gobert,0.0,COMPOSED,5.779999999999999,2.139334008517604,2.22,7.51,3.6424999999999996,-2.1375,0.4024851431658563,0.3610738255033557,-5.34,15.20514650857102,79.4,True,1,False
Anthony Edwards / Cody Williams / LaMelo Ball / Nah'Shon Hyland / Rudy Gobert,0.0,COMPOSED,5.9125,1.663616166668261,3.23,7.709999999999999,3.9724999999999993,-1.94,0.4283540451432919,0.36767317939609234,-5.34,17.220680891338212,78.8,True,1,False
Anthony Edwards / Cody Williams / LaMelo Ball / Rudy Gobert / Terrence Shannon Jr.,0.0,COMPOSED,3.4849999999999994,1.2934933320276525,1.2700000000000002,4.5299999999999985,3.69,0.20500000000000018,0.40208447613823367,0.3656207366984993,-5.34,15.456514497627108,79.6,True,1,True
Anthony Edwards / Cody Williams / LaMelo Ball / Rudy Gobert / Trey Lyles,0.0,COMPOSED,5.534999999999999,2.0057729183534208,2.14,7.169999999999998,4.07,-1.4649999999999999,,,-5.34,14.572793567394548,80.0,True,1,False
Anthony Edwards / Cody Williams / Isaiah Evans / LaMelo Ball / Rudy Gobert,0.0,COMPOSED,4.601000951129823,1.909821653977145,1.3435009511298237,6.113500951129822,3.3217504755649117,-1.2792504755649117,,,-5.34,14.572793567394548,80.0,True,1,False
Anthony Edwards / Jaylen Clark / Joan Beringer / LaMelo Ball / Rudy Gobert,0.0,COMPOSED,12.015,3.134306143311466,7.960000000000001,15.48,7.512499999999999,-4.5024999999999995,0.41294439380127623,0.37527593818984545,-5.34,13.460370389168034,80.0,True,2,False
Anthony Edwards / Joan Beringer / LaMelo Ball / Nah'Shon Hyland / Rudy Gobert,0.0,COMPOSED,12.147499999999999,2.688860120943445,8.97,14.94,7.8425,-4.305,0.44110985277463194,0.38061617458279845,-5.34,15.475904771935227,79.4,True,2,False
Anthony Edwards / Joan Beringer / LaMelo Ball / Rudy Gobert / Terrence Shannon Jr.,0.0,COMPOSED,9.719999999999999,2.245896257621887,7.01,12.11,7.56,-2.16,0.4126738794435858,0.3805243445692884,-5.34,13.711738378224123,80.2,True,2,False
Anthony Edwards / Joan Beringer / LaMelo Ball / Rudy Gobert / Trey Lyles,0.0,COMPOSED,11.77,2.9309895939767503,7.880000000000001,14.799999999999999,7.9399999999999995,-3.83,,,-5.34,12.828017447991565,80.75,True,2,False
Anthony Edwards / Isaiah Evans / Joan Beringer / LaMelo Ball / Rudy Gobert,0.0,COMPOSED,10.836000951129822,2.8060236545688633,7.083500951129824,13.733500951129825,7.191750475564912,-3.6442504755649114,,,-5.34,12.828017447991565,80.75,True,2,False
Anthony Edwards / Jaylen Clark / LaMelo Ball / Rudy Gobert / Trey Lyles,0.0,COMPOSED,9.395,3.1604232311511695,4.38,12.18,6.32,-3.075,,,-5.34,13.160370389168035,79.25,True,1,False
Anthony Edwards / LaMelo Ball / Nah'Shon Hyland / Rudy Gobert / Trey Lyles,0.0,COMPOSED,9.5275,2.6804418945390323,5.390000000000001,12.34,6.65,-2.8775,,,-5.34,15.175904771935226,78.5,True,1,False
Anthony Edwards / LaMelo Ball / Rudy Gobert / Terrence Shannon Jr. / Trey Lyles,0.0,COMPOSED,7.1,2.271926495289845,3.4299999999999997,9.159999999999998,6.3675,-0.7324999999999998,,,-5.34,13.411738378224122,79.5,True,1,False
Anthony Edwards / Isaiah Evans / LaMelo Ball / Rudy Gobert / Trey Lyles,0.0,COMPOSED,8.216000951129823,2.8945757461154815,3.5035009511298236,10.743500951129821,5.999250475564911,-2.2167504755649117,,,-5.34,12.528017447991564,80.0,True,1,False
Anthony Edwards / Ayo Dosunmu / Jaden McDaniels / Joan Beringer / LaMelo Ball,0.0,COMPOSED,8.182500000000001,1.0508181336463507,7.0,9.479999999999999,8.2575,0.0749999999999999,0.4319282945736434,0.3937184520471116,-0.95,17.47852997110996,79.0,False,1,True
Anthony Edwards / Cody Williams / Jaden McDaniels / Joan Beringer / LaMelo Ball,0.0,COMPOSED,5.3999999999999995,0.6110237311267048,4.62,6.109999999999999,5.8375,0.4375,0.4202004626060139,0.37186544342507644,-0.95,15.914610438339034,79.8,False,1,True
Anthony Edwards / Jaden McDaniels / Jaylen Clark / Joan Beringer / LaMelo Ball,0.0,COMPOSED,9.26,1.89203594046202,6.86,11.46,8.087499999999999,-1.1725,0.4444444444444444,0.38216957605985036,-0.95,14.50218726011252,79.2,False,1,False
Anthony Edwards / Jaden McDaniels / Joan Beringer / LaMelo Ball / Nah'Shon Hyland,0.0,COMPOSED,9.3925,1.4644004745970276,7.869999999999999,11.04,8.4175,-0.975,0.4683116883116883,0.3860232945091514,-0.95,16.51772164287971,78.6,False,1,True
Anthony Edwards / Jaden McDaniels / Joan Beringer / LaMelo Ball / Terrence Shannon Jr.,0.0,COMPOSED,6.965,1.013767724875871,5.91,8.09,8.135,1.17,0.4446946242611877,0.3867088607594937,-0.95,14.753555249168606,79.4,False,1,True
Anthony Edwards / Jaden McDaniels / Joan Beringer / LaMelo Ball / Trey Lyles,0.0,COMPOSED,9.015,1.6841837785704974,6.78,10.78,8.515,-0.5,,,-0.95,13.869834318936048,79.75,False,1,False
Anthony Edwards / Isaiah Evans / Jaden McDaniels / Joan Beringer / LaMelo Ball,0.0,COMPOSED,8.081000951129823,1.5593648546764158,5.983500951129823,9.713500951129824,7.766750475564911,-0.3142504755649117,,,-0.95,13.869834318936048,79.75,False,1,False
Anthony Edwards / Ayo Dosunmu / Cody Williams / Joan Beringer / LaMelo Ball,0.0,COMPOSED,4.2725,0.7138758645590983,3.5300000000000002,5.45,6.4125,2.14,0.4346917450365726,0.37680288461538464,-0.95,16.79727869325267,78.8,False,1,True
Anthony Edwards / Ayo Dosunmu / Joan Beringer / LaMelo Ball / Trey Lyles,0.0,COMPOSED,7.887499999999999,0.6498220910372311,7.0,8.739999999999998,9.09,1.2025,,,-0.95,14.752502573849688,78.5,False,1,True
Anthony Edwards / Cody Williams / Jaylen Clark / Joan Beringer / LaMelo Ball,0.0,COMPOSED,5.35,0.42866070498705644,5.0,6.050000000000001,6.2425,0.8924999999999998,0.4487760652765186,0.3622895622895623,-0.95,13.82093598225523,79.0,False,1,True
Anthony Edwards / Cody Williams / Joan Beringer / LaMelo Ball / Nah'Shon Hyland,0.0,COMPOSED,5.4825,0.3873870803214788,5.0,6.01,6.5725,1.0900000000000003,0.4743661971830986,0.3687648456057007,-0.95,15.836470365022421,78.4,False,1,True
Anthony Edwards / Cody Williams / Joan Beringer / LaMelo Ball / Terrence Shannon Jr.,0.0,COMPOSED,3.0549999999999997,0.602681507929354,2.4899999999999993,4.05,6.29,3.235,0.4491238856440209,0.3668720054757016,-0.95,14.072303971311317,79.2,False,1,True
Anthony Edwards / Cody Williams / Joan Beringer / LaMelo Ball / Trey Lyles,0.0,COMPOSED,5.105,0.17036725037400824,4.92,5.37,6.67,1.5649999999999997,,,-0.95,13.18858304107876,79.5,False,1,True
Anthony Edwards / Cody Williams / Isaiah Evans / Joan Beringer / LaMelo Ball,0.0,COMPOSED,4.171000951129823,0.08584142356694734,4.073500951129822,4.3035009511298234,5.921750475564911,1.7507495244350881,,,-0.95,13.18858304107876,79.5,False,1,True
Anthony Edwards / Jaylen Clark / Joan Beringer / LaMelo Ball / Trey Lyles,0.0,COMPOSED,8.965,1.4404426403019317,7.16,10.72,8.92,-0.04500000000000004,,,-0.95,11.776159862852245,78.75,False,1,True
Anthony Edwards / Joan Beringer / LaMelo Ball / Nah'Shon Hyland / Trey Lyles,0.0,COMPOSED,9.0975,1.0231416079898223,8.0,10.299999999999999,9.25,0.15249999999999997,,,-0.95,13.791694245619437,78.0,False,1,True
Anthony Edwards / Joan Beringer / LaMelo Ball / Terrence Shannon Jr. / Trey Lyles,0.0,COMPOSED,6.67,0.5756300895540467,6.0,7.3500000000000005,8.967500000000001,2.2975,,,-0.95,12.027527851908333,79.0,False,1,True
Anthony Edwards / Isaiah Evans / Joan Beringer / LaMelo Ball / Trey Lyles,0.0,COMPOSED,7.786000951129823,1.1036841713098902,6.283500951129824,8.973500951129823,8.599250475564912,0.8132495244350882,,,-0.95,11.143806921675775,79.33333333333333,False,1,True
Anthony Edwards / Ayo Dosunmu / Cody Williams / Jaden McDaniels / Rudy Gobert,0.0,COMPOSED,1.96,1.0591742066345835,0.37000000000000005,3.3499999999999996,-0.4225,-2.3825,0.3114104595879556,0.3884648006785411,-5.34,13.768627727939847,79.6,True,1,True
Anthony Edwards / Ayo Dosunmu / Jaden McDaniels / Joan Beringer / Rudy Gobert,0.0,COMPOSED,8.195,2.147353021745609,6.0,10.579999999999998,3.4475000000000002,-4.7475,0.3105185185185185,0.41030534351145037,-5.34,12.023851608536862,80.2,True,2,False
Anthony Edwards / Ayo Dosunmu / Jaden McDaniels / Jaylen Clark / Rudy Gobert,0.0,COMPOSED,5.819999999999999,2.2001931733372864,2.61,8.2,1.8275,-3.9925,0.3276255707762557,0.40331010452961674,-5.34,12.356204549713333,79.0,True,1,False
Anthony Edwards / Ayo Dosunmu / Jaden McDaniels / Nah'Shon Hyland / Rudy Gobert,0.0,COMPOSED,5.9525,1.834030738564651,3.62,8.52,2.1575,-3.795,0.3596795727636849,0.4053452115812918,-5.34,14.371738932480524,78.4,True,1,False
Anthony Edwards / Ayo Dosunmu / Jaden McDaniels / Rudy Gobert / Terrence Shannon Jr.,2.0,OBSERVED,3.525,1.3581881312984587,1.6600000000000001,5.34,1.8750000000000002,-1.6499999999999997,0.3259860788863109,0.4101423487544484,-5.34,12.60757253876942,79.2,True,1,True
Anthony Edwards / Ayo Dosunmu / Jaden McDaniels / Rudy Gobert / Trey Lyles,0.0,COMPOSED,5.575,2.0532230760441013,2.53,7.98,2.2550000000000003,-3.3200000000000003,,,-5.34,11.723851608536862,79.5,True,1,False
Anthony Edwards / Ayo Dosunmu / Isaiah Evans / Jaden McDaniels / Rudy Gobert,0.0,COMPOSED,4.641000951129823,1.939360397141284,1.7335009511298234,6.923500951129823,1.5067504755649117,-3.134250475564911,,,-5.34,11.723851608536862,79.5,True,1,False
Anthony Edwards / Cody Williams / Jaden McDaniels / Joan Beringer / Rudy Gobert,0.0,COMPOSED,5.4125,1.717867500711274,3.42,7.26,1.0275,-4.385,0.28680688336520077,0.37333333333333335,-5.34,10.459932075765934,81.0,True,2,False
Anthony Edwards / Cody Williams / Jaden McDaniels / Jaylen Clark / Rudy Gobert,0.0,COMPOSED,3.0375,1.9169295109627793,-0.08000000000000007,4.64,-0.5925,-3.63,0.3060912151821243,0.369,-5.34,10.792285016942404,79.8,True,1,False
Anthony Edwards / Cody Williams / Jaden McDaniels / Nah'Shon Hyland / Rudy Gobert,0.0,COMPOSED,3.17,1.4597088750843437,0.9299999999999999,4.909999999999999,-0.2625,-3.4324999999999997,0.34179019384264536,0.3769808173477898,-5.34,12.807819399709595,79.2,True,1,True
Anthony Edwards / Cody Williams / Jaden McDaniels / Rudy Gobert / Terrence Shannon Jr.,0.0,COMPOSED,0.7424999999999997,1.0561101978486902,-1.03,1.7299999999999993,-0.5449999999999999,-1.2874999999999996,0.3039551541575833,0.3760245901639344,-5.34,11.043653005998491,80.0,True,1,True
Anthony Edwards / Cody Williams / Jaden McDaniels / Rudy Gobert / Trey Lyles,0.0,COMPOSED,2.7924999999999995,1.7756600885304596,-0.15999999999999992,4.369999999999999,-0.16500000000000006,-2.9574999999999996,,,-5.34,10.159932075765933,80.5,True,1,False
Anthony Edwards / Cody Williams / Isaiah Evans / Jaden McDaniels / Rudy Gobert,0.0,COMPOSED,1.8585009511298234,1.6746716095999237,-0.9564990488701763,3.3135009511298232,-0.9132495244350883,-2.7717504755649114,,,-5.34,10.159932075765933,80.5,True,1,False
Anthony Edwards / Jaden McDaniels / Jaylen Clark / Joan Beringer / Rudy Gobert,0.0,COMPOSED,9.2725,2.9934543173397516,5.66,12.61,3.2775,-5.995,0.30427170868347336,0.3924050632911392,-5.34,9.04750889753942,80.4,True,2,False
Anthony Edwards / Jaden McDaniels / Joan Beringer / Nah'Shon Hyland / Rudy Gobert,0.0,COMPOSED,9.405000000000001,2.5752912456652357,6.67,12.14,3.6075,-5.7975,0.3448498546980949,0.3970037453183521,-5.34,11.06304328030661,79.8,True,2,False
Anthony Edwards / Jaden McDaniels / Joan Beringer / Rudy Gobert / Terrence Shannon Jr.,0.0,COMPOSED,6.977500000000001,2.1272796595652395,4.710000000000001,9.24,3.325,-3.6525,0.30178571428571427,0.4011834319526627,-5.34,9.298876886595506,80.6,True,2,False
Anthony Edwards / Jaden McDaniels / Joan Beringer / Rudy Gobert / Trey Lyles,0.0,COMPOSED,9.0275,2.785600249497404,5.58,11.93,3.705,-5.3225,,,-5.34,8.415155956362948,81.25,True,2,False
Anthony Edwards / Isaiah Evans / Jaden McDaniels / Joan Beringer / Rudy Gobert,0.0,COMPOSED,8.093500951129824,2.6589283555598104,4.783500951129824,10.863500951129824,2.9567504755649114,-5.136750475564912,,,-5.34,8.415155956362948,81.25,True,2,False
Anthony Edwards / Jaden McDaniels / Jaylen Clark / Nah'Shon Hyland / Rudy Gobert,1.0,OBSERVED,7.029999999999999,2.6494810812685565,3.17,9.76,1.9875000000000003,-5.0425,0.36205827650340977,0.3912671232876712,-5.34,11.39539622148308,78.6,True,1,True
Anthony Edwards / Jaden McDaniels / Jaylen Clark / Rudy Gobert / Terrence Shannon Jr.,0.0,COMPOSED,4.6025,2.2278282586411366,1.21,6.62,1.705,-2.8975,0.32263571184704676,0.39365079365079364,-5.34,9.631229827771977,79.4,True,1,False
Anthony Edwards / Jaden McDaniels / Jaylen Clark / Rudy Gobert / Trey Lyles,0.0,COMPOSED,6.6525,2.9575274723998755,2.08,9.309999999999999,2.085,-4.5675,,,-5.34,8.747508897539419,79.75,True,1,False
Anthony Edwards / Isaiah Evans / Jaden McDaniels / Jaylen Clark / Rudy Gobert,0.0,COMPOSED,5.718500951129823,2.8420547144627597,1.2835009511298234,8.243500951129823,1.336750475564912,-4.381750475564911,,,-5.34,8.747508897539419,79.75,True,1,False
Anthony Edwards / Jaden McDaniels / Nah'Shon Hyland / Rudy Gobert / Terrence Shannon Jr.,0.0,COMPOSED,4.734999999999999,1.7839492705791833,2.2199999999999998,6.8999999999999995,2.035,-2.7,0.3608832807570978,0.3977272727272727,-5.34,11.64676421053917,78.8,True,1,False
Anthony Edwards / Jaden McDaniels / Nah'Shon Hyland / Rudy Gobert / Trey Lyles,0.0,COMPOSED,6.784999999999999,2.4917313258054126,3.09,9.54,2.415,-4.369999999999999,,,-5.34,10.763043280306611,79.0,True,1,False
Anthony Edwards / Isaiah Evans / Jaden McDaniels / Nah'Shon Hyland / Rudy Gobert,0.0,COMPOSED,5.851000951129823,2.3752618276728987,2.2935009511298237,8.483500951129823,1.6667504755649114,-4.1842504755649115,,,-5.34,10.763043280306611,79.0,True,1,False
Anthony Edwards / Jaden McDaniels / Rudy Gobert / Terrence Shannon Jr. / Trey Lyles,0.0,COMPOSED,4.3575,2.0651195485976106,1.13,6.359999999999999,2.1325000000000003,-2.225,,,-5.34,8.998876886595507,80.0,True,1,False
Anthony Edwards / Isaiah Evans / Jaden McDaniels / Rudy Gobert / Terrence Shannon Jr.,0.0,COMPOSED,3.4235009511298236,1.952088625037296,0.3335009511298235,5.3035009511298234,1.3842504755649117,-2.039250475564912,,,-5.34,8.998876886595507,80.0,True,1,False
Anthony Edwards / Isaiah Evans / Jaden McDaniels / Rudy Gobert / Trey Lyles,0.0,COMPOSED,5.473500951129823,2.6826293072282645,1.2035009511298234,7.943500951129823,1.7642504755649115,-3.709250475564912,,,-5.34,8.115155956362948,80.66666666666667,True,1,False
Anthony Edwards / Ayo Dosunmu / Cody Williams / Joan Beringer / Rudy Gobert,0.0,COMPOSED,4.285,0.8161035473516823,3.0,5.209999999999999,1.6025,-2.6825,0.3021138211382114,0.3821313240043057,-5.34,11.342600330679574,80.0,True,2,True
Anthony Edwards / Ayo Dosunmu / Cody Williams / Jaylen Clark / Rudy Gobert,0.0,COMPOSED,1.9099999999999997,0.7454193450669224,0.75,2.829999999999999,-0.017500000000000016,-1.9274999999999998,0.3211610486891386,0.3770651117589893,-5.34,11.674953271856044,78.8,True,1,True
Anthony Edwards / Ayo Dosunmu / Cody Williams / Nah'Shon Hyland / Rudy Gobert,0.0,COMPOSED,2.0424999999999995,0.6929060181583068,1.2599999999999998,3.1499999999999995,0.3125,-1.73,0.3564586357039187,0.38355048859934854,-5.34,13.690487654623235,78.2,True,1,True
Anthony Edwards / Ayo Dosunmu / Cody Williams / Rudy Gobert / Terrence Shannon Jr.,0.0,COMPOSED,-0.3850000000000002,0.539467329872718,-1.31,0.0,0.03,0.4150000000000002,0.3192503176620076,0.38407960199004976,-5.34,11.92632126091213,79.0,True,1,True
Anthony Edwards / Ayo Dosunmu / Cody Williams / Rudy Gobert / Trey Lyles,0.0,COMPOSED,1.6649999999999998,0.7205032963144581,0.6699999999999999,2.6099999999999994,0.41,-1.2549999999999997,,,-5.34,11.042600330679573,79.25,True,1,True
Anthony Edwards / Ayo Dosunmu / Cody Williams / Isaiah Evans / Rudy Gobert,0.0,COMPOSED,0.7310009511298232,0.6691178894634336,-0.12649904887017652,1.5535009511298228,-0.3382495244350883,-1.0692504755649115,,,-5.34,11.042600330679573,79.25,True,1,True
Anthony Edwards / Ayo Dosunmu / Jaylen Clark / Joan Beringer / Rudy Gobert,0.0,COMPOSED,8.145,1.9079111614538031,6.0,10.059999999999999,3.8525,-4.2924999999999995,0.32151808091657713,0.40089086859688194,-5.34,9.930177152453059,79.4,True,2,False
Anthony Edwards / Ayo Dosunmu / Joan Beringer / Nah'Shon Hyland / Rudy Gobert,0.0,COMPOSED,8.2775,1.6672788459043075,6.0,10.379999999999999,4.1825,-4.095,0.36156888595912984,0.4038286235186873,-5.34,11.94571153522025,78.8,True,2,False
Anthony Edwards / Ayo Dosunmu / Joan Beringer / Rudy Gobert / Terrence Shannon Jr.,0.0,COMPOSED,5.85,1.2244590642402056,4.0,7.199999999999999,3.9,-1.9499999999999997,0.31932773109243695,0.4096109839816934,-5.34,10.181545141509146,79.6,True,2,True
Anthony Edwards / Ayo Dosunmu / Joan Beringer / Rudy Gobert / Trey Lyles,0.0,COMPOSED,7.8999999999999995,1.7099853800544609,6.0,9.84,4.28,-3.62,,,-5.34,9.297824211276588,80.0,True,2,False
Anthony Edwards / Ayo Dosunmu / Isaiah Evans / Joan Beringer / Rudy Gobert,0.0,COMPOSED,6.966000951129823,1.5847456420511143,5.183500951129823,8.783500951129822,3.5317504755649116,-3.4342504755649115,,,-5.34,9.297824211276588,80.0,True,2,False
Anthony Edwards / Ayo Dosunmu / Jaylen Clark / Rudy Gobert / Trey Lyles,0.0,COMPOSED,5.525,1.7542876046988416,2.91,7.459999999999999,2.6599999999999997,-2.865,,,-5.34,9.630177152453058,78.5,True,1,False
Anthony Edwards / Ayo Dosunmu / Nah'Shon Hyland / Rudy Gobert / Trey Lyles,0.0,COMPOSED,5.6575,1.4169046368757494,3.92,7.779999999999999,2.99,-2.6674999999999995,,,-5.34,11.64571153522025,77.75,True,1,True
Anthony Edwards / Ayo Dosunmu / Rudy Gobert / Terrence Shannon Jr. / Trey Lyles,0.0,COMPOSED,3.23,0.9433451118228152,1.9600000000000002,4.6,2.7075,-0.5224999999999997,,,-5.34,9.881545141509147,78.75,True,1,True
Anthony Edwards / Ayo Dosunmu / Isaiah Evans / Rudy Gobert / Trey Lyles,0.0,COMPOSED,4.346000951129823,1.5130164407566757,2.0335009511298234,6.1835009511298225,2.3392504755649117,-2.0067504755649117,,,-5.34,8.997824211276587,79.0,True,1,False
Anthony Edwards / Cody Williams / Jaylen Clark / Joan Beringer / Rudy Gobert,0.0,COMPOSED,5.3625,1.4880251173955366,3.8,7.200000000000001,1.4325,-3.9299999999999997,0.2934272300469484,0.3546666666666667,-5.34,8.36625761968213,80.2,True,2,True
Anthony Edwards / Cody Williams / Joan Beringer / Nah'Shon Hyland / Rudy Gobert,0.0,COMPOSED,5.495,1.1345593858410408,4.0,6.77,1.7625,-3.7324999999999995,0.3392920986771541,0.3677555321390938,-5.34,10.381792002449322,79.6,True,2,True
Anthony Edwards / Cody Williams / Joan Beringer / Rudy Gobert / Terrence Shannon Jr.,0.0,COMPOSED,3.0675,0.7143659776333134,2.0,3.83,1.48,-1.5875,0.2904,0.36363636363636365,-5.34,8.617625608738217,80.4,True,2,True
Anthony Edwards / Cody Williams / Joan Beringer / Rudy Gobert / Trey Lyles,0.0,COMPOSED,5.1175,1.2655507694280779,3.7199999999999998,6.5200000000000005,1.86,-3.2575,,,-5.34,7.7339046785056595,81.0,True,2,True
Anthony Edwards / Cody Williams / Isaiah Evans / Joan Beringer / Rudy Gobert,0.0,COMPOSED,4.183500951129823,1.138046571982008,2.9235009511298236,5.453500951129824,1.1117504755649117,-3.0717504755649117,,,-5.34,7.7339046785056595,81.0,True,2,True
Anthony Edwards / Cody Williams / Jaylen Clark / Nah'Shon Hyland / Rudy Gobert,0.0,COMPOSED,3.12,1.15531381018319,1.31,4.39,0.14250000000000002,-2.9775,0.3585099111414901,0.36415633937082936,-5.34,10.714144943625792,78.4,True,1,True
Anthony Edwards / Cody Williams / Jaylen Clark / Rudy Gobert / Terrence Shannon Jr.,0.0,COMPOSED,0.6924999999999998,0.7798196906977919,-0.6499999999999999,1.21,-0.13999999999999996,-0.8324999999999998,0.3141879041460631,0.3595641646489104,-5.34,8.949978549914688,79.2,True,1,True
Anthony Edwards / Cody Williams / Jaylen Clark / Rudy Gobert / Trey Lyles,0.0,COMPOSED,2.7424999999999997,1.4996395400228684,0.21999999999999997,3.9,0.23999999999999988,-2.5025,,,-5.34,8.06625761968213,79.5,True,1,True
Anthony Edwards / Cody Williams / Isaiah Evans / Jaylen Clark / Rudy Gobert,0.0,COMPOSED,1.8085009511298233,1.4008658037085493,-0.5764990488701764,2.8335009511298237,-0.5082495244350883,-2.3167504755649113,,,-5.34,8.06625761968213,79.5,True,1,True
Anthony Edwards / Cody Williams / Nah'Shon Hyland / Rudy Gobert / Terrence Shannon Jr.,0.0,COMPOSED,0.8249999999999998,0.47856556499606173,0.3600000000000001,1.5299999999999994,0.19,-0.6349999999999998,0.35714285714285715,0.37073170731707317,-5.34,10.96551293268188,78.6,True,1,True
Anthony Edwards / Cody Williams / Nah'Shon Hyland / Rudy Gobert / Trey Lyles,0.0,COMPOSED,2.875,1.0546681942677514,1.23,4.169999999999999,0.5700000000000001,-2.3049999999999997,,,-5.34,10.081792002449323,78.75,True,1,True
Anthony Edwards / Cody Williams / Isaiah Evans / Nah'Shon Hyland / Rudy Gobert,0.0,COMPOSED,1.9410009511298232,0.9636746079460637,0.43350095112982356,3.113500951129823,-0.17824952443508826,-2.1192504755649115,,,-5.34,10.081792002449323,78.75,True,1,True
Anthony Edwards / Cody Williams / Rudy Gobert / Terrence Shannon Jr. / Trey Lyles,0.0,COMPOSED,0.4474999999999998,0.7058461234575137,-0.73,1.0,0.2875,-0.1599999999999998,,,-5.34,8.317625608738219,79.75,True,1,True
Anthony Edwards / Cody Williams / Isaiah Evans / Rudy Gobert / Terrence Shannon Jr.,0.0,COMPOSED,-0.4864990488701767,0.6537201236003063,-1.5264990488701764,0.1835009511298234,-0.46074952443508826,0.02574952443508846,,,-5.34,8.317625608738219,79.75,True,1,True
Anthony Edwards / Cody Williams / Isaiah Evans / Rudy Gobert / Trey Lyles,0.0,COMPOSED,1.5635009511298232,1.2923815226162898,-0.6564990488701765,2.573500951129823,-0.08074952443508825,-1.6442504755649114,,,-5.34,7.43390467850566,80.33333333333333,True,1,True
Anthony Edwards / Jaylen Clark / Joan Beringer / Nah'Shon Hyland / Rudy Gobert,0.0,COMPOSED,9.355,2.3305203281670814,7.0,11.75,4.0125,-5.3425,0.3650099403578529,0.38562091503267976,-5.34,8.969368824222807,79.0,True,2,False
Anthony Edwards / Jaylen Clark / Joan Beringer / Rudy Gobert / Terrence Shannon Jr.,0.0,COMPOSED,6.927499999999999,1.9008600027356037,5.0,9.18,3.7300000000000004,-3.1975,0.3133453561767358,0.38705035971223023,-5.34,7.2052024305117035,79.8,True,2,False
Anthony Edwards / Jaylen Clark / Joan Beringer / Rudy Gobert / Trey Lyles,0.0,COMPOSED,8.977500000000001,2.539826519666255,5.96,11.870000000000001,4.11,-4.8675,,,-5.34,6.321481500279146,80.25,True,2,False
Anthony Edwards / Isaiah Evans / Jaylen Clark / Joan Beringer / Rudy Gobert,0.0,COMPOSED,8.043500951129824,2.4130893062628243,5.163500951129824,10.803500951129823,3.3617504755649117,-4.681750475564911,,,-5.34,6.321481500279146,80.25,True,2,False
Anthony Edwards / Joan Beringer / Nah'Shon Hyland / Rudy Gobert / Terrence Shannon Jr.,0.0,COMPOSED,7.0600000000000005,1.565055909544448,5.0,8.76,4.0600000000000005,-3.0,0.36356242374949166,0.39373601789709173,-5.34,9.220736813278895,79.2,True,2,False
Anthony Edwards / Joan Beringer / Nah'Shon Hyland / Rudy Gobert / Trey Lyles,0.0,COMPOSED,9.11,2.12822696158093,6.970000000000001,11.399999999999999,4.4399999999999995,-4.67,,,-5.34,8.337015883046337,79.5,True,2,False
Anthony Edwards / Isaiah Evans / Joan Beringer / Nah'Shon Hyland / Rudy Gobert,0.0,COMPOSED,8.176000951129824,2.001116875647197,6.1735009511298236,10.343500951129823,3.6917504755649118,-4.484250475564911,,,-5.34,8.337015883046337,79.5,True,2,False
Anthony Edwards / Joan Beringer / Rudy Gobert / Terrence Shannon Jr. / Trey Lyles,0.0,COMPOSED,6.682499999999999,1.6804221939738833,5.0,8.5,4.1575,-2.5249999999999995,,,-5.34,6.5728494893352325,80.5,True,2,False
Anthony Edwards / Isaiah Evans / Joan Beringer / Rudy Gobert / Terrence Shannon Jr.,0.0,COMPOSED,5.748500951129823,1.5529729553343805,4.183500951129823,7.433500951129823,3.409250475564912,-2.3392504755649113,,,-5.34,6.5728494893352325,80.5,True,2,False
Anthony Edwards / Isaiah Evans / Joan Beringer / Rudy Gobert / Trey Lyles,0.0,COMPOSED,7.798500951129824,2.2025610093706827,5.083500951129824,10.123500951129824,3.789250475564912,-4.009250475564912,,,-5.34,5.689128559102675,81.33333333333333,True,2,False
Anthony Edwards / Jaylen Clark / Nah'Shon Hyland / Rudy Gobert / Trey Lyles,0.0,COMPOSED,6.734999999999999,2.2001647665572683,3.4699999999999998,9.02,2.82,-3.915,,,-5.34,8.669368824222808,78.0,True,1,False
Anthony Edwards / Jaylen Clark / Rudy Gobert / Terrence Shannon Jr. / Trey Lyles,0.0,COMPOSED,4.307499999999999,1.7847881526948792,1.51,5.88,2.5374999999999996,-1.7699999999999998,,,-5.34,6.905202430511704,79.0,True,1,False
Anthony Edwards / Isaiah Evans / Jaylen Clark / Rudy Gobert / Trey Lyles,0.0,COMPOSED,5.423500951129823,2.4046621384302616,1.5835009511298235,7.503500951129823,2.169250475564912,-3.2542504755649118,,,-5.34,6.021481500279146,79.33333333333333,True,1,False
Anthony Edwards / Nah'Shon Hyland / Rudy Gobert / Terrence Shannon Jr. / Trey Lyles,0.0,COMPOSED,4.4399999999999995,1.3461054936371073,2.52,6.16,2.8675,-1.5724999999999998,,,-5.34,8.920736813278895,78.25,True,1,True
Anthony Edwards / Isaiah Evans / Nah'Shon Hyland / Rudy Gobert / Trey Lyles,0.0,COMPOSED,5.556000951129823,1.9375935461288054,2.5935009511298235,7.743500951129823,2.4992504755649114,-3.056750475564911,,,-5.34,8.037015883046337,78.33333333333333,True,1,False
Anthony Edwards / Isaiah Evans / Rudy Gobert / Terrence Shannon Jr. / Trey Lyles,0.0,COMPOSED,3.1285009511298236,1.5245737109106925,0.6335009511298234,4.563500951129823,2.2167504755649117,-0.9117504755649115,,,-5.34,6.272849489335233,79.66666666666667,True,1,False
Anthony Edwards / Ayo Dosunmu / Cody Williams / Jaden McDaniels / Joan Beringer,0.0,COMPOSED,1.5300000000000002,0.9631458871842833,0.6600000000000006,3.1500000000000004,2.1775,0.6475,0.3460064839375184,0.3901192504258944,-0.95,12.384417201624057,79.2,False,1,True
Anthony Edwards / Ayo Dosunmu / Jaden McDaniels / Jaylen Clark / Joan Beringer,0.0,COMPOSED,5.390000000000001,0.8528481693713131,4.0,6.159999999999999,4.4275,-0.9625,0.3674059787849566,0.40507436570428695,-0.95,10.971994023397542,78.6,False,1,True
Anthony Edwards / Ayo Dosunmu / Jaden McDaniels / Joan Beringer / Nah'Shon Hyland,0.0,COMPOSED,5.522500000000001,1.0127283693073872,4.0,6.4799999999999995,4.7575,-0.765,0.4003579952267303,0.4068554396423249,-0.95,12.987528406164735,78.0,False,1,True
Anthony Edwards / Ayo Dosunmu / Jaden McDaniels / Joan Beringer / Terrence Shannon Jr.,1.0,OBSERVED,3.0949999999999998,0.9023718745617021,2.0,4.44,4.475,1.3800000000000001,0.3662847790507365,0.4119749776586238,-0.95,11.22336201245363,78.8,False,1,True
Anthony Edwards / Ayo Dosunmu / Jaden McDaniels / Joan Beringer / Trey Lyles,0.0,COMPOSED,5.145,0.7079018293520648,4.0,5.9399999999999995,4.855,-0.29,,,-0.95,10.339641082221073,79.0,False,1,True
Anthony Edwards / Ayo Dosunmu / Isaiah Evans / Jaden McDaniels / Joan Beringer,0.0,COMPOSED,4.211000951129823,0.6329050086703374,3.1835009511298233,4.883500951129823,4.106750475564912,-0.10425047556491168,,,-0.95,10.339641082221073,79.0,False,1,True
Anthony Edwards / Cody Williams / Jaden McDaniels / Jaylen Clark / Joan Beringer,0.0,COMPOSED,2.6075,0.42091418365267785,2.0,3.1800000000000006,2.0075000000000003,-0.6,0.34620737647877525,0.3708542713567839,-0.95,9.408074490626614,79.4,False,1,True
Anthony Edwards / Cody Williams / Jaden McDaniels / Joan Beringer / Nah'Shon Hyland,0.0,COMPOSED,2.74,0.6393355926272211,2.0,3.71,2.3375,-0.40249999999999997,0.38330658105939003,0.3785594639865997,-0.95,11.423608873393807,78.8,False,1,True
Anthony Edwards / Cody Williams / Jaden McDaniels / Joan Beringer / Terrence Shannon Jr.,0.0,COMPOSED,0.31250000000000006,0.8372686247555202,-0.3100000000000005,1.7500000000000002,2.055,1.7425000000000002,0.34457061745919093,0.3779608650875386,-0.95,9.659442479682703,79.6,False,1,True
Anthony Edwards / Cody Williams / Jaden McDaniels / Joan Beringer / Trey Lyles,0.0,COMPOSED,2.3625,0.23327826731180945,2.0,2.62,2.435,0.07250000000000001,,,-0.95,8.775721549450145,80.0,False,1,True
Anthony Edwards / Cody Williams / Isaiah Evans / Jaden McDaniels / Joan Beringer,0.0,COMPOSED,1.4285009511298234,0.24500000000000022,1.1835009511298233,1.8235009511298237,1.6867504755649114,0.2582495244350883,,,-0.95,8.775721549450145,80.0,False,1,True
Anthony Edwards / Jaden McDaniels / Jaylen Clark / Joan Beringer / Nah'Shon Hyland,1.0,OBSERVED,6.6,1.1740741032830935,5.0,7.73,4.5875,-2.0125,0.41051888457465585,0.3929492691315563,-0.95,10.011185695167292,78.2,False,1,True
Anthony Edwards / Jaden McDaniels / Jaylen Clark / Joan Beringer / Terrence Shannon Jr.,0.0,COMPOSED,4.172499999999999,0.7934536848487127,3.0,5.160000000000001,4.305,0.13249999999999995,0.37066246056782337,0.39574468085106385,-0.95,8.247019301456188,79.0,False,1,True
Anthony Edwards / Jaden McDaniels / Jaylen Clark / Joan Beringer / Trey Lyles,0.0,COMPOSED,6.222499999999999,1.314959600139867,4.86,7.85,4.685,-1.5375,,,-0.95,7.36329837122363,79.25,False,1,True
Anthony Edwards / Isaiah Evans / Jaden McDaniels / Jaylen Clark / Joan Beringer,0.0,COMPOSED,5.288500951129823,1.188896547223517,4.063500951129823,6.783500951129824,3.936750475564912,-1.351750475564912,,,-0.95,7.36329837122363,79.25,False,1,True
Anthony Edwards / Jaden McDaniels / Joan Beringer / Nah'Shon Hyland / Terrence Shannon Jr.,0.0,COMPOSED,4.305,0.790110751730414,3.0,5.0,4.635,0.33,0.4101548433561397,0.3994732221246708,-0.95,10.262553684223379,78.4,False,1,True
Anthony Edwards / Jaden McDaniels / Joan Beringer / Nah'Shon Hyland / Trey Lyles,0.0,COMPOSED,6.355,0.9830183111214155,5.0,7.5,5.015,-1.34,,,-0.95,9.378832753990821,78.5,False,1,True
Anthony Edwards / Isaiah Evans / Jaden McDaniels / Joan Beringer / Nah'Shon Hyland,0.0,COMPOSED,5.421000951129823,0.868054577777227,4.183500951129823,6.443500951129823,4.266750475564912,-1.1542504755649117,,,-0.95,9.378832753990821,78.5,False,1,True
Anthony Edwards / Jaden McDaniels / Joan Beringer / Terrence Shannon Jr. / Trey Lyles,0.0,COMPOSED,3.9275,0.5744290643760985,3.0,4.48,4.7325,0.805,,,-0.95,7.614666360279717,79.5,False,1,True
Anthony Edwards / Isaiah Evans / Jaden McDaniels / Joan Beringer / Terrence Shannon Jr.,0.0,COMPOSED,2.993500951129823,0.47953102089437344,2.1835009511298233,3.4135009511298238,3.9842504755649113,0.9907495244350882,,,-0.95,7.614666360279717,79.5,False,1,True
Anthony Edwards / Isaiah Evans / Jaden McDaniels / Joan Beringer / Trey Lyles,0.0,COMPOSED,5.043500951129823,0.9651942809610922,3.9835009511298236,6.103500951129823,4.364250475564912,-0.6792504755649118,,,-0.95,6.730945430047159,80.0,False,1,True
Anthony Edwards / Ayo Dosunmu / Cody Williams / Jaylen Clark / Joan Beringer,0.0,COMPOSED,1.48,1.1919941275023131,0.6000000000000001,3.5300000000000002,2.5825,1.1025,0.36428317324795445,0.37890625,-0.95,10.290742745540253,78.4,False,1,True
Anthony Edwards / Ayo Dosunmu / Cody Williams / Joan Beringer / Nah'Shon Hyland,0.0,COMPOSED,1.6124999999999998,1.7665697693552893,-0.19999999999999973,4.54,2.9124999999999996,1.3,0.4007208387942333,0.3851185609157809,-0.95,12.306277128307446,77.8,False,1,False
Anthony Edwards / Ayo Dosunmu / Cody Williams / Joan Beringer / Terrence Shannon Jr.,0.0,COMPOSED,-0.815,2.0589621171842865,-2.7699999999999996,2.58,2.63,3.4450000000000003,0.3629764065335753,0.386,-0.95,10.542110734596342,78.6,False,1,False
Anthony Edwards / Ayo Dosunmu / Cody Williams / Joan Beringer / Trey Lyles,0.0,COMPOSED,1.2349999999999999,1.3353744793128255,-0.07999999999999963,3.45,3.01,1.7750000000000001,,,-0.95,9.658389804363784,78.75,False,1,True
Anthony Edwards / Ayo Dosunmu / Cody Williams / Isaiah Evans / Joan Beringer,0.0,COMPOSED,0.3010009511298234,1.4373130313192044,-1.1464990488701763,2.6535009511298235,2.2617504755649116,1.960749524435088,,,-0.95,9.658389804363784,78.75,False,1,True
Anthony Edwards / Ayo Dosunmu / Jaylen Clark / Joan Beringer / Trey Lyles,0.0,COMPOSED,5.095,0.6498653706730342,4.0,5.69,5.26,0.16499999999999998,,,-0.95,8.24596662613727,78.0,False,1,True
Anthony Edwards / Ayo Dosunmu / Joan Beringer / Nah'Shon Hyland / Trey Lyles,0.0,COMPOSED,5.2275,1.0620116524784462,4.0,6.7,5.59,0.36250000000000004,,,-0.95,10.26150100890446,77.25,False,1,True
Anthony Edwards / Ayo Dosunmu / Joan Beringer / Terrence Shannon Jr. / Trey Lyles,0.0,COMPOSED,2.8,1.1479547029391013,1.9000000000000004,4.74,5.3075,2.5075000000000003,,,-0.95,8.497334615193356,78.25,False,1,True
Anthony Edwards / Ayo Dosunmu / Isaiah Evans / Joan Beringer / Trey Lyles,0.0,COMPOSED,3.9160009511298233,0.6220681232791145,3.1835009511298233,4.813500951129823,4.939250475564912,1.0232495244350883,,,-0.95,7.613613684960798,78.33333333333333,False,1,True
Anthony Edwards / Cody Williams / Jaylen Clark / Joan Beringer / Nah'Shon Hyland,0.0,COMPOSED,2.69,0.8198475468036724,2.0,4.09,2.7425,0.05249999999999999,0.41215949467035135,0.36590038314176243,-0.95,9.329934417310003,78.0,False,1,True
Anthony Edwards / Cody Williams / Jaylen Clark / Joan Beringer / Terrence Shannon Jr.,0.0,COMPOSED,0.26249999999999973,1.119450199874921,-0.830000000000001,2.13,2.46,2.1975000000000002,0.3671735241502683,0.3617539585870889,-0.95,7.565768023598899,78.8,False,1,True
Anthony Edwards / Cody Williams / Jaylen Clark / Joan Beringer / Trey Lyles,0.0,COMPOSED,2.3125,0.45800518556016395,1.8099999999999992,3.0,2.84,0.5275000000000001,,,-0.95,6.682047093366341,79.0,False,1,True
Anthony Edwards / Cody Williams / Isaiah Evans / Jaylen Clark / Joan Beringer,0.0,COMPOSED,1.3785009511298234,0.5266165587977654,0.753500951129823,2.203500951129824,2.0917504755649117,0.7132495244350884,,,-0.95,6.682047093366341,79.0,False,1,True
Anthony Edwards / Cody Williams / Joan Beringer / Nah'Shon Hyland / Terrence Shannon Jr.,0.0,COMPOSED,0.3949999999999999,1.6277361579813852,-1.0499999999999998,3.14,2.79,2.395,0.4117884537747275,0.37254901960784315,-0.95,9.58130240636609,78.2,False,1,False
Anthony Edwards / Cody Williams / Joan Beringer / Nah'Shon Hyland / Trey Lyles,0.0,COMPOSED,2.4450000000000003,0.9212084454671485,1.6400000000000006,4.010000000000001,3.1700000000000004,0.7249999999999999,,,-0.95,8.697581476133532,78.25,False,1,True
Anthony Edwards / Cody Williams / Isaiah Evans / Joan Beringer / Nah'Shon Hyland,0.0,COMPOSED,1.5110009511298235,1.009464585807744,0.5735009511298239,3.2135009511298236,2.4217504755649117,0.9107495244350882,,,-0.95,8.697581476133532,78.25,False,1,True
Anthony Edwards / Cody Williams / Joan Beringer / Terrence Shannon Jr. / Trey Lyles,0.0,COMPOSED,0.01750000000000007,1.2418408714485123,-1.0500000000000003,2.0500000000000003,2.8875,2.87,,,-0.95,6.933415082422428,79.25,False,1,True
Anthony Edwards / Cody Williams / Isaiah Evans / Joan Beringer / Terrence Shannon Jr.,0.0,COMPOSED,-0.9164990488701767,1.3510551432121491,-2.1064990488701776,1.2535009511298236,2.1392504755649115,3.0557495244350883,,,-0.95,6.933415082422428,79.25,False,1,True
Anthony Edwards / Cody Williams / Isaiah Evans / Joan Beringer / Trey Lyles,0.0,COMPOSED,1.1335009511298235,0.619717677656528,0.5335009511298225,2.1235009511298237,2.5192504755649114,1.3857495244350881,,,-0.95,6.04969415218987,79.66666666666667,False,1,True
Anthony Edwards / Jaylen Clark / Joan Beringer / Nah'Shon Hyland / Trey Lyles,0.0,COMPOSED,6.305,0.8110024660874958,5.0,6.99,5.42,-0.885,,,-0.95,7.285158297907018,77.5,False,1,True
Anthony Edwards / Jaylen Clark / Joan Beringer / Terrence Shannon Jr. / Trey Lyles,0.0,COMPOSED,3.8775000000000004,0.5568830667204745,3.0,4.420000000000002,5.1375,1.26,,,-0.95,5.520991904195914,78.5,False,1,True
Anthony Edwards / Isaiah Evans / Jaylen Clark / Joan Beringer / Trey Lyles,0.0,COMPOSED,4.993500951129824,0.7595393340703296,4.183500951129823,6.043500951129824,4.769250475564911,-0.2242504755649118,,,-0.95,4.637270973963356,78.66666666666667,False,1,True
Anthony Edwards / Joan Beringer / Nah'Shon Hyland / Terrence Shannon Jr. / Trey Lyles,0.0,COMPOSED,4.01,0.8438601779915911,3.0,5.3,5.4675,1.4575,,,-0.95,7.536526286963105,77.75,False,1,True
Anthony Edwards / Isaiah Evans / Joan Beringer / Nah'Shon Hyland / Trey Lyles,0.0,COMPOSED,5.126000951129823,0.5694020986965186,4.183500951129823,5.703500951129823,5.0992504755649115,-0.026750475564911724,,,-0.95,6.652805356730547,77.66666666666667,False,1,True
Anthony Edwards / Isaiah Evans / Joan Beringer / Terrence Shannon Jr. / Trey Lyles,0.0,COMPOSED,2.698500951129824,0.4493606569338264,2.1835009511298233,3.4135009511298233,4.816750475564912,2.1182495244350883,,,-0.95,4.888638963019443,79.0,False,1,True
Ayo Dosunmu / Cody Williams / Jaden McDaniels / LaMelo Ball / Rudy Gobert,0.0,COMPOSED,2.5224999999999995,1.6541066319920243,0.77,4.469999999999999,-0.07250000000000018,-2.5949999999999998,0.36983416688602266,0.3736654804270463,-5.34,17.20259858404185,80.2,True,1,False
Ayo Dosunmu / Jaden McDaniels / Joan Beringer / LaMelo Ball / Rudy Gobert,0.0,COMPOSED,8.7575,3.0498883176273845,5.0,11.82,3.7974999999999994,-4.96,0.3760330578512397,0.3901098901098901,-5.34,15.457822464638866,80.8,True,2,False
Ayo Dosunmu / Jaden McDaniels / Jaylen Clark / LaMelo Ball / Rudy Gobert,0.0,COMPOSED,6.3825,2.899020308656012,3.01,9.32,2.1774999999999998,-4.205,0.3906738697753767,0.38573508005822416,-5.34,15.790175405815337,79.6,True,1,False
Ayo Dosunmu / Jaden McDaniels / LaMelo Ball / Nah'Shon Hyland / Rudy Gobert,0.0,COMPOSED,6.515,2.5430837579600083,4.0,9.639999999999999,2.5075,-4.007499999999999,0.4185737094199042,0.3897012078830261,-5.34,17.805709788582526,79.0,True,1,False
Ayo Dosunmu / Jaden McDaniels / LaMelo Ball / Rudy Gobert / Terrence Shannon Jr.,0.0,COMPOSED,4.0874999999999995,2.069630099800445,2.0,6.459999999999999,2.2249999999999996,-1.8624999999999998,0.3900606761051719,0.39111111111111113,-5.34,16.041543394871425,79.8,True,1,False
Ayo Dosunmu / Jaden McDaniels / LaMelo Ball / Rudy Gobert / Trey Lyles,0.0,COMPOSED,6.137499999999999,2.706920528940589,2.9299999999999997,9.099999999999998,2.6049999999999995,-3.5324999999999998,,,-5.34,15.157822464638866,80.25,True,1,False
Ayo Dosunmu / Isaiah Evans / Jaden McDaniels / LaMelo Ball / Rudy Gobert,0.0,COMPOSED,5.203500951129822,2.5803778793037266,2.1335009511298235,8.043500951129822,1.8567504755649116,-3.346750475564911,,,-5.34,15.157822464638866,80.25,True,1,False
Cody Williams / Jaden McDaniels / Joan Beringer / LaMelo Ball / Rudy Gobert,0.0,COMPOSED,5.975,2.600870046734361,3.0,8.989999999999998,1.3774999999999997,-4.5975,0.3573468740082513,0.35790408525754885,-5.34,13.893902931867938,81.6,True,2,False
Cody Williams / Jaden McDaniels / Jaylen Clark / LaMelo Ball / Rudy Gobert,0.0,COMPOSED,3.5999999999999996,2.522072560415342,0.3200000000000002,6.369999999999999,-0.24250000000000016,-3.8425000000000002,0.37378048780487805,0.3556280587275693,-5.34,14.226255873044408,80.4,True,1,False
Cody Williams / Jaden McDaniels / LaMelo Ball / Nah'Shon Hyland / Rudy Gobert,0.0,COMPOSED,3.7324999999999995,2.087371253514812,1.33,6.029999999999999,0.0874999999999998,-3.6449999999999996,0.4047145697245101,0.3642105263157895,-5.34,16.2417902558116,79.8,True,1,False
Cody Williams / Jaden McDaniels / LaMelo Ball / Rudy Gobert / Terrence Shannon Jr.,0.0,COMPOSED,1.3049999999999995,1.6361005470324856,-0.6299999999999999,2.999999999999999,-0.19500000000000017,-1.4999999999999996,0.3728287841191067,0.3610648918469218,-5.34,14.477623862100495,80.6,True,1,False
Cody Williams / Jaden McDaniels / LaMelo Ball / Rudy Gobert / Trey Lyles,0.0,COMPOSED,3.355,2.3210827214901237,0.24000000000000005,5.6899999999999995,0.18499999999999983,-3.1699999999999995,,,-5.34,13.593902931867937,81.25,True,1,False
Cody Williams / Isaiah Evans / Jaden McDaniels / LaMelo Ball / Rudy Gobert,0.0,COMPOSED,2.421000951129823,2.196478716036192,-0.5564990488701764,4.623500951129823,-0.5632495244350885,-2.9842504755649113,,,-5.34,13.593902931867937,81.25,True,1,False
Jaden McDaniels / Jaylen Clark / Joan Beringer / LaMelo Ball / Rudy Gobert,0.0,COMPOSED,9.835,3.837118059168886,6.0,14.34,3.6275,-6.2075,0.3816660857441617,0.3726027397260274,-5.34,12.481479753641423,81.0,True,2,False
Jaden McDaniels / Joan Beringer / LaMelo Ball / Nah'Shon Hyland / Rudy Gobert,0.0,COMPOSED,9.9675,3.4547024112070774,6.0,13.54,3.9574999999999996,-6.01,0.4160771704180064,0.3794435857805255,-5.34,14.497014136408614,80.4,True,2,False
Jaden McDaniels / Joan Beringer / LaMelo Ball / Rudy Gobert / Terrence Shannon Jr.,0.0,COMPOSED,7.539999999999999,3.027086057580788,4.0,10.969999999999999,3.6750000000000003,-3.865,0.3807323142552435,0.3790849673202614,-5.34,12.73284774269751,81.2,True,2,False
Jaden McDaniels / Joan Beringer / LaMelo Ball / Rudy Gobert / Trey Lyles,0.0,COMPOSED,9.59,3.6153146474408,5.98,13.66,4.055,-5.535,,,-5.34,11.849126812464952,82.0,True,2,False
Isaiah Evans / Jaden McDaniels / Joan Beringer / LaMelo Ball / Rudy Gobert,0.0,COMPOSED,8.656000951129823,3.48803221745442,5.183500951129823,12.593500951129823,3.3067504755649115,-5.3492504755649115,,,-5.34,11.849126812464952,82.0,True,2,False
Jaden McDaniels / Jaylen Clark / LaMelo Ball / Nah'Shon Hyland / Rudy Gobert,0.0,COMPOSED,7.592499999999999,3.345948109280835,3.57,10.919999999999998,2.3374999999999995,-5.255,0.43037974683544306,0.37589670014347204,-5.34,14.829367077585085,79.2,True,1,False
Jaden McDaniels / Jaylen Clark / LaMelo Ball / Rudy Gobert / Terrence Shannon Jr.,0.0,COMPOSED,5.164999999999999,2.911000687049043,1.6099999999999999,8.35,2.055,-3.11,0.39802855200543846,0.3748932536293766,-5.34,13.06520068387398,80.0,True,1,False
Jaden McDaniels / Jaylen Clark / LaMelo Ball / Rudy Gobert / Trey Lyles,0.0,COMPOSED,7.215,3.5959247767438067,2.48,11.04,2.435,-4.779999999999999,,,-5.34,12.181479753641423,80.5,True,1,False
Isaiah Evans / Jaden McDaniels / Jaylen Clark / LaMelo Ball / Rudy Gobert,0.0,COMPOSED,6.281000951129823,3.4708095237278576,1.6835009511298236,9.973500951129822,1.6867504755649114,-4.594250475564912,,,-5.34,12.181479753641423,80.5,True,1,False
Jaden McDaniels / LaMelo Ball / Nah'Shon Hyland / Rudy Gobert / Terrence Shannon Jr.,0.0,COMPOSED,5.2975,2.496661520911475,2.62,8.02,2.385,-2.9125,0.430411561420044,0.381021897810219,-5.34,15.080735066641173,79.4,True,1,False
Jaden McDaniels / LaMelo Ball / Nah'Shon Hyland / Rudy Gobert / Trey Lyles,0.0,COMPOSED,7.347499999999999,3.1515978090486096,3.4899999999999998,10.66,2.7649999999999997,-4.5825,,,-5.34,14.197014136408615,79.75,True,1,False
Isaiah Evans / Jaden McDaniels / LaMelo Ball / Nah'Shon Hyland / Rudy Gobert,0.0,COMPOSED,6.413500951129823,3.0251033040212025,2.6935009511298236,9.603500951129822,2.0167504755649115,-4.396750475564912,,,-5.34,14.197014136408615,79.75,True,1,False
Jaden McDaniels / LaMelo Ball / Rudy Gobert / Terrence Shannon Jr. / Trey Lyles,0.0,COMPOSED,4.92,2.706224307037389,1.53,7.67,2.4825,-2.4375,,,-5.34,12.432847742697511,80.75,True,1,False
Isaiah Evans / Jaden McDaniels / LaMelo Ball / Rudy Gobert / Terrence Shannon Jr.,0.0,COMPOSED,3.9860009511298227,2.5797516837866388,0.7335009511298234,6.603500951129822,1.7342504755649117,-2.251750475564912,,,-5.34,12.432847742697511,80.75,True,1,False
Isaiah Evans / Jaden McDaniels / LaMelo Ball / Rudy Gobert / Trey Lyles,0.0,COMPOSED,6.036000951129823,3.273219936087399,1.6035009511298235,9.293500951129822,2.114250475564911,-3.921750475564912,,,-5.34,11.549126812464952,81.66666666666667,True,1,False
Ayo Dosunmu / Cody Williams / Joan Beringer / LaMelo Ball / Rudy Gobert,0.0,COMPOSED,4.8475,1.78790904410711,2.0,6.41,1.9524999999999997,-2.895,0.3740284974093264,0.36536796536796534,-5.34,14.776571186781577,80.6,True,2,False
Ayo Dosunmu / Cody Williams / Jaylen Clark / LaMelo Ball / Rudy Gobert,0.0,COMPOSED,2.4724999999999997,1.3996495096987671,1.0,3.9499999999999993,0.3324999999999998,-2.1399999999999997,0.39011501398818776,0.36254980079681276,-5.34,15.108924127958048,79.4,True,1,True
Ayo Dosunmu / Cody Williams / LaMelo Ball / Nah'Shon Hyland / Rudy Gobert,0.0,COMPOSED,2.6049999999999995,1.1931575755112982,1.0,4.27,0.6624999999999999,-1.9425,0.42047426257952575,0.3700137551581843,-5.34,17.12445851072524,78.8,True,1,True
Ayo Dosunmu / Cody Williams / LaMelo Ball / Rudy Gobert / Terrence Shannon Jr.,0.0,COMPOSED,0.1774999999999996,0.7547309123124609,-1.0,1.0899999999999992,0.3799999999999999,0.20250000000000024,0.3894337235052199,0.36799350121852153,-5.34,15.360292117014135,79.6,True,1,True
Ayo Dosunmu / Cody Williams / LaMelo Ball / Rudy Gobert / Trey Lyles,0.0,COMPOSED,2.2274999999999996,1.2127319365795555,1.0,3.729999999999999,0.7599999999999998,-1.4674999999999998,,,-5.34,14.476571186781577,80.0,True,1,True
Ayo Dosunmu / Cody Williams / Isaiah Evans / LaMelo Ball / Rudy Gobert,0.0,COMPOSED,1.293500951129823,1.088508153391604,0.18350095112982334,2.6735009511298227,0.011750475564911489,-1.2817504755649116,,,-5.34,14.476571186781577,80.0,True,1,True
Ayo Dosunmu / Jaylen Clark / Joan Beringer / LaMelo Ball / Rudy Gobert,0.0,COMPOSED,8.7075,2.849555886449676,5.0,11.76,4.2025,-4.505,0.4005702066999287,0.3798932384341637,-5.34,13.364148008555063,80.0,True,2,False
Ayo Dosunmu / Joan Beringer / LaMelo Ball / Nah'Shon Hyland / Rudy Gobert,0.0,COMPOSED,8.84,2.6076426135496407,5.0,11.5,4.5325,-4.307499999999999,0.4341975713816869,0.3854875283446712,-5.34,15.379682391322254,79.4,True,2,False
Ayo Dosunmu / Joan Beringer / LaMelo Ball / Rudy Gobert / Terrence Shannon Jr.,0.0,COMPOSED,6.4125,2.2032632048849723,3.0,8.389999999999999,4.25,-2.1624999999999996,0.4,0.38636363636363635,-5.34,13.61551599761115,80.2,True,2,False
Ayo Dosunmu / Joan Beringer / LaMelo Ball / Rudy Gobert / Trey Lyles,0.0,COMPOSED,8.4625,2.636687078513489,5.0,11.079999999999998,4.63,-3.8324999999999996,,,-5.34,12.731795067378592,80.75,True,2,False
Ayo Dosunmu / Isaiah Evans / Joan Beringer / LaMelo Ball / Rudy Gobert,0.0,COMPOSED,7.528500951129823,2.514960238254275,4.183500951129823,10.013500951129824,3.8817504755649113,-3.6467504755649114,,,-5.34,12.731795067378592,80.75,True,2,False
Ayo Dosunmu / Jaylen Clark / LaMelo Ball / Rudy Gobert / Trey Lyles,0.0,COMPOSED,6.0874999999999995,2.4450702955129935,3.31,8.579999999999998,3.01,-3.0774999999999997,,,-5.34,13.064148008555062,79.25,True,1,False
Ayo Dosunmu / LaMelo Ball / Nah'Shon Hyland / Rudy Gobert / Trey Lyles,0.0,COMPOSED,6.220000000000001,2.1091704530454622,4.0,8.9,3.34,-2.88,,,-5.34,15.079682391322255,78.5,True,1,False
Ayo Dosunmu / LaMelo Ball / Rudy Gobert / Terrence Shannon Jr. / Trey Lyles,0.0,COMPOSED,3.7924999999999995,1.6327794554072508,2.0,5.719999999999999,3.0574999999999997,-0.7349999999999998,,,-5.34,13.31551599761115,79.5,True,1,False
Ayo Dosunmu / Isaiah Evans / LaMelo Ball / Rudy Gobert / Trey Lyles,0.0,COMPOSED,4.908500951129823,2.1269285366462123,2.4335009511298233,7.303500951129823,2.6892504755649114,-2.219250475564911,,,-5.34,12.43179506737859,80.0,True,1,False
Cody Williams / Jaylen Clark / Joan Beringer / LaMelo Ball / Rudy Gobert,0.0,COMPOSED,5.925,2.411809486671781,3.0,8.93,1.7824999999999998,-4.1425,0.3799143635655897,0.3411885245901639,-5.34,11.800228475784134,80.8,True,2,False
Cody Williams / Joan Beringer / LaMelo Ball / Nah'Shon Hyland / Rudy Gobert,0.0,COMPOSED,6.057499999999999,2.104749094310293,3.0,8.129999999999999,2.1125,-3.945,0.4181494661921708,0.35404255319148936,-5.34,13.815762858551325,80.2,True,2,False
Cody Williams / Joan Beringer / LaMelo Ball / Rudy Gobert / Terrence Shannon Jr.,0.0,COMPOSED,3.63,1.7286266224954419,1.0,5.56,1.83,-1.7999999999999998,0.3788300835654596,0.3476890756302521,-5.34,12.051596464840221,81.0,True,2,False
Cody Williams / Joan Beringer / LaMelo Ball / Rudy Gobert / Trey Lyles,0.0,COMPOSED,5.68,2.180011467859745,3.0,8.25,2.21,-3.4699999999999998,,,-5.34,11.167875534607663,81.75,True,2,False
Cody Williams / Isaiah Evans / Joan Beringer / LaMelo Ball / Rudy Gobert,0.0,COMPOSED,4.7460009511298225,2.0570655677444987,2.1835009511298233,7.1835009511298225,1.4617504755649118,-3.2842504755649116,,,-5.34,11.167875534607663,81.75,True,2,False
Cody Williams / Jaylen Clark / LaMelo Ball / Nah'Shon Hyland / Rudy Gobert,0.0,COMPOSED,3.6825,1.830373937205182,1.7100000000000002,5.51,0.49249999999999994,-3.19,0.4338210275603947,0.35215686274509805,-5.34,14.148115799727796,79.0,True,1,False
Cody Williams / Jaylen Clark / LaMelo Ball / Rudy Gobert / Terrence Shannon Jr.,0.0,COMPOSED,1.2549999999999994,1.3995445687794292,-0.24999999999999994,2.939999999999999,0.20999999999999974,-1.0449999999999997,0.3981831945495837,0.34600760456273766,-5.34,12.383949406016692,79.8,True,1,True
Cody Williams / Jaylen Clark / LaMelo Ball / Rudy Gobert / Trey Lyles,0.0,COMPOSED,3.3049999999999997,2.067008708254515,0.6200000000000001,5.629999999999999,0.5899999999999999,-2.715,,,-5.34,11.500228475784134,80.25,True,1,False
Cody Williams / Isaiah Evans / Jaylen Clark / LaMelo Ball / Rudy Gobert,0.0,COMPOSED,2.3710009511298225,1.942052715556403,-0.17649904887017648,4.563500951129822,-0.15824952443508855,-2.5292504755649117,,,-5.34,11.500228475784134,80.25,True,1,False
Cody Williams / LaMelo Ball / Nah'Shon Hyland / Rudy Gobert / Terrence Shannon Jr.,0.0,COMPOSED,1.3874999999999997,1.0581912634301982,0.0,2.6499999999999995,0.5399999999999999,-0.8474999999999998,0.4339229968782518,0.35731414868105515,-5.34,14.399483788783884,79.2,True,1,True
Cody Williams / LaMelo Ball / Nah'Shon Hyland / Rudy Gobert / Trey Lyles,0.0,COMPOSED,3.4374999999999996,1.6358694171601835,1.6300000000000001,5.289999999999999,0.9199999999999999,-2.5174999999999996,,,-5.34,13.515762858551327,79.5,True,1,False
Cody Williams / Isaiah Evans / LaMelo Ball / Nah'Shon Hyland / Rudy Gobert,0.0,COMPOSED,2.5035009511298227,1.5092879115662454,0.8335009511298236,4.233500951129823,0.17175047556491152,-2.3317504755649114,,,-5.34,13.515762858551327,79.5,True,1,False
Cody Williams / LaMelo Ball / Rudy Gobert / Terrence Shannon Jr. / Trey Lyles,0.0,COMPOSED,1.0099999999999996,1.1819686967090115,-0.3299999999999999,2.2599999999999993,0.6374999999999997,-0.37249999999999983,,,-5.34,11.751596464840222,80.5,True,1,True
Cody Williams / Isaiah Evans / LaMelo Ball / Rudy Gobert / Terrence Shannon Jr.,0.0,COMPOSED,0.07600095112982302,1.0543807424265672,-1.1264990488701765,1.1935009511298227,-0.11074952443508845,-0.18675047556491148,,,-5.34,11.751596464840222,80.5,True,1,True
Cody Williams / Isaiah Evans / LaMelo Ball / Rudy Gobert / Trey Lyles,0.0,COMPOSED,2.1260009511298232,1.7400053879226922,-0.2564990488701765,3.8835009511298226,0.26925047556491155,-1.8567504755649114,,,-5.34,10.867875534607663,81.33333333333333,True,1,False
Jaylen Clark / Joan Beringer / LaMelo Ball / Nah'Shon Hyland / Rudy Gobert,0.0,COMPOSED,9.9175,3.2439665149319894,6.0,13.48,4.3625,-5.555,0.4525316455696203,0.368006993006993,-5.34,12.40333968032481,79.6,True,2,False
Jaylen Clark / Joan Beringer / LaMelo Ball / Rudy Gobert / Terrence Shannon Jr.,0.0,COMPOSED,7.49,2.8355510928212877,4.0,10.91,4.08,-3.41,0.41281936351411924,0.36482084690553745,-5.34,10.639173286613707,80.4,True,2,False
Jaylen Clark / Joan Beringer / LaMelo Ball / Rudy Gobert / Trey Lyles,0.0,COMPOSED,9.54,3.398646789532563,6.0,13.6,4.46,-5.08,,,-5.34,9.755452356381149,81.0,True,2,False
Isaiah Evans / Jaylen Clark / Joan Beringer / LaMelo Ball / Rudy Gobert,0.0,COMPOSED,8.606000951129824,3.27240259595301,5.183500951129824,12.533500951129824,3.7117504755649118,-4.894250475564911,,,-5.34,9.755452356381149,81.0,True,2,False
Joan Beringer / LaMelo Ball / Nah'Shon Hyland / Rudy Gobert / Terrence Shannon Jr.,0.0,COMPOSED,7.6225,2.5331045675218378,4.0,10.11,4.41,-3.2125,0.45307443365695793,0.37410714285714286,-5.34,12.6547076693809,79.8,True,2,False
Joan Beringer / LaMelo Ball / Nah'Shon Hyland / Rudy Gobert / Trey Lyles,0.0,COMPOSED,9.6725,3.028129579459901,6.0,12.799999999999999,4.79,-4.8825,,,-5.34,11.770986739148341,80.25,True,2,False
Isaiah Evans / Joan Beringer / LaMelo Ball / Nah'Shon Hyland / Rudy Gobert,0.0,COMPOSED,8.738500951129824,2.9034849749912603,5.183500951129824,11.733500951129823,4.041750475564911,-4.696750475564912,,,-5.34,11.770986739148341,80.25,True,2,False
Joan Beringer / LaMelo Ball / Rudy Gobert / Terrence Shannon Jr. / Trey Lyles,0.0,COMPOSED,7.245,2.6075131830922733,4.0,10.23,4.507499999999999,-2.7375,,,-5.34,10.006820345437237,81.25,True,2,False
Isaiah Evans / Joan Beringer / LaMelo Ball / Rudy Gobert / Terrence Shannon Jr.,0.0,COMPOSED,6.311000951129823,2.4844654857735495,3.1835009511298233,9.163500951129823,3.7592504755649117,-2.5517504755649116,,,-5.34,10.006820345437237,81.25,True,2,False
Isaiah Evans / Joan Beringer / LaMelo Ball / Rudy Gobert / Trey Lyles,0.0,COMPOSED,8.361000951129823,3.04714928252621,5.183500951129824,11.853500951129822,4.1392504755649115,-4.221750475564911,,,-5.34,9.12309941520468,82.33333333333333,True,2,False
Jaylen Clark / LaMelo Ball / Nah'Shon Hyland / Rudy Gobert / Trey Lyles,0.0,COMPOSED,7.2975,2.8902800469850662,3.87,10.18,3.17,-4.1274999999999995,,,-5.34,12.103339680324812,78.75,True,1,False
Jaylen Clark / LaMelo Ball / Rudy Gobert / Terrence Shannon Jr. / Trey Lyles,0.0,COMPOSED,4.869999999999999,2.4563285610846117,1.91,7.609999999999999,2.8874999999999993,-1.9824999999999997,,,-5.34,10.339173286613708,79.75,True,1,False
Isaiah Evans / Jaylen Clark / LaMelo Ball / Rudy Gobert / Trey Lyles,0.0,COMPOSED,5.986000951129823,3.0147999519039397,1.9835009511298234,9.233500951129823,2.519250475564912,-3.4667504755649112,,,-5.34,9.45545235638115,80.33333333333333,True,1,False
LaMelo Ball / Nah'Shon Hyland / Rudy Gobert / Terrence Shannon Jr. / Trey Lyles,0.0,COMPOSED,5.0024999999999995,2.049443522032261,2.92,7.279999999999999,3.2175000000000002,-1.785,,,-5.34,12.354707669380899,79.0,True,1,False
Isaiah Evans / LaMelo Ball / Nah'Shon Hyland / Rudy Gobert / Trey Lyles,0.0,COMPOSED,6.118500951129823,2.5692459983427036,2.993500951129824,8.863500951129822,2.8492504755649115,-3.269250475564911,,,-5.34,11.47098673914834,79.33333333333333,True,1,False
Isaiah Evans / LaMelo Ball / Rudy Gobert / Terrence Shannon Jr. / Trey Lyles,0.0,COMPOSED,3.6910009511298227,2.12277383392579,1.0335009511298234,5.863500951129823,2.5667504755649118,-1.1242504755649114,,,-5.34,9.706820345437237,80.66666666666667,True,1,False
Ayo Dosunmu / Cody Williams / Jaden McDaniels / Joan Beringer / LaMelo Ball,0.0,COMPOSED,2.0925,1.2947272878872986,0.0,3.55,2.5275,0.435,0.41103934233705225,0.375,-0.95,15.818388057726061,79.8,False,1,True
Ayo Dosunmu / Jaden McDaniels / Jaylen Clark / Joan Beringer / LaMelo Ball,0.0,COMPOSED,5.9525,1.8507481595290052,3.0,7.74,4.7775,-1.175,0.4382202304737516,0.38714390065741416,-0.95,14.405964879499546,79.2,False,1,False
Ayo Dosunmu / Jaden McDaniels / Joan Beringer / LaMelo Ball / Nah'Shon Hyland,0.0,COMPOSED,6.085,1.8065644190008836,3.0,7.6,5.1075,-0.9775,0.4659732540861813,0.3909438775510204,-0.95,16.42149926226674,78.6,False,1,False
Ayo Dosunmu / Jaden McDaniels / Joan Beringer / LaMelo Ball / Terrence Shannon Jr.,0.0,COMPOSED,3.6574999999999998,1.5451274219299844,1.0,4.840000000000001,4.825,1.1675,0.4383963494132986,0.3925650557620818,-0.95,14.657332868555635,79.4,False,1,False
Ayo Dosunmu / Jaden McDaniels / Joan Beringer / LaMelo Ball / Trey Lyles,0.0,COMPOSED,5.7075,1.6574886877442028,3.0,7.06,5.205,-0.5025,,,-0.95,13.773611938323077,79.75,False,1,False
Ayo Dosunmu / Isaiah Evans / Jaden McDaniels / Joan Beringer / LaMelo Ball,0.0,COMPOSED,4.773500951129823,1.5595672476684037,2.1835009511298233,6.003500951129823,4.456750475564911,-0.31675047556491165,,,-0.95,13.773611938323077,79.75,False,1,False
Cody Williams / Jaden McDaniels / Jaylen Clark / Joan Beringer / LaMelo Ball,0.0,COMPOSED,3.17,1.4134532181858726,1.0,4.91,2.3575,-0.8125,0.4229303775545549,0.3570843570843571,-0.95,12.842045346728618,80.0,False,1,True
Cody Williams / Jaden McDaniels / Joan Beringer / LaMelo Ball / Nah'Shon Hyland,0.0,COMPOSED,3.3025,1.3302513860169438,1.0,4.11,2.6875,-0.615,0.4539641943734015,0.3654929577464789,-0.95,14.85757972949581,79.4,False,1,True
Cody Williams / Jaden McDaniels / Joan Beringer / LaMelo Ball / Terrence Shannon Jr.,0.0,COMPOSED,0.8749999999999996,1.1819158176452331,-1.0,2.1500000000000004,2.405,1.5300000000000002,0.4228187919463087,0.36257309941520466,-0.95,13.093413335784707,80.2,False,1,True
Cody Williams / Jaden McDaniels / Joan Beringer / LaMelo Ball / Trey Lyles,0.0,COMPOSED,2.925,1.1930318520475467,1.0,4.2299999999999995,2.7849999999999997,-0.14,,,-0.95,12.209692405552149,80.75,False,1,True
Cody Williams / Isaiah Evans / Jaden McDaniels / Joan Beringer / LaMelo Ball,0.0,COMPOSED,1.9910009511298232,1.1020293780113124,0.1835009511298234,3.1635009511298238,2.0367504755649115,0.04574952443508834,,,-0.95,12.209692405552149,80.75,False,1,True
Jaden McDaniels / Jaylen Clark / Joan Beringer / LaMelo Ball / Nah'Shon Hyland,0.0,COMPOSED,7.1625,2.1652987669141637,4.0,9.459999999999999,4.9375,-2.225,0.4880534082923401,0.37724982001439883,-0.95,13.445156551269296,78.8,False,1,False
Jaden McDaniels / Jaylen Clark / Joan Beringer / LaMelo Ball / Terrence Shannon Jr.,0.0,COMPOSED,4.735,1.8096201258827778,2.0,6.890000000000001,4.654999999999999,-0.07999999999999996,0.4574342879560612,0.3765008576329331,-0.95,11.680990157558192,79.6,False,1,False
Jaden McDaniels / Jaylen Clark / Joan Beringer / LaMelo Ball / Trey Lyles,0.0,COMPOSED,6.785,2.24661411906896,4.0,9.58,5.034999999999999,-1.75,,,-0.95,10.797269227325634,80.0,False,1,False
Isaiah Evans / Jaden McDaniels / Jaylen Clark / Joan Beringer / LaMelo Ball,0.0,COMPOSED,5.851000951129823,2.125363204254746,3.1835009511298233,8.513500951129824,4.2867504755649115,-1.5642504755649118,,,-0.95,10.797269227325634,80.0,False,1,False
Jaden McDaniels / Joan Beringer / LaMelo Ball / Nah'Shon Hyland / Terrence Shannon Jr.,0.0,COMPOSED,4.8675,1.676176825397607,2.0,6.09,4.985,0.11750000000000002,0.489247311827957,0.3824175824175824,-0.95,13.696524540325383,79.0,False,1,False
Jaden McDaniels / Joan Beringer / LaMelo Ball / Nah'Shon Hyland / Trey Lyles,0.0,COMPOSED,6.9174999999999995,1.9556632506645921,4.0,8.78,5.365,-1.5525,,,-0.95,12.812803610092825,79.25,False,1,False
Isaiah Evans / Jaden McDaniels / Joan Beringer / LaMelo Ball / Nah'Shon Hyland,0.0,COMPOSED,5.983500951129823,1.843190169244617,3.1835009511298233,7.713500951129824,4.616750475564912,-1.3667504755649116,,,-0.95,12.812803610092825,79.25,False,1,False
Jaden McDaniels / Joan Beringer / LaMelo Ball / Terrence Shannon Jr. / Trey Lyles,0.0,COMPOSED,4.489999999999999,1.5885055870219653,2.0,6.209999999999999,5.0825,0.5925,,,-0.95,11.04863721638172,80.25,False,1,False
Isaiah Evans / Jaden McDaniels / Joan Beringer / LaMelo Ball / Terrence Shannon Jr.,0.0,COMPOSED,3.556000951129823,1.4862263454803915,1.1835009511298233,5.143500951129823,4.334250475564911,0.7782495244350883,,,-0.95,11.04863721638172,80.25,False,1,True
Isaiah Evans / Jaden McDaniels / Joan Beringer / LaMelo Ball / Trey Lyles,0.0,COMPOSED,5.606000951129823,1.8930184230482276,3.1835009511298233,7.833500951129823,4.714250475564911,-0.8917504755649117,,,-0.95,10.164916286149163,81.0,False,1,False
Ayo Dosunmu / Cody Williams / Jaylen Clark / Joan Beringer / LaMelo Ball,0.0,COMPOSED,2.0424999999999995,1.399524472812105,0.0,3.93,2.9324999999999997,0.8900000000000001,0.4426345609065156,0.364,-0.95,13.724713601642257,79.0,False,1,True
Ayo Dosunmu / Cody Williams / Joan Beringer / LaMelo Ball / Nah'Shon Hyland,0.0,COMPOSED,2.175,1.7884979731607191,0.0,4.94,3.2625,1.0875,0.47275693311582384,0.3712905452035887,-0.95,15.74024798440945,78.4,False,1,False
Ayo Dosunmu / Cody Williams / Joan Beringer / LaMelo Ball / Terrence Shannon Jr.,0.0,COMPOSED,-0.25250000000000017,1.911117147115791,-2.0,2.98,2.98,3.2325,0.4429190751445087,0.3694942903752039,-0.95,13.976081590698346,79.2,False,1,False
Ayo Dosunmu / Cody Williams / Joan Beringer / LaMelo Ball / Trey Lyles,0.0,COMPOSED,1.7974999999999999,1.3672120354941293,0.0,3.85,3.3599999999999994,1.5625,,,-0.95,13.092360660465788,79.5,False,1,True
Ayo Dosunmu / Cody Williams / Isaiah Evans / Joan Beringer / LaMelo Ball,0.0,COMPOSED,0.8635009511298233,1.3919231300614272,-0.8164990488701767,3.0535009511298234,2.6117504755649112,1.7482495244350882,,,-0.95,13.092360660465788,79.5,False,1,True
Ayo Dosunmu / Jaylen Clark / Joan Beringer / LaMelo Ball / Trey Lyles,0.0,COMPOSED,5.6575,1.567679415569395,3.0,7.000000000000001,5.61,-0.04749999999999999,,,-0.95,11.679937482239273,78.75,False,1,False
Ayo Dosunmu / Joan Beringer / LaMelo Ball / Nah'Shon Hyland / Trey Lyles,0.0,COMPOSED,5.79,1.6441715238988905,3.0,7.1000000000000005,5.9399999999999995,0.15000000000000002,,,-0.95,13.695471865006464,78.0,False,1,False
Ayo Dosunmu / Joan Beringer / LaMelo Ball / Terrence Shannon Jr. / Trey Lyles,0.0,COMPOSED,3.3625,1.4927554220300125,1.0,5.140000000000001,5.6575,2.295,,,-0.95,11.93130547129536,79.0,False,1,True
Ayo Dosunmu / Isaiah Evans / Joan Beringer / LaMelo Ball / Trey Lyles,0.0,COMPOSED,4.478500951129823,1.325150934799504,2.1835009511298233,5.2635009511298225,5.289250475564912,0.8107495244350882,,,-0.95,11.047584541062802,79.33333333333333,False,1,True
Cody Williams / Jaylen Clark / Joan Beringer / LaMelo Ball / Nah'Shon Hyland,0.0,COMPOSED,3.2524999999999995,1.3498587889108993,1.0,4.49,3.0925,-0.15999999999999998,0.4988216810683425,0.3535433070866142,-0.95,12.763905273412007,78.6,False,1,True
Cody Williams / Jaylen Clark / Joan Beringer / LaMelo Ball / Terrence Shannon Jr.,0.0,COMPOSED,0.8249999999999997,1.3184176121396438,-1.0,2.5300000000000002,2.8099999999999996,1.985,0.4655402401067141,0.34765998089780326,-0.95,10.999738879700903,79.4,False,1,True
Cody Williams / Jaylen Clark / Joan Beringer / LaMelo Ball / Trey Lyles,0.0,COMPOSED,2.875,1.169540508062889,1.0,4.17,3.1899999999999995,0.31499999999999995,,,-0.95,10.116017949468345,79.75,False,1,True
Cody Williams / Isaiah Evans / Jaylen Clark / Joan Beringer / LaMelo Ball,0.0,COMPOSED,1.9410009511298234,1.1049519220309993,0.1835009511298234,3.103500951129823,2.4417504755649113,0.5007495244350884,,,-0.95,10.116017949468345,79.75,False,1,True
Cody Williams / Joan Beringer / LaMelo Ball / Nah'Shon Hyland / Terrence Shannon Jr.,0.0,COMPOSED,0.9574999999999996,1.6354567404856664,-1.0,3.54,3.1399999999999997,2.1825,0.5004016064257029,0.35874799357945425,-0.95,13.015273262468094,78.8,False,1,False
Cody Williams / Joan Beringer / LaMelo Ball / Nah'Shon Hyland / Trey Lyles,0.0,COMPOSED,3.0075,1.243711682826852,1.0,4.41,3.52,0.5125000000000001,,,-0.95,12.131552332235536,79.0,False,1,True
Cody Williams / Isaiah Evans / Joan Beringer / LaMelo Ball / Nah'Shon Hyland,0.0,COMPOSED,2.0735009511298235,1.2258670400985583,0.1835009511298234,3.613500951129824,2.7717504755649114,0.6982495244350883,,,-0.95,12.131552332235536,79.0,False,1,True
Cody Williams / Joan Beringer / LaMelo Ball / Terrence Shannon Jr. / Trey Lyles,0.0,COMPOSED,0.5799999999999996,1.255169311288322,-1.0,2.45,3.2375,2.6575,,,-0.95,10.367385938524432,80.0,False,1,True
Cody Williams / Isaiah Evans / Joan Beringer / LaMelo Ball / Terrence Shannon Jr.,0.0,COMPOSED,-0.35399904887017686,1.282251437901319,-1.8164990488701767,1.6535009511298235,2.489250475564911,2.8432495244350884,,,-0.95,10.367385938524432,80.0,False,1,True
Cody Williams / Isaiah Evans / Joan Beringer / LaMelo Ball / Trey Lyles,0.0,COMPOSED,1.6960009511298233,0.935878597896116,0.1835009511298234,2.5235009511298236,2.8692504755649115,1.1732495244350882,,,-0.95,9.483665008291874,80.66666666666667,False,1,True
Jaylen Clark / Joan Beringer / LaMelo Ball / Nah'Shon Hyland / Trey Lyles,0.0,COMPOSED,6.8675,1.8180123074390884,4.0,8.719999999999999,5.77,-1.0975000000000001,,,-0.95,10.719129154009021,78.25,False,1,False
Jaylen Clark / Joan Beringer / LaMelo Ball / Terrence Shannon Jr. / Trey Lyles,0.0,COMPOSED,4.4399999999999995,1.5141499265264322,2.0,6.15,5.4875,1.0475,,,-0.95,8.954962760297917,79.25,False,1,False
Isaiah Evans / Jaylen Clark / Joan Beringer / LaMelo Ball / Trey Lyles,0.0,COMPOSED,5.556000951129823,1.7372301948791933,3.1835009511298233,7.773500951129823,5.119250475564911,-0.43675047556491176,,,-0.95,8.07124183006536,79.66666666666667,False,1,False
Joan Beringer / LaMelo Ball / Nah'Shon Hyland / Terrence Shannon Jr. / Trey Lyles,0.0,COMPOSED,4.5725,1.4949142952022365,2.0,5.7,5.8175,1.2449999999999999,,,-0.95,10.97049714306511,78.5,False,1,True
Isaiah Evans / Joan Beringer / LaMelo Ball / Nah'Shon Hyland / Trey Lyles,0.0,COMPOSED,5.688500951129823,1.5183626049135956,3.1835009511298233,6.973500951129823,5.449250475564912,-0.23925047556491172,,,-0.95,10.086776212832552,78.66666666666667,False,1,False
Isaiah Evans / Joan Beringer / LaMelo Ball / Terrence Shannon Jr. / Trey Lyles,0.0,COMPOSED,3.261000951129823,1.2321601965653652,1.1835009511298233,4.403500951129823,5.166750475564911,1.9057495244350884,,,-0.95,8.322609819121448,80.0,False,1,True
Ayo Dosunmu / Cody Williams / Jaden McDaniels / Joan Beringer / Rudy Gobert,0.0,COMPOSED,2.1049999999999995,1.8568050516949806,-1.0,3.5399999999999996,-2.2824999999999998,-4.387499999999999,0.25065963060686014,0.3804511278195489,-5.34,10.363709695152961,81.0,True,2,False
Ayo Dosunmu / Cody Williams / Jaden McDaniels / Jaylen Clark / Rudy Gobert,0.0,COMPOSED,-0.2700000000000001,1.3416221524706575,-2.0,1.15,-3.9025,-3.6325,0.27498202731847593,0.3738562091503268,-5.34,10.696062636329431,79.8,True,1,True
Ayo Dosunmu / Cody Williams / Jaden McDaniels / Nah'Shon Hyland / Rudy Gobert,0.0,COMPOSED,-0.13750000000000007,1.2368584195452605,-2.0,1.4699999999999998,-3.5725000000000002,-3.435,0.31888852133642076,0.38278008298755184,-5.34,12.711597019096622,79.2,True,1,True
Ayo Dosunmu / Cody Williams / Jaden McDaniels / Rudy Gobert / Terrence Shannon Jr.,0.0,COMPOSED,-2.5650000000000004,0.8688642011269654,-4.0,-1.71,-3.855,-1.2899999999999998,0.2718268525311812,0.3832658569500675,-5.34,10.94743062538552,80.0,True,1,True
Ayo Dosunmu / Cody Williams / Jaden McDaniels / Rudy Gobert / Trey Lyles,0.0,COMPOSED,-0.5150000000000002,1.1591483942964331,-2.0,0.9299999999999997,-3.475,-2.96,,,-5.34,10.063709695152962,80.5,True,1,True
Ayo Dosunmu / Cody Williams / Isaiah Evans / Jaden McDaniels / Rudy Gobert,0.0,COMPOSED,-1.4489990488701765,1.0416423330491131,-2.816499048870176,-0.1264990488701767,-4.223249524435088,-2.7742504755649118,,,-5.34,10.063709695152962,80.5,True,1,True
Ayo Dosunmu / Jaden McDaniels / Jaylen Clark / Joan Beringer / Rudy Gobert,0.0,COMPOSED,5.965000000000001,2.828413866462969,2.0,8.89,-0.03249999999999997,-5.9975,0.26739772247996624,0.4069400630914827,-5.34,8.951286516926446,80.4,True,2,False
Ayo Dosunmu / Jaden McDaniels / Joan Beringer / Nah'Shon Hyland / Rudy Gobert,0.0,COMPOSED,6.0975,2.63534034803856,2.0,8.7,0.2975000000000001,-5.8,0.31891271056661563,0.40936374549819926,-5.34,10.966820899693639,79.8,True,2,False
Ayo Dosunmu / Jaden McDaniels / Joan Beringer / Rudy Gobert / Terrence Shannon Jr.,0.0,COMPOSED,3.67,2.2535971245988047,0.0,5.52,0.015000000000000124,-3.655,0.2634989200863931,0.419672131147541,-5.34,9.202654505982535,80.6,True,2,False
Ayo Dosunmu / Jaden McDaniels / Joan Beringer / Rudy Gobert / Trey Lyles,0.0,COMPOSED,5.720000000000001,2.619933205255432,2.0,8.21,0.395,-5.325,,,-5.34,8.318933575749977,81.25,True,2,False
Ayo Dosunmu / Isaiah Evans / Jaden McDaniels / Joan Beringer / Rudy Gobert,0.0,COMPOSED,4.786000951129823,2.5028421344543488,1.1835009511298238,7.143500951129824,-0.3532495244350883,-5.1392504755649115,,,-5.34,8.318933575749977,81.25,True,2,False
Ayo Dosunmu / Jaden McDaniels / Jaylen Clark / Nah'Shon Hyland / Rudy Gobert,0.0,COMPOSED,3.7224999999999997,2.2274017935702575,1.0,6.32,-1.3225,-5.045,0.34038672017511856,0.4008574490889603,-5.34,11.29917384087011,78.6,True,1,False
Ayo Dosunmu / Jaden McDaniels / Jaylen Clark / Rudy Gobert / Terrence Shannon Jr.,0.0,COMPOSED,1.2949999999999997,1.7734923174347272,-1.0,3.1399999999999997,-1.605,-2.8999999999999995,0.2905073649754501,0.4070422535211268,-5.34,9.535007447159005,79.4,True,1,False
Ayo Dosunmu / Jaden McDaniels / Jaylen Clark / Rudy Gobert / Trey Lyles,0.0,COMPOSED,3.345,2.3409666806684797,1.0,5.78,-1.225,-4.57,,,-5.34,8.651286516926447,79.75,True,1,False
Ayo Dosunmu / Isaiah Evans / Jaden McDaniels / Jaylen Clark / Rudy Gobert,0.0,COMPOSED,2.411000951129824,2.2136550657227514,0.18350095112982423,4.723500951129823,-1.9732495244350883,-4.384250475564912,,,-5.34,8.651286516926447,79.75,True,1,False
Ayo Dosunmu / Jaden McDaniels / Nah'Shon Hyland / Rudy Gobert / Terrence Shannon Jr.,0.0,COMPOSED,1.4275000000000002,1.6242748381970338,-1.0,3.46,-1.275,-2.7024999999999997,0.33854748603351953,0.40924092409240925,-5.34,11.550541829926196,78.8,True,1,False
Ayo Dosunmu / Jaden McDaniels / Nah'Shon Hyland / Rudy Gobert / Trey Lyles,0.0,COMPOSED,3.4774999999999996,2.05319720192679,1.0,6.1,-0.895,-4.3725000000000005,,,-5.34,10.666820899693638,79.0,True,1,False
Ayo Dosunmu / Isaiah Evans / Jaden McDaniels / Nah'Shon Hyland / Rudy Gobert,0.0,COMPOSED,2.5435009511298237,1.9335459653186422,0.18350095112982334,5.043500951129824,-1.6432495244350882,-4.186750475564912,,,-5.34,10.666820899693638,79.0,True,1,False
Ayo Dosunmu / Jaden McDaniels / Rudy Gobert / Terrence Shannon Jr. / Trey Lyles,0.0,COMPOSED,1.0499999999999996,1.584960567332828,-1.0,2.9199999999999995,-1.1775,-2.2275,,,-5.34,8.902654505982534,80.0,True,1,False
Ayo Dosunmu / Isaiah Evans / Jaden McDaniels / Rudy Gobert / Terrence Shannon Jr.,0.0,COMPOSED,0.11600095112982323,1.4655608994511282,-1.8164990488701767,1.8635009511298233,-1.9257495244350884,-2.0417504755649114,,,-5.34,8.902654505982534,80.0,True,1,True
Ayo Dosunmu / Isaiah Evans / Jaden McDaniels / Rudy Gobert / Trey Lyles,0.0,COMPOSED,2.1660009511298233,2.02109345404907,0.1335009511298233,4.503500951129824,-1.5457495244350883,-3.7117504755649113,,,-5.34,8.018933575749976,80.66666666666667,True,1,False
Cody Williams / Jaden McDaniels / Jaylen Clark / Joan Beringer / Rudy Gobert,0.0,COMPOSED,3.1825,2.375567037572293,0.0,6.0600000000000005,-2.4524999999999997,-5.635,0.22774133083411435,0.3374485596707819,-5.34,7.387366984155519,81.2,True,2,False
Cody Williams / Jaden McDaniels / Joan Beringer / Nah'Shon Hyland / Rudy Gobert,0.0,COMPOSED,3.315,2.1264348097226025,0.0,5.26,-2.1225,-5.4375,0.28842105263157897,0.3605839416058394,-5.34,9.40290136692271,80.6,True,2,False
Cody Williams / Jaden McDaniels / Joan Beringer / Rudy Gobert / Terrence Shannon Jr.,0.0,COMPOSED,0.8874999999999997,1.7773628639082113,-2.0,2.6899999999999995,-2.4050000000000002,-3.2924999999999995,0.22232916265640038,0.35064935064935066,-5.34,7.638734973211606,81.4,True,2,False
Cody Williams / Isaiah Evans / Jaden McDaniels / Joan Beringer / Rudy Gobert,0.0,COMPOSED,2.003500951129823,2.0291007860626338,-0.8164990488701758,4.313500951129823,-2.773249524435088,-4.776750475564912,,,-5.34,6.755014042979048,82.25,True,2,False
Cody Williams / Jaden McDaniels / Jaylen Clark / Nah'Shon Hyland / Rudy Gobert,0.0,COMPOSED,0.94,1.7412208360802486,-1.0,2.71,-3.7424999999999997,-4.682499999999999,0.31349840255591055,0.35668789808917195,-5.34,9.735254308099181,79.4,True,1,False
Cody Williams / Jaden McDaniels / Jaylen Clark / Rudy Gobert / Terrence Shannon Jr.,0.0,COMPOSED,-1.4875000000000003,1.3112660866506078,-3.0,0.0699999999999994,-4.025,-2.5374999999999996,0.2546443135478024,0.3469750889679715,-5.34,7.971087914388077,80.2,True,1,True
Cody Williams / Jaden McDaniels / Jaylen Clark / Rudy Gobert / Trey Lyles,0.0,COMPOSED,0.5624999999999997,1.9289423915710906,-1.6800000000000002,2.7599999999999993,-3.645,-4.2075,,,-5.34,7.087366984155519,80.75,True,1,False
Cody Williams / Isaiah Evans / Jaden McDaniels / Jaylen Clark / Rudy Gobert,0.0,COMPOSED,-0.3714990488701765,1.8019780797778866,-2.476499048870177,1.6935009511298231,-4.393249524435088,-4.021750475564912,,,-5.34,7.087366984155519,80.75,True,1,False
Cody Williams / Jaden McDaniels / Nah'Shon Hyland / Rudy Gobert / Terrence Shannon Jr.,0.0,COMPOSED,-1.3550000000000004,1.0703854445946093,-3.0,-0.15000000000000036,-3.6950000000000003,-2.34,0.31086601307189543,0.36530880420499345,-5.34,9.986622297155268,79.6,True,1,True
Cody Williams / Jaden McDaniels / Nah'Shon Hyland / Rudy Gobert / Trey Lyles,0.0,COMPOSED,0.6949999999999996,1.5458411949485622,-1.0,2.4899999999999993,-3.3150000000000004,-4.01,,,-5.34,9.10290136692271,80.0,True,1,False
Cody Williams / Isaiah Evans / Jaden McDaniels / Nah'Shon Hyland / Rudy Gobert,0.0,COMPOSED,-0.23899904887017653,1.4208338220918024,-1.8164990488701762,1.4335009511298233,-4.063249524435088,-3.824250475564911,,,-5.34,9.10290136692271,80.0,True,1,True
Cody Williams / Jaden McDaniels / Rudy Gobert / Terrence Shannon Jr. / Trey Lyles,0.0,COMPOSED,-1.7325000000000004,1.0907422931196897,-3.0,-0.6100000000000008,-3.5975,-1.8649999999999998,,,-5.34,7.338734973211606,81.0,True,1,True
Cody Williams / Isaiah Evans / Jaden McDaniels / Rudy Gobert / Terrence Shannon Jr.,0.0,COMPOSED,-2.6664990488701767,0.9652201821346255,-3.816499048870176,-1.6764990488701774,-4.345749524435089,-1.6792504755649116,,,-5.34,7.338734973211606,81.0,True,1,True
Cody Williams / Isaiah Evans / Jaden McDaniels / Rudy Gobert / Trey Lyles,0.0,COMPOSED,-0.6164990488701768,1.5922154376842346,-2.5564990488701764,1.0135009511298225,-3.965749524435089,-3.349250475564911,,,-5.34,6.455014042979048,82.0,True,1,False
Jaden McDaniels / Jaylen Clark / Joan Beringer / Nah'Shon Hyland / Rudy Gobert,0.0,COMPOSED,7.174999999999999,3.2006132224934642,3.0,10.61,0.12749999999999995,-7.0475,0.3124701385570951,0.3853211009174312,-5.34,7.990478188696196,80.0,True,2,False
Jaden McDaniels / Jaylen Clark / Joan Beringer / Rudy Gobert / Terrence Shannon Jr.,0.0,COMPOSED,4.7475,2.8000122767587996,1.0,8.04,-0.15499999999999992,-4.9025,0.23997772828507796,0.3874709976798144,-5.34,6.226311794985092,80.8,True,2,False
Jaden McDaniels / Jaylen Clark / Joan Beringer / Rudy Gobert / Trey Lyles,0.0,COMPOSED,6.7975,3.3223664382484968,3.0,10.73,0.2250000000000001,-6.5725,,,-5.34,5.342590864752534,81.5,True,2,False
Isaiah Evans / Jaden McDaniels / Jaylen Clark / Joan Beringer / Rudy Gobert,0.0,COMPOSED,5.863500951129824,3.197373922455739,2.1835009511298242,9.663500951129823,-0.5232495244350881,-6.386750475564911,,,-5.34,5.342590864752534,81.5,True,2,False
Jaden McDaniels / Joan Beringer / Nah'Shon Hyland / Rudy Gobert / Terrence Shannon Jr.,0.0,COMPOSED,4.88,2.5458986625551296,1.0,7.239999999999999,0.17500000000000004,-4.705,0.30927835051546393,0.3968253968253968,-5.34,8.241846177752283,80.2,True,2,False
Jaden McDaniels / Joan Beringer / Nah'Shon Hyland / Rudy Gobert / Trey Lyles,0.0,COMPOSED,6.93,2.986996819549696,3.0,9.93,0.5550000000000002,-6.375,,,-5.34,7.358125247519725,80.75,True,2,False
Isaiah Evans / Jaden McDaniels / Joan Beringer / Nah'Shon Hyland / Rudy Gobert,0.0,COMPOSED,5.9960009511298225,2.865321753311484,2.183500951129824,8.863500951129822,-0.19324952443508825,-6.189250475564911,,,-5.34,7.358125247519725,80.75,True,2,False
Jaden McDaniels / Joan Beringer / Rudy Gobert / Terrence Shannon Jr. / Trey Lyles,0.0,COMPOSED,4.5024999999999995,2.5750376210843986,1.0,7.359999999999999,0.27249999999999996,-4.23,,,-5.34,5.593958853808621,81.75,True,2,False
Isaiah Evans / Jaden McDaniels / Joan Beringer / Rudy Gobert / Terrence Shannon Jr.,0.0,COMPOSED,3.568500951129823,2.455916325936207,0.18350095112982334,6.293500951129823,-0.4757495244350882,-4.044250475564912,,,-5.34,5.593958853808621,81.75,True,2,False
Isaiah Evans / Jaden McDaniels / Joan Beringer / Rudy Gobert / Trey Lyles,0.0,COMPOSED,5.618500951129823,2.971813419446113,2.183500951129824,8.983500951129823,-0.09574952443508822,-5.714250475564912,,,-5.34,4.710237923576063,83.0,True,2,False
Jaden McDaniels / Jaylen Clark / Nah'Shon Hyland / Rudy Gobert / Terrence Shannon Jr.,0.0,COMPOSED,2.505,2.169348980685219,0.0,4.699999999999999,-1.4449999999999998,-3.95,0.33702677746999077,0.38767123287671235,-5.34,8.574199118928753,79.0,True,1,False
Jaden McDaniels / Jaylen Clark / Nah'Shon Hyland / Rudy Gobert / Trey Lyles,0.0,COMPOSED,4.555,2.7741890707015626,1.57,7.34,-1.065,-5.619999999999999,,,-5.34,7.690478188696195,79.25,True,1,False
Isaiah Evans / Jaden McDaniels / Jaylen Clark / Nah'Shon Hyland / Rudy Gobert,0.0,COMPOSED,3.621000951129824,2.646510674454195,0.7735009511298234,6.283500951129824,-1.8132495244350881,-5.4342504755649115,,,-5.34,7.690478188696195,79.25,True,1,False
Jaden McDaniels / Jaylen Clark / Rudy Gobert / Terrence Shannon Jr. / Trey Lyles,0.0,COMPOSED,2.1274999999999995,2.3356088606613907,-0.3900000000000001,4.739999999999999,-1.3475,-3.475,,,-5.34,5.926311794985092,80.25,True,1,False
Isaiah Evans / Jaden McDaniels / Jaylen Clark / Rudy Gobert / Terrence Shannon Jr.,0.0,COMPOSED,1.1935009511298236,2.2081100516052183,-1.1864990488701765,3.673500951129823,-2.095749524435088,-3.2892504755649115,,,-5.34,5.926311794985092,80.25,True,1,False
Isaiah Evans / Jaden McDaniels / Jaylen Clark / Rudy Gobert / Trey Lyles,0.0,COMPOSED,3.2435009511298234,2.867995815896529,-0.31649904887017666,6.363500951129823,-1.7157495244350882,-4.959250475564912,,,-5.34,5.042590864752533,81.0,True,1,False
Jaden McDaniels / Nah'Shon Hyland / Rudy Gobert / Terrence Shannon Jr. / Trey Lyles,0.0,COMPOSED,2.2599999999999993,1.971547615453403,0.0,4.4799999999999995,-1.0175,-3.2775000000000003,,,-5.34,7.941846177752283,79.5,True,1,False
Isaiah Evans / Jaden McDaniels / Nah'Shon Hyland / Rudy Gobert / Terrence Shannon Jr.,0.0,COMPOSED,1.3260009511298232,1.846758985357862,-0.8164990488701767,3.4235009511298236,-1.7657495244350883,-3.0917504755649117,,,-5.34,7.941846177752283,79.5,True,1,False
Isaiah Evans / Jaden McDaniels / Nah'Shon Hyland / Rudy Gobert / Trey Lyles,0.0,COMPOSED,3.3760009511298237,2.4500344385334665,0.6935009511298234,6.063500951129823,-1.3857495244350884,-4.761750475564912,,,-5.34,7.058125247519725,80.0,True,1,False
Isaiah Evans / Jaden McDaniels / Rudy Gobert / Terrence Shannon Jr. / Trey Lyles,0.0,COMPOSED,0.9485009511298232,1.9967285744437073,-1.2664990488701766,2.993500951129823,-1.6682495244350883,-2.6167504755649116,,,-5.34,5.293958853808621,81.33333333333333,True,1,False
Ayo Dosunmu / Cody Williams / Jaylen Clark / Joan Beringer / Rudy Gobert,0.0,COMPOSED,2.0549999999999997,1.7840473648420883,-1.0,3.4799999999999995,-1.8775,-3.9325,0.24867213906325447,0.3553398058252427,-5.34,8.270035239069157,80.2,True,2,False
Ayo Dosunmu / Cody Williams / Joan Beringer / Nah'Shon Hyland / Rudy Gobert,0.0,COMPOSED,2.1875,1.8787146536927848,-1.0,3.74,-1.5474999999999999,-3.735,0.3088235294117647,0.37254901960784315,-5.34,10.28556962183635,79.6,True,2,False
Ayo Dosunmu / Cody Williams / Joan Beringer / Rudy Gobert / Terrence Shannon Jr.,0.0,COMPOSED,-0.2400000000000002,1.7300722528264534,-3.0,1.78,-1.83,-1.5899999999999999,0.24367245657568237,0.36863543788187375,-5.34,8.521403228125246,80.4,True,2,False
Ayo Dosunmu / Cody Williams / Joan Beringer / Rudy Gobert / Trey Lyles,0.0,COMPOSED,1.8099999999999996,1.623437710538966,-1.0,2.8,-1.4500000000000002,-3.26,,,-5.34,7.637682297892687,81.0,True,2,False
Ayo Dosunmu / Cody Williams / Isaiah Evans / Joan Beringer / Rudy Gobert,0.0,COMPOSED,0.8760009511298233,1.5552873528708446,-1.8164990488701762,1.8535009511298235,-2.198249524435088,-3.0742504755649116,,,-5.34,7.637682297892687,81.0,True,2,False
Ayo Dosunmu / Cody Williams / Jaylen Clark / Nah'Shon Hyland / Rudy Gobert,0.0,COMPOSED,-0.18750000000000022,1.0980750202058145,-2.0,0.9499999999999997,-3.1675,-2.98,0.33346988938959443,0.36732186732186733,-5.34,10.61792256301282,78.4,True,1,True
Ayo Dosunmu / Cody Williams / Jaylen Clark / Rudy Gobert / Terrence Shannon Jr.,0.0,COMPOSED,-2.615,0.8483071377749923,-4.0,-1.7200000000000002,-3.45,-0.8349999999999997,0.2756529850746269,0.36209813874788493,-5.34,8.853756169301716,79.2,True,1,True
Ayo Dosunmu / Cody Williams / Jaylen Clark / Rudy Gobert / Trey Lyles,0.0,COMPOSED,-0.5650000000000003,0.9547381840064842,-2.0,0.4099999999999997,-3.07,-2.505,,,-5.34,7.9700352390691585,79.5,True,1,True
Ayo Dosunmu / Cody Williams / Isaiah Evans / Jaylen Clark / Rudy Gobert,0.0,COMPOSED,-1.4989990488701768,0.8454991129504509,-2.816499048870176,-0.6464990488701772,-3.818249524435088,-2.3192504755649113,,,-5.34,7.9700352390691585,79.5,True,1,True
Ayo Dosunmu / Cody Williams / Nah'Shon Hyland / Rudy Gobert / Terrence Shannon Jr.,0.0,COMPOSED,-2.4825,1.270538763674686,-4.0,-0.7100000000000001,-3.1199999999999997,-0.6374999999999998,0.3312368972746331,0.3759493670886076,-5.34,10.869290552068907,78.6,True,1,True
Ayo Dosunmu / Cody Williams / Nah'Shon Hyland / Rudy Gobert / Trey Lyles,0.0,COMPOSED,-0.4325000000000003,1.0240452870845116,-2.0,0.7299999999999995,-2.74,-2.3074999999999997,,,-5.34,9.98556962183635,78.75,True,1,True
Ayo Dosunmu / Cody Williams / Isaiah Evans / Nah'Shon Hyland / Rudy Gobert,0.0,COMPOSED,-1.3664990488701767,0.9771642645942389,-2.816499048870176,-0.3264990488701769,-3.488249524435088,-2.1217504755649115,,,-5.34,9.98556962183635,78.75,True,1,True
Ayo Dosunmu / Cody Williams / Rudy Gobert / Terrence Shannon Jr. / Trey Lyles,0.0,COMPOSED,-2.8600000000000003,0.8216142647252419,-4.0,-1.8000000000000003,-3.0225,-0.16249999999999978,,,-5.34,8.221403228125245,79.75,True,1,True
Ayo Dosunmu / Cody Williams / Isaiah Evans / Rudy Gobert / Terrence Shannon Jr.,0.0,COMPOSED,-3.7939990488701767,0.8330778775120604,-4.816499048870176,-2.596499048870177,-3.7707495244350877,0.02324952443508853,,,-5.34,8.221403228125245,79.75,True,1,True
Ayo Dosunmu / Cody Williams / Isaiah Evans / Rudy Gobert / Trey Lyles,0.0,COMPOSED,-1.7439990488701769,0.698583388007473,-2.816499048870176,-0.8664990488701769,-3.390749524435088,-1.6467504755649114,,,-5.34,7.3376822978926874,80.33333333333333,True,1,True
Ayo Dosunmu / Jaylen Clark / Joan Beringer / Nah'Shon Hyland / Rudy Gobert,0.0,COMPOSED,6.0475,2.493224568706156,2.0,8.18,0.7025000000000001,-5.345,0.33645320197044337,0.3967789165446559,-5.34,8.873146443609835,79.0,True,2,False
Ayo Dosunmu / Jaylen Clark / Joan Beringer / Rudy Gobert / Terrence Shannon Jr.,0.0,COMPOSED,3.6199999999999997,2.1537409314957077,0.0,5.46,0.41999999999999993,-3.1999999999999997,0.26543566070398156,0.4043478260869565,-5.34,7.108980049898731,79.8,True,2,False
Ayo Dosunmu / Jaylen Clark / Joan Beringer / Rudy Gobert / Trey Lyles,0.0,COMPOSED,5.67,2.455025458116473,2.0,8.149999999999999,0.7999999999999998,-4.87,,,-5.34,6.225259119666173,80.25,True,2,False
Ayo Dosunmu / Isaiah Evans / Jaylen Clark / Joan Beringer / Rudy Gobert,0.0,COMPOSED,4.736000951129823,2.342918852628063,1.1835009511298238,7.083500951129823,0.051750475564911635,-4.6842504755649115,,,-5.34,6.225259119666173,80.25,True,2,False
Ayo Dosunmu / Joan Beringer / Nah'Shon Hyland / Rudy Gobert / Terrence Shannon Jr.,0.0,COMPOSED,3.7525000000000004,2.1790981506118534,0.0,5.319999999999999,0.75,-3.0025,0.33383991894630194,0.40819423368740515,-5.34,9.124514432665922,79.2,True,2,False
Ayo Dosunmu / Joan Beringer / Nah'Shon Hyland / Rudy Gobert / Trey Lyles,0.0,COMPOSED,5.8025,2.3193789578247017,2.0,7.96,1.1300000000000001,-4.672499999999999,,,-5.34,8.240793502433364,79.5,True,2,False
Ayo Dosunmu / Isaiah Evans / Joan Beringer / Nah'Shon Hyland / Rudy Gobert,0.0,COMPOSED,4.868500951129823,2.2236175480509233,1.1835009511298233,6.903500951129823,0.3817504755649117,-4.486750475564912,,,-5.34,8.240793502433364,79.5,True,2,False
Ayo Dosunmu / Joan Beringer / Rudy Gobert / Terrence Shannon Jr. / Trey Lyles,0.0,COMPOSED,3.3749999999999996,1.9785032221353593,0.0,4.78,0.8474999999999999,-2.5275,,,-5.34,6.47662710872226,80.5,True,2,False
Ayo Dosunmu / Isaiah Evans / Joan Beringer / Rudy Gobert / Terrence Shannon Jr.,0.0,COMPOSED,2.4410009511298236,1.8953149474427726,-0.8164990488701767,3.7235009511298234,0.09925047556491173,-2.3417504755649117,,,-5.34,6.47662710872226,80.5,True,2,False
Ayo Dosunmu / Isaiah Evans / Joan Beringer / Rudy Gobert / Trey Lyles,0.0,COMPOSED,4.4910009511298234,2.140763590404134,1.1835009511298233,6.403500951129823,0.4792504755649115,-4.011750475564911,,,-5.34,5.592906178489702,81.33333333333333,True,2,False
Ayo Dosunmu / Jaylen Clark / Nah'Shon Hyland / Rudy Gobert / Trey Lyles,0.0,COMPOSED,3.4274999999999993,1.821968372392891,1.0,5.58,-0.49000000000000005,-3.9174999999999995,,,-5.34,8.573146443609835,78.0,True,1,False
Ayo Dosunmu / Jaylen Clark / Rudy Gobert / Terrence Shannon Jr. / Trey Lyles,0.0,COMPOSED,0.9999999999999998,1.3801449199268894,-1.0,2.4,-0.7725,-1.7725,,,-5.34,6.808980049898731,79.0,True,1,True
Ayo Dosunmu / Isaiah Evans / Jaylen Clark / Rudy Gobert / Trey Lyles,0.0,COMPOSED,2.1160009511298226,1.7727573861078676,0.18350095112982334,3.9835009511298227,-1.1407495244350883,-3.2567504755649113,,,-5.34,5.925259119666173,79.33333333333333,True,1,False
Ayo Dosunmu / Nah'Shon Hyland / Rudy Gobert / Terrence Shannon Jr. / Trey Lyles,0.0,COMPOSED,1.1324999999999998,1.343528470111445,-1.0,2.7199999999999998,-0.44250000000000006,-1.5749999999999997,,,-5.34,8.824514432665923,78.25,True,1,True
Ayo Dosunmu / Isaiah Evans / Nah'Shon Hyland / Rudy Gobert / Trey Lyles,0.0,COMPOSED,2.2485009511298237,1.5454044777986118,0.18350095112982334,4.3035009511298234,-0.8107495244350883,-3.0592504755649115,,,-5.34,7.9407935024333645,78.33333333333333,True,1,False
Ayo Dosunmu / Isaiah Evans / Rudy Gobert / Terrence Shannon Jr. / Trey Lyles,0.0,COMPOSED,-0.1789990488701767,1.0949058178674547,-1.8164990488701767,1.1235009511298233,-1.0932495244350884,-0.9142504755649116,,,-5.34,6.17662710872226,79.66666666666667,True,1,True
Cody Williams / Jaylen Clark / Joan Beringer / Nah'Shon Hyland / Rudy Gobert,0.0,COMPOSED,3.2649999999999997,2.006744876659711,0.0,5.199999999999999,-1.7175,-4.9825,0.2983825989960959,0.33084112149532713,-5.34,7.309226910838907,79.8,True,2,False
Cody Williams / Jaylen Clark / Joan Beringer / Rudy Gobert / Terrence Shannon Jr.,0.0,COMPOSED,0.8374999999999999,1.7184495191887366,-2.0,2.63,-2.0,-2.8375,0.20855614973262032,0.2948717948717949,-5.34,5.545060517127803,80.6,True,2,False
Cody Williams / Jaylen Clark / Joan Beringer / Rudy Gobert / Trey Lyles,0.0,COMPOSED,2.8874999999999993,2.0020411459308223,0.0,5.319999999999999,-1.62,-4.507499999999999,,,-5.34,4.661339586895245,81.25,True,2,False
Cody Williams / Isaiah Evans / Jaylen Clark / Joan Beringer / Rudy Gobert,0.0,COMPOSED,1.9535009511298234,1.8911504435131536,-0.8164990488701758,4.253500951129823,-2.368249524435088,-4.321750475564912,,,-5.34,4.661339586895245,81.25,True,2,False
Cody Williams / Joan Beringer / Nah'Shon Hyland / Rudy Gobert / Terrence Shannon Jr.,0.0,COMPOSED,0.9699999999999998,1.730967937311376,-2.0,2.34,-1.67,-2.6399999999999997,0.2941853770869315,0.3424657534246575,-5.34,7.560594899894994,80.0,True,2,False
Cody Williams / Joan Beringer / Nah'Shon Hyland / Rudy Gobert / Trey Lyles,0.0,COMPOSED,3.0199999999999996,1.8148966912747402,0.0,4.52,-1.29,-4.31,,,-5.34,6.676873969662436,80.5,True,2,False
Cody Williams / Isaiah Evans / Joan Beringer / Nah'Shon Hyland / Rudy Gobert,0.0,COMPOSED,2.0860009511298236,1.7219084615623441,-0.8164990488701762,3.453500951129823,-2.0382495244350882,-4.124250475564912,,,-5.34,6.676873969662436,80.5,True,2,False
Cody Williams / Joan Beringer / Rudy Gobert / Terrence Shannon Jr. / Trey Lyles,0.0,COMPOSED,0.5924999999999998,1.52722583464267,-2.0,1.95,-1.5725,-2.165,,,-5.34,4.912707575951332,81.5,True,2,False
Cody Williams / Isaiah Evans / Joan Beringer / Rudy Gobert / Terrence Shannon Jr.,0.0,COMPOSED,-0.3414990488701765,1.4547594302839215,-2.816499048870176,0.8835009511298235,-2.3207495244350884,-1.9792504755649114,,,-5.34,4.912707575951332,81.5,True,2,True
Cody Williams / Isaiah Evans / Joan Beringer / Rudy Gobert / Trey Lyles,0.0,COMPOSED,1.7085009511298233,1.6653903446339537,-0.8164990488701762,3.573500951129823,-1.940749524435088,-3.6492504755649113,,,-5.34,4.028986645718774,82.66666666666667,True,2,False
Cody Williams / Jaylen Clark / Nah'Shon Hyland / Rudy Gobert / Terrence Shannon Jr.,0.0,COMPOSED,-1.405,0.9384162189561729,-3.0,-0.6699999999999999,-3.29,-1.8849999999999998,0.327438370846731,0.3404255319148936,-5.34,7.892947841071465,78.8,True,1,True
Cody Williams / Jaylen Clark / Nah'Shon Hyland / Rudy Gobert / Trey Lyles,0.0,COMPOSED,0.6449999999999998,1.3144295340565046,-1.0,1.9699999999999998,-2.91,-3.5549999999999997,,,-5.34,7.0092269108389065,79.0,True,1,True
Cody Williams / Isaiah Evans / Jaylen Clark / Nah'Shon Hyland / Rudy Gobert,0.0,COMPOSED,-0.2889990488701767,1.1911417841718086,-1.8164990488701762,0.9135009511298233,-3.6582495244350888,-3.3692504755649115,,,-5.34,7.0092269108389065,79.0,True,1,True
Cody Williams / Jaylen Clark / Rudy Gobert / Terrence Shannon Jr. / Trey Lyles,0.0,COMPOSED,-1.7825000000000002,0.9036419368311763,-3.0,-0.6700000000000004,-3.1925,-1.4099999999999997,,,-5.34,5.245060517127803,80.0,True,1,True
Cody Williams / Isaiah Evans / Jaylen Clark / Rudy Gobert / Terrence Shannon Jr.,0.0,COMPOSED,-2.7164990488701766,0.787686485855889,-3.816499048870176,-1.736499048870177,-3.9407495244350885,-1.2242504755649115,,,-5.34,5.245060517127803,80.0,True,1,True
Cody Williams / Isaiah Evans / Jaylen Clark / Rudy Gobert / Trey Lyles,0.0,COMPOSED,-0.6664990488701766,1.3517211250846084,-2.1764990488701765,0.9535009511298229,-3.5607495244350886,-2.8942504755649114,,,-5.34,4.3613395868952445,80.66666666666667,True,1,True
Cody Williams / Nah'Shon Hyland / Rudy Gobert / Terrence Shannon Jr. / Trey Lyles,0.0,COMPOSED,-1.6500000000000001,0.8063187955145283,-3.0,-0.8900000000000006,-2.8625,-1.2125,,,-5.34,7.260594899894994,79.25,True,1,True
Cody Williams / Isaiah Evans / Nah'Shon Hyland / Rudy Gobert / Terrence Shannon Jr.,0.0,COMPOSED,-2.5839990488701767,0.7462363901606514,-3.816499048870176,-1.9464990488701768,-3.6107495244350885,-1.0267504755649115,,,-5.34,7.260594899894994,79.25,True,1,True
Cody Williams / Isaiah Evans / Nah'Shon Hyland / Rudy Gobert / Trey Lyles,0.0,COMPOSED,-0.5339990488701767,1.003029785200818,-1.8164990488701762,0.6935009511298231,-3.2307495244350886,-2.6967504755649117,,,-5.34,6.376873969662436,79.66666666666667,True,1,True
Cody Williams / Isaiah Evans / Rudy Gobert / Terrence Shannon Jr. / Trey Lyles,0.0,COMPOSED,-2.9614990488701767,0.5658842637854491,-3.816499048870176,-2.4164990488701767,-3.5132495244350883,-0.5517504755649115,,,-5.34,4.612707575951332,81.0,True,1,True
Jaylen Clark / Joan Beringer / Nah'Shon Hyland / Rudy Gobert / Terrence Shannon Jr.,0.0,COMPOSED,4.83,2.4107467722678795,1.0,7.18,0.5800000000000001,-4.25,0.32989690721649484,0.375,-5.34,6.14817172166848,79.4,True,2,False
Jaylen Clark / Joan Beringer / Nah'Shon Hyland / Rudy Gobert / Trey Lyles,0.0,COMPOSED,6.88,2.802757570679277,3.0,9.870000000000001,0.96,-5.92,,,-5.34,5.264450791435922,79.75,True,2,False
Isaiah Evans / Jaylen Clark / Joan Beringer / Nah'Shon Hyland / Rudy Gobert,0.0,COMPOSED,5.9460009511298235,2.6842724805801663,2.183500951129824,8.803500951129823,0.2117504755649119,-5.734250475564911,,,-5.34,5.264450791435922,79.75,True,2,False
Jaylen Clark / Joan Beringer / Rudy Gobert / Terrence Shannon Jr. / Trey Lyles,0.0,COMPOSED,4.452500000000001,2.4192702928775858,1.0,7.3,0.6775,-3.7750000000000004,,,-5.34,3.500284397724818,80.75,True,2,False
Isaiah Evans / Jaylen Clark / Joan Beringer / Rudy Gobert / Terrence Shannon Jr.,0.0,COMPOSED,3.5185009511298233,2.3055422355706257,0.18350095112982334,6.233500951129823,-0.0707495244350882,-3.5892504755649113,,,-5.34,3.500284397724818,80.75,True,2,False
Isaiah Evans / Jaylen Clark / Joan Beringer / Rudy Gobert / Trey Lyles,0.0,COMPOSED,5.568500951129824,2.7782863423340656,2.183500951129824,8.923500951129824,0.3092504755649116,-5.259250475564912,,,-5.34,2.6165634674922598,81.66666666666667,True,2,False
Joan Beringer / Nah'Shon Hyland / Rudy Gobert / Terrence Shannon Jr. / Trey Lyles,0.0,COMPOSED,4.585,2.213972673724768,1.0,6.5,1.0075,-3.5774999999999997,,,-5.34,5.515818780492009,80.0,True,2,False
Isaiah Evans / Joan Beringer / Nah'Shon Hyland / Rudy Gobert / Terrence Shannon Jr.,0.0,COMPOSED,3.6510009511298236,2.113567777479587,0.18350095112982334,5.433500951129823,0.25925047556491176,-3.3917504755649115,,,-5.34,5.515818780492009,80.0,True,2,False
Isaiah Evans / Joan Beringer / Nah'Shon Hyland / Rudy Gobert / Trey Lyles,0.0,COMPOSED,5.7010009511298225,2.4724519712220903,2.183500951129824,8.123500951129824,0.6392504755649117,-5.061750475564912,,,-5.34,4.632097850259451,80.66666666666667,True,2,False
Isaiah Evans / Joan Beringer / Rudy Gobert / Terrence Shannon Jr. / Trey Lyles,0.0,COMPOSED,3.273500951129823,2.0822463831160807,0.18350095112982334,5.5535009511298234,0.3567504755649117,-2.9167504755649114,,,-5.34,2.8679314565483476,82.0,True,2,False
Jaylen Clark / Nah'Shon Hyland / Rudy Gobert / Terrence Shannon Jr. / Trey Lyles,0.0,COMPOSED,2.21,1.7463962895059069,0.0,3.9599999999999995,-0.6125,-2.8225,,,-5.34,5.84817172166848,78.5,True,1,False
Isaiah Evans / Jaylen Clark / Nah'Shon Hyland / Rudy Gobert / Trey Lyles,0.0,COMPOSED,3.3260009511298234,2.197889612787685,1.0735009511298235,5.543500951129824,-0.9807495244350883,-4.306750475564912,,,-5.34,4.964450791435922,78.66666666666667,True,1,False
Isaiah Evans / Jaylen Clark / Rudy Gobert / Terrence Shannon Jr. / Trey Lyles,0.0,COMPOSED,0.8985009511298232,1.7617391974977454,-0.8864990488701767,2.9335009511298233,-1.2632495244350883,-2.1617504755649115,,,-5.34,3.2002843977248183,80.0,True,1,False
Isaiah Evans / Nah'Shon Hyland / Rudy Gobert / Terrence Shannon Jr. / Trey Lyles,0.0,COMPOSED,1.0310009511298233,1.4303037264860914,-0.8164990488701767,2.683500951129823,-0.9332495244350882,-1.9642504755649113,,,-5.34,5.215818780492009,79.0,True,1,True
Ayo Dosunmu / Cody Williams / Jaden McDaniels / Jaylen Clark / Joan Beringer,0.0,COMPOSED,-0.7000000000000002,1.6416912011703053,-3.0,1.63,-1.3025,-0.6024999999999999,0.3181247383842612,0.3763157894736842,-0.95,9.311852110013643,79.4,False,1,False
Ayo Dosunmu / Cody Williams / Jaden McDaniels / Joan Beringer / Nah'Shon Hyland,0.0,COMPOSED,-0.5675000000000001,2.0495045132909566,-3.0,2.64,-0.9725000000000001,-0.40499999999999997,0.36463878326996196,0.38477580813347234,-0.95,11.327386492780834,78.8,False,1,False
Ayo Dosunmu / Cody Williams / Jaden McDaniels / Joan Beringer / Terrence Shannon Jr.,0.0,COMPOSED,-2.995,2.175597619046316,-5.0,0.68,-1.255,1.7400000000000002,0.3154736390912988,0.3858695652173913,-0.95,9.56322009906973,79.6,False,1,False
Ayo Dosunmu / Cody Williams / Jaden McDaniels / Joan Beringer / Trey Lyles,0.0,COMPOSED,-0.9450000000000001,1.6241074471844525,-3.0,1.55,-0.875,0.07000000000000009,,,-0.95,8.679499168837172,80.0,False,1,False
Ayo Dosunmu / Cody Williams / Isaiah Evans / Jaden McDaniels / Joan Beringer,0.0,COMPOSED,-1.8789990488701767,1.6532297934649014,-3.8164990488701767,0.7535009511298235,-1.6232495244350882,0.25574952443508836,,,-0.95,8.679499168837172,80.0,False,1,False
Ayo Dosunmu / Jaden McDaniels / Jaylen Clark / Joan Beringer / Nah'Shon Hyland,0.0,COMPOSED,3.2924999999999995,1.9268286768677696,0.0,4.88,1.2775,-2.0149999999999997,0.39522998296422485,0.40301724137931033,-0.95,9.914963314554319,78.2,False,1,False
Ayo Dosunmu / Jaden McDaniels / Jaylen Clark / Joan Beringer / Terrence Shannon Jr.,0.0,COMPOSED,0.8649999999999998,1.7900488820141198,-2.0,2.92,0.9950000000000001,0.13000000000000006,0.3437347635299854,0.4099290780141844,-0.95,8.150796920843215,79.0,False,1,False
Ayo Dosunmu / Jaden McDaniels / Jaylen Clark / Joan Beringer / Trey Lyles,0.0,COMPOSED,2.915,1.6896523311024667,0.0,4.13,1.375,-1.54,,,-0.95,7.267075990610658,79.25,False,1,False
Ayo Dosunmu / Isaiah Evans / Jaden McDaniels / Jaylen Clark / Joan Beringer,0.0,COMPOSED,1.9810009511298234,1.6214557502442057,-0.8164990488701767,3.0635009511298237,0.6267504755649117,-1.3542504755649116,,,-0.95,7.267075990610658,79.25,False,1,False
Ayo Dosunmu / Jaden McDaniels / Joan Beringer / Nah'Shon Hyland / Terrence Shannon Jr.,0.0,COMPOSED,0.9975,2.114880315762573,-2.0,3.93,1.3250000000000002,0.32750000000000007,0.3944153577661431,0.41150442477876104,-0.95,10.166331303610407,78.4,False,1,False
Ayo Dosunmu / Jaden McDaniels / Joan Beringer / Nah'Shon Hyland / Trey Lyles,0.0,COMPOSED,3.0475,1.8346304123719306,0.0,4.8,1.705,-1.3425,,,-0.95,9.28261037337785,78.5,False,1,False
Ayo Dosunmu / Isaiah Evans / Jaden McDaniels / Joan Beringer / Nah'Shon Hyland,0.0,COMPOSED,2.113500951129823,1.8008053753806932,-0.8164990488701767,4.003500951129824,0.9567504755649116,-1.1567504755649116,,,-0.95,9.28261037337785,78.5,False,1,False
Ayo Dosunmu / Jaden McDaniels / Joan Beringer / Terrence Shannon Jr. / Trey Lyles,0.0,COMPOSED,0.6199999999999999,1.7233687939614086,-2.0,2.84,1.4224999999999999,0.8025,,,-0.95,7.518443979666745,79.5,False,1,False
Ayo Dosunmu / Isaiah Evans / Jaden McDaniels / Joan Beringer / Terrence Shannon Jr.,0.0,COMPOSED,-0.3139990488701767,1.7204123778908358,-2.8164990488701767,2.043500951129823,0.6742504755649118,0.9882495244350884,,,-0.95,7.518443979666745,79.5,False,1,False
Ayo Dosunmu / Isaiah Evans / Jaden McDaniels / Joan Beringer / Trey Lyles,0.0,COMPOSED,1.7360009511298236,1.4874705879445147,-0.8164990488701767,2.9135009511298238,1.0542504755649116,-0.6817504755649116,,,-0.95,6.634723049434187,80.0,False,1,True
Cody Williams / Jaden McDaniels / Jaylen Clark / Joan Beringer / Nah'Shon Hyland,0.0,COMPOSED,0.51,1.548951258109822,-2.0,2.1900000000000004,-1.1425,-1.6525,0.3694931312174325,0.358974358974359,-0.95,8.35104378178339,79.0,False,1,False
Cody Williams / Jaden McDaniels / Jaylen Clark / Joan Beringer / Terrence Shannon Jr.,0.0,COMPOSED,-1.9175,1.5474071054509217,-4.0,0.2300000000000001,-1.4249999999999998,0.49250000000000005,0.30705622932745313,0.3500897666068223,-0.95,6.5868773880722875,79.8,False,1,False
Cody Williams / Jaden McDaniels / Jaylen Clark / Joan Beringer / Trey Lyles,0.0,COMPOSED,0.13249999999999995,1.3083075899802767,-2.0,1.3,-1.045,-1.1775,,,-0.95,5.70315645783973,80.25,False,1,True
Cody Williams / Isaiah Evans / Jaden McDaniels / Jaylen Clark / Joan Beringer,0.0,COMPOSED,-0.8014990488701765,1.2617547305241221,-2.816499048870176,0.30350095112982345,-1.7932495244350881,-0.9917504755649117,,,-0.95,5.70315645783973,80.25,False,1,True
Cody Williams / Jaden McDaniels / Joan Beringer / Nah'Shon Hyland / Terrence Shannon Jr.,0.0,COMPOSED,-1.7850000000000001,1.8963715353274,-4.0,1.2400000000000002,-1.095,0.6900000000000002,0.3678832116788321,0.36772486772486773,-0.95,8.60241177083948,79.2,False,1,False
Cody Williams / Jaden McDaniels / Joan Beringer / Nah'Shon Hyland / Trey Lyles,0.0,COMPOSED,0.265,1.4683068480396053,-2.0,2.1100000000000003,-0.7150000000000001,-0.98,,,-0.95,7.718690840606921,79.5,False,1,True
Cody Williams / Isaiah Evans / Jaden McDaniels / Joan Beringer / Nah'Shon Hyland,0.0,COMPOSED,-0.6689990488701766,1.4625726477683085,-2.8164990488701767,1.3135009511298237,-1.4632495244350885,-0.7942504755649117,,,-0.95,7.718690840606921,79.5,False,1,True
Cody Williams / Jaden McDaniels / Joan Beringer / Terrence Shannon Jr. / Trey Lyles,0.0,COMPOSED,-2.1625,1.504549351134751,-4.0,0.15000000000000008,-0.9975,1.165,,,-0.95,5.9545244468958165,80.5,False,1,False
Cody Williams / Isaiah Evans / Jaden McDaniels / Joan Beringer / Terrence Shannon Jr.,0.0,COMPOSED,-3.096499048870177,1.5361152300527459,-4.816499048870177,-0.6464990488701765,-1.7457495244350882,1.3507495244350882,,,-0.95,5.9545244468958165,80.5,False,1,False
Cody Williams / Isaiah Evans / Jaden McDaniels / Joan Beringer / Trey Lyles,0.0,COMPOSED,-1.0464990488701766,1.1309067158700579,-2.8164990488701767,0.2235009511298235,-1.3657495244350883,-0.3192504755649117,,,-0.95,5.070803516663259,81.33333333333333,False,1,True
Jaden McDaniels / Jaylen Clark / Joan Beringer / Nah'Shon Hyland / Terrence Shannon Jr.,1.0,OBSERVED,2.075,1.7992428963316767,-1.0,3.48,1.1549999999999998,-0.9199999999999999,0.40891144952058656,0.3903448275862069,-0.95,7.1899885926129645,78.6,False,1,True
Jaden McDaniels / Jaylen Clark / Joan Beringer / Nah'Shon Hyland / Trey Lyles,0.0,COMPOSED,4.125,1.8823190484081065,1.0,5.85,1.5350000000000001,-2.59,,,-0.95,6.306267662380407,78.75,False,1,False
Isaiah Evans / Jaden McDaniels / Jaylen Clark / Joan Beringer / Nah'Shon Hyland,0.0,COMPOSED,3.1910009511298236,1.7902705801079346,0.18350095112982334,4.783500951129824,0.7867504755649118,-2.4042504755649117,,,-0.95,6.306267662380407,78.75,False,1,False
Jaden McDaniels / Jaylen Clark / Joan Beringer / Terrence Shannon Jr. / Trey Lyles,0.0,COMPOSED,1.6975,1.6154623951055005,-1.0,3.2800000000000002,1.2525,-0.44499999999999995,,,-0.95,4.5421012686693025,79.75,False,1,False
Isaiah Evans / Jaden McDaniels / Jaylen Clark / Joan Beringer / Terrence Shannon Jr.,0.0,COMPOSED,0.7635009511298234,1.5441664418060639,-1.8164990488701767,2.2135009511298236,0.5042504755649116,-0.2592504755649117,,,-0.95,4.5421012686693025,79.75,False,1,False
Isaiah Evans / Jaden McDaniels / Jaylen Clark / Joan Beringer / Trey Lyles,0.0,COMPOSED,2.8135009511298232,1.7463962895059069,0.18350095112982334,4.903500951129823,0.8842504755649118,-1.9292504755649116,,,-0.95,3.658380338436744,80.33333333333333,False,1,False
Jaden McDaniels / Joan Beringer / Nah'Shon Hyland / Terrence Shannon Jr. / Trey Lyles,0.0,COMPOSED,1.83,1.6784218778364395,-1.0,3.4,1.5825,-0.24749999999999997,,,-0.95,6.5576356514364935,79.0,False,1,False
Isaiah Evans / Jaden McDaniels / Joan Beringer / Nah'Shon Hyland / Terrence Shannon Jr.,0.0,COMPOSED,0.8960009511298235,1.6415446232131494,-1.8164990488701767,2.6035009511298233,0.8342504755649117,-0.061750475564911714,,,-0.95,6.5576356514364935,79.0,False,1,False
Isaiah Evans / Jaden McDaniels / Joan Beringer / Nah'Shon Hyland / Trey Lyles,0.0,COMPOSED,2.9460009511298235,1.6132633851916434,0.18350095112982334,4.103500951129824,1.2142504755649117,-1.7317504755649118,,,-0.95,5.673914721203936,79.33333333333333,False,1,False
Isaiah Evans / Jaden McDaniels / Joan Beringer / Terrence Shannon Jr. / Trey Lyles,0.0,COMPOSED,0.5185009511298234,1.3764174512116591,-1.8164990488701767,1.5335009511298239,0.9317504755649116,0.4132495244350883,,,-0.95,3.909748327492832,80.66666666666667,False,1,True
Ayo Dosunmu / Cody Williams / Jaylen Clark / Joan Beringer / Nah'Shon Hyland,0.0,COMPOSED,-0.6174999999999999,2.221670261312421,-3.0,3.0200000000000005,-0.5675,0.050000000000000044,0.39501953125,0.3695920889987639,-0.95,9.23371203669703,78.0,False,1,False
Ayo Dosunmu / Cody Williams / Jaylen Clark / Joan Beringer / Terrence Shannon Jr.,0.0,COMPOSED,-3.045,2.3994426436153877,-5.0,1.06,-0.85,2.1950000000000003,0.33466590519703027,0.3651877133105802,-0.95,7.469545642985927,78.8,False,1,False
Ayo Dosunmu / Cody Williams / Jaylen Clark / Joan Beringer / Trey Lyles,0.0,COMPOSED,-0.9950000000000001,1.8069380177526841,-3.0,1.93,-0.47000000000000003,0.5250000000000001,,,-0.95,6.585824712753369,79.0,False,1,False
Ayo Dosunmu / Cody Williams / Isaiah Evans / Jaylen Clark / Joan Beringer,0.0,COMPOSED,-1.9289990488701767,1.8499780404102097,-3.8164990488701767,1.1335009511298235,-1.2182495244350884,0.7107495244350883,,,-0.95,6.585824712753369,79.0,False,1,False
Ayo Dosunmu / Cody Williams / Joan Beringer / Nah'Shon Hyland / Terrence Shannon Jr.,0.0,COMPOSED,-2.9124999999999996,2.903001679296793,-5.0,2.0700000000000003,-0.5199999999999999,2.3925,0.39407630522088355,0.378343949044586,-0.95,9.485080025753119,78.2,False,1,False
Ayo Dosunmu / Cody Williams / Joan Beringer / Nah'Shon Hyland / Trey Lyles,0.0,COMPOSED,-0.8625000000000002,2.275438144621822,-3.0,2.94,-0.14,0.7225,,,-0.95,8.60135909552056,78.25,False,1,False
Ayo Dosunmu / Cody Williams / Isaiah Evans / Joan Beringer / Nah'Shon Hyland,0.0,COMPOSED,-1.7964990488701766,2.3319198099420144,-3.8164990488701767,2.1435009511298238,-0.8882495244350883,0.9082495244350883,,,-0.95,8.60135909552056,78.25,False,1,False
Ayo Dosunmu / Cody Williams / Joan Beringer / Terrence Shannon Jr. / Trey Lyles,0.0,COMPOSED,-3.29,2.4721751556069003,-5.0,0.9800000000000001,-0.4225,2.8675,,,-0.95,6.837192701809456,79.25,False,1,False
Ayo Dosunmu / Cody Williams / Isaiah Evans / Joan Beringer / Terrence Shannon Jr.,0.0,COMPOSED,-4.223999048870176,2.546501276261216,-5.816499048870177,0.1835009511298235,-1.1707495244350885,3.0532495244350883,,,-0.95,6.837192701809456,79.25,False,1,False
Ayo Dosunmu / Cody Williams / Isaiah Evans / Joan Beringer / Trey Lyles,0.0,COMPOSED,-2.1739990488701766,1.8959084234213424,-3.8164990488701767,1.0535009511298234,-0.7907495244350883,1.3832495244350884,,,-0.95,5.953471771576898,79.66666666666667,False,1,False
Ayo Dosunmu / Jaylen Clark / Joan Beringer / Nah'Shon Hyland / Trey Lyles,0.0,COMPOSED,2.9975,1.8786215025917274,0.0,5.18,2.11,-0.8875,,,-0.95,7.188935917294046,77.5,False,1,False
Ayo Dosunmu / Jaylen Clark / Joan Beringer / Terrence Shannon Jr. / Trey Lyles,0.0,COMPOSED,0.5699999999999998,1.8498918887329607,-2.0,3.22,1.8274999999999997,1.2575000000000003,,,-0.95,5.424769523582942,78.5,False,1,False
Ayo Dosunmu / Isaiah Evans / Jaylen Clark / Joan Beringer / Trey Lyles,0.0,COMPOSED,1.6860009511298235,1.5263743806812275,-0.8164990488701767,3.2935009511298237,1.4592504755649118,-0.2267504755649117,,,-0.95,4.541048593350384,78.66666666666667,False,1,False
Ayo Dosunmu / Joan Beringer / Nah'Shon Hyland / Terrence Shannon Jr. / Trey Lyles,0.0,COMPOSED,0.7024999999999999,2.257834969611375,-2.0,4.2299999999999995,2.1574999999999998,1.455,,,-0.95,7.440303906350133,77.75,False,1,False
Ayo Dosunmu / Isaiah Evans / Joan Beringer / Nah'Shon Hyland / Trey Lyles,0.0,COMPOSED,1.8185009511298234,1.8305395379504918,-0.8164990488701765,4.3035009511298234,1.789250475564912,-0.029250475564911713,,,-0.95,6.556582976117575,77.66666666666667,False,1,False
Ayo Dosunmu / Isaiah Evans / Joan Beringer / Terrence Shannon Jr. / Trey Lyles,0.0,COMPOSED,-0.6089990488701766,1.862543623650195,-2.8164990488701767,2.3435009511298235,1.506750475564912,2.1157495244350883,,,-0.95,4.792416582406471,79.0,False,1,False
Cody Williams / Jaylen Clark / Joan Beringer / Nah'Shon Hyland / Terrence Shannon Jr.,0.0,COMPOSED,-1.8350000000000002,2.095357964644705,-4.0,1.62,-0.69,1.145,0.41140529531568226,0.3432343234323432,-0.95,6.508737314755676,78.4,False,1,False
Cody Williams / Jaylen Clark / Joan Beringer / Nah'Shon Hyland / Trey Lyles,0.0,COMPOSED,0.21499999999999997,1.5979439915090892,-2.0,2.49,-0.31,-0.5249999999999999,,,-0.95,5.625016384523118,78.5,False,1,False
Cody Williams / Isaiah Evans / Jaylen Clark / Joan Beringer / Nah'Shon Hyland,0.0,COMPOSED,-0.7189990488701766,1.612007676780728,-2.8164990488701767,1.6935009511298236,-1.0582495244350882,-0.3392504755649117,,,-0.95,5.625016384523118,78.5,False,1,False
Cody Williams / Jaylen Clark / Joan Beringer / Terrence Shannon Jr. / Trey Lyles,0.0,COMPOSED,-2.2125000000000004,1.7175327507794431,-4.0,0.5300000000000001,-0.5925,1.62,,,-0.95,3.8608499908120137,79.5,False,1,False
Cody Williams / Isaiah Evans / Jaylen Clark / Joan Beringer / Terrence Shannon Jr.,0.0,COMPOSED,-3.1464990488701767,1.7629095268901351,-4.816499048870177,-0.26649904887017645,-1.3407495244350882,1.8057495244350883,,,-0.95,3.8608499908120137,79.5,False,1,False
Cody Williams / Isaiah Evans / Jaylen Clark / Joan Beringer / Trey Lyles,0.0,COMPOSED,-1.0964990488701767,1.276851596701825,-2.8164990488701767,0.6035009511298235,-0.9607495244350883,0.13574952443508836,,,-0.95,2.9771290605794554,80.0,False,1,True
Cody Williams / Joan Beringer / Nah'Shon Hyland / Terrence Shannon Jr. / Trey Lyles,0.0,COMPOSED,-2.08,2.1351697824763254,-4.0,1.54,-0.2625,1.8175,,,-0.95,5.876384373579205,78.75,False,1,False
Cody Williams / Isaiah Evans / Joan Beringer / Nah'Shon Hyland / Terrence Shannon Jr.,0.0,COMPOSED,-3.0139990488701764,2.1953857861432917,-4.816499048870177,0.7435009511298235,-1.0107495244350884,2.0032495244350885,,,-0.95,5.876384373579205,78.75,False,1,False
Cody Williams / Isaiah Evans / Joan Beringer / Nah'Shon Hyland / Trey Lyles,0.0,COMPOSED,-0.9639990488701766,1.6077060521127613,-2.8164990488701767,1.6135009511298235,-0.6307495244350882,0.33324952443508826,,,-0.95,4.992663443346647,79.0,False,1,False
Cody Williams / Isaiah Evans / Joan Beringer / Terrence Shannon Jr. / Trey Lyles,0.0,COMPOSED,-3.391499048870177,1.790677246183689,-4.816499048870177,-0.34649904887017646,-0.9132495244350883,2.478249524435088,,,-0.95,3.228497049635543,80.33333333333333,False,1,False
Jaylen Clark / Joan Beringer / Nah'Shon Hyland / Terrence Shannon Jr. / Trey Lyles,0.0,COMPOSED,1.7800000000000002,1.7433875071251372,-1.0,3.7800000000000002,1.9874999999999998,0.20750000000000002,,,-0.95,4.463961195352691,78.0,False,1,False
Isaiah Evans / Jaylen Clark / Joan Beringer / Nah'Shon Hyland / Trey Lyles,0.0,COMPOSED,2.896000951129823,1.5779951679266955,0.18350095112982334,4.043500951129824,1.6192504755649115,-1.2767504755649117,,,-0.95,3.5802402651201324,78.0,False,1,False
Isaiah Evans / Jaylen Clark / Joan Beringer / Terrence Shannon Jr. / Trey Lyles,0.0,COMPOSED,0.4685009511298235,1.4390013898533942,-1.8164990488701767,1.8935009511298235,1.3367504755649118,0.8682495244350883,,,-0.95,1.8160738714090288,79.33333333333333,False,1,True
Isaiah Evans / Joan Beringer / Nah'Shon Hyland / Terrence Shannon Jr. / Trey Lyles,0.0,COMPOSED,0.6010009511298235,1.669796020476753,-1.8164990488701767,2.9035009511298235,1.6667504755649118,1.0657495244350883,,,-0.95,3.83160825417622,78.33333333333333,False,1,False
