scenario,team_abbr,player_name,player_id,is_rookie,draft_slot,consensus_net,impact_source,prior_mpg,mpg_source,rs_avail,pct_mpg,pct_net,rank_score,rot_rank,curve_min,base_min,mpg
baseline,ATL,Dyson Daniels,1630700.0,False,,3.59,player_value,33.15197368421053,measured_2025_26,1.0,0.9377358490566038,0.940566037735849,0.9391509433962264,1,35.710519340758225,34.43124651248438,33.26446907381309
baseline,ATL,Jalen Johnson,1630552.0,False,,1.7,player_value,35.16097222222223,measured_2025_26,1.0,0.9886792452830189,0.7471698113207547,0.8679245283018868,2,32.69820658367256,33.92958940294739,32.7798117030786
baseline,ATL,Nickeil Alexander-Walker,1629638.0,False,,1.02,player_value,33.37448717948718,measured_2025_26,1.0,0.9528301886792453,0.630188679245283,0.7915094339622641,3,30.278532532391054,31.82650985593912,30.747999566220305
baseline,ATL,Onyeka Okongwu,1630168.0,False,,1.28,player_value,31.04,measured_2025_26,1.0,0.8830188679245283,0.6811320754716981,0.7820754716981132,4,27.506573746089252,29.273286873044626,28.281298079759527
baseline,ATL,CJ McCollum,203468.0,False,,1.2,player_value,29.78223684210526,measured_2025_26,1.0,0.8377358490566038,0.6669811320754717,0.7523584905660378,5,24.953652100732715,27.367944471418987,26.440522336397468
baseline,ATL,Jonathan Kuminga,1630228.0,False,,1.33,player_value,23.06972222222222,measured_2025_26,1.0,0.6037735849056604,0.689622641509434,0.6466981132075471,6,22.308311105851995,22.68901666403711,21.92015014218067
baseline,ATL,Mouhamed Gueye,1631243.0,False,,2.13,player_value,15.309480519480518,measured_2025_26,1.0,0.3113207547169811,0.8084905660377358,0.5599056603773584,7,19.80751771377083,17.558499116625676,16.963491305369686
baseline,ATL,Jock Landale,1629111.0,False,,-0.0,player_value,22.148970588235294,measured_2025_26,1.0,0.5716981132075472,0.47547169811320755,0.5235849056603774,8,17.446512193701647,19.79774139096847,19.126852000331528
baseline,ATL,Zaccharie Risacher,1642258.0,False,,-1.43,player_value,22.436716417910446,measured_2025_26,1.0,0.5773584905660377,0.26037735849056604,0.4188679245283019,9,15.792732043610972,19.114724230760707,18.466980357451085
baseline,ATL,Asa Newell,1642854.0,False,,0.86,player_value,11.361818181818181,measured_2025_26,1.0,0.19056603773584907,0.6084905660377359,0.39952830188679245,10,13.497442639420758,12.42963041061947,12.008425435398054
baseline,BKN,Michael Porter Jr.,1629008.0,False,,0.36,player_value,32.473269230769226,measured_2025_26,1.0,0.9226415094339623,0.5273584905660378,0.7250000000000001,1,35.710519340758225,34.09189428576373,34.55753273733654
baseline,BKN,Day'Ron Sharpe,1630549.0,False,,3.1,player_value,18.70935483870968,measured_2025_26,1.0,0.439622641509434,0.9037735849056604,0.6716981132075472,2,32.69820658367256,25.70378071119112,26.054851512643296
baseline,BKN,Terance Mann,1629611.0,False,,0.72,player_value,24.27063492063492,measured_2025_26,1.0,0.6433962264150943,0.590566037735849,0.6169811320754717,3,30.278532532391054,27.274583726512986,27.647109078939934
baseline,BKN,Josh Minott,1631169.0,False,,2.58,player_value,17.015102040816327,measured_2025_26,1.0,0.37735849056603776,0.8452830188679246,0.6113207547169812,4,27.506573746089252,22.260837893452788,22.564883834711885
baseline,BKN,Egor Dëmin,1642856.0,False,,-0.18,player_value,25.158076923076923,measured_2025_26,1.0,0.6698113207547169,0.44528301886792454,0.5575471698113208,5,24.953652100732715,25.05586451190482,25.398085858021492
baseline,BKN,Nic Claxton,1629651.0,False,,-1.04,player_value,27.831594202898554,measured_2025_26,1.0,0.7679245283018868,0.3132075471698113,0.5405660377358491,6,22.308311105851995,25.069952654375275,25.41236642103598
baseline,BKN,Chaney Johnson,1643052.0,False,,0.52,player_value,20.44529411764706,measured_2025_26,1.0,0.4962264150943396,0.5566037735849056,0.5264150943396226,7,19.80751771377083,20.126405915708943,20.40129907382336
baseline,BKN,Malachi Smith,1641869.0,False,,-0.59,player_value,23.922,measured_2025_26,1.0,0.6283018867924528,0.38301886792452833,0.5056603773584906,8,17.446512193701647,20.684256096850824,20.966768558614934
baseline,BKN,Ziaire Williams,1630533.0,False,,-1.01,player_value,22.87964285714286,measured_2025_26,1.0,0.5981132075471698,0.32264150943396225,0.46037735849056605,9,15.792732043610972,19.336187450376915,19.60028754139107
baseline,BKN,Danny Wolf,1642874.0,False,,-0.7,player_value,20.827368421052633,measured_2025_26,1.0,0.5150943396226415,0.37264150943396224,0.44386792452830187,10,13.497442639420758,17.162405530236697,17.396815383481524
baseline,BOS,Derrick White,1628401.0,False,,4.5,player_value,34.09025974025974,measured_2025_26,1.0,0.9660377358490566,0.9716981132075472,0.9688679245283018,1,35.710519340758225,34.90038954050898,33.40923808559234
baseline,BOS,Jayson Tatum,1628369.0,False,,4.32,player_value,32.615,measured_2025_26,1.0,0.9245283018867925,0.9669811320754716,0.945754716981132,2,32.69820658367256,32.65660329183628,31.261319681756927
baseline,BOS,Payton Pritchard,1630202.0,False,,2.75,player_value,32.34898734177215,measured_2025_26,1.0,0.9188679245283019,0.870754716981132,0.894811320754717,3,30.278532532391054,31.313759937081603,29.975850552577683
baseline,BOS,Neemias Queta,1629674.0,False,,4.52,player_value,25.34513157894737,measured_2025_26,1.0,0.6716981132075471,0.9735849056603774,0.8226415094339623,4,27.506573746089252,26.42585266251831,25.2967836416872
baseline,BOS,Nikola Vučević,202696.0,False,,1.77,player_value,28.408125,measured_2025_26,1.0,0.7867924528301887,0.7650943396226415,0.7759433962264151,5,24.953652100732715,26.680888550366355,25.540922885107275
baseline,BOS,Sam Hauser,1630573.0,False,,1.72,player_value,24.797564102564102,measured_2025_26,1.0,0.6547169811320754,0.7518867924528302,0.7033018867924528,6,22.308311105851995,23.552937604208047,22.54661653907178
baseline,BOS,Jaylen Brown,1627759.0,False,,-0.56,player_value,34.406478873239436,measured_2025_26,1.0,0.969811320754717,0.3905660377358491,0.680188679245283,7,19.80751771377083,27.106998293505136,25.948826694965625
baseline,BOS,Luka Garza,1630568.0,False,,2.06,player_value,16.201159420289855,measured_2025_26,1.0,0.3433962264150943,0.7981132075471699,0.5707547169811321,8,17.446512193701647,16.823835806995753,16.10502184614406
baseline,BOS,Hugo González,1642864.0,False,,1.96,player_value,14.647972972972974,measured_2025_26,1.0,0.28867924528301886,0.7915094339622641,0.5400943396226415,9,15.792732043610972,15.220352508291974,14.570048855928997
baseline,BOS,Baylor Scheierman,1631248.0,False,,1.07,player_value,18.563116883116884,measured_2025_26,1.0,0.4320754716981132,0.6386792452830189,0.5353773584905661,10,13.497442639420758,16.030279761268822,15.34537121716814
baseline,CHA,Kon Knueppel,1642851.0,False,,3.69,player_value,31.49074074074074,measured_2025_26,1.0,0.9018867924528302,0.9452830188679245,0.9235849056603773,1,35.710519340758225,33.60063004074948,32.83842961378056
baseline,CHA,Moussa Diabaté,1631217.0,False,,6.29,player_value,26.013150684931507,measured_2025_26,1.0,0.6962264150943396,0.9924528301886792,0.8443396226415094,2,32.69820658367256,29.35567863430203,28.68977115691569
baseline,CHA,LaMelo Ball,1630163.0,False,,2.29,player_value,28.020555555555557,measured_2025_26,1.0,0.7735849056603774,0.8283018867924529,0.8009433962264152,3,30.278532532391054,29.149544043973307,28.488312546548386
baseline,CHA,Brandon Miller,1641706.0,False,,1.09,player_value,30.281846153846153,measured_2025_26,1.0,0.8547169811320755,0.6462264150943396,0.7504716981132076,4,27.506573746089252,28.894209949967703,28.238770479514738
baseline,CHA,Coby White,1629632.0,False,,1.19,player_value,24.996799999999997,measured_2025_26,1.0,0.6641509433962264,0.6641509433962264,0.6641509433962264,5,24.953652100732715,24.975226050366356,24.408685246335356
baseline,CHA,Sion James,1642883.0,False,,1.5,player_value,22.480243902439025,measured_2025_26,1.0,0.5830188679245283,0.7188679245283018,0.6509433962264151,6,22.308311105851995,22.39427750414551,21.886283223841254
baseline,CHA,Miles Bridges,1628970.0,False,,-0.57,player_value,31.002727272727274,measured_2025_26,1.0,0.8811320754716981,0.3877358490566038,0.6344339622641509,7,19.80751771377083,25.405122493249053,24.82882987051941
baseline,CHA,Ryan Kalkbrenner,1641750.0,False,,1.46,player_value,21.437391304347827,measured_2025_26,1.0,0.539622641509434,0.7113207547169811,0.6254716981132076,8,17.446512193701647,19.44195174902474,19.000928354337074
baseline,CHA,Grant Williams,1629684.0,False,,0.58,player_value,19.763333333333335,measured_2025_26,1.0,0.4679245283018868,0.5707547169811321,0.5193396226415095,9,15.792732043610972,17.778032688472152,17.374753818719196
baseline,CHA,Josh Green,1630182.0,False,,-0.22,player_value,15.654310344827588,measured_2025_26,1.0,0.31886792452830187,0.4358490566037736,0.37735849056603776,10,13.497442639420758,14.575876492124173,14.245235689488338
baseline,CHI,Josh Giddey,1630581.0,False,,1.8,player_value,32.06203703703704,measured_2025_26,1.0,0.9132075471698113,0.7679245283018868,0.840566037735849,1,35.710519340758225,33.886278188897634,33.80309103352949
baseline,CHI,Tre Jones,1630200.0,False,,1.23,player_value,26.96,measured_2025_26,1.0,0.7320754716981132,0.6726415094339623,0.7023584905660377,2,32.69820658367256,29.82910329183628,29.755876062920848
baseline,CHI,Jalen Smith,1630188.0,False,,2.08,player_value,20.667735849056605,measured_2025_26,1.0,0.5113207547169811,0.8009433962264151,0.6561320754716982,3,30.278532532391054,25.47313419072383,25.410600395781085
baseline,CHI,Matas Buzelis,1641824.0,False,,-0.47,player_value,29.198571428571427,measured_2025_26,1.0,0.8150943396226416,0.41132075471698115,0.6132075471698113,4,27.506573746089252,28.35257258733034,28.28297008192207
baseline,CHI,Isaac Okoro,1630171.0,False,,-0.17,player_value,26.903492063492063,measured_2025_26,1.0,0.7264150943396226,0.4481132075471698,0.5872641509433962,5,24.953652100732715,25.92857208211239,25.86492023630492
baseline,CHI,Anfernee Simons,1629014.0,False,,-0.19,player_value,24.944909090909093,measured_2025_26,1.0,0.6584905660377358,0.44245283018867926,0.5504716981132075,6,22.308311105851995,23.626610098380546,23.568609320776105
baseline,CHI,Zach Collins,1628380.0,False,,0.6,player_value,18.372999999999998,measured_2025_26,1.0,0.42452830188679247,0.5801886792452831,0.5023584905660378,7,19.80751771377083,19.090258856885413,19.043394331938376
baseline,CHI,Collin Sexton,1629012.0,False,,-0.79,player_value,23.723676470588234,measured_2025_26,1.0,0.6188679245283019,0.3660377358490566,0.49245283018867925,8,17.446512193701647,20.58509433214494,20.534560147454304
baseline,CHI,Leonard Miller,1631159.0,False,,0.94,player_value,15.622826086956522,measured_2025_26,1.0,0.3150943396226415,0.619811320754717,0.4674528301886792,9,15.792732043610972,15.707779065283747,15.669218163130134
baseline,CHI,Mouhamadou Gueye,1631338.0,False,,-2.0,replacement,22.725,measured_2025_26,1.0,0.5943396226415094,0.15943396226415094,0.3768867924528302,10,13.497442639420758,18.11122131971038,18.066760226242668
baseline,CLE,Donovan Mitchell,1628378.0,False,,3.99,player_value,33.458285714285715,measured_2025_26,1.0,0.9547169811320755,0.9584905660377359,0.9566037735849057,1,35.710519340758225,34.58440252752197,32.834812623134
baseline,CLE,Evan Mobley,1630596.0,False,,4.02,player_value,31.913076923076922,measured_2025_26,1.0,0.9113207547169812,0.960377358490566,0.9358490566037736,2,32.69820658367256,32.30564175337474,30.671332049122956
baseline,CLE,James Harden,201935.0,False,,1.61,player_value,34.834857142857146,measured_2025_26,1.0,0.9773584905660377,0.7405660377358491,0.8589622641509433,3,30.278532532391054,32.5566948376241,30.90968461205151
baseline,CLE,Jarrett Allen,1628386.0,False,,3.45,player_value,27.12857142857143,measured_2025_26,1.0,0.7396226415094339,0.9254716981132075,0.8325471698113207,4,27.506573746089252,27.31757258733034,25.935604251368936
baseline,CLE,Dean Wade,1629731.0,False,,3.74,player_value,22.333220338983054,measured_2025_26,1.0,0.5754716981132075,0.9490566037735849,0.7622641509433963,5,24.953652100732715,23.643436219857882,22.447338722369373
baseline,CLE,Sam Merrill,1630241.0,False,,1.6,player_value,26.482307692307693,measured_2025_26,1.0,0.7169811320754716,0.7367924528301887,0.7268867924528302,6,22.308311105851995,24.395309399079842,23.161175398786344
baseline,CLE,Keon Ellis,1631165.0,False,,1.61,player_value,20.536805555555556,measured_2025_26,1.0,0.5037735849056604,0.7405660377358491,0.6221698113207548,7,19.80751771377083,20.172161634663194,19.151672403495954
baseline,CLE,Jaylon Tyson,1642281.0,False,,0.04,player_value,26.931515151515153,measured_2025_26,1.0,0.730188679245283,0.4811320754716981,0.6056603773584905,8,17.446512193701647,22.1890136726084,21.066493939065843
baseline,CLE,Max Strus,1629622.0,False,,0.36,player_value,24.025000000000002,measured_2025_26,1.0,0.6320754716981132,0.5273584905660378,0.5797169811320755,9,15.792732043610972,19.908866021805487,18.90169664908481
baseline,CLE,Craig Porter Jr.,1641854.0,False,,0.7,player_value,17.93296875,measured_2025_26,1.0,0.41320754716981134,0.5858490566037736,0.4995283018867925,10,13.497442639420758,15.715205694710379,14.920189351520257
baseline,DAL,Cooper Flagg,1642843.0,False,,0.86,player_value,33.34614285714286,measured_2025_26,1.0,0.9509433962264151,0.6084905660377359,0.7797169811320754,1,35.710519340758225,34.528331098950545,35.82542046435474
baseline,DAL,Daniel Gafford,1629655.0,False,,3.84,player_value,21.519636363636362,measured_2025_26,1.0,0.5415094339622641,0.9537735849056603,0.7476415094339622,2,32.69820658367256,27.108921473654462,28.127293709783867
baseline,DAL,P.J. Washington,1629023.0,False,,0.07,player_value,30.78964285714286,measured_2025_26,1.0,0.869811320754717,0.4877358490566038,0.6787735849056604,3,30.278532532391054,30.534087694766956,31.68112953463176
baseline,DAL,Dereck Lively II,1641726.0,False,,4.48,player_value,16.470000000000002,measured_2025_26,1.0,0.35283018867924526,0.969811320754717,0.6613207547169812,4,27.506573746089252,21.98828687304463,22.81429763460587
baseline,DAL,Naji Marshall,1630230.0,False,,0.07,player_value,29.425270270270268,measured_2025_26,1.0,0.8207547169811321,0.4877358490566038,0.654245283018868,5,24.953652100732715,27.189461185501493,28.210858971966076
baseline,DAL,Max Christie,1631108.0,False,,-1.01,player_value,29.034675324675327,measured_2025_26,1.0,0.809433962264151,0.32264150943396225,0.5660377358490566,6,22.308311105851995,25.67149321526366,26.63586710139616
baseline,DAL,Marvin Bagley III,1628963.0,False,,0.87,player_value,20.014833333333335,measured_2025_26,1.0,0.4830188679245283,0.6122641509433963,0.5476415094339623,7,19.80751771377083,19.91117552355208,20.659157635698847
baseline,DAL,Moussa Cisse,1630619.0,False,,1.54,player_value,13.91342105263158,measured_2025_26,1.0,0.27169811320754716,0.7292452830188679,0.5004716981132076,8,17.446512193701647,15.679966623166614,16.268999377125013
baseline,DAL,Brandon Williams,1630314.0,False,,-0.24,player_value,22.107575757575756,measured_2025_26,1.0,0.5660377358490566,0.4320754716981132,0.4990566037735849,9,15.792732043610972,18.950153900593364,19.66203432790946
baseline,DAL,Kyrie Irving,202681.0,False,,3.48,player_value,6.0,default_fringe,1.0,0.05471698113207547,0.9330188679245283,0.49386792452830186,10,13.497442639420758,9.748721319710379,10.114941242528191
baseline,DEN,Nikola Jokić,203999.0,False,,6.63,player_value,34.844,measured_2025_26,1.0,0.9792452830188679,0.9943396226415094,0.9867924528301887,1,35.710519340758225,35.27725967037911,33.31534434941166
baseline,DEN,Jamal Murray,1627750.0,False,,1.95,player_value,35.35906666666666,measured_2025_26,1.0,0.9905660377358491,0.7867924528301887,0.8886792452830189,2,32.69820658367256,34.02863662516961,32.1361624315856
baseline,DEN,Christian Braun,1631128.0,False,,2.44,player_value,31.79909090909091,measured_2025_26,1.0,0.9075471698113208,0.8415094339622642,0.8745283018867924,3,30.278532532391054,31.03881172074098,29.312614141095153
baseline,DEN,Cameron Johnson,1629661.0,False,,2.37,player_value,30.500555555555554,measured_2025_26,1.0,0.8641509433962264,0.8349056603773585,0.8495283018867925,4,27.506573746089252,29.003564650822405,27.390555636437504
baseline,DEN,Aaron Gordon,203932.0,False,,3.2,player_value,27.91611111111111,measured_2025_26,1.0,0.7716981132075472,0.9113207547169812,0.8415094339622642,5,24.953652100732715,26.434881605921912,24.964727752838872
baseline,DEN,Peyton Watson,1631212.0,False,,-0.14,player_value,29.588148148148147,measured_2025_26,1.0,0.8264150943396227,0.4528301886792453,0.6396226415094339,6,22.308311105851995,25.94822962700007,24.505140517107037
baseline,DEN,Jonas Valančiūnas,202685.0,False,,2.76,player_value,13.40076923076923,measured_2025_26,1.0,0.25660377358490566,0.8745283018867924,0.565566037735849,7,19.80751771377083,16.60414347227003,15.680717906504192
baseline,DEN,Tim Hardaway Jr.,203501.0,False,,-1.07,player_value,26.59175,measured_2025_26,1.0,0.7226415094339622,0.30471698113207546,0.5136792452830188,8,17.446512193701647,22.019131096850824,20.794555518788695
baseline,DEN,Spencer Jones,1642461.0,False,,-0.86,player_value,22.13734375,measured_2025_26,1.0,0.569811320754717,0.35566037735849054,0.46273584905660375,9,15.792732043610972,18.965037896805484,17.910313160243454
baseline,DEN,Jalen Pickett,1629618.0,False,,0.07,player_value,16.13,measured_2025_26,1.0,0.34150943396226413,0.4877358490566038,0.41462264150943395,10,13.497442639420758,14.813721319710378,13.989868585987834
baseline,DET,Cade Cunningham,1630595.0,False,,3.62,player_value,33.93234375,measured_2025_26,1.0,0.9641509433962264,0.9433962264150944,0.9537735849056603,1,35.710519340758225,34.82143154537911,34.81107571111659
baseline,DET,Tobias Harris,202699.0,False,,2.68,player_value,27.706825396825398,measured_2025_26,1.0,0.7641509433962265,0.8566037735849057,0.810377358490566,2,32.69820658367256,30.202515990248976,30.193533813582896
baseline,DET,Ausar Thompson,1641709.0,False,,3.39,player_value,25.967260273972602,measured_2025_26,1.0,0.6943396226415094,0.9226415094339623,0.8084905660377358,3,30.278532532391054,28.122896403181826,28.114532701828708
baseline,DET,Jalen Duren,1631105.0,False,,2.22,player_value,28.226142857142857,measured_2025_26,1.0,0.7754716981132076,0.8150943396226416,0.7952830188679245,4,27.506573746089252,27.866358301616053,27.85807089425614
baseline,DET,Duncan Robinson,1629130.0,False,,1.18,player_value,27.44441558441558,measured_2025_26,1.0,0.7528301886792453,0.6613207547169812,0.7070754716981132,5,24.953652100732715,26.199033842574146,26.191242294660373
baseline,DET,Kevin Huerter,1628989.0,False,,1.53,player_value,22.45086956521739,measured_2025_26,1.0,0.5792452830188679,0.7254716981132076,0.6523584905660378,6,22.308311105851995,22.379590335534694,22.372934683595854
baseline,DET,Javonte Green,1629750.0,False,,2.41,player_value,17.635365853658534,measured_2025_26,1.0,0.4037735849056604,0.839622641509434,0.6216981132075472,7,19.80751771377083,18.72144178371468,18.71587405890661
baseline,DET,Paul Reed,1630194.0,False,,3.82,player_value,13.856615384615385,measured_2025_26,1.0,0.269811320754717,0.9509433962264151,0.6103773584905661,8,17.446512193701647,15.651563789158516,15.646909040822315
baseline,DET,Isaiah Stewart,1630191.0,False,,0.35,player_value,22.70948275862069,measured_2025_26,1.0,0.5924528301886792,0.5226415094339623,0.5575471698113208,9,15.792732043610972,19.25110740111583,19.24538215465788
baseline,DET,Daniss Jenkins,1642450.0,False,,0.27,player_value,20.213472222222222,measured_2025_26,1.0,0.4867924528301887,0.5141509433962265,0.5004716981132076,10,13.497442639420758,16.855457430821488,16.85044464657265
baseline,GSW,Jimmy Butler III,202710.0,False,,4.88,player_value,31.096578947368425,measured_2025_26,1.0,0.8849056603773585,0.9867924528301887,0.9358490566037736,1,35.710519340758225,33.40354914406333,32.83586351133966
baseline,GSW,Stephen Curry,201939.0,False,,3.45,player_value,30.901162790697676,measured_2025_26,1.0,0.8754716981132076,0.9254716981132075,0.9004716981132075,2,32.69820658367256,31.799684687185117,31.259256361913394
baseline,GSW,Brandin Podziemski,1641764.0,False,,2.27,player_value,28.447926829268294,measured_2025_26,1.0,0.7905660377358491,0.8235849056603773,0.8070754716981132,3,30.278532532391054,29.363229680829676,28.864208347848514
baseline,GSW,Kristaps Porziņģis,204001.0,False,,2.73,player_value,24.030625,measured_2025_26,1.0,0.6339622641509434,0.8660377358490566,0.75,4,27.506573746089252,25.768599373044626,25.330667955146495
baseline,GSW,Al Horford,201143.0,False,,2.86,player_value,21.538222222222224,measured_2025_26,1.0,0.5433962264150943,0.8886792452830189,0.7160377358490566,5,24.953652100732715,23.24593716147747,22.850877807489233
baseline,GSW,De'Anthony Melton,1629001.0,False,,1.91,player_value,22.96551020408163,measured_2025_26,1.0,0.6018867924528302,0.7811320754716982,0.6915094339622642,6,22.308311105851995,22.63691065496681,22.25220156634118
baseline,GSW,Moses Moody,1630541.0,False,,1.33,player_value,25.665666666666667,measured_2025_26,1.0,0.6754716981132075,0.689622641509434,0.6825471698113208,7,19.80751771377083,22.73659219021875,22.350189036834724
baseline,GSW,Draymond Green,203110.0,False,,0.75,player_value,27.484264705882353,measured_2025_26,1.0,0.7547169811320755,0.5962264150943396,0.6754716981132076,8,17.446512193701647,22.465388449792002,22.083594341582103
baseline,GSW,Gui Santos,1630611.0,False,,1.43,player_value,20.521029411764708,measured_2025_26,1.0,0.5018867924528302,0.7047169811320755,0.6033018867924529,9,15.792732043610972,18.15688072768784,17.848308716979286
baseline,GSW,Gary Payton II,1627780.0,False,,2.26,player_value,15.647534246575342,measured_2025_26,1.0,0.3169811320754717,0.8207547169811321,0.5688679245283019,10,13.497442639420758,14.57248844299805,14.324832354525428
baseline,HOU,Amen Thompson,1641708.0,False,,3.48,player_value,37.2279746835443,measured_2025_26,1.0,0.9981132075471698,0.9330188679245283,0.965566037735849,1,35.710519340758225,36.469247012151264,34.83278615012653
baseline,HOU,Alperen Sengun,1630578.0,False,,2.37,player_value,33.141666666666666,measured_2025_26,1.0,0.9339622641509434,0.8349056603773585,0.8844339622641509,2,32.69820658367256,32.91993662516961,31.44274166555131
baseline,HOU,Kevin Durant,201142.0,False,,1.77,player_value,36.27346153846154,measured_2025_26,1.0,0.9962264150943396,0.7650943396226415,0.8806603773584906,3,30.278532532391054,33.2759970354263,31.782824808010083
baseline,HOU,Tari Eason,1631106.0,False,,3.08,player_value,25.69183333333333,measured_2025_26,1.0,0.6773584905660377,0.9018867924528302,0.789622641509434,4,27.506573746089252,26.59920353971129,25.405634735308393
baseline,HOU,Jabari Smith Jr.,1631095.0,False,,0.38,player_value,35.134935064935064,measured_2025_26,1.0,0.9867924528301887,0.5358490566037736,0.7613207547169811,5,24.953652100732715,30.044293582833888,28.696135487902378
baseline,HOU,Steven Adams,203500.0,False,,3.22,player_value,22.6521875,measured_2025_26,1.0,0.590566037735849,0.9150943396226415,0.7528301886792452,6,22.308311105851995,22.480249302925998,21.471507659849582
baseline,HOU,Reed Sheppard,1642263.0,False,,0.04,player_value,26.126829268292685,measured_2025_26,1.0,0.7018867924528301,0.4811320754716981,0.5915094339622642,7,19.80751771377083,22.967173491031758,21.936582414750898
baseline,HOU,Dorian Finney-Smith,1627827.0,False,,1.98,player_value,16.765135135135132,measured_2025_26,1.0,0.37169811320754714,0.7962264150943397,0.5839622641509434,8,17.446512193701647,17.105823664418388,16.338245136400243
baseline,HOU,Clint Capela,203991.0,False,,3.16,player_value,12.281733333333333,measured_2025_26,1.0,0.22641509433962265,0.909433962264151,0.5679245283018868,9,15.792732043610972,14.037232688472152,13.407349052592172
baseline,HOU,Josh Okogie,1629006.0,False,,1.52,player_value,17.254871794871796,measured_2025_26,1.0,0.3886792452830189,0.7216981132075472,0.555188679245283,10,13.497442639420758,15.376157217146277,14.686192889508389
baseline,IND,Pascal Siakam,1627783.0,False,,3.22,player_value,33.17161290322581,measured_2025_26,1.0,0.939622641509434,0.9150943396226415,0.9273584905660377,1,35.710519340758225,34.441066121992016,35.30028723558979
baseline,IND,Ivica Zubac,1627826.0,False,,2.74,player_value,30.140208333333334,measured_2025_26,1.0,0.8490566037735849,0.8679245283018868,0.8584905660377359,2,32.69820658367256,31.419207458502946,32.20304052351995
baseline,IND,Aaron Nesmith,1630174.0,False,,0.84,player_value,29.666444444444444,measured_2025_26,1.0,0.8320754716981132,0.6018867924528302,0.7169811320754718,3,30.278532532391054,29.97248848841775,30.720229422019983
baseline,IND,Jalen Slawson,1641771.0,False,,1.25,player_value,23.886923076923075,measured_2025_26,1.0,0.6245283018867924,0.6754716981132075,0.6499999999999999,4,27.506573746089252,25.696748411506164,26.337819994707754
baseline,IND,Jay Huff,1630643.0,False,,1.75,player_value,20.966463414634145,measured_2025_26,1.0,0.5226415094339623,0.7603773584905661,0.6415094339622642,5,24.953652100732715,22.96005775768343,23.53285554288988
baseline,IND,Andrew Nembhard,1629614.0,False,,-1.01,player_value,31.326666666666664,measured_2025_26,1.0,0.8962264150943396,0.32264150943396225,0.6094339622641509,6,22.308311105851995,26.81748888625933,27.486520227598508
baseline,IND,T.J. McConnell,204456.0,False,,1.9,player_value,17.188214285714285,measured_2025_26,1.0,0.3849056603773585,0.779245283018868,0.5820754716981132,7,19.80751771377083,18.497865999742558,18.959342917070977
baseline,IND,Obi Toppin,1630167.0,False,,1.48,player_value,17.655,measured_2025_26,1.0,0.4056603773584906,0.7132075471698113,0.5594339622641509,8,17.446512193701647,17.550756096850826,17.988604917924047
baseline,IND,Tyrese Haliburton,1630169.0,False,,4.72,player_value,6.0,default_fringe,1.0,0.05471698113207547,0.9792452830188679,0.5169811320754717,9,15.792732043610972,10.896366021805486,11.168203940941396
baseline,IND,Quenton Jackson,1631245.0,False,,0.37,player_value,18.315102040816328,measured_2025_26,1.0,0.4188679245283019,0.5330188679245284,0.4759433962264151,10,13.497442639420758,15.906272340118543,16.303095277737746
baseline,LAC,Kawhi Leonard,202695.0,False,,5.95,player_value,32.07292307692308,measured_2025_26,1.0,0.9150943396226415,0.9905660377358491,0.9528301886792453,1,35.710519340758225,33.89172120884065,33.286720580490055
baseline,LAC,Kris Dunn,1627739.0,False,,1.82,player_value,27.195487804878052,measured_2025_26,1.0,0.7452830188679245,0.769811320754717,0.7575471698113208,2,32.69820658367256,29.946847194275307,29.412266455279674
baseline,LAC,Derrick Jones Jr.,1627884.0,False,,1.35,player_value,26.9902,measured_2025_26,1.0,0.7358490566037735,0.6952830188679245,0.715566037735849,3,30.278532532391054,28.634366266195528,28.123214605389627
baseline,LAC,Darius Garland,1629636.0,False,,0.48,player_value,29.873555555555555,measured_2025_26,1.0,0.8415094339622642,0.55,0.6957547169811321,4,27.506573746089252,28.690064650822404,28.177918718952792
baseline,LAC,Brook Lopez,201572.0,False,,1.73,player_value,21.804133333333333,measured_2025_26,1.0,0.5528301886792453,0.7547169811320755,0.6537735849056604,5,24.953652100732715,23.378892717033025,22.961556439043793
baseline,LAC,Isaiah Jackson,1630543.0,False,,2.19,player_value,16.515272727272727,measured_2025_26,1.0,0.35471698113207545,0.8132075471698114,0.5839622641509434,6,22.308311105851995,19.41179191656236,19.065272297963947
baseline,LAC,John Collins,1628381.0,False,,-0.28,player_value,27.121884057971016,measured_2025_26,1.0,0.7377358490566037,0.42452830188679247,0.5811320754716981,7,19.80751771377083,23.464700885870926,23.04583284749264
baseline,LAC,Bogdan Bogdanović,203992.0,False,,1.01,player_value,19.655652173913044,measured_2025_26,1.0,0.4641509433962264,0.6264150943396226,0.5452830188679245,8,17.446512193701647,18.551082183807345,18.219927082281863
baseline,LAC,Bennedict Mathurin,1631097.0,False,,-1.87,player_value,30.00037037037037,measured_2025_26,1.0,0.8471698113207548,0.22641509433962265,0.5367924528301887,9,15.792732043610972,22.896551206990672,22.487825200367038
baseline,LAC,Nicolas Batum,201587.0,False,,1.23,player_value,17.494729729729727,measured_2025_26,1.0,0.4,0.6726415094339623,0.5363207547169812,10,13.497442639420758,15.496086184575242,15.219465772738573
baseline,LAL,Luka Dončić,1629029.0,False,,4.63,player_value,35.76015625,measured_2025_26,1.0,0.9943396226415094,0.9754716981132076,0.9849056603773585,1,35.710519340758225,35.73533779537911,33.644011793379825
baseline,LAL,LeBron James,2544.0,False,,2.77,player_value,33.15116666666667,measured_2025_26,1.0,0.9358490566037736,0.8773584905660378,0.9066037735849057,2,32.69820658367256,32.92468662516961,30.997847325617812
baseline,LAL,Austin Reaves,1630559.0,False,,1.43,player_value,34.543137254901964,measured_2025_26,1.0,0.9735849056603774,0.7047169811320755,0.8391509433962264,3,30.278532532391054,32.41083489364651,30.514067549576424
baseline,LAL,Marcus Smart,203935.0,False,,2.27,player_value,28.53306451612903,measured_2025_26,1.0,0.7943396226415095,0.8235849056603773,0.8089622641509434,4,27.506573746089252,28.01981913110914,26.380025584011825
baseline,LAL,Rui Hachimura,1629060.0,False,,0.43,player_value,28.331911764705882,measured_2025_26,1.0,0.779245283018868,0.5443396226415095,0.6617924528301887,5,24.953652100732715,26.6427819327193,25.083576226016913
baseline,LAL,Jake LaRavia,1631222.0,False,,0.42,player_value,25.140243902439025,measured_2025_26,1.0,0.6679245283018868,0.5415094339622641,0.6047169811320754,6,22.308311105851995,23.724277504145512,22.335870356375892
baseline,LAL,Jaxson Hayes,1629637.0,False,,1.72,player_value,18.281666666666666,measured_2025_26,1.0,0.4169811320754717,0.7518867924528302,0.584433962264151,7,19.80751771377083,19.04459219021875,17.930052541176252
baseline,LAL,Deandre Ayton,1629028.0,False,,-0.54,player_value,27.19986111111111,measured_2025_26,1.0,0.7471698113207547,0.39811320754716983,0.5726415094339623,8,17.446512193701647,22.323186652406378,21.016775028120637
baseline,LAL,Jarred Vanderbilt,1629020.0,False,,1.52,player_value,17.350153846153844,measured_2025_26,1.0,0.39622641509433965,0.7216981132075472,0.5589622641509434,9,15.792732043610972,16.571442944882406,15.601638497538929
baseline,LAL,Luke Kennard,1628379.0,False,,0.36,player_value,21.545641025641025,measured_2025_26,1.0,0.5452830188679245,0.5273584905660378,0.5363207547169812,10,13.497442639420758,17.521541832530893,16.496135098185476
baseline,MEM,Zach Edey,1641744.0,False,,4.8,player_value,25.80363636363636,measured_2025_26,1.0,0.6886792452830188,0.9830188679245283,0.8358490566037735,1,35.710519340758225,30.75707785219729,30.540951243862033
baseline,MEM,Ty Jerome,1629660.0,False,,3.35,player_value,22.579333333333334,measured_2025_26,1.0,0.5849056603773585,0.9207547169811321,0.7528301886792452,2,32.69820658367256,27.638769958502948,27.444555357285136
baseline,MEM,Ja Morant,1629630.0,False,,1.08,player_value,28.424500000000002,measured_2025_26,1.0,0.7886792452830189,0.6424528301886793,0.715566037735849,3,30.278532532391054,29.351516266195528,29.145266384766796
baseline,MEM,Cedric Coward,1642907.0,False,,1.45,player_value,25.772903225806452,measured_2025_26,1.0,0.6849056603773584,0.7084905660377359,0.6966981132075472,4,27.506573746089252,26.639738485947852,26.45254396917438
baseline,MEM,Santi Aldama,1630583.0,False,,0.28,player_value,27.86302325581395,measured_2025_26,1.0,0.769811320754717,0.5179245283018868,0.6438679245283019,5,24.953652100732715,26.408337678273334,26.22276918956303
baseline,MEM,Cam Spencer,1642285.0,False,,0.88,player_value,23.811805555555555,measured_2025_26,1.0,0.6226415094339622,0.6150943396226415,0.6188679245283019,6,22.308311105851995,23.060058330703775,22.89801783326191
baseline,MEM,Javon Small,1642914.0,False,,1.69,player_value,20.24170731707317,measured_2025_26,1.0,0.48867924528301887,0.7452830188679245,0.6169811320754717,7,19.80751771377083,20.024612515422,19.883901762372464
baseline,MEM,Jaylen Wells,1642377.0,False,,0.04,player_value,26.386376811594204,measured_2025_26,1.0,0.7094339622641509,0.4811320754716981,0.5952830188679246,8,17.446512193701647,21.916444502647927,21.762440053984516
baseline,MEM,Kentavious Caldwell-Pope,203484.0,False,,1.09,player_value,21.32549019607843,measured_2025_26,1.0,0.5320754716981132,0.6462264150943396,0.5891509433962264,9,15.792732043610972,18.5591111198447,18.428698284161005
baseline,MEM,Scotty Pippen Jr.,1630590.0,False,,1.03,player_value,21.188,measured_2025_26,1.0,0.5264150943396226,0.6320754716981132,0.5792452830188679,10,13.497442639420758,17.34272131971038,17.2208559215687
baseline,MIA,Bam Adebayo,1628389.0,False,,3.49,player_value,32.393150684931506,measured_2025_26,1.0,0.9207547169811321,0.9358490566037736,0.9283018867924528,1,35.710519340758225,34.05183501284486,33.05674034719101
baseline,MIA,Norman Powell,1626181.0,False,,2.09,player_value,29.602068965517244,measured_2025_26,1.0,0.8283018867924529,0.8047169811320755,0.8165094339622642,2,32.69820658367256,31.150137774594903,30.239839227624103
baseline,MIA,Tyler Herro,1629639.0,False,,1.3,player_value,31.292424242424246,measured_2025_26,1.0,0.8924528301886793,0.6830188679245283,0.7877358490566038,3,30.278532532391054,30.78547838740765,29.885836259124236
baseline,MIA,Davion Mitchell,1630558.0,False,,0.54,player_value,28.574857142857145,measured_2025_26,1.0,0.7962264150943397,0.5613207547169812,0.6787735849056604,4,27.506573746089252,28.0407154444732,27.22128335368022
baseline,MIA,Kel'el Ware,1642276.0,False,,1.92,player_value,22.127662337662336,measured_2025_26,1.0,0.5679245283018868,0.7830188679245284,0.6754716981132076,5,24.953652100732715,23.540657219197527,22.85273005122044
baseline,MIA,Pelle Larsson,1641796.0,False,,0.33,player_value,26.416285714285717,measured_2025_26,1.0,0.7150943396226415,0.5207547169811321,0.6179245283018868,6,22.308311105851995,24.362298410068856,23.6503604724575
baseline,MIA,Andrew Wiggins,203952.0,False,,-0.9,player_value,30.332941176470587,measured_2025_26,1.0,0.8584905660377359,0.3490566037735849,0.6037735849056604,7,19.80751771377083,25.07022944512071,24.337603682716207
baseline,MIA,Jaime Jaquez Jr.,1631170.0,False,,-0.33,player_value,28.282933333333332,measured_2025_26,1.0,0.7773584905660378,0.4216981132075472,0.5995283018867925,8,17.446512193701647,22.86472276351749,22.19654838627621
baseline,MIA,Dru Smith,1630696.0,False,,1.12,player_value,16.304714285714283,measured_2025_26,1.0,0.3490566037735849,0.6537735849056604,0.5014150943396226,9,15.792732043610972,16.048723164662626,15.579732321564531
baseline,MIA,Myron Gardner,1642066.0,False,,2.25,player_value,9.122222222222222,measured_2025_26,1.0,0.1339622641509434,0.8188679245283019,0.47641509433962265,10,13.497442639420758,11.30983243082149,10.979325898145524
baseline,MIL,Giannis Antetokounmpo,203507.0,False,,7.29,player_value,28.866666666666667,measured_2025_26,1.0,0.8,0.9962264150943396,0.8981132075471698,1,35.710519340758225,32.28859300371245,30.490244739395077
baseline,MIL,Ryan Rollins,1631157.0,False,,1.71,player_value,32.101081081081084,measured_2025_26,1.0,0.9169811320754717,0.7490566037735849,0.8330188679245283,2,32.69820658367256,32.399643832376825,30.595110471516016
baseline,MIL,Kevin Porter Jr.,1629645.0,False,,0.5,player_value,33.18447368421052,measured_2025_26,1.0,0.9415094339622642,0.5547169811320755,0.7481132075471698,3,30.278532532391054,31.73150310830079,29.964182570907507
baseline,MIL,Myles Turner,1626167.0,False,,1.75,player_value,26.927042253521126,measured_2025_26,1.0,0.7283018867924528,0.7603773584905661,0.7443396226415094,4,27.506573746089252,27.21680799980519,25.700938311055317
baseline,MIL,Bobby Portis,1626171.0,False,,1.13,player_value,24.16910447761194,measured_2025_26,1.0,0.6377358490566037,0.6566037735849056,0.6471698113207547,5,24.953652100732715,24.561378289172325,23.193405642903812
baseline,MIL,AJ Green,1631260.0,False,,-0.07,player_value,29.101410256410254,measured_2025_26,1.0,0.8113207547169812,0.46320754716981133,0.6372641509433963,6,22.308311105851995,25.704860681131123,24.27320054081107
baseline,MIL,Taurean Prince,1627752.0,False,,-1.13,player_value,23.51269230769231,measured_2025_26,1.0,0.6150943396226415,0.2962264150943396,0.4556603773584905,7,19.80751771377083,21.66010501073157,20.45372193152764
baseline,MIL,Cormac Ryan,1642504.0,False,,-2.0,replacement,24.60818181818182,measured_2025_26,1.0,0.6490566037735849,0.15943396226415094,0.4042452830188679,8,17.446512193701647,21.027347005941735,19.85620607121638
baseline,MIL,Jericho Sims,1630579.0,False,,-1.05,player_value,19.66955223880597,measured_2025_26,1.0,0.4660377358490566,0.310377358490566,0.3882075471698113,9,15.792732043610972,17.731142141208473,16.743586917283395
baseline,MIL,Kyle Kuzma,1628398.0,False,,-3.36,player_value,26.170724637681158,measured_2025_26,1.0,0.7037735849056603,0.020754716981132074,0.3622641509433962,10,13.497442639420758,19.834083638550958,18.729402803383792
baseline,MIN,Rudy Gobert,203497.0,False,,5.28,player_value,31.31736842105263,measured_2025_26,1.0,0.8943396226415095,0.9886792452830189,0.9415094339622642,1,35.710519340758225,33.51394388090543,32.11439168036753
baseline,MIN,Anthony Edwards,1630162.0,False,,1.88,player_value,35.02704918032787,measured_2025_26,1.0,0.9849056603773585,0.7754716981132076,0.8801886792452831,2,32.69820658367256,33.86262788200021,32.44851453453318
baseline,MIN,Naz Reid,1629675.0,False,,3.15,player_value,26.070129870129872,measured_2025_26,1.0,0.6981132075471698,0.9075471698113208,0.8028301886792453,3,30.278532532391054,28.174331201260465,26.997762804191755
baseline,MIN,Donte DiVincenzo,1628978.0,False,,1.66,player_value,30.415243902439027,measured_2025_26,1.0,0.8622641509433963,0.7433962264150943,0.8028301886792453,4,27.506573746089252,28.960908824264138,27.75149271320866
baseline,MIN,Julius Randle,203944.0,False,,0.87,player_value,33.04164556962025,measured_2025_26,1.0,0.930188679245283,0.6122641509433963,0.7712264150943396,5,24.953652100732715,28.997648835176484,27.786698450407865
baseline,MIN,Jaden McDaniels,1630183.0,False,,1.05,player_value,31.73123287671233,measured_2025_26,1.0,0.9056603773584906,0.6358490566037736,0.7707547169811321,6,22.308311105851995,27.019771991282163,25.89141832801854
baseline,MIN,Ayo Dosunmu,1630245.0,False,,-0.21,player_value,27.262028985507246,measured_2025_26,1.0,0.7509433962264151,0.4377358490566038,0.5943396226415094,7,19.80751771377083,23.53477334963904,22.551954259540413
baseline,MIN,Mike Conley,201144.0,False,,1.49,player_value,18.357962962962965,measured_2025_26,1.0,0.4207547169811321,0.7160377358490566,0.5683962264150944,8,17.446512193701647,17.902237578332304,17.154634846575558
baseline,MIN,Kyle Anderson,203937.0,False,,0.58,player_value,19.842093023255813,measured_2025_26,1.0,0.469811320754717,0.5707547169811321,0.5202830188679246,9,15.792732043610972,17.81741253343339,17.073352120619198
baseline,MIN,Joan Beringer,1642866.0,False,,2.29,player_value,7.85375,measured_2025_26,1.0,0.1,0.8283018867924529,0.4641509433962264,10,13.497442639420758,10.67559631971038,10.229780262537307
baseline,NOP,Zion Williamson,1629627.0,False,,2.93,player_value,29.694193548387098,measured_2025_26,1.0,0.8339622641509434,0.8943396226415095,0.8641509433962264,1,35.710519340758225,32.70235644457266,31.28613280593912
baseline,NOP,Herbert Jones,1630529.0,False,,1.88,player_value,28.364285714285717,measured_2025_26,1.0,0.7830188679245284,0.7754716981132076,0.779245283018868,2,32.69820658367256,30.531246148979136,29.209045634578604
baseline,NOP,Trey Murphy III,1630530.0,False,,0.49,player_value,35.46409090909091,measured_2025_26,1.0,0.9924528301886792,0.5528301886792453,0.7726415094339623,3,30.278532532391054,32.871311720740984,31.447771225403645
baseline,NOP,Saddiq Bey,1630180.0,False,,1.11,player_value,31.188472222222224,measured_2025_26,1.0,0.8867924528301887,0.65,0.7683962264150943,4,27.506573746089252,29.347522984155738,28.076585342217083
baseline,NOP,Dejounte Murray,1627749.0,False,,-0.5,player_value,27.81642857142857,measured_2025_26,1.0,0.7660377358490567,0.40849056603773587,0.5872641509433962,5,24.953652100732715,26.385040336080642,25.24239736190872
baseline,NOP,Kevon Looney,1626172.0,False,,2.76,player_value,14.642857142857142,measured_2025_26,1.0,0.28679245283018867,0.8745283018867924,0.5806603773584905,6,22.308311105851995,18.47558412435457,17.675471783250906
baseline,NOP,DeAndre Jordan,201599.0,False,,1.33,player_value,16.565833333333334,measured_2025_26,1.0,0.3584905660377358,0.689622641509434,0.5240566037735849,7,19.80751771377083,18.186675523552083,17.399074794281482
baseline,NOP,Derik Queen,1642852.0,False,,-1.5,player_value,24.98,measured_2025_26,1.0,0.6622641509433962,0.25471698113207547,0.45849056603773586,8,17.446512193701647,21.213256096850824,20.29458484489787
baseline,NOP,Jeremiah Fears,1642847.0,False,,-1.82,player_value,25.755243902439023,measured_2025_26,1.0,0.6830188679245283,0.22830188679245284,0.4556603773584905,9,15.792732043610972,20.773987973024997,19.874339873171643
baseline,NOP,Josh Oduro,1642490.0,False,,-2.0,replacement,27.256666666666664,measured_2025_26,1.0,0.7490566037735849,0.15943396226415094,0.4542452830188679,10,13.497442639420758,20.37705465304371,19.494596334350973
baseline,NYK,Jalen Brunson,1628973.0,False,,2.69,player_value,34.998243243243245,measured_2025_26,1.0,0.9830188679245283,0.8594339622641509,0.9212264150943397,1,35.710519340758225,35.35438129200074,33.761185221293985
baseline,NYK,Karl-Anthony Towns,1626157.0,False,,3.86,player_value,30.957466666666665,measured_2025_26,1.0,0.8773584905660378,0.9566037735849057,0.9169811320754717,2,32.69820658367256,31.82783662516961,30.393559390008665
baseline,NYK,OG Anunoby,1628384.0,False,,2.65,player_value,33.191044776119405,measured_2025_26,1.0,0.9433962264150944,0.8547169811320755,0.899056603773585,3,30.278532532391054,31.73478865425523,30.30470449662048
baseline,NYK,Mikal Bridges,1628969.0,False,,1.6,player_value,32.8290243902439,measured_2025_26,1.0,0.9283018867924528,0.7367924528301887,0.8325471698113207,4,27.506573746089252,30.167799068166577,28.808329119016356
baseline,NYK,Josh Hart,1628404.0,False,,2.13,player_value,30.20590909090909,measured_2025_26,1.0,0.8509433962264151,0.8084905660377358,0.8297169811320755,5,24.953652100732715,27.5797805958209,26.33693610327259
baseline,NYK,Miles McBride,1630540.0,False,,3.03,player_value,26.343658536585362,measured_2025_26,1.0,0.7075471698113207,0.8981132075471698,0.8028301886792453,6,22.308311105851995,24.32598482121868,23.229768114351668
baseline,NYK,Mitchell Robinson,1629011.0,False,,2.88,player_value,19.575333333333333,measured_2025_26,1.0,0.45849056603773586,0.8924528301886793,0.6754716981132076,7,19.80751771377083,19.691425523552084,18.80405879206763
baseline,NYK,Landry Shamet,1629013.0,False,,1.2,player_value,22.962745098039214,measured_2025_26,1.0,0.6,0.6669811320754717,0.6334905660377359,8,17.446512193701647,20.20462864587043,19.29413512873531
baseline,NYK,Jose Alvarado,1630631.0,False,,1.33,player_value,19.858985507246377,measured_2025_26,1.0,0.4716981132075472,0.689622641509434,0.5806603773584906,9,15.792732043610972,17.825858775428674,17.02256121738564
baseline,NYK,Tyler Kolek,1642278.0,False,,0.59,player_value,11.728870967741937,measured_2025_26,1.0,0.2037735849056604,0.5754716981132075,0.38962264150943393,10,13.497442639420758,12.613156803581347,12.044762417247659
baseline,OKC,Shai Gilgeous-Alexander,1628983.0,False,,7.54,player_value,33.22014705882353,measured_2025_26,1.0,0.9452830188679245,0.9981132075471698,0.9716981132075472,1,35.710519340758225,34.46533319979088,33.55367476966022
baseline,OKC,Chet Holmgren,1631096.0,False,,4.82,player_value,28.94608695652174,measured_2025_26,1.0,0.8037735849056604,0.9849056603773585,0.8943396226415095,2,32.69820658367256,30.82214677009715,30.006855945116705
baseline,OKC,Jalen Williams,1631114.0,False,,2.78,player_value,28.364242424242423,measured_2025_26,1.0,0.7811320754716982,0.879245283018868,0.8301886792452831,3,30.278532532391054,29.321387478316737,28.54579392978557
baseline,OKC,Isaiah Hartenstein,1628392.0,False,,4.74,player_value,24.201489361702127,measured_2025_26,1.0,0.6396226415094339,0.9811320754716981,0.810377358490566,4,27.506573746089252,25.854031553895688,25.170154636694843
baseline,OKC,Ajay Mitchell,1642349.0,False,,2.81,player_value,25.839122807017542,measured_2025_26,1.0,0.690566037735849,0.8830188679245283,0.7867924528301886,5,24.953652100732715,25.39638745387513,24.724615891912396
baseline,OKC,Cason Wallace,1641717.0,False,,1.53,player_value,26.572987012987014,measured_2025_26,1.0,0.720754716981132,0.7254716981132076,0.7231132075471698,6,22.308311105851995,24.440649059419506,23.79415817468842
baseline,OKC,Alex Caruso,1627936.0,False,,4.26,player_value,18.220892857142857,measured_2025_26,1.0,0.41509433962264153,0.9641509433962264,0.689622641509434,7,19.80751771377083,19.014205285456846,18.511251768650958
baseline,OKC,Isaiah Joe,1630198.0,False,,1.97,player_value,21.232394366197184,measured_2025_26,1.0,0.530188679245283,0.7943396226415095,0.6622641509433962,8,17.446512193701647,19.339453279949417,18.827896478377838
baseline,OKC,Jaylin Williams,1631119.0,False,,2.63,player_value,19.651846153846154,measured_2025_26,1.0,0.46037735849056605,0.8518867924528302,0.6561320754716982,9,15.792732043610972,17.722289098728563,17.253508653043895
baseline,OKC,Luguentz Dort,1629652.0,False,,0.39,player_value,26.792463768115944,measured_2025_26,1.0,0.7245283018867924,0.5386792452830189,0.6316037735849056,10,13.497442639420758,20.144953203768353,19.61208975206917
baseline,ORL,Franz Wagner,1630532.0,False,,4.32,player_value,29.96941176470588,measured_2025_26,1.0,0.8452830188679246,0.9669811320754716,0.9061320754716982,1,35.710519340758225,32.83996555273205,32.37874137921706
baseline,ORL,Desmond Bane,1630217.0,False,,1.75,player_value,33.61060975609756,measured_2025_26,1.0,0.960377358490566,0.7603773584905661,0.8603773584905661,2,32.69820658367256,33.15440816988506,32.688767775653226
baseline,ORL,Jalen Suggs,1630591.0,False,,2.75,player_value,27.606140350877194,measured_2025_26,1.0,0.7584905660377359,0.870754716981132,0.814622641509434,3,30.278532532391054,28.942336441634126,28.53585290913922
baseline,ORL,Paolo Banchero,1631094.0,False,,0.85,player_value,34.74583333333333,measured_2025_26,1.0,0.9754716981132076,0.6047169811320755,0.7900943396226415,4,27.506573746089252,31.12620353971129,30.68904846781541
baseline,ORL,Wendell Carter Jr.,1628976.0,False,,1.49,player_value,29.338589743589743,measured_2025_26,1.0,0.8169811320754717,0.7160377358490566,0.7665094339622642,5,24.953652100732715,27.14612092216123,26.764864517785366
baseline,ORL,Anthony Black,1641710.0,False,,0.36,player_value,29.845,measured_2025_26,1.0,0.839622641509434,0.5273584905660378,0.683490566037736,6,22.308311105851995,26.076655552926,25.71041936165713
baseline,ORL,Goga Bitadze,1629048.0,False,,2.39,player_value,15.18734375,measured_2025_26,1.0,0.30566037735849055,0.8377358490566038,0.5716981132075472,7,19.80751771377083,17.497430731885416,17.251686319791226
baseline,ORL,Tristan da Silva,1641783.0,False,,-0.09,player_value,24.66831168831169,measured_2025_26,1.0,0.6509433962264151,0.46037735849056605,0.5556603773584905,8,17.446512193701647,21.05741194100667,20.76166901754774
baseline,ORL,Jonathan Isaac,1628371.0,False,,2.82,player_value,10.017307692307693,measured_2025_26,1.0,0.16037735849056603,0.8858490566037736,0.5231132075471698,9,15.792732043610972,12.905019867959332,12.723774028549524
baseline,ORL,Moritz Wagner,1629021.0,False,,1.4,player_value,11.848888888888888,measured_2025_26,1.0,0.20754716981132076,0.7018867924528301,0.4547169811320755,10,13.497442639420758,12.673165764154824,12.495176222844098
baseline,PHI,Joel Embiid,203954.0,False,,4.7,player_value,31.596578947368425,measured_2025_26,1.0,0.9037735849056604,0.9773584905660377,0.9405660377358491,1,35.710519340758225,33.65354914406333,31.442678987984692
baseline,PHI,Tyrese Maxey,1630178.0,False,,2.7,player_value,38.01714285714286,measured_2025_26,1.0,1.0,0.8622641509433963,0.9311320754716981,2,32.69820658367256,35.35767472040771,33.03485202218197
baseline,PHI,Paul George,202331.0,False,,2.69,player_value,30.676216216216215,measured_2025_26,1.0,0.8679245283018868,0.8594339622641509,0.8636792452830189,3,30.278532532391054,30.477374374303636,28.475163042852724
baseline,PHI,VJ Edgecombe,1642845.0,False,,1.45,player_value,34.9776,measured_2025_26,1.0,0.9811320754716981,0.7084905660377359,0.844811320754717,4,27.506573746089252,31.242086873044627,29.18963774842042
baseline,PHI,Dominick Barlow,1631230.0,False,,1.01,player_value,23.78225352112676,measured_2025_26,1.0,0.620754716981132,0.6264150943396226,0.6235849056603773,5,24.953652100732715,24.367952810929737,22.76709997357244
baseline,PHI,Kelly Oubre Jr.,1626162.0,False,,-1.41,player_value,31.487999999999996,measured_2025_26,1.0,0.9,0.2641509433962264,0.5820754716981132,6,22.308311105851995,26.898155552925996,25.131081028008747
baseline,PHI,Quentin Grimes,1629656.0,False,,-0.98,player_value,29.410266666666665,measured_2025_26,1.0,0.8188679245283019,0.33490566037735847,0.5768867924528303,7,19.80751771377083,24.608892190218747,22.992210838584572
baseline,PHI,Andre Drummond,203083.0,False,,0.37,player_value,19.536666666666665,measured_2025_26,1.0,0.45660377358490567,0.5330188679245284,0.494811320754717,8,17.446512193701647,18.491589430184156,17.27678432791561
baseline,PHI,Adem Bona,1641737.0,False,,0.24,player_value,17.383098591549295,measured_2025_26,1.0,0.39811320754716983,0.5094339622641509,0.4537735849056604,9,15.792732043610972,16.587915317580133,15.498172100001339
baseline,PHI,Tyrese Martin,1631213.0,False,,-0.98,player_value,16.88304347826087,measured_2025_26,1.0,0.3754716981132076,0.33490566037735847,0.355188679245283,10,13.497442639420758,15.190243058840814,14.192319930477511
baseline,PHX,Devin Booker,1626164.0,False,,2.79,player_value,33.53875,measured_2025_26,1.0,0.9584905660377359,0.8811320754716981,0.9198113207547169,1,35.710519340758225,34.62463467037911,33.04490792948907
baseline,PHX,Collin Gillespie,1631221.0,False,,2.29,player_value,28.5225,measured_2025_26,1.0,0.7924528301886793,0.8283018867924529,0.810377358490566,2,32.69820658367256,30.61035329183628,29.213775563188843
baseline,PHX,Grayson Allen,1628960.0,False,,0.94,player_value,28.771176470588234,measured_2025_26,1.0,0.7981132075471699,0.619811320754717,0.7089622641509434,3,30.278532532391054,29.524854501489642,28.17780195867128
baseline,PHX,Jordan Goodwin,1630692.0,False,,2.23,player_value,22.454,measured_2025_26,1.0,0.5811320754716981,0.8169811320754717,0.6990566037735849,4,27.506573746089252,24.980286873044626,23.84057731237705
baseline,PHX,Royce O'Neale,1626220.0,False,,0.76,player_value,28.37282051282051,measured_2025_26,1.0,0.7849056603773585,0.5981132075471698,0.6915094339622642,5,24.953652100732715,26.66323630677661,25.446743258013303
baseline,PHX,Mark Williams,1631109.0,False,,1.15,player_value,23.600833333333334,measured_2025_26,1.0,0.6169811320754717,0.6584905660377358,0.6377358490566037,6,22.308311105851995,22.954572219592663,21.907284590244654
baseline,PHX,Oso Ighodaro,1642345.0,False,,1.35,player_value,22.05390243902439,measured_2025_26,1.0,0.560377358490566,0.6952830188679245,0.6278301886792452,7,19.80751771377083,20.93071007639761,19.97575985877731
baseline,PHX,Dillon Brooks,1628415.0,False,,-1.01,player_value,30.385892857142856,measured_2025_26,1.0,0.8603773584905661,0.32264150943396225,0.5915094339622642,8,17.446512193701647,23.91620252542225,22.825041130374444
baseline,PHX,Jalen Green,1630224.0,False,,-0.15,player_value,25.8853125,measured_2025_26,1.0,0.6924528301886792,0.4509433962264151,0.5716981132075472,9,15.792732043610972,20.839022271805486,19.88825525144074
baseline,PHX,Ryan Dunn,1642346.0,False,,1.12,player_value,19.361428571428572,measured_2025_26,1.0,0.4509433962264151,0.6537735849056604,0.5523584905660377,10,13.497442639420758,16.429435605424665,15.67985314742335
baseline,POR,Toumani Camara,1641739.0,False,,1.88,player_value,33.30756097560975,measured_2025_26,1.0,0.9471698113207547,0.7754716981132076,0.8613207547169812,1,35.710519340758225,34.50904015818399,34.160407707223406
baseline,POR,Deni Avdija,1630166.0,False,,1.87,player_value,33.323484848484846,measured_2025_26,1.0,0.9490566037735849,0.7716981132075472,0.8603773584905661,2,32.69820658367256,33.010845716078705,32.67734898601827
baseline,POR,Donovan Clingan,1642270.0,False,,3.22,player_value,27.191298701298702,measured_2025_26,1.0,0.7433962264150943,0.9150943396226415,0.8292452830188679,3,30.278532532391054,28.73491561684488,28.444617074383956
baseline,POR,Jrue Holiday,201950.0,False,,2.17,player_value,29.44132075471698,measured_2025_26,1.0,0.8245283018867925,0.8113207547169812,0.8179245283018868,4,27.506573746089252,28.473947250403114,28.18628517771355
baseline,POR,Robert Williams III,1629057.0,False,,4.23,player_value,17.089152542372883,measured_2025_26,1.0,0.38301886792452833,0.9622641509433962,0.6726415094339623,5,24.953652100732715,21.0214023215528,20.809030636324877
baseline,POR,Kris Murray,1631200.0,False,,1.08,player_value,23.390350877192983,measured_2025_26,1.0,0.6113207547169811,0.6424528301886793,0.6268867924528302,6,22.308311105851995,22.84933099152249,22.61849239879811
baseline,POR,Shaedon Sharpe,1631101.0,False,,-0.58,player_value,29.4268,measured_2025_26,1.0,0.8226415094339623,0.3849056603773585,0.6037735849056605,7,19.80751771377083,24.617158856885418,24.368460533529507
baseline,POR,Matisse Thybulle,1629680.0,False,,2.6,player_value,15.989666666666666,measured_2025_26,1.0,0.33584905660377357,0.8490566037735849,0.5924528301886792,8,17.446512193701647,16.718089430184158,16.5491925710798
baseline,POR,Jerami Grant,203924.0,False,,-1.32,player_value,29.739122807017544,measured_2025_26,1.0,0.8358490566037736,0.27358490566037735,0.5547169811320755,9,15.792732043610972,22.76592742531426,22.535931428894294
baseline,POR,Damian Lillard,203081.0,False,,3.46,player_value,6.0,default_fringe,1.0,0.05471698113207547,0.9292452830188679,0.49198113207547167,10,13.497442639420758,9.748721319710379,9.650233486034242
baseline,SAC,Domantas Sabonis,1627734.0,False,,3.11,player_value,29.662105263157898,measured_2025_26,1.0,0.8301886792452831,0.9056603773584906,0.8679245283018868,1,35.710519340758225,32.68631230195806,30.55720847139372
baseline,SAC,Keegan Murray,1631099.0,False,,1.21,player_value,34.482608695652175,measured_2025_26,1.0,0.9716981132075472,0.6698113207547169,0.820754716981132,2,32.69820658367256,33.59040763966237,31.402413322189645
baseline,SAC,Zach LaVine,203897.0,False,,-0.1,player_value,31.3925641025641,measured_2025_26,1.0,0.8981132075471698,0.45660377358490567,0.6773584905660377,3,30.278532532391054,30.835548317477578,28.826998578559476
baseline,SAC,DeMar DeRozan,201942.0,False,,-0.1,player_value,31.24103896103896,measured_2025_26,1.0,0.8886792452830189,0.45660377358490567,0.6726415094339623,4,27.506573746089252,29.373806353564106,27.46047079438932
baseline,SAC,Dylan Cardwell,1642928.0,False,,1.31,player_value,20.60272727272727,measured_2025_26,1.0,0.5056603773584906,0.6849056603773584,0.5952830188679246,5,24.953652100732715,22.778189686729995,21.29447593929594
baseline,SAC,De'Andre Hunter,1629631.0,False,,-0.04,player_value,26.122222222222224,measured_2025_26,1.0,0.7,0.4679245283018868,0.5839622641509434,6,22.308311105851995,24.21526666403711,22.63794535179321
baseline,SAC,Russell Westbrook,201566.0,False,,-0.94,player_value,28.9471875,measured_2025_26,1.0,0.8056603773584906,0.34150943396226413,0.5735849056603773,7,19.80751771377083,24.377352606885417,22.7894734256898
baseline,SAC,Malik Monk,1628370.0,False,,0.25,player_value,21.99435483870968,measured_2025_26,1.0,0.5584905660377358,0.5113207547169811,0.5349056603773585,8,17.446512193701647,19.720433516205663,18.435894283028606
baseline,SAC,Precious Achiuwa,1630173.0,False,,-0.74,player_value,23.90753424657534,measured_2025_26,1.0,0.6264150943396226,0.36792452830188677,0.49716981132075466,9,15.792732043610972,19.850133145093157,18.557145605660686
baseline,SAC,Nique Clifford,1642363.0,False,,-1.01,player_value,25.092133333333333,measured_2025_26,1.0,0.6660377358490566,0.32264150943396225,0.49433962264150944,10,13.497442639420758,19.294787986377045,18.03797422799962
baseline,SAS,Victor Wembanyama,1641705.0,False,,9.04,player_value,29.1509375,measured_2025_26,1.0,0.8132075471698114,1.0,0.9066037735849057,1,35.710519340758225,32.43072842037911,31.94037880607504
baseline,SAS,De'Aaron Fox,1628368.0,False,,2.34,player_value,30.987083333333334,measured_2025_26,1.0,0.879245283018868,0.8320754716981132,0.8556603773584905,2,32.69820658367256,31.842644958502945,31.36118711175252
baseline,SAS,Julian Champagnie,1630577.0,False,,1.95,player_value,27.633658536585365,measured_2025_26,1.0,0.7603773584905661,0.7867924528301887,0.7735849056603774,3,30.278532532391054,28.95609553448821,28.518282048061373
baseline,SAS,Dylan Harper,1642844.0,False,,3.59,player_value,22.579565217391306,measured_2025_26,1.0,0.5867924528301887,0.940566037735849,0.7636792452830188,4,27.506573746089252,25.04306948174028,24.664420587328
baseline,SAS,Stephon Castle,1642264.0,False,,1.27,player_value,29.9675,measured_2025_26,1.0,0.8433962264150944,0.6792452830188679,0.7613207547169811,5,24.953652100732715,27.460576050366356,27.045374680223734
baseline,SAS,Luke Kornet,1628436.0,False,,3.84,player_value,21.03044117647059,measured_2025_26,1.0,0.5245283018867924,0.9537735849056603,0.7391509433962264,6,22.308311105851995,21.669376141161294,21.341737178036702
baseline,SAS,Devin Vassell,1630170.0,False,,0.72,player_value,30.5110447761194,measured_2025_26,1.0,0.8660377358490566,0.590566037735849,0.7283018867924529,7,19.80751771377083,25.159281244945117,24.77887523942123
baseline,SAS,Harrison Barnes,203084.0,False,,-0.4,player_value,25.797662337662338,measured_2025_26,1.0,0.6867924528301886,0.4169811320754717,0.5518867924528301,8,17.446512193701647,21.62208726568199,21.29516330598105
baseline,SAS,Keldon Johnson,1629640.0,False,,-0.99,player_value,23.310853658536587,measured_2025_26,1.0,0.6075471698113207,0.3320754716981132,0.469811320754717,9,15.792732043610972,19.551792851073778,19.256171551446954
baseline,SAS,Jordan McLaughlin,1629162.0,False,,2.63,player_value,6.400227272727273,measured_2025_26,1.0,0.06981132075471698,0.8518867924528302,0.46084905660377357,10,13.497442639420758,9.948834956074016,9.798409491673402
baseline,TOR,Scottie Barnes,1630567.0,False,,2.82,player_value,33.509750000000004,measured_2025_26,1.0,0.9566037735849057,0.8858490566037736,0.9212264150943397,1,35.710519340758225,34.61013467037911,33.861544082672836
baseline,TOR,Immanuel Quickley,1630193.0,False,,1.59,player_value,31.87642857142857,measured_2025_26,1.0,0.909433962264151,0.7339622641509433,0.8216981132075472,2,32.69820658367256,32.28731757755057,31.58896773664332
baseline,TOR,Brandon Ingram,1627742.0,False,,0.55,player_value,33.81649350649351,measured_2025_26,1.0,0.9622641509433962,0.5641509433962264,0.7632075471698113,3,30.278532532391054,32.04751301944228,31.354349966647778
baseline,TOR,Sandro Mamukelashvili,1630572.0,False,,3.3,player_value,21.884999999999998,measured_2025_26,1.0,0.5566037735849056,0.9188679245283019,0.7377358490566037,4,27.506573746089252,24.695786873044625,24.1616360011908
baseline,TOR,RJ Barrett,1629628.0,False,,1.0,player_value,30.276491228070174,measured_2025_26,1.0,0.8528301886792453,0.6226415094339622,0.7377358490566037,5,24.953652100732715,27.615071664401444,27.017778908285777
baseline,TOR,Jakob Poeltl,1627751.0,False,,1.96,player_value,24.979565217391304,measured_2025_26,1.0,0.660377358490566,0.7915094339622641,0.725943396226415,6,22.308311105851995,23.643938161621648,23.132537968219705
baseline,TOR,Collin Murray-Boyles,1642867.0,False,,2.09,player_value,21.85315789473684,measured_2025_26,1.0,0.5547169811320755,0.8047169811320755,0.6797169811320755,7,19.80751771377083,20.830337804253837,20.37979362210848
baseline,TOR,Ja'Kobe Walter,1642266.0,False,,0.39,player_value,20.466527777777777,measured_2025_26,1.0,0.4981132075471698,0.5386792452830189,0.5183962264150943,8,17.446512193701647,18.95651998573971,18.546505041500396
baseline,TOR,Jamal Shead,1642347.0,False,,-0.54,player_value,22.589268292682927,measured_2025_26,1.0,0.5886792452830188,0.39811320754716983,0.49339622641509434,9,15.792732043610972,19.19100016814695,18.775913597945316
baseline,TOR,Trayce Jackson-Davis,1631218.0,False,,1.18,player_value,9.358867924528301,measured_2025_26,1.0,0.14528301886792452,0.6613207547169812,0.4033018867924528,10,13.497442639420758,11.42815528197453,11.180973074785557
baseline,UTA,Lauri Markkanen,1628374.0,False,,3.7,player_value,34.34809523809523,measured_2025_26,1.0,0.9679245283018868,0.9471698113207547,0.9575471698113207,1,35.710519340758225,35.029307289426725,34.89617247478325
baseline,UTA,Walker Kessler,1631117.0,False,,3.02,player_value,30.798000000000002,measured_2025_26,1.0,0.8716981132075472,0.8962264150943396,0.8839622641509435,2,32.69820658367256,31.74810329183628,31.627439248664736
baseline,UTA,Jaren Jackson Jr.,1628991.0,False,,2.71,player_value,30.304375000000004,measured_2025_26,1.0,0.8566037735849057,0.8641509433962264,0.8603773584905661,3,30.278532532391054,30.29145376619553,30.176325966232973
baseline,UTA,Jusuf Nurkić,203994.0,False,,3.07,player_value,26.416097560975608,measured_2025_26,1.0,0.7132075471698113,0.9,0.8066037735849056,4,27.506573746089252,26.96133565353243,26.858864531419854
baseline,UTA,Kevin Love,201567.0,False,,2.45,player_value,16.56189189189189,measured_2025_26,1.0,0.35660377358490564,0.8433962264150944,0.6,5,24.953652100732715,20.7577719963123,20.678878568466104
baseline,UTA,Blake Hinson,1642396.0,False,,1.39,player_value,20.389285714285712,measured_2025_26,1.0,0.49056603773584906,0.6990566037735849,0.594811320754717,6,22.308311105851995,21.348798410068852,21.267658686245554
baseline,UTA,Kyle Filipowski,1642271.0,False,,0.57,player_value,23.388571428571428,measured_2025_26,1.0,0.6094339622641509,0.5679245283018868,0.5886792452830188,7,19.80751771377083,21.59804457117113,21.51595754510218
baseline,UTA,Svi Mykhailiuk,1629004.0,False,,0.56,player_value,23.112199999999998,measured_2025_26,1.0,0.6056603773584905,0.5660377358490566,0.5858490566037735,8,17.446512193701647,20.279356096850822,20.202280969651312
baseline,UTA,John Konchar,1629723.0,False,,1.01,player_value,19.905357142857145,measured_2025_26,1.0,0.47735849056603774,0.6264150943396226,0.5518867924528301,9,15.792732043610972,17.84904459323406,17.781206276482624
baseline,UTA,Oscar Tshiebwe,1631131.0,False,,1.56,player_value,16.607407407407408,measured_2025_26,1.0,0.3641509433962264,0.7320754716981132,0.5481132075471697,10,13.497442639420758,15.052425023414083,14.995215732951408
baseline,WAS,Anthony Davis,203076.0,False,,3.57,player_value,31.281,measured_2025_26,1.0,0.8905660377358491,0.9377358490566038,0.9141509433962265,1,35.710519340758225,33.495759670379115,32.41025609502852
baseline,WAS,Alex Sarr,1642259.0,False,,0.45,player_value,27.180208333333336,measured_2025_26,1.0,0.7415094339622641,0.5471698113207547,0.6443396226415095,2,32.69820658367256,29.93920745850295,28.968961759967332
baseline,WAS,Kyshawn George,1642273.0,False,,-0.7,player_value,28.97875,measured_2025_26,1.0,0.8075471698113208,0.37264150943396224,0.5900943396226415,3,30.278532532391054,29.62864126619553,28.66846014644392
baseline,WAS,Trae Young,1629027.0,False,,-0.2,player_value,25.582,measured_2025_26,1.0,0.6735849056603773,0.439622641509434,0.5566037735849056,4,27.506573746089252,26.544286873044626,25.684061023881323
baseline,WAS,Justin Champagnie,1630551.0,False,,0.9,player_value,19.963333333333335,measured_2025_26,1.0,0.4811320754716981,0.6169811320754717,0.5490566037735849,5,24.953652100732715,22.458492717033025,21.73067599093909
baseline,WAS,Jamir Watkins,1642364.0,False,,0.65,player_value,20.644000000000002,measured_2025_26,1.0,0.5075471698113208,0.5830188679245283,0.5452830188679245,6,22.308311105851995,21.476155552926,20.780173617693094
baseline,WAS,D'Angelo Russell,1626156.0,False,,1.04,player_value,18.642307692307693,measured_2025_26,1.0,0.4377358490566038,0.6339622641509434,0.5358490566037736,7,19.80751771377083,19.224912703039262,18.601887231149256
baseline,WAS,Leaky Black,1641778.0,False,,-1.44,player_value,28.872666666666664,measured_2025_26,1.0,0.8018867924528302,0.25849056603773585,0.530188679245283,8,17.446512193701647,23.159589430184155,22.409052127029682
baseline,WAS,Julian Reese,1642882.0,False,,-2.5,player_value,30.883846153846154,measured_2025_26,1.0,0.8735849056603774,0.05849056603773585,0.4660377358490566,9,15.792732043610972,23.338289098728563,22.581960640782327
baseline,WAS,Tre Johnson,1642848.0,False,,-1.9,player_value,24.048333333333336,measured_2025_26,1.0,0.6358490566037736,0.22264150943396227,0.4292452830188679,10,13.497442639420758,18.772887986377047,18.164511367085467
current,ATL,Dyson Daniels,1630700.0,False,,3.59,player_value,33.15197368421053,measured_2025_26,1.0,0.9279475982532751,0.9312227074235808,0.929585152838428,1,35.710519340758225,34.43124651248438,33.07850588289722
current,ATL,Jalen Johnson,1630552.0,False,,1.7,player_value,35.16097222222223,measured_2025_26,1.0,0.9868995633187773,0.7183406113537117,0.8526200873362445,2,32.69820658367256,33.92958940294739,32.59655796262661
current,ATL,Nickeil Alexander-Walker,1629638.0,False,,1.02,player_value,33.37448717948718,measured_2025_26,1.0,0.9454148471615721,0.5917030567685589,0.7685589519650655,3,30.278532532391054,31.82650985593912,30.57610456014262
current,ATL,Onyeka Okongwu,1630168.0,False,,1.28,player_value,31.04,measured_2025_26,1.0,0.868995633187773,0.648471615720524,0.7587336244541485,4,27.506573746089252,29.273286873044626,28.123193033126
current,ATL,CJ McCollum,203468.0,False,,1.2,player_value,29.78223684210526,measured_2025_26,1.0,0.8209606986899564,0.6342794759825328,0.7276200873362446,5,24.953652100732715,27.367944471418987,26.292708045652347
current,ATL,Luguentz Dort,1629652.0,False,,0.39,player_value,26.792463768115944,measured_2025_26,1.0,0.6986899563318777,0.49890829694323147,0.5987991266375545,6,22.308311105851995,24.550387436983968,23.5858476679671
current,ATL,Aaron Wiggins,1630598.0,False,,1.39,player_value,21.753846153846155,measured_2025_26,1.0,0.5109170305676856,0.665938864628821,0.5884279475982532,7,19.80751771377083,20.780681933808495,19.96424699143143
current,ATL,Mouhamed Gueye,1631243.0,False,,2.13,player_value,15.309480519480518,measured_2025_26,0.8,0.2663755458515284,0.7849344978165939,0.5256550218340611,8,17.446512193701647,16.377996356591083,12.587627895147659
current,ATL,Jock Landale,1629111.0,False,,-0.0,player_value,22.148970588235294,measured_2025_26,1.0,0.5327510917030568,0.42139737991266374,0.47707423580786024,9,15.792732043610972,18.970851315923134,18.225521304603294
current,ATL,Kingston Flemings,,True,8.0,0.022916748925712382,rookie_slot_8,17.66629693854165,rookie_slot_8,1.0,0.35807860262008734,0.42358078602620086,0.3908296943231441,10,13.497442639420758,15.581869788981203,14.969686656405713
current,BKN,Julius Randle,203944.0,False,,0.87,player_value,33.04164556962025,measured_2025_26,1.0,0.9192139737991266,0.5687772925764192,0.7439956331877728,1,35.710519340758225,34.376082455189234,35.23846571384202
current,BKN,Michael Porter Jr.,1629008.0,False,,0.36,player_value,32.473269230769226,measured_2025_26,1.0,0.9126637554585153,0.48799126637554585,0.7003275109170306,2,32.69820658367256,32.58573790722089,33.40320728810995
current,BKN,Day'Ron Sharpe,1630549.0,False,,3.1,player_value,18.70935483870968,measured_2025_26,1.0,0.39737991266375544,0.888646288209607,0.6430131004366813,3,30.278532532391054,24.493943685550366,25.10841646616281
current,BKN,Keon Ellis,1631165.0,False,,1.61,player_value,20.536805555555556,measured_2025_26,1.0,0.4672489082969432,0.712882096069869,0.590065502183406,4,27.506573746089252,24.021689650822402,24.624315125276226
current,BKN,Terance Mann,1629611.0,False,,0.72,player_value,24.27063492063492,measured_2025_26,1.0,0.611353711790393,0.5458515283842795,0.5786026200873362,5,24.953652100732715,24.612143510683815,25.229581537568972
current,BKN,Josh Minott,1631169.0,False,,2.58,player_value,17.015102040816327,measured_2025_26,1.0,0.32751091703056767,0.8231441048034934,0.5753275109170306,6,22.308311105851995,19.66170657333416,20.15495436000356
current,BKN,Egor DÃ«min,1642856.0,False,,-0.18,player_value,25.158076923076923,measured_2025_26,1.0,0.6353711790393013,0.3799126637554585,0.50764192139738,7,19.80751771377083,22.482797318423877,23.046817027195715
current,BKN,Moritz Wagner,1629021.0,False,,1.4,player_value,11.848888888888888,measured_2025_26,1.0,0.1615720524017467,0.6681222707423581,0.41484716157205237,8,17.446512193701647,14.647700541295269,15.015163347478572
current,BKN,Mikel Brown Jr.,,True,6.0,0.08271973313013059,rookie_slot_6,18.2289840608472,rookie_slot_6,1.0,0.37336244541484714,0.4388646288209607,0.40611353711790393,9,15.792732043610972,17.010858052229086,17.43760473631341
current,BKN,Noah Clowney,1641730.0,False,,-2.1,player_value,26.97030303030303,measured_2025_26,1.0,0.7096069868995634,0.07096069868995633,0.39028384279475986,10,13.497442639420758,20.23387283486189,20.741474398048748
current,BOS,Derrick White,1628401.0,False,,4.5,player_value,34.09025974025974,measured_2025_26,1.0,0.9606986899563319,0.9672489082969432,0.9639737991266375,1,35.710519340758225,34.90038954050898,34.28219670902606
current,BOS,Jayson Tatum,1628369.0,False,,4.32,player_value,32.615,measured_2025_26,1.0,0.9148471615720524,0.9617903930131004,0.9383187772925764,2,32.69820658367256,32.65660329183628,32.07815478964513
current,BOS,Payton Pritchard,1630202.0,False,,2.75,player_value,32.34898734177215,measured_2025_26,1.0,0.9082969432314411,0.8526200873362445,0.8804585152838428,3,30.278532532391054,31.313759937081603,30.759097305095445
current,BOS,Paul George,202331.0,False,,2.69,player_value,30.676216216216215,measured_2025_26,1.0,0.8537117903930131,0.8395196506550219,0.8466157205240175,4,27.506573746089252,29.09139498115273,28.57609724173029
current,BOS,Neemias Queta,1629674.0,False,,4.52,player_value,25.34513157894737,measured_2025_26,1.0,0.6375545851528385,0.9694323144104804,0.8034934497816595,5,24.953652100732715,25.149391839840042,24.703919054113722
current,BOS,Sam Hauser,1630573.0,False,,1.72,player_value,24.797564102564102,measured_2025_26,1.0,0.6179039301310044,0.7237991266375546,0.6708515283842795,6,22.308311105851995,23.552937604208047,23.13574291443572
current,BOS,Mitchell Robinson,1629011.0,False,,2.88,player_value,19.575333333333333,measured_2025_26,1.0,0.42358078602620086,0.8755458515283843,0.6495633187772926,7,19.80751771377083,19.691425523552084,19.342630044171823
current,BOS,Luka Garza,1630568.0,False,,2.06,player_value,16.201159420289855,measured_2025_26,1.0,0.29475982532751094,0.7751091703056768,0.5349344978165939,8,17.446512193701647,16.823835806995753,16.525834127620264
current,BOS,Mike Conley,201144.0,False,,1.49,player_value,18.357962962962965,measured_2025_26,1.0,0.3777292576419214,0.6844978165938864,0.5311135371179039,9,15.792732043610972,17.07534750328697,16.772890781153265
current,BOS,Hugo GonzÃ¡lez,1642864.0,False,,1.96,player_value,14.647972972972974,measured_2025_26,1.0,0.24017467248908297,0.767467248908297,0.50382096069869,10,13.497442639420758,14.072707806196867,13.823437033008306
current,CHA,Kon Knueppel,1642851.0,False,,3.69,player_value,31.49074074074074,measured_2025_26,1.0,0.888646288209607,0.9366812227074236,0.9126637554585153,1,35.710519340758225,33.60063004074948,32.47225733609584
current,CHA,Moussa DiabatÃ©,1631217.0,False,,6.29,player_value,26.013150684931507,measured_2025_26,1.0,0.665938864628821,0.9912663755458515,0.8286026200873362,2,32.69820658367256,29.35567863430203,28.369859426228885
current,CHA,Naz Reid,1629675.0,False,,3.15,player_value,26.070129870129872,measured_2025_26,1.0,0.6681222707423581,0.8930131004366813,0.7805676855895196,3,30.278532532391054,28.174331201260465,27.228183874236578
current,CHA,Brandon Miller,1641706.0,False,,1.09,player_value,30.281846153846153,measured_2025_26,1.0,0.8384279475982532,0.6102620087336245,0.7243449781659388,4,27.506573746089252,28.894209949967703,27.923887733076683
current,CHA,Grayson Allen,1628960.0,False,,0.94,player_value,28.771176470588234,measured_2025_26,1.0,0.7794759825327511,0.5775109170305677,0.6784934497816594,5,24.953652100732715,26.862414285660474,25.960323609852388
current,CHA,Royce O'Neale,1626220.0,False,,0.76,player_value,28.37282051282051,measured_2025_26,1.0,0.7641921397379913,0.5545851528384279,0.6593886462882096,6,22.308311105851995,25.340565809336255,24.489581683590487
current,CHA,Coby White,1629632.0,False,,1.19,player_value,24.996799999999997,measured_2025_26,1.0,0.62882096069869,0.631004366812227,0.6299126637554585,7,19.80751771377083,22.402158856885414,21.64985199392576
current,CHA,Sion James,1642883.0,False,,1.5,player_value,22.480243902439025,measured_2025_26,1.0,0.5458515283842795,0.6877729257641921,0.6168122270742358,8,17.446512193701647,19.963378048070336,19.292970057065244
current,CHA,Ryan Kalkbrenner,1641750.0,False,,1.46,player_value,21.437391304347827,measured_2025_26,1.0,0.5,0.6790393013100436,0.5895196506550218,9,15.792732043610972,18.615061673979397,17.98993269684746
current,CHA,Dorian Finney-Smith,1627827.0,False,,1.98,player_value,16.765135135135132,measured_2025_26,1.0,0.32096069868995636,0.7729257641921398,0.5469432314410481,10,13.497442639420758,15.131288887277945,14.62315158908065
current,CHI,Josh Giddey,1630581.0,False,,1.8,player_value,32.06203703703704,measured_2025_26,1.0,0.9017467248908297,0.74235807860262,0.8220524017467249,1,35.710519340758225,33.886278188897634,33.46703408593406
current,CHI,Norman Powell,1626181.0,False,,2.09,player_value,29.602068965517244,measured_2025_26,1.0,0.8100436681222707,0.7805676855895196,0.7953056768558951,2,32.69820658367256,31.150137774594903,30.76474544865984
current,CHI,Tre Jones,1630200.0,False,,1.23,player_value,26.96,measured_2025_26,1.0,0.7074235807860262,0.6408296943231441,0.6741266375545851,3,30.278532532391054,28.619266266195527,28.26518611179315
current,CHI,Jalen Smith,1630188.0,False,,2.08,player_value,20.667735849056605,measured_2025_26,1.0,0.46943231441048033,0.777292576419214,0.6233624454148472,4,27.506573746089252,24.08715479757293,23.789146336751116
current,CHI,Matas Buzelis,1641824.0,False,,-0.47,player_value,29.198571428571427,measured_2025_26,1.0,0.7947598253275109,0.32532751091703055,0.5600436681222707,5,24.953652100732715,27.07611176465207,26.741123657512226
current,CHI,Isaac Okoro,1630171.0,False,,-0.17,player_value,26.903492063492063,measured_2025_26,1.0,0.7008733624454149,0.38318777292576417,0.5420305676855895,6,22.308311105851995,24.60590158467203,24.301475141615335
current,CHI,Nic Claxton,1629651.0,False,,-1.04,player_value,27.831594202898554,measured_2025_26,1.0,0.7467248908296943,0.21615720524017468,0.4814410480349345,7,19.80751771377083,23.819555958334693,23.52485825458939
current,CHI,Zach Collins,1628380.0,False,,0.6,player_value,18.372999999999998,measured_2025_26,1.0,0.38209606986899564,0.537117903930131,0.45960698689956336,8,17.446512193701647,17.90975609685082,17.6881749722651
current,CHI,Leonard Miller,1631159.0,False,,0.94,player_value,15.622826086956522,measured_2025_26,1.0,0.27292576419213976,0.5775109170305677,0.4252183406113537,9,15.792732043610972,15.707779065283747,15.5134409999741
current,CHI,Caleb Wilson,,True,4.0,0.14252271733454883,rookie_slot_4,18.79167118315275,rookie_slot_4,1.0,0.39956331877729256,0.44541484716157204,0.42248908296943233,10,13.497442639420758,16.144556911286756,15.944814990905709
current,CLE,Donovan Mitchell,1628378.0,False,,3.99,player_value,33.458285714285715,measured_2025_26,1.0,0.9475982532751092,0.9519650655021834,0.9497816593886463,1,35.710519340758225,34.58440252752197,33.45873875702461
current,CLE,Evan Mobley,1630596.0,False,,4.02,player_value,31.913076923076922,measured_2025_26,1.0,0.8995633187772926,0.9541484716157205,0.9268558951965065,2,32.69820658367256,32.30564175337474,31.254147789426646
current,CLE,James Harden,201935.0,False,,1.61,player_value,34.834857142857146,measured_2025_26,1.0,0.9737991266375546,0.712882096069869,0.8433406113537119,3,30.278532532391054,32.5566948376241,31.497029520674133
current,CLE,Jarrett Allen,1628386.0,False,,3.45,player_value,27.12857142857143,measured_2025_26,1.0,0.7161572052401747,0.9137554585152838,0.8149563318777293,4,27.506573746089252,27.31757258733034,26.428431832765657
current,CLE,Sam Merrill,1630241.0,False,,1.6,player_value,26.482307692307693,measured_2025_26,1.0,0.6899563318777293,0.7085152838427947,0.6992358078602621,5,24.953652100732715,25.717979896520205,24.88090317683843
current,CLE,Peyton Watson,1631212.0,False,,-0.14,player_value,29.588148148148147,measured_2025_26,1.0,0.8078602620087336,0.39082969432314413,0.5993449781659389,6,22.308311105851995,25.94822962700007,25.103658668273347
current,CLE,Jaylon Tyson,1642281.0,False,,0.04,player_value,26.931515151515153,measured_2025_26,1.0,0.7052401746724891,0.4279475982532751,0.5665938864628821,7,19.80751771377083,23.369516432642992,22.608878224094077
current,CLE,Craig Porter Jr.,1641854.0,False,,0.7,player_value,17.93296875,measured_2025_26,1.0,0.36681222707423583,0.5403930131004366,0.4536026200873362,8,17.446512193701647,17.689740471850826,17.113969358187173
current,CLE,Nae'Qwan Tomlin,1641772.0,False,,1.07,player_value,15.68140625,measured_2025_26,1.0,0.27729257641921395,0.601528384279476,0.43941048034934493,9,15.792732043610972,15.737069146805485,15.224854180007272
current,CLE,Thomas Bryant,1628418.0,False,,0.85,player_value,12.197666666666667,measured_2025_26,1.0,0.17685589519650655,0.5600436681222707,0.36844978165938863,10,13.497442639420758,12.847554653043712,12.42938849270865
current,DAL,Cooper Flagg,1642843.0,False,,0.86,player_value,33.34614285714286,measured_2025_26,1.0,0.9432314410480349,0.5644104803493449,0.7538209606986899,1,35.710519340758225,34.528331098950545,35.26230770077485
current,DAL,Daniel Gafford,1629655.0,False,,3.84,player_value,21.519636363636362,measured_2025_26,1.0,0.5021834061135371,0.9465065502183406,0.7243449781659388,2,32.69820658367256,27.108921473654462,27.685181994481066
current,DAL,P.J. Washington,1629023.0,False,,0.07,player_value,30.78964285714286,measured_2025_26,1.0,0.8558951965065502,0.435589519650655,0.6457423580786026,3,30.278532532391054,30.534087694766956,31.18315775441694
current,DAL,Dereck Lively II,1641726.0,False,,4.48,player_value,16.470000000000002,measured_2025_26,1.0,0.3056768558951965,0.9650655021834061,0.6353711790393013,4,27.506573746089252,21.98828687304463,22.455696897374064
current,DAL,Naji Marshall,1630230.0,False,,0.07,player_value,29.425270270270268,measured_2025_26,1.0,0.8013100436681223,0.435589519650655,0.6184497816593887,5,24.953652100732715,27.189461185501493,27.767433757334675
current,DAL,Santi Aldama,1630583.0,False,,0.28,player_value,27.86302325581395,measured_2025_26,1.0,0.7489082969432315,0.47489082969432317,0.6118995633187774,6,22.308311105851995,25.08566718083297,25.618918924136683
current,DAL,Max Christie,1631108.0,False,,-1.01,player_value,29.034675324675327,measured_2025_26,1.0,0.7882096069868996,0.22489082969432314,0.5065502183406113,7,19.80751771377083,24.421096519223077,24.94022133254333
current,DAL,Kyrie Irving,202681.0,False,,3.48,player_value,6.0,default_fringe,1.0,0.03820960698689956,0.9224890829694323,0.48034934497816595,8,17.446512193701647,11.723256096850823,11.972460022972355
current,DAL,Moussa Cisse,1630619.0,False,,1.54,player_value,13.91342105263158,measured_2025_26,1.0,0.22270742358078602,0.6997816593886463,0.46124454148471616,9,15.792732043610972,14.853076548121276,15.168811780738924
current,DAL,Klay Thompson,202691.0,False,,-0.69,player_value,21.647101449275365,measured_2025_26,1.0,0.5087336244541485,0.2794759825327511,0.3941048034934498,10,13.497442639420758,17.57227204434806,17.945809835227124
current,DEN,Nikola JokiÄ,203999.0,False,,6.63,player_value,34.844,measured_2025_26,1.0,0.9759825327510917,0.9934497816593887,0.9847161572052402,1,35.710519340758225,35.27725967037911,35.32984985546116
current,DEN,Jamal Murray,1627750.0,False,,1.95,player_value,35.35906666666666,measured_2025_26,1.0,0.9890829694323144,0.7631004366812227,0.8760917030567685,2,32.69820658367256,34.02863662516961,34.07936540384825
current,DEN,Christian Braun,1631128.0,False,,2.44,player_value,31.79909090909091,measured_2025_26,1.0,0.8951965065502183,0.8209606986899564,0.8580786026200873,3,30.278532532391054,31.03881172074098,31.08508336622515
current,DEN,Cameron Johnson,1629661.0,False,,2.37,player_value,30.500555555555554,measured_2025_26,1.0,0.8493449781659389,0.8133187772925764,0.8313318777292577,4,27.506573746089252,29.003564650822405,29.04680221653125
current,DEN,Aaron Gordon,203932.0,False,,3.2,player_value,27.91611111111111,measured_2025_26,1.0,0.7510917030567685,0.8973799126637555,0.8242358078602621,5,24.953652100732715,26.434881605921912,26.474289862948318
current,DEN,Marvin Bagley III,1628963.0,False,,0.87,player_value,20.014833333333335,measured_2025_26,1.0,0.4519650655021834,0.5687772925764192,0.5103711790393013,6,22.308311105851995,21.161572219592664,21.193119199433337
current,DEN,Spencer Jones,1642461.0,False,,-0.86,player_value,22.13734375,measured_2025_26,1.0,0.5305676855895196,0.2521834061135371,0.39137554585152834,7,19.80751771377083,20.972430731885417,21.00369574578151
current,DEN,Tyus Jones,1626145.0,False,,-1.24,player_value,14.605820895522388,measured_2025_26,1.0,0.23580786026200873,0.19213973799126638,0.21397379912663755,8,17.446512193701647,16.026166544612018,16.050057829610115
current,DEN,Zeke Nnaji,1630192.0,False,,-0.86,player_value,12.038653846153846,measured_2025_26,1.0,0.1703056768558952,0.2521834061135371,0.21124454148471616,9,15.792732043610972,13.915692944882409,13.936438004854596
current,DEN,Trevon Brazile,,True,35.0,-0.7844235378339335,rookie_slot_35,10.07002078741673,rookie_slot_35,1.0,0.11790393013100436,0.26419213973799127,0.19104803493449782,10,13.497442639420758,11.783731713418744,11.801298515306314
current,DET,Cade Cunningham,1630595.0,False,,3.62,player_value,33.93234375,measured_2025_26,1.0,0.9585152838427947,0.9344978165938864,0.9465065502183405,1,35.710519340758225,34.82143154537911,35.30933942804811
current,DET,Ausar Thompson,1641709.0,False,,3.39,player_value,25.967260273972602,measured_2025_26,1.0,0.6637554585152838,0.9104803493449781,0.787117903930131,2,32.69820658367256,29.33273342882258,29.743735252268586
current,DET,Duncan Robinson,1629130.0,False,,1.18,player_value,27.44441558441558,measured_2025_26,1.0,0.7292576419213974,0.6277292576419214,0.6784934497816595,3,30.278532532391054,28.861474058403317,29.265872731105517
current,DET,Isaiah Joe,1630198.0,False,,1.97,player_value,21.232394366197184,measured_2025_26,1.0,0.4890829694323144,0.7707423580786026,0.6299126637554585,4,27.506573746089252,24.369484056143218,24.710942257023724
current,DET,Kevin Huerter,1628989.0,False,,1.53,player_value,22.45086956521739,measured_2025_26,1.0,0.5414847161572053,0.6954148471615721,0.6184497816593887,5,24.953652100732715,23.70226083297505,24.034370093974683
current,DET,Javonte Green,1629750.0,False,,2.41,player_value,17.635365853658534,measured_2025_26,1.0,0.3537117903930131,0.8187772925764192,0.5862445414847162,6,22.308311105851995,19.971838479755263,20.25167813577187
current,DET,Paul Reed,1630194.0,False,,3.82,player_value,13.856615384615385,measured_2025_26,1.0,0.2205240174672489,0.9432314410480349,0.5818777292576419,7,19.80751771377083,16.832066549193108,17.06791262405244
current,DET,John Collins,1628381.0,False,,-0.28,player_value,27.121884057971016,measured_2025_26,1.0,0.7139737991266376,0.3558951965065502,0.534934497816594,8,17.446512193701647,22.284198125836333,22.596437900079508
current,DET,Daniss Jenkins,1642450.0,False,,0.27,player_value,20.213472222222222,measured_2025_26,1.0,0.45633187772925765,0.4705240174672489,0.4634279475982533,9,15.792732043610972,18.003102132916595,18.255356421534742
current,DET,Taurean Prince,1627752.0,False,,-1.13,player_value,23.51269230769231,measured_2025_26,1.0,0.5807860262008734,0.19978165938864628,0.3902838427947598,10,13.497442639420758,18.505067473556533,18.764355156140855
current,GSW,Stephen Curry,201939.0,False,,3.45,player_value,30.901162790697676,measured_2025_26,1.0,0.8602620087336245,0.9137554585152838,0.8870087336244541,1,35.710519340758225,33.30584106572795,34.7461291377435
current,GSW,Brandin Podziemski,1641764.0,False,,2.27,player_value,28.447926829268294,measured_2025_26,1.0,0.7707423580786026,0.8002183406113537,0.7854803493449781,2,32.69820658367256,30.573066706470428,31.89517784053144
current,GSW,Kristaps PorziÅÄ£is,204001.0,False,,2.73,player_value,24.030625,measured_2025_26,1.0,0.6004366812227074,0.8471615720524017,0.7237991266375545,3,30.278532532391054,27.154578766195527,28.328859752535887
current,GSW,Al Horford,201143.0,False,,2.86,player_value,21.538222222222224,measured_2025_26,1.0,0.5043668122270742,0.87117903930131,0.6877729257641921,4,27.506573746089252,24.522397984155738,25.582852132246348
current,GSW,De'Anthony Melton,1629001.0,False,,1.91,player_value,22.96551020408163,measured_2025_26,1.0,0.5655021834061136,0.75764192139738,0.6615720524017468,5,24.953652100732715,23.959581152407175,24.995696675693285
current,GSW,Draymond Green,203110.0,False,,0.75,player_value,27.484264705882353,measured_2025_26,1.0,0.7314410480349345,0.5524017467248908,0.6419213973799127,6,22.308311105851995,24.896287905867176,25.97291066514599
current,GSW,Gui Santos,1630611.0,False,,1.43,player_value,20.521029411764708,measured_2025_26,1.0,0.4650655021834061,0.6713973799126638,0.5682314410480349,7,19.80751771377083,20.164273562767768,21.036263633098045
current,GSW,Gary Payton II,1627780.0,False,,2.26,player_value,15.647534246575342,measured_2025_26,1.0,0.27510917030567683,0.7969432314410481,0.5360262008733625,8,17.446512193701647,16.547023220138495,17.262587800066
current,GSW,Charles Bassey,1629646.0,False,,1.74,player_value,11.744615384615384,measured_2025_26,1.0,0.1572052401746725,0.7292576419213974,0.44323144104803497,9,15.792732043610972,13.768673714113177,14.364090490371007
current,GSW,Yaxel Lendeborg,,True,11.0,-0.06678772738091493,rookie_slot_11,16.822266255083328,rookie_slot_11,1.0,0.3231441048034934,0.40611353711790393,0.3646288209606987,10,13.497442639420758,15.159854447252043,15.815431872568501
current,HOU,Amen Thompson,1641708.0,False,,3.48,player_value,37.2279746835443,measured_2025_26,1.0,0.9978165938864629,0.9224890829694323,0.9601528384279476,1,35.710519340758225,36.469247012151264,34.07869119704685
current,HOU,Alperen ÅengÃ¼n,1630578.0,False,,2.37,player_value,33.141666666666666,measured_2025_26,1.0,0.9235807860262009,0.8133187772925764,0.8684497816593886,2,32.69820658367256,32.91993662516961,30.76203778218152
current,HOU,Kevin Durant,201142.0,False,,1.77,player_value,36.27346153846154,measured_2025_26,1.0,0.9956331877729258,0.7390829694323144,0.86735807860262,3,30.278532532391054,33.2759970354263,31.094758465023933
current,HOU,Marcus Smart,203935.0,False,,2.27,player_value,28.53306451612903,measured_2025_26,1.0,0.7751091703056768,0.8002183406113537,0.7876637554585153,4,27.506573746089252,28.01981913110914,26.183122542892534
current,HOU,Tari Eason,1631106.0,False,,3.08,player_value,25.69183333333333,measured_2025_26,1.0,0.6441048034934498,0.8864628820960698,0.7652838427947598,5,24.953652100732715,25.322742717033023,23.6628392417453
current,HOU,Jabari Smith Jr.,1631095.0,False,,0.38,player_value,35.134935064935064,measured_2025_26,1.0,0.9847161572052402,0.49563318777292575,0.740174672489083,6,22.308311105851995,28.72162308539353,26.838923311988623
current,HOU,Steven Adams,203500.0,False,,3.22,player_value,22.6521875,measured_2025_26,1.0,0.5545851528384279,0.9017467248908297,0.7281659388646289,7,19.80751771377083,21.229852606885416,19.838237704984927
current,HOU,Reed Sheppard,1642263.0,False,,0.04,player_value,26.126829268292685,measured_2025_26,1.0,0.6724890829694323,0.4279475982532751,0.5502183406113537,8,17.446512193701647,21.786670730997166,20.358556451851314
current,HOU,Clint Capela,203991.0,False,,3.16,player_value,12.281733333333333,measured_2025_26,1.0,0.1812227074235808,0.8951965065502183,0.5382096069868996,9,15.792732043610972,14.037232688472152,13.117093366148879
current,HOU,Oscar Tshiebwe,1631131.0,False,,1.56,player_value,16.607407407407408,measured_2025_26,1.0,0.3165938864628821,0.7030567685589519,0.509825327510917,10,13.497442639420758,15.052425023414083,14.065739936136127
current,IND,Pascal Siakam,1627783.0,False,,3.22,player_value,33.17161290322581,measured_2025_26,1.0,0.9301310043668122,0.9017467248908297,0.9159388646288209,1,35.710519340758225,34.441066121992016,34.20556682943223
current,IND,Ivica Zubac,1627826.0,False,,2.74,player_value,30.140208333333334,measured_2025_26,1.0,0.8318777292576419,0.8493449781659389,0.8406113537117904,2,32.69820658367256,31.419207458502946,31.204370870603533
current,IND,Aaron Nesmith,1630174.0,False,,0.84,player_value,29.666444444444444,measured_2025_26,1.0,0.8144104803493449,0.5567685589519651,0.685589519650655,3,30.278532532391054,29.97248848841775,29.767544198648167
current,IND,Jay Huff,1630643.0,False,,1.75,player_value,20.966463414634145,measured_2025_26,1.0,0.48034934497816595,0.7336244541484717,0.6069868995633187,4,27.506573746089252,24.236518580361697,24.070795400958062
current,IND,Andrew Nembhard,1629614.0,False,,-1.01,player_value,31.326666666666664,measured_2025_26,1.0,0.8820960698689956,0.22489082969432314,0.5534934497816594,5,24.953652100732715,28.14015938369969,27.94774409655649
current,IND,T.J. McConnell,204456.0,False,,1.9,player_value,17.188214285714285,measured_2025_26,1.0,0.33406113537117904,0.7554585152838428,0.5447598253275109,6,22.308311105851995,19.74826269578314,19.613229074069203
current,IND,Kelly Oubre Jr.,1626162.0,False,,-1.41,player_value,31.487999999999996,measured_2025_26,1.0,0.8864628820960698,0.1703056768558952,0.5283842794759825,7,19.80751771377083,25.647758856885414,25.4723859736783
current,IND,Obi Toppin,1630167.0,False,,1.48,player_value,17.655,measured_2025_26,1.0,0.3558951965065502,0.6812227074235808,0.5185589519650655,8,17.446512193701647,17.550756096850826,17.430748469036466
current,IND,Tyrese Haliburton,1630169.0,False,,4.72,player_value,6.0,default_fringe,1.0,0.03820960698689956,0.9759825327510917,0.5070960698689956,9,15.792732043610972,10.896366021805486,10.82185942899217
current,IND,Jarace Walker,1641716.0,False,,-3.0,player_value,25.702105263157893,measured_2025_26,1.0,0.6462882096069869,0.03275109170305677,0.3395196506550218,10,13.497442639420758,19.599773951289325,19.46575565802537
current,LAC,Kawhi Leonard,202695.0,False,,5.95,player_value,32.07292307692308,measured_2025_26,1.0,0.9039301310043668,0.9890829694323144,0.9465065502183406,1,35.710519340758225,33.89172120884065,33.694221015109925
current,LAC,Kris Dunn,1627739.0,False,,1.82,player_value,27.195487804878052,measured_2025_26,1.0,0.722707423580786,0.7445414847161572,0.7336244541484715,2,32.69820658367256,29.946847194275307,29.772335310206376
current,LAC,Derrick Jones Jr.,1627884.0,False,,1.35,player_value,26.9902,measured_2025_26,1.0,0.7117903930131004,0.6626637554585153,0.6872270742358079,3,30.278532532391054,28.634366266195528,28.467502717127534
current,LAC,Darius Garland,1629636.0,False,,0.48,player_value,29.873555555555555,measured_2025_26,1.0,0.8253275109170306,0.5109170305676856,0.6681222707423581,4,27.506573746089252,28.690064650822404,28.522876525682086
current,LAC,Rui Hachimura,1629060.0,False,,0.43,player_value,28.331911764705882,measured_2025_26,1.0,0.75764192139738,0.5054585152838428,0.6315502183406114,5,24.953652100732715,26.6427819327193,26.487524117372203
current,LAC,Brook Lopez,201572.0,False,,1.73,player_value,21.804133333333333,measured_2025_26,1.0,0.5131004366812227,0.7270742358078602,0.6200873362445415,6,22.308311105851995,22.056222219592662,21.927692065148896
current,LAC,Isaiah Jackson,1630543.0,False,,2.19,player_value,16.515272727272727,measured_2025_26,1.0,0.3078602620087336,0.7903930131004366,0.5491266375545851,7,19.80751771377083,18.16139522052178,18.05556173238552
current,LAC,Max Strus,1629622.0,False,,0.36,player_value,24.025000000000002,measured_2025_26,1.0,0.5982532751091703,0.48799126637554585,0.5431222707423581,8,17.446512193701647,20.735756096850825,20.614920810231837
current,LAC,Nicolas Batum,201587.0,False,,1.23,player_value,17.494729729729727,measured_2025_26,1.0,0.35152838427947597,0.6408296943231441,0.49617903930131,9,15.792732043610972,16.643730886670348,16.546741416756323
current,LAC,Keaton Wagler,,True,5.0,0.11262122523233972,rookie_slot_5,18.510327621999974,rookie_slot_5,1.0,0.3864628820960699,0.4432314410480349,0.41484716157205237,10,13.497442639420758,16.003885130710366,15.910624289979294
current,LAL,Luka DonÄiÄ,1629029.0,False,,4.63,player_value,35.76015625,measured_2025_26,1.0,0.9934497816593887,0.9716157205240175,0.982532751091703,1,35.710519340758225,35.73533779537911,35.060198296652196
current,LAL,Walker Kessler,1631117.0,False,,3.02,player_value,30.798000000000002,measured_2025_26,1.0,0.8580786026200873,0.8799126637554585,0.8689956331877728,2,32.69820658367256,31.74810329183628,31.148293695388244
current,LAL,Austin Reaves,1630559.0,False,,1.43,player_value,34.543137254901964,measured_2025_26,1.0,0.9694323144104804,0.6713973799126638,0.8204148471615721,3,30.278532532391054,32.41083489364651,31.798504461828212
current,LAL,Sandro Mamukelashvili,1630572.0,False,,3.3,player_value,21.884999999999998,measured_2025_26,1.0,0.517467248908297,0.9061135371179039,0.7117903930131004,4,27.506573746089252,24.695786873044625,24.229215064892024
current,LAL,Jake LaRavia,1631222.0,False,,0.42,player_value,25.140243902439025,measured_2025_26,1.0,0.6331877729257642,0.5021834061135371,0.5676855895196506,5,24.953652100732715,25.046948001585868,24.57374178718662
current,LAL,Matisse Thybulle,1629680.0,False,,2.6,player_value,15.989666666666666,measured_2025_26,1.0,0.28820960698689957,0.8275109170305677,0.5578602620087336,6,22.308311105851995,19.148988886259332,18.787211453740753
current,LAL,Kevon Looney,1626172.0,False,,2.76,player_value,14.642857142857142,measured_2025_26,1.0,0.23799126637554585,0.8558951965065502,0.5469432314410481,7,19.80751771377083,17.225187428313987,16.899755933237067
current,LAL,Quentin Grimes,1629656.0,False,,-0.98,player_value,29.410266666666665,measured_2025_26,1.0,0.7991266375545851,0.2390829694323144,0.5191048034934498,8,17.446512193701647,23.428389430184154,22.98576226974022
current,LAL,Jarred Vanderbilt,1629020.0,False,,1.52,player_value,17.350153846153844,measured_2025_26,1.0,0.34497816593886466,0.6910480349344978,0.5180131004366813,9,15.792732043610972,16.571442944882406,16.258362493620062
current,LAL,Collin Sexton,1629012.0,False,,-0.79,player_value,23.723676470588234,measured_2025_26,1.0,0.5851528384279476,0.26200873362445415,0.42358078602620086,10,13.497442639420758,18.610559555004496,18.258954543714584
current,MEM,Zach Edey,1641744.0,False,,4.8,player_value,25.80363636363636,measured_2025_26,1.0,0.6572052401746725,0.980349344978166,0.8187772925764192,1,35.710519340758225,30.75707785219729,30.75558368026196
current,MEM,Ty Jerome,1629660.0,False,,3.35,player_value,22.579333333333334,measured_2025_26,1.0,0.5480349344978166,0.9082969432314411,0.7281659388646289,2,32.69820658367256,27.638769958502948,27.637427273264855
current,MEM,Cedric Coward,1642907.0,False,,1.45,player_value,25.772903225806452,measured_2025_26,1.0,0.6528384279475983,0.675764192139738,0.6643013100436681,3,30.278532532391054,28.025717879098753,28.02435639601757
current,MEM,Kris Murray,1631200.0,False,,1.08,player_value,23.390350877192983,measured_2025_26,1.0,0.5764192139737991,0.6058951965065502,0.5911572052401747,4,27.506573746089252,25.448462311641116,25.44722603105666
current,MEM,Cam Spencer,1642285.0,False,,0.88,player_value,23.811805555555555,measured_2025_26,1.0,0.5895196506550219,0.5720524017467249,0.5807860262008734,5,24.953652100732715,24.382728828144135,24.38154432065299
current,MEM,Jaylen Wells,1642377.0,False,,0.04,player_value,26.386376811594204,measured_2025_26,1.0,0.6812227074235808,0.4279475982532751,0.554585152838428,6,22.308311105851995,24.3473439587231,24.346161170220963
current,MEM,Scotty Pippen Jr.,1630590.0,False,,1.03,player_value,21.188,measured_2025_26,1.0,0.4847161572052402,0.5938864628820961,0.5393013100436681,7,19.80751771377083,20.497758856885415,20.49676308036307
current,MEM,Isaiah Stewart,1630191.0,False,,0.35,player_value,22.70948275862069,measured_2025_26,1.0,0.5567685589519651,0.48253275109170307,0.519650655021834,8,17.446512193701647,20.07799747616117,20.07702209155244
current,MEM,Jerami Grant,203924.0,False,,-1.32,player_value,29.739122807017544,measured_2025_26,1.0,0.8187772925764192,0.1812227074235808,0.5,9,15.792732043610972,22.76592742531426,22.764821461672195
current,MEM,D'Angelo Russell,1626156.0,False,,1.04,player_value,18.642307692307693,measured_2025_26,1.0,0.3951965065502183,0.5960698689956332,0.49563318777292575,10,13.497442639420758,16.069875165864225,16.06909449493728
current,MIA,Bam Adebayo,1628389.0,False,,3.49,player_value,32.393150684931506,measured_2025_26,1.0,0.9104803493449781,0.925764192139738,0.9181222707423581,1,35.710519340758225,34.05183501284486,34.08574986126741
current,MIA,Giannis Antetokounmpo,203507.0,False,,7.29,player_value,28.866666666666667,measured_2025_26,1.0,0.7816593886462883,0.9956331877729258,0.888646288209607,2,32.69820658367256,30.782436625169613,30.813095227615715
current,MIA,Davion Mitchell,1630558.0,False,,0.54,player_value,28.574857142857145,measured_2025_26,1.0,0.777292576419214,0.5207423580786026,0.6490174672489083,3,30.278532532391054,29.426694837624098,29.456003152274924
current,MIA,Bobby Portis,1626171.0,False,,1.13,player_value,24.16910447761194,measured_2025_26,1.0,0.6048034934497817,0.6222707423580786,0.6135371179039302,4,27.506573746089252,25.837839111850595,25.863573008326778
current,MIA,Pelle Larsson,1641796.0,False,,0.33,player_value,26.416285714285717,measured_2025_26,1.0,0.6877729257641921,0.48034934497816595,0.5840611353711791,5,24.953652100732715,25.684968907509216,25.71055054876019
current,MIA,Andrew Wiggins,203952.0,False,,-0.9,player_value,30.332941176470587,measured_2025_26,1.0,0.8427947598253275,0.24672489082969432,0.5447598253275109,6,22.308311105851995,26.32062614116129,26.346840882470453
current,MIA,Dru Smith,1630696.0,False,,1.12,player_value,16.304714285714283,measured_2025_26,1.0,0.30131004366812225,0.618995633187773,0.46015283842794763,7,19.80751771377083,18.05611599974256,18.074099478077873
current,MIA,Tim Hardaway Jr.,203501.0,False,,-1.07,player_value,26.59175,measured_2025_26,1.0,0.6965065502183406,0.2074235807860262,0.4519650655021834,8,17.446512193701647,22.019131096850824,22.04106164753228
current,MIA,Myron Gardner,1642066.0,False,,2.25,player_value,9.122222222222222,measured_2025_26,1.0,0.0982532751091703,0.7947598253275109,0.44650655021834057,9,15.792732043610972,12.457477132916598,12.469884495061129
current,MIA,Simone Fontecchio,1631323.0,False,,0.18,player_value,16.750714285714285,measured_2025_26,1.0,0.31877729257641924,0.45414847161572053,0.3864628820960699,10,13.497442639420758,15.124078462567521,15.139141698613248
current,MIL,Ryan Rollins,1631157.0,False,,1.71,player_value,32.101081081081084,measured_2025_26,1.0,0.9061135371179039,0.7205240174672489,0.8133187772925764,1,35.710519340758225,33.90580021091965,32.73384522311852
current,MIL,Tyler Herro,1629639.0,False,,1.3,player_value,31.292424242424246,measured_2025_26,1.0,0.8777292576419214,0.6506550218340611,0.7641921397379913,2,32.69820658367256,31.995315413048402,30.889396388830356
current,MIL,Kevin Porter Jr.,1629645.0,False,,0.5,player_value,33.18447368421052,measured_2025_26,1.0,0.9323144104803494,0.5152838427947598,0.7237991266375545,3,30.278532532391054,31.73150310830079,30.6347027642044
current,MIL,Myles Turner,1626167.0,False,,1.75,player_value,26.927042253521126,measured_2025_26,1.0,0.7030567685589519,0.7336244541484717,0.7183406113537119,4,27.506573746089252,27.21680799980519,26.276058225755477
current,MIL,Kel'el Ware,1642276.0,False,,1.92,player_value,22.127662337662336,measured_2025_26,1.0,0.5283842794759825,0.759825327510917,0.6441048034934498,5,24.953652100732715,23.540657219197527,22.72697370568263
current,MIL,A.J. Green,1631260.0,False,,-0.07,player_value,29.101410256410254,measured_2025_26,1.0,0.7903930131004366,0.4028384279475983,0.5966157205240175,6,22.308311105851995,25.704860681131123,24.816371410900516
current,MIL,Jaime Jaquez Jr.,1631170.0,False,,-0.33,player_value,28.282933333333332,measured_2025_26,1.0,0.7554585152838428,0.35043668122270744,0.5529475982532751,7,19.80751771377083,24.045225523552084,23.214101591663457
current,MIL,Caris LeVert,1627747.0,False,,0.16,player_value,19.241,measured_2025_26,1.0,0.40829694323144106,0.4497816593886463,0.42903930131004364,8,17.446512193701647,18.343756096850825,17.709703624442636
current,MIL,Kasparas JakuÄionis,1642857.0,False,,-0.07,player_value,17.823584905660375,measured_2025_26,1.0,0.3624454148471616,0.4028384279475983,0.38264192139737996,9,15.792732043610972,16.808158474635675,16.22718397948847
current,MIL,Brayden Burries,,True,10.0,-0.036886235278705826,rookie_slot_10,17.1036098162361,rookie_slot_10,1.0,0.3318777292576419,0.4126637554585153,0.3722707423580786,10,13.497442639420758,15.30052622782843,14.77166308591354
current,MIN,Rudy Gobert,203497.0,False,,5.28,player_value,31.31736842105263,measured_2025_26,1.0,0.8799126637554585,0.9868995633187773,0.9334061135371179,1,35.710519340758225,33.51394388090543,34.97770520138471
current,MIN,Anthony Edwards,1630162.0,False,,1.88,player_value,35.02704918032787,measured_2025_26,1.0,0.982532751091703,0.7510917030567685,0.8668122270742358,2,32.69820658367256,33.86262788200021,35.34161839053585
current,MIN,LaMelo Ball,1630163.0,False,,2.29,player_value,28.020555555555557,measured_2025_26,1.0,0.7532751091703057,0.8056768558951966,0.7794759825327511,3,30.278532532391054,29.149544043973307,30.422685015767005
current,MIN,Jaden McDaniels,1630183.0,False,,1.05,player_value,31.73123287671233,measured_2025_26,1.0,0.8930131004366813,0.5982532751091703,0.7456331877729258,4,27.506573746089252,29.618903311400793,30.91254410689504
current,MIN,Jonathan Kuminga,1630228.0,False,,1.33,player_value,23.06972222222222,measured_2025_26,1.0,0.5676855895196506,0.6561135371179039,0.6118995633187773,5,24.953652100732715,24.011687161477468,25.06042612909401
current,MIN,Ayo Dosunmu,1630245.0,False,,-0.21,player_value,27.262028985507246,measured_2025_26,1.0,0.7270742358078602,0.36899563318777295,0.5480349344978166,6,22.308311105851995,24.78517004567962,25.867691797320965
current,MIN,Joan Beringer,1642866.0,False,,2.29,player_value,7.85375,measured_2025_26,1.0,0.07860262008733625,0.8056768558951966,0.4421397379912664,7,19.80751771377083,13.830633856885417,14.434703224231779
current,MIN,Bones Hyland,1630538.0,False,,0.54,player_value,16.57605633802817,measured_2025_26,1.0,0.314410480349345,0.5207423580786026,0.4175764192139738,8,17.446512193701647,17.01128426586491,17.754272319092447
current,MIN,Jaylen Clark,1641740.0,False,,0.22,player_value,13.055,measured_2025_26,1.0,0.20305676855895197,0.4606986899563319,0.3318777292576419,9,15.792732043610972,14.423866021805486,15.053845508836956
current,MIN,Trey Lyles,1626168.0,False,,0.09,player_value,6.0,default_fringe,1.0,0.03820960698689956,0.4410480349344978,0.23962882096069868,10,13.497442639420758,9.748721319710379,10.174508306841249
current,NOP,Zion Williamson,1629627.0,False,,2.93,player_value,29.694193548387098,measured_2025_26,1.0,0.8165938864628821,0.8777292576419214,0.8471615720524017,1,35.710519340758225,32.70235644457266,31.585821570404146
current,NOP,Herbert Jones,1630529.0,False,,1.88,player_value,28.364285714285717,measured_2025_26,1.0,0.7620087336244541,0.7510917030567685,0.7565502183406113,2,32.69820658367256,30.531246148979136,29.488838054169936
current,NOP,Trey Murphy III,1630530.0,False,,0.49,player_value,35.46409090909091,measured_2025_26,1.0,0.9912663755458515,0.5131004366812227,0.7521834061135371,3,30.278532532391054,32.871311720740984,31.749008318596925
current,NOP,Saddiq Bey,1630180.0,False,,1.11,player_value,31.188472222222224,measured_2025_26,1.0,0.8733624454148472,0.6146288209606987,0.743995633187773,4,27.506573746089252,29.347522984155738,28.34552996454537
current,NOP,Dejounte Murray,1627749.0,False,,-0.5,player_value,27.81642857142857,measured_2025_26,1.0,0.7445414847161572,0.31986899563318777,0.5322052401746725,5,24.953652100732715,26.385040336080642,25.4841933973743
current,NOP,DeAndre Jordan,201599.0,False,,1.33,player_value,16.565833333333334,measured_2025_26,1.0,0.31222707423580787,0.6561135371179039,0.48417030567685587,6,22.308311105851995,19.437072219592665,18.773445149730275
current,NOP,Jeremiah Fears,1642847.0,False,,-1.82,player_value,25.755243902439023,measured_2025_26,1.0,0.6506550218340611,0.14410480349344978,0.39737991266375544,7,19.80751771377083,22.781380808104927,22.00357122740776
current,NOP,Derik Queen,1642852.0,False,,-1.5,player_value,24.98,measured_2025_26,1.0,0.6266375545851528,0.1615720524017467,0.3941048034934498,8,17.446512193701647,21.213256096850824,20.488985958491035
current,NOP,Jordan Poole,1629673.0,False,,-1.49,player_value,23.92871794871795,measured_2025_26,1.0,0.5960698689956332,0.16375545851528384,0.3799126637554585,9,15.792732043610972,19.86072499616446,19.182633430436688
current,NOP,Christian Koloko,1631132.0,False,,0.43,player_value,13.21037037037037,measured_2025_26,1.0,0.2074235807860262,0.5054585152838428,0.3564410480349345,10,13.497442639420758,13.353906504895564,12.89797292884355
current,NYK,Jalen Brunson,1628973.0,False,,2.69,player_value,34.998243243243245,measured_2025_26,1.0,0.980349344978166,0.8395196506550219,0.909934497816594,1,35.710519340758225,35.35438129200074,33.763782514828634
current,NYK,Karl-Anthony Towns,1626157.0,False,,3.86,player_value,30.957466666666665,measured_2025_26,1.0,0.8624454148471615,0.9497816593886463,0.9061135371179039,2,32.69820658367256,31.82783662516961,30.395897607544008
current,NYK,OG Anunoby,1628384.0,False,,2.65,player_value,33.191044776119405,measured_2025_26,1.0,0.9344978165938864,0.834061135371179,0.8842794759825328,3,30.278532532391054,31.73478865425523,30.30703587842898
current,NYK,Mikal Bridges,1628969.0,False,,1.6,player_value,32.8290243902439,measured_2025_26,1.0,0.9170305676855895,0.7085152838427947,0.8127729257641921,4,27.506573746089252,30.167799068166577,28.810545382647927
current,NYK,Josh Hart,1628404.0,False,,2.13,player_value,30.20590909090909,measured_2025_26,1.0,0.834061135371179,0.7849344978165939,0.8094978165938864,5,24.953652100732715,27.5797805958209,26.338962239304692
current,NYK,Miles McBride,1630540.0,False,,3.03,player_value,26.343658536585362,measured_2025_26,1.0,0.6790393013100436,0.8820960698689956,0.7805676855895196,6,22.308311105851995,24.32598482121868,23.231555211757737
current,NYK,Landry Shamet,1629013.0,False,,1.2,player_value,22.962745098039214,measured_2025_26,1.0,0.5633187772925764,0.6342794759825328,0.5987991266375545,7,19.80751771377083,21.38513140590502,20.42301122105558
current,NYK,Jose Alvarado,1630631.0,False,,1.33,player_value,19.858985507246377,measured_2025_26,1.0,0.4410480349344978,0.6561135371179039,0.5485807860262009,8,17.446512193701647,18.652748850474012,17.813558955806695
current,NYK,Andre Drummond,203083.0,False,,0.37,player_value,19.536666666666665,measured_2025_26,1.0,0.42139737991266374,0.49344978165938863,0.4574235807860262,9,15.792732043610972,17.66469935513882,16.869961951552746
current,NYK,Tyler Kolek,1642278.0,False,,0.59,player_value,11.728870967741937,measured_2025_26,1.0,0.15502183406113537,0.5349344978165939,0.3449781659388646,10,13.497442639420758,12.613156803581347,12.04568903707299
current,OKC,Shai Gilgeous-Alexander,1628983.0,False,,7.54,player_value,33.22014705882353,measured_2025_26,1.0,0.9366812227074236,0.9978165938864629,0.9672489082969433,1,35.710519340758225,34.46533319979088,34.63876787143782
current,OKC,Chet Holmgren,1631096.0,False,,4.82,player_value,28.94608695652174,measured_2025_26,1.0,0.7838427947598253,0.982532751091703,0.8831877729257642,2,32.69820658367256,30.82214677009715,30.977248386946115
current,OKC,Jalen Williams,1631114.0,False,,2.78,player_value,28.364242424242423,measured_2025_26,1.0,0.759825327510917,0.8602620087336245,0.8100436681222707,3,30.278532532391054,29.321387478316737,29.468937051682406
current,OKC,Isaiah Hartenstein,1628392.0,False,,4.74,player_value,24.201489361702127,measured_2025_26,1.0,0.6069868995633187,0.9781659388646288,0.7925764192139737,4,27.506573746089252,25.854031553895688,25.984132877660837
current,OKC,Ajay Mitchell,1642349.0,False,,2.81,player_value,25.839122807017542,measured_2025_26,1.0,0.6593886462882096,0.8646288209606987,0.7620087336244541,5,24.953652100732715,25.39638745387513,25.52418584461021
current,OKC,Cason Wallace,1641717.0,False,,1.53,player_value,26.572987012987014,measured_2025_26,1.0,0.6943231441048034,0.6954148471615721,0.6948689956331877,6,22.308311105851995,24.440649059419506,24.563638032712948
current,OKC,Alex Caruso,1627936.0,False,,4.26,player_value,18.220892857142857,measured_2025_26,1.0,0.37117903930131,0.9585152838427947,0.6648471615720524,7,19.80751771377083,19.014205285456846,19.109887588343472
current,OKC,Jaylin Williams,1631119.0,False,,2.63,player_value,19.651846153846154,measured_2025_26,1.0,0.4279475982532751,0.8307860262008734,0.6293668122270742,8,17.446512193701647,18.5491791737739,18.64252139625221
current,OKC,Kenrich Williams,1629026.0,False,,0.7,player_value,15.270892857142856,measured_2025_26,1.0,0.26419213973799127,0.5403930131004366,0.40229257641921395,9,15.792732043610972,15.531812450376915,15.609970835696963
current,OKC,Jared McCain,1642272.0,False,,-0.17,player_value,17.3089552238806,measured_2025_26,1.0,0.34279475982532753,0.38318777292576417,0.36299126637554585,10,13.497442639420758,15.403198931650678,15.480710114657017
current,ORL,Franz Wagner,1630532.0,False,,4.32,player_value,29.96941176470588,measured_2025_26,1.0,0.8296943231441049,0.9617903930131004,0.8957423580786026,1,35.710519340758225,32.83996555273205,31.313642517519426
current,ORL,Desmond Bane,1630217.0,False,,1.75,player_value,33.61060975609756,measured_2025_26,1.0,0.9541484716157205,0.7336244541484717,0.8438864628820961,2,32.69820658367256,33.15440816988506,31.61347059407425
current,ORL,Jalen Suggs,1630591.0,False,,2.75,player_value,27.606140350877194,measured_2025_26,1.0,0.7358078602620087,0.8526200873362445,0.7942139737991266,3,30.278532532391054,28.942336441634126,27.59716588313258
current,ORL,Paolo Banchero,1631094.0,False,,0.85,player_value,34.74583333333333,measured_2025_26,1.0,0.9716157205240175,0.5600436681222707,0.7658296943231441,4,27.506573746089252,31.12620353971129,29.67953206299819
current,ORL,Nikola VuÄeviÄ,202696.0,False,,1.77,player_value,28.408125,measured_2025_26,1.0,0.7663755458515283,0.7390829694323144,0.7527292576419213,5,24.953652100732715,26.680888550366355,25.440824679745845
current,ORL,Wendell Carter Jr.,1628976.0,False,,1.49,player_value,29.338589743589743,measured_2025_26,1.0,0.7969432314410481,0.6844978165938864,0.7407205240174672,6,22.308311105851995,25.823450424720868,24.62323822691472
current,ORL,Anthony Black,1641710.0,False,,0.36,player_value,29.845,measured_2025_26,1.0,0.8231441048034934,0.48799126637554585,0.6555676855895196,7,19.80751771377083,24.826258856885417,23.672393737551776
current,ORL,Goga Bitadze,1629048.0,False,,2.39,player_value,15.18734375,measured_2025_26,1.0,0.259825327510917,0.8165938864628821,0.5382096069868996,8,17.446512193701647,16.316927971850824,15.558556195018394
current,ORL,Tristan Da Silva,1641783.0,False,,-0.09,player_value,24.66831168831169,measured_2025_26,1.0,0.6157205240174672,0.39956331877729256,0.50764192139738,9,15.792732043610972,20.23052186596133,19.290255607496245
current,ORL,Jonathan Isaac,1628371.0,False,,2.82,player_value,10.017307692307693,measured_2025_26,1.0,0.11572052401746726,0.8679039301310044,0.49181222707423583,10,13.497442639420758,11.757375165864225,11.210920495548574
current,PHI,Joel Embiid,203954.0,False,,4.7,player_value,31.596578947368425,measured_2025_26,1.0,0.8908296943231441,0.9737991266375546,0.9323144104803494,1,35.710519340758225,33.65354914406333,30.950657909038664
current,PHI,Tyrese Maxey,1630178.0,False,,2.7,player_value,38.01714285714286,measured_2025_26,1.0,1.0,0.8427947598253275,0.9213973799126638,2,32.69820658367256,35.35767472040771,32.517916313841496
current,PHI,LeBron James,2544.0,False,,2.77,player_value,33.15116666666667,measured_2025_26,1.0,0.925764192139738,0.8580786026200873,0.8919213973799127,3,30.278532532391054,31.71484959952886,29.167665389158177
current,PHI,VJ Edgecombe,1642845.0,False,,1.45,player_value,34.9776,measured_2025_26,1.0,0.9781659388646288,0.675764192139738,0.8269650655021834,4,27.506573746089252,31.242086873044627,28.732872691457253
current,PHI,Dean Wade,1629731.0,False,,3.74,player_value,22.333220338983054,measured_2025_26,1.0,0.537117903930131,0.9410480349344978,0.7390829694323144,5,24.953652100732715,23.643436219857882,21.744509118560103
current,PHI,Jaylen Brown,1627759.0,False,,-0.56,player_value,34.406478873239436,measured_2025_26,1.0,0.9650655021834061,0.3034934497816594,0.6342794759825328,6,22.308311105851995,28.357394989545718,26.079865388216984
current,PHI,Dominick Barlow,1631230.0,False,,1.01,player_value,23.78225352112676,measured_2025_26,1.0,0.5873362445414847,0.5873362445414847,0.5873362445414847,7,19.80751771377083,21.794885617448795,20.044425211279144
current,PHI,Kentavious Caldwell-Pope,203484.0,False,,1.09,player_value,21.32549019607843,measured_2025_26,1.0,0.4912663755458515,0.6102620087336245,0.5507641921397379,8,17.446512193701647,19.38600119489004,17.829010801765655
current,PHI,Anfernee Simons,1629014.0,False,,-0.19,player_value,24.944909090909093,measured_2025_26,1.0,0.6222707423580786,0.37445414847161573,0.49836244541484714,9,15.792732043610972,20.36882056726003,18.732894848300635
current,PHI,Adem Bona,1641737.0,False,,0.24,player_value,17.383098591549295,measured_2025_26,1.0,0.3471615720524017,0.4650655021834061,0.4061135371179039,10,13.497442639420758,15.440270615485026,14.200182328381871
current,PHX,Devin Booker,1626164.0,False,,2.79,player_value,33.53875,measured_2025_26,1.0,0.9519650655021834,0.8624454148471615,0.9072052401746724,1,35.710519340758225,34.62463467037911,33.3496371874463
current,PHX,Collin Gillespie,1631221.0,False,,2.29,player_value,28.5225,measured_2025_26,1.0,0.7729257641921398,0.8056768558951966,0.7893013100436681,2,32.69820658367256,30.61035329183628,29.483175380204383
current,PHX,Jordan Goodwin,1630692.0,False,,2.23,player_value,22.454,measured_2025_26,1.0,0.5436681222707423,0.7925764192139738,0.6681222707423581,3,30.278532532391054,26.366266266195527,25.39537015584626
current,PHX,Mark Williams,1631109.0,False,,1.15,player_value,23.600833333333334,measured_2025_26,1.0,0.5829694323144105,0.6244541484716157,0.6037117903930131,4,27.506573746089252,25.553703539711293,24.612728768340908
current,PHX,Oso Ighodaro,1642345.0,False,,1.35,player_value,22.05390243902439,measured_2025_26,1.0,0.5218340611353712,0.6626637554585153,0.5922489082969433,5,24.953652100732715,23.503777269878555,22.638287795583967
current,PHX,Miles Bridges,1628970.0,False,,-0.57,player_value,31.002727272727274,measured_2025_26,1.0,0.8668122270742358,0.3002183406113537,0.5835152838427947,6,22.308311105851995,26.655519189289635,25.67397179691568
current,PHX,Dillon Brooks,1628415.0,False,,-1.01,player_value,30.385892857142856,measured_2025_26,1.0,0.8449781659388647,0.22489082969432314,0.5349344978165939,7,19.80751771377083,25.096705285456842,24.172558752981278
current,PHX,Jalen Green,1630224.0,False,,-0.15,player_value,25.8853125,measured_2025_26,1.0,0.6615720524017468,0.388646288209607,0.5251091703056769,8,17.446512193701647,21.665912346850824,20.868099345481898
current,PHX,Ryan Dunn,1642346.0,False,,1.12,player_value,19.361428571428572,measured_2025_26,1.0,0.4170305676855895,0.618995633187773,0.5180131004366813,9,15.792732043610972,17.577080307519772,16.929832087784252
current,PHX,Luke Kennard,1628379.0,False,,0.36,player_value,21.545641025641025,measured_2025_26,1.0,0.5065502183406113,0.48799126637554585,0.49727074235807855,10,13.497442639420758,17.521541832530893,16.876338729415114
current,POR,Toumani Camara,1641739.0,False,,1.88,player_value,33.30756097560975,measured_2025_26,1.0,0.9388646288209607,0.7510917030567685,0.8449781659388647,1,35.710519340758225,34.50904015818399,35.03849422219172
current,POR,Deni Avdija,1630166.0,False,,1.87,player_value,33.323484848484846,measured_2025_26,1.0,0.9410480349344978,0.7467248908296943,0.8438864628820961,2,32.69820658367256,33.010845716078705,33.517313770263776
current,POR,Donovan Clingan,1642270.0,False,,3.22,player_value,27.191298701298702,measured_2025_26,1.0,0.7205240174672489,0.9017467248908297,0.8111353711790393,3,30.278532532391054,28.73491561684488,29.17578032309344
current,POR,Jrue Holiday,201950.0,False,,2.17,player_value,29.44132075471698,measured_2025_26,1.0,0.8056768558951966,0.7882096069868996,0.7969432314410481,4,27.506573746089252,28.473947250403114,28.910808056179317
current,POR,Ja Morant,1629630.0,False,,1.08,player_value,28.424500000000002,measured_2025_26,1.0,0.7685589519650655,0.6058951965065502,0.6872270742358079,5,24.953652100732715,26.68907605036636,27.098552515510136
current,POR,Robert Williams,1629057.0,False,,4.23,player_value,17.089152542372883,measured_2025_26,1.0,0.3296943231441048,0.9563318777292577,0.6430131004366813,6,22.308311105851995,19.69873182411244,20.00095911215833
current,POR,Branden Carlson,1642382.0,False,,2.87,player_value,11.62452380952381,measured_2025_26,1.0,0.15283842794759825,0.8733624454148472,0.5131004366812227,7,19.80751771377083,15.716020761647322,15.957143407311827
current,POR,Damian Lillard,203081.0,False,,3.46,player_value,6.0,default_fringe,1.0,0.03820960698689956,0.9181222707423581,0.4781659388646288,8,17.446512193701647,11.723256096850823,11.903119852997893
current,POR,VÃ­t KrejÄÃ­,1630249.0,False,,-0.23,player_value,21.417384615384613,measured_2025_26,1.0,0.4978165938864629,0.3646288209606987,0.4312227074235808,9,15.792732043610972,18.605058329497794,18.890505959988243
current,POR,Scoot Henderson,1630703.0,False,,-2.07,player_value,24.927666666666667,measured_2025_26,1.0,0.6200873362445415,0.07532751091703056,0.34770742358078605,10,13.497442639420758,19.21255465304371,19.50732278030535
current,SAC,Domantas Sabonis,1627734.0,False,,3.11,player_value,29.662105263157898,measured_2025_26,1.0,0.8122270742358079,0.8908296943231441,0.851528384279476,1,35.710519340758225,32.68631230195806,31.159063814206345
current,SAC,Keegan Murray,1631099.0,False,,1.21,player_value,34.482608695652175,measured_2025_26,1.0,0.9672489082969432,0.6375545851528385,0.8024017467248908,2,32.69820658367256,33.59040763966237,32.020915835364676
current,SAC,Zach LaVine,203897.0,False,,-0.1,player_value,31.3925641025641,measured_2025_26,1.0,0.8842794759825328,0.3951965065502183,0.6397379912663755,3,30.278532532391054,30.835548317477578,29.394775675345006
current,SAC,De'Andre Hunter,1629631.0,False,,-0.04,player_value,26.122222222222224,measured_2025_26,1.0,0.6703056768558951,0.4093886462882096,0.5398471615720524,4,27.506573746089252,26.81439798415574,25.561511198000264
current,SAC,Malik Monk,1628370.0,False,,0.25,player_value,21.99435483870968,measured_2025_26,1.0,0.519650655021834,0.4672489082969432,0.49344978165938863,5,24.953652100732715,23.474003469721197,22.377194629084176
current,SAC,Precious Achiuwa,1630173.0,False,,-0.74,player_value,23.90753424657534,measured_2025_26,1.0,0.5917030567685589,0.2685589519650655,0.43013100436681223,6,22.308311105851995,23.10792267621367,22.02821874276576
current,SAC,Nique Clifford,1642363.0,False,,-1.01,player_value,25.092133333333333,measured_2025_26,1.0,0.631004366812227,0.22489082969432314,0.4279475982532751,7,19.80751771377083,22.449825523552082,21.40087078786962
current,SAC,Daeqwon Plowden,1631342.0,False,,-1.81,player_value,26.3871875,measured_2025_26,1.0,0.6834061135371179,0.1462882096069869,0.41484716157205237,8,17.446512193701647,21.916849846850823,20.89279808244058
current,SAC,Darius Acuff Jr.,,True,7.0,0.052818241027921486,rookie_slot_7,17.947640499694426,rookie_slot_7,1.0,0.36899563318777295,0.43231441048034935,0.40065502183406115,9,15.792732043610972,16.8701862716527,16.081936859071277
current,SAC,Maxime Raynaud,1642875.0,False,,-2.86,player_value,26.538648648648646,measured_2025_26,1.0,0.6921397379912664,0.03711790393013101,0.3646288209606987,10,13.497442639420758,20.0180456440347,19.08271437585229
current,SAS,Victor Wembanyama,1641705.0,False,,9.04,player_value,29.1509375,measured_2025_26,1.0,0.7925764192139738,1.0,0.8962882096069869,1,35.710519340758225,32.43072842037911,31.654858246276838
current,SAS,De'Aaron Fox,1628368.0,False,,2.34,player_value,30.987083333333334,measured_2025_26,1.0,0.8646288209606987,0.8100436681222707,0.8373362445414847,2,32.69820658367256,31.842644958502945,31.0808440464918
current,SAS,Tobias Harris,202699.0,False,,2.68,player_value,27.706825396825398,measured_2025_26,1.0,0.74235807860262,0.8362445414847162,0.7893013100436681,3,30.278532532391054,28.992678964608224,28.299060412956248
current,SAS,Julian Champagnie,1630577.0,False,,1.95,player_value,27.633658536585365,measured_2025_26,1.0,0.7379912663755459,0.7631004366812227,0.7505458515283843,4,27.506573746089252,27.57011614133731,26.910530869821866
current,SAS,Dylan Harper,1642844.0,False,,3.59,player_value,22.579565217391306,measured_2025_26,1.0,0.5502183406113537,0.9312227074235808,0.7407205240174672,5,24.953652100732715,23.76660865906201,23.19801819883233
current,SAS,Stephon Castle,1642264.0,False,,1.27,player_value,29.9675,measured_2025_26,1.0,0.8275109170305677,0.6462882096069869,0.7368995633187773,6,22.308311105851995,26.137905552926,25.512584373914986
current,SAS,Luke Kornet,1628436.0,False,,3.84,player_value,21.03044117647059,measured_2025_26,1.0,0.48253275109170307,0.9465065502183406,0.7145196506550219,7,19.80751771377083,20.418979445120712,19.930477400648552
current,SAS,Devin Vassell,1630170.0,False,,0.72,player_value,30.5110447761194,measured_2025_26,1.0,0.851528384279476,0.5458515283842795,0.6986899563318778,8,17.446512193701647,23.978778484910524,23.405112090598006
current,SAS,Harrison Barnes,203084.0,False,,-0.4,player_value,25.797662337662338,measured_2025_26,1.0,0.6550218340611353,0.3384279475982533,0.4967248908296943,9,15.792732043610972,20.795197190636657,20.297694542664935
current,SAS,Jordan McLaughlin,1629162.0,False,,2.63,player_value,6.400227272727273,measured_2025_26,1.0,0.06331877729257641,0.8307860262008734,0.4470524017467249,10,13.497442639420758,9.948834956074016,9.71081981779444
current,TOR,Scottie Barnes,1630567.0,False,,2.82,player_value,33.509750000000004,measured_2025_26,1.0,0.9497816593886463,0.8679039301310044,0.9088427947598254,1,35.710519340758225,34.61013467037911,33.018913633275645
current,TOR,Immanuel Quickley,1630193.0,False,,1.59,player_value,31.87642857142857,measured_2025_26,1.0,0.8973799126637555,0.7052401746724891,0.8013100436681223,2,32.69820658367256,32.28731757755057,30.802889404983848
current,TOR,Brandon Ingram,1627742.0,False,,0.55,player_value,33.81649350649351,measured_2025_26,1.0,0.9563318777292577,0.5240174672489083,0.740174672489083,3,30.278532532391054,32.04751301944228,30.57411000067196
current,TOR,RJ Barrett,1629628.0,False,,1.0,player_value,30.276491228070174,measured_2025_26,1.0,0.8362445414847162,0.5829694323144105,0.7096069868995634,4,27.506573746089252,28.891532487079715,27.563227505737206
current,TOR,Jakob Poeltl,1627751.0,False,,1.96,player_value,24.979565217391304,measured_2025_26,1.0,0.6244541484716157,0.767467248908297,0.6959606986899564,5,24.953652100732715,24.96660865906201,23.818754329635503
current,TOR,Collin Murray-Boyles,1642867.0,False,,2.09,player_value,21.85315789473684,measured_2025_26,1.0,0.5152838427947598,0.7805676855895196,0.6479257641921397,6,22.308311105851995,22.08073450029442,21.065559910938223
current,TOR,Kyle Anderson,203937.0,False,,0.58,player_value,19.842093023255813,measured_2025_26,1.0,0.4388646288209607,0.5316593886462883,0.48526200873362446,7,19.80751771377083,19.824805368513324,18.913348430847652
current,TOR,Ja'Kobe Walter,1642266.0,False,,0.39,player_value,20.466527777777777,measured_2025_26,1.0,0.4606986899563319,0.49890829694323147,0.4798034934497817,8,17.446512193701647,18.95651998573971,18.084982972698352
current,TOR,Malachi Smith,1641869.0,False,,-0.59,player_value,23.922,measured_2025_26,1.0,0.5938864628820961,0.2925764192139738,0.44323144104803497,9,15.792732043610972,19.857366021805486,18.944412089199062
current,TOR,Jamal Shead,1642347.0,False,,-0.54,player_value,22.589268292682927,measured_2025_26,1.0,0.5524017467248908,0.3111353711790393,0.4317685589519651,10,13.497442639420758,18.043355466051842,17.213801722012537
current,UTA,Lauri Markkanen,1628374.0,False,,3.7,player_value,34.34809523809523,measured_2025_26,1.0,0.962882096069869,0.9388646288209607,0.9508733624454149,1,35.710519340758225,35.029307289426725,34.63663577267335
current,UTA,Jaren Jackson Jr.,1628991.0,False,,2.71,player_value,30.304375000000004,measured_2025_26,1.0,0.8406113537117904,0.8449781659388647,0.8427947598253276,2,32.69820658367256,31.501290791836283,31.14816763319897
current,UTA,Jusuf NurkiÄ,203994.0,False,,3.07,player_value,26.416097560975608,measured_2025_26,1.0,0.6855895196506551,0.8842794759825328,0.784934497816594,3,30.278532532391054,28.34731504668333,28.029547324264605
current,UTA,Kyle Filipowski,1642271.0,False,,0.57,player_value,23.388571428571428,measured_2025_26,1.0,0.574235807860262,0.5283842794759825,0.5513100436681222,4,27.506573746089252,25.44757258733034,25.162310396930856
current,UTA,Jaxson Hayes,1629637.0,False,,1.72,player_value,18.281666666666666,measured_2025_26,1.0,0.37554585152838427,0.7237991266375546,0.5496724890829694,5,24.953652100732715,21.61765938369969,21.375329753007353
current,UTA,Svi Mykhailiuk,1629004.0,False,,0.56,player_value,23.112199999999998,measured_2025_26,1.0,0.5698689956331878,0.5262008733624454,0.5480349344978166,6,22.308311105851995,22.710255552925997,22.455678138073267
current,UTA,John Konchar,1629723.0,False,,1.01,player_value,19.905357142857145,measured_2025_26,1.0,0.44541484716157204,0.5873362445414847,0.5163755458515283,7,19.80751771377083,19.85643742831399,19.633850742888782
current,UTA,Josh Okogie,1629006.0,False,,1.52,player_value,17.254871794871796,measured_2025_26,1.0,0.3384279475982533,0.6910480349344978,0.5147379912663755,8,17.446512193701647,17.35069199428672,17.15619421316235
current,UTA,Keyonte George,1641718.0,False,,-3.2,player_value,33.07611111111111,measured_2025_26,1.0,0.9213973799126638,0.024017467248908297,0.47270742358078605,9,15.792732043610972,24.434421577361043,24.160516606803153
current,UTA,Darryn Peterson,,True,2.0,0.20232570153896706,rookie_slot_2,19.354358305458298,rookie_slot_2,1.0,0.4148471615720524,0.45633187772925765,0.43558951965065507,10,13.497442639420758,16.42590047243953,16.24176941899733
current,WAS,Anthony Davis,203076.0,False,,3.57,player_value,31.281,measured_2025_26,1.0,0.8755458515283843,0.9279475982532751,0.9017467248908297,1,35.710519340758225,33.495759670379115,32.300060266969176
current,WAS,Alex Sarr,1642259.0,False,,0.45,player_value,27.180208333333336,measured_2025_26,1.0,0.7183406113537117,0.5087336244541485,0.6135371179039302,2,32.69820658367256,29.93920745850295,28.870466434296368
current,WAS,Kyshawn George,1642273.0,False,,-0.7,player_value,28.97875,measured_2025_26,1.0,0.7860262008733624,0.2762008733624454,0.5311135371179039,3,30.278532532391054,29.62864126619553,28.57098653513517
current,WAS,Deandre Ayton,1629028.0,False,,-0.54,player_value,27.19986111111111,measured_2025_26,1.0,0.7248908296943232,0.3111353711790393,0.5180131004366813,4,27.506573746089252,27.353217428600182,26.376788588574726
current,WAS,Justin Champagnie,1630551.0,False,,0.9,player_value,19.963333333333335,measured_2025_26,1.0,0.4497816593886463,0.574235807860262,0.5120087336244541,5,24.953652100732715,22.458492717033025,21.656791050687772
current,WAS,Trae Young,1629027.0,False,,-0.2,player_value,25.582,measured_2025_26,1.0,0.6397379912663755,0.37117903930131,0.5054585152838428,6,22.308311105851995,23.945155552925996,23.090384426940428
current,WAS,AJ Dybantsa,,True,1.0,0.23222719364117617,rookie_slot_1,19.635701866611075,rookie_slot_1,1.0,0.425764192139738,0.462882096069869,0.4443231441048035,7,19.80751771377083,19.721609790190954,19.017606737492073
current,WAS,Bub Carrington,1642267.0,False,,-4.38,player_value,27.691829268292683,measured_2025_26,1.0,0.740174672489083,0.006550218340611353,0.37336244541484714,8,17.446512193701647,22.569170730997165,21.763518187389547
current,WAS,Bilal Coulibaly,1641731.0,False,,-2.11,player_value,26.20785714285714,measured_2025_26,1.0,0.6768558951965066,0.06768558951965066,0.3722707423580786,9,15.792732043610972,21.000294593234056,20.25064628062187
current,WAS,Tre Johnson,1642848.0,False,,-1.9,player_value,24.048333333333336,measured_2025_26,1.0,0.6026200873362445,0.14192139737991266,0.37227074235807855,10,13.497442639420758,18.772887986377047,18.10275149189286
