lineup,observed_poss,label,net_mean,net_sd,net_lo,net_hi,impact_off,impact_def,fg3a_rate,fg3_pct,rim_protect,creation,size,has_gobert,n_bigs,rankable
Anthony Edwards / Jaden McDaniels / Jonathan Kuminga / LaMelo Ball / Rudy Gobert,0.0,COMPOSED,8.682500000000001,3.3095420755748064,3.55,11.809999999999999,4.4775,-4.205,0.39217116460004864,0.3806571605703658,-5.36,1150.0,80.0,True,1,False
Anthony Edwards / Ayo Dosunmu / Jonathan Kuminga / LaMelo Ball / Rudy Gobert,0.0,COMPOSED,7.8075,2.4921012720192572,4.12,10.55,5.07,-2.7375,0.4054320987654321,0.38550548112058464,-5.36,1200.0,79.0,True,1,False
Anthony Edwards / Donte DiVincenzo / Jonathan Kuminga / LaMelo Ball / Rudy Gobert,0.0,COMPOSED,9.684999999999999,2.899849134006802,4.89,12.43,5.5575,-4.1274999999999995,0.48489973423532257,0.3761833582461385,-5.36,1264.0,79.0,True,1,False
Anthony Edwards / Cody Williams / Jonathan Kuminga / LaMelo Ball / Rudy Gobert,0.0,COMPOSED,5.0375,1.9914489072029942,1.81,6.91,2.7625,-2.275,0.3918174665617624,0.3607764390896921,-5.36,1088.0,79.8,True,1,False
Anthony Edwards / Joan Beringer / Jonathan Kuminga / LaMelo Ball / Rudy Gobert,0.0,COMPOSED,10.647499999999999,2.48372074718556,7.45,13.079999999999998,6.265,-4.3825,0.4006466784244562,0.3749082905355833,-5.36,963.0,80.4,True,1,False
Anthony Edwards / Jaylen Clark / Jonathan Kuminga / LaMelo Ball / Rudy Gobert,0.0,COMPOSED,8.4225,2.7950346598924316,4.02,10.99,4.6125,-3.8099999999999996,0.4143302180685358,0.3718386876281613,-5.36,994.0,79.2,True,1,False
Anthony Edwards / Jonathan Kuminga / LaMelo Ball / Nah'Shon Hyland / Rudy Gobert,0.0,COMPOSED,8.557500000000001,2.4722092852345656,4.8,11.31,5.0249999999999995,-3.5325,0.44061505832449627,0.37725631768953066,-5.36,1139.0,78.6,True,1,False
Anthony Edwards / Jonathan Kuminga / LaMelo Ball / Rudy Gobert / Terrence Shannon Jr.,0.0,COMPOSED,6.4025,2.2047377962016252,2.97,8.59,4.84,-1.5624999999999998,0.4141007194244604,0.3766504517025712,-5.36,989.0,79.4,True,1,False
Anthony Edwards / Jonathan Kuminga / LaMelo Ball / Rudy Gobert / Trey Lyles,0.0,COMPOSED,8.2775,2.7420464529252597,3.91,10.86,5.2375,-3.04,,,-5.36,,,True,1,False
Anthony Edwards / Isaiah Evans / Jonathan Kuminga / LaMelo Ball / Rudy Gobert,0.0,COMPOSED,7.492879446370486,2.733901744759676,3.1153794463704845,10.045379446370486,4.500189723185242,-2.9926897231852427,,,-5.36,,,True,1,False
Anthony Edwards / Ayo Dosunmu / Jaden McDaniels / Jonathan Kuminga / Rudy Gobert,0.0,COMPOSED,5.992500000000001,3.1160020458914977,1.94,9.31,1.4025,-4.59,0.31867219917012446,0.4027777777777778,-5.36,885.0,79.4,True,1,False
Anthony Edwards / Donte DiVincenzo / Jaden McDaniels / Jonathan Kuminga / Rudy Gobert,0.0,COMPOSED,7.870000000000001,3.3819003533516483,2.71,11.190000000000001,1.8900000000000001,-5.9799999999999995,0.4095572354211663,0.3862887277521424,-5.36,949.0,79.4,True,1,False
Anthony Edwards / Cody Williams / Jaden McDaniels / Jonathan Kuminga / Rudy Gobert,0.0,COMPOSED,3.2225000000000006,2.5493075040096675,-0.3699999999999999,5.670000000000001,-0.9049999999999998,-4.1275,0.2972172883362937,0.36852589641434264,-5.36,773.0,80.2,True,1,False
Anthony Edwards / Jaden McDaniels / Joan Beringer / Jonathan Kuminga / Rudy Gobert,0.0,COMPOSED,8.8325,3.2113344188981623,5.27,12.239999999999998,2.5975,-6.235,0.2942366026289181,0.3917525773195876,-5.36,648.0,80.8,True,1,False
Anthony Edwards / Jaden McDaniels / Jaylen Clark / Jonathan Kuminga / Rudy Gobert,0.0,COMPOSED,6.6075,3.3777757104343085,1.84,9.84,0.9450000000000001,-5.6625,0.3142764857881137,0.3854059609455293,-5.36,679.0,79.6,True,1,False
Anthony Edwards / Jaden McDaniels / Jonathan Kuminga / Nah'Shon Hyland / Rudy Gobert,0.0,COMPOSED,6.742500000000001,3.063595722349801,2.62,10.07,1.3575,-5.385,0.3512136649685346,0.39078498293515357,-5.36,824.0,79.0,True,1,False
Anthony Edwards / Jaden McDaniels / Jonathan Kuminga / Rudy Gobert / Terrence Shannon Jr.,0.0,COMPOSED,4.5874999999999995,2.8040183219800827,0.79,7.35,1.1725,-3.4149999999999996,0.31217105263157896,0.39304531085353,-5.36,674.0,79.8,True,1,False
Anthony Edwards / Jaden McDaniels / Jonathan Kuminga / Rudy Gobert / Trey Lyles,0.0,COMPOSED,6.4625,3.306496446391558,1.7300000000000002,9.620000000000001,1.5700000000000003,-4.8925,,,-5.36,,,True,1,False
Anthony Edwards / Isaiah Evans / Jaden McDaniels / Jonathan Kuminga / Rudy Gobert,0.0,COMPOSED,5.6778794463704845,3.29184124009649,0.9353794463704848,8.805379446370484,0.8326897231852424,-4.845189723185243,,,-5.36,,,True,1,False
Anthony Edwards / Ayo Dosunmu / Donte DiVincenzo / Jonathan Kuminga / Rudy Gobert,0.0,COMPOSED,6.995,2.576630551708956,3.2800000000000002,9.93,2.4825000000000004,-4.5125,0.4246086240043944,0.3913324708926261,-5.36,999.0,78.4,True,1,False
Anthony Edwards / Ayo Dosunmu / Cody Williams / Jonathan Kuminga / Rudy Gobert,0.0,COMPOSED,2.3475,1.7841997505884817,0.2000000000000001,4.410000000000001,-0.3124999999999999,-2.6599999999999997,0.3116138763197587,0.3765730880929332,-5.36,823.0,79.2,True,1,False
Anthony Edwards / Ayo Dosunmu / Joan Beringer / Jonathan Kuminga / Rudy Gobert,0.0,COMPOSED,7.9575000000000005,2.555233599888668,5.0,10.56,3.19,-4.7675,0.3106060606060606,0.40022172949002216,-5.36,698.0,79.8,True,1,False
Anthony Edwards / Ayo Dosunmu / Jaylen Clark / Jonathan Kuminga / Rudy Gobert,0.0,COMPOSED,5.7325,2.594362879398331,2.41,8.49,1.5375,-4.194999999999999,0.3303659742828882,0.3932135728542914,-5.36,729.0,78.6,True,1,False
Anthony Edwards / Ayo Dosunmu / Jonathan Kuminga / Nah'Shon Hyland / Rudy Gobert,0.0,COMPOSED,5.867500000000001,2.338956765312262,3.1900000000000004,8.81,1.9500000000000002,-3.9175,0.3668295662797801,0.3971690258118235,-5.36,874.0,78.0,True,1,False
Anthony Edwards / Ayo Dosunmu / Jonathan Kuminga / Rudy Gobert / Terrence Shannon Jr.,0.0,COMPOSED,3.7124999999999995,2.0595554738826527,1.36,6.09,1.7650000000000001,-1.9475,0.3285186429291233,0.40081799591002043,-5.36,724.0,78.8,True,1,False
Anthony Edwards / Ayo Dosunmu / Jonathan Kuminga / Rudy Gobert / Trey Lyles,0.0,COMPOSED,5.5875,2.5216599195767855,2.3000000000000003,8.360000000000001,2.1625,-3.4250000000000003,,,-5.36,,,True,1,False
Anthony Edwards / Ayo Dosunmu / Isaiah Evans / Jonathan Kuminga / Rudy Gobert,0.0,COMPOSED,4.8028794463704845,2.5032416483432036,1.5053794463704848,7.545379446370485,1.4251897231852424,-3.3776897231852425,,,-5.36,,,True,1,False
Anthony Edwards / Cody Williams / Donte DiVincenzo / Jonathan Kuminga / Rudy Gobert,0.0,COMPOSED,4.225,2.0562161851322927,0.9700000000000002,6.29,0.17500000000000016,-4.05,0.4106933019976498,0.3655221745350501,-5.36,887.0,79.2,True,1,False
Anthony Edwards / Donte DiVincenzo / Joan Beringer / Jonathan Kuminga / Rudy Gobert,0.0,COMPOSED,9.835,2.577833392599297,6.609999999999999,12.440000000000001,3.6775,-6.157500000000001,0.42332108252589373,0.3812154696132597,-5.36,762.0,79.8,True,1,False
Anthony Edwards / Donte DiVincenzo / Jaylen Clark / Jonathan Kuminga / Rudy Gobert,0.0,COMPOSED,7.61,2.8641316310532936,3.18,10.370000000000001,2.0250000000000004,-5.585,0.43786034593209483,0.3774689100219459,-5.36,793.0,78.6,True,1,False
Anthony Edwards / Donte DiVincenzo / Jonathan Kuminga / Nah'Shon Hyland / Rudy Gobert,0.0,COMPOSED,7.745,2.5527681054102818,3.96,10.690000000000001,2.4375,-5.307499999999999,0.4656556645851918,0.3825031928480204,-5.36,938.0,78.0,True,1,False
Anthony Edwards / Donte DiVincenzo / Jonathan Kuminga / Rudy Gobert / Terrence Shannon Jr.,0.0,COMPOSED,5.59,2.278870334178757,2.13,7.970000000000001,2.2525000000000004,-3.3375,0.4380300065231572,0.3827252419955324,-5.36,788.0,78.8,True,1,False
Anthony Edwards / Donte DiVincenzo / Jonathan Kuminga / Rudy Gobert / Trey Lyles,0.0,COMPOSED,7.465,2.809808712350362,3.0700000000000003,10.24,2.6500000000000004,-4.8149999999999995,,,-5.36,,,True,1,False
Anthony Edwards / Donte DiVincenzo / Isaiah Evans / Jonathan Kuminga / Rudy Gobert,0.0,COMPOSED,6.680379446370486,2.8003258738939656,2.2753794463704846,9.425379446370485,1.9126897231852424,-4.767689723185242,,,-5.36,,,True,1,False
Anthony Edwards / Cody Williams / Joan Beringer / Jonathan Kuminga / Rudy Gobert,0.0,COMPOSED,5.1875,1.936277033381329,3.0,7.3,0.8825000000000001,-4.305,0.2827146606674166,0.3541114058355438,-5.36,586.0,80.6,True,1,False
Anthony Edwards / Cody Williams / Jaylen Clark / Jonathan Kuminga / Rudy Gobert,0.0,COMPOSED,2.9625,2.0271208030110097,0.10000000000000009,4.9,-0.7699999999999999,-3.7325,0.3054363376251788,0.351288056206089,-5.36,617.0,79.4,True,1,False
Anthony Edwards / Cody Williams / Jonathan Kuminga / Nah'Shon Hyland / Rudy Gobert,0.0,COMPOSED,3.0975000000000006,1.729224898617875,0.8800000000000001,5.170000000000001,-0.3574999999999999,-3.455,0.34672374053342114,0.3637226970560304,-5.36,762.0,78.8,True,1,False
Anthony Edwards / Cody Williams / Jonathan Kuminga / Rudy Gobert / Terrence Shannon Jr.,0.0,COMPOSED,0.9425,1.4581387965485315,-0.9499999999999998,2.45,-0.5424999999999999,-1.4849999999999999,0.3029197080291971,0.35903614457831323,-5.36,612.0,79.6,True,1,True
Anthony Edwards / Cody Williams / Jonathan Kuminga / Rudy Gobert / Trey Lyles,0.0,COMPOSED,2.8175000000000003,1.9569667217405613,-0.009999999999999926,4.720000000000001,-0.14499999999999988,-2.9625,,,-5.36,,,True,1,False
Anthony Edwards / Cody Williams / Isaiah Evans / Jonathan Kuminga / Rudy Gobert,0.0,COMPOSED,2.032879446370485,1.942837808464721,-0.8046205536295153,3.9053794463704854,-0.8823102768147576,-2.915189723185242,,,-5.36,,,True,1,False
Anthony Edwards / Jaylen Clark / Joan Beringer / Jonathan Kuminga / Rudy Gobert,0.0,COMPOSED,8.5725,2.7110456930859725,5.74,11.55,2.7325000000000004,-5.84,0.3031446540880503,0.37621023513139695,-5.36,492.0,80.0,True,1,False
Anthony Edwards / Joan Beringer / Jonathan Kuminga / Nah'Shon Hyland / Rudy Gobert,0.0,COMPOSED,8.7075,2.4571668136290623,6.0,11.32,3.145,-5.5625,0.3511043412033511,0.38503253796095444,-5.36,637.0,79.4,True,1,False
Anthony Edwards / Joan Beringer / Jonathan Kuminga / Rudy Gobert / Terrence Shannon Jr.,0.0,COMPOSED,6.552500000000001,2.223818506533301,4.0,8.92,2.9600000000000004,-3.5925000000000002,0.30012881064834696,0.38626609442060084,-5.36,487.0,80.2,True,1,False
Anthony Edwards / Joan Beringer / Jonathan Kuminga / Rudy Gobert / Trey Lyles,0.0,COMPOSED,8.4275,2.618533702284544,5.63,11.21,3.3575,-5.07,,,-5.36,,,True,1,False
Anthony Edwards / Isaiah Evans / Joan Beringer / Jonathan Kuminga / Rudy Gobert,0.0,COMPOSED,7.642879446370484,2.595124033644635,4.835379446370485,10.405379446370485,2.6201897231852422,-5.022689723185242,,,-5.36,,,True,1,False
Anthony Edwards / Jaylen Clark / Jonathan Kuminga / Nah'Shon Hyland / Rudy Gobert,0.0,COMPOSED,6.4825,2.5400529029923766,3.0900000000000003,9.25,1.4925000000000002,-4.99,0.37096188747731396,0.3796477495107632,-5.36,668.0,78.2,True,1,False
Anthony Edwards / Jaylen Clark / Jonathan Kuminga / Rudy Gobert / Terrence Shannon Jr.,0.0,COMPOSED,4.327500000000001,2.281987894358776,1.2600000000000002,6.530000000000001,1.3075000000000003,-3.02,0.3250610252237592,0.37922403003754696,-5.36,518.0,79.0,True,1,False
Anthony Edwards / Jaylen Clark / Jonathan Kuminga / Rudy Gobert / Trey Lyles,0.0,COMPOSED,6.2025,2.784424312133479,2.2,8.809999999999999,1.705,-4.4975000000000005,,,-5.36,,,True,1,False
Anthony Edwards / Isaiah Evans / Jaylen Clark / Jonathan Kuminga / Rudy Gobert,0.0,COMPOSED,5.417879446370485,2.770048510405549,1.4053794463704847,8.005379446370485,0.9676897231852424,-4.450189723185242,,,-5.36,,,True,1,False
Anthony Edwards / Jonathan Kuminga / Nah'Shon Hyland / Rudy Gobert / Terrence Shannon Jr.,0.0,COMPOSED,4.4625,1.996877249607497,2.04,6.850000000000001,1.7200000000000002,-2.7425,0.3697665802148944,0.3867735470941884,-5.36,663.0,78.4,True,1,False
Anthony Edwards / Jonathan Kuminga / Nah'Shon Hyland / Rudy Gobert / Trey Lyles,0.0,COMPOSED,6.3375,2.472937271747911,2.98,9.120000000000001,2.1174999999999997,-4.22,,,-5.36,,,True,1,False
Anthony Edwards / Isaiah Evans / Jonathan Kuminga / Nah'Shon Hyland / Rudy Gobert,0.0,COMPOSED,5.5528794463704845,2.4561084564815125,2.1853794463704848,8.305379446370484,1.3801897231852425,-4.1726897231852424,,,-5.36,,,True,1,False
Anthony Edwards / Jonathan Kuminga / Rudy Gobert / Terrence Shannon Jr. / Trey Lyles,0.0,COMPOSED,4.1825,2.2080350427472837,1.1500000000000001,6.4,1.9325,-2.25,,,-5.36,,,True,1,False
Anthony Edwards / Isaiah Evans / Jonathan Kuminga / Rudy Gobert / Terrence Shannon Jr.,0.0,COMPOSED,3.3978794463704847,2.191601868497105,0.3553794463704848,5.585379446370485,1.1951897231852424,-2.2026897231852423,,,-5.36,,,True,1,False
Anthony Edwards / Isaiah Evans / Jonathan Kuminga / Rudy Gobert / Trey Lyles,0.0,COMPOSED,5.272879446370485,2.7022617841356524,1.2953794463704846,7.855379446370485,1.5926897231852426,-3.6801897231852427,,,-5.36,,,True,1,False
Ayo Dosunmu / Jaden McDaniels / Jonathan Kuminga / LaMelo Ball / Rudy Gobert,0.0,COMPOSED,6.2299999999999995,3.3723508121190475,2.72,9.709999999999999,1.71,-4.52,0.37982359426681367,0.3853410740203193,-5.36,1173.0,80.0,True,1,False
Donte DiVincenzo / Jaden McDaniels / Jonathan Kuminga / LaMelo Ball / Rudy Gobert,0.0,COMPOSED,8.107499999999998,3.4786662314743553,3.4899999999999998,11.59,2.1975,-5.91,0.4689265536723164,0.37464142283419394,-5.36,1237.0,80.0,True,1,False
Cody Williams / Jaden McDaniels / Jonathan Kuminga / LaMelo Ball / Rudy Gobert,0.0,COMPOSED,3.46,2.7647875144394005,0.4099999999999999,6.359999999999999,-0.5975000000000001,-4.0575,0.3627248599233264,0.35528455284552846,-5.36,1061.0,80.8,True,1,False
Jaden McDaniels / Joan Beringer / Jonathan Kuminga / LaMelo Ball / Rudy Gobert,0.0,COMPOSED,9.07,3.575311175268524,5.0,13.009999999999998,2.905,-6.165,0.3687919463087248,0.3721565059144677,-5.36,936.0,81.4,True,1,False
Jaden McDaniels / Jaylen Clark / Jonathan Kuminga / LaMelo Ball / Rudy Gobert,0.0,COMPOSED,6.845,3.5722156989745177,2.62,10.61,1.2524999999999997,-5.5925,0.3856545513026697,0.3686405337781485,-5.36,967.0,80.2,True,1,False
Jaden McDaniels / Jonathan Kuminga / LaMelo Ball / Nah'Shon Hyland / Rudy Gobert,0.0,COMPOSED,6.9799999999999995,3.2902051607764524,3.4,10.47,1.6649999999999996,-5.315,0.4173134328358209,0.37553648068669526,-5.36,1112.0,79.6,True,1,False
Jaden McDaniels / Jonathan Kuminga / LaMelo Ball / Rudy Gobert / Terrence Shannon Jr.,0.0,COMPOSED,4.824999999999999,3.044885055301759,1.57,7.979999999999999,1.4799999999999998,-3.3449999999999998,0.3848673435964625,0.37446808510638296,-5.36,962.0,80.4,True,1,False
Jaden McDaniels / Jonathan Kuminga / LaMelo Ball / Rudy Gobert / Trey Lyles,0.0,COMPOSED,6.699999999999999,3.486165515290403,2.51,10.27,1.8775,-4.8225,,,-5.36,,,True,1,False
Isaiah Evans / Jaden McDaniels / Jonathan Kuminga / LaMelo Ball / Rudy Gobert,0.0,COMPOSED,5.915379446370485,3.4654076239311298,1.7153794463704846,9.465379446370484,1.1401897231852423,-4.7751897231852425,,,-5.36,,,True,1,False
Ayo Dosunmu / Donte DiVincenzo / Jonathan Kuminga / LaMelo Ball / Rudy Gobert,0.0,COMPOSED,7.232499999999999,2.7371460958450866,4.06,10.33,2.79,-4.4425,0.4849480021893815,0.3792325056433409,-5.36,1287.0,79.0,True,1,False
Ayo Dosunmu / Cody Williams / Jonathan Kuminga / LaMelo Ball / Rudy Gobert,0.0,COMPOSED,2.585,2.125447011807163,0.0,4.8100000000000005,-0.005000000000000171,-2.59,0.37830528846153844,0.36219221604447976,-5.36,1111.0,79.8,True,1,False
Ayo Dosunmu / Joan Beringer / Jonathan Kuminga / LaMelo Ball / Rudy Gobert,0.0,COMPOSED,8.195,3.0312497422680305,4.0,11.2,3.4975,-4.6975,0.3866986630099417,0.37943262411347517,-5.36,986.0,80.4,True,1,False
Ayo Dosunmu / Jaylen Clark / Jonathan Kuminga / LaMelo Ball / Rudy Gobert,0.0,COMPOSED,5.97,2.8759607090501076,3.0,8.89,1.8449999999999998,-4.125,0.40315167432698623,0.3754071661237785,-5.36,1017.0,79.2,True,1,False
Ayo Dosunmu / Jonathan Kuminga / LaMelo Ball / Nah'Shon Hyland / Rudy Gobert,0.0,COMPOSED,6.1049999999999995,2.6645121504695752,3.0,9.209999999999999,2.2575,-3.8475,0.4341344691207788,0.38121934127540297,-5.36,1162.0,78.6,True,1,False
Ayo Dosunmu / Jonathan Kuminga / LaMelo Ball / Rudy Gobert / Terrence Shannon Jr.,0.0,COMPOSED,3.95,2.4165367781186364,1.0,6.49,2.0725,-1.8775,0.40267558528428093,0.3812292358803987,-5.36,1012.0,79.4,True,1,False
Ayo Dosunmu / Jonathan Kuminga / LaMelo Ball / Rudy Gobert / Trey Lyles,0.0,COMPOSED,5.824999999999999,2.7871625356265106,3.0,8.76,2.4699999999999998,-3.355,,,-5.36,,,True,1,False
Ayo Dosunmu / Isaiah Evans / Jonathan Kuminga / LaMelo Ball / Rudy Gobert,0.0,COMPOSED,5.040379446370485,2.761906044745186,2.2753794463704846,7.9453794463704845,1.7326897231852423,-3.3076897231852422,,,-5.36,,,True,1,False
Cody Williams / Donte DiVincenzo / Jonathan Kuminga / LaMelo Ball / Rudy Gobert,0.0,COMPOSED,4.4625,2.136063845019619,1.75,6.69,0.48249999999999993,-3.98,0.4752707052970442,0.35591133004926107,-5.36,1175.0,79.8,True,1,False
Donte DiVincenzo / Joan Beringer / Jonathan Kuminga / LaMelo Ball / Rudy Gobert,0.0,COMPOSED,10.0725,2.8818516183176395,7.0,13.059999999999999,3.9849999999999994,-6.0875,0.49667332002661346,0.3683858004018754,-5.36,1050.0,80.4,True,1,False
Donte DiVincenzo / Jaylen Clark / Jonathan Kuminga / LaMelo Ball / Rudy Gobert,0.0,COMPOSED,7.8475,2.957070974799218,3.96,10.77,2.3325,-5.515000000000001,0.508133971291866,0.3659761456371626,-5.36,1081.0,79.2,True,1,False
Donte DiVincenzo / Jonathan Kuminga / LaMelo Ball / Nah'Shon Hyland / Rudy Gobert,0.0,COMPOSED,7.9825,2.673222540305988,4.74,11.09,2.745,-5.2375,0.5308056872037915,0.3716517857142857,-5.36,1226.0,78.6,True,1,False
Donte DiVincenzo / Jonathan Kuminga / LaMelo Ball / Rudy Gobert / Terrence Shannon Jr.,0.0,COMPOSED,5.8275,2.406599000664631,2.91,8.370000000000001,2.5599999999999996,-3.2675,0.509581032802858,0.3702995538559592,-5.36,1076.0,79.4,True,1,False
Donte DiVincenzo / Jonathan Kuminga / LaMelo Ball / Rudy Gobert / Trey Lyles,0.0,COMPOSED,7.702500000000001,2.881860293282795,3.85,10.64,2.9574999999999996,-4.745,,,-5.36,,,True,1,False
Donte DiVincenzo / Isaiah Evans / Jonathan Kuminga / LaMelo Ball / Rudy Gobert,0.0,COMPOSED,6.917879446370483,2.8643181998514056,3.0553794463704844,9.825379446370484,2.220189723185242,-4.697689723185243,,,-5.36,,,True,1,False
Cody Williams / Joan Beringer / Jonathan Kuminga / LaMelo Ball / Rudy Gobert,0.0,COMPOSED,5.425,2.426978574277078,2.0,8.069999999999999,1.19,-4.234999999999999,0.3656716417910448,0.3408163265306122,-5.36,874.0,81.2,True,1,False
Cody Williams / Jaylen Clark / Jonathan Kuminga / LaMelo Ball / Rudy Gobert,0.0,COMPOSED,3.1999999999999993,2.2652704032852236,0.8799999999999999,5.669999999999999,-0.46250000000000013,-3.6624999999999996,0.38447846208615166,0.3398148148148148,-5.36,905.0,80.0,True,1,False
Cody Williams / Jonathan Kuminga / LaMelo Ball / Nah'Shon Hyland / Rudy Gobert,0.0,COMPOSED,3.335,2.0250740727193164,1.0,5.57,-0.050000000000000155,-3.385,0.419344262295082,0.3518373729476153,-5.36,1050.0,79.4,True,1,False
Cody Williams / Jonathan Kuminga / LaMelo Ball / Rudy Gobert / Terrence Shannon Jr.,0.0,COMPOSED,1.18,1.7904887600875912,-1.0,3.039999999999999,-0.23500000000000015,-1.4149999999999998,0.3835815474028333,0.3456439393939394,-5.36,900.0,80.2,True,1,False
Cody Williams / Jonathan Kuminga / LaMelo Ball / Rudy Gobert / Trey Lyles,0.0,COMPOSED,3.0549999999999997,2.1727919826803483,0.7699999999999999,5.329999999999999,0.16249999999999987,-2.8925,,,-5.36,,,True,1,False
Cody Williams / Isaiah Evans / Jonathan Kuminga / LaMelo Ball / Rudy Gobert,0.0,COMPOSED,2.2703794463704843,2.1490288504345396,-0.02462055362951545,4.525379446370484,-0.5748102768147578,-2.845189723185242,,,-5.36,,,True,1,False
Jaylen Clark / Joan Beringer / Jonathan Kuminga / LaMelo Ball / Rudy Gobert,0.0,COMPOSED,8.809999999999999,3.1140166987349316,5.0,12.32,3.04,-5.77,0.3957464553794829,0.35721812434141204,-5.36,780.0,80.6,True,1,False
Joan Beringer / Jonathan Kuminga / LaMelo Ball / Nah'Shon Hyland / Rudy Gobert,0.0,COMPOSED,8.945,2.910923393014663,5.0,11.759999999999998,3.4524999999999997,-5.4925,0.4350132625994695,0.367595818815331,-5.36,925.0,80.0,True,1,False
Joan Beringer / Jonathan Kuminga / LaMelo Ball / Rudy Gobert / Terrence Shannon Jr.,0.0,COMPOSED,6.789999999999999,2.711116006370808,3.0,9.69,3.2674999999999996,-3.5225,0.39496157130657555,0.3643243243243243,-5.36,775.0,80.8,True,1,False
Joan Beringer / Jonathan Kuminga / LaMelo Ball / Rudy Gobert / Trey Lyles,0.0,COMPOSED,8.665,3.01216284420348,5.0,11.979999999999999,3.6649999999999996,-5.0,,,-5.36,,,True,1,False
Isaiah Evans / Joan Beringer / Jonathan Kuminga / LaMelo Ball / Rudy Gobert,0.0,COMPOSED,7.880379446370485,2.9838691325190525,4.275379446370485,11.175379446370485,2.9276897231852423,-4.952689723185243,,,-5.36,,,True,1,False
Jaylen Clark / Jonathan Kuminga / LaMelo Ball / Nah'Shon Hyland / Rudy Gobert,0.0,COMPOSED,6.72,2.787265685219118,3.87,9.65,1.7999999999999998,-4.92,0.4508670520231214,0.3645833333333333,-5.36,956.0,78.8,True,1,False
Jaylen Clark / Jonathan Kuminga / LaMelo Ball / Rudy Gobert / Terrence Shannon Jr.,0.0,COMPOSED,4.5649999999999995,2.5482199669573267,2.0,7.289999999999999,1.615,-2.95,0.41481181707810605,0.36097560975609755,-5.36,806.0,79.6,True,1,False
Jaylen Clark / Jonathan Kuminga / LaMelo Ball / Rudy Gobert / Trey Lyles,0.0,COMPOSED,6.4399999999999995,2.97499579831636,2.98,9.579999999999998,2.0124999999999997,-4.4275,,,-5.36,,,True,1,False
Isaiah Evans / Jaylen Clark / Jonathan Kuminga / LaMelo Ball / Rudy Gobert,0.0,COMPOSED,5.655379446370484,2.953497926188538,2.1853794463704848,8.775379446370483,1.275189723185242,-4.380189723185242,,,-5.36,,,True,1,False
Jonathan Kuminga / LaMelo Ball / Nah'Shon Hyland / Rudy Gobert / Terrence Shannon Jr.,0.0,COMPOSED,4.699999999999999,2.3155884781195466,2.0,7.25,2.0275,-2.6725000000000003,0.45132743362831856,0.3700980392156863,-5.36,951.0,79.0,True,1,False
Jonathan Kuminga / LaMelo Ball / Nah'Shon Hyland / Rudy Gobert / Trey Lyles,0.0,COMPOSED,6.575,2.702124164430643,3.7600000000000002,9.52,2.425,-4.1499999999999995,,,-5.36,,,True,1,False
Isaiah Evans / Jonathan Kuminga / LaMelo Ball / Nah'Shon Hyland / Rudy Gobert,0.0,COMPOSED,5.790379446370485,2.6778582860188846,2.9653794463704846,8.705379446370484,1.687689723185242,-4.102689723185242,,,-5.36,,,True,1,False
Jonathan Kuminga / LaMelo Ball / Rudy Gobert / Terrence Shannon Jr. / Trey Lyles,0.0,COMPOSED,4.42,2.4556974569356056,1.93,6.949999999999999,2.2399999999999998,-2.18,,,-5.36,,,True,1,False
Isaiah Evans / Jonathan Kuminga / LaMelo Ball / Rudy Gobert / Terrence Shannon Jr.,0.0,COMPOSED,3.635379446370484,2.431162273481554,1.1353794463704847,6.145379446370484,1.502689723185242,-2.1326897231852424,,,-5.36,,,True,1,False
Isaiah Evans / Jonathan Kuminga / LaMelo Ball / Rudy Gobert / Trey Lyles,0.0,COMPOSED,5.510379446370484,2.867276582403588,2.0753794463704844,8.435379446370483,1.9001897231852423,-3.6101897231852424,,,-5.36,,,True,1,False
Ayo Dosunmu / Donte DiVincenzo / Jaden McDaniels / Jonathan Kuminga / Rudy Gobert,0.0,COMPOSED,5.4174999999999995,3.4804911650512773,1.8800000000000001,9.09,-0.8775,-6.295,0.39826032929481203,0.3923556942277691,-5.36,972.0,79.4,True,1,False
Ayo Dosunmu / Cody Williams / Jaden McDaniels / Jonathan Kuminga / Rudy Gobert,0.0,COMPOSED,0.7699999999999998,2.940127548253647,-3.0,3.709999999999999,-3.6725,-4.4425,0.2658140338748704,0.3732119635890767,-5.36,796.0,80.2,True,1,False
Ayo Dosunmu / Jaden McDaniels / Joan Beringer / Jonathan Kuminga / Rudy Gobert,0.0,COMPOSED,6.38,3.8634181756574053,1.0,10.36,-0.16999999999999993,-6.55,0.2570507655116841,0.4059561128526646,-5.36,671.0,80.8,True,1,False
Ayo Dosunmu / Jaden McDaniels / Jaylen Clark / Jonathan Kuminga / Rudy Gobert,0.0,COMPOSED,4.155,3.6690632319435434,0.0,7.959999999999999,-1.8225,-5.9775,0.2826503255457679,0.3956639566395664,-5.36,702.0,79.6,True,1,False
Ayo Dosunmu / Jaden McDaniels / Jonathan Kuminga / Nah'Shon Hyland / Rudy Gobert,0.0,COMPOSED,4.289999999999999,3.459356876646293,0.0,7.97,-1.41,-5.7,0.3285413744740533,0.400213447171825,-5.36,847.0,79.0,True,1,False
Ayo Dosunmu / Jaden McDaniels / Jonathan Kuminga / Rudy Gobert / Terrence Shannon Jr.,0.0,COMPOSED,2.1350000000000002,3.2303289306199146,-2.0,5.33,-1.595,-3.7300000000000004,0.27945205479452057,0.4061624649859944,-5.36,697.0,79.8,True,1,False
Ayo Dosunmu / Jaden McDaniels / Jonathan Kuminga / Rudy Gobert / Trey Lyles,0.0,COMPOSED,4.01,3.574367076840318,0.0,7.619999999999999,-1.1975,-5.2075,,,-5.36,,,True,1,False
Ayo Dosunmu / Isaiah Evans / Jaden McDaniels / Jonathan Kuminga / Rudy Gobert,0.0,COMPOSED,3.2253794463704843,3.547372266904053,-0.7246205536295154,6.815379446370484,-1.9348102768147577,-5.160189723185242,,,-5.36,,,True,1,False
Cody Williams / Donte DiVincenzo / Jaden McDaniels / Jonathan Kuminga / Rudy Gobert,0.0,COMPOSED,2.6475,2.866848225839659,-0.42999999999999994,5.57,-3.185,-5.8325,0.38028169014084506,0.36067019400352734,-5.36,860.0,80.2,True,1,False
Donte DiVincenzo / Jaden McDaniels / Joan Beringer / Jonathan Kuminga / Rudy Gobert,0.0,COMPOSED,8.2575,3.683994944350494,4.0,12.219999999999999,0.3174999999999999,-7.9399999999999995,0.3901205756514975,0.3798604187437687,-5.36,735.0,80.8,True,1,False
Donte DiVincenzo / Jaden McDaniels / Jaylen Clark / Jonathan Kuminga / Rudy Gobert,0.0,COMPOSED,6.032500000000001,3.669382611557427,1.78,9.82,-1.335,-7.367500000000001,0.4085185185185185,0.37533998186763373,-5.36,766.0,79.6,True,1,False
Donte DiVincenzo / Jaden McDaniels / Jonathan Kuminga / Nah'Shon Hyland / Rudy Gobert,0.0,COMPOSED,6.1674999999999995,3.3974797644724832,2.56,9.85,-0.9225,-7.089999999999999,0.4427065623937436,0.3817204301075269,-5.36,911.0,79.0,True,1,False
Donte DiVincenzo / Jaden McDaniels / Jonathan Kuminga / Rudy Gobert / Terrence Shannon Jr.,0.0,COMPOSED,4.0125,3.1490186963560567,0.73,7.1899999999999995,-1.1075,-5.12,0.40809379727685324,0.3818350324374421,-5.36,761.0,79.8,True,1,False
Donte DiVincenzo / Jaden McDaniels / Jonathan Kuminga / Rudy Gobert / Trey Lyles,0.0,COMPOSED,5.887500000000001,3.5835971802087356,1.67,9.48,-0.71,-6.5975,,,-5.36,,,True,1,False
Donte DiVincenzo / Isaiah Evans / Jaden McDaniels / Jonathan Kuminga / Rudy Gobert,0.0,COMPOSED,5.102879446370483,3.5621999873673573,0.8753794463704846,8.675379446370485,-1.4473102768147577,-6.550189723185242,,,-5.36,,,True,1,False
Cody Williams / Jaden McDaniels / Jaylen Clark / Jonathan Kuminga / Rudy Gobert,0.0,COMPOSED,1.3849999999999998,3.058843735792987,-2.0,4.829999999999999,-4.13,-5.515,0.2485256950294861,0.33559322033898303,-5.36,590.0,80.4,True,1,False
Cody Williams / Jaden McDaniels / Jonathan Kuminga / Nah'Shon Hyland / Rudy Gobert,0.0,COMPOSED,1.5199999999999996,2.8288955442009516,-2.0,4.33,-3.7175000000000002,-5.2375,0.3017208413001912,0.3561470215462611,-5.36,735.0,79.8,True,1,False
Cody Williams / Jaden McDaniels / Jonathan Kuminga / Rudy Gobert / Terrence Shannon Jr.,0.0,COMPOSED,-0.6350000000000001,2.614464572335988,-4.0,2.1999999999999993,-3.9025,-3.2674999999999996,0.2441760138050043,0.3462897526501767,-5.36,585.0,80.6,True,1,False
Cody Williams / Isaiah Evans / Jaden McDaniels / Jonathan Kuminga / Rudy Gobert,0.0,COMPOSED,0.45537944637048433,2.933981935868045,-2.7246205536295154,3.685379446370484,-4.242310276814758,-4.697689723185243,,,-5.36,,,True,1,False
Jaden McDaniels / Jaylen Clark / Joan Beringer / Jonathan Kuminga / Rudy Gobert,0.0,COMPOSED,6.995,3.941176854697084,2.0,11.479999999999999,-0.6275,-7.6225000000000005,0.2338257768721345,0.37037037037037035,-5.36,465.0,81.0,True,1,False
Jaden McDaniels / Joan Beringer / Jonathan Kuminga / Nah'Shon Hyland / Rudy Gobert,0.0,COMPOSED,7.13,3.7397727203668403,2.0,10.92,-0.21500000000000008,-7.345000000000001,0.2985480943738657,0.3844984802431611,-5.36,610.0,80.4,True,1,False
Jaden McDaniels / Joan Beringer / Jonathan Kuminga / Rudy Gobert / Terrence Shannon Jr.,0.0,COMPOSED,4.975,3.5482988881998083,0.0,8.849999999999998,-0.4,-5.375,0.2281069743051914,0.38620689655172413,-5.36,460.0,81.2,True,1,False
Isaiah Evans / Jaden McDaniels / Joan Beringer / Jonathan Kuminga / Rudy Gobert,0.0,COMPOSED,6.0653794463704855,3.8084248712558315,1.2753794463704846,10.335379446370483,-0.7398102768147576,-6.805189723185243,,,-5.36,,,True,1,False
Jaden McDaniels / Jaylen Clark / Jonathan Kuminga / Nah'Shon Hyland / Rudy Gobert,0.0,COMPOSED,4.905,3.5685606342053378,1.0,8.52,-1.8675,-6.7725,0.324903557651093,0.37730870712401055,-5.36,641.0,79.2,True,1,False
Jaden McDaniels / Jaylen Clark / Jonathan Kuminga / Rudy Gobert / Terrence Shannon Jr.,0.0,COMPOSED,2.75,3.344704770230102,-1.0,6.449999999999999,-2.0525,-4.8025,0.26277013752455797,0.37570093457943926,-5.36,491.0,80.0,True,1,False
Jaden McDaniels / Jaylen Clark / Jonathan Kuminga / Rudy Gobert / Trey Lyles,0.0,COMPOSED,4.625,3.735863354032104,0.7999999999999999,8.739999999999998,-1.655,-6.28,,,-5.36,,,True,1,False
Isaiah Evans / Jaden McDaniels / Jaylen Clark / Jonathan Kuminga / Rudy Gobert,0.0,COMPOSED,3.840379446370485,3.711754975749342,0.005379446370484597,7.935379446370484,-2.392310276814758,-6.232689723185243,,,-5.36,,,True,1,False
Jaden McDaniels / Jonathan Kuminga / Nah'Shon Hyland / Rudy Gobert / Terrence Shannon Jr.,0.0,COMPOSED,2.8850000000000007,3.119651422835571,-1.0,6.010000000000001,-1.64,-4.525,0.32235397452788755,0.3869209809264305,-5.36,636.0,79.4,True,1,False
Jaden McDaniels / Jonathan Kuminga / Nah'Shon Hyland / Rudy Gobert / Trey Lyles,0.0,COMPOSED,4.76,3.47623359399221,1.0,8.28,-1.2425,-6.0025,,,-5.36,,,True,1,False
Isaiah Evans / Jaden McDaniels / Jonathan Kuminga / Nah'Shon Hyland / Rudy Gobert,0.0,COMPOSED,3.9753794463704852,3.4498623160932094,0.2753794463704846,7.465379446370486,-1.9798102768147576,-5.955189723185243,,,-5.36,,,True,1,False
Jaden McDaniels / Jonathan Kuminga / Rudy Gobert / Terrence Shannon Jr. / Trey Lyles,0.0,COMPOSED,2.605,3.24669447284465,-1.0,6.109999999999999,-1.4275,-4.0325,,,-5.36,,,True,1,False
Isaiah Evans / Jaden McDaniels / Jonathan Kuminga / Rudy Gobert / Terrence Shannon Jr.,0.0,COMPOSED,1.8203794463704845,3.2200970482269633,-1.7246205536295154,5.305379446370484,-2.164810276814758,-3.9851897231852424,,,-5.36,,,True,1,False
Isaiah Evans / Jaden McDaniels / Jonathan Kuminga / Rudy Gobert / Trey Lyles,0.0,COMPOSED,3.695379446370484,3.618314524747676,-0.10462055362951528,7.595379446370483,-1.7673102768147577,-5.4626897231852425,,,-5.36,,,True,1,False
Ayo Dosunmu / Cody Williams / Donte DiVincenzo / Jonathan Kuminga / Rudy Gobert,0.0,COMPOSED,1.7725,2.244230101838936,-1.0,4.19,-2.5925000000000002,-4.365,0.3984241178485783,0.36801375752364573,-5.36,910.0,79.2,True,1,False
Ayo Dosunmu / Donte DiVincenzo / Joan Beringer / Jonathan Kuminga / Rudy Gobert,0.0,COMPOSED,7.3825,3.149875989622448,3.0,10.409999999999998,0.9100000000000001,-6.4725,0.41148325358851673,0.3875968992248062,-5.36,785.0,79.8,True,1,False
Ayo Dosunmu / Donte DiVincenzo / Jaylen Clark / Jonathan Kuminga / Rudy Gobert,0.0,COMPOSED,5.157500000000001,2.986480997763086,2.0,8.270000000000001,-0.7424999999999999,-5.9,0.42927569207432686,0.3825088339222615,-5.36,816.0,78.6,True,1,False
Ayo Dosunmu / Donte DiVincenzo / Jonathan Kuminga / Nah'Shon Hyland / Rudy Gobert,0.0,COMPOSED,5.2925,2.7859143472117016,2.0,8.590000000000002,-0.32999999999999996,-5.6225000000000005,0.4624739402362752,0.3876784372652141,-5.36,961.0,78.0,True,1,False
Ayo Dosunmu / Donte DiVincenzo / Jonathan Kuminga / Rudy Gobert / Terrence Shannon Jr.,0.0,COMPOSED,3.1375,2.535531255969841,0.0,5.870000000000001,-0.5149999999999999,-3.6525,0.42929097249128245,0.38898916967509023,-5.36,811.0,78.8,True,1,False
Ayo Dosunmu / Donte DiVincenzo / Jonathan Kuminga / Rudy Gobert / Trey Lyles,0.0,COMPOSED,5.012499999999999,2.8985114714280495,2.0,8.14,-0.11749999999999994,-5.13,,,-5.36,,,True,1,False
Ayo Dosunmu / Donte DiVincenzo / Isaiah Evans / Jonathan Kuminga / Rudy Gobert,0.0,COMPOSED,4.227879446370485,2.87273715296057,1.2753794463704846,7.325379446370485,-0.8548102768147576,-5.082689723185243,,,-5.36,,,True,1,False
Ayo Dosunmu / Cody Williams / Joan Beringer / Jonathan Kuminga / Rudy Gobert,0.0,COMPOSED,2.7350000000000003,2.9145282637161025,-2.0,5.42,-1.8849999999999998,-4.62,0.23785517873510542,0.35452793834296725,-5.36,609.0,80.6,True,1,False
Ayo Dosunmu / Cody Williams / Jaylen Clark / Jonathan Kuminga / Rudy Gobert,0.0,COMPOSED,0.51,2.5087546711466224,-3.0,3.019999999999999,-3.5375,-4.047499999999999,0.2678494158372999,0.3505654281098546,-5.36,640.0,79.4,True,1,False
Ayo Dosunmu / Cody Williams / Jonathan Kuminga / Nah'Shon Hyland / Rudy Gobert,0.0,COMPOSED,0.6449999999999998,2.3882472652554214,-3.0,3.0700000000000007,-3.125,-3.77,0.32053291536050155,0.36674816625916873,-5.36,785.0,78.8,True,1,False
Ayo Dosunmu / Cody Williams / Jonathan Kuminga / Rudy Gobert / Terrence Shannon Jr.,0.0,COMPOSED,-1.51,2.197873972729101,-5.0,0.3899999999999997,-3.31,-1.8,0.2638580931263858,0.36134453781512604,-5.36,635.0,79.6,True,1,False
Ayo Dosunmu / Cody Williams / Jonathan Kuminga / Rudy Gobert / Trey Lyles,0.0,COMPOSED,0.365,2.409330819958106,-3.0,2.6799999999999997,-2.9125,-3.2775000000000003,,,-5.36,,,True,1,False
Ayo Dosunmu / Cody Williams / Isaiah Evans / Jonathan Kuminga / Rudy Gobert,0.0,COMPOSED,-0.41962055362951545,2.377861434146237,-3.7246205536295154,1.8753794463704834,-3.6498102768147573,-3.2301897231852426,,,-5.36,,,True,1,False
Ayo Dosunmu / Jaylen Clark / Joan Beringer / Jonathan Kuminga / Rudy Gobert,0.0,COMPOSED,6.12,3.4644407918161915,1.0,9.67,-0.03500000000000003,-6.154999999999999,0.25684210526315787,0.38729508196721313,-5.36,515.0,80.0,True,1,False
Ayo Dosunmu / Joan Beringer / Jonathan Kuminga / Nah'Shon Hyland / Rudy Gobert,0.0,COMPOSED,6.254999999999999,3.349496230778593,1.0,9.22,0.37749999999999995,-5.8774999999999995,0.3208780943484353,0.39592430858806404,-5.36,660.0,79.4,True,1,False
Ayo Dosunmu / Joan Beringer / Jonathan Kuminga / Rudy Gobert / Terrence Shannon Jr.,0.0,COMPOSED,4.1,3.180848943285424,-1.0,7.039999999999999,0.1925,-3.9074999999999998,0.25162689804772237,0.40301724137931033,-5.36,510.0,80.2,True,1,False
Ayo Dosunmu / Joan Beringer / Jonathan Kuminga / Rudy Gobert / Trey Lyles,0.0,COMPOSED,5.9750000000000005,3.36152123301341,1.0,9.33,0.5899999999999999,-5.385,,,-5.36,,,True,1,False
Ayo Dosunmu / Isaiah Evans / Joan Beringer / Jonathan Kuminga / Rudy Gobert,0.0,COMPOSED,5.1903794463704855,3.3289975968750714,0.2753794463704846,8.525379446370485,-0.1473102768147576,-5.3376897231852425,,,-5.36,,,True,1,False
Ayo Dosunmu / Jaylen Clark / Jonathan Kuminga / Nah'Shon Hyland / Rudy Gobert,0.0,COMPOSED,4.029999999999999,3.0120839961727492,0.0,7.15,-1.275,-5.305,0.34669603524229076,0.3875476493011436,-5.36,691.0,78.2,True,1,False
Ayo Dosunmu / Jaylen Clark / Jonathan Kuminga / Rudy Gobert / Terrence Shannon Jr.,0.0,COMPOSED,1.875,2.796287717671413,-2.0,4.64,-1.46,-3.335,0.2858590978205778,0.3900709219858156,-5.36,541.0,79.0,True,1,False
Ayo Dosunmu / Jaylen Clark / Jonathan Kuminga / Rudy Gobert / Trey Lyles,0.0,COMPOSED,3.75,3.1041021246086604,0.0,6.93,-1.0625,-4.8125,,,-5.36,,,True,1,False
Ayo Dosunmu / Isaiah Evans / Jaylen Clark / Jonathan Kuminga / Rudy Gobert,0.0,COMPOSED,2.965379446370485,3.075719428036309,-0.7246205536295154,6.125379446370484,-1.7998102768147577,-4.765189723185243,,,-5.36,,,True,1,False
Ayo Dosunmu / Jonathan Kuminga / Nah'Shon Hyland / Rudy Gobert / Terrence Shannon Jr.,0.0,COMPOSED,2.0100000000000002,2.6698595468675874,-2.0,4.75,-1.0475,-3.0575,0.34462511291779585,0.39711664482306686,-5.36,686.0,78.4,True,1,False
Ayo Dosunmu / Jonathan Kuminga / Nah'Shon Hyland / Rudy Gobert / Trey Lyles,0.0,COMPOSED,3.8850000000000002,2.9200556501546338,0.0,7.0200000000000005,-0.65,-4.535,,,-5.36,,,True,1,False
Ayo Dosunmu / Isaiah Evans / Jonathan Kuminga / Nah'Shon Hyland / Rudy Gobert,0.0,COMPOSED,3.1003794463704843,2.8893295069963894,-0.7246205536295154,6.205379446370485,-1.3873102768147578,-4.487689723185242,,,-5.36,,,True,1,False
Ayo Dosunmu / Jonathan Kuminga / Rudy Gobert / Terrence Shannon Jr. / Trey Lyles,0.0,COMPOSED,1.73,2.6977212606197845,-2.0,4.300000000000001,-0.835,-2.5649999999999995,,,-5.36,,,True,1,False
Ayo Dosunmu / Isaiah Evans / Jonathan Kuminga / Rudy Gobert / Terrence Shannon Jr.,0.0,COMPOSED,0.9453794463704848,2.666430197848802,-2.7246205536295154,3.4953794463704844,-1.5723102768147577,-2.517689723185242,,,-5.36,,,True,1,False
Ayo Dosunmu / Isaiah Evans / Jonathan Kuminga / Rudy Gobert / Trey Lyles,0.0,COMPOSED,2.8203794463704845,2.9798699636057946,-0.7246205536295154,5.785379446370484,-1.1748102768147577,-3.9951897231852422,,,-5.36,,,True,1,False
Cody Williams / Donte DiVincenzo / Joan Beringer / Jonathan Kuminga / Rudy Gobert,0.0,COMPOSED,4.6125,2.541095974181219,1.0,7.2799999999999985,-1.3975,-6.01,0.38925583443416995,0.34615384615384615,-5.36,673.0,80.6,True,1,False
Cody Williams / Donte DiVincenzo / Jaylen Clark / Jonathan Kuminga / Rudy Gobert,0.0,COMPOSED,2.3875,2.369191581531557,0.0,4.879999999999999,-3.05,-5.4375,0.41,0.3445121951219512,-5.36,704.0,79.4,True,1,False
Cody Williams / Donte DiVincenzo / Jonathan Kuminga / Nah'Shon Hyland / Rudy Gobert,0.0,COMPOSED,2.5225000000000004,2.143902691355184,0.0,4.950000000000001,-2.6374999999999997,-5.16,0.44793638773191974,0.35672020287404904,-5.36,849.0,78.8,True,1,False
Cody Williams / Donte DiVincenzo / Jonathan Kuminga / Rudy Gobert / Terrence Shannon Jr.,0.0,COMPOSED,0.36750000000000016,1.904945865372557,-2.0,2.249999999999999,-2.8225,-3.19,0.40955631399317405,0.35104166666666664,-5.36,699.0,79.6,True,1,False
Cody Williams / Donte DiVincenzo / Jonathan Kuminga / Rudy Gobert / Trey Lyles,0.0,COMPOSED,2.2424999999999997,2.277678368426938,-0.06999999999999995,4.539999999999999,-2.425,-4.6675,,,-5.36,,,True,1,False
Cody Williams / Donte DiVincenzo / Isaiah Evans / Jonathan Kuminga / Rudy Gobert,0.0,COMPOSED,1.457879446370485,2.2531131241018505,-0.8646205536295153,3.735379446370484,-3.1623102768147575,-4.620189723185242,,,-5.36,,,True,1,False
Donte DiVincenzo / Jaylen Clark / Joan Beringer / Jonathan Kuminga / Rudy Gobert,0.0,COMPOSED,7.9975000000000005,3.2238050111630514,4.0,11.53,0.4524999999999999,-7.545,0.42885872297637,0.3645955451348183,-5.36,579.0,80.0,True,1,False
Donte DiVincenzo / Joan Beringer / Jonathan Kuminga / Nah'Shon Hyland / Rudy Gobert,0.0,COMPOSED,8.1325,3.030357858405505,4.0,11.100000000000001,0.865,-7.267500000000001,0.4717488789237668,0.3745247148288973,-5.36,724.0,79.4,True,1,False
Donte DiVincenzo / Joan Beringer / Jonathan Kuminga / Rudy Gobert / Terrence Shannon Jr.,0.0,COMPOSED,5.9775,2.8261844861933554,2.0,8.899999999999999,0.6799999999999999,-5.297499999999999,0.4288670460424211,0.37273823884197826,-5.36,574.0,80.2,True,1,False
Donte DiVincenzo / Joan Beringer / Jonathan Kuminga / Rudy Gobert / Trey Lyles,0.0,COMPOSED,7.8525,3.1231584573953337,4.0,11.19,1.0775,-6.775,,,-5.36,,,True,1,False
Donte DiVincenzo / Isaiah Evans / Joan Beringer / Jonathan Kuminga / Rudy Gobert,0.0,COMPOSED,7.067879446370485,3.0944900629990717,3.2753794463704846,10.385379446370484,0.3401897231852422,-6.727689723185242,,,-5.36,,,True,1,False
Donte DiVincenzo / Jaylen Clark / Jonathan Kuminga / Nah'Shon Hyland / Rudy Gobert,0.0,COMPOSED,5.907500000000001,2.89708797760786,3.0,9.03,-0.7875,-6.695,0.4883425180161085,0.3706597222222222,-5.36,755.0,78.2,True,1,False
Donte DiVincenzo / Jaylen Clark / Jonathan Kuminga / Rudy Gobert / Terrence Shannon Jr.,0.0,COMPOSED,3.7524999999999995,2.6542925140232754,1.0,6.499999999999999,-0.9724999999999999,-4.725,0.45053346265761396,0.3681377825618945,-5.36,605.0,79.0,True,1,False
Donte DiVincenzo / Jaylen Clark / Jonathan Kuminga / Rudy Gobert / Trey Lyles,0.0,COMPOSED,5.6274999999999995,3.0734782820120916,2.14,8.79,-0.575,-6.2025,,,-5.36,,,True,1,False
Donte DiVincenzo / Isaiah Evans / Jaylen Clark / Jonathan Kuminga / Rudy Gobert,0.0,COMPOSED,4.842879446370484,3.0512651064763285,1.3453794463704845,7.985379446370484,-1.3123102768147576,-6.155189723185242,,,-5.36,,,True,1,False
Donte DiVincenzo / Jonathan Kuminga / Nah'Shon Hyland / Rudy Gobert / Terrence Shannon Jr.,0.0,COMPOSED,3.8875,2.4346598838441476,1.0,6.63,-0.5599999999999999,-4.4475,0.4897959183673469,0.37677304964539005,-5.36,750.0,78.4,True,1,False
Donte DiVincenzo / Jonathan Kuminga / Nah'Shon Hyland / Rudy Gobert / Trey Lyles,0.0,COMPOSED,5.762500000000001,2.8126355522889916,2.9200000000000004,8.9,-0.16249999999999998,-5.925000000000001,,,-5.36,,,True,1,False
Donte DiVincenzo / Isaiah Evans / Jonathan Kuminga / Nah'Shon Hyland / Rudy Gobert,0.0,COMPOSED,4.977879446370485,2.787789222663722,2.1253794463704847,8.085379446370485,-0.8998102768147577,-5.877689723185243,,,-5.36,,,True,1,False
Donte DiVincenzo / Jonathan Kuminga / Rudy Gobert / Terrence Shannon Jr. / Trey Lyles,0.0,COMPOSED,3.6075,2.5627073086874357,1.0,6.180000000000001,-0.34750000000000003,-3.955,,,-5.36,,,True,1,False
Donte DiVincenzo / Isaiah Evans / Jonathan Kuminga / Rudy Gobert / Terrence Shannon Jr.,0.0,COMPOSED,2.822879446370484,2.537512315241051,0.2753794463704846,5.3653794463704845,-1.0848102768147576,-3.907689723185242,,,-5.36,,,True,1,False
Donte DiVincenzo / Isaiah Evans / Jonathan Kuminga / Rudy Gobert / Trey Lyles,0.0,COMPOSED,4.697879446370484,2.9653867791571473,1.2353794463704846,7.645379446370483,-0.6873102768147576,-5.385189723185242,,,-5.36,,,True,1,False
Cody Williams / Jaylen Clark / Joan Beringer / Jonathan Kuminga / Rudy Gobert,0.0,COMPOSED,3.3499999999999996,2.8857061527466716,-1.0,6.539999999999999,-2.3425000000000002,-5.6925,0.20444978953698137,0.27941176470588236,-5.36,403.0,80.8,True,1,False
Cody Williams / Joan Beringer / Jonathan Kuminga / Nah'Shon Hyland / Rudy Gobert,0.0,COMPOSED,3.4849999999999994,2.772196782337069,-1.0,5.979999999999999,-1.93,-5.415,0.28308823529411764,0.3302411873840445,-5.36,548.0,80.2,True,1,False
Cody Williams / Joan Beringer / Jonathan Kuminga / Rudy Gobert / Terrence Shannon Jr.,0.0,COMPOSED,1.33,2.6360292107637955,-3.0,3.9099999999999993,-2.115,-3.4450000000000003,0.19663970130678282,0.29430379746835444,-5.36,398.0,81.0,True,1,False
Cody Williams / Isaiah Evans / Joan Beringer / Jonathan Kuminga / Rudy Gobert,0.0,COMPOSED,2.4203794463704846,2.745373380799049,-1.7246205536295154,5.395379446370484,-2.454810276814758,-4.875189723185242,,,-5.36,,,True,1,False
Cody Williams / Jaylen Clark / Jonathan Kuminga / Nah'Shon Hyland / Rudy Gobert,0.0,COMPOSED,1.26,2.3868703358163383,-2.0,3.579999999999999,-3.5825,-4.842499999999999,0.31431382193802265,0.3302034428794992,-5.36,579.0,79.0,True,1,False
Cody Williams / Jaylen Clark / Jonathan Kuminga / Rudy Gobert / Terrence Shannon Jr.,0.0,COMPOSED,-0.8949999999999999,2.192857724522957,-4.0,1.5099999999999993,-3.7674999999999996,-2.8725,0.23963133640552994,0.30288461538461536,-5.36,429.0,79.8,True,1,False
Cody Williams / Jaylen Clark / Jonathan Kuminga / Rudy Gobert / Trey Lyles,0.0,COMPOSED,0.98,2.4922680433693323,-2.0,3.7999999999999994,-3.37,-4.35,,,-5.36,,,True,1,False
Cody Williams / Isaiah Evans / Jaylen Clark / Jonathan Kuminga / Rudy Gobert,0.0,COMPOSED,0.19537944637048454,2.4644370553941926,-2.7246205536295154,2.9953794463704844,-4.107310276814758,-4.302689723185242,,,-5.36,,,True,1,False
Cody Williams / Jonathan Kuminga / Nah'Shon Hyland / Rudy Gobert / Terrence Shannon Jr.,0.0,COMPOSED,-0.7600000000000001,2.063625450511793,-4.0,1.1100000000000003,-3.355,-2.5949999999999998,0.3110773899848255,0.33983739837398375,-5.36,574.0,79.2,True,1,False
Cody Williams / Jonathan Kuminga / Nah'Shon Hyland / Rudy Gobert / Trey Lyles,0.0,COMPOSED,1.1149999999999998,2.2899072033599963,-2.0,3.380000000000001,-2.9575,-4.0725,,,-5.36,,,True,1,False
Cody Williams / Isaiah Evans / Jonathan Kuminga / Nah'Shon Hyland / Rudy Gobert,0.0,COMPOSED,0.33037944637048433,2.258899068130314,-2.7246205536295154,2.565379446370485,-3.6948102768147573,-4.0251897231852425,,,-5.36,,,True,1,False
Cody Williams / Jonathan Kuminga / Rudy Gobert / Terrence Shannon Jr. / Trey Lyles,0.0,COMPOSED,-1.04,2.0879535435444914,-4.0,1.169999999999999,-3.1425,-2.1025,,,-5.36,,,True,1,False
Cody Williams / Isaiah Evans / Jonathan Kuminga / Rudy Gobert / Terrence Shannon Jr.,0.0,COMPOSED,-1.8246205536295153,2.0564897276670266,-4.724620553629515,0.3653794463704845,-3.8798102768147578,-2.0551897231852423,,,-5.36,,,True,1,False
Cody Williams / Isaiah Evans / Jonathan Kuminga / Rudy Gobert / Trey Lyles,0.0,COMPOSED,0.05037944637048475,2.3633609542344565,-2.7246205536295154,2.6553794463704845,-3.482310276814758,-3.5326897231852428,,,-5.36,,,True,1,False
Jaylen Clark / Joan Beringer / Jonathan Kuminga / Nah'Shon Hyland / Rudy Gobert,0.0,COMPOSED,6.87,3.332754116342818,2.0,10.229999999999999,-0.08000000000000007,-6.949999999999999,0.31319358816276205,0.36023622047244097,-5.36,454.0,79.6,True,1,False
Jaylen Clark / Joan Beringer / Jonathan Kuminga / Rudy Gobert / Terrence Shannon Jr.,0.0,COMPOSED,4.715000000000001,3.160771266637306,0.0,8.16,-0.265,-4.98,0.21509433962264152,0.34385964912280703,-5.36,304.0,80.4,True,1,False
Jaylen Clark / Joan Beringer / Jonathan Kuminga / Rudy Gobert / Trey Lyles,0.0,COMPOSED,6.59,3.406031415004859,2.0,10.45,0.13250000000000006,-6.4575,,,-5.36,,,True,1,False
Isaiah Evans / Jaylen Clark / Joan Beringer / Jonathan Kuminga / Rudy Gobert,0.0,COMPOSED,5.805379446370484,3.375818419287388,1.2753794463704846,9.645379446370484,-0.6048102768147577,-6.410189723185242,,,-5.36,,,True,1,False
Joan Beringer / Jonathan Kuminga / Nah'Shon Hyland / Rudy Gobert / Terrence Shannon Jr.,0.0,COMPOSED,4.85,3.0409373554876136,0.0,7.6,0.14749999999999996,-4.702500000000001,0.3090676883780332,0.3739669421487603,-5.36,449.0,79.8,True,1,False
Joan Beringer / Jonathan Kuminga / Nah'Shon Hyland / Rudy Gobert / Trey Lyles,0.0,COMPOSED,6.7250000000000005,3.2311337019690165,2.0,9.889999999999999,0.5449999999999999,-6.18,,,-5.36,,,True,1,False
Isaiah Evans / Joan Beringer / Jonathan Kuminga / Nah'Shon Hyland / Rudy Gobert,0.0,COMPOSED,5.940379446370484,3.1987849255615792,1.2753794463704846,9.085379446370483,-0.19231027681475776,-6.132689723185242,,,-5.36,,,True,1,False
Joan Beringer / Jonathan Kuminga / Rudy Gobert / Terrence Shannon Jr. / Trey Lyles,0.0,COMPOSED,4.569999999999999,3.0541529103828444,0.0,7.819999999999999,0.3599999999999999,-4.21,,,-5.36,,,True,1,False
Isaiah Evans / Joan Beringer / Jonathan Kuminga / Rudy Gobert / Terrence Shannon Jr.,0.0,COMPOSED,3.785379446370485,3.0216717227389207,-0.7246205536295154,7.015379446370484,-0.3773102768147577,-4.162689723185243,,,-5.36,,,True,1,False
Isaiah Evans / Joan Beringer / Jonathan Kuminga / Rudy Gobert / Trey Lyles,0.0,COMPOSED,5.660379446370484,3.270263750831116,1.2753794463704846,9.305379446370484,0.02018972318524237,-5.640189723185243,,,-5.36,,,True,1,False
Jaylen Clark / Jonathan Kuminga / Nah'Shon Hyland / Rudy Gobert / Terrence Shannon Jr.,0.0,COMPOSED,2.625,2.6760838925564348,-1.0,5.199999999999999,-1.505,-4.13,0.3445427728613569,0.3664383561643836,-5.36,480.0,78.6,True,1,False
Jaylen Clark / Jonathan Kuminga / Nah'Shon Hyland / Rudy Gobert / Trey Lyles,0.0,COMPOSED,4.5,2.9980910593242487,1.0,7.489999999999998,-1.1075,-5.607499999999999,,,-5.36,,,True,1,False
Isaiah Evans / Jaylen Clark / Jonathan Kuminga / Nah'Shon Hyland / Rudy Gobert,0.0,COMPOSED,3.715379446370485,2.9703114314832373,0.2753794463704846,6.685379446370484,-1.8448102768147576,-5.560189723185243,,,-5.36,,,True,1,False
Jaylen Clark / Jonathan Kuminga / Rudy Gobert / Terrence Shannon Jr. / Trey Lyles,0.0,COMPOSED,2.345,2.779222013441891,-1.0,5.419999999999999,-1.2925,-3.6375,,,-5.36,,,True,1,False
Isaiah Evans / Jaylen Clark / Jonathan Kuminga / Rudy Gobert / Terrence Shannon Jr.,0.0,COMPOSED,1.5603794463704848,2.7511679338055686,-1.7246205536295154,4.6153794463704845,-2.0298102768147577,-3.590189723185242,,,-5.36,,,True,1,False
Isaiah Evans / Jaylen Clark / Jonathan Kuminga / Rudy Gobert / Trey Lyles,0.0,COMPOSED,3.4353794463704848,3.1252599891849,0.2753794463704846,6.9053794463704845,-1.6323102768147577,-5.067689723185242,,,-5.36,,,True,1,False
Jonathan Kuminga / Nah'Shon Hyland / Rudy Gobert / Terrence Shannon Jr. / Trey Lyles,0.0,COMPOSED,2.4799999999999995,2.5798061942711894,-1.0,5.06,-0.88,-3.36,,,-5.36,,,True,1,False
Isaiah Evans / Jonathan Kuminga / Nah'Shon Hyland / Rudy Gobert / Terrence Shannon Jr.,0.0,COMPOSED,1.6953794463704845,2.548950764530378,-1.7246205536295154,4.245379446370485,-1.6173102768147576,-3.312689723185243,,,-5.36,,,True,1,False
Isaiah Evans / Jonathan Kuminga / Nah'Shon Hyland / Rudy Gobert / Trey Lyles,0.0,COMPOSED,3.570379446370484,2.877120956789964,0.2753794463704846,6.515379446370485,-1.2198102768147576,-4.790189723185242,,,-5.36,,,True,1,False
Isaiah Evans / Jonathan Kuminga / Rudy Gobert / Terrence Shannon Jr. / Trey Lyles,0.0,COMPOSED,1.4153794463704845,2.6511129738281616,-1.7246205536295154,4.275379446370484,-1.4048102768147577,-2.8201897231852424,,,-5.36,,,True,1,False
Anthony Edwards / Ayo Dosunmu / Jaden McDaniels / LaMelo Ball / Rudy Gobert,0.0,COMPOSED,7.83,2.4829216661022557,3.76,10.26,5.3075,-2.5225,0.39548772395487725,0.3926174496644295,-5.36,1316.0,79.4,True,1,False
Anthony Edwards / Donte DiVincenzo / Jaden McDaniels / LaMelo Ball / Rudy Gobert,0.0,COMPOSED,9.7075,3.0209218377839573,4.53,12.14,5.795,-3.9125,0.46702819956616054,0.38272178355782627,-5.36,1380.0,79.4,True,1,False
Anthony Edwards / Cody Williams / Jaden McDaniels / LaMelo Ball / Rudy Gobert,0.0,COMPOSED,5.06,2.0965090030810742,1.4500000000000002,6.62,3.0,-2.06,0.3828197945845005,0.37073170731707317,-5.36,1204.0,80.2,True,1,False
Anthony Edwards / Jaden McDaniels / Joan Beringer / LaMelo Ball / Rudy Gobert,0.0,COMPOSED,10.669999999999998,2.3610273187746045,7.09,12.819999999999999,6.5024999999999995,-4.1675,0.3896204492641363,0.3843605036447979,-5.36,1079.0,80.8,True,1,False
Anthony Edwards / Jaden McDaniels / Jaylen Clark / LaMelo Ball / Rudy Gobert,0.0,COMPOSED,8.445,2.8368071841420592,3.66,10.7,4.85,-3.595,0.4020489755122439,0.3809819763828465,-5.36,1110.0,79.6,True,1,False
Anthony Edwards / Jaden McDaniels / LaMelo Ball / Nah'Shon Hyland / Rudy Gobert,0.0,COMPOSED,8.58,2.4953957601951635,4.44,11.02,5.2625,-3.3175,0.42611359886872496,0.38495575221238937,-5.36,1255.0,79.0,True,1,False
Anthony Edwards / Jaden McDaniels / LaMelo Ball / Rudy Gobert / Terrence Shannon Jr.,0.0,COMPOSED,6.425,2.2507609824235004,2.61,8.3,5.077500000000001,-1.3475000000000001,0.40167257982767357,0.38548895899053626,-5.36,1105.0,79.8,True,1,False
Anthony Edwards / Jaden McDaniels / LaMelo Ball / Rudy Gobert / Trey Lyles,0.0,COMPOSED,8.3,2.800616003667764,3.5500000000000003,10.57,5.475,-2.8249999999999997,,,-5.36,,,True,1,False
Anthony Edwards / Isaiah Evans / Jaden McDaniels / LaMelo Ball / Rudy Gobert,0.0,COMPOSED,7.515379446370485,2.799571395767573,2.7553794463704846,9.755379446370485,4.737689723185242,-2.777689723185242,,,-5.36,,,True,1,False
Anthony Edwards / Ayo Dosunmu / Cody Williams / LaMelo Ball / Rudy Gobert,0.0,COMPOSED,4.185,1.3002595894666573,2.02,5.36,3.5925000000000002,-0.5925,0.39540393271736557,0.37567405632115036,-5.36,1254.0,79.2,True,1,True
Anthony Edwards / Ayo Dosunmu / Joan Beringer / LaMelo Ball / Rudy Gobert,0.0,COMPOSED,9.795000000000002,1.5498145050295538,7.66,11.510000000000002,7.095000000000001,-2.6999999999999997,0.4036745406824147,0.3894668400520156,-5.36,1129.0,79.8,True,1,False
Anthony Edwards / Ayo Dosunmu / LaMelo Ball / Rudy Gobert / Trey Lyles,0.0,COMPOSED,7.425,1.9698286727530387,4.12,9.309999999999999,6.0675,-1.3575,,,-5.36,,,True,1,False
Anthony Edwards / Cody Williams / Donte DiVincenzo / LaMelo Ball / Rudy Gobert,0.0,COMPOSED,6.0625,1.9921392396115287,2.79,8.0,4.08,-1.9825,0.47192575406032483,0.36823992133726646,-5.36,1318.0,79.2,True,1,False
Anthony Edwards / Donte DiVincenzo / Joan Beringer / LaMelo Ball / Rudy Gobert,0.0,COMPOSED,11.6725,1.9368063274370007,8.43,13.39,7.5825,-4.09,0.4880738650936137,0.3788754598003153,-5.36,1193.0,79.8,True,1,False
Anthony Edwards / Donte DiVincenzo / LaMelo Ball / Rudy Gobert / Trey Lyles,0.0,COMPOSED,9.3025,2.5787145538038914,4.89,11.190000000000001,6.555000000000001,-2.7475,,,-5.36,,,True,1,False
Anthony Edwards / Cody Williams / Joan Beringer / LaMelo Ball / Rudy Gobert,0.0,COMPOSED,7.025,1.030934042507085,5.35,7.879999999999999,4.7875000000000005,-2.2375,0.389028827315981,0.36330935251798563,-5.36,1017.0,80.6,True,1,True
Anthony Edwards / Cody Williams / Jaylen Clark / LaMelo Ball / Rudy Gobert,0.0,COMPOSED,4.8,1.6730809902691501,1.92,6.0,3.1350000000000002,-1.665,0.4024851431658563,0.3610738255033557,-5.36,1048.0,79.4,True,1,False
Anthony Edwards / Cody Williams / LaMelo Ball / Nah'Shon Hyland / Rudy Gobert,0.0,COMPOSED,4.935,1.3723975371589676,2.7,6.12,3.5475,-1.3875,0.4283540451432919,0.36767317939609234,-5.36,1193.0,78.8,True,1,True
Anthony Edwards / Cody Williams / LaMelo Ball / Rudy Gobert / Terrence Shannon Jr.,0.0,COMPOSED,2.7800000000000002,1.1753510114004242,0.8699999999999999,4.0,3.3625,0.5825,0.40208447613823367,0.3656207366984993,-5.36,1043.0,79.6,True,1,True
Anthony Edwards / Cody Williams / LaMelo Ball / Rudy Gobert / Trey Lyles,0.0,COMPOSED,4.654999999999999,1.6709652898848617,1.81,6.0,3.76,-0.895,,,-5.36,,,True,1,False
Anthony Edwards / Cody Williams / Isaiah Evans / LaMelo Ball / Rudy Gobert,0.0,COMPOSED,3.8703794463704844,1.6816286748268774,1.0153794463704846,5.275379446370485,3.022689723185242,-0.8476897231852423,,,-5.36,,,True,1,False
Anthony Edwards / Jaylen Clark / Joan Beringer / LaMelo Ball / Rudy Gobert,0.0,COMPOSED,10.41,1.8453048528630704,7.5600000000000005,12.129999999999999,6.637499999999999,-3.7725,0.41294439380127623,0.37527593818984545,-5.36,923.0,80.0,True,1,False
Anthony Edwards / Joan Beringer / LaMelo Ball / Nah'Shon Hyland / Rudy Gobert,0.0,COMPOSED,10.544999999999998,1.515362992817232,8.34,12.27,7.049999999999999,-3.495,0.44110985277463194,0.38061617458279845,-5.36,1068.0,79.4,True,1,False
Anthony Edwards / Joan Beringer / LaMelo Ball / Rudy Gobert / Terrence Shannon Jr.,0.0,COMPOSED,8.389999999999999,1.2514191943549529,6.51,9.549999999999999,6.865,-1.525,0.4126738794435858,0.3805243445692884,-5.36,918.0,80.2,True,1,True
Anthony Edwards / Joan Beringer / LaMelo Ball / Rudy Gobert / Trey Lyles,0.0,COMPOSED,10.265,1.7845237459893881,7.450000000000001,11.82,7.262499999999999,-3.0025,,,-5.36,,,True,1,False
Anthony Edwards / Isaiah Evans / Joan Beringer / LaMelo Ball / Rudy Gobert,0.0,COMPOSED,9.480379446370485,1.775760400504527,6.655379446370485,11.005379446370485,6.5251897231852425,-2.955189723185242,,,-5.36,,,True,1,False
Anthony Edwards / Jaylen Clark / LaMelo Ball / Rudy Gobert / Trey Lyles,0.0,COMPOSED,8.04,2.336054365805727,4.0200000000000005,9.75,5.61,-2.43,,,-5.36,,,True,1,False
Anthony Edwards / LaMelo Ball / Nah'Shon Hyland / Rudy Gobert / Trey Lyles,0.0,COMPOSED,8.175,2.00569813282059,4.8,10.07,6.0225,-2.1525,,,-5.36,,,True,1,False
Anthony Edwards / LaMelo Ball / Rudy Gobert / Terrence Shannon Jr. / Trey Lyles,0.0,COMPOSED,6.02,1.773372493301957,2.97,7.3500000000000005,5.8374999999999995,-0.1825,,,-5.36,,,True,1,False
Anthony Edwards / Isaiah Evans / LaMelo Ball / Rudy Gobert / Trey Lyles,0.0,COMPOSED,7.110379446370484,2.31724513161642,3.1153794463704845,8.805379446370484,5.497689723185243,-1.6126897231852422,,,-5.36,,,True,1,False
Anthony Edwards / Ayo Dosunmu / Donte DiVincenzo / Jaden McDaniels / Rudy Gobert,20.0,OBSERVED,7.0175,2.5443503591290257,2.92,9.64,2.7199999999999998,-4.297499999999999,0.41147859922178986,0.3983451536643026,-5.36,1115.0,78.8,True,1,True
Anthony Edwards / Ayo Dosunmu / Cody Williams / Jaden McDaniels / Rudy Gobert,0.0,COMPOSED,2.37,1.6524829802451826,-0.15999999999999998,4.120000000000001,-0.0749999999999999,-2.445,0.3114104595879556,0.3884648006785411,-5.36,939.0,79.6,True,1,False
Anthony Edwards / Ayo Dosunmu / Jaden McDaniels / Joan Beringer / Rudy Gobert,0.0,COMPOSED,7.9799999999999995,2.2478100453552563,5.48,10.27,3.4275,-4.5525,0.3105185185185185,0.41030534351145037,-5.36,814.0,80.2,True,1,False
Anthony Edwards / Ayo Dosunmu / Jaden McDaniels / Jaylen Clark / Rudy Gobert,0.0,COMPOSED,5.755,2.466541100407613,2.05,8.2,1.7750000000000001,-3.98,0.3276255707762557,0.40331010452961674,-5.36,845.0,79.0,True,1,False
Anthony Edwards / Ayo Dosunmu / Jaden McDaniels / Nah'Shon Hyland / Rudy Gobert,0.0,COMPOSED,5.89,2.168813039429632,2.83,8.52,2.1875,-3.7025,0.3596795727636849,0.4053452115812918,-5.36,990.0,78.4,True,1,False
Anthony Edwards / Ayo Dosunmu / Jaden McDaniels / Rudy Gobert / Terrence Shannon Jr.,2.0,OBSERVED,3.7350000000000003,1.8880346924778688,1.0000000000000002,5.800000000000001,2.0025000000000004,-1.7325,0.3259860788863109,0.4101423487544484,-5.36,840.0,79.2,True,1,True
Anthony Edwards / Ayo Dosunmu / Jaden McDaniels / Rudy Gobert / Trey Lyles,0.0,COMPOSED,5.61,2.4085784189019046,1.9400000000000002,8.07,2.4000000000000004,-3.21,,,-5.36,,,True,1,False
Anthony Edwards / Ayo Dosunmu / Isaiah Evans / Jaden McDaniels / Rudy Gobert,0.0,COMPOSED,4.825379446370485,2.397383990936788,1.1453794463704847,7.255379446370485,1.6626897231852422,-3.1626897231852427,,,-5.36,,,True,1,False
Anthony Edwards / Cody Williams / Donte DiVincenzo / Jaden McDaniels / Rudy Gobert,0.0,COMPOSED,4.2475,2.1302273939652543,0.6100000000000001,6.0,0.4125000000000001,-3.835,0.3984516129032258,0.3756476683937824,-5.36,1003.0,79.6,True,1,False
Anthony Edwards / Donte DiVincenzo / Jaden McDaniels / Joan Beringer / Rudy Gobert,0.0,COMPOSED,9.8575,2.4353990946044135,6.25,12.149999999999999,3.9149999999999996,-5.9425,0.40790993071593534,0.39065817409766457,-5.36,878.0,80.2,True,1,False
Anthony Edwards / Donte DiVincenzo / Jaden McDaniels / Jaylen Clark / Rudy Gobert,13.0,OBSERVED,7.6325,2.884244918518536,2.8200000000000003,10.08,2.2625,-5.369999999999999,0.42109657667687167,0.38664904163912756,-5.36,909.0,79.0,True,1,True
Anthony Edwards / Donte DiVincenzo / Jaden McDaniels / Nah'Shon Hyland / Rudy Gobert,4.0,OBSERVED,7.7675,2.5518951291148313,3.5999999999999996,10.4,2.675,-5.0925,0.44653103808033384,0.3901869158878505,-5.36,1054.0,78.4,True,1,True
Anthony Edwards / Donte DiVincenzo / Jaden McDaniels / Rudy Gobert / Terrence Shannon Jr.,2.0,OBSERVED,5.6125,2.2975353642544873,1.77,7.680000000000001,2.49,-3.1224999999999996,0.42097823013853547,0.39153794492948285,-5.36,904.0,79.2,True,1,True
Anthony Edwards / Donte DiVincenzo / Jaden McDaniels / Rudy Gobert / Trey Lyles,0.0,COMPOSED,7.4875,2.846053188188864,2.71,9.95,2.8875,-4.6,,,-5.36,,,True,1,False
Anthony Edwards / Donte DiVincenzo / Isaiah Evans / Jaden McDaniels / Rudy Gobert,0.0,COMPOSED,6.702879446370485,2.8435134517002028,1.9153794463704847,9.135379446370486,2.1501897231852425,-4.552689723185242,,,-5.36,,,True,1,False
Anthony Edwards / Cody Williams / Jaden McDaniels / Joan Beringer / Rudy Gobert,0.0,COMPOSED,5.21,1.6576338558318602,3.17,7.039999999999999,1.1199999999999999,-4.09,0.28680688336520077,0.37333333333333335,-5.36,702.0,81.0,True,1,False
Anthony Edwards / Cody Williams / Jaden McDaniels / Jaylen Clark / Rudy Gobert,0.0,COMPOSED,2.985,1.9843071838805604,-0.2599999999999998,4.64,-0.5324999999999999,-3.5175,0.3060912151821243,0.369,-5.36,733.0,79.8,True,1,False
Anthony Edwards / Cody Williams / Jaden McDaniels / Nah'Shon Hyland / Rudy Gobert,0.0,COMPOSED,3.12,1.6426807358704858,0.52,4.880000000000001,-0.11999999999999988,-3.2399999999999998,0.34179019384264536,0.3769808173477898,-5.36,878.0,79.2,True,1,False
Anthony Edwards / Cody Williams / Jaden McDaniels / Rudy Gobert / Terrence Shannon Jr.,0.0,COMPOSED,0.965,1.3871643738216464,-1.31,2.1600000000000006,-0.3049999999999999,-1.27,0.3039551541575833,0.3760245901639344,-5.36,728.0,80.0,True,1,True
Anthony Edwards / Cody Williams / Jaden McDaniels / Rudy Gobert / Trey Lyles,0.0,COMPOSED,2.8400000000000003,1.9358073251230352,-0.37,4.430000000000001,0.09250000000000003,-2.7475,,,-5.36,,,True,1,False
Anthony Edwards / Cody Williams / Isaiah Evans / Jaden McDaniels / Rudy Gobert,0.0,COMPOSED,2.055379446370485,1.9315796644197722,-1.1646205536295153,3.615379446370485,-0.6448102768147576,-2.7001897231852423,,,-5.36,,,True,1,False
Anthony Edwards / Jaden McDaniels / Jaylen Clark / Joan Beringer / Rudy Gobert,0.0,COMPOSED,8.594999999999999,2.4807508943866172,5.38,11.29,2.97,-5.625,0.30427170868347336,0.3924050632911392,-5.36,608.0,80.4,True,1,False
Anthony Edwards / Jaden McDaniels / Joan Beringer / Nah'Shon Hyland / Rudy Gobert,0.0,COMPOSED,8.73,2.1730048320240805,6.16,11.030000000000001,3.3825000000000003,-5.3475,0.3448498546980949,0.3970037453183521,-5.36,753.0,79.8,True,1,False
Anthony Edwards / Jaden McDaniels / Joan Beringer / Rudy Gobert / Terrence Shannon Jr.,0.0,COMPOSED,6.574999999999999,1.928607010253774,4.33,8.66,3.1975,-3.3775,0.30178571428571427,0.4011834319526627,-5.36,603.0,80.6,True,1,False
Anthony Edwards / Jaden McDaniels / Joan Beringer / Rudy Gobert / Trey Lyles,0.0,COMPOSED,8.45,2.398009591306924,5.2700000000000005,10.95,3.5949999999999998,-4.855,,,-5.36,,,True,1,False
Anthony Edwards / Isaiah Evans / Jaden McDaniels / Joan Beringer / Rudy Gobert,0.0,COMPOSED,7.665379446370485,2.3805776609890295,4.475379446370485,10.145379446370484,2.857689723185243,-4.807689723185242,,,-5.36,,,True,1,False
Anthony Edwards / Jaden McDaniels / Jaylen Clark / Nah'Shon Hyland / Rudy Gobert,1.0,OBSERVED,6.505,2.442503838277435,2.73,8.96,1.73,-4.775,0.36205827650340977,0.3912671232876712,-5.36,784.0,78.6,True,1,True
Anthony Edwards / Jaden McDaniels / Jaylen Clark / Rudy Gobert / Terrence Shannon Jr.,0.0,COMPOSED,4.35,2.193467574412715,0.9000000000000001,6.26,1.5450000000000002,-2.8049999999999997,0.32263571184704676,0.39365079365079364,-5.36,634.0,79.4,True,1,False
Anthony Edwards / Jaden McDaniels / Jaylen Clark / Rudy Gobert / Trey Lyles,0.0,COMPOSED,6.2250000000000005,2.7343052133951686,1.8400000000000003,8.55,1.9425000000000003,-4.2825,,,-5.36,,,True,1,False
Anthony Edwards / Isaiah Evans / Jaden McDaniels / Jaylen Clark / Rudy Gobert,0.0,COMPOSED,5.4403794463704855,2.7267792356551346,1.0453794463704849,7.745379446370485,1.2051897231852424,-4.2351897231852424,,,-5.36,,,True,1,False
Anthony Edwards / Jaden McDaniels / Nah'Shon Hyland / Rudy Gobert / Terrence Shannon Jr.,0.0,COMPOSED,4.484999999999999,1.8631357975198695,1.6800000000000002,6.5600000000000005,1.9575,-2.5275,0.3608832807570978,0.3977272727272727,-5.36,779.0,78.8,True,1,False
Anthony Edwards / Jaden McDaniels / Nah'Shon Hyland / Rudy Gobert / Trey Lyles,0.0,COMPOSED,6.36,2.391390808713624,2.62,8.83,2.355,-4.005,,,-5.36,,,True,1,False
Anthony Edwards / Isaiah Evans / Jaden McDaniels / Nah'Shon Hyland / Rudy Gobert,0.0,COMPOSED,5.575379446370485,2.382131398558862,1.8253794463704847,8.015379446370485,1.6176897231852425,-3.9576897231852417,,,-5.36,,,True,1,False
Anthony Edwards / Jaden McDaniels / Rudy Gobert / Terrence Shannon Jr. / Trey Lyles,0.0,COMPOSED,4.205,2.1374342095138275,0.79,6.11,2.1700000000000004,-2.035,,,-5.36,,,True,1,False
Anthony Edwards / Isaiah Evans / Jaden McDaniels / Rudy Gobert / Terrence Shannon Jr.,0.0,COMPOSED,3.4203794463704846,2.1295715531533568,-0.0046205536295153005,5.295379446370485,1.4326897231852422,-1.9876897231852424,,,-5.36,,,True,1,False
Anthony Edwards / Isaiah Evans / Jaden McDaniels / Rudy Gobert / Trey Lyles,0.0,COMPOSED,5.295379446370485,2.6746495097488943,0.9353794463704846,7.5653794463704855,1.8301897231852424,-3.465189723185242,,,-5.36,,,True,1,False
Anthony Edwards / Ayo Dosunmu / Cody Williams / Donte DiVincenzo / Rudy Gobert,0.0,COMPOSED,3.3724999999999996,1.3332174428801928,1.1800000000000002,4.74,1.0050000000000003,-2.3674999999999997,0.4126442812172088,0.38080101716465353,-5.36,1053.0,78.6,True,1,True
Anthony Edwards / Ayo Dosunmu / Donte DiVincenzo / Joan Beringer / Rudy Gobert,0.0,COMPOSED,8.9825,1.6440555799607262,6.82,10.89,4.5075,-4.475,0.4239929432519847,0.3959778085991678,-5.36,928.0,79.2,True,1,False
Anthony Edwards / Ayo Dosunmu / Donte DiVincenzo / Rudy Gobert / Trey Lyles,0.0,COMPOSED,6.612500000000001,2.020165525396372,3.2800000000000002,8.690000000000001,3.48,-3.1325,,,-5.36,,,True,1,False
Anthony Edwards / Ayo Dosunmu / Cody Williams / Joan Beringer / Rudy Gobert,0.0,COMPOSED,4.335000000000001,1.0010619361458113,3.0,5.370000000000001,1.7125,-2.6225,0.3021138211382114,0.3821313240043057,-5.36,752.0,80.0,True,1,True
Anthony Edwards / Ayo Dosunmu / Cody Williams / Jaylen Clark / Rudy Gobert,0.0,COMPOSED,2.1100000000000003,1.1387054052739016,0.31000000000000016,3.3000000000000007,0.060000000000000164,-2.05,0.3211610486891386,0.3770651117589893,-5.36,783.0,78.8,True,1,True
Anthony Edwards / Ayo Dosunmu / Cody Williams / Nah'Shon Hyland / Rudy Gobert,0.0,COMPOSED,2.245,0.9062698273693107,1.09,3.6200000000000006,0.47250000000000014,-1.7725,0.3564586357039187,0.38355048859934854,-5.36,928.0,78.2,True,1,True
Anthony Edwards / Ayo Dosunmu / Cody Williams / Rudy Gobert / Terrence Shannon Jr.,0.0,COMPOSED,0.09000000000000011,0.5842088667591413,-0.7399999999999999,0.9000000000000006,0.28750000000000014,0.1975,0.3192503176620076,0.38407960199004976,-5.36,778.0,79.0,True,1,True
Anthony Edwards / Ayo Dosunmu / Cody Williams / Rudy Gobert / Trey Lyles,0.0,COMPOSED,1.965,1.1004658104639145,0.2000000000000001,3.170000000000001,0.6850000000000002,-1.2799999999999998,,,-5.36,,,True,1,True
Anthony Edwards / Ayo Dosunmu / Cody Williams / Isaiah Evans / Rudy Gobert,0.0,COMPOSED,1.1803794463704846,1.0949086719905,-0.5946205536295153,2.355379446370485,-0.052310276814757556,-1.2326897231852425,,,-5.36,,,True,1,True
Anthony Edwards / Ayo Dosunmu / Jaylen Clark / Joan Beringer / Rudy Gobert,0.0,COMPOSED,7.72,1.745121772255449,5.95,9.48,3.5625,-4.1575,0.32151808091657713,0.40089086859688194,-5.36,658.0,79.4,True,1,False
Anthony Edwards / Ayo Dosunmu / Joan Beringer / Nah'Shon Hyland / Rudy Gobert,0.0,COMPOSED,7.8549999999999995,1.5417603575134493,6.0,9.77,3.975,-3.88,0.36156888595912984,0.4038286235186873,-5.36,803.0,78.8,True,1,False
Anthony Edwards / Ayo Dosunmu / Joan Beringer / Rudy Gobert / Terrence Shannon Jr.,0.0,COMPOSED,5.7,1.2918010682763814,4.0,7.050000000000001,3.7900000000000005,-1.91,0.31932773109243695,0.4096109839816934,-5.36,653.0,79.6,True,1,True
Anthony Edwards / Ayo Dosunmu / Joan Beringer / Rudy Gobert / Trey Lyles,0.0,COMPOSED,7.575,1.6571888848287635,5.84,9.32,4.1875,-3.3875,,,-5.36,,,True,1,False
Anthony Edwards / Ayo Dosunmu / Isaiah Evans / Joan Beringer / Rudy Gobert,0.0,COMPOSED,6.790379446370485,1.633133491175783,5.045379446370484,8.505379446370485,3.4501897231852423,-3.340189723185242,,,-5.36,,,True,1,False
Anthony Edwards / Ayo Dosunmu / Jaylen Clark / Rudy Gobert / Trey Lyles,0.0,COMPOSED,5.35,1.891309070458871,2.41,7.25,2.535,-2.815,,,-5.36,,,True,1,False
Anthony Edwards / Ayo Dosunmu / Nah'Shon Hyland / Rudy Gobert / Trey Lyles,0.0,COMPOSED,5.485,1.6072103160445432,3.19,7.57,2.9475000000000002,-2.5374999999999996,,,-5.36,,,True,1,False
Anthony Edwards / Ayo Dosunmu / Rudy Gobert / Terrence Shannon Jr. / Trey Lyles,0.0,COMPOSED,3.33,1.3142107897898267,1.3600000000000003,4.8500000000000005,2.7625,-0.5675,,,-5.36,,,True,1,True
Anthony Edwards / Ayo Dosunmu / Isaiah Evans / Rudy Gobert / Trey Lyles,0.0,COMPOSED,4.420379446370485,1.8338552287462608,1.5053794463704846,6.305379446370486,2.4226897231852424,-1.9976897231852424,,,-5.36,,,True,1,False
Anthony Edwards / Cody Williams / Donte DiVincenzo / Joan Beringer / Rudy Gobert,0.0,COMPOSED,6.2125,1.0943119984720993,4.51,7.25,2.2,-4.012499999999999,0.40897597977243993,0.3686244204018547,-5.36,816.0,80.0,True,1,True
Anthony Edwards / Cody Williams / Donte DiVincenzo / Jaylen Clark / Rudy Gobert,0.0,COMPOSED,3.9875000000000003,1.6877703487145401,1.08,5.180000000000001,0.5475000000000001,-3.44,0.4233221986030975,0.36585365853658536,-5.36,847.0,78.8,True,1,False
Anthony Edwards / Cody Williams / Donte DiVincenzo / Nah'Shon Hyland / Rudy Gobert,0.0,COMPOSED,4.1225,1.3952127973897026,1.86,5.5,0.9600000000000002,-3.1625,0.45076400679117146,0.37225360954174513,-5.36,992.0,78.2,True,1,True
Anthony Edwards / Cody Williams / Donte DiVincenzo / Rudy Gobert / Terrence Shannon Jr.,0.0,COMPOSED,1.9675,1.1713960687999598,0.030000000000000082,3.0,0.7750000000000001,-1.1925,0.4232313870868088,0.3708029197080292,-5.36,842.0,79.0,True,1,True
Anthony Edwards / Cody Williams / Donte DiVincenzo / Rudy Gobert / Trey Lyles,0.0,COMPOSED,3.8425000000000002,1.6812699812939027,0.9700000000000001,5.050000000000001,1.1725,-2.67,,,-5.36,,,True,1,False
Anthony Edwards / Cody Williams / Donte DiVincenzo / Isaiah Evans / Rudy Gobert,0.0,COMPOSED,3.057879446370485,1.6893249391398921,0.1753794463704847,4.275379446370485,0.4351897231852424,-2.622689723185242,,,-5.36,,,True,1,False
Anthony Edwards / Donte DiVincenzo / Jaylen Clark / Joan Beringer / Rudy Gobert,0.0,COMPOSED,9.5975,1.915389973347464,6.720000000000001,11.34,4.05,-5.5475,0.43823733518390007,0.38163103721298497,-5.36,722.0,79.4,True,1,False
Anthony Edwards / Donte DiVincenzo / Joan Beringer / Nah'Shon Hyland / Rudy Gobert,0.0,COMPOSED,9.7325,1.6042657978028456,7.5,11.65,4.4625,-5.27,0.468139609349984,0.38645690834473323,-5.36,867.0,78.8,True,1,False
Anthony Edwards / Donte DiVincenzo / Joan Beringer / Rudy Gobert / Terrence Shannon Jr.,0.0,COMPOSED,7.577500000000001,1.330777498306911,5.67,8.93,4.2775,-3.3,0.43842887473460723,0.387409200968523,-5.36,717.0,79.6,True,1,True
Anthony Edwards / Donte DiVincenzo / Joan Beringer / Rudy Gobert / Trey Lyles,0.0,COMPOSED,9.4525,1.852908187147976,6.61,11.2,4.675,-4.7775,,,-5.36,,,True,1,False
Anthony Edwards / Donte DiVincenzo / Isaiah Evans / Joan Beringer / Rudy Gobert,0.0,COMPOSED,8.667879446370485,1.8421370063054485,5.8153794463704855,10.385379446370486,3.937689723185242,-4.730189723185243,,,-5.36,,,True,1,False
Anthony Edwards / Donte DiVincenzo / Jaylen Clark / Rudy Gobert / Trey Lyles,0.0,COMPOSED,7.2275,2.370773871544901,3.18,9.13,3.0225,-4.205,,,-5.36,,,True,1,False
Anthony Edwards / Donte DiVincenzo / Nah'Shon Hyland / Rudy Gobert / Trey Lyles,0.0,COMPOSED,7.362500000000001,2.0493947277184064,3.96,9.450000000000001,3.435,-3.9275,,,-5.36,,,True,1,False
Anthony Edwards / Donte DiVincenzo / Rudy Gobert / Terrence Shannon Jr. / Trey Lyles,0.0,COMPOSED,5.2075,1.8026698949058864,2.1300000000000003,6.73,3.25,-1.9575,,,-5.36,,,True,1,False
Anthony Edwards / Donte DiVincenzo / Isaiah Evans / Rudy Gobert / Trey Lyles,0.0,COMPOSED,6.2978794463704855,2.3472577084759996,2.2753794463704846,8.185379446370485,2.9101897231852423,-3.3876897231852423,,,-5.36,,,True,1,False
Anthony Edwards / Cody Williams / Jaylen Clark / Joan Beringer / Rudy Gobert,0.0,COMPOSED,4.95,1.1530611432183462,3.6400000000000006,6.35,1.2550000000000001,-3.695,0.2934272300469484,0.3546666666666667,-5.36,546.0,80.2,True,1,True
Anthony Edwards / Cody Williams / Joan Beringer / Nah'Shon Hyland / Rudy Gobert,0.0,COMPOSED,5.085,0.8956143143116909,4.0,6.130000000000001,1.6675000000000002,-3.4175,0.3392920986771541,0.3677555321390938,-5.36,691.0,79.6,True,1,True
Anthony Edwards / Cody Williams / Joan Beringer / Rudy Gobert / Terrence Shannon Jr.,0.0,COMPOSED,2.93,0.6773108592072034,2.0,3.7199999999999998,1.4825000000000002,-1.4475,0.2904,0.36363636363636365,-5.36,541.0,80.4,True,1,True
Anthony Edwards / Cody Williams / Joan Beringer / Rudy Gobert / Trey Lyles,0.0,COMPOSED,4.805000000000001,1.0596343709034735,3.5300000000000002,6.01,1.8800000000000001,-2.925,,,-5.36,,,True,1,True
Anthony Edwards / Cody Williams / Isaiah Evans / Joan Beringer / Rudy Gobert,0.0,COMPOSED,4.020379446370484,1.0397716095374023,2.7353794463704846,5.205379446370484,1.1426897231852424,-2.8776897231852425,,,-5.36,,,True,1,True
Anthony Edwards / Cody Williams / Jaylen Clark / Nah'Shon Hyland / Rudy Gobert,0.0,COMPOSED,2.86,1.1442683251755246,0.9900000000000001,4.0600000000000005,0.015000000000000069,-2.845,0.3585099111414901,0.36415633937082936,-5.36,722.0,78.4,True,1,True
Anthony Edwards / Cody Williams / Jaylen Clark / Rudy Gobert / Terrence Shannon Jr.,0.0,COMPOSED,0.7050000000000001,0.9021502092223889,-0.84,1.3400000000000005,-0.16999999999999987,-0.875,0.3141879041460631,0.3595641646489104,-5.36,572.0,79.2,True,1,True
Anthony Edwards / Cody Williams / Jaylen Clark / Rudy Gobert / Trey Lyles,0.0,COMPOSED,2.58,1.4533237767269893,0.10000000000000009,3.6100000000000003,0.22750000000000004,-2.3525,,,-5.36,,,True,1,True
Anthony Edwards / Cody Williams / Isaiah Evans / Jaylen Clark / Rudy Gobert,0.0,COMPOSED,1.7953794463704849,1.4534957860276032,-0.6946205536295152,2.8053794463704844,-0.5098102768147575,-2.305189723185242,,,-5.36,,,True,1,True
Anthony Edwards / Cody Williams / Nah'Shon Hyland / Rudy Gobert / Terrence Shannon Jr.,0.0,COMPOSED,0.8400000000000001,0.6153048025166066,-0.05999999999999994,1.6600000000000006,0.2425000000000001,-0.5974999999999999,0.35714285714285715,0.37073170731707317,-5.36,717.0,78.6,True,1,True
Anthony Edwards / Cody Williams / Nah'Shon Hyland / Rudy Gobert / Trey Lyles,0.0,COMPOSED,2.715,1.1221519504951192,0.8800000000000001,3.9300000000000006,0.6400000000000001,-2.0749999999999997,,,-5.36,,,True,1,True
Anthony Edwards / Cody Williams / Isaiah Evans / Nah'Shon Hyland / Rudy Gobert,0.0,COMPOSED,1.9303794463704849,1.1209928634920028,0.08537944637048467,3.115379446370485,-0.0973102768147576,-2.027689723185242,,,-5.36,,,True,1,True
Anthony Edwards / Cody Williams / Rudy Gobert / Terrence Shannon Jr. / Trey Lyles,0.0,COMPOSED,0.56,0.8764416694794925,-0.95,1.2100000000000006,0.45500000000000007,-0.10499999999999998,,,-5.36,,,True,1,True
Anthony Edwards / Cody Williams / Isaiah Evans / Rudy Gobert / Terrence Shannon Jr.,0.0,COMPOSED,-0.22462055362951527,0.8810221336606703,-1.7446205536295152,0.39537944637048517,-0.28231027681475757,-0.05768972318524229,,,-5.36,,,True,1,True
Anthony Edwards / Cody Williams / Isaiah Evans / Rudy Gobert / Trey Lyles,0.0,COMPOSED,1.6503794463704846,1.424087427091469,-0.8046205536295152,2.665379446370485,0.1151897231852424,-1.5351897231852423,,,-5.36,,,True,1,True
Anthony Edwards / Jaylen Clark / Joan Beringer / Nah'Shon Hyland / Rudy Gobert,0.0,COMPOSED,8.47,1.6612495297215284,6.630000000000001,10.21,3.5175000000000005,-4.9525,0.3650099403578529,0.38562091503267976,-5.36,597.0,79.0,True,1,False
Anthony Edwards / Jaylen Clark / Joan Beringer / Rudy Gobert / Terrence Shannon Jr.,0.0,COMPOSED,6.3149999999999995,1.4268934788553764,4.800000000000001,7.969999999999999,3.3325,-2.9825,0.3133453561767358,0.38705035971223023,-5.36,447.0,79.8,True,1,True
Anthony Edwards / Jaylen Clark / Joan Beringer / Rudy Gobert / Trey Lyles,0.0,COMPOSED,8.19,1.882046758186416,5.74,10.259999999999998,3.7299999999999995,-4.46,,,-5.36,,,True,1,False
Anthony Edwards / Isaiah Evans / Jaylen Clark / Joan Beringer / Rudy Gobert,0.0,COMPOSED,7.405379446370484,1.8643095236574854,4.9453794463704845,9.455379446370484,2.9926897231852427,-4.412689723185243,,,-5.36,,,True,1,False
Anthony Edwards / Joan Beringer / Nah'Shon Hyland / Rudy Gobert / Terrence Shannon Jr.,0.0,COMPOSED,6.45,1.1864442675490494,5.0,7.8100000000000005,3.745,-2.705,0.36356242374949166,0.39373601789709173,-5.36,592.0,79.2,True,1,True
Anthony Edwards / Joan Beringer / Nah'Shon Hyland / Rudy Gobert / Trey Lyles,0.0,COMPOSED,8.325,1.5798971485511333,6.52,10.080000000000002,4.1425,-4.1825,,,-5.36,,,True,1,False
Anthony Edwards / Isaiah Evans / Joan Beringer / Nah'Shon Hyland / Rudy Gobert,0.0,COMPOSED,7.540379446370485,1.5577307212737377,5.725379446370485,9.265379446370485,3.4051897231852424,-4.135189723185243,,,-5.36,,,True,1,False
Anthony Edwards / Joan Beringer / Rudy Gobert / Terrence Shannon Jr. / Trey Lyles,0.0,COMPOSED,6.17,1.332947860945806,4.69,7.63,3.9575,-2.2125,,,-5.36,,,True,1,True
Anthony Edwards / Isaiah Evans / Joan Beringer / Rudy Gobert / Terrence Shannon Jr.,0.0,COMPOSED,5.385379446370484,1.3106677687347008,3.8953794463704847,6.8253794463704835,3.220189723185242,-2.165189723185242,,,-5.36,,,True,1,True
Anthony Edwards / Isaiah Evans / Joan Beringer / Rudy Gobert / Trey Lyles,0.0,COMPOSED,7.260379446370484,1.782547334574877,4.835379446370485,9.115379446370483,3.617689723185242,-3.642689723185242,,,-5.36,,,True,1,False
Anthony Edwards / Jaylen Clark / Nah'Shon Hyland / Rudy Gobert / Trey Lyles,0.0,COMPOSED,6.1,1.8813691822712522,3.09,8.01,2.49,-3.6099999999999994,,,-5.36,,,True,1,False
Anthony Edwards / Jaylen Clark / Rudy Gobert / Terrence Shannon Jr. / Trey Lyles,0.0,COMPOSED,3.945,1.6334396223919632,1.2600000000000002,5.29,2.305,-1.6400000000000001,,,-5.36,,,True,1,False
Anthony Edwards / Isaiah Evans / Jaylen Clark / Rudy Gobert / Trey Lyles,0.0,COMPOSED,5.035379446370484,2.178359474466967,1.4053794463704847,6.745379446370485,1.9651897231852424,-3.0701897231852424,,,-5.36,,,True,1,False
Anthony Edwards / Nah'Shon Hyland / Rudy Gobert / Terrence Shannon Jr. / Trey Lyles,0.0,COMPOSED,4.08,1.3092937027267795,2.04,5.61,2.7175000000000002,-1.3625,,,-5.36,,,True,1,True
Anthony Edwards / Isaiah Evans / Nah'Shon Hyland / Rudy Gobert / Trey Lyles,0.0,COMPOSED,5.170379446370485,1.835926196773716,2.1853794463704848,7.0653794463704855,2.3776897231852425,-2.7926897231852426,,,-5.36,,,True,1,False
Anthony Edwards / Isaiah Evans / Rudy Gobert / Terrence Shannon Jr. / Trey Lyles,0.0,COMPOSED,3.0153794463704844,1.585638672585908,0.3553794463704847,4.345379446370485,2.192689723185242,-0.8226897231852424,,,-5.36,,,True,1,False
Ayo Dosunmu / Donte DiVincenzo / Jaden McDaniels / LaMelo Ball / Rudy Gobert,0.0,COMPOSED,7.255,2.5529345859226393,3.6999999999999997,10.04,3.0275,-4.227499999999999,0.464969696969697,0.3863399374348279,-5.36,1403.0,79.4,True,1,False
Ayo Dosunmu / Cody Williams / Jaden McDaniels / LaMelo Ball / Rudy Gobert,0.0,COMPOSED,2.6074999999999995,1.8043471811156517,0.6199999999999999,4.52,0.23249999999999982,-2.375,0.36983416688602266,0.3736654804270463,-5.36,1227.0,80.2,True,1,False
Ayo Dosunmu / Jaden McDaniels / Joan Beringer / LaMelo Ball / Rudy Gobert,0.0,COMPOSED,8.2175,2.627302561563856,5.0,10.94,3.735,-4.4825,0.3760330578512397,0.3901098901098901,-5.36,1102.0,80.8,True,1,False
Ayo Dosunmu / Jaden McDaniels / Jaylen Clark / LaMelo Ball / Rudy Gobert,0.0,COMPOSED,5.9925,2.6105686641036656,2.83,8.6,2.0825,-3.91,0.3906738697753767,0.38573508005822416,-5.36,1133.0,79.6,True,1,False
Ayo Dosunmu / Jaden McDaniels / LaMelo Ball / Nah'Shon Hyland / Rudy Gobert,0.0,COMPOSED,6.1274999999999995,2.350206107982872,3.61,8.92,2.495,-3.6325000000000003,0.4185737094199042,0.3897012078830261,-5.36,1278.0,79.0,True,1,False
Ayo Dosunmu / Jaden McDaniels / LaMelo Ball / Rudy Gobert / Terrence Shannon Jr.,0.0,COMPOSED,3.9724999999999997,2.086472801164683,1.78,6.2,2.31,-1.6624999999999999,0.3900606761051719,0.39111111111111113,-5.36,1128.0,79.8,True,1,False
Ayo Dosunmu / Jaden McDaniels / LaMelo Ball / Rudy Gobert / Trey Lyles,0.0,COMPOSED,5.847499999999999,2.5301321605797584,2.7199999999999998,8.469999999999999,2.7074999999999996,-3.1399999999999997,,,-5.36,,,True,1,False
Ayo Dosunmu / Isaiah Evans / Jaden McDaniels / LaMelo Ball / Rudy Gobert,0.0,COMPOSED,5.062879446370484,2.5100136951817613,1.9253794463704845,7.6553794463704845,1.970189723185242,-3.0926897231852424,,,-5.36,,,True,1,False
Cody Williams / Donte DiVincenzo / Jaden McDaniels / LaMelo Ball / Rudy Gobert,0.0,COMPOSED,4.484999999999999,2.0157938882733024,1.39,6.4,0.7199999999999998,-3.765,0.45524691358024694,0.3655367231638418,-5.36,1291.0,80.2,True,1,False
Donte DiVincenzo / Jaden McDaniels / Joan Beringer / LaMelo Ball / Rudy Gobert,0.0,COMPOSED,10.095,2.6041937331926754,7.029999999999999,12.8,4.2225,-5.8725000000000005,0.4713833764739718,0.3776693105552166,-5.36,1166.0,80.8,True,1,False
Donte DiVincenzo / Jaden McDaniels / Jaylen Clark / LaMelo Ball / Rudy Gobert,0.0,COMPOSED,7.869999999999999,2.837375547931574,3.5999999999999996,10.48,2.57,-5.3,0.4822518025513034,0.37492811960897066,-5.36,1197.0,79.6,True,1,False
Donte DiVincenzo / Jaden McDaniels / LaMelo Ball / Nah'Shon Hyland / Rudy Gobert,0.0,COMPOSED,8.004999999999999,2.516440939104274,4.38,10.8,2.9825,-5.0225,0.5037691707824279,0.37925696594427244,-5.36,1342.0,79.0,True,1,False
Donte DiVincenzo / Jaden McDaniels / LaMelo Ball / Rudy Gobert / Terrence Shannon Jr.,0.0,COMPOSED,5.85,2.251210785333084,2.55,8.08,2.7975,-3.0525,0.4830985915492958,0.37900874635568516,-5.36,1192.0,79.8,True,1,False
Donte DiVincenzo / Jaden McDaniels / LaMelo Ball / Rudy Gobert / Trey Lyles,0.0,COMPOSED,7.725,2.775054053527606,3.49,10.35,3.195,-4.53,,,-5.36,,,True,1,False
Donte DiVincenzo / Isaiah Evans / Jaden McDaniels / LaMelo Ball / Rudy Gobert,0.0,COMPOSED,6.940379446370484,2.763851479367153,2.6953794463704845,9.535379446370484,2.4576897231852426,-4.482689723185242,,,-5.36,,,True,1,False
Cody Williams / Jaden McDaniels / Joan Beringer / LaMelo Ball / Rudy Gobert,0.0,COMPOSED,5.4475,2.019806612029973,3.0,7.809999999999999,1.4274999999999998,-4.02,0.3573468740082513,0.35790408525754885,-5.36,990.0,81.6,True,1,False
Cody Williams / Jaden McDaniels / Jaylen Clark / LaMelo Ball / Rudy Gobert,0.0,COMPOSED,3.2224999999999997,2.037282196947688,0.5199999999999999,5.409999999999999,-0.2250000000000002,-3.4475000000000002,0.37378048780487805,0.3556280587275693,-5.36,1021.0,80.4,True,1,False
Cody Williams / Jaden McDaniels / LaMelo Ball / Nah'Shon Hyland / Rudy Gobert,0.0,COMPOSED,3.3575,1.7320273525553804,1.2999999999999998,5.28,0.18749999999999978,-3.17,0.4047145697245101,0.3642105263157895,-5.36,1166.0,79.8,True,1,False
Cody Williams / Jaden McDaniels / LaMelo Ball / Rudy Gobert / Terrence Shannon Jr.,0.0,COMPOSED,1.2025,1.4814583186846666,-0.53,2.7799999999999994,0.0024999999999998357,-1.2,0.3728287841191067,0.3610648918469218,-5.36,1016.0,80.6,True,1,True
Cody Williams / Jaden McDaniels / LaMelo Ball / Rudy Gobert / Trey Lyles,0.0,COMPOSED,3.0774999999999997,1.9569028463365266,0.4099999999999999,5.069999999999999,0.3999999999999998,-2.6774999999999998,,,-5.36,,,True,1,False
Cody Williams / Isaiah Evans / Jaden McDaniels / LaMelo Ball / Rudy Gobert,0.0,COMPOSED,2.2928794463704847,1.9404944601827647,-0.3846205536295154,4.265379446370484,-0.33731027681475784,-2.630189723185242,,,-5.36,,,True,1,False
Jaden McDaniels / Jaylen Clark / Joan Beringer / LaMelo Ball / Rudy Gobert,0.0,COMPOSED,8.8325,2.7734939606929014,6.0,12.059999999999999,3.2775,-5.555,0.3816660857441617,0.3726027397260274,-5.36,896.0,81.0,True,1,False
Jaden McDaniels / Joan Beringer / LaMelo Ball / Nah'Shon Hyland / Rudy Gobert,0.0,COMPOSED,8.9675,2.5196366305481432,6.0,11.5,3.69,-5.2775,0.4160771704180064,0.3794435857805255,-5.36,1041.0,80.4,True,1,False
Jaden McDaniels / Joan Beringer / LaMelo Ball / Rudy Gobert / Terrence Shannon Jr.,0.0,COMPOSED,6.8125,2.3054541309685606,4.0,9.43,3.505,-3.3075,0.3807323142552435,0.3790849673202614,-5.36,891.0,81.2,True,1,False
Jaden McDaniels / Joan Beringer / LaMelo Ball / Rudy Gobert / Trey Lyles,0.0,COMPOSED,8.6875,2.67538198207284,6.0,11.719999999999999,3.9024999999999994,-4.785,,,-5.36,,,True,1,False
Isaiah Evans / Jaden McDaniels / Joan Beringer / LaMelo Ball / Rudy Gobert,0.0,COMPOSED,7.902879446370484,2.650805302167625,5.255379446370485,10.915379446370483,3.165189723185242,-4.737689723185243,,,-5.36,,,True,1,False
Jaden McDaniels / Jaylen Clark / LaMelo Ball / Nah'Shon Hyland / Rudy Gobert,0.0,COMPOSED,6.7425,2.544330707671469,3.51,9.36,2.0374999999999996,-4.705,0.43037974683544306,0.37589670014347204,-5.36,1072.0,79.2,True,1,False
Jaden McDaniels / Jaylen Clark / LaMelo Ball / Rudy Gobert / Terrence Shannon Jr.,0.0,COMPOSED,4.5874999999999995,2.2995801247184233,1.68,7.029999999999999,1.8525,-2.7350000000000003,0.39802855200543846,0.3748932536293766,-5.36,922.0,80.0,True,1,False
Jaden McDaniels / Jaylen Clark / LaMelo Ball / Rudy Gobert / Trey Lyles,0.0,COMPOSED,6.4625,2.786542436425471,2.62,9.32,2.2499999999999996,-4.2125,,,-5.36,,,True,1,False
Isaiah Evans / Jaden McDaniels / Jaylen Clark / LaMelo Ball / Rudy Gobert,0.0,COMPOSED,5.6778794463704845,2.7705809408858637,1.8253794463704844,8.515379446370485,1.512689723185242,-4.165189723185242,,,-5.36,,,True,1,False
Jaden McDaniels / LaMelo Ball / Nah'Shon Hyland / Rudy Gobert / Terrence Shannon Jr.,0.0,COMPOSED,4.722499999999999,2.0091089442835095,2.46,6.959999999999999,2.2649999999999997,-2.4575,0.430411561420044,0.381021897810219,-5.36,1067.0,79.4,True,1,False
Jaden McDaniels / LaMelo Ball / Nah'Shon Hyland / Rudy Gobert / Trey Lyles,0.0,COMPOSED,6.597499999999999,2.4689306895901306,3.4,9.23,2.6625,-3.9349999999999996,,,-5.36,,,True,1,False
Isaiah Evans / Jaden McDaniels / LaMelo Ball / Nah'Shon Hyland / Rudy Gobert,0.0,COMPOSED,5.812879446370484,2.4502691178725655,2.6053794463704847,8.415379446370485,1.9251897231852422,-3.8876897231852423,,,-5.36,,,True,1,False
Jaden McDaniels / LaMelo Ball / Rudy Gobert / Terrence Shannon Jr. / Trey Lyles,0.0,COMPOSED,4.4425,2.2168601106068917,1.5699999999999998,6.6899999999999995,2.4775,-1.965,,,-5.36,,,True,1,False
Isaiah Evans / Jaden McDaniels / LaMelo Ball / Rudy Gobert / Terrence Shannon Jr.,0.0,COMPOSED,3.6578794463704845,2.1984810096973773,0.7753794463704845,5.885379446370484,1.740189723185242,-1.9176897231852423,,,-5.36,,,True,1,False
Isaiah Evans / Jaden McDaniels / LaMelo Ball / Rudy Gobert / Trey Lyles,0.0,COMPOSED,5.532879446370485,2.6951101554481958,1.7153794463704846,8.175379446370483,2.1376897231852423,-3.3951897231852417,,,-5.36,,,True,1,False
Ayo Dosunmu / Cody Williams / Donte DiVincenzo / LaMelo Ball / Rudy Gobert,0.0,COMPOSED,3.6100000000000003,1.2215154522149934,1.96,5.140000000000001,1.3125,-2.2975,0.47032679738562094,0.3702056698165648,-5.36,1341.0,79.2,True,1,True
Ayo Dosunmu / Donte DiVincenzo / Joan Beringer / LaMelo Ball / Rudy Gobert,0.0,COMPOSED,9.219999999999999,1.9345929804483417,7.0,11.29,4.8149999999999995,-4.405,0.48857644991212656,0.3824940047961631,-5.36,1216.0,79.8,True,1,False
Ayo Dosunmu / Donte DiVincenzo / LaMelo Ball / Rudy Gobert / Trey Lyles,0.0,COMPOSED,6.85,1.9674984116893206,4.0600000000000005,9.09,3.7874999999999996,-3.0625,,,-5.36,,,True,1,False
Ayo Dosunmu / Cody Williams / Joan Beringer / LaMelo Ball / Rudy Gobert,0.0,COMPOSED,4.5725,1.5884170579542387,2.0,5.999999999999999,2.0199999999999996,-2.5524999999999998,0.3740284974093264,0.36536796536796534,-5.36,1040.0,80.6,True,1,False
Ayo Dosunmu / Cody Williams / Jaylen Clark / LaMelo Ball / Rudy Gobert,0.0,COMPOSED,2.3474999999999997,1.30336823269558,1.0,3.7,0.3674999999999997,-1.98,0.39011501398818776,0.36254980079681276,-5.36,1071.0,79.4,True,1,True
Ayo Dosunmu / Cody Williams / LaMelo Ball / Nah'Shon Hyland / Rudy Gobert,0.0,COMPOSED,2.4824999999999995,1.145390217349528,1.0,4.02,0.7799999999999998,-1.7025,0.42047426257952575,0.3700137551581843,-5.36,1216.0,78.8,True,1,True
Ayo Dosunmu / Cody Williams / LaMelo Ball / Rudy Gobert / Terrence Shannon Jr.,0.0,COMPOSED,0.3274999999999998,0.8949127052400138,-1.0,1.3,0.5949999999999998,0.2675,0.3894337235052199,0.36799350121852153,-5.36,1066.0,79.6,True,1,True
Ayo Dosunmu / Cody Williams / LaMelo Ball / Rudy Gobert / Trey Lyles,0.0,COMPOSED,2.2024999999999997,1.2174640651781061,0.9799999999999999,3.5700000000000003,0.9924999999999999,-1.21,,,-5.36,,,True,1,True
Ayo Dosunmu / Cody Williams / Isaiah Evans / LaMelo Ball / Rudy Gobert,0.0,COMPOSED,1.4178794463704845,1.192651981929347,0.18537944637048456,2.7553794463704846,0.25518972318524213,-1.1626897231852422,,,-5.36,,,True,1,True
Ayo Dosunmu / Jaylen Clark / Joan Beringer / LaMelo Ball / Rudy Gobert,0.0,COMPOSED,7.9575000000000005,2.184643849692668,5.0,10.25,3.8699999999999997,-4.0875,0.4005702066999287,0.3798932384341637,-5.36,946.0,80.0,True,1,False
Ayo Dosunmu / Joan Beringer / LaMelo Ball / Nah'Shon Hyland / Rudy Gobert,0.0,COMPOSED,8.0925,2.0476129394980873,5.0,10.17,4.2825,-3.8099999999999996,0.4341975713816869,0.3854875283446712,-5.36,1091.0,79.4,True,1,False
Ayo Dosunmu / Joan Beringer / LaMelo Ball / Rudy Gobert / Terrence Shannon Jr.,0.0,COMPOSED,5.9375,1.8583376307872579,3.0,7.619999999999999,4.0975,-1.84,0.4,0.38636363636363635,-5.36,941.0,80.2,True,1,False
Ayo Dosunmu / Joan Beringer / LaMelo Ball / Rudy Gobert / Trey Lyles,0.0,COMPOSED,7.8125,2.0838830941298023,5.0,9.91,4.494999999999999,-3.3175,,,-5.36,,,True,1,False
Ayo Dosunmu / Isaiah Evans / Joan Beringer / LaMelo Ball / Rudy Gobert,0.0,COMPOSED,7.027879446370486,2.053245905876839,4.275379446370485,9.105379446370485,3.7576897231852424,-3.2701897231852426,,,-5.36,,,True,1,False
Ayo Dosunmu / Jaylen Clark / LaMelo Ball / Rudy Gobert / Trey Lyles,0.0,COMPOSED,5.5875,2.0135835592296636,3.1900000000000004,7.65,2.8425,-2.745,,,-5.36,,,True,1,False
Ayo Dosunmu / LaMelo Ball / Nah'Shon Hyland / Rudy Gobert / Trey Lyles,0.0,COMPOSED,5.722499999999999,1.774561565570493,3.97,7.97,3.255,-2.4675000000000002,,,-5.36,,,True,1,False
Ayo Dosunmu / LaMelo Ball / Rudy Gobert / Terrence Shannon Jr. / Trey Lyles,0.0,COMPOSED,3.5675,1.5040175364669122,2.0,5.25,3.07,-0.4975,,,-5.36,,,True,1,False
Ayo Dosunmu / Isaiah Evans / LaMelo Ball / Rudy Gobert / Trey Lyles,0.0,COMPOSED,4.657879446370485,1.9136271188504825,2.285379446370485,6.705379446370484,2.7301897231852417,-1.9276897231852421,,,-5.36,,,True,1,False
Cody Williams / Donte DiVincenzo / Joan Beringer / LaMelo Ball / Rudy Gobert,0.0,COMPOSED,6.45,1.3111254707311577,5.0,7.859999999999999,2.5075,-3.9425,0.47843877872206486,0.35789473684210527,-5.36,1104.0,80.6,True,1,True
Cody Williams / Donte DiVincenzo / Jaylen Clark / LaMelo Ball / Rudy Gobert,0.0,COMPOSED,4.225,1.5004249398087195,1.8599999999999999,5.58,0.8549999999999998,-3.37,0.4900181488203267,0.35617283950617284,-5.36,1135.0,79.4,True,1,False
Cody Williams / Donte DiVincenzo / LaMelo Ball / Nah'Shon Hyland / Rudy Gobert,0.0,COMPOSED,4.36,1.1990829829498875,2.6399999999999997,5.9,1.2674999999999998,-3.0925,0.5128277417535946,0.3628367234744365,-5.36,1280.0,78.8,True,1,True
Cody Williams / Donte DiVincenzo / LaMelo Ball / Rudy Gobert / Terrence Shannon Jr.,0.0,COMPOSED,2.205,0.9123184750951829,0.8099999999999999,3.18,1.0824999999999998,-1.1225,0.4910769230769231,0.36027568922305764,-5.36,1130.0,79.6,True,1,True
Cody Williams / Donte DiVincenzo / LaMelo Ball / Rudy Gobert / Trey Lyles,0.0,COMPOSED,4.08,1.4486027750905348,1.75,5.449999999999999,1.4799999999999998,-2.6,,,-5.36,,,True,1,True
Cody Williams / Donte DiVincenzo / Isaiah Evans / LaMelo Ball / Rudy Gobert,0.0,COMPOSED,3.295379446370484,1.4415269681833913,0.9553794463704846,4.635379446370484,0.7426897231852421,-2.5526897231852423,,,-5.36,,,True,1,True
Donte DiVincenzo / Jaylen Clark / Joan Beringer / LaMelo Ball / Rudy Gobert,0.0,COMPOSED,9.835,2.0967892121050222,7.5,12.11,4.3575,-5.4775,0.5143350604490501,0.3687038280725319,-5.36,1010.0,80.0,True,1,False
Donte DiVincenzo / Joan Beringer / LaMelo Ball / Nah'Shon Hyland / Rudy Gobert,0.0,COMPOSED,9.97,1.8411816857659653,8.0,12.05,4.77,-5.199999999999999,0.5382653061224489,0.3744075829383886,-5.36,1155.0,79.4,True,1,False
Donte DiVincenzo / Joan Beringer / LaMelo Ball / Rudy Gobert / Terrence Shannon Jr.,0.0,COMPOSED,7.8149999999999995,1.5988198772844924,6.0,9.479999999999999,4.584999999999999,-3.23,0.5160267699894329,0.3733788395904437,-5.36,1005.0,80.2,True,1,False
Donte DiVincenzo / Joan Beringer / LaMelo Ball / Rudy Gobert / Trey Lyles,0.0,COMPOSED,9.69,2.0075233498019394,7.39,11.77,4.9825,-4.7075,,,-5.36,,,True,1,False
Donte DiVincenzo / Isaiah Evans / Joan Beringer / LaMelo Ball / Rudy Gobert,0.0,COMPOSED,8.905379446370485,1.9856359182891508,6.595379446370485,10.965379446370484,4.245189723185242,-4.660189723185242,,,-5.36,,,True,1,False
Donte DiVincenzo / Jaylen Clark / LaMelo Ball / Rudy Gobert / Trey Lyles,0.0,COMPOSED,7.465,2.258013507488385,3.96,9.53,3.3299999999999996,-4.135,,,-5.36,,,True,1,False
Donte DiVincenzo / LaMelo Ball / Nah'Shon Hyland / Rudy Gobert / Trey Lyles,0.0,COMPOSED,7.6,1.9407601603495468,4.74,9.85,3.7424999999999997,-3.8575,,,-5.36,,,True,1,False
Donte DiVincenzo / LaMelo Ball / Rudy Gobert / Terrence Shannon Jr. / Trey Lyles,0.0,COMPOSED,5.445,1.6688693777524952,2.91,7.130000000000001,3.5575,-1.8875000000000002,,,-5.36,,,True,1,False
Donte DiVincenzo / Isaiah Evans / LaMelo Ball / Rudy Gobert / Trey Lyles,0.0,COMPOSED,6.535379446370484,2.1929774280644114,3.0553794463704844,8.585379446370485,3.2176897231852424,-3.317689723185242,,,-5.36,,,True,1,False
Cody Williams / Jaylen Clark / Joan Beringer / LaMelo Ball / Rudy Gobert,0.0,COMPOSED,5.1875,1.593288658718187,3.0,7.119999999999999,1.5625,-3.625,0.3799143635655897,0.3411885245901639,-5.36,834.0,80.8,True,1,False
Cody Williams / Joan Beringer / LaMelo Ball / Nah'Shon Hyland / Rudy Gobert,0.0,COMPOSED,5.3225,1.4490061249007884,3.0,6.559999999999999,1.9749999999999996,-3.3475,0.4181494661921708,0.35404255319148936,-5.36,979.0,80.2,True,1,True
Cody Williams / Joan Beringer / LaMelo Ball / Rudy Gobert / Terrence Shannon Jr.,0.0,COMPOSED,3.1674999999999995,1.3134758277181957,1.0,4.489999999999999,1.79,-1.3775,0.3788300835654596,0.3476890756302521,-5.36,829.0,81.0,True,1,True
Cody Williams / Joan Beringer / LaMelo Ball / Rudy Gobert / Trey Lyles,0.0,COMPOSED,5.0425,1.483549375652863,3.0,6.779999999999999,2.1875,-2.855,,,-5.36,,,True,1,True
Cody Williams / Isaiah Evans / Joan Beringer / LaMelo Ball / Rudy Gobert,0.0,COMPOSED,4.2578794463704845,1.45314099453563,2.2753794463704846,5.975379446370484,1.450189723185242,-2.8076897231852422,,,-5.36,,,True,1,True
Cody Williams / Jaylen Clark / LaMelo Ball / Nah'Shon Hyland / Rudy Gobert,0.0,COMPOSED,3.0974999999999997,1.219843739992955,1.77,4.46,0.3224999999999999,-2.775,0.4338210275603947,0.35215686274509805,-5.36,1010.0,79.0,True,1,True
Cody Williams / Jaylen Clark / LaMelo Ball / Rudy Gobert / Terrence Shannon Jr.,0.0,COMPOSED,0.9424999999999998,0.9805706246874826,-0.06000000000000005,2.0899999999999994,0.13749999999999984,-0.8049999999999999,0.3981831945495837,0.34600760456273766,-5.36,860.0,79.8,True,1,True
Cody Williams / Jaylen Clark / LaMelo Ball / Rudy Gobert / Trey Lyles,0.0,COMPOSED,2.8175,1.4392424222485938,0.8799999999999999,4.379999999999999,0.5349999999999997,-2.2825,,,-5.36,,,True,1,True
Cody Williams / Isaiah Evans / Jaylen Clark / LaMelo Ball / Rudy Gobert,0.0,COMPOSED,2.032879446370484,1.4227855600897836,0.08537944637048456,3.5753794463704835,-0.20231027681475783,-2.2351897231852424,,,-5.36,,,True,1,True
Cody Williams / LaMelo Ball / Nah'Shon Hyland / Rudy Gobert / Terrence Shannon Jr.,0.0,COMPOSED,1.0775,0.7840400181113205,0.0,2.06,0.5499999999999998,-0.5275,0.4339229968782518,0.35731414868105515,-5.36,1005.0,79.2,True,1,True
Cody Williams / LaMelo Ball / Nah'Shon Hyland / Rudy Gobert / Trey Lyles,0.0,COMPOSED,2.9524999999999997,1.1432273395961101,1.66,4.33,0.9474999999999998,-2.005,,,-5.36,,,True,1,True
Cody Williams / Isaiah Evans / LaMelo Ball / Nah'Shon Hyland / Rudy Gobert,0.0,COMPOSED,2.1678794463704842,1.121056978926584,0.8653794463704845,3.515379446370485,0.2101897231852422,-1.9576897231852424,,,-5.36,,,True,1,True
Cody Williams / LaMelo Ball / Rudy Gobert / Terrence Shannon Jr. / Trey Lyles,0.0,COMPOSED,0.7974999999999999,0.8859281855771379,-0.17000000000000004,1.7499999999999993,0.7624999999999997,-0.034999999999999976,,,-5.36,,,True,1,True
Cody Williams / Isaiah Evans / LaMelo Ball / Rudy Gobert / Terrence Shannon Jr.,0.0,COMPOSED,0.01287944637048441,0.8633184522527013,-0.9646205536295155,0.9453794463704839,0.025189723185242152,0.012310276814757715,,,-5.36,,,True,1,True
Cody Williams / Isaiah Evans / LaMelo Ball / Rudy Gobert / Trey Lyles,0.0,COMPOSED,1.8878794463704847,1.344904736403289,-0.024620553629515457,3.235379446370484,0.4226897231852421,-1.4651897231852424,,,-5.36,,,True,1,True
Jaylen Clark / Joan Beringer / LaMelo Ball / Nah'Shon Hyland / Rudy Gobert,0.0,COMPOSED,8.7075,2.064828988076252,6.0,10.809999999999999,3.8249999999999997,-4.8825,0.4525316455696203,0.368006993006993,-5.36,885.0,79.6,True,1,False
Jaylen Clark / Joan Beringer / LaMelo Ball / Rudy Gobert / Terrence Shannon Jr.,0.0,COMPOSED,6.5525,1.8731707743823036,4.0,8.739999999999998,3.64,-2.9125,0.41281936351411924,0.36482084690553745,-5.36,735.0,80.4,True,1,False
Jaylen Clark / Joan Beringer / LaMelo Ball / Rudy Gobert / Trey Lyles,0.0,COMPOSED,8.427499999999998,2.1969225634964924,6.0,11.03,4.0375,-4.390000000000001,,,-5.36,,,True,1,False
Isaiah Evans / Jaylen Clark / Joan Beringer / LaMelo Ball / Rudy Gobert,0.0,COMPOSED,7.642879446370484,2.170810620482588,5.275379446370485,10.225379446370484,3.300189723185242,-4.342689723185242,,,-5.36,,,True,1,False
Joan Beringer / LaMelo Ball / Nah'Shon Hyland / Rudy Gobert / Terrence Shannon Jr.,0.0,COMPOSED,6.6875,1.7230405537885638,4.0,8.21,4.0525,-2.635,0.45307443365695793,0.37410714285714286,-5.36,880.0,79.8,True,1,False
Joan Beringer / LaMelo Ball / Nah'Shon Hyland / Rudy Gobert / Trey Lyles,0.0,COMPOSED,8.5625,1.9669567229606246,6.0,10.48,4.449999999999999,-4.1125,,,-5.36,,,True,1,False
Isaiah Evans / Joan Beringer / LaMelo Ball / Nah'Shon Hyland / Rudy Gobert,0.0,COMPOSED,7.777879446370484,1.936948308551366,5.275379446370485,9.665379446370483,3.7126897231852416,-4.0651897231852425,,,-5.36,,,True,1,False
Joan Beringer / LaMelo Ball / Rudy Gobert / Terrence Shannon Jr. / Trey Lyles,0.0,COMPOSED,6.407499999999999,1.7659469839154285,4.0,8.399999999999999,4.265,-2.1425,,,-5.36,,,True,1,False
Isaiah Evans / Joan Beringer / LaMelo Ball / Rudy Gobert / Terrence Shannon Jr.,0.0,COMPOSED,5.622879446370485,1.7355312587216627,3.2753794463704846,7.595379446370484,3.527689723185242,-2.0951897231852423,,,-5.36,,,True,1,False
Isaiah Evans / Joan Beringer / LaMelo Ball / Rudy Gobert / Trey Lyles,0.0,COMPOSED,7.497879446370485,2.0696180203119607,5.275379446370485,9.885379446370484,3.925189723185242,-3.572689723185243,,,-5.36,,,True,1,False
Jaylen Clark / LaMelo Ball / Nah'Shon Hyland / Rudy Gobert / Trey Lyles,0.0,COMPOSED,6.3374999999999995,1.9477085895995836,3.87,8.41,2.7975,-3.54,,,-5.36,,,True,1,False
Jaylen Clark / LaMelo Ball / Rudy Gobert / Terrence Shannon Jr. / Trey Lyles,0.0,COMPOSED,4.182499999999999,1.700329012279682,2.04,5.999999999999999,2.6125,-1.5699999999999998,,,-5.36,,,True,1,False
Isaiah Evans / Jaylen Clark / LaMelo Ball / Rudy Gobert / Trey Lyles,0.0,COMPOSED,5.272879446370485,2.175377840743993,2.1853794463704848,7.485379446370484,2.272689723185242,-3.000189723185242,,,-5.36,,,True,1,False
LaMelo Ball / Nah'Shon Hyland / Rudy Gobert / Terrence Shannon Jr. / Trey Lyles,0.0,COMPOSED,4.3175,1.4232774676780349,2.82,6.01,3.025,-1.2925,,,-5.36,,,True,1,True
Isaiah Evans / LaMelo Ball / Nah'Shon Hyland / Rudy Gobert / Trey Lyles,0.0,COMPOSED,5.407879446370485,1.8563724707073197,2.9653794463704846,7.465379446370484,2.6851897231852417,-2.7226897231852423,,,-5.36,,,True,1,False
Isaiah Evans / LaMelo Ball / Rudy Gobert / Terrence Shannon Jr. / Trey Lyles,0.0,COMPOSED,3.252879446370484,1.5995995592647552,1.1353794463704845,4.855379446370484,2.500189723185242,-0.7526897231852423,,,-5.36,,,True,1,False
Ayo Dosunmu / Cody Williams / Donte DiVincenzo / Jaden McDaniels / Rudy Gobert,0.0,COMPOSED,1.7950000000000002,1.9118250442966793,-0.21999999999999997,3.9000000000000004,-2.355,-4.15,0.38613569321533925,0.37967914438502676,-5.36,1026.0,79.6,True,1,False
Ayo Dosunmu / Donte DiVincenzo / Jaden McDaniels / Joan Beringer / Rudy Gobert,0.0,COMPOSED,7.404999999999999,2.7415916909707763,4.0,10.149999999999999,1.1475,-6.2575,0.39543470963410543,0.39813242784380304,-5.36,901.0,80.2,True,1,False
Ayo Dosunmu / Donte DiVincenzo / Jaden McDaniels / Jaylen Clark / Rudy Gobert,0.0,COMPOSED,5.18,2.70986162008321,1.9900000000000002,7.98,-0.505,-5.6850000000000005,0.4111969111969112,0.39280125195618154,-5.36,932.0,79.0,True,1,False
Ayo Dosunmu / Donte DiVincenzo / Jaden McDaniels / Nah'Shon Hyland / Rudy Gobert,3.0,OBSERVED,5.315,2.4628286582708108,2.77,8.3,-0.09250000000000003,-5.407500000000001,0.4410271722902359,0.3960731211916046,-5.36,1077.0,78.4,True,1,True
Ayo Dosunmu / Donte DiVincenzo / Jaden McDaniels / Rudy Gobert / Terrence Shannon Jr.,7.0,OBSERVED,3.1599999999999997,2.196132965009177,0.94,5.58,-0.2775,-3.4375,0.4108781127129751,0.39872408293460926,-5.36,927.0,79.2,True,1,True
Ayo Dosunmu / Donte DiVincenzo / Jaden McDaniels / Rudy Gobert / Trey Lyles,0.0,COMPOSED,5.034999999999999,2.6296435119612696,1.88,7.85,0.12,-4.915,,,-5.36,,,True,1,False
Ayo Dosunmu / Donte DiVincenzo / Isaiah Evans / Jaden McDaniels / Rudy Gobert,0.0,COMPOSED,4.250379446370484,2.6086442839145394,1.0853794463704847,7.035379446370485,-0.6173102768147577,-4.867689723185242,,,-5.36,,,True,1,False
Ayo Dosunmu / Cody Williams / Jaden McDaniels / Joan Beringer / Rudy Gobert,0.0,COMPOSED,2.7575000000000003,2.408675725372762,-1.0,5.16,-1.6475,-4.405,0.25065963060686014,0.3804511278195489,-5.36,725.0,81.0,True,1,False
Ayo Dosunmu / Cody Williams / Jaden McDaniels / Jaylen Clark / Rudy Gobert,0.0,COMPOSED,0.5325000000000002,2.104939132136604,-2.0,2.76,-3.3,-3.8325,0.27498202731847593,0.3738562091503268,-5.36,756.0,79.8,True,1,False
Ayo Dosunmu / Cody Williams / Jaden McDaniels / Nah'Shon Hyland / Rudy Gobert,0.0,COMPOSED,0.6675000000000002,1.928877588132539,-2.0,2.7800000000000007,-2.8874999999999997,-3.555,0.31888852133642076,0.38278008298755184,-5.36,901.0,79.2,True,1,False
Ayo Dosunmu / Cody Williams / Jaden McDaniels / Rudy Gobert / Terrence Shannon Jr.,0.0,COMPOSED,-1.4874999999999998,1.7138753601122807,-4.0,0.12999999999999945,-3.0725,-1.585,0.2718268525311812,0.3832658569500675,-5.36,751.0,80.0,True,1,False
Ayo Dosunmu / Cody Williams / Jaden McDaniels / Rudy Gobert / Trey Lyles,0.0,COMPOSED,0.38749999999999996,2.007777066807966,-2.0,2.4199999999999995,-2.6750000000000003,-3.0625,,,-5.36,,,True,1,False
Ayo Dosunmu / Cody Williams / Isaiah Evans / Jaden McDaniels / Rudy Gobert,0.0,COMPOSED,-0.39712055362951526,1.9797143101973074,-2.7246205536295154,1.6153794463704845,-3.4123102768147575,-3.0151897231852427,,,-5.36,,,True,1,False
Ayo Dosunmu / Jaden McDaniels / Jaylen Clark / Joan Beringer / Rudy Gobert,0.0,COMPOSED,6.1425,3.0191668966786183,2.0,9.41,0.2024999999999999,-5.94,0.26739772247996624,0.4069400630914827,-5.36,631.0,80.4,True,1,False
Ayo Dosunmu / Jaden McDaniels / Joan Beringer / Nah'Shon Hyland / Rudy Gobert,0.0,COMPOSED,6.2775,2.8656707330047535,2.0,8.93,0.6149999999999998,-5.6625000000000005,0.31891271056661563,0.40936374549819926,-5.36,776.0,79.8,True,1,False
Ayo Dosunmu / Jaden McDaniels / Joan Beringer / Rudy Gobert / Terrence Shannon Jr.,0.0,COMPOSED,4.1225,2.683396867777854,0.0,6.779999999999999,0.42999999999999994,-3.6925,0.2634989200863931,0.419672131147541,-5.36,626.0,80.6,True,1,False
Ayo Dosunmu / Jaden McDaniels / Joan Beringer / Rudy Gobert / Trey Lyles,0.0,COMPOSED,5.9975000000000005,2.915856435080438,2.0,9.07,0.8275000000000001,-5.17,,,-5.36,,,True,1,False
Ayo Dosunmu / Isaiah Evans / Jaden McDaniels / Joan Beringer / Rudy Gobert,0.0,COMPOSED,5.212879446370485,2.885024913237319,1.2753794463704846,8.265379446370485,0.09018972318524221,-5.122689723185243,,,-5.36,,,True,1,False
Ayo Dosunmu / Jaden McDaniels / Jaylen Clark / Nah'Shon Hyland / Rudy Gobert,0.0,COMPOSED,4.0525,2.6258843748345053,1.0,6.86,-1.0375,-5.09,0.34038672017511856,0.4008574490889603,-5.36,807.0,78.6,True,1,False
Ayo Dosunmu / Jaden McDaniels / Jaylen Clark / Rudy Gobert / Terrence Shannon Jr.,0.0,COMPOSED,1.8975,2.3941008228560468,-1.0,4.38,-1.2225,-3.12,0.2905073649754501,0.4070422535211268,-5.36,657.0,79.4,True,1,False
Ayo Dosunmu / Jaden McDaniels / Jaylen Clark / Rudy Gobert / Trey Lyles,0.0,COMPOSED,3.7725,2.7690284848661273,1.0,6.67,-0.825,-4.5975,,,-5.36,,,True,1,False
Ayo Dosunmu / Isaiah Evans / Jaden McDaniels / Jaylen Clark / Rudy Gobert,0.0,COMPOSED,2.9878794463704845,2.744242837286817,0.21537944637048467,5.8653794463704845,-1.5623102768147576,-4.550189723185243,,,-5.36,,,True,1,False
Ayo Dosunmu / Jaden McDaniels / Nah'Shon Hyland / Rudy Gobert / Terrence Shannon Jr.,0.0,COMPOSED,2.0324999999999998,2.218235503728132,-1.0,4.46,-0.81,-2.8425,0.33854748603351953,0.40924092409240925,-5.36,802.0,78.8,True,1,False
Ayo Dosunmu / Jaden McDaniels / Nah'Shon Hyland / Rudy Gobert / Trey Lyles,0.0,COMPOSED,3.9074999999999998,2.537463053918224,1.0,6.73,-0.4125000000000001,-4.32,,,-5.36,,,True,1,False
Ayo Dosunmu / Isaiah Evans / Jaden McDaniels / Nah'Shon Hyland / Rudy Gobert,0.0,COMPOSED,3.1228794463704848,2.5097746412775788,0.2753794463704846,5.915379446370485,-1.1498102768147578,-4.272689723185242,,,-5.36,,,True,1,False
Ayo Dosunmu / Jaden McDaniels / Rudy Gobert / Terrence Shannon Jr. / Trey Lyles,0.0,COMPOSED,1.7525000000000004,2.2977312179626233,-1.0,4.04,-0.5975,-2.35,,,-5.36,,,True,1,False
Ayo Dosunmu / Isaiah Evans / Jaden McDaniels / Rudy Gobert / Terrence Shannon Jr.,0.0,COMPOSED,0.9678794463704845,2.2694644191967406,-1.7246205536295154,3.235379446370484,-1.3348102768147576,-2.3026897231852423,,,-5.36,,,True,1,False
Ayo Dosunmu / Isaiah Evans / Jaden McDaniels / Rudy Gobert / Trey Lyles,0.0,COMPOSED,2.842879446370485,2.6532656764824742,0.10537944637048466,5.525379446370485,-0.9373102768147578,-3.7801897231852424,,,-5.36,,,True,1,False
Cody Williams / Donte DiVincenzo / Jaden McDaniels / Joan Beringer / Rudy Gobert,0.0,COMPOSED,4.635,2.127657162232675,2.0,7.02,-1.16,-5.795,0.37563822027717,0.3640776699029126,-5.36,789.0,81.0,True,1,False
Cody Williams / Donte DiVincenzo / Jaden McDaniels / Jaylen Clark / Rudy Gobert,0.0,COMPOSED,2.41,2.1242645786248002,-0.32000000000000006,4.619999999999999,-2.8125,-5.2225,0.39359108324625564,0.36106194690265486,-5.36,820.0,79.8,True,1,False
Cody Williams / Donte DiVincenzo / Jaden McDaniels / Nah'Shon Hyland / Rudy Gobert,0.0,COMPOSED,2.545,1.8373010096334241,0.4600000000000001,4.66,-2.4,-4.945,0.42705655526992287,0.3694507148231753,-5.36,965.0,79.2,True,1,False
Cody Williams / Donte DiVincenzo / Jaden McDaniels / Rudy Gobert / Terrence Shannon Jr.,0.0,COMPOSED,0.3899999999999999,1.5805220656479302,-1.3699999999999999,1.9899999999999993,-2.585,-2.9749999999999996,0.39289520426287744,0.3670886075949367,-5.36,815.0,80.0,True,1,False
Cody Williams / Donte DiVincenzo / Jaden McDaniels / Rudy Gobert / Trey Lyles,0.0,COMPOSED,2.2649999999999997,2.0436792801220056,-0.42999999999999994,4.279999999999999,-2.1875,-4.4525,,,-5.36,,,True,1,False
Cody Williams / Donte DiVincenzo / Isaiah Evans / Jaden McDaniels / Rudy Gobert,0.0,COMPOSED,1.4803794463704847,2.025851672753956,-1.2246205536295154,3.4753794463704843,-2.9248102768147577,-4.405189723185242,,,-5.36,,,True,1,False
Donte DiVincenzo / Jaden McDaniels / Jaylen Clark / Joan Beringer / Rudy Gobert,0.0,COMPOSED,8.02,2.875491262375874,5.0,11.27,0.69,-7.33,0.4060975609756098,0.38038038038038036,-5.36,695.0,80.4,True,1,False
Donte DiVincenzo / Jaden McDaniels / Joan Beringer / Nah'Shon Hyland / Rudy Gobert,0.0,COMPOSED,8.155,2.634108008415752,5.0,10.809999999999999,1.1025,-7.052499999999999,0.4435394298407997,0.38647746243739567,-5.36,840.0,79.8,True,1,False
Donte DiVincenzo / Jaden McDaniels / Joan Beringer / Rudy Gobert / Terrence Shannon Jr.,0.0,COMPOSED,6.0,2.4150879901154743,3.0,8.64,0.9175,-5.0825,0.40557404326123125,0.38769230769230767,-5.36,690.0,80.6,True,1,False
Donte DiVincenzo / Jaden McDaniels / Joan Beringer / Rudy Gobert / Trey Lyles,0.0,COMPOSED,7.875,2.7783133372605757,5.0,10.93,1.315,-6.56,,,-5.36,,,True,1,False
Donte DiVincenzo / Isaiah Evans / Jaden McDaniels / Joan Beringer / Rudy Gobert,0.0,COMPOSED,7.090379446370484,2.7530937143511847,4.275379446370485,10.125379446370484,0.5776897231852423,-6.512689723185242,,,-5.36,,,True,1,False
Donte DiVincenzo / Jaden McDaniels / Jaylen Clark / Nah'Shon Hyland / Rudy Gobert,2.0,OBSERVED,5.93,2.6416377495788477,2.67,8.74,-0.55,-6.48,0.4586572438162544,0.38212634822804314,-5.36,871.0,78.6,True,1,True
Donte DiVincenzo / Jaden McDaniels / Jaylen Clark / Rudy Gobert / Terrence Shannon Jr.,0.0,COMPOSED,3.775,2.391709639567479,0.84,6.239999999999999,-0.735,-4.51,0.4243979470983024,0.38232558139534883,-5.36,721.0,79.4,True,1,False
Donte DiVincenzo / Jaden McDaniels / Jaylen Clark / Rudy Gobert / Trey Lyles,0.0,COMPOSED,5.65,2.870688070829013,1.78,8.53,-0.33750000000000013,-5.9875,,,-5.36,,,True,1,False
Donte DiVincenzo / Isaiah Evans / Jaden McDaniels / Jaylen Clark / Rudy Gobert,0.0,COMPOSED,4.8653794463704845,2.853690592898957,0.9853794463704846,7.725379446370484,-1.0748102768147576,-5.9401897231852425,,,-5.36,,,True,1,False
Donte DiVincenzo / Jaden McDaniels / Nah'Shon Hyland / Rudy Gobert / Terrence Shannon Jr.,8.0,OBSERVED,3.91,2.1171915359740128,1.62,6.34,-0.3225,-4.2325,0.45926459985580387,0.3877551020408163,-5.36,866.0,78.8,True,1,True
Donte DiVincenzo / Jaden McDaniels / Nah'Shon Hyland / Rudy Gobert / Trey Lyles,0.0,COMPOSED,5.784999999999999,2.5662082924034046,2.56,8.61,0.07499999999999996,-5.709999999999999,,,-5.36,,,True,1,False
Donte DiVincenzo / Isaiah Evans / Jaden McDaniels / Nah'Shon Hyland / Rudy Gobert,0.0,COMPOSED,5.000379446370484,2.5465712242150227,1.7653794463704846,7.795379446370485,-0.6623102768147577,-5.662689723185243,,,-5.36,,,True,1,False
Donte DiVincenzo / Jaden McDaniels / Rudy Gobert / Terrence Shannon Jr. / Trey Lyles,0.0,COMPOSED,3.6300000000000003,2.3090799033381244,0.73,5.9,-0.1100000000000001,-3.7399999999999998,,,-5.36,,,True,1,False
Donte DiVincenzo / Isaiah Evans / Jaden McDaniels / Rudy Gobert / Terrence Shannon Jr.,0.0,COMPOSED,2.8453794463704845,2.2895632771338725,-0.06462055362951535,5.095379446370484,-0.8473102768147577,-3.692689723185242,,,-5.36,,,True,1,False
Donte DiVincenzo / Isaiah Evans / Jaden McDaniels / Rudy Gobert / Trey Lyles,0.0,COMPOSED,4.720379446370485,2.7778093887090236,0.8753794463704847,7.385379446370484,-0.4498102768147577,-5.170189723185243,,,-5.36,,,True,1,False
Cody Williams / Jaden McDaniels / Jaylen Clark / Joan Beringer / Rudy Gobert,0.0,COMPOSED,3.3725,2.432173667730164,0.0,6.279999999999999,-2.105,-5.4775,0.22774133083411435,0.3374485596707819,-5.36,519.0,81.2,True,1,False
Cody Williams / Jaden McDaniels / Joan Beringer / Nah'Shon Hyland / Rudy Gobert,0.0,COMPOSED,3.5075000000000003,2.270059195263419,0.0,5.72,-1.6925000000000001,-5.2,0.28842105263157897,0.3605839416058394,-5.36,664.0,80.6,True,1,False
Cody Williams / Jaden McDaniels / Joan Beringer / Rudy Gobert / Terrence Shannon Jr.,0.0,COMPOSED,1.3525,2.122879824672136,-2.0,3.6499999999999995,-1.8775,-3.23,0.22232916265640038,0.35064935064935066,-5.36,514.0,81.4,True,1,False
Cody Williams / Isaiah Evans / Jaden McDaniels / Joan Beringer / Rudy Gobert,0.0,COMPOSED,2.4428794463704846,2.292022851107728,-0.7246205536295154,5.135379446370484,-2.2173102768147577,-4.660189723185242,,,-5.36,,,True,1,False
Cody Williams / Jaden McDaniels / Jaylen Clark / Nah'Shon Hyland / Rudy Gobert,0.0,COMPOSED,1.2825,1.9987292838200976,-1.0,3.32,-3.3449999999999998,-4.6275,0.31349840255591055,0.35668789808917195,-5.36,695.0,79.4,True,1,False
Cody Williams / Jaden McDaniels / Jaylen Clark / Rudy Gobert / Terrence Shannon Jr.,0.0,COMPOSED,-0.8724999999999998,1.7878111617282177,-3.0,1.25,-3.53,-2.6574999999999998,0.2546443135478024,0.3469750889679715,-5.36,545.0,80.2,True,1,False
Cody Williams / Jaden McDaniels / Jaylen Clark / Rudy Gobert / Trey Lyles,0.0,COMPOSED,1.0025000000000002,2.172238189057545,-1.3,3.5399999999999996,-3.1325,-4.135,,,-5.36,,,True,1,False
Cody Williams / Isaiah Evans / Jaden McDaniels / Jaylen Clark / Rudy Gobert,0.0,COMPOSED,0.21787944637048473,2.149283310780596,-2.0946205536295155,2.7353794463704846,-3.869810276814758,-4.0876897231852425,,,-5.36,,,True,1,False
Cody Williams / Jaden McDaniels / Nah'Shon Hyland / Rudy Gobert / Terrence Shannon Jr.,0.0,COMPOSED,-0.7375,1.5893768432942517,-3.0,0.8200000000000003,-3.1174999999999997,-2.38,0.31086601307189543,0.36530880420499345,-5.36,690.0,79.6,True,1,False
Cody Williams / Jaden McDaniels / Nah'Shon Hyland / Rudy Gobert / Trey Lyles,0.0,COMPOSED,1.1375000000000002,1.905470742362632,-1.0,3.0900000000000007,-2.7199999999999998,-3.8575,,,-5.36,,,True,1,False
Cody Williams / Isaiah Evans / Jaden McDaniels / Nah'Shon Hyland / Rudy Gobert,0.0,COMPOSED,0.35287944637048474,1.8784351865315982,-1.7246205536295154,2.275379446370485,-3.4573102768147574,-3.8101897231852417,,,-5.36,,,True,1,False
Cody Williams / Jaden McDaniels / Rudy Gobert / Terrence Shannon Jr. / Trey Lyles,0.0,COMPOSED,-1.0175,1.6842116108137957,-3.0,0.9099999999999997,-2.905,-1.8875000000000002,,,-5.36,,,True,1,False
Cody Williams / Isaiah Evans / Jaden McDaniels / Rudy Gobert / Terrence Shannon Jr.,0.0,COMPOSED,-1.8021205536295155,1.6567796322987556,-3.7246205536295154,0.1053794463704838,-3.642310276814758,-1.8401897231852424,,,-5.36,,,True,1,False
Cody Williams / Isaiah Evans / Jaden McDaniels / Rudy Gobert / Trey Lyles,0.0,COMPOSED,0.0728794463704846,2.054463129384414,-2.2046205536295154,2.3953794463704843,-3.244810276814758,-3.317689723185242,,,-5.36,,,True,1,False
Jaden McDaniels / Jaylen Clark / Joan Beringer / Nah'Shon Hyland / Rudy Gobert,0.0,COMPOSED,6.892500000000001,2.895016191664565,3.0,9.97,0.15749999999999997,-6.735,0.3124701385570951,0.3853211009174312,-5.36,570.0,80.0,True,1,False
Jaden McDaniels / Jaylen Clark / Joan Beringer / Rudy Gobert / Terrence Shannon Jr.,0.0,COMPOSED,4.7375,2.7118662854204296,1.0,7.8999999999999995,-0.02749999999999997,-4.765,0.23997772828507796,0.3874709976798144,-5.36,420.0,80.8,True,1,False
Jaden McDaniels / Jaylen Clark / Joan Beringer / Rudy Gobert / Trey Lyles,0.0,COMPOSED,6.6125,3.014028657793419,3.0,10.19,0.3699999999999999,-6.2425,,,-5.36,,,True,1,False
Isaiah Evans / Jaden McDaniels / Jaylen Clark / Joan Beringer / Rudy Gobert,0.0,COMPOSED,5.827879446370485,2.986338686418538,2.2753794463704846,9.385379446370484,-0.3673102768147577,-6.195189723185242,,,-5.36,,,True,1,False
Jaden McDaniels / Joan Beringer / Nah'Shon Hyland / Rudy Gobert / Terrence Shannon Jr.,0.0,COMPOSED,4.8725,2.547737967295695,1.0,7.34,0.385,-4.4875,0.30927835051546393,0.3968253968253968,-5.36,565.0,80.2,True,1,False
Jaden McDaniels / Joan Beringer / Nah'Shon Hyland / Rudy Gobert / Trey Lyles,0.0,COMPOSED,6.7475,2.793468945594348,3.0,9.629999999999999,0.7825,-5.965,,,-5.36,,,True,1,False
Isaiah Evans / Jaden McDaniels / Joan Beringer / Nah'Shon Hyland / Rudy Gobert,0.0,COMPOSED,5.962879446370485,2.763009002880737,2.2753794463704846,8.825379446370485,0.04518972318524228,-5.917689723185243,,,-5.36,,,True,1,False
Jaden McDaniels / Joan Beringer / Rudy Gobert / Terrence Shannon Jr. / Trey Lyles,0.0,COMPOSED,4.5925,2.604029329711937,1.0,7.5600000000000005,0.5974999999999999,-3.995,,,-5.36,,,True,1,False
Isaiah Evans / Jaden McDaniels / Joan Beringer / Rudy Gobert / Terrence Shannon Jr.,0.0,COMPOSED,3.807879446370485,2.57339634529934,0.2753794463704846,6.755379446370484,-0.13981027681475777,-3.947689723185242,,,-5.36,,,True,1,False
Isaiah Evans / Jaden McDaniels / Joan Beringer / Rudy Gobert / Trey Lyles,0.0,COMPOSED,5.682879446370485,2.882025112659499,2.2753794463704846,9.045379446370484,0.2576897231852422,-5.425189723185243,,,-5.36,,,True,1,False
Jaden McDaniels / Jaylen Clark / Nah'Shon Hyland / Rudy Gobert / Terrence Shannon Jr.,0.0,COMPOSED,2.6475,2.2879617020396124,0.0,4.9399999999999995,-1.2675,-3.9149999999999996,0.33702677746999077,0.38767123287671235,-5.36,596.0,79.0,True,1,False
Jaden McDaniels / Jaylen Clark / Nah'Shon Hyland / Rudy Gobert / Trey Lyles,0.0,COMPOSED,4.5225,2.67982625369631,1.6900000000000002,7.2299999999999995,-0.87,-5.3925,,,-5.36,,,True,1,False
Isaiah Evans / Jaden McDaniels / Jaylen Clark / Nah'Shon Hyland / Rudy Gobert,0.0,COMPOSED,3.7378794463704845,2.6560155778910635,0.8953794463704847,6.425379446370485,-1.6073102768147578,-5.345189723185243,,,-5.36,,,True,1,False
Jaden McDaniels / Jaylen Clark / Rudy Gobert / Terrence Shannon Jr. / Trey Lyles,0.0,COMPOSED,2.3674999999999997,2.450891419463539,-0.1399999999999999,5.16,-1.055,-3.4225000000000003,,,-5.36,,,True,1,False
Isaiah Evans / Jaden McDaniels / Jaylen Clark / Rudy Gobert / Terrence Shannon Jr.,0.0,COMPOSED,1.5828794463704845,2.427028790517327,-0.9346205536295153,4.355379446370484,-1.7923102768147576,-3.375189723185242,,,-5.36,,,True,1,False
Isaiah Evans / Jaden McDaniels / Jaylen Clark / Rudy Gobert / Trey Lyles,0.0,COMPOSED,3.4578794463704847,2.865025087150198,0.005379446370484708,6.645379446370484,-1.3948102768147577,-4.852689723185242,,,-5.36,,,True,1,False
Jaden McDaniels / Nah'Shon Hyland / Rudy Gobert / Terrence Shannon Jr. / Trey Lyles,0.0,COMPOSED,2.5025,2.195021355249192,0.0,4.77,-0.6425000000000001,-3.145,,,-5.36,,,True,1,False
Isaiah Evans / Jaden McDaniels / Nah'Shon Hyland / Rudy Gobert / Terrence Shannon Jr.,0.0,COMPOSED,1.7178794463704847,2.167629753901713,-0.7246205536295154,3.955379446370485,-1.3798102768147578,-3.0976897231852423,,,-5.36,,,True,1,False
Isaiah Evans / Jaden McDaniels / Nah'Shon Hyland / Rudy Gobert / Trey Lyles,0.0,COMPOSED,3.5928794463704845,2.568826337065236,0.7853794463704846,6.225379446370485,-0.9823102768147577,-4.575189723185242,,,-5.36,,,True,1,False
Isaiah Evans / Jaden McDaniels / Rudy Gobert / Terrence Shannon Jr. / Trey Lyles,0.0,COMPOSED,1.4378794463704847,2.332234711601729,-1.0446205536295154,4.015379446370485,-1.1673102768147579,-2.6051897231852426,,,-5.36,,,True,1,False
Ayo Dosunmu / Cody Williams / Donte DiVincenzo / Joan Beringer / Rudy Gobert,0.0,COMPOSED,3.76,1.7072346060222654,1.0,5.209999999999999,-0.5675,-4.3275,0.39529675251959684,0.3720491029272899,-5.36,839.0,80.0,True,1,False
Ayo Dosunmu / Cody Williams / Donte DiVincenzo / Jaylen Clark / Rudy Gobert,0.0,COMPOSED,1.5350000000000001,1.4159890536300062,0.0,3.080000000000001,-2.2199999999999998,-3.755,0.41274928774928776,0.3684210526315789,-5.36,870.0,78.8,True,1,True
Ayo Dosunmu / Cody Williams / Donte DiVincenzo / Nah'Shon Hyland / Rudy Gobert,0.0,COMPOSED,1.6700000000000002,1.2774779841547172,0.0,3.4000000000000004,-1.8075,-3.4774999999999996,0.4453919317809118,0.3755522827687776,-5.36,1015.0,78.2,True,1,True
Ayo Dosunmu / Cody Williams / Donte DiVincenzo / Rudy Gobert / Terrence Shannon Jr.,0.0,COMPOSED,-0.4850000000000001,1.0239506824061402,-2.0,0.6800000000000004,-1.9925000000000002,-1.5074999999999998,0.41242732558139533,0.3744493392070485,-5.36,865.0,79.0,True,1,True
Ayo Dosunmu / Cody Williams / Donte DiVincenzo / Rudy Gobert / Trey Lyles,0.0,COMPOSED,1.39,1.3317845171047755,0.0,2.9500000000000006,-1.595,-2.985,,,-5.36,,,True,1,True
Ayo Dosunmu / Cody Williams / Donte DiVincenzo / Isaiah Evans / Rudy Gobert,0.0,COMPOSED,0.6053794463704845,1.3058522121587879,-0.7246205536295154,2.135379446370485,-2.3323102768147574,-2.937689723185242,,,-5.36,,,True,1,True
Ayo Dosunmu / Donte DiVincenzo / Jaylen Clark / Joan Beringer / Rudy Gobert,0.0,COMPOSED,7.145,2.300679247526695,4.0,9.459999999999999,1.2824999999999998,-5.8625,0.4288694201084689,0.38813229571984437,-5.36,745.0,79.4,True,1,False
Ayo Dosunmu / Donte DiVincenzo / Joan Beringer / Nah'Shon Hyland / Rudy Gobert,0.0,COMPOSED,7.279999999999999,2.1741550082733294,4.0,9.55,1.6949999999999998,-5.585,0.46512509476876424,0.3928280358598207,-5.36,890.0,78.8,True,1,False
Ayo Dosunmu / Donte DiVincenzo / Joan Beringer / Rudy Gobert / Terrence Shannon Jr.,0.0,COMPOSED,5.125,1.978692750277314,2.0,6.83,1.5099999999999998,-3.6149999999999998,0.42887654848355405,0.3954183266932271,-5.36,740.0,79.6,True,1,False
Ayo Dosunmu / Donte DiVincenzo / Joan Beringer / Rudy Gobert / Trey Lyles,0.0,COMPOSED,7.0,2.2018628476814803,4.0,9.12,1.9074999999999998,-5.092499999999999,,,-5.36,,,True,1,False
Ayo Dosunmu / Donte DiVincenzo / Isaiah Evans / Joan Beringer / Rudy Gobert,0.0,COMPOSED,6.215379446370486,2.1709099474644264,3.2753794463704846,8.315379446370484,1.1701897231852423,-5.045189723185243,,,-5.36,,,True,1,False
Ayo Dosunmu / Donte DiVincenzo / Jaylen Clark / Rudy Gobert / Trey Lyles,0.0,COMPOSED,4.775,2.1153782167735393,2.35,7.030000000000001,0.2550000000000001,-4.52,,,-5.36,,,True,1,False
Ayo Dosunmu / Donte DiVincenzo / Nah'Shon Hyland / Rudy Gobert / Trey Lyles,0.0,COMPOSED,4.909999999999999,1.8929210231808402,3.0,7.35,0.6675,-4.2425,,,-5.36,,,True,1,False
Ayo Dosunmu / Donte DiVincenzo / Rudy Gobert / Terrence Shannon Jr. / Trey Lyles,0.0,COMPOSED,2.7550000000000003,1.6197916532690249,1.0,4.630000000000001,0.48250000000000004,-2.2725,,,-5.36,,,True,1,False
Ayo Dosunmu / Donte DiVincenzo / Isaiah Evans / Rudy Gobert / Trey Lyles,0.0,COMPOSED,3.8453794463704845,2.0146587800419207,1.4453794463704848,6.085379446370485,0.1426897231852423,-3.702689723185242,,,-5.36,,,True,1,False
Ayo Dosunmu / Cody Williams / Jaylen Clark / Joan Beringer / Rudy Gobert,0.0,COMPOSED,2.4975,2.1030379811120863,-1.0,4.47,-1.5125,-4.01,0.24867213906325447,0.3553398058252427,-5.36,569.0,80.2,True,1,False
Ayo Dosunmu / Cody Williams / Joan Beringer / Nah'Shon Hyland / Rudy Gobert,0.0,COMPOSED,2.6325000000000003,2.1033826922364844,-1.0,4.030000000000001,-1.1,-3.7325,0.3088235294117647,0.37254901960784315,-5.36,714.0,79.6,True,1,False
Ayo Dosunmu / Cody Williams / Joan Beringer / Rudy Gobert / Terrence Shannon Jr.,0.0,COMPOSED,0.47750000000000004,2.0178748102892805,-3.0,1.8399999999999994,-1.2850000000000001,-1.7625000000000002,0.24367245657568237,0.36863543788187375,-5.36,564.0,80.4,True,1,False
Ayo Dosunmu / Cody Williams / Joan Beringer / Rudy Gobert / Trey Lyles,0.0,COMPOSED,2.3525,2.0016415138580634,-1.0,4.129999999999999,-0.8875000000000001,-3.2399999999999998,,,-5.36,,,True,1,False
Ayo Dosunmu / Cody Williams / Isaiah Evans / Joan Beringer / Rudy Gobert,0.0,COMPOSED,1.5678794463704844,1.9670584002515024,-1.7246205536295154,3.325379446370484,-1.6248102768147579,-3.192689723185242,,,-5.36,,,True,1,False
Ayo Dosunmu / Cody Williams / Jaylen Clark / Nah'Shon Hyland / Rudy Gobert,0.0,COMPOSED,0.4075000000000001,1.5397300899833062,-2.0,1.9600000000000004,-2.7525,-3.16,0.33346988938959443,0.36732186732186733,-5.36,745.0,78.4,True,1,False
Ayo Dosunmu / Cody Williams / Jaylen Clark / Rudy Gobert / Terrence Shannon Jr.,0.0,COMPOSED,-1.7475,1.3661144717775302,-4.0,-0.5600000000000005,-2.9375,-1.19,0.2756529850746269,0.36209813874788493,-5.36,595.0,79.2,True,1,True
Ayo Dosunmu / Cody Williams / Jaylen Clark / Rudy Gobert / Trey Lyles,0.0,COMPOSED,0.12750000000000006,1.5605187438797394,-2.0,1.7299999999999995,-2.54,-2.6675,,,-5.36,,,True,1,False
Ayo Dosunmu / Cody Williams / Isaiah Evans / Jaylen Clark / Rudy Gobert,0.0,COMPOSED,-0.6571205536295155,1.5297610107464499,-2.7246205536295154,0.9253794463704841,-3.2773102768147577,-2.6201897231852422,,,-5.36,,,True,1,False
Ayo Dosunmu / Cody Williams / Nah'Shon Hyland / Rudy Gobert / Terrence Shannon Jr.,0.0,COMPOSED,-1.6125,1.399953124215236,-4.0,-0.4399999999999995,-2.5250000000000004,-0.9124999999999999,0.3312368972746331,0.3759493670886076,-5.36,740.0,78.6,True,1,True
Ayo Dosunmu / Cody Williams / Nah'Shon Hyland / Rudy Gobert / Trey Lyles,0.0,COMPOSED,0.26249999999999996,1.4529861492801646,-2.0,1.8300000000000005,-2.1275,-2.3899999999999997,,,-5.36,,,True,1,True
Ayo Dosunmu / Cody Williams / Isaiah Evans / Nah'Shon Hyland / Rudy Gobert,0.0,COMPOSED,-0.5221205536295153,1.418808919481408,-2.7246205536295154,1.0153794463704853,-2.864810276814757,-2.3426897231852424,,,-5.36,,,True,1,True
Ayo Dosunmu / Cody Williams / Rudy Gobert / Terrence Shannon Jr. / Trey Lyles,0.0,COMPOSED,-1.8925,1.26927883067512,-4.0,-0.8899999999999995,-2.3125,-0.41999999999999993,,,-5.36,,,True,1,True
Ayo Dosunmu / Cody Williams / Isaiah Evans / Rudy Gobert / Terrence Shannon Jr.,0.0,COMPOSED,-2.6771205536295155,1.2343292713048655,-4.724620553629515,-1.7046205536295147,-3.0498102768147577,-0.3726897231852424,,,-5.36,,,True,1,True
Ayo Dosunmu / Cody Williams / Isaiah Evans / Rudy Gobert / Trey Lyles,0.0,COMPOSED,-0.8021205536295155,1.4304085954719372,-2.7246205536295154,0.5853794463704838,-2.6523102768147577,-1.8501897231852424,,,-5.36,,,True,1,True
Ayo Dosunmu / Jaylen Clark / Joan Beringer / Nah'Shon Hyland / Rudy Gobert,0.0,COMPOSED,6.0175,2.5078115459499744,2.0,8.16,0.75,-5.2675,0.33645320197044337,0.3967789165446559,-5.36,620.0,79.0,True,1,False
Ayo Dosunmu / Jaylen Clark / Joan Beringer / Rudy Gobert / Terrence Shannon Jr.,0.0,COMPOSED,3.8625000000000003,2.3571951022348574,0.0,6.09,0.565,-3.2975,0.26543566070398156,0.4043478260869565,-5.36,470.0,79.8,True,1,False
Ayo Dosunmu / Jaylen Clark / Joan Beringer / Rudy Gobert / Trey Lyles,0.0,COMPOSED,5.7375,2.516568844677212,2.0,8.379999999999999,0.9624999999999999,-4.775,,,-5.36,,,True,1,False
Ayo Dosunmu / Isaiah Evans / Jaylen Clark / Joan Beringer / Rudy Gobert,0.0,COMPOSED,4.952879446370485,2.4841736553630867,1.2753794463704846,7.5753794463704835,0.22518972318524222,-4.727689723185242,,,-5.36,,,True,1,False
Ayo Dosunmu / Joan Beringer / Nah'Shon Hyland / Rudy Gobert / Terrence Shannon Jr.,0.0,COMPOSED,3.9974999999999996,2.3359941673728555,0.0,5.71,0.9775,-3.02,0.33383991894630194,0.40819423368740515,-5.36,615.0,79.2,True,1,False
Ayo Dosunmu / Joan Beringer / Nah'Shon Hyland / Rudy Gobert / Trey Lyles,0.0,COMPOSED,5.8725000000000005,2.411631968190835,2.0,7.98,1.375,-4.4975000000000005,,,-5.36,,,True,1,False
Ayo Dosunmu / Isaiah Evans / Joan Beringer / Nah'Shon Hyland / Rudy Gobert,0.0,COMPOSED,5.087879446370485,2.3771556007127512,1.2753794463704846,7.165379446370485,0.6376897231852423,-4.450189723185242,,,-5.36,,,True,1,False
Ayo Dosunmu / Joan Beringer / Rudy Gobert / Terrence Shannon Jr. / Trey Lyles,0.0,COMPOSED,3.7175,2.2555750375458583,0.0,5.75,1.19,-2.5275,,,-5.36,,,True,1,False
Ayo Dosunmu / Isaiah Evans / Joan Beringer / Rudy Gobert / Terrence Shannon Jr.,0.0,COMPOSED,2.932879446370485,2.2210737831058203,-0.7246205536295154,4.9453794463704845,0.45268972318524225,-2.4801897231852426,,,-5.36,,,True,1,False
Ayo Dosunmu / Isaiah Evans / Joan Beringer / Rudy Gobert / Trey Lyles,0.0,COMPOSED,4.807879446370485,2.3798043512020057,1.2753794463704846,7.235379446370484,0.8501897231852422,-3.9576897231852426,,,-5.36,,,True,1,False
Ayo Dosunmu / Jaylen Clark / Nah'Shon Hyland / Rudy Gobert / Trey Lyles,0.0,COMPOSED,3.6475,2.0733472333403298,1.0,5.91,-0.27749999999999997,-3.9250000000000003,,,-5.36,,,True,1,False
Ayo Dosunmu / Jaylen Clark / Rudy Gobert / Terrence Shannon Jr. / Trey Lyles,0.0,COMPOSED,1.4925,1.8488695870720573,-1.0,3.3499999999999996,-0.4625,-1.955,,,-5.36,,,True,1,False
Ayo Dosunmu / Isaiah Evans / Jaylen Clark / Rudy Gobert / Trey Lyles,0.0,COMPOSED,2.5828794463704847,2.1611498675473664,0.2753794463704846,4.835379446370484,-0.8023102768147578,-3.385189723185242,,,-5.36,,,True,1,False
Ayo Dosunmu / Nah'Shon Hyland / Rudy Gobert / Terrence Shannon Jr. / Trey Lyles,0.0,COMPOSED,1.6275,1.7301210217785346,-1.0,3.5100000000000002,-0.050000000000000044,-1.6775,,,-5.36,,,True,1,False
Ayo Dosunmu / Isaiah Evans / Nah'Shon Hyland / Rudy Gobert / Trey Lyles,0.0,COMPOSED,2.717879446370485,1.9557143835437731,0.2753794463704846,4.965379446370485,-0.3898102768147577,-3.107689723185242,,,-5.36,,,True,1,False
Ayo Dosunmu / Isaiah Evans / Rudy Gobert / Terrence Shannon Jr. / Trey Lyles,0.0,COMPOSED,0.5628794463704847,1.7202961227649152,-1.7246205536295154,2.245379446370485,-0.5748102768147577,-1.1376897231852423,,,-5.36,,,True,1,False
Cody Williams / Donte DiVincenzo / Jaylen Clark / Joan Beringer / Rudy Gobert,0.0,COMPOSED,4.375,1.7008012817492817,2.0,6.329999999999999,-1.025,-5.4,0.4074074074074074,0.3465909090909091,-5.36,633.0,80.2,True,1,False
Cody Williams / Donte DiVincenzo / Joan Beringer / Nah'Shon Hyland / Rudy Gobert,0.0,COMPOSED,4.51,1.5708437223352296,2.0,5.91,-0.6125,-5.1225000000000005,0.4493960849645981,0.35959221501390176,-5.36,778.0,79.6,True,1,False
Cody Williams / Donte DiVincenzo / Joan Beringer / Rudy Gobert / Terrence Shannon Jr.,0.0,COMPOSED,2.3550000000000004,1.421522071583836,0.0,3.6999999999999997,-0.7975,-3.1525,0.4068441064638783,0.35397196261682246,-5.36,628.0,80.4,True,1,True
Cody Williams / Donte DiVincenzo / Joan Beringer / Rudy Gobert / Trey Lyles,0.0,COMPOSED,4.23,1.5938161750967395,2.0,5.99,-0.4,-4.63,,,-5.36,,,True,1,False
Cody Williams / Donte DiVincenzo / Isaiah Evans / Joan Beringer / Rudy Gobert,0.0,COMPOSED,3.445379446370485,1.5628019708203595,1.2753794463704846,5.185379446370484,-1.1373102768147576,-4.582689723185243,,,-5.36,,,True,1,False
Cody Williams / Donte DiVincenzo / Jaylen Clark / Nah'Shon Hyland / Rudy Gobert,0.0,COMPOSED,2.285,1.3306483382171266,0.9299999999999999,3.8400000000000007,-2.2649999999999997,-4.55,0.4660079051383399,0.3570822731128075,-5.36,809.0,78.4,True,1,True
Cody Williams / Donte DiVincenzo / Jaylen Clark / Rudy Gobert / Terrence Shannon Jr.,0.0,COMPOSED,0.13,1.082450922675019,-1.0,1.2999999999999994,-2.45,-2.58,0.4281236005373936,0.3514644351464435,-5.36,659.0,79.2,True,1,True
Cody Williams / Donte DiVincenzo / Jaylen Clark / Rudy Gobert / Trey Lyles,0.0,COMPOSED,2.005,1.5249344248196377,0.040000000000000036,3.589999999999999,-2.0525,-4.0575,,,-5.36,,,True,1,False
Cody Williams / Donte DiVincenzo / Isaiah Evans / Jaylen Clark / Rudy Gobert,0.0,COMPOSED,1.2203794463704845,1.5065606526124329,-0.7546205536295154,2.785379446370484,-2.789810276814758,-4.010189723185243,,,-5.36,,,True,1,False
Cody Williams / Donte DiVincenzo / Nah'Shon Hyland / Rudy Gobert / Terrence Shannon Jr.,0.0,COMPOSED,0.265,0.9157920069535441,-1.0,1.4400000000000004,-2.0374999999999996,-2.3025,0.46685529506871465,0.36277056277056274,-5.36,804.0,78.6,True,1,True
Cody Williams / Donte DiVincenzo / Nah'Shon Hyland / Rudy Gobert / Trey Lyles,0.0,COMPOSED,2.1399999999999997,1.2548904334642128,0.8200000000000001,3.71,-1.6400000000000001,-3.7800000000000002,,,-5.36,,,True,1,True
Cody Williams / Donte DiVincenzo / Isaiah Evans / Nah'Shon Hyland / Rudy Gobert,0.0,COMPOSED,1.3553794463704847,1.2312392131507186,0.025379446370484615,2.8953794463704856,-2.3773102768147574,-3.732689723185242,,,-5.36,,,True,1,True
Cody Williams / Donte DiVincenzo / Rudy Gobert / Terrence Shannon Jr. / Trey Lyles,0.0,COMPOSED,-0.014999999999999958,0.9900631293003491,-1.0099999999999998,0.9900000000000004,-1.825,-1.8099999999999998,,,-5.36,,,True,1,True
Cody Williams / Donte DiVincenzo / Isaiah Evans / Rudy Gobert / Terrence Shannon Jr.,0.0,COMPOSED,-0.7996205536295155,0.9654403140536446,-1.8046205536295155,0.17537944637048497,-2.562310276814758,-1.762689723185242,,,-5.36,,,True,1,True
Cody Williams / Donte DiVincenzo / Isaiah Evans / Rudy Gobert / Trey Lyles,0.0,COMPOSED,1.0753794463704847,1.4280581220664654,-0.8646205536295154,2.4453794463704854,-2.164810276814758,-3.2401897231852423,,,-5.36,,,True,1,True
Donte DiVincenzo / Jaylen Clark / Joan Beringer / Nah'Shon Hyland / Rudy Gobert,0.0,COMPOSED,7.895,2.1818169034087163,5.0,10.02,1.2375,-6.6575,0.49457291175082585,0.375,-5.36,684.0,79.0,True,1,False
Donte DiVincenzo / Jaylen Clark / Joan Beringer / Rudy Gobert / Terrence Shannon Jr.,0.0,COMPOSED,5.74,1.983217083427833,3.0,7.949999999999999,1.0525,-4.6875,0.45279912184412735,0.37333333333333335,-5.36,534.0,79.8,True,1,False
Donte DiVincenzo / Jaylen Clark / Joan Beringer / Rudy Gobert / Trey Lyles,0.0,COMPOSED,7.615,2.301016079909048,5.0,10.24,1.4500000000000002,-6.165,,,-5.36,,,True,1,False
Donte DiVincenzo / Isaiah Evans / Jaylen Clark / Joan Beringer / Rudy Gobert,0.0,COMPOSED,6.830379446370484,2.2742086535760078,4.275379446370485,9.435379446370483,0.7126897231852423,-6.117689723185243,,,-5.36,,,True,1,False
Donte DiVincenzo / Joan Beringer / Nah'Shon Hyland / Rudy Gobert / Terrence Shannon Jr.,0.0,COMPOSED,5.875,1.8458128290809988,3.0,7.59,1.465,-4.41,0.4963645176926806,0.3818359375,-5.36,679.0,79.2,True,1,False
Donte DiVincenzo / Joan Beringer / Nah'Shon Hyland / Rudy Gobert / Trey Lyles,0.0,COMPOSED,7.75,2.085881108788322,5.0,9.86,1.8624999999999998,-5.8875,,,-5.36,,,True,1,False
Donte DiVincenzo / Isaiah Evans / Joan Beringer / Nah'Shon Hyland / Rudy Gobert,0.0,COMPOSED,6.965379446370486,2.0555169666047517,4.275379446370485,9.045379446370486,1.1251897231852424,-5.840189723185243,,,-5.36,,,True,1,False
Donte DiVincenzo / Joan Beringer / Rudy Gobert / Terrence Shannon Jr. / Trey Lyles,0.0,COMPOSED,5.595000000000001,1.8783303756261833,3.0,7.609999999999999,1.6775000000000002,-3.9175000000000004,,,-5.36,,,True,1,False
Donte DiVincenzo / Isaiah Evans / Joan Beringer / Rudy Gobert / Terrence Shannon Jr.,0.0,COMPOSED,4.810379446370485,1.847437414366181,2.2753794463704846,6.805379446370484,0.9401897231852423,-3.8701897231852422,,,-5.36,,,True,1,False
Donte DiVincenzo / Isaiah Evans / Joan Beringer / Rudy Gobert / Trey Lyles,0.0,COMPOSED,6.685379446370485,2.1744194627532196,4.275379446370485,9.095379446370485,1.3376897231852423,-5.347689723185242,,,-5.36,,,True,1,False
Donte DiVincenzo / Jaylen Clark / Nah'Shon Hyland / Rudy Gobert / Trey Lyles,0.0,COMPOSED,5.525,2.0470039081545495,3.0300000000000002,7.79,0.20999999999999996,-5.3149999999999995,,,-5.36,,,True,1,False
Donte DiVincenzo / Jaylen Clark / Rudy Gobert / Terrence Shannon Jr. / Trey Lyles,0.0,COMPOSED,3.37,1.7931397045406137,1.2000000000000002,5.209999999999999,0.02499999999999991,-3.345,,,-5.36,,,True,1,False
Donte DiVincenzo / Isaiah Evans / Jaylen Clark / Rudy Gobert / Trey Lyles,0.0,COMPOSED,4.460379446370484,2.2564850985548297,1.3453794463704847,6.695379446370484,-0.3148102768147577,-4.7751897231852425,,,-5.36,,,True,1,False
Donte DiVincenzo / Nah'Shon Hyland / Rudy Gobert / Terrence Shannon Jr. / Trey Lyles,0.0,COMPOSED,3.505,1.5374410557806764,1.98,5.390000000000001,0.4375,-3.0675,,,-5.36,,,True,1,False
Donte DiVincenzo / Isaiah Evans / Nah'Shon Hyland / Rudy Gobert / Trey Lyles,0.0,COMPOSED,4.595379446370485,1.9543157370292037,2.1253794463704847,6.845379446370485,0.09768972318524227,-4.497689723185243,,,-5.36,,,True,1,False
Donte DiVincenzo / Isaiah Evans / Rudy Gobert / Terrence Shannon Jr. / Trey Lyles,0.0,COMPOSED,2.4403794463704847,1.6910130100031755,0.29537944637048463,4.125379446370485,-0.08731027681475778,-2.527689723185242,,,-5.36,,,True,1,False
Cody Williams / Jaylen Clark / Joan Beringer / Nah'Shon Hyland / Rudy Gobert,0.0,COMPOSED,3.2475,1.9542821572127191,0.0,5.029999999999999,-1.5575,-4.805,0.2983825989960959,0.33084112149532713,-5.36,508.0,79.8,True,1,False
Cody Williams / Jaylen Clark / Joan Beringer / Rudy Gobert / Terrence Shannon Jr.,0.0,COMPOSED,1.0925,1.8577859806769992,-2.0,2.9599999999999995,-1.7425000000000002,-2.835,0.20855614973262032,0.2948717948717949,-5.36,358.0,80.6,True,1,False
Cody Williams / Jaylen Clark / Joan Beringer / Rudy Gobert / Trey Lyles,0.0,COMPOSED,2.9675,1.9531176999863575,0.0,5.249999999999999,-1.345,-4.3125,,,-5.36,,,True,1,False
Cody Williams / Isaiah Evans / Jaylen Clark / Joan Beringer / Rudy Gobert,0.0,COMPOSED,2.1828794463704844,1.920968180371554,-0.7246205536295154,4.445379446370484,-2.0823102768147574,-4.265189723185242,,,-5.36,,,True,1,False
Cody Williams / Joan Beringer / Nah'Shon Hyland / Rudy Gobert / Terrence Shannon Jr.,0.0,COMPOSED,1.2275,1.868921814844056,-2.0,2.4400000000000004,-1.33,-2.5575,0.2941853770869315,0.3424657534246575,-5.36,503.0,80.0,True,1,False
Cody Williams / Joan Beringer / Nah'Shon Hyland / Rudy Gobert / Trey Lyles,0.0,COMPOSED,3.1025,1.8543243378654124,0.0,4.6899999999999995,-0.9325000000000001,-4.035,,,-5.36,,,True,1,False
Cody Williams / Isaiah Evans / Joan Beringer / Nah'Shon Hyland / Rudy Gobert,0.0,COMPOSED,2.3178794463704846,1.8195792782948481,-0.7246205536295154,3.885379446370484,-1.6698102768147578,-3.987689723185243,,,-5.36,,,True,1,False
Cody Williams / Joan Beringer / Rudy Gobert / Terrence Shannon Jr. / Trey Lyles,0.0,COMPOSED,0.9475,1.7535873944574305,-2.0,2.6199999999999997,-1.1175,-2.065,,,-5.36,,,True,1,False
Cody Williams / Isaiah Evans / Joan Beringer / Rudy Gobert / Terrence Shannon Jr.,0.0,COMPOSED,0.16287944637048457,1.7199037036997158,-2.7246205536295154,1.815379446370484,-1.8548102768147579,-2.017689723185242,,,-5.36,,,True,1,False
Cody Williams / Isaiah Evans / Joan Beringer / Rudy Gobert / Trey Lyles,0.0,COMPOSED,2.0378794463704843,1.8096736584257394,-0.7246205536295154,4.105379446370484,-1.4573102768147577,-3.4951897231852422,,,-5.36,,,True,1,False
Cody Williams / Jaylen Clark / Nah'Shon Hyland / Rudy Gobert / Terrence Shannon Jr.,0.0,COMPOSED,-0.9975,1.2247525260231147,-3.0,4.440892098500626e-16,-2.9825,-1.985,0.327438370846731,0.3404255319148936,-5.36,534.0,78.8,True,1,True
Cody Williams / Jaylen Clark / Nah'Shon Hyland / Rudy Gobert / Trey Lyles,0.0,COMPOSED,0.8775000000000002,1.4421750067172847,-1.0,2.2899999999999996,-2.585,-3.4624999999999995,,,-5.36,,,True,1,True
Cody Williams / Isaiah Evans / Jaylen Clark / Nah'Shon Hyland / Rudy Gobert,0.0,COMPOSED,0.09287944637048462,1.4122389139235614,-1.7246205536295154,1.4853794463704841,-3.3223102768147577,-3.415189723185242,,,-5.36,,,True,1,True
Cody Williams / Jaylen Clark / Rudy Gobert / Terrence Shannon Jr. / Trey Lyles,0.0,COMPOSED,-1.2774999999999999,1.2507272884206213,-3.0,0.21999999999999975,-2.77,-1.4925,,,-5.36,,,True,1,True
Cody Williams / Isaiah Evans / Jaylen Clark / Rudy Gobert / Terrence Shannon Jr.,0.0,COMPOSED,-2.0621205536295153,1.2204584179725255,-3.7246205536295154,-0.5846205536295157,-3.5073102768147573,-1.4451897231852422,,,-5.36,,,True,1,True
Cody Williams / Isaiah Evans / Jaylen Clark / Rudy Gobert / Trey Lyles,0.0,COMPOSED,-0.18712055362951563,1.5622319770123767,-1.7346205536295156,1.7053794463704839,-3.1098102768147577,-2.9226897231852424,,,-5.36,,,True,1,False
Cody Williams / Nah'Shon Hyland / Rudy Gobert / Terrence Shannon Jr. / Trey Lyles,0.0,COMPOSED,-1.1425,1.1315117100587162,-3.0,-0.12999999999999967,-2.3575,-1.2149999999999999,,,-5.36,,,True,1,True
Cody Williams / Isaiah Evans / Nah'Shon Hyland / Rudy Gobert / Terrence Shannon Jr.,0.0,COMPOSED,-1.9271205536295155,1.0965485625361058,-3.7246205536295154,-0.9446205536295151,-3.0948102768147576,-1.1676897231852421,,,-5.36,,,True,1,True
Cody Williams / Isaiah Evans / Nah'Shon Hyland / Rudy Gobert / Trey Lyles,0.0,COMPOSED,-0.0521205536295154,1.3175047438244767,-1.7246205536295154,1.3253794463704853,-2.6973102768147577,-2.6451897231852426,,,-5.36,,,True,1,True
Cody Williams / Isaiah Evans / Rudy Gobert / Terrence Shannon Jr. / Trey Lyles,0.0,COMPOSED,-2.2071205536295153,1.1114489416972781,-3.7246205536295154,-0.9246205536295158,-2.8823102768147577,-0.6751897231852423,,,-5.36,,,True,1,True
Jaylen Clark / Joan Beringer / Nah'Shon Hyland / Rudy Gobert / Terrence Shannon Jr.,0.0,COMPOSED,4.612500000000001,2.2117230274155033,1.0,6.6499999999999995,0.52,-4.0925,0.32989690721649484,0.375,-5.36,409.0,79.4,True,1,False
Jaylen Clark / Joan Beringer / Nah'Shon Hyland / Rudy Gobert / Trey Lyles,0.0,COMPOSED,6.4875,2.3831426205747737,3.0,8.94,0.9175,-5.569999999999999,,,-5.36,,,True,1,False
Isaiah Evans / Jaylen Clark / Joan Beringer / Nah'Shon Hyland / Rudy Gobert,0.0,COMPOSED,5.702879446370485,2.350950605606166,2.2753794463704846,8.135379446370484,0.1801897231852423,-5.522689723185243,,,-5.36,,,True,1,False
Jaylen Clark / Joan Beringer / Rudy Gobert / Terrence Shannon Jr. / Trey Lyles,0.0,COMPOSED,4.3325,2.2216139966249764,1.0,6.869999999999999,0.7324999999999999,-3.5999999999999996,,,-5.36,,,True,1,False
Isaiah Evans / Jaylen Clark / Joan Beringer / Rudy Gobert / Terrence Shannon Jr.,0.0,COMPOSED,3.5478794463704846,2.1894791047187456,0.2753794463704846,6.065379446370485,-0.0048102768147577635,-3.5526897231852423,,,-5.36,,,True,1,False
Isaiah Evans / Jaylen Clark / Joan Beringer / Rudy Gobert / Trey Lyles,0.0,COMPOSED,5.4228794463704855,2.4398091626190768,2.2753794463704846,8.355379446370485,0.3926897231852424,-5.030189723185242,,,-5.36,,,True,1,False
Joan Beringer / Nah'Shon Hyland / Rudy Gobert / Terrence Shannon Jr. / Trey Lyles,0.0,COMPOSED,4.467499999999999,2.111508643126994,1.0,6.31,1.145,-3.3225,,,-5.36,,,True,1,False
Isaiah Evans / Joan Beringer / Nah'Shon Hyland / Rudy Gobert / Terrence Shannon Jr.,0.0,COMPOSED,3.682879446370485,2.0769253116084845,0.2753794463704846,5.505379446370484,0.4076897231852423,-3.2751897231852425,,,-5.36,,,True,1,False
Isaiah Evans / Joan Beringer / Nah'Shon Hyland / Rudy Gobert / Trey Lyles,0.0,COMPOSED,5.557879446370485,2.248292407584031,2.2753794463704846,7.795379446370484,0.8051897231852423,-4.7526897231852425,,,-5.36,,,True,1,False
Isaiah Evans / Joan Beringer / Rudy Gobert / Terrence Shannon Jr. / Trey Lyles,0.0,COMPOSED,3.4028794463704846,2.079920371071931,0.2753794463704846,5.725379446370484,0.6201897231852422,-2.782689723185242,,,-5.36,,,True,1,False
Jaylen Clark / Nah'Shon Hyland / Rudy Gobert / Terrence Shannon Jr. / Trey Lyles,0.0,COMPOSED,2.2424999999999997,1.7325901852428922,0.0,3.95,-0.5075000000000001,-2.75,,,-5.36,,,True,1,False
Isaiah Evans / Jaylen Clark / Nah'Shon Hyland / Rudy Gobert / Trey Lyles,0.0,COMPOSED,3.3328794463704847,2.0675151148177853,1.2553794463704846,5.405379446370485,-0.8473102768147577,-4.180189723185243,,,-5.36,,,True,1,False
Isaiah Evans / Jaylen Clark / Rudy Gobert / Terrence Shannon Jr. / Trey Lyles,0.0,COMPOSED,1.1778794463704847,1.8422184316741594,-0.7246205536295154,3.3253794463704844,-1.0323102768147576,-2.210189723185242,,,-5.36,,,True,1,False
Isaiah Evans / Nah'Shon Hyland / Rudy Gobert / Terrence Shannon Jr. / Trey Lyles,0.0,COMPOSED,1.3128794463704843,1.6087475718707394,-0.7246205536295154,3.0053794463704846,-0.6198102768147578,-1.9326897231852422,,,-5.36,,,True,1,False
