season,series,A,B,y,games,wins,a_won,round,hc,net_A,rim_rate_A,fg3a_rate_A,pace_A,opp_tov_rate_A,oreb_rate_A,size_A,top3_A,def_share_A,own3_luck_A,opp3_luck_A,net_B,rim_rate_B,fg3a_rate_B,pace_B,opp_tov_rate_B,oreb_rate_B,size_B,top3_B,def_share_B,own3_luck_B,opp3_luck_B,dnet,d_rim_rate,d_fg3a_rate,d_pace,d_opp_tov_rate,d_oreb_rate,d_size,d_top3,d_def_share,d_own3_luck,d_opp3_luck
2013-14,004130010,IND,ATL,1.0,7,4,1,1,1.0,4.402439024390244,-0.9038988017489409,-0.6682444965126809,-0.6567161398991682,-0.7458900096324144,-0.23856584063417288,1.7032539102747675,-0.4189680463491959,2.464531418358379,-0.11275257731099907,1.2615180872128724,-0.47560975609756095,-0.6627273881870325,1.5208892612418927,-0.2084840559858824,0.3478354813570844,-1.7304574556969672,-1.9688175450460617,-0.17072190104524027,0.14444286115324848,0.22484503788114976,-0.47293492043893204,4.878048780487805,-0.2411714135619084,-2.1891337577545738,-0.44823208391328584,-1.093725490989499,1.4918916150627943,3.672071455320829,-0.2482461453039556,2.3200885572051306,-0.3375976151921488,1.7344530076518043
2013-14,004130011,MIA,CHA,9.75,4,4,1,1,1.0,4.7560975609756095,0.9303172486113375,0.8578167421891725,-2.2397785865524638,2.2088604282732214,-1.8786524423081983,-0.6362978990048133,-0.07818627628563057,-0.9875405179324899,0.25918457831234337,-0.23755945120107944,-0.21951219512195122,-0.1509540365711055,-1.0970843359021631,-0.1126193906402623,-1.1070660953881157,-1.3687467233776338,-0.9077416201437241,0.1904419018429359,1.4133296574540577,-0.43034697820055423,-0.8778486339534098,4.975609756097561,1.081271285182443,1.9549010780913356,-2.1271591959122014,3.315926523661337,-0.5099057189305645,0.2714437211389108,-0.2686281781285665,-2.4008701753865473,0.6895315565128977,0.6402891827523304
2013-14,004130012,TOR,BKN,-1.5714285714285714,7,3,0,1,1.0,3.2439024390243905,-1.322597346698973,0.6902492946041985,-0.8303089122817706,0.6019113211695639,0.6509806490890699,-0.5720834235448525,0.3085546418232499,-0.04516438588219166,0.7087524535196049,-0.05854016310070053,-1.0,-0.8919430221580481,1.1019623843872148,-1.8381833668613639,1.4197464206995356,-1.429626709349361,0.19636199278283256,-1.6724259164788022,-0.3189119667589151,0.544580504222035,-0.698815351156199,4.2439024390243905,-0.430654324540925,-0.41171308978301635,1.0078744545795932,-0.8178350995299717,2.080607358438431,-0.768445416327685,1.980980558302052,0.2737475808767234,0.16417194929756995,0.6402751880554984
2013-14,004130013,CHI,WAS,-4.6,5,1,0,1,1.0,1.853658536585366,0.35811368716783765,-1.00982806289249,-0.970219504948346,0.006643067177969728,0.6581092199254991,0.24311307857319456,0.7106849388798231,2.644404508099693,-0.5702520609253141,0.6985748479382966,1.2682926829268293,-0.5185292415208878,-0.35652276257500226,-0.15407438105998697,1.3612686019211386,-0.1162770223399453,0.7335043442816636,1.1575543424177557,0.5963353675843038,1.1265958602168578,1.0471205048863785,0.5853658536585367,0.8766429286887254,-0.6533053003174878,-0.816145123888359,-1.3546255347431688,0.7743862422654444,-0.490391265708469,-0.4468694035379326,2.0480691405153895,-1.6968479211421719,-0.34854565694808193
2013-14,004130014,SAS,DAL,2.0,7,4,1,1,1.0,7.719512195121951,-0.0006285426017988011,-0.07606925148030717,0.5402967084704224,-0.8786298503384752,-1.0788912492494338,-1.0312070276173115,-1.8971280933397845,-0.0791078625576197,2.0728992727805884,0.5698575864236107,2.402439024390244,-0.8756379265008543,0.3782296936120299,-0.2084840559858824,1.264575924135846,-0.3219965627567946,-2.0588326565325428,0.8719294494499142,-1.7272792083827064,1.365081046674771,0.013866248111796639,5.317073170731708,0.8750093838990555,-0.4542989450923371,0.7487807644563048,-2.143205774474321,-0.7568946864926391,1.0276256289152312,-2.7690575427896986,1.6481713458250868,0.7078182261058175,0.5559913383118141
2013-14,004130015,OKC,MEM,5.428571428571429,7,4,1,1,1.0,6.341463414634147,-0.3070928457619107,0.3103540050914954,0.032473075828780104,0.3588485853991922,0.40302981777788566,1.2266343835558668,0.3218776642766673,-0.2642103630161437,0.12343831215735522,0.0896662241971216,1.5731707317073171,0.3573019184158979,-2.380863702909743,-1.0064926215656096,0.12725580843854398,1.0925730150455406,1.0840386362744714,-1.0224068175656507,0.650921390758949,-0.3057805095387424,0.3438461317704251,4.7682926829268295,-0.6643947641778086,2.6912177080012385,1.0389656973943897,0.2315927769606482,-0.6895431972676549,0.14259574728139546,1.344284481842318,-0.9151317537750927,0.42921882169609765,-0.2541799075733035
2013-14,004130016,LAC,GSW,4.428571428571429,7,4,1,1,1.0,6.975609756097561,-0.3949656038361396,0.8356519008412254,0.27861208144590366,0.2841127783915587,-0.1871129972148848,-0.8380397016264656,-0.4317624018229665,-0.876466034384471,-0.3382332381139499,2.3344317162624995,4.804878048780488,-0.6864437955828485,0.8358366969755526,0.8123450830998754,0.08043796361368886,-0.13867438467000176,0.40516794955595264,-0.23616588570147648,0.7101528510402829,1.1414425628644447,1.3522775621355783,2.1707317073170733,0.2914781917467089,-0.0001847961343272031,-0.5337330016539718,0.2036748147778698,-0.04843861254488305,-1.2432076511824182,-0.19559651612149,-1.586618885424754,-1.4796758009783946,0.9821541541269212
2013-14,004130017,HOU,POR,0.3333333333333333,6,2,0,1,1.0,4.560975609756097,2.0433768573958364,1.8852642047511867,0.542887645371659,-1.1209584671337518,0.7310046758972951,1.139194104766601,0.7489223398601768,-0.9329292479160883,-0.06839138871277094,0.5784147356477908,3.9878048780487805,-1.1128785841306457,0.8226598644240888,1.879811086407825,-2.559858402085459,0.9827181364542049,0.7391067742519646,1.712349052388291,-1.2571399127144403,0.7015230296381633,0.3639312190189897,0.5731707317073167,3.156255441526482,1.062604340327098,-1.336923441036166,1.438899934951707,-0.2517134605569098,0.4000873305146364,-0.9634267125281142,0.3242106647983519,-0.7699144183509342,0.21448351662880105
2013-14,004130020,IND,WAS,2.1666666666666665,6,4,1,2,1.0,4.402439024390244,-0.9038988017489409,-0.6682444965126809,-0.6567161398991682,-0.7458900096324144,-0.23856584063417288,1.7032539102747675,-0.4189680463491959,2.464531418358379,-0.11275257731099907,1.2615180872128724,1.2682926829268293,-0.5185292415208878,-0.35652276257500226,-0.15407438105998697,1.3612686019211386,-0.1162770223399453,0.7335043442816636,1.1575543424177557,0.5963353675843038,1.1265958602168578,1.0471205048863785,3.1341463414634143,-0.38536956022805313,-0.31172173393767866,-0.5026417588391813,-2.1071586115535528,-0.12228881829422758,0.9697495659931039,-1.5765223887669515,1.8681960507740754,-1.2393484375278567,0.21439758232649386
2013-14,004130021,MIA,BKN,5.4,5,4,1,2,1.0,4.7560975609756095,0.9303172486113375,0.8578167421891725,-2.2397785865524638,2.2088604282732214,-1.8786524423081983,-0.6362978990048133,-0.07818627628563057,-0.9875405179324899,0.25918457831234337,-0.23755945120107944,-1.0,-0.8919430221580481,1.1019623843872148,-1.8381833668613639,1.4197464206995356,-1.429626709349361,0.19636199278283256,-1.6724259164788022,-0.3189119667589151,0.544580504222035,-0.698815351156199,5.7560975609756095,1.8222602707693856,-0.24414564219804236,-0.4015952196910999,0.7891140075736858,-0.4490257329588372,-0.8326598917876458,1.5942396401931718,-0.6686285511735748,-0.2853959259096916,0.4612558999551195
2013-14,004130022,SAS,POR,13.4,5,4,1,2,1.0,7.719512195121951,-0.0006285426017988011,-0.07606925148030717,0.5402967084704224,-0.8786298503384752,-1.0788912492494338,-1.0312070276173115,-1.8971280933397845,-0.0791078625576197,2.0728992727805884,0.5698575864236107,3.9878048780487805,-1.1128785841306457,0.8226598644240888,1.879811086407825,-2.559858402085459,0.9827181364542049,0.7391067742519646,1.712349052388291,-1.2571399127144403,0.7015230296381633,0.3639312190189897,3.731707317073171,1.1122500415288468,-0.898729115904396,-1.3395143779374026,1.6812285517469836,-2.0616093857036386,-1.7703138018692761,-3.6094771457280754,1.1780320501568204,1.371376243142425,0.205926367404621
2013-14,004130023,OKC,LAC,0.8333333333333334,6,4,1,2,1.0,6.341463414634147,-0.3070928457619107,0.3103540050914954,0.032473075828780104,0.3588485853991922,0.40302981777788566,1.2266343835558668,0.3218776642766673,-0.2642103630161437,0.12343831215735522,0.0896662241971216,6.975609756097561,-0.3949656038361396,0.8356519008412254,0.27861208144590366,0.2841127783915587,-0.1871129972148848,-0.8380397016264656,-0.4317624018229665,-0.876466034384471,-0.3382332381139499,2.3344317162624995,-0.6341463414634143,0.0878727580742289,-0.5252978957497301,-0.24613900561712354,0.07473580700763349,0.5901428149927704,2.0646740851823324,0.7536400660996339,0.6122556713683274,0.46167155027130513,-2.244765492065378
2013-14,004130030,IND,MIA,-6.5,6,2,0,3,1.0,4.402439024390244,-0.9038988017489409,-0.6682444965126809,-0.6567161398991682,-0.7458900096324144,-0.23856584063417288,1.7032539102747675,-0.4189680463491959,2.464531418358379,-0.11275257731099907,1.2615180872128724,4.7560975609756095,0.9303172486113375,0.8578167421891725,-2.2397785865524638,2.2088604282732214,-1.8786524423081983,-0.6362978990048133,-0.07818627628563057,-0.9875405179324899,0.25918457831234337,-0.23755945120107944,-0.3536585365853657,-1.8342160503602782,-1.5260612387018533,1.5830624466532957,-2.954750437905636,1.6400866016740254,2.339551809279581,-0.3407817700635653,3.452071936290869,-0.37193715562334245,1.4990775384139519
2013-14,004130031,SAS,OKC,10.5,6,4,1,3,1.0,7.719512195121951,-0.0006285426017988011,-0.07606925148030717,0.5402967084704224,-0.8786298503384752,-1.0788912492494338,-1.0312070276173115,-1.8971280933397845,-0.0791078625576197,2.0728992727805884,0.5698575864236107,6.341463414634147,-0.3070928457619107,0.3103540050914954,0.032473075828780104,0.3588485853991922,0.40302981777788566,1.2266343835558668,0.3218776642766673,-0.2642103630161437,0.12343831215735522,0.0896662241971216,1.3780487804878048,0.3064643031601119,-0.3864232565718026,0.5078236326416423,-1.2374784357376674,-1.4819210670273195,-2.257841411173178,-2.219005757616452,0.185102500458524,1.9494609606232332,0.4801913622264891
2013-14,004130040,SAS,MIA,14.0,5,4,1,4,1.0,7.719512195121951,-0.0006285426017988011,-0.07606925148030717,0.5402967084704224,-0.8786298503384752,-1.0788912492494338,-1.0312070276173115,-1.8971280933397845,-0.0791078625576197,2.0728992727805884,0.5698575864236107,4.7560975609756095,0.9303172486113375,0.8578167421891725,-2.2397785865524638,2.2088604282732214,-1.8786524423081983,-0.6362978990048133,-0.07818627628563057,-0.9875405179324899,0.25918457831234337,-0.23755945120107944,2.963414634146342,-0.9309457912131363,-0.9338859936694797,2.780075295022886,-3.0874902786116967,0.7997611930587645,-0.3949091286124983,-1.8189418170541538,0.9084326553748702,1.813714694468245,0.8074170376246902
2014-15,004140010,ATL,BKN,5.5,6,4,1,1,1.0,5.426829268292683,-0.034473345357085294,1.1103552371081717,-0.6196090788303767,1.197188287988266,-2.022123524890401,-0.7662353452955435,-0.06572030978447034,-0.22130432194883998,1.7178886299045053,0.7457616922300242,-2.8780487804878048,-0.6633222366417285,-0.582500988940313,0.04007960824602249,-0.4174824409591611,-0.6814393631449672,0.4162108928454217,0.10338092232167144,-0.19999565691316568,-0.9862178840149011,-0.6727483025714904,8.304878048780488,0.6288488912846433,1.6928562260484847,-0.6596886870763993,1.6146707289474271,-1.340684161745434,-1.1824462381409653,-0.16910123210614178,-0.0213086650356743,2.7041065139194065,1.4185099948015147
2014-15,004140011,CLE,BOS,9.25,4,4,1,1,1.0,4.475609756097561,-0.07737642378732465,1.3829386747907038,-0.3758817313883588,-0.7012067968794077,0.9007005128175731,0.9986812637855624,-0.3820248061017828,-1.4419684405916813,0.9707198510202597,0.566371669468237,0.15853658536585366,-0.40986430792378503,0.2564737857738538,1.4601976193415296,0.3669414360521433,-0.22471554292262738,-1.6533056868776115,-0.44867431173207023,0.5613532704018814,-1.2477192579206622,1.113292470571237,4.317073170731708,0.33248788413646035,1.1264648890168498,-1.8360793507298885,-1.068148232931551,1.1254160557402004,2.651986950663174,0.06664950563028743,-2.003321710993563,2.218439108940922,-0.546920801103
2014-15,004140012,CHI,MIL,12.333333333333334,6,4,1,1,1.0,3.0,0.8405547514476156,0.011296862235425613,0.6542725237999149,-1.753209029722307,0.9818323648665476,0.064221637361352,0.1883969301587562,-0.032721037603326765,0.23970383443660287,1.218714266258987,0.4268292682926829,1.405613073298825,-0.9338002473957702,-0.9803255530445716,2.321679952012473,0.1307685574184883,1.208316190128354,-0.570791736218969,1.5615808065620465,0.7885451095429735,0.6178985908998135,2.573170731707317,-0.5650583218512094,0.9450971096311958,1.6345980768444863,-4.07488898173478,0.8510638074480592,-1.144094552767002,0.7591886663777252,-1.5943018441653731,-0.5488412751063707,0.6008156753591735
2014-15,004140013,TOR,WAS,-14.0,4,0,0,1,1.0,3.073170731707317,-0.9338491240093791,0.7021816476566407,-0.28813988630922804,0.12586160168960026,0.25639895072736546,-0.22202892539454908,-0.7893539743608823,-1.7160901495271133,0.18445382911293276,0.3006232112412635,0.7195121951219512,-0.3507947200967154,-1.3455845573679277,-0.2296453229231434,-0.2588574491177294,-0.12197112980402725,0.7229056065017424,0.4009229555907957,1.058647236826692,0.597494494062736,0.11323342364318167,2.3536585365853657,-0.5830544039126637,2.047766205024568,-0.058494563386084636,0.38471905080732965,0.3783700805313927,-0.9449345318962915,-1.190276929951678,-2.774737386353805,-0.4130406649498033,0.18738978759808184
2014-15,004140014,GSW,NOP,8.0,4,4,1,1,1.0,10.097560975609756,-0.28846301277019615,0.889313608895015,1.6779273830563997,0.8804922803385223,-0.5680714953225594,0.32473824190582606,0.8090154727945199,-0.46737897786991045,2.7245707886481654,1.0748816343885936,0.7926829268292683,2.293860914509053,-0.7292152235981288,-0.3108877720704853,-1.3868075068069134,1.044050300799242,0.9403367937306036,-0.25436980890274397,-1.0288063022830927,1.167958836492721,1.270351768138079,9.304878048780488,-2.582323927279249,1.6185288324931437,1.988815155126885,2.267299787145436,-1.6121217961218015,-0.6155985518247775,1.063385281697264,0.5614273244131822,1.5566119521554445,-0.1954701337494853
2014-15,004140015,HOU,DAL,4.2,5,4,1,1,1.0,3.4390243902439024,0.8330763057178946,2.5905229266166385,0.3585500089035935,1.1371982154609876,0.8777981399911411,-0.5529465010540334,0.07009776655771673,0.3457140129730562,-0.05332735051512616,2.342962333486258,2.902439024390244,-0.11685507422467431,0.5824018846041258,0.8492544017535277,1.1953765207594536,-0.8249934217866668,-0.13231672471822087,0.08228162656817266,-1.2111283535950228,0.13780605324446232,-1.193396828155101,0.5365853658536586,0.9499313799425689,2.0081210420125126,-0.4907043928499342,-0.058178305298465904,1.7027915617778078,-0.42062977633581256,-0.012183860010455932,1.556842366568079,-0.19113340375958848,3.536359161641359
2014-15,004140016,LAC,SAS,-0.42857142857142855,7,4,1,1,1.0,6.585365853658536,-1.7463864771348958,1.134511373904859,-0.4213775029108657,0.09520403858355372,-1.2333500047724189,-0.5092548352822702,1.4363618033238945,-1.6929998137408695,1.4662044400529546,0.10443549293846786,6.195121951219512,-0.43476537106148266,0.031653542032658306,0.03358021231423363,-0.10220151143673194,-0.9476131616580267,-0.5484963044699364,-0.8066725078883037,0.06217134675054722,0.9661808797122439,-0.8364583085289117,0.39024390243902385,-1.311621106073413,1.1028578318722007,-0.4549577152250993,0.19740555002028565,-0.2857368431143922,0.039241469187666134,2.243034311212198,-1.7551711604914166,0.5000235603407107,0.9408938014673796
2014-15,004140017,MEM,POR,6.8,5,4,1,1,1.0,3.2439024390243905,0.5085902864553397,-1.7446370698142977,-0.8373388425452469,0.9060313007744197,-0.25718839282937683,-0.08942885569187452,0.5894778219345626,0.7731904075466542,-0.5323382784775592,-0.08884350366301134,4.2317073170731705,-1.6080614177800474,1.0115133938399803,1.518692182727614,-1.7765989021073687,-0.5040195929876098,0.40318147700709284,0.29636749677891244,-0.21544613151009817,0.6992491588599845,1.017620798889631,-0.98780487804878,2.116651704235387,-2.756150463654278,-2.356031025272861,2.6826302028817883,0.24683120015823296,-0.49261033269896737,0.2931103251556501,0.9886365390567524,-1.2315874373375437,-1.1064643025526424
2014-15,004140020,ATL,WAS,2.8333333333333335,6,4,1,2,1.0,5.426829268292683,-0.034473345357085294,1.1103552371081717,-0.6196090788303767,1.197188287988266,-2.022123524890401,-0.7662353452955435,-0.06572030978447034,-0.22130432194883998,1.7178886299045053,0.7457616922300242,0.7195121951219512,-0.3507947200967154,-1.3455845573679277,-0.2296453229231434,-0.2588574491177294,-0.12197112980402725,0.7229056065017424,0.4009229555907957,1.058647236826692,0.597494494062736,0.11323342364318167,4.7073170731707314,0.3163213747396301,2.4559397944760994,-0.3899637559072333,1.4560457371059954,-1.9001523950863737,-1.4891409517972858,-0.46664326537526607,-1.279951558775532,1.1203941358417693,0.6325282685868425
2014-15,004140021,CLE,CHI,5.5,6,4,1,2,1.0,4.475609756097561,-0.07737642378732465,1.3829386747907038,-0.3758817313883588,-0.7012067968794077,0.9007005128175731,0.9986812637855624,-0.3820248061017828,-1.4419684405916813,0.9707198510202597,0.566371669468237,3.0,0.8405547514476156,0.011296862235425613,0.6542725237999149,-1.753209029722307,0.9818323648665476,0.064221637361352,0.1883969301587562,-0.032721037603326765,0.23970383443660287,1.218714266258987,1.475609756097561,-0.9179311752349403,1.371641812555278,-1.0301542551882736,1.0520022328428995,-0.08113185204897444,0.9344596264242104,-0.570421736260539,-1.4092474029883546,0.7310160165836568,-0.6523425967907499
2014-15,004140022,GSW,MEM,8.0,6,4,1,2,1.0,10.097560975609756,-0.28846301277019615,0.889313608895015,1.6779273830563997,0.8804922803385223,-0.5680714953225594,0.32473824190582606,0.8090154727945199,-0.46737897786991045,2.7245707886481654,1.0748816343885936,3.2439024390243905,0.5085902864553397,-1.7446370698142977,-0.8373388425452469,0.9060313007744197,-0.25718839282937683,-0.08942885569187452,0.5894778219345626,0.7731904075466542,-0.5323382784775592,-0.08884350366301134,6.853658536585366,-0.7970532992255358,2.6339506787093128,2.5152662256016467,-0.025539020435897397,-0.3108831024931826,0.4141670975977006,0.21953765085995736,-1.2405693854165647,3.256909067125725,1.163725138051605
2014-15,004140023,HOU,LAC,-3.142857142857143,7,4,1,2,1.0,3.4390243902439024,0.8330763057178946,2.5905229266166385,0.3585500089035935,1.1371982154609876,0.8777981399911411,-0.5529465010540334,0.07009776655771673,0.3457140129730562,-0.05332735051512616,2.342962333486258,6.585365853658536,-1.7463864771348958,1.134511373904859,-0.4213775029108657,0.09520403858355372,-1.2333500047724189,-0.5092548352822702,1.4363618033238945,-1.6929998137408695,1.4662044400529546,0.10443549293846786,-3.146341463414634,2.5794627828527905,1.4560115527117796,0.7799275118144592,1.041994176877434,2.11114814476356,-0.0436916657717632,-1.3662640367661778,2.0387138267139258,-1.5195317905680807,2.2385268405477903
2014-15,004140030,ATL,CLE,-13.25,4,0,0,3,1.0,5.426829268292683,-0.034473345357085294,1.1103552371081717,-0.6196090788303767,1.197188287988266,-2.022123524890401,-0.7662353452955435,-0.06572030978447034,-0.22130432194883998,1.7178886299045053,0.7457616922300242,4.475609756097561,-0.07737642378732465,1.3829386747907038,-0.3758817313883588,-0.7012067968794077,0.9007005128175731,0.9986812637855624,-0.3820248061017828,-1.4419684405916813,0.9707198510202597,0.566371669468237,0.9512195121951219,0.042903078430239355,-0.272583437682532,-0.24372734744201796,1.8983950848676736,-2.922824037707974,-1.764916609081106,0.31630449631731244,1.2206641186428413,0.7471687788842456,0.17939002276178717
2014-15,004140031,GSW,HOU,8.2,5,4,1,3,1.0,10.097560975609756,-0.28846301277019615,0.889313608895015,1.6779273830563997,0.8804922803385223,-0.5680714953225594,0.32473824190582606,0.8090154727945199,-0.46737897786991045,2.7245707886481654,1.0748816343885936,3.4390243902439024,0.8330763057178946,2.5905229266166385,0.3585500089035935,1.1371982154609876,0.8777981399911411,-0.5529465010540334,0.07009776655771673,0.3457140129730562,-0.05332735051512616,2.342962333486258,6.658536585365853,-1.1215393184880909,-1.7012093177216236,1.319377374152806,-0.2567059351224653,-1.4458696353137004,0.8776847429598595,0.7389177062368032,-0.8130929908429667,2.7778981391632915,-1.2680806990976645
2014-15,004140040,GSW,CLE,7.166666666666667,6,4,1,4,1.0,10.097560975609756,-0.28846301277019615,0.889313608895015,1.6779273830563997,0.8804922803385223,-0.5680714953225594,0.32473824190582606,0.8090154727945199,-0.46737897786991045,2.7245707886481654,1.0748816343885936,4.475609756097561,-0.07737642378732465,1.3829386747907038,-0.3758817313883588,-0.7012067968794077,0.9007005128175731,0.9986812637855624,-0.3820248061017828,-1.4419684405916813,0.9707198510202597,0.566371669468237,5.621951219512195,-0.2110865889828715,-0.4936250658956888,2.0538091144447583,1.58169907721793,-1.4687720081401325,-0.6739430218797364,1.1910402788963026,0.9745894627217708,1.7538509376279057,0.5085099649203566
2015-16,004150010,CLE,DET,8.5,4,4,1,1,1.0,6.0,-0.8648049249967708,1.4029384338271964,-0.7955442454663414,-0.4633163123873679,0.5281252862731776,0.5340828217984536,-0.09950881859565185,-0.8976833710820781,0.5569744484872717,0.4336243943114653,0.6097560975609756,-0.28273662917350406,0.3835569584443192,0.38839121335995785,-0.6282797310667922,1.2958891207439294,0.5172596040457645,1.7209897171954631,0.3947909045081818,-0.4712466388400319,-0.12037097658644119,5.390243902439025,-0.5820682958232667,1.0193814753828772,-1.1839354588262991,0.16496341867942432,-0.7677638344707518,0.016823217752689024,-1.820498535791115,-1.2924742755902598,1.0282210873273037,0.5539953708979065
2015-16,004150011,TOR,IND,-1.4285714285714286,7,4,1,1,1.0,4.5,-0.07059257058626135,0.054663407723245815,-1.5169038283031293,-0.44099801667053135,0.3241580685580569,0.3417313456241519,0.4594824465588452,-0.6755417695473283,0.9741054542344445,-1.4560212948516884,1.7073170731707317,-0.7919543372619088,-0.29016204301600146,0.24929497092954414,0.9085854724122955,-0.17505469904095625,-1.4246153069689633,0.8547491511709734,1.8036459383376928,-0.10008797515700334,1.4544349136527277,2.7926829268292686,0.7213617666756474,0.34482545073924725,-1.7661987992326735,-1.3495834890828269,0.4992127675990131,1.7663466525931153,-0.3952667046121282,-2.4791877078850213,1.074193429391448,-2.9104562085044163
2015-16,004150012,MIA,CHA,8.857142857142858,7,4,1,1,1.0,1.646341463414634,0.2529470813341165,-1.3102706752568407,-0.8375965978290235,-0.9626472712038572,0.0031719476349393472,-0.14986622895407645,-1.244724332527523,0.727484044792772,-0.9311229358424272,0.44647278417999653,2.7195121951219514,-1.041770073765608,1.3135626455884277,0.07461596880763188,-0.6919678035271911,-1.5643246960679593,0.5170300672508641,0.34695929048138024,0.3309429879657256,0.5456463484190777,0.3305522357993892,-1.0731707317073174,1.2947171550997245,-2.6238333208452684,-0.9122125666366554,-0.27067946767666606,1.5674966437028988,-0.6668962962049405,-1.5916836230089033,0.3965410568270464,-1.476769284261505,0.11592054838060734
2015-16,004150013,ATL,BOS,6.666666666666667,6,4,1,1,1.0,3.6097560975609757,0.8413117197019924,1.0621829677082715,0.35927804633963534,0.9818528158882102,-1.9176336386951416,-1.0063421024789676,0.14380550849747614,2.1001576207544166,-0.13405812538250966,1.1229201713770862,3.207317073170732,0.5986596333536656,0.16924369174101495,1.3620649103728386,1.306831904510396,0.5163870174968443,-1.6804826791608558,0.5423433721852748,1.0370731653790273,-1.0316182987444162,1.2596454402058122,0.4024390243902438,0.2426520863483268,0.8929392759672565,-1.0027868640332032,-0.32497908862218583,-2.434020656191986,0.6741405766818882,-0.3985378636877987,1.0630844553753893,0.8975601733619065,-0.13672526882872593
2015-16,004150014,GSW,HOU,18.8,5,4,1,1,1.0,10.75609756097561,0.08960706482551759,1.6002795906712939,2.0025545848198503,-0.48882330666574614,-0.14620227329169241,0.08045787337589959,1.2059187682876138,-1.942534226601161,3.600118800688208,1.580843895775,0.1951219512195122,1.233316086019329,1.7628893965392969,-0.14858497834814616,1.40624738640247,0.7668534577876662,0.4689091696771908,2.643172736029746,-1.1554719035742735,-0.34979629450774546,-0.5534439066268879,10.560975609756097,-1.1437090211938115,-0.162609805868003,2.1511395631679964,-1.8950706930682162,-0.9130557310793587,-0.3884512963012912,-1.437253967742132,-0.7870623230268874,3.949915095195953,2.1342878024018876
2015-16,004150015,SAS,MEM,22.0,4,4,1,1,1.0,10.634146341463415,-1.1187388029633358,-1.2620043981993068,-1.1772502130660765,0.6053026652766345,-0.33022168997272067,-0.2828617754370193,-1.645042573012904,0.9779642303970294,1.3056094572336385,1.6444542820772357,-2.2439024390243905,0.7895162961863389,-1.294632030934173,-1.785391924157185,1.9951181670322653,0.5884181537719324,-0.8641656519844672,-0.8259742766819772,-0.05977868257366801,-1.225026310545636,-0.8435170480845349,12.878048780487806,-1.9082550991496747,0.03262763273486624,0.6081417110911085,-1.3898155017556308,-0.918639843744653,0.5813038765474479,-0.8190682963309267,1.0377429129706974,2.5306357677792746,2.4879713301617707
2015-16,004150016,OKC,DAL,18.2,5,4,1,1,1.0,7.280487804878049,1.0637389742242984,-0.203438420308334,1.3070733726677892,-1.235733248829532,2.9818315165955505,0.4375904256516126,0.4499092415113323,-1.771347600728888,-0.2373184219224732,0.8214871651187862,-0.3048780487804878,-1.7493303589351772,1.1331330847487486,0.0034504494246272383,-0.36644810695784785,-1.3008311529166463,0.36495017905001126,-0.47628379005079624,-0.45011906454480594,-0.4916725672396781,0.808960224686065,7.585365853658536,2.8130693331594756,-1.3365715050570826,1.303622923243162,-0.8692851418716843,4.282662669512197,0.07264024660160134,0.9261930315621285,-1.321228536184082,0.2543541453172049,0.012526940432721179
2015-16,004150017,LAC,POR,1.0,6,2,0,1,1.0,4.280487804878049,-1.474919714448946,0.8152325662822864,-0.5335257422834767,0.6307406646433315,-1.5117170263574824,-1.4807987594865377,-0.355935443119233,0.13697788419508786,0.6423390772405446,1.1431797546878935,0.8292682926829268,-0.39116265000714834,0.9762836731090374,0.3722172316820026,-0.7727524648694654,0.8417195896206948,0.20925318307773727,0.5249966631058288,-1.3634490803209676,0.9827192113952148,-1.2870897320863508,3.451219512195122,-1.0837570644417978,-0.16105110682675106,-0.9057429739654793,1.4034931295127968,-2.353436615978177,-1.690051942564275,-0.8809321062250618,1.5004269645160555,-0.34038013415467017,2.430269486774244
2015-16,004150020,CLE,ATL,12.5,4,4,1,2,1.0,6.0,-0.8648049249967708,1.4029384338271964,-0.7955442454663414,-0.4633163123873679,0.5281252862731776,0.5340828217984536,-0.09950881859565185,-0.8976833710820781,0.5569744484872717,0.4336243943114653,3.6097560975609757,0.8413117197019924,1.0621829677082715,0.35927804633963534,0.9818528158882102,-1.9176336386951416,-1.0063421024789676,0.14380550849747614,2.1001576207544166,-0.13405812538250966,1.1229201713770862,2.3902439024390243,-1.706116644698763,0.34075546611892493,-1.1548222918059767,-1.445169128275578,2.4457589249683194,1.540424924277421,-0.243314327093128,-2.9978409918364948,0.6910325738697813,-0.689295777065621
2015-16,004150021,TOR,MIA,2.5714285714285716,7,4,1,2,1.0,4.5,-0.07059257058626135,0.054663407723245815,-1.5169038283031293,-0.44099801667053135,0.3241580685580569,0.3417313456241519,0.4594824465588452,-0.6755417695473283,0.9741054542344445,-1.4560212948516884,1.646341463414634,0.2529470813341165,-1.3102706752568407,-0.8375965978290235,-0.9626472712038572,0.0031719476349393472,-0.14986622895407645,-1.244724332527523,0.727484044792772,-0.9311229358424272,0.44647278417999653,2.8536585365853657,-0.3235396519203778,1.3649340829800864,-0.6793072304741058,0.5216492545333258,0.32098612092311757,0.4915975745782284,1.7042067790863682,-1.4030258143401002,1.9052283900768718,-1.9024940790316849
2015-16,004150022,GSW,POR,4.4,5,4,1,2,1.0,10.75609756097561,0.08960706482551759,1.6002795906712939,2.0025545848198503,-0.48882330666574614,-0.14620227329169241,0.08045787337589959,1.2059187682876138,-1.942534226601161,3.600118800688208,1.580843895775,0.8292682926829268,-0.39116265000714834,0.9762836731090374,0.3722172316820026,-0.7727524648694654,0.8417195896206948,0.20925318307773727,0.5249966631058288,-1.3634490803209676,0.9827192113952148,-1.2870897320863508,9.926829268292682,0.48076971483266595,0.6239959175622565,1.6303373531378478,0.2839291582037192,-0.9879218629123873,-0.12879530970183767,0.680922105181785,-0.5790851462801934,2.617399589292993,2.8679336278613508
2015-16,004150023,SAS,OKC,0.5,6,2,0,2,1.0,10.634146341463415,-1.1187388029633358,-1.2620043981993068,-1.1772502130660765,0.6053026652766345,-0.33022168997272067,-0.2828617754370193,-1.645042573012904,0.9779642303970294,1.3056094572336385,1.6444542820772357,7.280487804878049,1.0637389742242984,-0.203438420308334,1.3070733726677892,-1.235733248829532,2.9818315165955505,0.4375904256516126,0.4499092415113323,-1.771347600728888,-0.2373184219224732,0.8214871651187862,3.3536585365853666,-2.1824777771876342,-1.0585659778909728,-2.4843235857338657,1.8410359141061665,-3.312053206568271,-0.7204522010886318,-2.094951814524236,2.7493118311259175,1.5429278791561116,0.8229671169584495
2015-16,004150030,CLE,TOR,15.5,6,4,1,3,1.0,6.0,-0.8648049249967708,1.4029384338271964,-0.7955442454663414,-0.4633163123873679,0.5281252862731776,0.5340828217984536,-0.09950881859565185,-0.8976833710820781,0.5569744484872717,0.4336243943114653,4.5,-0.07059257058626135,0.054663407723245815,-1.5169038283031293,-0.44099801667053135,0.3241580685580569,0.3417313456241519,0.4594824465588452,-0.6755417695473283,0.9741054542344445,-1.4560212948516884,1.5,-0.7942123544105094,1.3482750261039507,0.7213595828367879,-0.022318295716836578,0.20396721771512066,0.19235147617430165,-0.558991265154497,-0.22214160153474982,-0.41713100574717277,1.8896456891631537
2015-16,004150031,GSW,OKC,-1.0,7,4,1,3,1.0,10.75609756097561,0.08960706482551759,1.6002795906712939,2.0025545848198503,-0.48882330666574614,-0.14620227329169241,0.08045787337589959,1.2059187682876138,-1.942534226601161,3.600118800688208,1.580843895775,7.280487804878049,1.0637389742242984,-0.203438420308334,1.3070733726677892,-1.235733248829532,2.9818315165955505,0.4375904256516126,0.4499092415113323,-1.771347600728888,-0.2373184219224732,0.8214871651187862,3.475609756097561,-0.9741319093987808,1.8037180109796278,0.695481212152061,0.7469099421637859,-3.128033789887243,-0.357132552275713,0.7560095267762814,-0.17118662587227296,3.837437222610681,0.7593567306562138
2015-16,004150040,GSW,CLE,-0.5714285714285714,7,3,0,4,1.0,10.75609756097561,0.08960706482551759,1.6002795906712939,2.0025545848198503,-0.48882330666574614,-0.14620227329169241,0.08045787337589959,1.2059187682876138,-1.942534226601161,3.600118800688208,1.580843895775,6.0,-0.8648049249967708,1.4029384338271964,-0.7955442454663414,-0.4633163123873679,0.5281252862731776,0.5340828217984536,-0.09950881859565185,-0.8976833710820781,0.5569744484872717,0.4336243943114653,4.7560975609756095,0.9544119898222884,0.19734115684409748,2.7980988302861918,-0.025506994278378214,-0.67432755956487,-0.45362494842255396,1.3054275868832657,-1.044850855519083,3.0431443522009363,1.1472195014635347
2016-17,004160010,BOS,CHI,6.833333333333333,6,4,1,1,1.0,2.6341463414634148,0.01519990909849259,1.6211041592593944,0.012192874220661882,-0.10281069400704514,-0.8286957334169172,-1.290818671987739,0.15309652113877187,-0.43603826649308913,0.12330775460134377,1.9578774020789413,0.4268292682926829,-0.3374856988679884,-1.2664064718932855,0.6440054474733814,-0.6421311901268246,1.4497624956613289,-0.3236467021863317,0.053593386945416696,0.9404863725171821,-0.953287956726252,0.9927803077345692,2.207317073170732,0.352685607966481,2.88751063115268,-0.6318125732527196,0.5393204961197795,-2.278458229078246,-0.9671719698014074,0.09950313419335517,-1.3765246390102712,1.0765957113275957,0.9650970943443722
2016-17,004160011,CLE,IND,4.0,4,4,1,1,1.0,3.182926829268293,-0.6586020009568503,1.753302443475381,0.6634032019153526,-1.6208025545213776,-0.5209117029735856,-0.6543902234156517,-0.41474493239825716,-1.7616179207219145,1.5090486569046166,-0.2861787287597595,-0.21951219512195122,-1.0633784588695272,-0.9371472350601311,-0.46443766349630106,1.0235654729239678,-0.7951168709626055,-1.2010224843111519,0.9127731686726474,-0.011538051182541713,1.0682075439712782,0.1656866430594676,3.4024390243902443,0.4047764579126769,2.6904496785355123,1.1278408654116536,-2.6443680274453456,0.27420516798901995,0.5466322608955002,-1.3275181010709045,-1.7500798695393727,0.4408411129333385,-0.45186537181922715
2016-17,004160012,TOR,MIL,0.6666666666666666,6,4,1,1,1.0,4.2073170731707314,-0.7209095392502243,-0.5868053635901777,-0.7997417045646288,0.9594576215214174,0.6477054905179298,0.1726140588380233,-0.9874472570036235,-0.6049056620438109,0.3412876043520768,0.2361806142097288,-0.18292682926829268,1.930560845113454,-0.5597986047197658,-1.3622765833817414,1.0142406945381413,-0.6856668634640154,2.263102672635925,-0.9306615652289246,-0.24905592507976054,0.7223747925885045,0.34181258920389807,4.390243902439024,-2.6514703843636784,-0.027006758870411818,0.5625348788171126,-0.054783073016723804,1.3333723539819453,-2.090488613797902,-0.05678569177469883,-0.35584973696405037,-0.3810871882364277,-0.10563197499416926
2016-17,004160013,WAS,ATL,1.1666666666666667,6,4,1,1,1.0,1.8048780487804879,0.14953833115601192,-0.673341622777742,0.297616975295354,1.2346401101339708,0.2985877741518001,-0.25022453463859845,-0.16463859952358703,-0.7960358625182047,0.8589629077744183,-0.5149317955455568,-0.8536585365853658,1.005872189617261,-0.1555139656700368,0.18123044864353982,0.954652330588462,0.13036863320784967,-0.1181685050985856,-1.0381983928597724,1.92805889805081,-0.9036353516366672,0.0473159762041696,2.658536585365854,-0.8563338584612492,-0.5178276571077052,0.1163865266518142,0.2799877795455088,0.16821914094395043,-0.13205602954001283,0.8735597933361854,-2.724094760569015,1.7625982594110856,-0.5622477717497264
2016-17,004160014,GSW,POR,18.0,4,4,1,1,1.0,11.634146341463415,0.19560113566983583,0.9008170893610702,1.228709188509887,0.7761310244487939,-0.18175641077830046,0.8010807582523581,0.08983619371327822,-0.5002768016722412,1.4720424579918983,2.609745963952183,-0.524390243902439,0.21875872141175082,0.1186097525674868,0.33364137640186825,-1.0991087630030076,-0.11072965922700695,0.4482392707615449,1.2115808342740424,-0.8848585153763243,1.004686850840089,-0.9815666829105102,12.158536585365855,-0.023157585741914982,0.7822073367935833,0.8950678121080189,1.8752397874518016,-0.07102675155129351,0.35284148749081323,-1.121744640560764,0.3845817137040831,0.46735560715180924,3.5913126468626935
2016-17,004160015,SAS,MEM,8.333333333333334,6,4,1,1,1.0,7.195121951219512,-1.346288686746933,-0.7514914908535765,-0.8440794290034145,0.7120710736942378,0.27551975938216355,0.11850142887142617,-1.0025802961231511,0.7513812776352634,1.8928693683835836,1.0446924249974046,0.4878048780487805,-0.0100744635761306,0.004318597203338641,-1.9081848155343113,1.3085287532252892,0.5721243982145496,-0.32231440176648046,-0.3319961315755442,0.8941117167024037,-0.20004951264812612,0.3003336712927223,6.7073170731707314,-1.3362142231708025,-0.7558100880569151,1.0641053865308967,-0.5964576795310513,-0.2966046388323861,0.44081583063790664,-0.6705841645476069,-0.14273043906714034,2.09291888103171,0.7443587537046823
2016-17,004160016,HOU,OKC,8.6,5,4,1,1,1.0,5.7682926829268295,1.1214355481571243,3.0893692436068747,1.1926847874033728,0.4422064628555538,0.5064379343931804,-1.1062302839010327,1.0146343741461732,-1.5919650972584298,0.0033673590145660427,1.1013810374037902,0.7560975609756098,1.751183870372046,-0.4463606378205519,0.44171457972141737,-0.16668915503794327,1.810175743601361,1.014077402700096,0.0332109688802889,0.6451908837725358,-1.6981387724353065,0.14869822102273045,5.01219512195122,-0.6297483222149216,3.5357298814274265,0.7509702076819554,0.6088956178934971,-1.3037378092081806,-2.120307686601129,0.9814234052658843,-2.2371559810309654,1.7015061314498725,0.9526828163810598
2016-17,004160017,LAC,UTA,-1.1428571428571428,7,3,0,1,1.0,4.2926829268292686,-0.27916146093757566,0.2735124818960172,-0.5226309268222081,-0.6475062584853074,-0.7083100023636981,-1.5754663738340018,-0.4553265931637391,-0.9989621463652643,0.982725484513191,0.6125029605585351,3.9390243902439024,0.3437281381323162,0.2195940296020835,-2.1326445455056744,-1.160165721656216,-0.039439745617854495,1.183193992476589,0.03763756041547815,0.6326761755025085,0.8193362215021739,-0.04080109976192673,0.35365853658536617,-0.6228895990698918,0.05391845229393369,1.6100136186834662,0.5126594631709086,-0.6688702567458437,-2.7586603663105906,-0.49296415357921725,-1.6316383218677728,0.16338926301101708,0.6533040603204618
2016-17,004160020,BOS,WAS,1.0,7,4,1,2,1.0,2.6341463414634148,0.01519990909849259,1.6211041592593944,0.012192874220661882,-0.10281069400704514,-0.8286957334169172,-1.290818671987739,0.15309652113877187,-0.43603826649308913,0.12330775460134377,1.9578774020789413,1.8048780487804879,0.14953833115601192,-0.673341622777742,0.297616975295354,1.2346401101339708,0.2985877741518001,-0.25022453463859845,-0.16463859952358703,-0.7960358625182047,0.8589629077744183,-0.5149317955455568,0.8292682926829269,-0.13433842205751934,2.2944457820371364,-0.2854241010746921,-1.337450804141016,-1.1272835075687173,-1.0405941373491405,0.31773512066235887,0.35999759602511555,-0.7356551531730745,2.472809197624498
2016-17,004160021,CLE,TOR,15.25,4,4,1,2,1.0,3.182926829268293,-0.6586020009568503,1.753302443475381,0.6634032019153526,-1.6208025545213776,-0.5209117029735856,-0.6543902234156517,-0.41474493239825716,-1.7616179207219145,1.5090486569046166,-0.2861787287597595,4.2073170731707314,-0.7209095392502243,-0.5868053635901777,-0.7997417045646288,0.9594576215214174,0.6477054905179298,0.1726140588380233,-0.9874472570036235,-0.6049056620438109,0.3412876043520768,0.2361806142097288,-1.0243902439024386,0.06230753829337399,2.3401078070655585,1.4631449064799815,-2.580260176042795,-1.1686171934915155,-0.827004282253675,0.5727023246053663,-1.1567122586781036,1.16776105255254,-0.5223593429694884
2016-17,004160022,GSW,UTA,15.0,4,4,1,2,1.0,11.634146341463415,0.19560113566983583,0.9008170893610702,1.228709188509887,0.7761310244487939,-0.18175641077830046,0.8010807582523581,0.08983619371327822,-0.5002768016722412,1.4720424579918983,2.609745963952183,3.9390243902439024,0.3437281381323162,0.2195940296020835,-2.1326445455056744,-1.160165721656216,-0.039439745617854495,1.183193992476589,0.03763756041547815,0.6326761755025085,0.8193362215021739,-0.04080109976192673,7.695121951219512,-0.14812700246248034,0.6812230597589867,3.3613537340155615,1.9362967461050098,-0.14231666516044597,-0.38211323422423094,0.05219863329780007,-1.1329529771747497,0.6527062364897244,2.65054706371411
2016-17,004160023,SAS,HOU,5.0,6,4,1,2,1.0,7.195121951219512,-1.346288686746933,-0.7514914908535765,-0.8440794290034145,0.7120710736942378,0.27551975938216355,0.11850142887142617,-1.0025802961231511,0.7513812776352634,1.8928693683835836,1.0446924249974046,5.7682926829268295,1.1214355481571243,3.0893692436068747,1.1926847874033728,0.4422064628555538,0.5064379343931804,-1.1062302839010327,1.0146343741461732,-1.5919650972584298,0.0033673590145660427,1.1013810374037902,1.4268292682926829,-2.4677242349040576,-3.8408607344604513,-2.0367642164067874,0.269864610838684,-0.23091817501101686,1.2247317127724588,-2.0172146702693246,2.3433463748936934,1.8895020093690176,-0.056688612406385674
2016-17,004160030,BOS,CLE,-20.0,5,1,0,3,1.0,2.6341463414634148,0.01519990909849259,1.6211041592593944,0.012192874220661882,-0.10281069400704514,-0.8286957334169172,-1.290818671987739,0.15309652113877187,-0.43603826649308913,0.12330775460134377,1.9578774020789413,3.182926829268293,-0.6586020009568503,1.753302443475381,0.6634032019153526,-1.6208025545213776,-0.5209117029735856,-0.6543902234156517,-0.41474493239825716,-1.7616179207219145,1.5090486569046166,-0.2861787287597595,-0.5487804878048781,0.6738019100553428,-0.13219828421598656,-0.6512103276946908,1.5179918605143323,-0.3077840304433316,-0.6364284485720874,0.5678414535370291,1.3255796542288254,-1.385740902303273,2.244056130838701
2016-17,004160031,GSW,SAS,16.0,4,4,1,3,1.0,11.634146341463415,0.19560113566983583,0.9008170893610702,1.228709188509887,0.7761310244487939,-0.18175641077830046,0.8010807582523581,0.08983619371327822,-0.5002768016722412,1.4720424579918983,2.609745963952183,7.195121951219512,-1.346288686746933,-0.7514914908535765,-0.8440794290034145,0.7120710736942378,0.27551975938216355,0.11850142887142617,-1.0025802961231511,0.7513812776352634,1.8928693683835836,1.0446924249974046,4.439024390243903,1.5418898224167688,1.6523085802146467,2.0727886175133015,0.06405995075455606,-0.457276170160464,0.6825793293809319,1.0924164898364292,-1.2516580793075045,-0.4208269103916853,1.5650535389547786
2016-17,004160040,GSW,CLE,6.8,5,4,1,4,1.0,11.634146341463415,0.19560113566983583,0.9008170893610702,1.228709188509887,0.7761310244487939,-0.18175641077830046,0.8010807582523581,0.08983619371327822,-0.5002768016722412,1.4720424579918983,2.609745963952183,3.182926829268293,-0.6586020009568503,1.753302443475381,0.6634032019153526,-1.6208025545213776,-0.5209117029735856,-0.6543902234156517,-0.41474493239825716,-1.7616179207219145,1.5090486569046166,-0.2861787287597595,8.451219512195122,0.8542031366266861,-0.8524853541143108,0.5653059865945345,2.3969335789701716,0.3391552921952851,1.4554709816680098,0.5045811261115354,1.2613411190496733,-0.03700619891271839,2.895924692711943
2017-18,004170010,TOR,WAS,2.0,6,4,1,1,1.0,7.780487804878049,0.6046735134907161,0.860708718946743,0.24898008344642525,0.13259489038138142,0.3717727266700305,-0.23340992714956668,0.0944977415524305,-0.5936433975609482,-0.3427491048953559,0.4092879371276894,0.5853658536585366,-1.5609152019202315,-0.5874268771522215,-0.6131393190689061,0.8854100784301497,0.5968733606411719,0.4879823060145377,0.6588593236017535,-0.2326858047478045,1.1650907192633047,1.1932284007842373,7.195121951219512,2.1655887154109474,1.4481355960989646,0.8621194025153314,-0.7528151880487683,-0.22510063397114144,-0.7213922331641044,-0.564361582049323,-0.36095759281314366,-1.5078398241586606,-0.7839404636565479
2017-18,004170011,BOS,MIL,0.5714285714285714,7,4,1,1,1.0,3.5853658536585367,-0.7427429927572577,0.4318940942657966,-0.5717575877481678,0.01953969647489877,-0.4291275040015421,-1.1774493059641076,-0.7477544915410788,1.6702962724158075,1.3639966478080134,2.1480560161108464,-0.3048780487804878,1.2359417701160993,-0.8503977711955839,-1.5269858857351502,1.6674699974474145,-0.9863357269415539,1.3530583380433074,1.4374536980287724,-0.7868744133877028,-0.6231009441098513,-1.0119270613817275,3.8902439024390243,-1.978684762873357,1.2822918654613806,0.9552282979869824,-1.6479303009725157,0.5572082229400118,-2.530507644007415,-2.185208189569851,2.4571706858035105,1.9870975919178648,3.1599830774925737
2017-18,004170012,PHI,MIA,10.8,5,4,1,1,1.0,4.5,-0.14733182920736693,0.15776895967296378,0.5834824116223736,-0.22252754418146015,1.5131652209330606,0.6809316603321814,-0.3244409451384583,0.8707369172688373,0.6165734751289554,1.8844196321759887,0.47560975609756095,0.17254293884912614,0.4506681329839014,-0.8407388413329465,0.22951049878948343,-0.4341545177898086,-0.5145640824032525,-0.9073294770222767,1.1730210426381007,-0.1194420261810403,0.16098674746814526,4.024390243902439,-0.31987476805649306,-0.2928991733109376,1.42422125295532,-0.4520380429709436,1.9473197387228693,1.1954957427354338,0.5828885318838184,-0.3022841253692634,0.7360155013099957,1.7234328847078435
2017-18,004170013,CLE,IND,-5.714285714285714,7,4,1,1,1.0,0.9390243902439024,0.14304034382123434,0.9026757813903005,0.25587703866654965,-1.08984247124822,-1.1571972547818572,0.0008796888717195507,-0.21725324183413094,-2.3333646116650377,0.9451000552551518,-0.6214615596091664,1.3780487804878048,0.14282319382564168,-1.1405722670816922,-0.26829155806277516,1.389684567077609,0.19131129435329577,-0.7113166731897311,0.2870486169760453,-0.12227769305627967,0.6300436441259697,1.228602886335432,-0.4390243902439024,0.00021714999559266368,2.043248048471993,0.5241685967293248,-2.4795270383258288,-1.348508549135153,0.7121963620614506,-0.5043018588101762,-2.211086918608758,0.31505641112918215,-1.8500644459445983
2017-18,004170014,HOU,MIN,8.8,5,4,1,1,1.0,8.475609756097562,0.14518475440189213,3.5380979284185985,-0.6579695279997025,0.33100596064370136,-0.5442345667830353,0.0902549306855007,-0.4879891432988876,-1.1004483282199642,0.02686638247998804,1.0435276862580367,2.231707317073171,-0.6980177017285981,-1.6231857753046195,-0.37519436397467504,1.0005184899459214,1.0730177371409628,-0.1719802898701128,2.315040448882981,-2.0473632013466334,-0.4522923689307667,-0.41915200074139897,6.2439024390243905,0.8432024561304903,5.1612837037232175,-0.2827751640250275,-0.66951252930222,-1.617252303923998,0.2622352205556135,-2.803029592181869,0.9469148731266692,0.4791587514107547,1.4626796869994356
2017-18,004170015,GSW,SAS,8.8,5,4,1,1,1.0,5.975609756097561,-0.9003239170100198,0.05044634412017502,0.845566709987036,-0.5536123106561776,-0.6465799160397142,2.09206023434387,0.01454066108026469,-1.247751817371316,2.6318054930514516,0.47287673188347024,2.8902439024390243,-1.0290516131805745,-1.1685808445584172,-0.702799736930499,0.09425763003747069,0.7169609518180818,-1.1033620475159978,-0.8014036554361742,1.31689597528903,-0.8657858559130654,1.2631864548837675,3.0853658536585367,0.12872769617055468,1.2190271886785922,1.548366446917535,-0.6478699406936482,-1.363540867857796,3.1954222818598677,0.8159443165164388,-2.564647792660346,3.497591348964517,-0.7903097230002972
2017-18,004170016,POR,NOP,-9.0,4,0,0,1,1.0,2.597560975609756,0.0867734363298881,-0.2883392664294287,0.20759835212568697,-1.544304659128373,0.48326981308492895,0.901208518949587,1.1060371709198151,0.6105752490241526,0.4013783183483643,-0.25790072592156976,1.3048780487804879,0.7106223456765554,-0.38074245237025595,2.2939273062127796,-0.707409201085662,-1.1724036109780653,-2.5052054510550468,1.8767825998447467,-0.27538417178241753,0.0326816952995034,0.5989171841639079,1.2926829268292683,-0.6238489093466673,0.09240318594082725,-2.086328954087093,-0.8368954580427109,1.6556734240629942,3.4064139700046336,-0.7707454289249316,0.8859594208065702,0.3686966230488609,-0.8568179100854777
2017-18,004170017,OKC,UTA,-4.333333333333333,6,2,0,1,1.0,3.4146341463414633,0.781965552482662,0.16852711761990816,-0.026898125358477874,2.0372496257668944,2.7465499080235536,0.9205715734521679,1.4361320520050658,0.010906020001342814,-0.7194588454653192,-0.5006620721120719,4.304878048780488,0.24369198871327846,0.4211766772865007,-1.7683793184394394,1.140026636493891,-0.41859623687823483,-0.09230587676566024,0.8172705346974577,1.3567977947082843,0.3703366319967583,-0.3235863355239764,-0.8902439024390243,0.5382735637693835,-0.2526495596665925,1.7414811930809615,0.8972229892730035,3.1651461449017884,1.0128774502178282,0.6188615173076081,-1.3458917747069414,-1.0897954774620775,-0.1770757365880955
2017-18,004170020,TOR,CLE,-14.0,4,0,0,2,1.0,7.780487804878049,0.6046735134907161,0.860708718946743,0.24898008344642525,0.13259489038138142,0.3717727266700305,-0.23340992714956668,0.0944977415524305,-0.5936433975609482,-0.3427491048953559,0.4092879371276894,0.9390243902439024,0.14304034382123434,0.9026757813903005,0.25587703866654965,-1.08984247124822,-1.1571972547818572,0.0008796888717195507,-0.21725324183413094,-2.3333646116650377,0.9451000552551518,-0.6214615596091664,6.841463414634147,0.46163316966948176,-0.04196706244355752,-0.006896955220124401,1.2224373616296014,1.5289699814518878,-0.23428961602128623,0.31175098338656143,1.7397212141040894,-1.2878491601505078,1.0307494967368558
2017-18,004170021,BOS,PHI,3.0,5,4,1,2,1.0,3.5853658536585367,-0.7427429927572577,0.4318940942657966,-0.5717575877481678,0.01953969647489877,-0.4291275040015421,-1.1774493059641076,-0.7477544915410788,1.6702962724158075,1.3639966478080134,2.1480560161108464,4.5,-0.14733182920736693,0.15776895967296378,0.5834824116223736,-0.22252754418146015,1.5131652209330606,0.6809316603321814,-0.3244409451384583,0.8707369172688373,0.6165734751289554,1.8844196321759887,-0.9146341463414633,-0.5954111635498909,0.27412513459283283,-1.1552399993705413,0.24206724065635893,-1.9422927249346027,-1.8583809662962891,-0.4233135464026205,0.7995593551469702,0.747423172679058,0.26363638393485767
2017-18,004170022,HOU,UTA,10.0,5,4,1,2,1.0,8.475609756097562,0.14518475440189213,3.5380979284185985,-0.6579695279997025,0.33100596064370136,-0.5442345667830353,0.0902549306855007,-0.4879891432988876,-1.1004483282199642,0.02686638247998804,1.0435276862580367,4.304878048780488,0.24369198871327846,0.4211766772865007,-1.7683793184394394,1.140026636493891,-0.41859623687823483,-0.09230587676566024,0.8172705346974577,1.3567977947082843,0.3703366319967583,-0.3235863355239764,4.170731707317074,-0.09850723431138633,3.116921251132098,1.110409790439737,-0.8090206758501896,-0.12563832990480045,0.18256080745116093,-1.3052596779963452,-2.4572461229282485,-0.3434702495167703,1.367114021782013
2017-18,004170023,GSW,NOP,8.6,5,4,1,2,1.0,5.975609756097561,-0.9003239170100198,0.05044634412017502,0.845566709987036,-0.5536123106561776,-0.6465799160397142,2.09206023434387,0.01454066108026469,-1.247751817371316,2.6318054930514516,0.47287673188347024,1.3048780487804879,0.7106223456765554,-0.38074245237025595,2.2939273062127796,-0.707409201085662,-1.1724036109780653,-2.5052054510550468,1.8767825998447467,-0.27538417178241753,0.0326816952995034,0.5989171841639079,4.670731707317073,-1.6109462626865751,0.43118879649043096,-1.4483605962257435,0.1537968904294844,0.5258236949383511,4.5972656853989164,-1.862241938764482,-0.9723676455888985,2.599123797751948,-0.1260404522804377
2017-18,004170030,BOS,CLE,-0.8571428571428571,7,3,0,3,1.0,3.5853658536585367,-0.7427429927572577,0.4318940942657966,-0.5717575877481678,0.01953969647489877,-0.4291275040015421,-1.1774493059641076,-0.7477544915410788,1.6702962724158075,1.3639966478080134,2.1480560161108464,0.9390243902439024,0.14304034382123434,0.9026757813903005,0.25587703866654965,-1.08984247124822,-1.1571972547818572,0.0008796888717195507,-0.21725324183413094,-2.3333646116650377,0.9451000552551518,-0.6214615596091664,2.6463414634146343,-0.8857833365784921,-0.47078168712450386,-0.8276346264147174,1.1093821677231188,0.7280697507803151,-1.178328994835827,-0.5305012497069478,4.003660884080845,0.4188965925528616,2.7695175757200126
2017-18,004170031,HOU,GSW,-9.0,7,3,0,3,1.0,8.475609756097562,0.14518475440189213,3.5380979284185985,-0.6579695279997025,0.33100596064370136,-0.5442345667830353,0.0902549306855007,-0.4879891432988876,-1.1004483282199642,0.02686638247998804,1.0435276862580367,5.975609756097561,-0.9003239170100198,0.05044634412017502,0.845566709987036,-0.5536123106561776,-0.6465799160397142,2.09206023434387,0.01454066108026469,-1.247751817371316,2.6318054930514516,0.47287673188347024,2.500000000000001,1.045508671411912,3.4876515842984235,-1.5035362379867385,0.8846182712998789,0.10234534925667893,-2.0018053036583696,-0.5025298043791523,0.14730348915135183,-2.6049391105714634,0.5706509543745665
2017-18,004170040,GSW,CLE,15.0,4,4,1,4,1.0,5.975609756097561,-0.9003239170100198,0.05044634412017502,0.845566709987036,-0.5536123106561776,-0.6465799160397142,2.09206023434387,0.01454066108026469,-1.247751817371316,2.6318054930514516,0.47287673188347024,0.9390243902439024,0.14304034382123434,0.9026757813903005,0.25587703866654965,-1.08984247124822,-1.1571972547818572,0.0008796888717195507,-0.21725324183413094,-2.3333646116650377,0.9451000552551518,-0.6214615596091664,5.036585365853659,-1.043364260831254,-0.8522294372701255,0.5896896713204863,0.5362301605920424,0.510617338742143,2.0911805454721506,0.23179390291439564,1.0856127942937217,1.6867054377962998,1.0943382914926367
2018-19,004180010,MIL,DET,23.75,4,4,1,1,1.0,8.865853658536585,1.3884019474787397,1.2751507570866516,1.5913651363220975,-1.0235479596762873,-1.143555210888465,-0.7824317853910535,-1.352541253324222,0.3650697921896017,-0.19267168813557553,-0.5124588284241776,-0.24390243902439024,-0.43490701861436004,0.7456368423001926,-1.3229446101876814,0.4993557507894303,1.0558583205800194,-1.1612501550279455,1.4364855071714175,0.838572483537559,-0.5027336077816582,0.8781878712118879,9.109756097560975,1.8233089660930997,0.529513914786459,2.9143097465097787,-1.5229037104657177,-2.199413531468484,0.37881836963689197,-2.7890267604956396,-0.47350269134795725,0.31006191964608265,-1.3906466996360654
2018-19,004180011,TOR,ORL,14.4,5,4,1,1,1.0,6.085365853658536,-0.2635622070947924,0.4306606860898478,0.08267102317716692,0.5787212753797104,-0.54483874126871,-1.2630173983279536,-0.14487227108417927,0.15102459105667906,0.7210978436415754,0.9116840301176241,0.7073170731707317,-1.375499130537159,0.031334642436408086,-0.4327213757232809,-0.6739251674816208,-0.5115648017694013,0.49909676442289663,1.1975285256909385,1.0621675222892808,0.026170877371051837,0.732309484692995,5.378048780487805,1.1119369234423666,0.3993260436534397,0.5153923989004479,1.252646442861331,-0.03327393949930868,-1.76211416275085,-1.3424007967751177,-0.9111429312326017,0.6949269662705235,0.17937454542462916
2018-19,004180012,PHI,BKN,11.0,5,4,1,1,1.0,2.6951219512195124,-0.11446108286251885,-0.3534010936180684,0.33880542747920545,-1.2730002091019668,0.8984949199825014,2.0695153971246696,0.7133612305049039,-0.5398030102467839,0.2574110151110699,1.1393345290834953,-0.07317073170731707,0.4351608432980933,0.9276365963988661,0.9635234867524698,-0.8401152316724589,0.4694686616713747,-0.07804024978021115,-0.4963958282045937,0.5743804385509217,-0.15700035659159192,1.2304576166950474,2.7682926829268295,-0.5496219261606121,-1.2810376900169345,-0.6247180592732644,-0.4328849774295078,0.42902625831112673,2.147555646904881,1.2097570587094975,-1.1141834487977056,0.41441137170266185,-0.09112308761155208
2018-19,004180013,BOS,IND,7.5,4,4,1,1,1.0,4.439024390243903,-1.3794000151251307,0.46816552756481555,0.045187939620768725,0.93114635077089,-0.685612854621347,-0.6130669369849745,-0.4114690050992724,0.2250950242101574,0.6210809929584961,1.0141855187865172,3.3292682926829267,0.5973199353892733,-1.4128672755251235,-1.3635512840404431,1.6109867528789668,-0.5435284129600593,-0.8117632719958504,-0.5988926545530237,1.3087597011188223,1.2573607576819938,0.077651790847825,1.1097560975609762,-1.976719950514404,1.881032803089939,1.408739223661212,-0.6798404021080767,-0.14208444166128775,0.1986963350108759,0.18742364945375123,-1.0836646769086649,-0.6362797647234978,0.9365337279386922
2018-19,004180014,GSW,LAC,9.833333333333334,6,4,1,1,1.0,6.463414634146342,-1.6810915709945535,0.5213836030179708,0.6292993250412714,-0.6861614961517009,-0.23078078903311047,0.4656279127244721,1.0058540567220802,-1.4615979473299126,1.962274374334888,0.7119019040405853,0.8536585365853658,0.8015991914516389,-1.3412142530251776,0.11703051643719434,-0.928071198676916,-0.4997345059092159,-1.3112813022254222,-2.1936529331215415,-0.941007710756728,2.143227646386595,1.0831488197906445,5.609756097560976,-2.4826907624461922,1.8625978560431484,0.5122688086040771,0.24190970252521515,0.2689537168761055,1.7769092149498942,3.1995069898436217,-0.5205902365731846,-0.18095327205170686,-0.3712469157500592
2018-19,004180015,DEN,SAS,1.8571428571428572,7,4,1,1,1.0,3.951219512195122,-0.2498171958409664,-0.22424762052893765,-0.50768754283607,-0.10192739079874368,2.0116468313246187,0.26794633613670443,-0.29152669428960604,-0.25051712720187974,-0.2832776073103024,1.4368340795126442,1.6829268292682926,-2.7731099529895067,-1.5374991761258325,-0.08912644312298477,-1.501261700962506,-1.0207814221172642,-0.20768341281893546,1.2043746303448624,-1.1540312967882624,2.4399221763813177,-0.35994357931792403,2.2682926829268295,2.5232927571485404,1.3132515555968949,-0.4185610997130852,1.3993343101637623,3.032428253441883,0.4756297489556399,-1.4959013246344683,0.9035141695863826,-2.72319978369162,1.7967776588305682
2018-19,004180016,POR,OKC,5.8,5,4,1,1,1.0,4.195121951219512,0.9666729746119196,-0.4110372048676766,0.56370392881758,-1.4012728507705288,2.016385390236817,1.7429715532679557,-0.3585520839971195,-1.1870637270270488,0.21695571350653742,-0.40874124782238713,3.402439024390244,1.0120550976888383,-0.24093624940701683,1.0853435083107548,2.068751873989338,1.6898357840802705,0.023805120063440724,1.1710554988144921,1.0578609526744798,-0.48819048028515943,-0.07843452506236101,0.7926829268292686,-0.04538212307691869,-0.17010095546065976,-0.5216395794931747,-3.470024724759867,0.3265496061565467,1.719166433204515,-1.5296075828116116,-2.2449246797015285,0.7051461937916969,-0.33030672276002615
2018-19,004180017,HOU,UTA,9.2,5,4,1,1,1.0,4.7682926829268295,-0.8826624178202653,3.3777066122092316,-1.1292820118129707,1.0351260393464834,-0.03128367494803448,-1.6645550404419882,0.9527456800670058,-1.4582482162903878,0.004958461477560442,1.3285237720879761,5.2560975609756095,0.9419621222182031,0.7352800628711516,-0.9231250522527917,-0.09686726846159993,-0.0002086446740199291,-0.12350946814625943,1.1417807606706403,1.1597253243501078,0.03775267181327637,0.021297156690953677,-0.48780487804878003,-1.8246245400384684,2.6424265493380803,-0.206156959560179,1.1319933078080833,-0.031075030274014554,-1.5410455722957288,-0.1890350806036345,-2.6179735406404956,-0.03279421033571593,1.3072266153970225
2018-19,004180020,MIL,BOS,8.6,5,4,1,2,1.0,8.865853658536585,1.3884019474787397,1.2751507570866516,1.5913651363220975,-1.0235479596762873,-1.143555210888465,-0.7824317853910535,-1.352541253324222,0.3650697921896017,-0.19267168813557553,-0.5124588284241776,4.439024390243903,-1.3794000151251307,0.46816552756481555,0.045187939620768725,0.93114635077089,-0.685612854621347,-0.6130669369849745,-0.4114690050992724,0.2250950242101574,0.6210809929584961,1.0141855187865172,4.426829268292682,2.7678019626038703,0.806985229521836,1.5461771967013287,-1.9546943104471772,-0.457942356267118,-0.16936484840607902,-0.9410722482249496,0.13997476797944433,-0.8137526810940716,-1.5266443472106948
2018-19,004180021,TOR,PHI,2.7142857142857144,7,4,1,2,1.0,6.085365853658536,-0.2635622070947924,0.4306606860898478,0.08267102317716692,0.5787212753797104,-0.54483874126871,-1.2630173983279536,-0.14487227108417927,0.15102459105667906,0.7210978436415754,0.9116840301176241,2.6951219512195124,-0.11446108286251885,-0.3534010936180684,0.33880542747920545,-1.2730002091019668,0.8984949199825014,2.0695153971246696,0.7133612305049039,-0.5398030102467839,0.2574110151110699,1.1393345290834953,3.390243902439024,-0.14910112423227354,0.7840617797079161,-0.25613440430203854,1.8517214844816772,-1.4433336612512115,-3.3325327954526234,-0.8582335015890832,0.690827601303463,0.46368682853050547,-0.2276504989658712
2018-19,004180022,GSW,HOU,1.8333333333333333,6,4,1,2,1.0,6.463414634146342,-1.6810915709945535,0.5213836030179708,0.6292993250412714,-0.6861614961517009,-0.23078078903311047,0.4656279127244721,1.0058540567220802,-1.4615979473299126,1.962274374334888,0.7119019040405853,4.7682926829268295,-0.8826624178202653,3.3777066122092316,-1.1292820118129707,1.0351260393464834,-0.03128367494803448,-1.6645550404419882,0.9527456800670058,-1.4582482162903878,0.004958461477560442,1.3285237720879761,1.6951219512195124,-0.7984291531742882,-2.856323009191261,1.7585813368542422,-1.7212875354981843,-0.19949711408507598,2.1301829531664604,0.053108376655074396,-0.0033497310395247393,1.9573159128573276,-0.6166218680473908
2018-19,004180023,DEN,POR,1.8571428571428572,7,3,0,2,1.0,3.951219512195122,-0.2498171958409664,-0.22424762052893765,-0.50768754283607,-0.10192739079874368,2.0116468313246187,0.26794633613670443,-0.29152669428960604,-0.25051712720187974,-0.2832776073103024,1.4368340795126442,4.195121951219512,0.9666729746119196,-0.4110372048676766,0.56370392881758,-1.4012728507705288,2.016385390236817,1.7429715532679557,-0.3585520839971195,-1.1870637270270488,0.21695571350653742,-0.40874124782238713,-0.24390243902439046,-1.2164901704528859,0.18678958433873893,-1.0713914716536501,1.299345459971785,-0.004738558912198432,-1.4750252171312512,0.06702538970751348,0.936546599825169,-0.5002333208168398,1.8455753273350313
2018-19,004180030,MIL,TOR,-1.0,6,2,0,3,1.0,8.865853658536585,1.3884019474787397,1.2751507570866516,1.5913651363220975,-1.0235479596762873,-1.143555210888465,-0.7824317853910535,-1.352541253324222,0.3650697921896017,-0.19267168813557553,-0.5124588284241776,6.085365853658536,-0.2635622070947924,0.4306606860898478,0.08267102317716692,0.5787212753797104,-0.54483874126871,-1.2630173983279536,-0.14487227108417927,0.15102459105667906,0.7210978436415754,0.9116840301176241,2.7804878048780486,1.6519641545735322,0.8444900709968037,1.5086941131449305,-1.6022692350559977,-0.598716469619755,0.48058561293690005,-1.2076689822400428,0.21404520113292266,-0.9137695317771509,-1.4241428585418017
2018-19,004180031,GSW,POR,9.5,4,4,1,3,1.0,6.463414634146342,-1.6810915709945535,0.5213836030179708,0.6292993250412714,-0.6861614961517009,-0.23078078903311047,0.4656279127244721,1.0058540567220802,-1.4615979473299126,1.962274374334888,0.7119019040405853,4.195121951219512,0.9666729746119196,-0.4110372048676766,0.56370392881758,-1.4012728507705288,2.016385390236817,1.7429715532679557,-0.3585520839971195,-1.1870637270270488,0.21695571350653742,-0.40874124782238713,2.2682926829268295,-2.6477645456064733,0.9324208078856474,0.06559539622369137,0.7151113546188279,-2.247166179269928,-1.2773436405434837,1.3644061407191996,-0.2745342203028638,1.7453186608283506,1.1206431518629725
2018-19,004180040,TOR,GSW,5.666666666666667,6,4,1,4,1.0,6.085365853658536,-0.2635622070947924,0.4306606860898478,0.08267102317716692,0.5787212753797104,-0.54483874126871,-1.2630173983279536,-0.14487227108417927,0.15102459105667906,0.7210978436415754,0.9116840301176241,6.463414634146342,-1.6810915709945535,0.5213836030179708,0.6292993250412714,-0.6861614961517009,-0.23078078903311047,0.4656279127244721,1.0058540567220802,-1.4615979473299126,1.962274374334888,0.7119019040405853,-0.37804878048780566,1.417529363899761,-0.09072291692812301,-0.5466283018641045,1.2648827715314113,-0.3140579522355995,-1.7286453110524258,-1.1507263278062594,1.6126225383865915,-1.2411765306933127,0.19978212607703882
2019-20,004190010,MIL,ORL,9.2,5,4,1,1,0.0,10.082191780821917,-0.19036485614595725,1.0675036513526144,1.9282788144495702,-0.7909798817479958,-1.1517694521201294,1.0942792459830024,-1.5540569577805572,1.6134250831147263,-0.22351342049519152,0.22875322090032488,-1.0136986301369864,-0.9369079637139063,-0.4826797458216823,-0.5525604492841651,0.20102773333847604,-0.1117961949546146,0.7512894098195112,-0.8411293490996122,0.9506687008520143,-1.0704652145323554,-0.4394767967172994,11.095890410958903,0.7465431075679491,1.5501833971742967,2.4808392637337353,-0.9920076150864718,-1.0399732571655147,0.3429898361634912,-0.712927608680945,0.662756382262712,0.8469517940371639,0.6682300176176242
2019-20,004190011,TOR,BKN,20.5,4,4,1,1,0.0,6.236111111111111,1.2526810133986919,0.8925507708175154,-0.35362522530551316,1.465830506877133,-0.7493556019117541,-0.48125654763516085,0.08451100410257091,1.6386166147415318,1.1496564009730337,1.619803405827232,-0.5694444444444444,1.4260197991304784,0.9401744967046823,1.4570953855086881,-1.4983147557842549,0.4363055099865324,1.0199122705312562,-0.4574573079565293,0.9783964007075974,-1.0805845234209905,0.6233523311671165,6.805555555555555,-0.17333878573178652,-0.0476237258871669,-1.8107206108142013,2.964145262661388,-1.1856611118982865,-1.5011688181664171,0.5419683120591002,0.6602202140339344,2.230240924394024,0.9964510746601154
2019-20,004190012,BOS,PHI,11.75,4,4,1,1,0.0,6.305555555555555,0.07585343742419395,0.04514465294253435,-0.2587084190934776,0.5975234236654569,0.8898415525163096,-1.7240053573189953,-0.15959046267939617,0.3723520546026592,0.44752032048091434,1.4041173537443945,2.3835616438356166,-0.6197965396596332,-0.5902026427229073,-0.9810363163150951,-0.1949374372332243,0.9388038972618218,1.2002316355950071,-0.700567566523752,0.2322674771120934,0.7129650716374968,0.37547305575994,3.9219939117199387,0.6956499770838271,0.6353472956654417,0.7223278972216176,0.7924608608986812,-0.0489623447455122,-2.924236992914002,0.5409771038443558,0.1400845774905658,-0.26544475115658245,1.0286442979844546
2019-20,004190013,IND,MIA,-10.5,4,0,0,1,0.0,1.9589041095890412,0.4618737845171619,-1.624926784935945,-0.17449350778627737,0.08474395607049211,-1.5876432616190193,0.10216083333077501,-0.1550614028868417,0.9853898512019517,0.39387705758237657,1.321751458063507,2.9452054794520546,-1.0229532928401,0.864695051918501,-1.7227676491585633,-0.15265511588201977,-1.3785007710671056,0.7955181473677124,-0.5022621169330704,-0.33357282129453464,1.5265117014296554,0.8399896545088643,-0.9863013698630134,1.4848270773572618,-2.489621836854446,1.548274141372286,0.23739907195251186,-0.2091424905519137,-0.6933573140369375,0.34720071404622876,1.3189626724964862,-1.132634643847279,0.4817618035546427
2019-20,004190014,LAL,POR,10.6,5,4,1,1,0.0,5.788732394366197,1.4771688723194754,-0.6358388756871837,-0.5674194182793171,1.0224835096836458,1.2891092772498263,0.8795524063815697,-0.13082315243068676,0.8741610274732294,-0.6400288128019028,0.7449839945305706,-1.1486486486486487,-0.6944654396496174,-0.23559997724646994,1.3779651582924188,-1.323903967111104,-0.07186497888132488,0.40213122710662963,2.1044767393218144,-2.169707543299883,1.3939394552711046,-1.8820602598503717,6.937381043014845,2.171634311969093,-0.4002388984407137,-1.945384576571736,2.3463874767947495,1.360974256131151,0.4774211792749401,-2.235299891752501,3.0438685707731126,-2.0339682680730076,2.6270442543809422
2019-20,004190015,LAC,DAL,9.666666666666666,6,4,1,1,0.0,6.444444444444445,-0.3703305431388666,-0.21212004873575305,0.4823727986389437,-0.462822549286174,0.6783809291992907,-0.16860750458259294,-0.8988739500753228,-0.09213973941766951,0.9861652408201814,0.9903753715217087,4.946666666666666,-1.696082034210753,1.7756854664189892,1.1226961759309069,-1.8856621552950357,0.43167561175524494,1.1569163257892732,-1.0497877236292594,-2.26168733104957,0.6745447773116691,0.5216570027273207,1.4977777777777783,1.3257514910718864,-1.9878055151547422,-0.6403233772919632,1.4228396060088617,0.24670531744404578,-1.3255238303718662,0.15091377355393665,2.1695475916319005,0.31162046350851236,0.468718368794388
2019-20,004190016,DEN,UTA,-3.4285714285714284,7,4,1,1,0.0,2.1095890410958904,-0.08276118221990347,-0.9586367415068935,-0.5957680997410648,0.03653275753400271,1.51354708957092,1.5511788391544437,-0.4235352386095209,-0.8328880143640222,0.0626443174566726,0.03149321901281684,2.4722222222222223,-0.708069198538569,0.728482610469421,-0.8756676594717053,-1.4354507198807842,-0.5843477331049747,-0.9158374342825585,1.1032858706138589,-0.4007454970903202,1.5778194423489682,0.366661549123081,-0.3626331811263319,0.6253080163186655,-1.6871193519763144,0.2798995597306405,1.4719834774147869,2.0978948226758947,2.467016273437002,-1.5268211092233797,-0.43214251727370195,-1.5151751248922956,-0.3351683301102642
2019-20,004190017,HOU,OKC,6.428571428571429,7,4,1,1,0.0,2.9583333333333335,0.4709703225478805,2.8368669595826064,1.146790442123193,0.6805832597442937,-0.9314734781210559,-2.3110812763339017,0.8336093470013615,-0.5075820319397504,-0.8923740818952511,0.7125586519712804,1.9861111111111112,-0.7951174813252936,-0.7563889241332888,-0.6456769367271595,-0.3139540461530126,-2.000343057350995,-0.3552419897616068,0.7452514857264615,0.45134651290171895,-0.21646793144404664,1.402706597015049,0.9722222222222223,1.266087803873174,3.593255883715895,1.7924673788503525,0.9945373058973063,1.0688695792299392,-1.9558392865722949,0.08835786127489997,-0.9589285448414693,-0.6759061504512045,-0.6901479450437685
2019-20,004190020,MIL,MIA,-6.8,5,1,0,2,0.0,10.082191780821917,-0.19036485614595725,1.0675036513526144,1.9282788144495702,-0.7909798817479958,-1.1517694521201294,1.0942792459830024,-1.5540569577805572,1.6134250831147263,-0.22351342049519152,0.22875322090032488,2.9452054794520546,-1.0229532928401,0.864695051918501,-1.7227676491585633,-0.15265511588201977,-1.3785007710671056,0.7955181473677124,-0.5022621169330704,-0.33357282129453464,1.5265117014296554,0.8399896545088643,7.136986301369863,0.8325884366941427,0.20280859943411333,3.6510464636081332,-0.6383247658659761,0.22673131894697618,0.29876109861529,-1.0517948408474869,1.946997904409261,-1.750025121924847,-0.6112364336085394
2019-20,004190021,TOR,BOS,-5.285714285714286,7,3,0,2,0.0,6.236111111111111,1.2526810133986919,0.8925507708175154,-0.35362522530551316,1.465830506877133,-0.7493556019117541,-0.48125654763516085,0.08451100410257091,1.6386166147415318,1.1496564009730337,1.619803405827232,6.305555555555555,0.07585343742419395,0.04514465294253435,-0.2587084190934776,0.5975234236654569,0.8898415525163096,-1.7240053573189953,-0.15959046267939617,0.3723520546026592,0.44752032048091434,1.4041173537443945,-0.06944444444444464,1.176827575974498,0.8474061178749811,-0.09491680621203558,0.868307083211676,-1.6391971544280637,1.2427488096838344,0.2441014667819671,1.2662645601388727,0.7021360804921193,0.21568605208283742
2019-20,004190022,LAL,HOU,7.2,5,4,1,2,0.0,5.788732394366197,1.4771688723194754,-0.6358388756871837,-0.5674194182793171,1.0224835096836458,1.2891092772498263,0.8795524063815697,-0.13082315243068676,0.8741610274732294,-0.6400288128019028,0.7449839945305706,2.9583333333333335,0.4709703225478805,2.8368669595826064,1.146790442123193,0.6805832597442937,-0.9314734781210559,-2.3110812763339017,0.8336093470013615,-0.5075820319397504,-0.8923740818952511,0.7125586519712804,2.8303990610328635,1.0061985497715948,-3.47270583526979,-1.71420986040251,0.3419002499393521,2.220582755370882,3.1906336827154713,-0.9644324994320482,1.3817430594129798,0.2523452690933483,0.03242534255929019
2019-20,004190023,LAC,DEN,-0.42857142857142855,7,3,0,2,0.0,6.444444444444445,-0.3703305431388666,-0.21212004873575305,0.4823727986389437,-0.462822549286174,0.6783809291992907,-0.16860750458259294,-0.8988739500753228,-0.09213973941766951,0.9861652408201814,0.9903753715217087,2.1095890410958904,-0.08276118221990347,-0.9586367415068935,-0.5957680997410648,0.03653275753400271,1.51354708957092,1.5511788391544437,-0.4235352386095209,-0.8328880143640222,0.0626443174566726,0.03149321901281684,4.334855403348554,-0.2875693609189631,0.7465166927711404,1.0781408983800085,-0.4993553068201767,-0.8351661603716293,-1.7197863437370366,-0.47533871146580187,0.7407482749463526,0.9235209233635089,0.9588821525088919
2019-20,004190030,BOS,MIA,0.16666666666666666,6,2,0,3,0.0,6.305555555555555,0.07585343742419395,0.04514465294253435,-0.2587084190934776,0.5975234236654569,0.8898415525163096,-1.7240053573189953,-0.15959046267939617,0.3723520546026592,0.44752032048091434,1.4041173537443945,2.9452054794520546,-1.0229532928401,0.864695051918501,-1.7227676491585633,-0.15265511588201977,-1.3785007710671056,0.7955181473677124,-0.5022621169330704,-0.33357282129453464,1.5265117014296554,0.8399896545088643,3.360350076103501,1.0988067302642939,-0.8195503989759667,1.4640592300650856,0.7501785395474766,2.2683423235834153,-2.519523504686708,0.3426716542536743,0.7059248758971939,-1.078991380948741,0.5641276992355302
2019-20,004190031,LAL,DEN,4.4,5,4,1,3,0.0,5.788732394366197,1.4771688723194754,-0.6358388756871837,-0.5674194182793171,1.0224835096836458,1.2891092772498263,0.8795524063815697,-0.13082315243068676,0.8741610274732294,-0.6400288128019028,0.7449839945305706,2.1095890410958904,-0.08276118221990347,-0.9586367415068935,-0.5957680997410648,0.03653275753400271,1.51354708957092,1.5511788391544437,-0.4235352386095209,-0.8328880143640222,0.0626443174566726,0.03149321901281684,3.6791433532703066,1.5599300545393788,0.3227978658197098,0.028348681461747738,0.985950752149643,-0.22443781232109372,-0.6716264327728739,0.29271208617883415,1.7070490418372515,-0.7026731302585754,0.7134907755177538
2019-20,004190040,LAL,MIA,5.5,6,4,1,4,0.0,5.788732394366197,1.4771688723194754,-0.6358388756871837,-0.5674194182793171,1.0224835096836458,1.2891092772498263,0.8795524063815697,-0.13082315243068676,0.8741610274732294,-0.6400288128019028,0.7449839945305706,2.9452054794520546,-1.0229532928401,0.864695051918501,-1.7227676491585633,-0.15265511588201977,-1.3785007710671056,0.7955181473677124,-0.5022621169330704,-0.33357282129453464,1.5265117014296554,0.8399896545088643,2.8435269149141424,2.500122165159575,-1.5005339276056846,1.1553482308792462,1.1751386255656655,2.6676100483169316,0.0840342590138573,0.3714389645023837,1.207733848767764,-2.166540514231558,-0.09500565997829369
2020-21,004200010,PHI,WAS,14.0,5,4,1,1,1.0,5.583333333333333,-0.3888829422484744,-1.072516054382517,-0.8364046718058897,1.5394433641342373,0.5624605920235715,0.5245776589149515,-1.1683158570088714,0.9265203709897555,0.43841464069816205,0.47576682810012244,-1.8333333333333333,-0.9387121285711354,-1.7297365466539139,1.5815089261528632,0.23636318449738974,-0.5119700933019766,1.0874945575235297,0.6521562813572161,0.08379876324222305,-0.8209470670173492,-0.24826236631414136,7.416666666666666,0.549829186322661,0.6572204922713969,-2.417913597958753,1.3030801796368476,1.074430685325548,-0.5629168986085783,-1.8204721383660876,0.8427216077475325,1.2593617077155113,0.7240291944142638
2020-21,004200011,BKN,BOS,11.2,5,4,1,1,1.0,4.5,0.20139178234119132,0.5101127757260353,0.5021522960240744,-1.2636098346551126,-0.42939622199659644,0.33201082753568034,-0.7712321086960217,-1.762581107942384,1.452603214360021,0.12557813898657666,1.4583333333333333,-0.8711196141302694,0.4053050964294594,-0.5423863782941084,0.49553572792048806,1.1661750025806048,0.6181399072167505,0.19608543091642736,-0.31530588327804776,0.4408700804011285,-0.6107754566293375,3.041666666666667,1.0725113964714608,0.10480767929657592,1.0445386743181828,-1.7591455625756005,-1.5955712245772014,-0.28612907968107015,-0.967317539612449,-1.4472752246643363,1.0117331339588924,0.7363535956159142
2020-21,004200012,MIL,MIA,20.5,4,4,1,1,1.0,5.888888888888889,-0.25884940611228063,0.28165852002504105,2.1888888219601075,-1.028027396680059,0.6263971378528348,0.33295816887687457,-0.5164851285017007,-1.0004032319448555,1.2653368298044727,-1.4392158430347357,0.027777777777777776,-0.15111765376140665,0.9562997741916948,-2.1904362866627944,1.360280700700669,-1.5386325817434021,-0.1436332006872785,0.3044178189007401,0.5183461857150746,-0.4581745541512375,0.11174656479313716,5.861111111111112,-0.10773175235087398,-0.6746412541666538,4.379325108622902,-2.388308097380728,2.165029719596237,0.47659136956415304,-0.8209029474024407,-1.51874941765993,1.7235113839557101,-1.550962407827873
2020-21,004200013,NYK,ATL,-7.0,5,1,0,1,1.0,2.3055555555555554,-0.12076809659457768,-1.0531237488437364,-1.1536349358580777,-0.6017849977632262,-0.1482762745762163,0.5176463655564246,2.2213671197212417,1.4403067169464376,1.4128168630530784,2.3495575530605572,2.3194444444444446,-0.19162184200910545,-0.22461784545561572,-0.12843957032356845,-1.2698567605057967,1.2284154495134776,-0.24958485305727693,-0.19645660489455896,-0.94185255428055,0.3668330132164638,1.3994515960727232,-0.013888888888889284,0.07085374541452777,-0.8285059033881207,-1.0251953655345094,0.6680717627425704,-1.3766917240896939,0.7672312186137016,2.4178237246158005,2.3821592712269877,1.0459838498366145,0.9501059569878341
2020-21,004200014,UTA,MEM,8.4,5,4,1,1,1.0,9.25,-1.3150041922909281,2.2858439402110275,0.7458779866983171,-2.114054836208328,1.2520183742454363,-0.5035316324729894,1.1029705670060164,-0.2513487744800589,1.268142845238855,1.9809280792095219,1.0277777777777777,-0.3358350595797424,-1.189722051183646,1.0166843096696996,0.7182333050467457,1.1067994153840683,-1.023642344511376,-0.005007478962960326,0.38417681987225255,-0.5690455462124876,-0.01770344150048807,8.222222222222221,-0.9791691327111858,3.4755659913946735,-0.2708063229713825,-2.8322881412550736,0.14521895886136793,0.5201107120383867,1.1079780459689768,-0.6355255943523115,1.8371883914513427,1.9986315207100098
2020-21,004200015,PHX,LAL,6.5,6,4,1,1,1.0,5.819444444444445,-1.6703649233843993,-0.004864923946800256,-0.4920937754565619,0.02263933355598234,-0.7793295630358458,-1.9202493546331174,1.3829831310289944,-0.9835088041738073,0.6370904538985847,0.9532261246903878,2.7916666666666665,1.0208225273916793,-0.6907893397859216,-1.2155335239658236,1.3182347679418802,0.1750506077827349,1.2912556972250027,-1.2474938195324348,1.8052029857614822,-0.6534711070497705,1.1086664328529041,3.027777777777778,-2.691187450776079,0.6859244158391213,0.7234397485092616,-1.295595434385898,-0.9543801708185806,-3.2115050518581203,2.6304769505614294,-2.7887117899352893,1.2905615609483552,-0.1554403081625163
2020-21,004200016,DEN,POR,1.3333333333333333,6,4,1,1,1.0,4.930555555555555,-0.5312370795656414,-0.20218308260820433,-0.62362827518552,0.560783997641905,1.3680405850519082,0.7359008697935311,-0.3587789344172507,-1.0799643036315079,0.5827020986140945,0.2340503015238596,1.7916666666666667,-0.5601128177472917,1.3334363530314475,0.6994540456175116,-1.1122103826064222,0.4680966778704966,-1.2187138212383033,2.2681777041373934,-2.0924304249685757,1.0589638297529587,-0.45585658550217373,3.1388888888888884,0.028875738181650346,-1.5356194356396518,-1.3230823208030316,1.6729943802483271,0.8999439071814116,1.9546146910318343,-2.626956638554644,1.0124661213370678,-0.47626173113886416,0.6899068870260333
2020-21,004200017,LAC,DAL,5.142857142857143,7,4,1,1,1.0,6.180555555555555,-1.184360690582617,0.19656626764629154,-1.0337064213993268,-0.5477812496558043,0.28536606604786746,0.9732085617083751,-1.18425233305377,-1.0211028469377397,2.48985814063351,0.8383552297197843,2.263888888888889,-1.156817583776118,1.0561383699025932,-0.6816582015365328,-0.8069788508317421,-0.6176994444973485,1.6161130348586548,0.25647263659680647,-0.8732859023740156,-0.2041861305107909,0.1401618372974642,3.9166666666666665,-0.02754310680649885,-0.8595721022563017,-0.352048219862794,0.2591976011759378,0.9030655105452159,-0.6429044731502797,-1.4407249696505764,-0.14781694456372407,2.694044271144301,0.69819339242232
2020-21,004200020,PHI,ATL,2.857142857142857,7,3,0,2,1.0,5.583333333333333,-0.3888829422484744,-1.072516054382517,-0.8364046718058897,1.5394433641342373,0.5624605920235715,0.5245776589149515,-1.1683158570088714,0.9265203709897555,0.43841464069816205,0.47576682810012244,2.3194444444444446,-0.19162184200910545,-0.22461784545561572,-0.12843957032356845,-1.2698567605057967,1.2284154495134776,-0.24958485305727693,-0.19645660489455896,-0.94185255428055,0.3668330132164638,1.3994515960727232,3.2638888888888884,-0.19726110023936896,-0.8478982089269013,-0.7079651014823213,2.8093001246400338,-0.6659548574899061,0.7741625119722284,-0.9718592521143125,1.8683729252703056,0.07158162748169827,-0.9236847679726008
2020-21,004200021,BKN,MIL,2.857142857142857,7,3,0,2,1.0,4.5,0.20139178234119132,0.5101127757260353,0.5021522960240744,-1.2636098346551126,-0.42939622199659644,0.33201082753568034,-0.7712321086960217,-1.762581107942384,1.452603214360021,0.12557813898657666,5.888888888888889,-0.25884940611228063,0.28165852002504105,2.1888888219601075,-1.028027396680059,0.6263971378528348,0.33295816887687457,-0.5164851285017007,-1.0004032319448555,1.2653368298044727,-1.4392158430347357,-1.3888888888888893,0.46024118845347195,0.22845425570099426,-1.6867365259360332,-0.23558243797505352,-1.0557933598494311,-0.00094734134119423,-0.25474698019432096,-0.7621778759975286,0.18726638455554823,1.5647939820213124
2020-21,004200022,UTA,LAC,-8.5,6,2,0,2,1.0,9.25,-1.3150041922909281,2.2858439402110275,0.7458779866983171,-2.114054836208328,1.2520183742454363,-0.5035316324729894,1.1029705670060164,-0.2513487744800589,1.268142845238855,1.9809280792095219,6.180555555555555,-1.184360690582617,0.19656626764629154,-1.0337064213993268,-0.5477812496558043,0.28536606604786746,0.9732085617083751,-1.18425233305377,-1.0211028469377397,2.48985814063351,0.8383552297197843,3.0694444444444446,-0.13064350170831118,2.089277672564736,1.779584408097644,-1.5662735865525235,0.9666523081975689,-1.4767401941813645,2.2872229000597866,0.7697540724576808,-1.221715295394655,1.1425728494897376
2020-21,004200023,PHX,DEN,15.75,4,4,1,2,1.0,5.819444444444445,-1.6703649233843993,-0.004864923946800256,-0.4920937754565619,0.02263933355598234,-0.7793295630358458,-1.9202493546331174,1.3829831310289944,-0.9835088041738073,0.6370904538985847,0.9532261246903878,4.930555555555555,-0.5312370795656414,-0.20218308260820433,-0.62362827518552,0.560783997641905,1.3680405850519082,0.7359008697935311,-0.3587789344172507,-1.0799643036315079,0.5827020986140945,0.2340503015238596,0.8888888888888893,-1.139127843818758,0.19731815866140406,0.1315344997289581,-0.5381446640859227,-2.147370148087754,-2.6561502244266486,1.7417620654462451,0.0964554994577006,0.05438835528449015,0.7191758231665282
2020-21,004200030,MIL,ATL,7.0,6,4,1,3,1.0,5.888888888888889,-0.25884940611228063,0.28165852002504105,2.1888888219601075,-1.028027396680059,0.6263971378528348,0.33295816887687457,-0.5164851285017007,-1.0004032319448555,1.2653368298044727,-1.4392158430347357,2.3194444444444446,-0.19162184200910545,-0.22461784545561572,-0.12843957032356845,-1.2698567605057967,1.2284154495134776,-0.24958485305727693,-0.19645660489455896,-0.94185255428055,0.3668330132164638,1.3994515960727232,3.5694444444444446,-0.06722756410317518,0.5062763654806568,2.317328392283676,0.2418293638257376,-0.6020183116606428,0.5825430219341515,-0.32002852360714173,-0.05855067766430544,0.8985038165880089,-2.838667439107459
2020-21,004200031,PHX,LAC,1.6666666666666667,6,4,1,3,1.0,5.819444444444445,-1.6703649233843993,-0.004864923946800256,-0.4920937754565619,0.02263933355598234,-0.7793295630358458,-1.9202493546331174,1.3829831310289944,-0.9835088041738073,0.6370904538985847,0.9532261246903878,6.180555555555555,-1.184360690582617,0.19656626764629154,-1.0337064213993268,-0.5477812496558043,0.28536606604786746,0.9732085617083751,-1.18425233305377,-1.0211028469377397,2.48985814063351,0.8383552297197843,-0.3611111111111107,-0.4860042328017824,-0.2014311915930918,0.5416126459427648,0.5704205832117867,-1.0646956290837133,-2.8934579163414926,2.5672354640827644,0.03759404276393241,-1.8527676867349254,0.11487089497060354
2020-21,004200040,PHX,MIL,-2.3333333333333335,6,2,0,4,1.0,5.819444444444445,-1.6703649233843993,-0.004864923946800256,-0.4920937754565619,0.02263933355598234,-0.7793295630358458,-1.9202493546331174,1.3829831310289944,-0.9835088041738073,0.6370904538985847,0.9532261246903878,5.888888888888889,-0.25884940611228063,0.28165852002504105,2.1888888219601075,-1.028027396680059,0.6263971378528348,0.33295816887687457,-0.5164851285017007,-1.0004032319448555,1.2653368298044727,-1.4392158430347357,-0.06944444444444464,-1.4115155172721188,-0.2865234439718413,-2.680982597416669,1.0506667302360413,-1.4057267008886805,-2.253207523509992,1.899468259530695,0.016894427771048215,-0.628246375905888,2.3924419677251234
2021-22,004210010,MIA,ATL,12.0,5,4,1,1,1.0,4.451219512195122,-0.821137421838817,0.6280349233457678,-2.0570403250092393,1.6618779767066558,0.10057170513269162,-0.34356847596074436,-1.0909447853652798,0.37327134313963123,1.88507991358144,1.412058192572988,1.5609756097560976,-0.3498182345993583,-0.2783012281607855,0.29383068882777535,-0.9823144947083405,-0.1014314139212245,0.6339462688187746,0.731054935004659,-2.304771345239361,1.5134967352798046,-0.9949800822664158,2.8902439024390243,-0.4713191872394587,0.9063361515065533,-2.350871013837015,2.6441924714149962,0.2020031190539161,-0.9775147447795189,-1.8219997203699387,2.678042688378992,0.37158317830163545,2.4070382748394037
2021-22,004210011,BOS,BKN,4.5,4,4,1,1,1.0,7.280487804878049,-0.5454051901968101,0.6980993748541174,-0.20340389971041078,0.03955473553840809,0.3526095605071866,0.1046604678353297,1.2561949740013791,0.834848101763844,0.20763862204443762,1.4370759067578858,0.7804878048780488,-0.3339997979132089,-1.1325080897250954,0.6692935413974337,-0.7006217361533289,0.28526731406337175,-0.31384936133160507,0.10608408891076462,-0.577089588380996,0.5594638016749992,0.8385927302875127,6.5,-0.21140539228360122,1.830607464579213,-0.8726974411078445,0.740176471691737,0.06734224644381487,0.4185098291669348,1.1501108850906145,1.41193769014484,-0.3518251796305616,0.5984831764703731
2021-22,004210012,MIL,CHI,14.6,5,4,1,1,1.0,3.3536585365853657,-0.5938480855441145,0.8396560747300219,1.0616691350738257,-0.9379624812908599,-0.07441888432252068,-0.20286498276984874,-0.4938146145904654,-0.9761353263116774,0.8991282950958667,-0.26372325320399664,-0.3902439024390244,0.04688725299545976,-1.8869743157783962,-0.5112157878531031,-0.5305909171171916,-1.217951630629858,-0.024719675283608408,1.0149981303797901,-1.0413481025293068,1.1144367144784788,-1.2364129403248068,3.74390243902439,-0.6407353385395742,2.726630390508418,1.5728849229269288,-0.40737156417366827,1.1435327463073373,-0.17814530748624033,-1.5088127449702555,0.06521277621762933,-0.21530841938261214,0.9726896871208102
2021-22,004210013,PHI,TOR,8.333333333333334,6,4,1,1,1.0,2.6097560975609757,-0.3325221787597914,-0.6495746662302627,-1.4177387111744226,-0.2435968355779874,-1.3435707552928096,0.7691397683898589,1.4939426813996393,-0.191950184205609,0.7786022087445389,0.7562976685792098,2.292682926829268,-0.7891836908230602,-0.6850398133924473,-0.13575293528344476,2.36340490149574,2.215986800503834,0.4528580156928785,0.9217257293691491,0.37267314046565625,-0.3609363787129839,-0.07497213020442749,0.3170731707317076,0.45666151206326877,0.03546514716218463,-1.2819857758909778,-2.6070017370737273,-3.5595575557966432,0.3162817526969804,0.5722169520304902,-0.5646233246712653,1.1395385874575228,0.8312697987836373
2021-22,004210014,PHX,NOP,1.5,6,4,1,1,1.0,7.5,-2.1899638316930226,-1.2660929236446148,0.6219378662985543,0.7664885169072556,-0.373479025135136,-1.1869872871299552,0.11830386964407748,0.4616222416026771,0.7252123895655691,1.3460976679586059,-0.9878048780487805,0.631701397661253,-0.9745526877780699,-0.7682894526755629,0.7336778139582931,1.581541382989401,0.2432074104652698,0.10860064082084676,-0.2385937924915949,-1.5708316090902537,-1.1247281421927775,8.487804878048781,-2.8216652293542754,-0.2915402358665449,1.3902273189741172,0.03281070294896249,-1.955020408124537,-1.4301946975952249,0.009703228823230714,0.700216034094272,2.296043998655823,2.4708258101513834
2021-22,004210015,MEM,MIN,5.5,6,4,1,1,1.0,5.682926829268292,0.593361569623197,-1.4848140245691464,1.8937759975254889,1.0234319041275384,2.9086299603153076,0.826426142071127,-0.6808917745924002,0.31242391032783595,-0.062000580547836,0.44920884983534837,2.6341463414634148,0.5695657657438307,1.511865325000187,0.5847298358637262,2.31294601582017,0.4955051722606063,-0.6268024672037501,0.3380393682025638,-0.5186034121294674,0.2959472908002593,0.37544942547787724,3.0487804878048776,0.023795803879366306,-2.9966793495693334,1.3090461616617626,-1.2895141116926314,2.4131247880547013,1.453228609274877,-1.018931142794964,0.8310273224573033,-0.35794787134809525,0.07375942435747113
2021-22,004210016,GSW,DEN,8.0,5,4,1,1,1.0,5.536585365853658,-0.8230804204760841,1.5645532615528448,-0.8900611886440987,0.8426773759887495,-0.16927210407219054,-0.9808623710380804,0.1387442197914742,1.3602790231750246,0.7574561071425412,1.3981531979917037,2.3048780487804876,0.3370825230522925,0.45227238492914523,-0.6803431989205103,-0.738667793893703,-0.5616583236831136,-1.7394164854481358,0.01883774025287479,-1.0226012513727243,-0.04903903423293289,0.7364732739311877,3.2317073170731705,-1.1601629435283767,1.1122808766236996,-0.20971798972358835,1.5813451698824523,0.3923862196109231,0.7585541144100554,0.1199064795385994,2.382880274547749,0.8064951413754741,0.661679924060516
2021-22,004210017,DAL,UTA,5.666666666666667,6,4,1,1,1.0,3.3048780487804876,-1.6230925504274352,1.0864404159027194,-1.5733359293564415,-0.23598759044917847,-0.8105593450137148,0.16282229853836808,0.9564186320442156,0.41823202558920564,-0.2395601395090227,1.355009122477205,6.036585365853658,-0.8701367543336581,1.9031777047933096,-0.21355154437445412,-1.6800072859089297,0.9290493318367155,-0.5126196686289709,-0.30248934838662384,-0.935585914354618,0.49218812633686376,0.3174564357023366,-2.7317073170731705,-0.752955796093777,-0.8167372888905902,-1.3597843849819875,1.4440196954597513,-1.7396086768504304,0.675441967167339,1.2589079804308394,1.3538179399438237,-0.7317482658458865,1.0375526867748683
2021-22,004210020,MIA,PHI,7.666666666666667,6,4,1,2,1.0,4.451219512195122,-0.821137421838817,0.6280349233457678,-2.0570403250092393,1.6618779767066558,0.10057170513269162,-0.34356847596074436,-1.0909447853652798,0.37327134313963123,1.88507991358144,1.412058192572988,2.6097560975609757,-0.3325221787597914,-0.6495746662302627,-1.4177387111744226,-0.2435968355779874,-1.3435707552928096,0.7691397683898589,1.4939426813996393,-0.191950184205609,0.7786022087445389,0.7562976685792098,1.8414634146341462,-0.4886152430790256,1.2776095895760307,-0.6393016138348167,1.9054748122846432,1.444142460425501,-1.1127082443506033,-2.5848874667649193,0.5652215273452402,1.1064777048369012,0.6557605239937783
2021-22,004210021,BOS,MIL,7.857142857142857,7,4,1,2,1.0,7.280487804878049,-0.5454051901968101,0.6980993748541174,-0.20340389971041078,0.03955473553840809,0.3526095605071866,0.1046604678353297,1.2561949740013791,0.834848101763844,0.20763862204443762,1.4370759067578858,3.3536585365853657,-0.5938480855441145,0.8396560747300219,1.0616691350738257,-0.9379624812908599,-0.07441888432252068,-0.20286498276984874,-0.4938146145904654,-0.9761353263116774,0.8991282950958667,-0.26372325320399664,3.926829268292683,0.04844289534730439,-0.14155669987590447,-1.2650730347842365,0.977517216829268,0.4270284448297073,0.30752545060517844,1.7500095885918445,1.8109834280755215,-0.691489673051429,1.7007991599618824
2021-22,004210022,PHX,DAL,-3.142857142857143,7,3,0,2,1.0,7.5,-2.1899638316930226,-1.2660929236446148,0.6219378662985543,0.7664885169072556,-0.373479025135136,-1.1869872871299552,0.11830386964407748,0.4616222416026771,0.7252123895655691,1.3460976679586059,3.3048780487804876,-1.6230925504274352,1.0864404159027194,-1.5733359293564415,-0.23598759044917847,-0.8105593450137148,0.16282229853836808,0.9564186320442156,0.41823202558920564,-0.2395601395090227,1.355009122477205,4.195121951219512,-0.5668712812655874,-2.3525333395473345,2.195273795654996,1.002476107356434,0.43708031987857887,-1.3498095856683232,-0.8381147624001382,0.04339021601347148,0.9647725290745918,-0.008911454518599093
2021-22,004210023,MEM,GSW,-0.6666666666666666,6,2,0,2,1.0,5.682926829268292,0.593361569623197,-1.4848140245691464,1.8937759975254889,1.0234319041275384,2.9086299603153076,0.826426142071127,-0.6808917745924002,0.31242391032783595,-0.062000580547836,0.44920884983534837,5.536585365853658,-0.8230804204760841,1.5645532615528448,-0.8900611886440987,0.8426773759887495,-0.16927210407219054,-0.9808623710380804,0.1387442197914742,1.3602790231750246,0.7574561071425412,1.3981531979917037,0.14634146341463428,1.416441990099281,-3.049367286121991,2.7838371861695874,0.1807545281387889,3.0779020643874984,1.8072885131092074,-0.8196359943838745,-1.0478551128471887,-0.8194566876903772,-0.9489443481563553
2021-22,004210030,MIA,BOS,-5.285714285714286,7,3,0,3,1.0,4.451219512195122,-0.821137421838817,0.6280349233457678,-2.0570403250092393,1.6618779767066558,0.10057170513269162,-0.34356847596074436,-1.0909447853652798,0.37327134313963123,1.88507991358144,1.412058192572988,7.280487804878049,-0.5454051901968101,0.6980993748541174,-0.20340389971041078,0.03955473553840809,0.3526095605071866,0.1046604678353297,1.2561949740013791,0.834848101763844,0.20763862204443762,1.4370759067578858,-2.8292682926829267,-0.2757322316420069,-0.07006445150834961,-1.8536364252988284,1.6223232411682478,-0.25203785537449497,-0.44822894379607403,-2.3471397593666588,-0.4615767586242128,1.6774412915370025,-0.025017714184897732
2021-22,004210031,GSW,DAL,8.6,5,4,1,3,1.0,5.536585365853658,-0.8230804204760841,1.5645532615528448,-0.8900611886440987,0.8426773759887495,-0.16927210407219054,-0.9808623710380804,0.1387442197914742,1.3602790231750246,0.7574561071425412,1.3981531979917037,3.3048780487804876,-1.6230925504274352,1.0864404159027194,-1.5733359293564415,-0.23598759044917847,-0.8105593450137148,0.16282229853836808,0.9564186320442156,0.41823202558920564,-0.2395601395090227,1.355009122477205,2.2317073170731705,0.8000121299513511,0.47811284565012535,0.6832747407123428,1.078664966437928,0.6412872409415243,-1.1436846695764484,-0.8176744122527414,0.942046997585819,0.9970162466515639,0.043144075514498725
2021-22,004210040,GSW,BOS,4.0,6,4,1,4,1.0,5.536585365853658,-0.8230804204760841,1.5645532615528448,-0.8900611886440987,0.8426773759887495,-0.16927210407219054,-0.9808623710380804,0.1387442197914742,1.3602790231750246,0.7574561071425412,1.3981531979917037,7.280487804878049,-0.5454051901968101,0.6980993748541174,-0.20340389971041078,0.03955473553840809,0.3526095605071866,0.1046604678353297,1.2561949740013791,0.834848101763844,0.20763862204443762,1.4370759067578858,-1.7439024390243905,-0.277675230279274,0.8664538866987274,-0.6866572889336879,0.8031226404503414,-0.5218816645793771,-1.0855228388734102,-1.117450754209905,0.5254309214111805,0.5498174850981036,-0.03892270876618209
2022-23,004220010,MIL,MIA,-5.2,5,1,0,1,1.0,3.6341463414634148,-0.7008485918893027,1.399909149725854,1.5892739985857802,-1.9029707588145641,0.39942592415787986,0.6189904128721249,-0.22096806080022327,0.7559317199193673,0.5195095373028346,0.5993206283883961,-0.3170731707317073,-1.628706192945851,0.4855152186544433,-1.8511367141324362,1.6533863735805663,-0.47401370618427346,-1.6557727124224517,0.15866069402961305,1.1956031799398932,-1.0626177555369904,-0.5560590638476857,3.951219512195122,0.9278576010565484,0.9143939310714106,3.4404107127182164,-3.5563571323951306,0.8734396303421533,2.2747631252945766,-0.3796287548298363,-0.43967146002052593,1.5821272928398251,1.1553796922360817
2022-23,004220011,BOS,ATL,5.333333333333333,6,4,1,1,1.0,6.524390243902439,-0.953773229092348,2.2080473923633175,0.5283421926509394,-1.1125989665211125,-0.7409008411709606,0.9491744726396798,0.3202258586570497,-0.12992874574614022,1.065597626303393,1.370828903047403,0.2926829268292683,-0.18358503591443556,-1.3656940846123218,1.3593592730176574,-0.1695710639098424,0.4287797818411708,-0.31353236075205554,-0.3666736632809203,-1.2154160615218652,-0.5151839758972626,0.405604986590584,6.2317073170731705,-0.7701881931779124,3.5737414769756395,-0.831017080366718,-0.94302790261127,-1.1696806230121313,1.2627068333917353,0.6868995219379701,1.085487315775725,1.5807816022006556,0.965223916456819
2022-23,004220012,PHI,BKN,11.25,4,4,1,1,1.0,4.317073170731708,0.15836409627132556,0.040096565105816,-1.6793931841899759,0.4104871562017275,-0.9210546282311993,-0.13343056969802225,-0.8256088433296583,-0.5730150820032134,1.7333737983545099,1.1244244756606347,0.8536585365853658,-1.1561501132882197,0.22544434819176307,-0.6821726877499169,-0.27923897422889954,-1.6946780364897587,-0.973490098673115,0.6315519727511346,0.1357395959455582,1.1707143130377229,-0.5091126638437515,3.463414634146342,1.3145142095595452,-0.18534778308594707,-0.997220496440059,0.689726130430627,0.7736234082585594,0.8400595289750927,-1.457160816080793,-0.7087546779487716,0.562659485316787,1.6335371395043863
2022-23,004220013,CLE,NYK,-5.4,5,1,0,1,1.0,5.378048780487805,0.582634799025541,-0.40749489534154937,-1.8012756893104334,1.5802213022439344,-0.1608576902430456,-0.9747180757154769,1.4173548843060795,1.0432951612016121,0.4432104398997926,-0.6633050392206113,2.926829268292683,0.19823845031951012,0.2909195702947223,0.20978564517702983,-0.8963744309196204,1.6821830974051517,-0.7404244367765928,-0.17465342588863864,-0.9238977962099764,-0.39706675052213547,0.34471730782864296,2.451219512195122,0.3843963487060309,-0.6984144656362716,-2.0110613344874633,2.476595733163555,-1.8430407876481973,-0.2342936389388841,1.5920083101947182,1.9671929574115885,0.840277190421928,-1.0080223470492542
2022-23,004220014,DEN,MIN,8.8,5,4,1,1,1.0,3.3292682926829267,1.1988581600062813,-0.6393681611107975,-0.6295416059933543,-0.3343987906786764,0.31109565468890077,0.24297663710663106,-0.6570679788989229,-0.9161530262349538,1.200466343885392,1.46956625426232,-0.036585365853658534,1.1583027233633154,-0.15941880884349113,-0.10323078842776684,0.7699376094685682,-0.9640588285896738,-0.2962245136207764,0.6097211915523624,0.6791686154060188,0.32249760973734,-0.7260446054480014,3.3658536585365852,0.0405554366429659,-0.4799493522673064,-0.5263108175655875,-1.1043364001472447,1.2751544832785746,0.5392011507274075,-1.2667891704512853,-1.5953216416409726,0.877968734148052,2.1956108597103214
2022-23,004220015,MEM,LAL,-7.5,6,2,0,1,1.0,3.9390243902439024,0.7351968734027702,-0.382696456634108,1.2042360846825357,0.4792871874413305,0.9985808875976498,-0.9207927712783132,-1.6253787373594046,1.3464083956501511,-0.591859828005346,0.49545220468887463,0.573170731707317,1.131827724072435,-0.8917156659646522,1.4258406394469925,-1.4690203377150295,-0.45742742297515365,-0.21479106695032188,-1.4856339530416545,0.338431872839615,-0.9105464091665666,1.5096165997411455,3.3658536585365852,-0.39663085066966486,0.5090192093305442,-0.22160455476445673,1.94830752515636,1.4560083105728034,-0.7060017043279913,-0.13974478431775017,1.0079765228105362,0.3186865811612206,-1.014164395052271
2022-23,004220016,SAC,GSW,-2.142857142857143,7,3,0,1,1.0,2.6463414634146343,0.08910129377922278,0.8491189785335203,0.10729353859846426,-0.017610101375009145,-0.5012164006722446,0.11869012152754173,1.2903228420307977,-2.579957113983073,0.5523711259793043,-1.0651056086333062,1.8048780487804879,-2.0174997215245405,2.1847727293287074,0.9272303912269629,-0.1225676820452611,0.1805832969893615,-1.395564408405131,0.11363855899443571,-0.25175981166442285,1.6114767204468259,-0.2427803791019066,0.8414634146341464,2.106601015303763,-1.3356537507951871,-0.8199368526284987,0.10495758067025196,-0.6817996976616061,1.5142545299326728,1.176684283036362,-2.3281973023186504,-1.0591055944675216,-0.8223252295313995
2022-23,004220017,PHX,LAC,6.4,5,4,1,1,1.0,2.073170731707317,-2.1983427722374103,-0.6176582922387011,-0.13647147164243764,0.4551851893212591,1.04097156949966,-0.406900542895725,-1.6705943407762625,0.7415418735608602,0.9216257518325265,0.34704226062319093,0.5,-0.6471596094619043,-0.006064619167386565,-0.496578873134684,-0.7458448965640546,-0.40591783547815574,0.573184689351255,-2.334261203843625,-0.09565580385980216,1.326909121108716,-0.38285287363377435,1.5731707317073171,-1.551183162775506,-0.6115936730713145,0.3601074014922464,1.2010300858853138,1.4468894049778158,-0.98008523224698,0.6636668630673623,0.8371976774206624,-0.4052833692761896,0.7298951342569653
2022-23,004220020,NYK,MIA,-3.8333333333333335,6,2,0,2,1.0,2.926829268292683,0.19823845031951012,0.2909195702947223,0.20978564517702983,-0.8963744309196204,1.6821830974051517,-0.7404244367765928,-0.17465342588863864,-0.9238977962099764,-0.39706675052213547,0.34471730782864296,-0.3170731707317073,-1.628706192945851,0.4855152186544433,-1.8511367141324362,1.6533863735805663,-0.47401370618427346,-1.6557727124224517,0.15866069402961305,1.1956031799398932,-1.0626177555369904,-0.5560590638476857,3.24390243902439,1.826944643265361,-0.19459564835972099,2.060922359309466,-2.5497608045001865,2.1561968035894252,0.915348275645859,-0.33331411991825166,-2.1195009761498698,0.665551005014855,0.9007763716763286
2022-23,004220021,BOS,PHI,8.857142857142858,7,4,1,2,1.0,6.524390243902439,-0.953773229092348,2.2080473923633175,0.5283421926509394,-1.1125989665211125,-0.7409008411709606,0.9491744726396798,0.3202258586570497,-0.12992874574614022,1.065597626303393,1.370828903047403,4.317073170731708,0.15836409627132556,0.040096565105816,-1.6793931841899759,0.4104871562017275,-0.9210546282311993,-0.13343056969802225,-0.8256088433296583,-0.5730150820032134,1.7333737983545099,1.1244244756606347,2.2073170731707314,-1.1121373253636735,2.1679508272575014,2.2077353768409154,-1.52308612272284,0.18015378706023877,1.082605042337702,1.1458347019867081,0.44308633625707317,-0.6677761720511168,0.24640442738676827
2022-23,004220022,DEN,PHX,9.5,6,4,1,2,1.0,3.3292682926829267,1.1988581600062813,-0.6393681611107975,-0.6295416059933543,-0.3343987906786764,0.31109565468890077,0.24297663710663106,-0.6570679788989229,-0.9161530262349538,1.200466343885392,1.46956625426232,2.073170731707317,-2.1983427722374103,-0.6176582922387011,-0.13647147164243764,0.4551851893212591,1.04097156949966,-0.406900542895725,-1.6705943407762625,0.7415418735608602,0.9216257518325265,0.34704226062319093,1.2560975609756095,3.397200932243692,-0.02170986887209647,-0.4930701343509166,-0.7895839799999356,-0.7298759148107592,0.6498771800023561,1.0135263618773396,-1.657694899795814,0.2788405920528655,1.1225239936391291
2022-23,004220023,GSW,LAL,-2.8333333333333335,6,2,0,2,1.0,1.8048780487804879,-2.0174997215245405,2.1847727293287074,0.9272303912269629,-0.1225676820452611,0.1805832969893615,-1.395564408405131,0.11363855899443571,-0.25175981166442285,1.6114767204468259,-0.2427803791019066,0.573170731707317,1.131827724072435,-0.8917156659646522,1.4258406394469925,-1.4690203377150295,-0.45742742297515365,-0.21479106695032188,-1.4856339530416545,0.338431872839615,-0.9105464091665666,1.5096165997411455,1.231707317073171,-3.1493274455969757,3.0764883952933597,-0.49861024822002953,1.3464526556697685,0.6380107199645152,-1.1807733414548092,1.5992725120360902,-0.5901916845040378,2.5220231296133924,-1.752396978843052
2022-23,004220030,BOS,MIA,-3.857142857142857,7,3,0,3,1.0,6.524390243902439,-0.953773229092348,2.2080473923633175,0.5283421926509394,-1.1125989665211125,-0.7409008411709606,0.9491744726396798,0.3202258586570497,-0.12992874574614022,1.065597626303393,1.370828903047403,-0.3170731707317073,-1.628706192945851,0.4855152186544433,-1.8511367141324362,1.6533863735805663,-0.47401370618427346,-1.6557727124224517,0.15866069402961305,1.1956031799398932,-1.0626177555369904,-0.5560590638476857,6.841463414634147,0.6749329638535031,1.7225321737088741,2.3794789067833757,-2.765985340101679,-0.2668871349866871,2.6049471850621315,0.16156516462743667,-1.3255319256860334,2.1282153818403833,1.9268879668950887
2022-23,004220031,DEN,LAL,6.0,4,4,1,3,1.0,3.3292682926829267,1.1988581600062813,-0.6393681611107975,-0.6295416059933543,-0.3343987906786764,0.31109565468890077,0.24297663710663106,-0.6570679788989229,-0.9161530262349538,1.200466343885392,1.46956625426232,0.573170731707317,1.131827724072435,-0.8917156659646522,1.4258406394469925,-1.4690203377150295,-0.45742742297515365,-0.21479106695032188,-1.4856339530416545,0.338431872839615,-0.9105464091665666,1.5096165997411455,2.7560975609756095,0.06703043593384628,0.2523475048538547,-2.055382245440347,1.1346215470363532,0.7685230776640544,0.45776770405695294,0.8285659741427316,-1.2545848990745687,2.1110127530519587,-0.040050345478825466
2022-23,004220040,DEN,MIA,8.2,5,4,1,4,1.0,3.3292682926829267,1.1988581600062813,-0.6393681611107975,-0.6295416059933543,-0.3343987906786764,0.31109565468890077,0.24297663710663106,-0.6570679788989229,-0.9161530262349538,1.200466343885392,1.46956625426232,-0.3170731707317073,-1.628706192945851,0.4855152186544433,-1.8511367141324362,1.6533863735805663,-0.47401370618427346,-1.6557727124224517,0.15866069402961305,1.1956031799398932,-1.0626177555369904,-0.5560590638476857,3.646341463414634,2.827564352952132,-1.1248833797652409,1.221595108139082,-1.9877851642592428,0.7851093608731743,1.8987493495290828,-0.8157286729285359,-2.1117562061748467,2.2630840994223824,2.0256253181100057
2023-24,004230010,BOS,MIA,15.6,5,4,1,1,1.0,11.341463414634147,-1.2531405420509933,2.7142078243241627,1.085476499268375,-1.767034572499153,0.28848851584447976,1.0569575388426793,-0.031353251664797264,-1.10960871465371,1.6328325329221456,1.1592444163886595,1.7560975609756098,-2.0087205109106985,-0.032541602899799384,-1.6473522048135016,0.5066774718075527,-1.0734035173185226,-0.7187437355803142,-1.024837647692401,1.0343080613180184,0.29349621039120116,1.1171722738511576,9.585365853658537,0.7555799688597051,2.7467494272239623,2.732828704081877,-2.2737120443067056,1.3618920331630022,1.7757012744229934,0.9934843960276037,-2.1439167759717286,1.3393363225309445,0.04207214253750191
2023-24,004230011,NYK,PHI,0.16666666666666666,6,4,1,1,1.0,4.585365853658536,-0.27107345264825566,0.32324075876402153,-0.9255967247438571,0.05948145072546311,2.2899542453905033,-1.169706751971793,0.5691615064812272,-0.07357755250858629,0.23875382470379133,0.010431856263570396,3.048780487804878,0.7416325668874532,-0.7799843169814386,-0.4958241434296613,1.2776700040583595,0.269217342158245,-1.3085297400338758,-0.441158291999762,0.07387269090768947,-0.19115068909218252,0.9869397000510484,1.5365853658536581,-1.0127060195357087,1.10322507574546,-0.4297725813141958,-1.2181885533328964,2.020736903232258,0.13882298806208282,1.0103197984809893,-0.14745024341627577,0.42990451379597383,-0.976507843787478
2023-24,004230012,MIL,IND,-2.8333333333333335,6,2,0,1,1.0,2.6219512195121952,-0.3803589190841505,1.2647875584065649,0.7049145188680196,-1.7977214499034553,-1.0556660348703106,0.48286552667890326,0.35023704230881997,-1.0343048405450195,0.5046805616465783,0.8013898055954923,3.048780487804878,1.1334736139424966,-0.5074094813446378,1.2462311289202492,0.15102961274055887,-0.20540813812417474,0.3973003259575611,0.16727379019312869,-2.2472083296922998,0.6320417062239525,0.06514674405374915,-0.42682926829268286,-1.513832533026647,1.7721970397512026,-0.5413166100522296,-1.948751062644014,-0.8502578967461358,0.08556520072134216,0.18296325211569128,1.2129034891472803,-0.12736114457737424,0.7362430615417432
2023-24,004230013,CLE,ORL,-4.428571428571429,7,4,1,1,1.0,2.4146341463414633,0.7998603241521924,0.97204937375357,-0.8402983498265367,0.17002594405738544,-0.4642364704075792,-0.6152261844884702,-0.9255365359402331,0.6267789145952778,0.1297706866798715,-0.4729640233422427,2.024390243902439,2.0513753820681973,-0.9242826903909366,-2.40191475215904,2.083242335505442,0.49064240306937207,2.687861609678243,0.17801377645016603,1.550458635913354,-1.0173835409205438,0.6068044674338712,0.3902439024390243,-1.2515150579160048,1.8963320641445067,1.5616164023325032,-1.9132163914480564,-0.9548788734769513,-3.303087794166713,-1.1035503123903991,-0.9236797213180763,1.1471542276004154,-1.0797684907761138
2023-24,004230014,OKC,NOP,15.75,4,4,1,1,1.0,7.414634146341464,0.15953198515229425,-0.4167464758647814,0.21608921645721674,1.8040307434549763,-1.3624423367427245,0.2702850074092697,-0.4954466005166795,-0.30188042525204223,1.6763028701530047,0.4137480076643827,4.414634146341464,0.4422561870249439,-0.7706041522341305,-0.8534211767368973,0.8001028188022707,0.06456339729721329,0.4369971213904381,-0.4130552849411457,-0.019530404007276497,1.2480284919248046,1.406414282704425,3.0,-0.2827242018726497,0.35385767636934906,1.0695103931941141,1.0039279246527055,-1.4270057340399378,-0.16671211398116842,-0.08239131557553381,-0.2823500212447657,0.42827437822820014,-0.9926662750400423
2023-24,004230015,DEN,LAL,2.2,5,4,1,1,1.0,5.2560975609756095,1.1538756560781045,-1.5324814287396824,-0.29898173977430714,-1.0111339234917178,0.5647098907041509,0.7811559190097874,1.0540370896153781,-0.2908176196963576,0.6286735148359636,0.886605201524507,0.5975609756097561,1.268618682008202,-1.2946370294643292,0.9312832830716811,-0.8139618008199639,-1.8987196641104043,0.8782084477228214,0.17184525519703134,-0.35439651658641247,0.8131440634655973,-0.9234383861951873,4.658536585365853,-0.11474302593009744,-0.23784439927535317,-1.2302650228459882,-0.19717212267175388,2.4634295548145553,-0.09705252871303394,0.8821918344183468,0.06357889689005486,-0.18447054862963375,1.810043587719694
2023-24,004230016,MIN,PHX,15.0,4,4,1,1,1.0,6.451219512195122,0.4238152619851447,-0.3653848478294705,-1.614545137537608,0.8529609650921375,-0.4694259726786458,0.6024140296735571,1.267937841237389,1.5397579722444403,1.545407700310089,0.971096436670844,3.0609756097560976,-1.2250040673249993,-0.5885961016729878,-0.2924203263191269,-1.0290307999846835,0.35157665396897225,0.8443056686941196,0.5831443047015774,-0.3769001116228853,1.1870497612390398,0.11813736349332853,3.3902439024390243,1.648819329310144,0.2232112538435173,-1.3221248112184811,1.881991765076821,-0.821002626647618,-0.24189163902056254,0.6847935365358115,1.9166580838673255,0.3583579390710492,0.8529590731775155
2023-24,004230017,LAC,DAL,-6.666666666666667,6,2,0,1,1.0,3.2804878048780486,-0.4481753838192949,-0.4331739409475692,-0.6040874654401087,-0.5270471130506127,0.06424975855756956,-0.23741519682942225,0.4510631495419911,-0.9159055624979501,1.1245835449813446,0.2034042893406482,2.207317073170732,-1.4172420640814631,1.6506817148042336,0.6064933170403387,-0.0983063442680476,-0.9099536879842899,0.4857364002316369,-0.36036794046818277,-0.7284607797225974,0.2640696738726079,-0.21087754488190197,1.0731707317073167,0.9690666802621682,-2.083855655751803,-1.2105807824804473,-0.42874076878256506,0.9742034465418594,-0.7231515970610591,0.8114310900101739,-0.1874447827753527,0.8605138711087368,0.41428183422255016
2023-24,004230020,BOS,CLE,7.2,5,4,1,2,1.0,11.341463414634147,-1.2531405420509933,2.7142078243241627,1.085476499268375,-1.767034572499153,0.28848851584447976,1.0569575388426793,-0.031353251664797264,-1.10960871465371,1.6328325329221456,1.1592444163886595,2.4146341463414633,0.7998603241521924,0.97204937375357,-0.8402983498265367,0.17002594405738544,-0.4642364704075792,-0.6152261844884702,-0.9255365359402331,0.6267789145952778,0.1297706866798715,-0.4729640233422427,8.926829268292684,-2.0530008662031856,1.7421584505705927,1.9257748490949118,-1.9370605165565384,0.752724986252059,1.6721837233311496,0.8941832842754358,-1.7363876292489877,1.503061846242274,1.6322084397309022
2023-24,004230021,NYK,IND,-4.0,7,3,0,2,1.0,4.585365853658536,-0.27107345264825566,0.32324075876402153,-0.9255967247438571,0.05948145072546311,2.2899542453905033,-1.169706751971793,0.5691615064812272,-0.07357755250858629,0.23875382470379133,0.010431856263570396,3.048780487804878,1.1334736139424966,-0.5074094813446378,1.2462311289202492,0.15102961274055887,-0.20540813812417474,0.3973003259575611,0.16727379019312869,-2.2472083296922998,0.6320417062239525,0.06514674405374915,1.5365853658536581,-1.4045470665907522,0.8306502401086593,-2.1718278536641065,-0.09154816201509576,2.495362383514678,-1.5670070779293541,0.4018877162880985,2.1736307771837136,-0.39328788152016114,-0.05471488779017875
2023-24,004230022,OKC,DAL,0.0,6,2,0,2,1.0,7.414634146341464,0.15953198515229425,-0.4167464758647814,0.21608921645721674,1.8040307434549763,-1.3624423367427245,0.2702850074092697,-0.4954466005166795,-0.30188042525204223,1.6763028701530047,0.4137480076643827,2.207317073170732,-1.4172420640814631,1.6506817148042336,0.6064933170403387,-0.0983063442680476,-0.9099536879842899,0.4857364002316369,-0.36036794046818277,-0.7284607797225974,0.2640696738726079,-0.21087754488190197,5.2073170731707314,1.5767740492337574,-2.0674281906690153,-0.39040410058312197,1.902337087723024,-0.45248864875843464,-0.2154513928223672,-0.13507866004849672,0.42658035447055515,1.412233196280397,0.6246255525462847
2023-24,004230023,DEN,MIN,-5.142857142857143,7,3,0,2,1.0,5.2560975609756095,1.1538756560781045,-1.5324814287396824,-0.29898173977430714,-1.0111339234917178,0.5647098907041509,0.7811559190097874,1.0540370896153781,-0.2908176196963576,0.6286735148359636,0.886605201524507,6.451219512195122,0.4238152619851447,-0.3653848478294705,-1.614545137537608,0.8529609650921375,-0.4694259726786458,0.6024140296735571,1.267937841237389,1.5397579722444403,1.545407700310089,0.971096436670844,-1.1951219512195124,0.7300603940929598,-1.1670965809102118,1.315563397763301,-1.8640948885838553,1.0341358633827966,0.17874188933623036,-0.21390075162201083,-1.830575591940798,-0.9167341854741254,-0.08449123514633705
2023-24,004230030,BOS,IND,6.75,4,4,1,3,1.0,11.341463414634147,-1.2531405420509933,2.7142078243241627,1.085476499268375,-1.767034572499153,0.28848851584447976,1.0569575388426793,-0.031353251664797264,-1.10960871465371,1.6328325329221456,1.1592444163886595,3.048780487804878,1.1334736139424966,-0.5074094813446378,1.2462311289202492,0.15102961274055887,-0.20540813812417474,0.3973003259575611,0.16727379019312869,-2.2472083296922998,0.6320417062239525,0.06514674405374915,8.292682926829269,-2.38661415599349,3.2216173056688007,-0.16075462965187426,-1.9180641852397118,0.4938966539686545,0.6596572128851181,-0.19862704185792596,1.1375996150385899,1.000790826698193,1.0940976723349103
2023-24,004230031,MIN,DAL,-5.8,5,1,0,3,1.0,6.451219512195122,0.4238152619851447,-0.3653848478294705,-1.614545137537608,0.8529609650921375,-0.4694259726786458,0.6024140296735571,1.267937841237389,1.5397579722444403,1.545407700310089,0.971096436670844,2.207317073170732,-1.4172420640814631,1.6506817148042336,0.6064933170403387,-0.0983063442680476,-0.9099536879842899,0.4857364002316369,-0.36036794046818277,-0.7284607797225974,0.2640696738726079,-0.21087754488190197,4.2439024390243905,1.8410573260666079,-2.016066562633704,-2.221038454577947,0.9512673093601851,0.4405277153056441,0.11667762944192017,1.6283057817055717,2.2682187519670376,1.2813380264374812,1.181973981552746
2023-24,004230040,BOS,DAL,2.4,5,4,1,4,1.0,11.341463414634147,-1.2531405420509933,2.7142078243241627,1.085476499268375,-1.767034572499153,0.28848851584447976,1.0569575388426793,-0.031353251664797264,-1.10960871465371,1.6328325329221456,1.1592444163886595,2.207317073170732,-1.4172420640814631,1.6506817148042336,0.6064933170403387,-0.0983063442680476,-0.9099536879842899,0.4857364002316369,-0.36036794046818277,-0.7284607797225974,0.2640696738726079,-0.21087754488190197,9.134146341463415,0.1641015220304698,1.063526109519929,0.47898318222803626,-1.6687282282311053,1.1984422038287696,0.5712211386110424,0.3290146888033855,-0.38114793493111254,1.3687628590495378,1.3701219612705615
2024-25,004240010,CLE,MIA,30.5,4,4,1,1,1.0,9.536585365853659,-0.027851623708962155,1.0030618309734933,0.7747925543578522,-0.06492309724980143,0.2935309782522058,-1.334718106752965,-0.15167369035393685,-1.300303884084057,1.490580220255337,0.1366643580682373,0.5609756097560976,-0.6242114341808939,0.20981906839456424,-0.6930492871468845,-0.25903163842822696,-1.166129064783988,-0.9329881297225696,-0.21057016101662565,0.5103176257745773,0.46743671071876186,0.07392502134171691,8.975609756097562,0.5963598104719318,0.7932427625789291,1.4678418415047367,0.19410854117842552,1.4596600430361937,-0.40172997703039537,0.0588964706626888,-1.8106215098586342,1.0231435095365753,0.06273933672652038
2024-25,004240011,BOS,ORL,12.8,5,4,1,1,1.0,9.109756097560975,-1.5532776865302929,3.2230836512721925,0.22950994255388427,-0.9847375362385196,0.19508705902990087,1.0746843339565917,0.9651046411105284,-0.6087971546043556,0.5369856205876672,1.452767115478252,-0.12195121951219512,0.14263271762283988,-0.2839616997777607,-2.715016161187551,2.126153984564341,0.04014488528748346,1.8941610890826923,-0.39536765535171675,2.711204136201525,-2.6957776842229477,-0.49578902414869164,9.23170731707317,-1.6959104041531328,3.5070453510499533,2.9445261037414356,-3.110891520802861,0.15494217374241742,-0.8194767551261006,1.360472296462245,-3.3200012908058807,3.232763304810615,1.9485561396269437
2024-25,004240012,NYK,DET,1.3333333333333333,6,4,1,1,1.0,4.097560975609756,1.0579482036619787,-1.10547271016781,-0.3776696143737831,0.257896697810136,0.3202083564046513,-1.7011401395752894,2.688338640191069,-0.9415011088645976,0.5765179776811543,-0.6896830182274074,1.9024390243902438,0.5184684338802148,-0.7665755708912019,-0.1831363582707437,0.5894043460895035,0.4293410462392174,-0.8872576009429698,-0.588693761119783,0.30285619898071975,0.14167251591664812,-0.6661488028026683,2.1951219512195124,0.5394797697817639,-0.33889713927660803,-0.1945332561030394,-0.3315076482793675,-0.10913268983456614,-0.8138825386323196,3.277032401310852,-1.2443573078453174,0.4348454617645062,-0.023534215424739102
2024-25,004240013,IND,MIL,7.6,5,4,1,1,1.0,2.231707317073171,-0.09159023551185402,-0.5838063606968823,0.18529783889410195,0.34261394605375917,-1.555268957817658,0.29625417976437235,0.35966071564421764,-0.59502365407692,0.5398703085010117,0.5448405065793149,2.475609756097561,-0.07008880178395348,0.07870953049553338,-0.2361908826624811,-1.0836060574214017,-2.358064493076303,0.7191725239800115,-0.310810018417398,-0.32816950060457145,1.7165949911659357,0.8221384961420785,-0.24390243902439002,-0.021501433727900546,-0.6625158911924157,0.421488721556583,1.4262200034751609,0.8027955352586451,-0.4229183442156392,0.6704707340616156,-0.2668541534723486,-1.176724682664924,-0.2772979895627635
2024-25,004240014,OKC,MEM,19.5,4,4,1,1,1.0,12.865853658536585,-0.5277833738621424,-0.06440676953140896,0.2796169933682987,1.9506214076572412,-0.388846845132386,-0.8723749235171206,0.16477231957496927,0.3516048485320396,0.9240015116674948,1.9531187453154395,4.853658536585366,-0.5052974093108297,-0.43438337339080885,1.6148225238936955,0.2378730976305444,1.4213883396643097,0.8133730779630234,-0.4372628246500844,-0.3085510094978832,0.4695893888250533,0.05748177623082983,8.012195121951219,-0.022485964551312687,0.3699766038593999,-1.3352055305253967,1.712748310026697,-1.8102351847966958,-1.685748001480144,0.6020351442250537,0.6601558580299228,0.4544121228424415,1.8956369690846098
2024-25,004240015,HOU,GSW,0.0,7,3,0,1,1.0,4.512195121951219,0.36869417565040064,-1.0591469737936012,0.7895299222444464,0.08460247574245311,2.6266467150512027,-0.7205442209840925,0.7838505900839232,1.0506349076002193,-0.44022183159168987,0.4098980954092891,3.3048780487804876,-0.9963648020463071,1.3395436364339657,-0.2862979334769024,1.1381499354218223,0.8495718616644776,-1.5372524373973167,0.253138956698424,0.6486825090125061,0.235693276949865,-0.28526560944637697,1.2073170731707314,1.3650589776967077,-2.398690610227567,1.0758278557213488,-1.0535474596793692,1.777074853386725,0.8167082164132241,0.5307116333854992,0.40195239858771314,-0.6759151085415549,0.695163704855666
2024-25,004240016,LAL,MIN,-7.0,5,1,0,1,1.0,1.2195121951219512,-0.0958696508294407,0.1180797287736589,-0.9111623318684731,-0.4176177801166298,-0.7608470917879837,1.6341171002971075,0.2537029648008813,-0.41243284425930377,0.4026752310097921,0.4706639857851152,5.0,0.2687836049762811,0.9548723349489459,-0.7077866550334786,0.354388344709015,0.25560685237340974,-0.13470368776473407,1.4257732375741126,0.26979917635413475,1.1057900797032343,0.8287579303864795,-3.7804878048780486,-0.36465325580572183,-0.836792606175287,-0.20337567683499447,-0.7720061248256448,-1.0164539441613933,1.7688207880618416,-1.1720702727732313,-0.6822320206134385,-0.7031148486934422,-0.3580939446013643
2024-25,004240017,DEN,LAC,-0.5714285714285714,7,4,1,1,1.0,3.8902439024390243,1.7916606880613362,-1.8403471829443832,1.0430126498938552,-1.1930050533031842,0.633678296050107,1.2628099688300047,1.4967865436976193,-1.9076646530778774,1.011024592416273,-0.47731703117487434,4.658536585365853,-0.08197267389385093,-0.9635893805007953,-1.5566590453012836,0.8144774159412885,-0.3091578222178857,0.4676694924997707,0.8485108309630484,0.8179021417754037,0.852346646842214,1.0932508738127524,-0.7682926829268291,1.873633361955187,-0.8767578024435878,2.5996716951951386,-2.0074824692444726,0.9428361182679926,0.7951404763302341,0.648275712734571,-2.725566794853281,0.15867794557405912,-1.5705679049876267
2024-25,004240020,CLE,IND,-3.4,5,1,0,2,1.0,9.536585365853659,-0.027851623708962155,1.0030618309734933,0.7747925543578522,-0.06492309724980143,0.2935309782522058,-1.334718106752965,-0.15167369035393685,-1.300303884084057,1.490580220255337,0.1366643580682373,2.231707317073171,-0.09159023551185402,-0.5838063606968823,0.18529783889410195,0.34261394605375917,-1.555268957817658,0.29625417976437235,0.35966071564421764,-0.59502365407692,0.5398703085010117,0.5448405065793149,7.304878048780488,0.06373861180289186,1.5868681916703755,0.5894947154637502,-0.4075370433035606,1.8487999360698637,-1.6309722865173373,-0.5113344059981545,-0.705280230007137,0.9507099117543254,-0.40817614851107764
2024-25,004240021,BOS,NYK,-0.5,6,2,0,2,1.0,9.109756097560975,-1.5532776865302929,3.2230836512721925,0.22950994255388427,-0.9847375362385196,0.19508705902990087,1.0746843339565917,0.9651046411105284,-0.6087971546043556,0.5369856205876672,1.452767115478252,4.097560975609756,1.0579482036619787,-1.10547271016781,-0.3776696143737831,0.257896697810136,0.3202083564046513,-1.7011401395752894,2.688338640191069,-0.9415011088645976,0.5765179776811543,-0.6896830182274074,5.012195121951219,-2.6112258901922716,4.328556361440002,0.6071795569276673,-1.2426342340486556,-0.12512129737475042,2.7758244735318813,-1.7232339990805405,0.332703954260242,-0.039532357093487125,2.142450133705659
2024-25,004240022,OKC,DEN,9.142857142857142,7,4,1,2,1.0,12.865853658536585,-0.5277833738621424,-0.06440676953140896,0.2796169933682987,1.9506214076572412,-0.388846845132386,-0.8723749235171206,0.16477231957496927,0.3516048485320396,0.9240015116674948,1.9531187453154395,3.8902439024390243,1.7916606880613362,-1.8403471829443832,1.0430126498938552,-1.1930050533031842,0.633678296050107,1.2628099688300047,1.4967865436976193,-1.9076646530778774,1.011024592416273,-0.47731703117487434,8.97560975609756,-2.3194440619234786,1.7759404134129742,-0.7633956565255565,3.1436264609604256,-1.022525141182493,-2.1351848923471253,-1.33201422412265,2.259269501609917,-0.08702308074877829,2.430435776490314
2024-25,004240023,MIN,GSW,7.2,5,4,1,2,1.0,5.0,0.2687836049762811,0.9548723349489459,-0.7077866550334786,0.354388344709015,0.25560685237340974,-0.13470368776473407,1.4257732375741126,0.26979917635413475,1.1057900797032343,0.8287579303864795,3.3048780487804876,-0.9963648020463071,1.3395436364339657,-0.2862979334769024,1.1381499354218223,0.8495718616644776,-1.5372524373973167,0.253138956698424,0.6486825090125061,0.235693276949865,-0.28526560944637697,1.6951219512195124,1.2651484070225882,-0.3846713014850198,-0.4214887215565762,-0.7837615907128073,-0.5939650092910679,1.4025487496325826,1.1726342808756884,-0.3788833326583714,0.8700968027533693,1.1140235398328564
2024-25,004240030,NYK,IND,-1.8333333333333333,6,2,0,3,1.0,4.097560975609756,1.0579482036619787,-1.10547271016781,-0.3776696143737831,0.257896697810136,0.3202083564046513,-1.7011401395752894,2.688338640191069,-0.9415011088645976,0.5765179776811543,-0.6896830182274074,2.231707317073171,-0.09159023551185402,-0.5838063606968823,0.18529783889410195,0.34261394605375917,-1.555268957817658,0.29625417976437235,0.35966071564421764,-0.59502365407692,0.5398703085010117,0.5448405065793149,1.8658536585365852,1.1495384391738328,-0.5216663494709276,-0.562967453267885,-0.08471724824362314,1.8754773142223091,-1.9973943193396617,2.3286779245468514,-0.34647745478767755,0.03664766918014262,-1.2345235248067223
2024-25,004240031,OKC,MIN,6.2,5,4,1,3,1.0,12.865853658536585,-0.5277833738621424,-0.06440676953140896,0.2796169933682987,1.9506214076572412,-0.388846845132386,-0.8723749235171206,0.16477231957496927,0.3516048485320396,0.9240015116674948,1.9531187453154395,5.0,0.2687836049762811,0.9548723349489459,-0.7077866550334786,0.354388344709015,0.25560685237340974,-0.13470368776473407,1.4257732375741126,0.26979917635413475,1.1057900797032343,0.8287579303864795,7.865853658536585,-0.7965669788384235,-1.0192791044803549,0.9874036484017773,1.5962330629482262,-0.6444536975057957,-0.7376712357523866,-1.2610009179991433,0.08180567217790485,-0.1817885680357395,1.1243608149289601
2024-25,004240040,OKC,IND,2.7142857142857144,7,4,1,4,1.0,12.865853658536585,-0.5277833738621424,-0.06440676953140896,0.2796169933682987,1.9506214076572412,-0.388846845132386,-0.8723749235171206,0.16477231957496927,0.3516048485320396,0.9240015116674948,1.9531187453154395,2.231707317073171,-0.09159023551185402,-0.5838063606968823,0.18529783889410195,0.34261394605375917,-1.555268957817658,0.29625417976437235,0.35966071564421764,-0.59502365407692,0.5398703085010117,0.5448405065793149,10.634146341463413,-0.43619313835028833,0.5193995911654733,0.09431915447419675,1.608007461603482,1.166422112685272,-1.168629103281493,-0.19488839606924838,0.9466285026089596,0.3841312031664831,1.4082782387361246
2025-26,004250010,DET,ORL,4.714285714285714,7,4,1,1,1.0,8.158536585365853,1.5642252243427,-1.6823804396960516,-0.8730552334559605,2.0975147934477913,1.5889794037578522,0.19713399007053398,-0.647455829747374,1.6229147356457592,-0.2540376839574704,1.5197742961468146,0.6341463414634146,0.8012588802958772,-0.691866297331645,-0.5424929193024273,0.3986659615419089,-0.3231601675537546,1.4041590952959335,1.5268847907730567,0.7723467416216975,-1.2163721293790204,0.6819342615645827,7.524390243902439,0.7629663440468227,-0.9905141423644066,-0.3305623141535332,1.6988488319058823,1.9121395713116067,-1.2070251052253995,-2.1743406205204305,0.8505679940240617,0.96233444542155,0.8378400345822319
2025-26,004250011,BOS,PHI,2.857142857142857,7,3,0,1,1.0,7.695121951219512,-2.0551184495156405,1.2518657432584925,-0.30152226038676483,-1.1994675341603867,1.029025504015267,0.11131244885538558,1.6104669135412486,-0.38374076064085366,0.5799914590656416,0.1453506547459813,-0.18292682926829268,0.9591928116511292,-0.577521103637943,0.43683655347018674,0.5398379185646689,0.06798152157980035,0.45886736978460585,0.9769972313215859,0.3513367105989738,-0.7768120261312914,0.686486959635652,7.878048780487805,-3.0143112611667697,1.8293868468964356,-0.7383588138569516,-1.7393054527250555,0.9610439824354666,-0.34755492092922025,0.6334696822196627,-0.7350774712398275,1.356803485196933,-0.5411363048896707
2025-26,004250012,NYK,ATL,17.5,6,4,1,1,1.0,6.329268292682927,-0.06399028525157714,0.29846364434003214,-0.829804089548018,0.30531625178338945,1.0835328994899251,-0.4898269272642468,1.0215876174261374,-0.5612836695877133,1.0303905936881022,-0.2367941957837283,2.4146341463414633,0.10704668590154687,0.33974288213375775,0.8168287463756482,0.9836052153826781,-0.5337705327810737,0.8290723193111542,0.3164871975344663,0.44603241591307835,0.8944455278093011,0.4540408200619948,3.9146341463414633,-0.171036971153124,-0.04127923779372561,-1.6466328359236662,-0.6782889635992886,1.6173034322709987,-1.318899246575401,0.705100419891671,-1.0073160855007917,0.13594506587880106,-0.690835015845723
2025-26,004250013,CLE,TOR,1.7142857142857142,7,4,1,1,1.0,4.109756097560975,0.11100208530474143,0.6419390831739799,0.22675956877448117,0.34119179307702735,0.2820870366269068,-1.8279473266193396,-0.27310170198790734,-0.9605340058566804,0.031615851877214794,-1.28412862617627,2.8292682926829267,0.5019510089373111,-1.2506053584960715,-0.9688256235378241,1.4295535275627638,-0.1708662181961505,-0.44152237848536413,1.4406746174380605,0.8815805328179954,-0.4057676134988808,1.0558714204525146,1.2804878048780486,-0.3909489236325697,1.8925444416700512,1.1955851923123053,-1.0883617344857364,0.4529532548230573,-1.3864249481339754,-1.7137763194259679,-1.8421145386746758,0.43738346537609557,-2.3400000466287847
2025-26,004250014,OKC,PHX,17.25,4,4,1,1,1.0,11.146341463414634,-0.11769512396175844,0.2555748222615164,-0.17485819608494432,1.5665183909983773,-1.1995053448221498,-0.587778034818675,-0.723635315037697,1.533633364666876,0.4226509779633137,-0.9563141659785832,1.4634146341463414,-1.3976870774063992,0.9137939142609386,-0.6506207790722693,1.6149738404215126,0.95109553048962,-0.23146002733544685,0.006074417613254848,0.9825354666808377,0.16154686654382447,1.3048799897145762,9.682926829268293,1.2799919534446407,-0.6582190919994222,0.475762582987325,-0.04845544942313529,-2.1506008753117696,-0.3563180074832281,-0.7297097326509518,0.5510978979860384,0.2611041114194892,-2.2611941556931594
2025-26,004250015,SAS,POR,12.4,5,4,1,1,1.0,8.304878048780488,0.7834352692997408,0.1568124527033009,0.708700886605799,-1.2367041696342067,0.06295883536299736,0.7682819528053186,0.007028991796175359,0.11644995786084106,-0.016588556343618985,0.7813235589640944,-0.2926829268292683,0.938294065529286,1.285102340792852,0.3132618565903591,0.6975162043045834,1.7187691335080268,1.1528968821910428,0.2677012955923346,1.107792076927857,-1.2743437867417662,0.1664095093462997,8.597560975609756,-0.15485879622954513,-1.1282898880895509,0.3954390300154399,-1.93422037393879,-1.6558102981450296,-0.38461492938572417,-0.26067230379615924,-0.991342119067016,1.2577552303981472,0.6149140496177947
2025-26,004250016,DEN,MIN,-4.5,6,2,0,1,1.0,5.146341463414634,-0.42411396264302353,-0.17833745846461965,0.20513399682051708,-2.0339509509412133,-0.7703112511438702,-0.6617105682835983,0.06396161434875719,-3.0688378401951026,2.7763322239624117,1.1172196174532871,3.3536585365853657,0.3187811581207746,0.1163812080385149,0.0043251143907971365,0.26574753530676887,-0.09805169503175061,0.004129066032047937,0.40778007691869933,0.4164757380482398,0.8132330797266688,0.4383067045958049,1.7926829268292686,-0.7428951207637982,-0.29471866650313455,0.20080888242971995,-2.299698486247982,-0.6722595561121196,-0.6658396343156463,-0.34381846256994214,-3.4853135782433426,1.963099144235743,0.6789129128574822
2025-26,004250017,LAL,HOU,2.5,6,4,1,1,1.0,1.7560975609756098,-0.44055431159053193,-0.5192859885879161,-1.6268608844228905,0.16594782961307694,-0.6859285612228405,1.0515327565093664,-0.5837224642967648,-1.2869027667434778,-0.01255606506025312,0.7745559597100118,5.219512195121951,-0.30630623889451714,-1.5556876099193884,-0.10071337795705206,-0.62421753981217,2.8588877418589993,0.6496616836264469,2.6208323620833265,0.17610023316203186,0.3850350716306219,0.9294324886978137,-3.463414634146342,-0.1342480726960148,1.0364016213314722,-1.5261475064658383,0.790165369425247,-3.5448163030818396,0.40187107288291946,-3.2045548263800914,-1.4630029999055096,-0.39759113669087504,-0.1548765289878019
2025-26,004250020,DET,CLE,-1.4285714285714286,7,3,0,2,1.0,8.158536585365853,1.5642252243427,-1.6823804396960516,-0.8730552334559605,2.0975147934477913,1.5889794037578522,0.19713399007053398,-0.647455829747374,1.6229147356457592,-0.2540376839574704,1.5197742961468146,4.109756097560975,0.11100208530474143,0.6419390831739799,0.22675956877448117,0.34119179307702735,0.2820870366269068,-1.8279473266193396,-0.27310170198790734,-0.9605340058566804,0.031615851877214794,-1.28412862617627,4.048780487804878,1.4532231390379584,-2.3243195228700313,-1.0998148022304417,1.756323000370764,1.3068923671309454,2.0250813166898736,-0.3743541277594667,2.5834487415024396,-0.28565353583468517,2.8039029223230845
2025-26,004250021,NYK,PHI,22.25,4,4,1,2,1.0,6.329268292682927,-0.06399028525157714,0.29846364434003214,-0.829804089548018,0.30531625178338945,1.0835328994899251,-0.4898269272642468,1.0215876174261374,-0.5612836695877133,1.0303905936881022,-0.2367941957837283,-0.18292682926829268,0.9591928116511292,-0.577521103637943,0.43683655347018674,0.5398379185646689,0.06798152157980035,0.45886736978460585,0.9769972313215859,0.3513367105989738,-0.7768120261312914,0.686486959635652,6.512195121951219,-1.0231830969027065,0.8759847479779751,-1.2666406430182047,-0.23452166678127945,1.0155513779101248,-0.9486942970488527,0.04459038610455146,-0.912620380186687,1.8072026198193936,-0.9232811554193803
2025-26,004250022,OKC,LAL,16.0,4,4,1,2,1.0,11.146341463414634,-0.11769512396175844,0.2555748222615164,-0.17485819608494432,1.5665183909983773,-1.1995053448221498,-0.587778034818675,-0.723635315037697,1.533633364666876,0.4226509779633137,-0.9563141659785832,1.7560975609756098,-0.44055431159053193,-0.5192859885879161,-1.6268608844228905,0.16594782961307694,-0.6859285612228405,1.0515327565093664,-0.5837224642967648,-1.2869027667434778,-0.01255606506025312,0.7745559597100118,9.390243902439025,0.3228591876287735,0.7748608108494325,1.4520026883379462,1.4005705613853003,-0.5135767835993093,-1.6393107913280414,-0.13991285074093218,2.820536131410354,0.43520704302356683,-1.730870125688595
2025-26,004250023,SAS,MIN,16.166666666666668,6,4,1,2,1.0,8.304878048780488,0.7834352692997408,0.1568124527033009,0.708700886605799,-1.2367041696342067,0.06295883536299736,0.7682819528053186,0.007028991796175359,0.11644995786084106,-0.016588556343618985,0.7813235589640944,3.3536585365853657,0.3187811581207746,0.1163812080385149,0.0043251143907971365,0.26574753530676887,-0.09805169503175061,0.004129066032047937,0.40778007691869933,0.4164757380482398,0.8132330797266688,0.4383067045958049,4.951219512195122,0.4646541111789662,0.04043124466478601,0.7043757722150018,-1.5024517049409756,0.16101053039474797,0.7641528867732706,-0.400751085122524,-0.3000257801873987,-0.8298216360702878,0.34301685436828955
2025-26,004250030,NYK,CLE,19.25,4,4,1,3,1.0,6.329268292682927,-0.06399028525157714,0.29846364434003214,-0.829804089548018,0.30531625178338945,1.0835328994899251,-0.4898269272642468,1.0215876174261374,-0.5612836695877133,1.0303905936881022,-0.2367941957837283,4.109756097560975,0.11100208530474143,0.6419390831739799,0.22675956877448117,0.34119179307702735,0.2820870366269068,-1.8279473266193396,-0.27310170198790734,-0.9605340058566804,0.031615851877214794,-1.28412862617627,2.2195121951219514,-0.17499237055631855,-0.3434754388339477,-1.056563658322499,-0.0358755412936379,0.8014458628630183,1.3381203993550927,1.2946893194140447,0.3992503362689671,0.9987747418108873,1.0473344303925418
2025-26,004250031,OKC,SAS,-3.7142857142857144,7,3,0,3,1.0,11.146341463414634,-0.11769512396175844,0.2555748222615164,-0.17485819608494432,1.5665183909983773,-1.1995053448221498,-0.587778034818675,-0.723635315037697,1.533633364666876,0.4226509779633137,-0.9563141659785832,8.304878048780488,0.7834352692997408,0.1568124527033009,0.708700886605799,-1.2367041696342067,0.06295883536299736,0.7682819528053186,0.007028991796175359,0.11644995786084106,-0.016588556343618985,0.7813235589640944,2.8414634146341466,-0.9011303932614992,0.09876236955821549,-0.8835590826907433,2.803222560632584,-1.262464180185147,-1.3560599876239936,-0.7306643068338723,1.417183406806035,0.4392395343069327,-1.7376377249426778
2025-26,004250040,SAS,NYK,-2.4,5,1,0,4,1.0,8.304878048780488,0.7834352692997408,0.1568124527033009,0.708700886605799,-1.2367041696342067,0.06295883536299736,0.7682819528053186,0.007028991796175359,0.11644995786084106,-0.016588556343618985,0.7813235589640944,6.329268292682927,-0.06399028525157714,0.29846364434003214,-0.829804089548018,0.30531625178338945,1.0835328994899251,-0.4898269272642468,1.0215876174261374,-0.5612836695877133,1.0303905936881022,-0.2367941957837283,1.975609756097561,0.847425554551318,-0.14165119163673123,1.538504976153817,-1.542020421417596,-1.0205740641269279,1.2581088800695654,-1.014558625629962,0.6777336274485544,-1.0469791500317212,1.0181177547478226
