scenario,team_abbr,player_name,player_id,is_rookie,draft_slot,consensus_net,impact_source,prior_mpg,mpg_source,rs_avail,position,pool,pct_mpg,pct_net,rank_score,team_2025_26,moved_teams,curve_weight,mpg,rot_rank,ceiling,at_ceiling
baseline,ATL,Dyson Daniels,1630700.0,False,,3.59,player_value,33.15197368421053,measured_2025_26,1.0,Guard,guard,0.9377358490566038,0.940566037735849,0.9391509433962264,ATL,False,0.5,33.26446907381309,1,36.0,False
baseline,ATL,Jalen Johnson,1630552.0,False,,1.7,player_value,35.16097222222223,measured_2025_26,1.0,Forward,forward,0.9886792452830189,0.7471698113207547,0.8679245283018868,ATL,False,0.5,32.7798117030786,2,36.0,False
baseline,ATL,Nickeil Alexander-Walker,1629638.0,False,,1.02,player_value,33.37448717948718,measured_2025_26,1.0,Guard,guard,0.9528301886792453,0.630188679245283,0.7915094339622641,ATL,False,0.5,30.747999566220308,3,36.0,False
baseline,ATL,Onyeka Okongwu,1630168.0,False,,1.28,player_value,31.04,measured_2025_26,1.0,Forward-Center,big,0.8830188679245283,0.6811320754716981,0.7820754716981132,ATL,False,0.5,28.28129807975953,4,34.04,False
baseline,ATL,CJ McCollum,203468.0,False,,1.2,player_value,29.78223684210526,measured_2025_26,1.0,Guard,guard,0.8377358490566038,0.6669811320754717,0.7523584905660378,ATL,False,0.5,26.440522336397468,5,32.78223684210526,False
baseline,ATL,Jonathan Kuminga,1630228.0,False,,1.33,player_value,23.06972222222222,measured_2025_26,1.0,Forward,forward,0.6037735849056604,0.689622641509434,0.6466981132075471,ATL,False,0.5,21.920150142180667,6,26.06972222222222,False
baseline,ATL,Jock Landale,1629111.0,False,,-0.0,player_value,22.148970588235294,measured_2025_26,1.0,Center,big,0.5716981132075472,0.47547169811320755,0.5235849056603774,ATL,False,0.5,19.12685200033153,7,25.148970588235294,False
baseline,ATL,Zaccharie Risacher,1642258.0,False,,-1.43,player_value,22.436716417910446,measured_2025_26,1.0,Forward,forward,0.5773584905660377,0.26037735849056604,0.4188679245283019,ATL,False,0.5,18.46698035745108,8,25.436716417910446,False
baseline,ATL,Mouhamed Gueye,1631243.0,False,,2.13,player_value,15.309480519480518,measured_2025_26,1.0,Forward,forward,0.3113207547169811,0.8084905660377358,0.5599056603773584,ATL,False,0.5,16.963491305369686,9,18.309480519480516,False
baseline,ATL,Asa Newell,1642854.0,False,,0.86,player_value,11.361818181818181,measured_2025_26,1.0,Forward,forward,0.19056603773584907,0.6084905660377359,0.39952830188679245,ATL,False,0.5,12.008425435398056,10,14.361818181818181,False
baseline,BKN,Michael Porter Jr.,1629008.0,False,,0.36,player_value,32.473269230769226,measured_2025_26,1.0,Forward,forward,0.9226415094339623,0.5273584905660378,0.7250000000000001,BKN,False,0.5,35.473269230769226,1,35.473269230769226,True
baseline,BKN,Terance Mann,1629611.0,False,,0.72,player_value,24.27063492063492,measured_2025_26,1.0,Guard-Forward,guard,0.6433962264150943,0.590566037735849,0.6169811320754717,BKN,False,0.5,27.27063492063492,2,27.27063492063492,True
baseline,BKN,Nic Claxton,1629651.0,False,,-1.04,player_value,27.831594202898554,measured_2025_26,1.0,Center,big,0.7679245283018868,0.3132075471698113,0.5405660377358491,BKN,False,0.5,26.662768063355372,3,30.831594202898554,False
baseline,BKN,Egor Dëmin,1642856.0,False,,-0.18,player_value,25.158076923076923,measured_2025_26,1.0,Guard,guard,0.6698113207547169,0.44528301886792454,0.5575471698113208,BKN,False,0.5,26.64778483301937,4,28.158076923076923,False
baseline,BKN,Malachi Smith,1641869.0,False,,-0.59,player_value,23.922,measured_2025_26,1.0,Guard,guard,0.6283018867924528,0.38301886792452833,0.5056603773584906,BKN,False,0.5,21.99842698056028,5,26.922,False
baseline,BKN,Day'Ron Sharpe,1630549.0,False,,3.1,player_value,18.70935483870968,measured_2025_26,1.0,Center,big,0.439622641509434,0.9037735849056604,0.6716981132075472,BKN,False,0.5,21.70935483870968,6,21.70935483870968,True
baseline,BKN,Chaney Johnson,1643052.0,False,,0.52,player_value,20.44529411764706,measured_2025_26,1.0,Guard-Forward,guard,0.4962264150943396,0.5566037735849056,0.5264150943396226,BKN,False,0.5,21.40513387789896,7,23.44529411764706,False
baseline,BKN,Ziaire Williams,1630533.0,False,,-1.01,player_value,22.87964285714286,measured_2025_26,1.0,Forward,forward,0.5981132075471698,0.32264150943396225,0.46037735849056605,BKN,False,0.5,20.56470900949174,8,25.87964285714286,False
baseline,BKN,Josh Minott,1631169.0,False,,2.58,player_value,17.015102040816327,measured_2025_26,1.0,Forward,forward,0.37735849056603776,0.8452830188679246,0.6113207547169812,BKN,False,0.5,20.015102040816327,9,20.015102040816327,True
baseline,BKN,Danny Wolf,1642874.0,False,,-0.7,player_value,20.827368421052633,measured_2025_26,1.0,Forward,forward,0.5150943396226415,0.37264150943396224,0.44386792452830187,BKN,False,0.5,18.252816204744114,10,23.827368421052633,False
baseline,BOS,Derrick White,1628401.0,False,,4.5,player_value,34.09025974025974,measured_2025_26,1.0,Guard,guard,0.9660377358490566,0.9716981132075472,0.9688679245283018,BOS,False,0.5,33.40923808559235,1,36.0,False
baseline,BOS,Jayson Tatum,1628369.0,False,,4.32,player_value,32.615,measured_2025_26,1.0,Forward-Guard,forward,0.9245283018867925,0.9669811320754716,0.945754716981132,BOS,False,0.5,31.261319681756923,2,35.615,False
baseline,BOS,Payton Pritchard,1630202.0,False,,2.75,player_value,32.34898734177215,measured_2025_26,1.0,Guard,guard,0.9188679245283019,0.870754716981132,0.894811320754717,BOS,False,0.5,29.975850552577683,3,35.34898734177215,False
baseline,BOS,Jaylen Brown,1627759.0,False,,-0.56,player_value,34.406478873239436,measured_2025_26,1.0,Guard-Forward,guard,0.969811320754717,0.3905660377358491,0.680188679245283,BOS,False,0.5,25.948826694965625,4,36.0,False
baseline,BOS,Nikola Vučević,202696.0,False,,1.77,player_value,28.408125,measured_2025_26,1.0,Center,big,0.7867924528301887,0.7650943396226415,0.7759433962264151,BOS,False,0.5,25.540922885107275,5,31.408125,False
baseline,BOS,Neemias Queta,1629674.0,False,,4.52,player_value,25.34513157894737,measured_2025_26,1.0,Center,big,0.6716981132075471,0.9735849056603774,0.8226415094339623,BOS,False,0.5,25.2967836416872,6,28.34513157894737,False
baseline,BOS,Sam Hauser,1630573.0,False,,1.72,player_value,24.797564102564102,measured_2025_26,1.0,Forward,forward,0.6547169811320754,0.7518867924528302,0.7033018867924528,BOS,False,0.5,22.54661653907178,7,27.797564102564102,False
baseline,BOS,Luka Garza,1630568.0,False,,2.06,player_value,16.201159420289855,measured_2025_26,1.0,Center,big,0.3433962264150943,0.7981132075471699,0.5707547169811321,BOS,False,0.5,16.10502184614406,8,19.201159420289855,False
baseline,BOS,Baylor Scheierman,1631248.0,False,,1.07,player_value,18.563116883116884,measured_2025_26,1.0,Guard,guard,0.4320754716981132,0.6386792452830189,0.5353773584905661,BOS,False,0.5,15.345371217168141,9,21.563116883116884,False
baseline,BOS,Hugo González,1642864.0,False,,1.96,player_value,14.647972972972974,measured_2025_26,1.0,Guard,guard,0.28867924528301886,0.7915094339622641,0.5400943396226415,BOS,False,0.5,14.570048855928997,10,17.647972972972973,False
baseline,CHA,Kon Knueppel,1642851.0,False,,3.69,player_value,31.49074074074074,measured_2025_26,1.0,Guard-Forward,guard,0.9018867924528302,0.9452830188679245,0.9235849056603773,CHA,False,0.5,32.83842961378056,1,34.49074074074074,False
baseline,CHA,Moussa Diabaté,1631217.0,False,,6.29,player_value,26.013150684931507,measured_2025_26,1.0,Forward,forward,0.6962264150943396,0.9924528301886792,0.8443396226415094,CHA,False,0.5,28.68977115691569,2,29.013150684931507,False
baseline,CHA,LaMelo Ball,1630163.0,False,,2.29,player_value,28.020555555555557,measured_2025_26,1.0,Guard,guard,0.7735849056603774,0.8283018867924529,0.8009433962264152,CHA,False,0.5,28.488312546548382,3,31.020555555555557,False
baseline,CHA,Brandon Miller,1641706.0,False,,1.09,player_value,30.281846153846153,measured_2025_26,1.0,Forward,forward,0.8547169811320755,0.6462264150943396,0.7504716981132076,CHA,False,0.5,28.238770479514738,4,33.28184615384615,False
baseline,CHA,Miles Bridges,1628970.0,False,,-0.57,player_value,31.002727272727274,measured_2025_26,1.0,Forward,forward,0.8811320754716981,0.3877358490566038,0.6344339622641509,CHA,False,0.5,24.82882987051941,5,34.00272727272727,False
baseline,CHA,Coby White,1629632.0,False,,1.19,player_value,24.996799999999997,measured_2025_26,1.0,Guard,guard,0.6641509433962264,0.6641509433962264,0.6641509433962264,CHA,False,0.5,24.408685246335356,6,27.996799999999997,False
baseline,CHA,Sion James,1642883.0,False,,1.5,player_value,22.480243902439025,measured_2025_26,1.0,Guard,guard,0.5830188679245283,0.7188679245283018,0.6509433962264151,CHA,False,0.5,21.886283223841254,7,25.480243902439025,False
baseline,CHA,Ryan Kalkbrenner,1641750.0,False,,1.46,player_value,21.437391304347827,measured_2025_26,1.0,Center,big,0.539622641509434,0.7113207547169811,0.6254716981132076,CHA,False,0.5,19.000928354337074,8,24.437391304347827,False
baseline,CHA,Grant Williams,1629684.0,False,,0.58,player_value,19.763333333333335,measured_2025_26,1.0,Forward,forward,0.4679245283018868,0.5707547169811321,0.5193396226415095,CHA,False,0.5,17.374753818719192,9,22.763333333333335,False
baseline,CHA,Josh Green,1630182.0,False,,-0.22,player_value,15.654310344827588,measured_2025_26,1.0,Guard,guard,0.31886792452830187,0.4358490566037736,0.37735849056603776,CHA,False,0.5,14.245235689488338,10,18.654310344827586,False
baseline,CHI,Josh Giddey,1630581.0,False,,1.8,player_value,32.06203703703704,measured_2025_26,1.0,Guard,guard,0.9132075471698113,0.7679245283018868,0.840566037735849,CHI,False,0.5,34.084502045494574,1,35.06203703703704,False
baseline,CHI,Tre Jones,1630200.0,False,,1.23,player_value,26.96,measured_2025_26,1.0,Guard,guard,0.7320754716981132,0.6726415094339623,0.7023584905660377,CHI,False,0.5,29.96,2,29.96,True
baseline,CHI,Matas Buzelis,1641824.0,False,,-0.47,player_value,29.198571428571427,measured_2025_26,1.0,Forward,forward,0.8150943396226416,0.41132075471698115,0.6132075471698113,CHI,False,0.5,28.518426041385577,3,32.19857142857143,False
baseline,CHI,Isaac Okoro,1630171.0,False,,-0.17,player_value,26.903492063492063,measured_2025_26,1.0,Forward-Guard,forward,0.7264150943396226,0.4481132075471698,0.5872641509433962,CHI,False,0.5,26.080245910837906,4,29.903492063492063,False
baseline,CHI,Anfernee Simons,1629014.0,False,,-0.19,player_value,24.944909090909093,measured_2025_26,1.0,Guard,guard,0.6584905660377358,0.44245283018867926,0.5504716981132075,CHI,False,0.5,23.764818187976758,5,27.944909090909093,False
baseline,CHI,Jalen Smith,1630188.0,False,,2.08,player_value,20.667735849056605,measured_2025_26,1.0,Forward-Center,big,0.5113207547169811,0.8009433962264151,0.6561320754716982,CHI,False,0.5,23.667735849056605,6,23.667735849056605,True
baseline,CHI,Collin Sexton,1629012.0,False,,-0.79,player_value,23.723676470588234,measured_2025_26,1.0,Guard,guard,0.6188679245283019,0.3660377358490566,0.49245283018867925,CHI,False,0.5,20.705510530235014,7,26.723676470588234,False
baseline,CHI,Zach Collins,1628380.0,False,,0.6,player_value,18.372999999999998,measured_2025_26,1.0,Forward-Center,big,0.42452830188679247,0.5801886792452831,0.5023584905660378,CHI,False,0.5,19.201930746992414,8,21.372999999999998,False
baseline,CHI,Mouhamadou Gueye,1631338.0,False,,-2.0,replacement,22.725,measured_2025_26,1.0,Forward,forward,0.5943396226415094,0.15943396226415094,0.3768867924528302,CHI,False,0.5,18.217166154302753,9,25.725,False
baseline,CHI,Leonard Miller,1631159.0,False,,0.94,player_value,15.622826086956522,measured_2025_26,1.0,Forward,forward,0.3150943396226415,0.619811320754717,0.4674528301886792,CHI,False,0.5,15.799664533718381,10,18.622826086956522,False
baseline,CLE,Donovan Mitchell,1628378.0,False,,3.99,player_value,33.458285714285715,measured_2025_26,1.0,Guard,guard,0.9547169811320755,0.9584905660377359,0.9566037735849057,CLE,False,0.5,32.83481262313399,1,36.0,False
baseline,CLE,James Harden,201935.0,False,,1.61,player_value,34.834857142857146,measured_2025_26,1.0,Guard,guard,0.9773584905660377,0.7405660377358491,0.8589622641509433,CLE,False,0.5,30.909684612051507,2,36.0,False
baseline,CLE,Evan Mobley,1630596.0,False,,4.02,player_value,31.913076923076922,measured_2025_26,1.0,Center,big,0.9113207547169812,0.960377358490566,0.9358490566037736,CLE,False,0.5,30.671332049122956,3,34.91307692307692,False
baseline,CLE,Jarrett Allen,1628386.0,False,,3.45,player_value,27.12857142857143,measured_2025_26,1.0,Center,big,0.7396226415094339,0.9254716981132075,0.8325471698113207,CLE,False,0.5,25.935604251368936,4,30.12857142857143,False
baseline,CLE,Sam Merrill,1630241.0,False,,1.6,player_value,26.482307692307693,measured_2025_26,1.0,Guard,guard,0.7169811320754716,0.7367924528301887,0.7268867924528302,CLE,False,0.5,23.161175398786344,5,29.482307692307693,False
baseline,CLE,Dean Wade,1629731.0,False,,3.74,player_value,22.333220338983054,measured_2025_26,1.0,Forward-Center,big,0.5754716981132075,0.9490566037735849,0.7622641509433963,CLE,False,0.5,22.44733872236937,6,25.333220338983054,False
baseline,CLE,Jaylon Tyson,1642281.0,False,,0.04,player_value,26.931515151515153,measured_2025_26,1.0,Guard-Forward,guard,0.730188679245283,0.4811320754716981,0.6056603773584905,CLE,False,0.5,21.066493939065847,7,29.931515151515153,False
baseline,CLE,Keon Ellis,1631165.0,False,,1.61,player_value,20.536805555555556,measured_2025_26,1.0,Guard,guard,0.5037735849056604,0.7405660377358491,0.6221698113207548,CLE,False,0.5,19.151672403495954,8,23.536805555555556,False
baseline,CLE,Max Strus,1629622.0,False,,0.36,player_value,24.025000000000002,measured_2025_26,1.0,Guard-Forward,guard,0.6320754716981132,0.5273584905660378,0.5797169811320755,CLE,False,0.5,18.901696649084812,9,27.025000000000002,False
baseline,CLE,Craig Porter Jr.,1641854.0,False,,0.7,player_value,17.93296875,measured_2025_26,1.0,Guard,guard,0.41320754716981134,0.5858490566037736,0.4995283018867925,CLE,False,0.5,14.920189351520257,10,20.93296875,False
baseline,DAL,Cooper Flagg,1642843.0,False,,0.86,player_value,33.34614285714286,measured_2025_26,1.0,Forward,forward,0.9509433962264151,0.6084905660377359,0.7797169811320754,DAL,False,0.5,36.0,1,36.0,True
baseline,DAL,P.J. Washington,1629023.0,False,,0.07,player_value,30.78964285714286,measured_2025_26,1.0,Forward,forward,0.869811320754717,0.4877358490566038,0.6787735849056604,DAL,False,0.5,33.491324448417615,2,33.78964285714286,False
baseline,DAL,Naji Marshall,1630230.0,False,,0.07,player_value,29.425270270270268,measured_2025_26,1.0,Forward,forward,0.8207547169811321,0.4877358490566038,0.654245283018868,DAL,False,0.5,29.822769726876487,3,32.42527027027027,False
baseline,DAL,Max Christie,1631108.0,False,,-1.01,player_value,29.034675324675327,measured_2025_26,1.0,Guard,guard,0.809433962264151,0.32264150943396225,0.5660377358490566,DAL,False,0.5,28.15778604366482,4,32.03467532467533,False
baseline,DAL,Daniel Gafford,1629655.0,False,,3.84,player_value,21.519636363636362,measured_2025_26,1.0,Forward-Center,big,0.5415094339622641,0.9537735849056603,0.7476415094339622,DAL,False,0.5,24.519636363636362,5,24.519636363636362,True
baseline,DAL,Marvin Bagley III,1628963.0,False,,0.87,player_value,20.014833333333335,measured_2025_26,1.0,Forward,forward,0.4830188679245283,0.6122641509433963,0.5476415094339623,DAL,False,0.5,21.83957962899811,6,23.014833333333335,False
baseline,DAL,Brandon Williams,1630314.0,False,,-0.24,player_value,22.107575757575756,measured_2025_26,1.0,Guard,guard,0.5660377358490566,0.4320754716981132,0.4990566037735849,DAL,False,0.5,20.785482735775016,7,25.107575757575756,False
baseline,DAL,Dereck Lively II,1641726.0,False,,4.48,player_value,16.470000000000002,measured_2025_26,1.0,Center,big,0.35283018867924526,0.969811320754717,0.6613207547169812,DAL,False,0.5,19.470000000000002,8,19.470000000000002,True
baseline,DAL,Moussa Cisse,1630619.0,False,,1.54,player_value,13.91342105263158,measured_2025_26,1.0,Center,big,0.27169811320754716,0.7292452830188679,0.5004716981132076,DAL,False,0.5,16.91342105263158,9,16.91342105263158,True
baseline,DAL,Kyrie Irving,202681.0,False,,3.48,player_value,6.0,default_fringe,1.0,Guard,guard,0.05471698113207547,0.9330188679245283,0.49386792452830186,DAL,False,0.5,9.0,10,9.0,True
baseline,DEN,Nikola Jokić,203999.0,False,,6.63,player_value,34.844,measured_2025_26,1.0,Center,big,0.9792452830188679,0.9943396226415094,0.9867924528301887,DEN,False,0.5,33.31534434941167,1,36.0,False
baseline,DEN,Jamal Murray,1627750.0,False,,1.95,player_value,35.35906666666666,measured_2025_26,1.0,Guard,guard,0.9905660377358491,0.7867924528301887,0.8886792452830189,DEN,False,0.5,32.1361624315856,2,36.0,False
baseline,DEN,Christian Braun,1631128.0,False,,2.44,player_value,31.79909090909091,measured_2025_26,1.0,Guard,guard,0.9075471698113208,0.8415094339622642,0.8745283018867924,DEN,False,0.5,29.312614141095157,3,34.79909090909091,False
baseline,DEN,Cameron Johnson,1629661.0,False,,2.37,player_value,30.500555555555554,measured_2025_26,1.0,Forward,forward,0.8641509433962264,0.8349056603773585,0.8495283018867925,DEN,False,0.5,27.390555636437508,4,33.50055555555555,False
baseline,DEN,Aaron Gordon,203932.0,False,,3.2,player_value,27.91611111111111,measured_2025_26,1.0,Forward,forward,0.7716981132075472,0.9113207547169812,0.8415094339622642,DEN,False,0.5,24.964727752838872,5,30.91611111111111,False
baseline,DEN,Peyton Watson,1631212.0,False,,-0.14,player_value,29.588148148148147,measured_2025_26,1.0,Guard,guard,0.8264150943396227,0.4528301886792453,0.6396226415094339,DEN,False,0.5,24.505140517107037,6,32.58814814814815,False
baseline,DEN,Tim Hardaway Jr.,203501.0,False,,-1.07,player_value,26.59175,measured_2025_26,1.0,Guard-Forward,guard,0.7226415094339622,0.30471698113207546,0.5136792452830188,DEN,False,0.5,20.794555518788695,7,29.59175,False
baseline,DEN,Spencer Jones,1642461.0,False,,-0.86,player_value,22.13734375,measured_2025_26,1.0,Forward,forward,0.569811320754717,0.35566037735849054,0.46273584905660375,DEN,False,0.5,17.910313160243454,8,25.13734375,False
baseline,DEN,Jonas Valančiūnas,202685.0,False,,2.76,player_value,13.40076923076923,measured_2025_26,1.0,Center,big,0.25660377358490566,0.8745283018867924,0.565566037735849,DEN,False,0.5,15.680717906504194,9,16.400769230769228,False
baseline,DEN,Jalen Pickett,1629618.0,False,,0.07,player_value,16.13,measured_2025_26,1.0,Guard,guard,0.34150943396226413,0.4877358490566038,0.41462264150943395,DEN,False,0.5,13.989868585987834,10,19.13,False
baseline,DET,Cade Cunningham,1630595.0,False,,3.62,player_value,33.93234375,measured_2025_26,1.0,Guard,guard,0.9641509433962264,0.9433962264150944,0.9537735849056603,DET,False,0.5,34.81107571111658,1,36.0,False
baseline,DET,Tobias Harris,202699.0,False,,2.68,player_value,27.706825396825398,measured_2025_26,1.0,Forward,forward,0.7641509433962265,0.8566037735849057,0.810377358490566,DET,False,0.5,30.193533813582896,2,30.706825396825398,False
baseline,DET,Ausar Thompson,1641709.0,False,,3.39,player_value,25.967260273972602,measured_2025_26,1.0,Guard-Forward,guard,0.6943396226415094,0.9226415094339623,0.8084905660377358,DET,False,0.5,28.114532701828708,3,28.967260273972602,False
baseline,DET,Jalen Duren,1631105.0,False,,2.22,player_value,28.226142857142857,measured_2025_26,1.0,Center,big,0.7754716981132076,0.8150943396226416,0.7952830188679245,DET,False,0.5,27.858070894256144,4,31.226142857142857,False
baseline,DET,Duncan Robinson,1629130.0,False,,1.18,player_value,27.44441558441558,measured_2025_26,1.0,Forward,forward,0.7528301886792453,0.6613207547169812,0.7070754716981132,DET,False,0.5,26.191242294660373,5,30.44441558441558,False
baseline,DET,Kevin Huerter,1628989.0,False,,1.53,player_value,22.45086956521739,measured_2025_26,1.0,Guard-Forward,guard,0.5792452830188679,0.7254716981132076,0.6523584905660378,DET,False,0.5,22.372934683595854,6,25.45086956521739,False
baseline,DET,Isaiah Stewart,1630191.0,False,,0.35,player_value,22.70948275862069,measured_2025_26,1.0,Forward-Center,big,0.5924528301886792,0.5226415094339623,0.5575471698113208,DET,False,0.5,19.245382154657875,7,25.70948275862069,False
baseline,DET,Javonte Green,1629750.0,False,,2.41,player_value,17.635365853658534,measured_2025_26,1.0,Guard,guard,0.4037735849056604,0.839622641509434,0.6216981132075472,DET,False,0.5,18.71587405890661,8,20.635365853658534,False
baseline,DET,Daniss Jenkins,1642450.0,False,,0.27,player_value,20.213472222222222,measured_2025_26,1.0,Guard,guard,0.4867924528301887,0.5141509433962265,0.5004716981132076,DET,False,0.5,16.850444646572647,9,23.213472222222222,False
baseline,DET,Paul Reed,1630194.0,False,,3.82,player_value,13.856615384615385,measured_2025_26,1.0,Center,big,0.269811320754717,0.9509433962264151,0.6103773584905661,DET,False,0.5,15.646909040822317,10,16.856615384615385,False
baseline,GSW,Jimmy Butler III,202710.0,False,,4.88,player_value,31.096578947368425,measured_2025_26,1.0,Forward,forward,0.8849056603773585,0.9867924528301887,0.9358490566037736,GSW,False,0.5,32.83586351133966,1,34.09657894736843,False
baseline,GSW,Stephen Curry,201939.0,False,,3.45,player_value,30.901162790697676,measured_2025_26,1.0,Guard,guard,0.8754716981132076,0.9254716981132075,0.9004716981132075,GSW,False,0.5,31.259256361913394,2,33.901162790697676,False
baseline,GSW,Brandin Podziemski,1641764.0,False,,2.27,player_value,28.447926829268294,measured_2025_26,1.0,Guard,guard,0.7905660377358491,0.8235849056603773,0.8070754716981132,GSW,False,0.5,28.864208347848514,3,31.447926829268294,False
baseline,GSW,Kristaps Porziņģis,204001.0,False,,2.73,player_value,24.030625,measured_2025_26,1.0,Forward-Center,big,0.6339622641509434,0.8660377358490566,0.75,GSW,False,0.5,25.33066795514649,4,27.030625,False
baseline,GSW,Al Horford,201143.0,False,,2.86,player_value,21.538222222222224,measured_2025_26,1.0,Center-Forward,big,0.5433962264150943,0.8886792452830189,0.7160377358490566,GSW,False,0.5,22.850877807489233,5,24.538222222222224,False
baseline,GSW,Moses Moody,1630541.0,False,,1.33,player_value,25.665666666666667,measured_2025_26,1.0,Guard,guard,0.6754716981132075,0.689622641509434,0.6825471698113208,GSW,False,0.5,22.350189036834724,6,28.665666666666667,False
baseline,GSW,De'Anthony Melton,1629001.0,False,,1.91,player_value,22.96551020408163,measured_2025_26,1.0,Guard,guard,0.6018867924528302,0.7811320754716982,0.6915094339622642,GSW,False,0.5,22.252201566341185,7,25.96551020408163,False
baseline,GSW,Draymond Green,203110.0,False,,0.75,player_value,27.484264705882353,measured_2025_26,1.0,Forward,forward,0.7547169811320755,0.5962264150943396,0.6754716981132076,GSW,False,0.5,22.083594341582103,8,30.484264705882353,False
baseline,GSW,Gui Santos,1630611.0,False,,1.43,player_value,20.521029411764708,measured_2025_26,1.0,Forward,forward,0.5018867924528302,0.7047169811320755,0.6033018867924529,GSW,False,0.5,17.848308716979286,9,23.521029411764708,False
baseline,GSW,Gary Payton II,1627780.0,False,,2.26,player_value,15.647534246575342,measured_2025_26,1.0,Guard,guard,0.3169811320754717,0.8207547169811321,0.5688679245283019,GSW,False,0.5,14.324832354525428,10,18.64753424657534,False
baseline,HOU,Amen Thompson,1641708.0,False,,3.48,player_value,37.2279746835443,measured_2025_26,1.0,Guard-Forward,guard,0.9981132075471698,0.9330188679245283,0.965566037735849,HOU,False,0.5,34.83278615012653,1,36.0,False
baseline,HOU,Kevin Durant,201142.0,False,,1.77,player_value,36.27346153846154,measured_2025_26,1.0,Forward,forward,0.9962264150943396,0.7650943396226415,0.8806603773584906,HOU,False,0.5,31.78282480801008,2,36.0,False
baseline,HOU,Alperen Sengun,1630578.0,False,,2.37,player_value,33.141666666666666,measured_2025_26,1.0,Center,big,0.9339622641509434,0.8349056603773585,0.8844339622641509,HOU,False,0.5,31.44274166555131,3,36.0,False
baseline,HOU,Jabari Smith Jr.,1631095.0,False,,0.38,player_value,35.134935064935064,measured_2025_26,1.0,Forward,forward,0.9867924528301887,0.5358490566037736,0.7613207547169811,HOU,False,0.5,28.696135487902374,4,36.0,False
baseline,HOU,Tari Eason,1631106.0,False,,3.08,player_value,25.69183333333333,measured_2025_26,1.0,Forward,forward,0.6773584905660377,0.9018867924528302,0.789622641509434,HOU,False,0.5,25.405634735308393,5,28.69183333333333,False
baseline,HOU,Reed Sheppard,1642263.0,False,,0.04,player_value,26.126829268292685,measured_2025_26,1.0,Guard,guard,0.7018867924528301,0.4811320754716981,0.5915094339622642,HOU,False,0.5,21.9365824147509,6,29.126829268292685,False
baseline,HOU,Steven Adams,203500.0,False,,3.22,player_value,22.6521875,measured_2025_26,1.0,Center,big,0.590566037735849,0.9150943396226415,0.7528301886792452,HOU,False,0.5,21.471507659849582,7,25.6521875,False
baseline,HOU,Dorian Finney-Smith,1627827.0,False,,1.98,player_value,16.765135135135132,measured_2025_26,1.0,Forward,forward,0.37169811320754714,0.7962264150943397,0.5839622641509434,HOU,False,0.5,16.338245136400243,8,19.765135135135132,False
baseline,HOU,Josh Okogie,1629006.0,False,,1.52,player_value,17.254871794871796,measured_2025_26,1.0,Guard,guard,0.3886792452830189,0.7216981132075472,0.555188679245283,HOU,False,0.5,14.686192889508389,9,20.254871794871796,False
baseline,HOU,Clint Capela,203991.0,False,,3.16,player_value,12.281733333333333,measured_2025_26,1.0,Center,big,0.22641509433962265,0.909433962264151,0.5679245283018868,HOU,False,0.5,13.407349052592172,10,15.281733333333333,False
baseline,IND,Pascal Siakam,1627783.0,False,,3.22,player_value,33.17161290322581,measured_2025_26,1.0,Forward,forward,0.939622641509434,0.9150943396226415,0.9273584905660377,IND,False,0.5,35.634760954796256,1,36.0,False
baseline,IND,Ivica Zubac,1627826.0,False,,2.74,player_value,30.140208333333334,measured_2025_26,1.0,Center,big,0.8490566037735849,0.8679245283018868,0.8584905660377359,IND,False,0.5,32.50816752324585,2,33.140208333333334,False
baseline,IND,Aaron Nesmith,1630174.0,False,,0.84,player_value,29.666444444444444,measured_2025_26,1.0,Guard-Forward,guard,0.8320754716981132,0.6018867924528302,0.7169811320754718,IND,False,0.5,31.01130663963819,3,32.666444444444444,False
baseline,IND,Andrew Nembhard,1629614.0,False,,-1.01,player_value,31.326666666666664,measured_2025_26,1.0,Guard-Forward,guard,0.8962264150943396,0.32264150943396225,0.6094339622641509,IND,False,0.5,27.74695773019479,4,34.32666666666667,False
baseline,IND,Jalen Slawson,1641771.0,False,,1.25,player_value,23.886923076923075,measured_2025_26,1.0,Forward,forward,0.6245283018867924,0.6754716981132075,0.6499999999999999,IND,False,0.5,26.58737344878103,5,26.886923076923075,False
baseline,IND,Jay Huff,1630643.0,False,,1.75,player_value,20.966463414634145,measured_2025_26,1.0,Center,big,0.5226415094339623,0.7603773584905661,0.6415094339622642,IND,False,0.5,23.75583168085861,6,23.966463414634145,False
baseline,IND,T.J. McConnell,204456.0,False,,1.9,player_value,17.188214285714285,measured_2025_26,1.0,Guard,guard,0.3849056603773585,0.779245283018868,0.5820754716981132,IND,False,0.5,19.138984569753905,7,20.188214285714285,False
baseline,IND,Obi Toppin,1630167.0,False,,1.48,player_value,17.655,measured_2025_26,1.0,Forward,forward,0.4056603773584906,0.7132075471698113,0.5594339622641509,IND,False,0.5,18.159048731881676,8,20.655,False
baseline,IND,Quenton Jackson,1631245.0,False,,0.37,player_value,18.315102040816328,measured_2025_26,1.0,Guard,guard,0.4188679245283019,0.5330188679245284,0.4759433962264151,IND,False,0.5,16.457568720849693,9,21.315102040816328,False
baseline,IND,Tyrese Haliburton,1630169.0,False,,4.72,player_value,6.0,default_fringe,1.0,Guard,guard,0.05471698113207547,0.9792452830188679,0.5169811320754717,IND,False,0.5,9.0,10,9.0,True
baseline,LAC,Kawhi Leonard,202695.0,False,,5.95,player_value,32.07292307692308,measured_2025_26,1.0,Forward,forward,0.9150943396226415,0.9905660377358491,0.9528301886792453,LAC,False,0.5,33.286720580490055,1,35.07292307692308,False
baseline,LAC,Kris Dunn,1627739.0,False,,1.82,player_value,27.195487804878052,measured_2025_26,1.0,Guard,guard,0.7452830188679245,0.769811320754717,0.7575471698113208,LAC,False,0.5,29.412266455279678,2,30.195487804878052,False
baseline,LAC,Darius Garland,1629636.0,False,,0.48,player_value,29.873555555555555,measured_2025_26,1.0,Guard,guard,0.8415094339622642,0.55,0.6957547169811321,LAC,False,0.5,28.17791871895279,3,32.873555555555555,False
baseline,LAC,Derrick Jones Jr.,1627884.0,False,,1.35,player_value,26.9902,measured_2025_26,1.0,Forward,forward,0.7358490566037735,0.6952830188679245,0.715566037735849,LAC,False,0.5,28.123214605389627,4,29.9902,False
baseline,LAC,John Collins,1628381.0,False,,-0.28,player_value,27.121884057971016,measured_2025_26,1.0,Forward-Center,big,0.7377358490566037,0.42452830188679247,0.5811320754716981,LAC,False,0.5,23.045832847492644,5,30.121884057971016,False
baseline,LAC,Brook Lopez,201572.0,False,,1.73,player_value,21.804133333333333,measured_2025_26,1.0,Center,big,0.5528301886792453,0.7547169811320755,0.6537735849056604,LAC,False,0.5,22.961556439043797,6,24.804133333333333,False
baseline,LAC,Bennedict Mathurin,1631097.0,False,,-1.87,player_value,30.00037037037037,measured_2025_26,1.0,Guard-Forward,guard,0.8471698113207548,0.22641509433962265,0.5367924528301887,LAC,False,0.5,22.487825200367034,7,33.00037037037037,False
baseline,LAC,Isaiah Jackson,1630543.0,False,,2.19,player_value,16.515272727272727,measured_2025_26,1.0,Forward,forward,0.35471698113207545,0.8132075471698114,0.5839622641509434,LAC,False,0.5,19.065272297963944,8,19.515272727272727,False
baseline,LAC,Bogdan Bogdanović,203992.0,False,,1.01,player_value,19.655652173913044,measured_2025_26,1.0,Guard,guard,0.4641509433962264,0.6264150943396226,0.5452830188679245,LAC,False,0.5,18.21992708228186,9,22.655652173913044,False
baseline,LAC,Nicolas Batum,201587.0,False,,1.23,player_value,17.494729729729727,measured_2025_26,1.0,Guard-Forward,guard,0.4,0.6726415094339623,0.5363207547169812,LAC,False,0.5,15.219465772738575,10,20.494729729729727,False
baseline,LAL,Luka Dončić,1629029.0,False,,4.63,player_value,35.76015625,measured_2025_26,1.0,Forward-Guard,forward,0.9943396226415094,0.9754716981132076,0.9849056603773585,LAL,False,0.5,33.644011793379825,1,36.0,False
baseline,LAL,LeBron James,2544.0,False,,2.77,player_value,33.15116666666667,measured_2025_26,1.0,Forward,forward,0.9358490566037736,0.8773584905660378,0.9066037735849057,LAL,False,0.5,30.997847325617816,2,36.0,False
baseline,LAL,Austin Reaves,1630559.0,False,,1.43,player_value,34.543137254901964,measured_2025_26,1.0,Guard,guard,0.9735849056603774,0.7047169811320755,0.8391509433962264,LAL,False,0.5,30.514067549576424,3,36.0,False
baseline,LAL,Marcus Smart,203935.0,False,,2.27,player_value,28.53306451612903,measured_2025_26,1.0,Guard,guard,0.7943396226415095,0.8235849056603773,0.8089622641509434,LAL,False,0.5,26.380025584011825,4,31.53306451612903,False
baseline,LAL,Rui Hachimura,1629060.0,False,,0.43,player_value,28.331911764705882,measured_2025_26,1.0,Forward,forward,0.779245283018868,0.5443396226415095,0.6617924528301887,LAL,False,0.5,25.083576226016913,5,31.331911764705882,False
baseline,LAL,Jake LaRavia,1631222.0,False,,0.42,player_value,25.140243902439025,measured_2025_26,1.0,Forward,forward,0.6679245283018868,0.5415094339622641,0.6047169811320754,LAL,False,0.5,22.335870356375892,6,28.140243902439025,False
baseline,LAL,Deandre Ayton,1629028.0,False,,-0.54,player_value,27.19986111111111,measured_2025_26,1.0,Center,big,0.7471698113207547,0.39811320754716983,0.5726415094339623,LAL,False,0.5,21.016775028120637,7,30.19986111111111,False
baseline,LAL,Jaxson Hayes,1629637.0,False,,1.72,player_value,18.281666666666666,measured_2025_26,1.0,Center-Forward,big,0.4169811320754717,0.7518867924528302,0.584433962264151,LAL,False,0.5,17.930052541176252,8,21.281666666666666,False
baseline,LAL,Luke Kennard,1628379.0,False,,0.36,player_value,21.545641025641025,measured_2025_26,1.0,Guard,guard,0.5452830188679245,0.5273584905660378,0.5363207547169812,LAL,False,0.5,16.496135098185476,9,24.545641025641025,False
baseline,LAL,Jarred Vanderbilt,1629020.0,False,,1.52,player_value,17.350153846153844,measured_2025_26,1.0,Forward,forward,0.39622641509433965,0.7216981132075472,0.5589622641509434,LAL,False,0.5,15.601638497538929,10,20.350153846153844,False
baseline,MEM,Ja Morant,1629630.0,False,,1.08,player_value,28.424500000000002,measured_2025_26,1.0,Guard,guard,0.7886792452830189,0.6424528301886793,0.715566037735849,MEM,False,0.5,29.72212647855682,1,31.424500000000002,False
baseline,MEM,Zach Edey,1641744.0,False,,4.8,player_value,25.80363636363636,measured_2025_26,1.0,Center,big,0.6886792452830188,0.9830188679245283,0.8358490566037735,MEM,False,0.5,28.80363636363636,2,28.80363636363636,True
baseline,MEM,Cedric Coward,1642907.0,False,,1.45,player_value,25.772903225806452,measured_2025_26,1.0,Guard,guard,0.6849056603773584,0.7084905660377359,0.6966981132075472,MEM,False,0.5,26.97610813199906,3,28.772903225806452,False
baseline,MEM,Santi Aldama,1630583.0,False,,0.28,player_value,27.86302325581395,measured_2025_26,1.0,Forward-Center,big,0.769811320754717,0.5179245283018868,0.6438679245283019,MEM,False,0.5,26.741785516071264,4,30.86302325581395,False
baseline,MEM,Ty Jerome,1629660.0,False,,3.35,player_value,22.579333333333334,measured_2025_26,1.0,Guard-Forward,guard,0.5849056603773585,0.9207547169811321,0.7528301886792452,MEM,False,0.5,25.579333333333334,5,25.579333333333334,True
baseline,MEM,Cam Spencer,1642285.0,False,,0.88,player_value,23.811805555555555,measured_2025_26,1.0,Guard,guard,0.6226415094339622,0.6150943396226415,0.6188679245283019,MEM,False,0.5,23.35122874375834,6,26.811805555555555,False
baseline,MEM,Jaylen Wells,1642377.0,False,,0.04,player_value,26.386376811594204,measured_2025_26,1.0,Forward,forward,0.7094339622641509,0.4811320754716981,0.5952830188679246,MEM,False,0.5,22.193174947428577,7,29.386376811594204,False
baseline,MEM,Javon Small,1642914.0,False,,1.69,player_value,20.24170731707317,measured_2025_26,1.0,Guard,guard,0.48867924528301887,0.7452830188679245,0.6169811320754717,MEM,False,0.5,20.277455531417747,8,23.24170731707317,False
baseline,MEM,Kentavious Caldwell-Pope,203484.0,False,,1.09,player_value,21.32549019607843,measured_2025_26,1.0,Guard,guard,0.5320754716981132,0.6462264150943396,0.5891509433962264,MEM,False,0.5,18.79344981809056,9,24.32549019607843,False
baseline,MEM,Scotty Pippen Jr.,1630590.0,False,,1.03,player_value,21.188,measured_2025_26,1.0,Guard,guard,0.5264150943396226,0.6320754716981132,0.5792452830188679,MEM,False,0.5,17.561701135707924,10,24.188,False
baseline,MIA,Bam Adebayo,1628389.0,False,,3.49,player_value,32.393150684931506,measured_2025_26,1.0,Center-Forward,big,0.9207547169811321,0.9358490566037736,0.9283018867924528,MIA,False,0.5,33.056740347191,1,35.393150684931506,False
baseline,MIA,Norman Powell,1626181.0,False,,2.09,player_value,29.602068965517244,measured_2025_26,1.0,Guard,guard,0.8283018867924529,0.8047169811320755,0.8165094339622642,MIA,False,0.5,30.239839227624106,2,32.60206896551725,False
baseline,MIA,Tyler Herro,1629639.0,False,,1.3,player_value,31.292424242424246,measured_2025_26,1.0,Guard,guard,0.8924528301886793,0.6830188679245283,0.7877358490566038,MIA,False,0.5,29.88583625912424,3,34.29242424242425,False
baseline,MIA,Davion Mitchell,1630558.0,False,,0.54,player_value,28.574857142857145,measured_2025_26,1.0,Guard,guard,0.7962264150943397,0.5613207547169812,0.6787735849056604,MIA,False,0.5,27.22128335368022,4,31.574857142857145,False
baseline,MIA,Andrew Wiggins,203952.0,False,,-0.9,player_value,30.332941176470587,measured_2025_26,1.0,Forward,forward,0.8584905660377359,0.3490566037735849,0.6037735849056604,MIA,False,0.5,24.337603682716203,5,33.332941176470584,False
baseline,MIA,Pelle Larsson,1641796.0,False,,0.33,player_value,26.416285714285717,measured_2025_26,1.0,Guard,guard,0.7150943396226415,0.5207547169811321,0.6179245283018868,MIA,False,0.5,23.650360472457503,6,29.416285714285717,False
baseline,MIA,Kel'el Ware,1642276.0,False,,1.92,player_value,22.127662337662336,measured_2025_26,1.0,Center,big,0.5679245283018868,0.7830188679245284,0.6754716981132076,MIA,False,0.5,22.852730051220437,7,25.127662337662336,False
baseline,MIA,Jaime Jaquez Jr.,1631170.0,False,,-0.33,player_value,28.282933333333332,measured_2025_26,1.0,Guard,guard,0.7773584905660378,0.4216981132075472,0.5995283018867925,MIA,False,0.5,22.19654838627621,8,31.282933333333332,False
baseline,MIA,Dru Smith,1630696.0,False,,1.12,player_value,16.304714285714283,measured_2025_26,1.0,Guard,guard,0.3490566037735849,0.6537735849056604,0.5014150943396226,MIA,False,0.5,15.579732321564535,9,19.304714285714283,False
baseline,MIA,Myron Gardner,1642066.0,False,,2.25,player_value,9.122222222222222,measured_2025_26,1.0,Forward,forward,0.1339622641509434,0.8188679245283019,0.47641509433962265,MIA,False,0.5,10.979325898145524,10,12.122222222222222,False
baseline,MIL,Ryan Rollins,1631157.0,False,,1.71,player_value,32.101081081081084,measured_2025_26,1.0,Guard,guard,0.9169811320754717,0.7490566037735849,0.8330188679245283,MIL,False,0.5,30.59511047151602,1,35.101081081081084,False
baseline,MIL,Giannis Antetokounmpo,203507.0,False,,7.29,player_value,28.866666666666667,measured_2025_26,1.0,Forward,forward,0.8,0.9962264150943396,0.8981132075471698,MIL,False,0.5,30.490244739395077,2,31.866666666666667,False
baseline,MIL,Kevin Porter Jr.,1629645.0,False,,0.5,player_value,33.18447368421052,measured_2025_26,1.0,Guard-Forward,guard,0.9415094339622642,0.5547169811320755,0.7481132075471698,MIL,False,0.5,29.964182570907507,3,36.0,False
baseline,MIL,Myles Turner,1626167.0,False,,1.75,player_value,26.927042253521126,measured_2025_26,1.0,Center-Forward,big,0.7283018867924528,0.7603773584905661,0.7443396226415094,MIL,False,0.5,25.700938311055317,4,29.927042253521126,False
baseline,MIL,AJ Green,1631260.0,False,,-0.07,player_value,29.101410256410254,measured_2025_26,1.0,Guard,guard,0.8113207547169812,0.46320754716981133,0.6372641509433963,MIL,False,0.5,24.27320054081107,5,32.101410256410254,False
baseline,MIL,Bobby Portis,1626171.0,False,,1.13,player_value,24.16910447761194,measured_2025_26,1.0,Forward,forward,0.6377358490566037,0.6566037735849056,0.6471698113207547,MIL,False,0.5,23.193405642903812,6,27.16910447761194,False
baseline,MIL,Taurean Prince,1627752.0,False,,-1.13,player_value,23.51269230769231,measured_2025_26,1.0,Forward,forward,0.6150943396226415,0.2962264150943396,0.4556603773584905,MIL,False,0.5,20.45372193152764,7,26.51269230769231,False
baseline,MIL,Cormac Ryan,1642504.0,False,,-2.0,replacement,24.60818181818182,measured_2025_26,1.0,Guard,guard,0.6490566037735849,0.15943396226415094,0.4042452830188679,MIL,False,0.5,19.856206071216377,8,27.60818181818182,False
baseline,MIL,Kyle Kuzma,1628398.0,False,,-3.36,player_value,26.170724637681158,measured_2025_26,1.0,Forward,forward,0.7037735849056603,0.020754716981132074,0.3622641509433962,MIL,False,0.5,18.729402803383792,9,29.170724637681158,False
baseline,MIL,Jericho Sims,1630579.0,False,,-1.05,player_value,19.66955223880597,measured_2025_26,1.0,Center,big,0.4660377358490566,0.310377358490566,0.3882075471698113,MIL,False,0.5,16.743586917283398,10,22.66955223880597,False
baseline,MIN,Anthony Edwards,1630162.0,False,,1.88,player_value,35.02704918032787,measured_2025_26,1.0,Guard,guard,0.9849056603773585,0.7754716981132076,0.8801886792452831,MIN,False,0.5,32.44851453453319,1,36.0,False
baseline,MIN,Rudy Gobert,203497.0,False,,5.28,player_value,31.31736842105263,measured_2025_26,1.0,Center,big,0.8943396226415095,0.9886792452830189,0.9415094339622642,MIN,False,0.5,32.11439168036753,2,34.317368421052635,False
baseline,MIN,Julius Randle,203944.0,False,,0.87,player_value,33.04164556962025,measured_2025_26,1.0,Forward-Center,big,0.930188679245283,0.6122641509433963,0.7712264150943396,MIN,False,0.5,27.78669845040786,3,36.0,False
baseline,MIN,Donte DiVincenzo,1628978.0,False,,1.66,player_value,30.415243902439027,measured_2025_26,1.0,Guard,guard,0.8622641509433963,0.7433962264150943,0.8028301886792453,MIN,False,0.5,27.75149271320866,4,33.41524390243903,False
baseline,MIN,Naz Reid,1629675.0,False,,3.15,player_value,26.070129870129872,measured_2025_26,1.0,Center-Forward,big,0.6981132075471698,0.9075471698113208,0.8028301886792453,MIN,False,0.5,26.997762804191755,5,29.070129870129872,False
baseline,MIN,Jaden McDaniels,1630183.0,False,,1.05,player_value,31.73123287671233,measured_2025_26,1.0,Forward,forward,0.9056603773584906,0.6358490566037736,0.7707547169811321,MIN,False,0.5,25.891418328018542,6,34.731232876712326,False
baseline,MIN,Ayo Dosunmu,1630245.0,False,,-0.21,player_value,27.262028985507246,measured_2025_26,1.0,Guard,guard,0.7509433962264151,0.4377358490566038,0.5943396226415094,MIN,False,0.5,22.55195425954041,7,30.262028985507246,False
baseline,MIN,Mike Conley,201144.0,False,,1.49,player_value,18.357962962962965,measured_2025_26,1.0,Guard,guard,0.4207547169811321,0.7160377358490566,0.5683962264150944,MIN,False,0.5,17.154634846575558,8,21.357962962962965,False
baseline,MIN,Kyle Anderson,203937.0,False,,0.58,player_value,19.842093023255813,measured_2025_26,1.0,Forward-Guard,forward,0.469811320754717,0.5707547169811321,0.5202830188679246,MIN,False,0.5,17.073352120619198,9,22.842093023255813,False
baseline,MIN,Joan Beringer,1642866.0,False,,2.29,player_value,7.85375,measured_2025_26,1.0,Center,big,0.1,0.8283018867924529,0.4641509433962264,MIN,False,0.5,10.229780262537306,10,10.85375,False
baseline,NOP,Trey Murphy III,1630530.0,False,,0.49,player_value,35.46409090909091,measured_2025_26,1.0,Forward,forward,0.9924528301886792,0.5528301886792453,0.7726415094339623,NOP,False,0.5,31.45238456140362,1,36.0,False
baseline,NOP,Zion Williamson,1629627.0,False,,2.93,player_value,29.694193548387098,measured_2025_26,1.0,Forward,forward,0.8339622641509434,0.8943396226415095,0.8641509433962264,NOP,False,0.5,31.290722429850433,2,32.6941935483871,False
baseline,NOP,Herbert Jones,1630529.0,False,,1.88,player_value,28.364285714285717,measured_2025_26,1.0,Forward,forward,0.7830188679245284,0.7754716981132076,0.779245283018868,NOP,False,0.5,29.213330553238983,3,31.364285714285717,False
baseline,NOP,Saddiq Bey,1630180.0,False,,1.11,player_value,31.188472222222224,measured_2025_26,1.0,Guard-Forward,guard,0.8867924528301887,0.65,0.7683962264150943,NOP,False,0.5,28.08070413082653,4,34.188472222222224,False
baseline,NOP,Dejounte Murray,1627749.0,False,,-0.5,player_value,27.81642857142857,measured_2025_26,1.0,Guard,guard,0.7660377358490567,0.40849056603773587,0.5872641509433962,NOP,False,0.5,25.24610037983138,5,30.81642857142857,False
baseline,NOP,Derik Queen,1642852.0,False,,-1.5,player_value,24.98,measured_2025_26,1.0,Center,big,0.6622641509433962,0.25471698113207547,0.45849056603773586,NOP,False,0.5,20.29756202691177,6,27.98,False
baseline,NOP,Jeremiah Fears,1642847.0,False,,-1.82,player_value,25.755243902439023,measured_2025_26,1.0,Guard,guard,0.6830188679245283,0.22830188679245284,0.4556603773584905,NOP,False,0.5,19.8772554059436,7,28.755243902439023,False
baseline,NOP,Josh Oduro,1642490.0,False,,-2.0,replacement,27.256666666666664,measured_2025_26,1.0,Center,big,0.7490566037735849,0.15943396226415094,0.4542452830188679,NOP,False,0.5,19.497456159374174,8,30.256666666666664,False
baseline,NOP,Kevon Looney,1626172.0,False,,2.76,player_value,14.642857142857142,measured_2025_26,1.0,Center,big,0.28679245283018867,0.8745283018867924,0.5806603773584905,NOP,False,0.5,17.642857142857142,9,17.642857142857142,True
baseline,NOP,DeAndre Jordan,201599.0,False,,1.33,player_value,16.565833333333334,measured_2025_26,1.0,Center,big,0.3584905660377358,0.689622641509434,0.5240566037735849,NOP,False,0.5,17.401627209762356,10,19.565833333333334,False
baseline,NYK,Jalen Brunson,1628973.0,False,,2.69,player_value,34.998243243243245,measured_2025_26,1.0,Guard,guard,0.9830188679245283,0.8594339622641509,0.9212264150943397,NYK,False,0.5,33.761185221293985,1,36.0,False
baseline,NYK,Karl-Anthony Towns,1626157.0,False,,3.86,player_value,30.957466666666665,measured_2025_26,1.0,Center-Forward,big,0.8773584905660378,0.9566037735849057,0.9169811320754717,NYK,False,0.5,30.393559390008665,2,33.95746666666666,False
baseline,NYK,OG Anunoby,1628384.0,False,,2.65,player_value,33.191044776119405,measured_2025_26,1.0,Forward-Guard,forward,0.9433962264150944,0.8547169811320755,0.899056603773585,NYK,False,0.5,30.304704496620477,3,36.0,False
baseline,NYK,Mikal Bridges,1628969.0,False,,1.6,player_value,32.8290243902439,measured_2025_26,1.0,Guard-Forward,guard,0.9283018867924528,0.7367924528301887,0.8325471698113207,NYK,False,0.5,28.808329119016353,4,35.8290243902439,False
baseline,NYK,Josh Hart,1628404.0,False,,2.13,player_value,30.20590909090909,measured_2025_26,1.0,Guard,guard,0.8509433962264151,0.8084905660377358,0.8297169811320755,NYK,False,0.5,26.336936103272585,5,33.20590909090909,False
baseline,NYK,Miles McBride,1630540.0,False,,3.03,player_value,26.343658536585362,measured_2025_26,1.0,Guard,guard,0.7075471698113207,0.8981132075471698,0.8028301886792453,NYK,False,0.5,23.229768114351668,6,29.343658536585362,False
baseline,NYK,Landry Shamet,1629013.0,False,,1.2,player_value,22.962745098039214,measured_2025_26,1.0,Guard,guard,0.6,0.6669811320754717,0.6334905660377359,NYK,False,0.5,19.294135128735306,7,25.962745098039214,False
baseline,NYK,Mitchell Robinson,1629011.0,False,,2.88,player_value,19.575333333333333,measured_2025_26,1.0,Center-Forward,big,0.45849056603773586,0.8924528301886793,0.6754716981132076,NYK,False,0.5,18.80405879206763,8,22.575333333333333,False
baseline,NYK,Jose Alvarado,1630631.0,False,,1.33,player_value,19.858985507246377,measured_2025_26,1.0,Guard,guard,0.4716981132075472,0.689622641509434,0.5806603773584906,NYK,False,0.5,17.02256121738564,9,22.858985507246377,False
baseline,NYK,Tyler Kolek,1642278.0,False,,0.59,player_value,11.728870967741937,measured_2025_26,1.0,Guard,guard,0.2037735849056604,0.5754716981132075,0.38962264150943393,NYK,False,0.5,12.044762417247659,10,14.728870967741937,False
baseline,OKC,Shai Gilgeous-Alexander,1628983.0,False,,7.54,player_value,33.22014705882353,measured_2025_26,1.0,Guard,guard,0.9452830188679245,0.9981132075471698,0.9716981132075472,OKC,False,0.5,33.553674769660226,1,36.0,False
baseline,OKC,Chet Holmgren,1631096.0,False,,4.82,player_value,28.94608695652174,measured_2025_26,1.0,Center-Forward,big,0.8037735849056604,0.9849056603773585,0.8943396226415095,OKC,False,0.5,30.006855945116705,2,31.94608695652174,False
baseline,OKC,Jalen Williams,1631114.0,False,,2.78,player_value,28.364242424242423,measured_2025_26,1.0,Guard-Forward,guard,0.7811320754716982,0.879245283018868,0.8301886792452831,OKC,False,0.5,28.54579392978557,3,31.364242424242423,False
baseline,OKC,Isaiah Hartenstein,1628392.0,False,,4.74,player_value,24.201489361702127,measured_2025_26,1.0,Center-Forward,big,0.6396226415094339,0.9811320754716981,0.810377358490566,OKC,False,0.5,25.170154636694843,4,27.201489361702127,False
baseline,OKC,Ajay Mitchell,1642349.0,False,,2.81,player_value,25.839122807017542,measured_2025_26,1.0,Guard,guard,0.690566037735849,0.8830188679245283,0.7867924528301886,OKC,False,0.5,24.724615891912393,5,28.839122807017542,False
baseline,OKC,Cason Wallace,1641717.0,False,,1.53,player_value,26.572987012987014,measured_2025_26,1.0,Guard,guard,0.720754716981132,0.7254716981132076,0.7231132075471698,OKC,False,0.5,23.794158174688416,6,29.572987012987014,False
baseline,OKC,Luguentz Dort,1629652.0,False,,0.39,player_value,26.792463768115944,measured_2025_26,1.0,Guard,guard,0.7245283018867924,0.5386792452830189,0.6316037735849056,OKC,False,0.5,19.61208975206917,7,29.792463768115944,False
baseline,OKC,Isaiah Joe,1630198.0,False,,1.97,player_value,21.232394366197184,measured_2025_26,1.0,Guard,guard,0.530188679245283,0.7943396226415095,0.6622641509433962,OKC,False,0.5,18.827896478377838,8,24.232394366197184,False
baseline,OKC,Alex Caruso,1627936.0,False,,4.26,player_value,18.220892857142857,measured_2025_26,1.0,Guard,guard,0.41509433962264153,0.9641509433962264,0.689622641509434,OKC,False,0.5,18.511251768650958,9,21.220892857142857,False
baseline,OKC,Jaylin Williams,1631119.0,False,,2.63,player_value,19.651846153846154,measured_2025_26,1.0,Center,big,0.46037735849056605,0.8518867924528302,0.6561320754716982,OKC,False,0.5,17.253508653043898,10,22.651846153846154,False
baseline,ORL,Desmond Bane,1630217.0,False,,1.75,player_value,33.61060975609756,measured_2025_26,1.0,Guard,guard,0.960377358490566,0.7603773584905661,0.8603773584905661,ORL,False,0.5,32.688767775653226,1,36.0,False
baseline,ORL,Franz Wagner,1630532.0,False,,4.32,player_value,29.96941176470588,measured_2025_26,1.0,Forward,forward,0.8452830188679246,0.9669811320754716,0.9061320754716982,ORL,False,0.5,32.37874137921706,2,32.96941176470588,False
baseline,ORL,Paolo Banchero,1631094.0,False,,0.85,player_value,34.74583333333333,measured_2025_26,1.0,Forward,forward,0.9754716981132076,0.6047169811320755,0.7900943396226415,ORL,False,0.5,30.68904846781541,3,36.0,False
baseline,ORL,Jalen Suggs,1630591.0,False,,2.75,player_value,27.606140350877194,measured_2025_26,1.0,Guard,guard,0.7584905660377359,0.870754716981132,0.814622641509434,ORL,False,0.5,28.535852909139223,4,30.606140350877194,False
baseline,ORL,Wendell Carter Jr.,1628976.0,False,,1.49,player_value,29.338589743589743,measured_2025_26,1.0,Center-Forward,big,0.8169811320754717,0.7160377358490566,0.7665094339622642,ORL,False,0.5,26.764864517785366,5,32.33858974358974,False
baseline,ORL,Anthony Black,1641710.0,False,,0.36,player_value,29.845,measured_2025_26,1.0,Guard,guard,0.839622641509434,0.5273584905660378,0.683490566037736,ORL,False,0.5,25.71041936165713,6,32.845,False
baseline,ORL,Tristan da Silva,1641783.0,False,,-0.09,player_value,24.66831168831169,measured_2025_26,1.0,Forward,forward,0.6509433962264151,0.46037735849056605,0.5556603773584905,ORL,False,0.5,20.761669017547742,7,27.66831168831169,False
baseline,ORL,Goga Bitadze,1629048.0,False,,2.39,player_value,15.18734375,measured_2025_26,1.0,Center-Forward,big,0.30566037735849055,0.8377358490566038,0.5716981132075472,ORL,False,0.5,17.251686319791222,8,18.18734375,False
baseline,ORL,Jonathan Isaac,1628371.0,False,,2.82,player_value,10.017307692307693,measured_2025_26,1.0,Forward,forward,0.16037735849056603,0.8858490566037736,0.5231132075471698,ORL,False,0.5,12.723774028549524,9,13.017307692307693,False
baseline,ORL,Moritz Wagner,1629021.0,False,,1.4,player_value,11.848888888888888,measured_2025_26,1.0,Forward-Center,big,0.20754716981132076,0.7018867924528301,0.4547169811320755,ORL,False,0.5,12.4951762228441,10,14.848888888888888,False
baseline,PHI,Tyrese Maxey,1630178.0,False,,2.7,player_value,38.01714285714286,measured_2025_26,1.0,Guard,guard,1.0,0.8622641509433963,0.9311320754716981,PHI,False,0.5,33.03485202218198,1,36.0,False
baseline,PHI,Joel Embiid,203954.0,False,,4.7,player_value,31.596578947368425,measured_2025_26,1.0,Center-Forward,big,0.9037735849056604,0.9773584905660377,0.9405660377358491,PHI,False,0.5,31.44267898798469,2,34.59657894736843,False
baseline,PHI,VJ Edgecombe,1642845.0,False,,1.45,player_value,34.9776,measured_2025_26,1.0,Guard,guard,0.9811320754716981,0.7084905660377359,0.844811320754717,PHI,False,0.5,29.18963774842042,3,36.0,False
baseline,PHI,Paul George,202331.0,False,,2.69,player_value,30.676216216216215,measured_2025_26,1.0,Forward,forward,0.8679245283018868,0.8594339622641509,0.8636792452830189,PHI,False,0.5,28.475163042852724,4,33.67621621621622,False
baseline,PHI,Kelly Oubre Jr.,1626162.0,False,,-1.41,player_value,31.487999999999996,measured_2025_26,1.0,Forward-Guard,forward,0.9,0.2641509433962264,0.5820754716981132,PHI,False,0.5,25.131081028008747,5,34.488,False
baseline,PHI,Quentin Grimes,1629656.0,False,,-0.98,player_value,29.410266666666665,measured_2025_26,1.0,Guard,guard,0.8188679245283019,0.33490566037735847,0.5768867924528303,PHI,False,0.5,22.992210838584576,6,32.410266666666665,False
baseline,PHI,Dominick Barlow,1631230.0,False,,1.01,player_value,23.78225352112676,measured_2025_26,1.0,Forward,forward,0.620754716981132,0.6264150943396226,0.6235849056603773,PHI,False,0.5,22.767099973572435,7,26.78225352112676,False
baseline,PHI,Andre Drummond,203083.0,False,,0.37,player_value,19.536666666666665,measured_2025_26,1.0,Center,big,0.45660377358490567,0.5330188679245284,0.494811320754717,PHI,False,0.5,17.27678432791561,8,22.536666666666665,False
baseline,PHI,Adem Bona,1641737.0,False,,0.24,player_value,17.383098591549295,measured_2025_26,1.0,Center,big,0.39811320754716983,0.5094339622641509,0.4537735849056604,PHI,False,0.5,15.49817210000134,9,20.383098591549295,False
baseline,PHI,Tyrese Martin,1631213.0,False,,-0.98,player_value,16.88304347826087,measured_2025_26,1.0,Forward,forward,0.3754716981132076,0.33490566037735847,0.355188679245283,PHI,False,0.5,14.19231993047751,10,19.88304347826087,False
baseline,PHX,Devin Booker,1626164.0,False,,2.79,player_value,33.53875,measured_2025_26,1.0,Guard,guard,0.9584905660377359,0.8811320754716981,0.9198113207547169,PHX,False,0.5,33.044907929489064,1,36.0,False
baseline,PHX,Collin Gillespie,1631221.0,False,,2.29,player_value,28.5225,measured_2025_26,1.0,Guard,guard,0.7924528301886793,0.8283018867924529,0.810377358490566,PHX,False,0.5,29.213775563188843,2,31.5225,False
baseline,PHX,Grayson Allen,1628960.0,False,,0.94,player_value,28.771176470588234,measured_2025_26,1.0,Guard,guard,0.7981132075471699,0.619811320754717,0.7089622641509434,PHX,False,0.5,28.17780195867128,3,31.771176470588234,False
baseline,PHX,Royce O'Neale,1626220.0,False,,0.76,player_value,28.37282051282051,measured_2025_26,1.0,Forward,forward,0.7849056603773585,0.5981132075471698,0.6915094339622642,PHX,False,0.5,25.4467432580133,4,31.37282051282051,False
baseline,PHX,Jordan Goodwin,1630692.0,False,,2.23,player_value,22.454,measured_2025_26,1.0,Guard,guard,0.5811320754716981,0.8169811320754717,0.6990566037735849,PHX,False,0.5,23.84057731237705,5,25.454,False
baseline,PHX,Dillon Brooks,1628415.0,False,,-1.01,player_value,30.385892857142856,measured_2025_26,1.0,Guard-Forward,guard,0.8603773584905661,0.32264150943396225,0.5915094339622642,PHX,False,0.5,22.825041130374444,6,33.385892857142856,False
baseline,PHX,Mark Williams,1631109.0,False,,1.15,player_value,23.600833333333334,measured_2025_26,1.0,Center,big,0.6169811320754717,0.6584905660377358,0.6377358490566037,PHX,False,0.5,21.907284590244654,7,26.600833333333334,False
baseline,PHX,Oso Ighodaro,1642345.0,False,,1.35,player_value,22.05390243902439,measured_2025_26,1.0,Center,big,0.560377358490566,0.6952830188679245,0.6278301886792452,PHX,False,0.5,19.97575985877731,8,25.05390243902439,False
baseline,PHX,Jalen Green,1630224.0,False,,-0.15,player_value,25.8853125,measured_2025_26,1.0,Guard,guard,0.6924528301886792,0.4509433962264151,0.5716981132075472,PHX,False,0.5,19.888255251440736,9,28.8853125,False
baseline,PHX,Ryan Dunn,1642346.0,False,,1.12,player_value,19.361428571428572,measured_2025_26,1.0,Forward,forward,0.4509433962264151,0.6537735849056604,0.5523584905660377,PHX,False,0.5,15.67985314742335,10,22.361428571428572,False
baseline,POR,Toumani Camara,1641739.0,False,,1.88,player_value,33.30756097560975,measured_2025_26,1.0,Forward,forward,0.9471698113207547,0.7754716981132076,0.8613207547169812,POR,False,0.5,34.38377033874555,1,36.0,False
baseline,POR,Deni Avdija,1630166.0,False,,1.87,player_value,33.323484848484846,measured_2025_26,1.0,Forward,forward,0.9490566037735849,0.7716981132075472,0.8603773584905661,POR,False,0.5,32.891014429453286,2,36.0,False
baseline,POR,Donovan Clingan,1642270.0,False,,3.22,player_value,27.191298701298702,measured_2025_26,1.0,Center,big,0.7433962264150943,0.9150943396226415,0.8292452830188679,POR,False,0.5,28.63060620474878,3,30.191298701298702,False
baseline,POR,Jrue Holiday,201950.0,False,,2.17,player_value,29.44132075471698,measured_2025_26,1.0,Guard,guard,0.8245283018867925,0.8113207547169812,0.8179245283018868,POR,False,0.5,28.370585168629542,4,32.44132075471698,False
baseline,POR,Shaedon Sharpe,1631101.0,False,,-0.58,player_value,29.4268,measured_2025_26,1.0,Guard,guard,0.8226415094339623,0.3849056603773585,0.6037735849056605,POR,False,0.5,24.5277971409132,5,32.4268,False
baseline,POR,Kris Murray,1631200.0,False,,1.08,player_value,23.390350877192983,measured_2025_26,1.0,Forward,forward,0.6113207547169811,0.6424528301886793,0.6268867924528302,POR,False,0.5,22.766386593345178,6,26.390350877192983,False
baseline,POR,Jerami Grant,203924.0,False,,-1.32,player_value,29.739122807017544,measured_2025_26,1.0,Forward,forward,0.8358490566037736,0.27358490566037735,0.5547169811320755,POR,False,0.5,22.683285786924863,7,32.739122807017544,False
baseline,POR,Robert Williams III,1629057.0,False,,4.23,player_value,17.089152542372883,measured_2025_26,1.0,Center-Forward,big,0.38301886792452833,0.9622641509433962,0.6726415094339623,POR,False,0.5,20.089152542372883,8,20.089152542372883,True
baseline,POR,Matisse Thybulle,1629680.0,False,,2.6,player_value,15.989666666666666,measured_2025_26,1.0,Guard-Forward,guard,0.33584905660377357,0.8490566037735849,0.5924528301886792,POR,False,0.5,16.657401794866715,9,18.989666666666665,False
baseline,POR,Damian Lillard,203081.0,False,,3.46,player_value,6.0,default_fringe,1.0,Guard,guard,0.05471698113207547,0.9292452830188679,0.49198113207547167,POR,False,0.5,9.0,10,9.0,True
baseline,SAC,Keegan Murray,1631099.0,False,,1.21,player_value,34.482608695652175,measured_2025_26,1.0,Forward,forward,0.9716981132075472,0.6698113207547169,0.820754716981132,SAC,False,0.5,31.402413322189645,1,36.0,False
baseline,SAC,Domantas Sabonis,1627734.0,False,,3.11,player_value,29.662105263157898,measured_2025_26,1.0,Forward-Center,big,0.8301886792452831,0.9056603773584906,0.8679245283018868,SAC,False,0.5,30.557208471393718,2,32.6621052631579,False
baseline,SAC,Zach LaVine,203897.0,False,,-0.1,player_value,31.3925641025641,measured_2025_26,1.0,Guard,guard,0.8981132075471698,0.45660377358490567,0.6773584905660377,SAC,False,0.5,28.826998578559476,3,34.3925641025641,False
baseline,SAC,DeMar DeRozan,201942.0,False,,-0.1,player_value,31.24103896103896,measured_2025_26,1.0,Guard-Forward,guard,0.8886792452830189,0.45660377358490567,0.6726415094339623,SAC,False,0.5,27.460470794389323,4,34.24103896103896,False
baseline,SAC,Russell Westbrook,201566.0,False,,-0.94,player_value,28.9471875,measured_2025_26,1.0,Guard,guard,0.8056603773584906,0.34150943396226413,0.5735849056603773,SAC,False,0.5,22.789473425689796,5,31.9471875,False
baseline,SAC,De'Andre Hunter,1629631.0,False,,-0.04,player_value,26.122222222222224,measured_2025_26,1.0,Forward-Guard,forward,0.7,0.4679245283018868,0.5839622641509434,SAC,False,0.5,22.637945351793206,6,29.122222222222224,False
baseline,SAC,Dylan Cardwell,1642928.0,False,,1.31,player_value,20.60272727272727,measured_2025_26,1.0,Center,big,0.5056603773584906,0.6849056603773584,0.5952830188679246,SAC,False,0.5,21.29447593929594,7,23.60272727272727,False
baseline,SAC,Precious Achiuwa,1630173.0,False,,-0.74,player_value,23.90753424657534,measured_2025_26,1.0,Forward,forward,0.6264150943396226,0.36792452830188677,0.49716981132075466,SAC,False,0.5,18.557145605660686,8,26.90753424657534,False
baseline,SAC,Malik Monk,1628370.0,False,,0.25,player_value,21.99435483870968,measured_2025_26,1.0,Guard,guard,0.5584905660377358,0.5113207547169811,0.5349056603773585,SAC,False,0.5,18.435894283028606,9,24.99435483870968,False
baseline,SAC,Nique Clifford,1642363.0,False,,-1.01,player_value,25.092133333333333,measured_2025_26,1.0,Guard,guard,0.6660377358490566,0.32264150943396225,0.49433962264150944,SAC,False,0.5,18.037974227999616,10,28.092133333333333,False
baseline,SAS,Victor Wembanyama,1641705.0,False,,9.04,player_value,29.1509375,measured_2025_26,1.0,Forward-Center,big,0.8132075471698114,1.0,0.9066037735849057,SAS,False,0.5,31.995626430033234,1,32.1509375,False
baseline,SAS,De'Aaron Fox,1628368.0,False,,2.34,player_value,30.987083333333334,measured_2025_26,1.0,Guard,guard,0.879245283018868,0.8320754716981132,0.8556603773584905,SAS,False,0.5,31.415432901476947,2,33.98708333333333,False
baseline,SAS,Julian Champagnie,1630577.0,False,,1.95,player_value,27.633658536585365,measured_2025_26,1.0,Forward,forward,0.7603773584905661,0.7867924528301887,0.7735849056603774,SAS,False,0.5,28.567610433679185,3,30.633658536585365,False
baseline,SAS,Stephon Castle,1642264.0,False,,1.27,player_value,29.9675,measured_2025_26,1.0,Guard,guard,0.8433962264150944,0.6792452830188679,0.7613207547169811,SAS,False,0.5,27.0921553617934,4,32.9675,False
baseline,SAS,Devin Vassell,1630170.0,False,,0.72,player_value,30.5110447761194,measured_2025_26,1.0,Guard-Forward,guard,0.8660377358490566,0.590566037735849,0.7283018867924529,SAS,False,0.5,24.8217355320197,5,33.511044776119405,False
baseline,SAS,Dylan Harper,1642844.0,False,,3.59,player_value,22.579565217391306,measured_2025_26,1.0,Guard,guard,0.5867924528301887,0.940566037735849,0.7636792452830188,SAS,False,0.5,24.707082906457924,6,25.579565217391306,False
baseline,SAS,Luke Kornet,1628436.0,False,,3.84,player_value,21.03044117647059,measured_2025_26,1.0,Center-Forward,big,0.5245283018867924,0.9537735849056603,0.7391509433962264,SAS,False,0.5,21.378652215187188,7,24.03044117647059,False
baseline,SAS,Harrison Barnes,203084.0,False,,-0.4,player_value,25.797662337662338,measured_2025_26,1.0,Forward,forward,0.6867924528301886,0.4169811320754717,0.5518867924528301,SAS,False,0.5,21.33199778379361,8,28.797662337662338,False
baseline,SAS,Keldon Johnson,1629640.0,False,,-0.99,player_value,23.310853658536587,measured_2025_26,1.0,Forward-Guard,forward,0.6075471698113207,0.3320754716981132,0.469811320754717,SAS,False,0.5,19.289479162831526,9,26.310853658536587,False
baseline,SAS,Jordan McLaughlin,1629162.0,False,,2.63,player_value,6.400227272727273,measured_2025_26,1.0,Guard,guard,0.06981132075471698,0.8518867924528302,0.46084905660377357,SAS,False,0.5,9.400227272727273,10,9.400227272727273,True
baseline,TOR,Scottie Barnes,1630567.0,False,,2.82,player_value,33.509750000000004,measured_2025_26,1.0,Forward-Guard,forward,0.9566037735849057,0.8858490566037736,0.9212264150943397,TOR,False,0.5,33.861544082672836,1,36.0,False
baseline,TOR,Immanuel Quickley,1630193.0,False,,1.59,player_value,31.87642857142857,measured_2025_26,1.0,Guard,guard,0.909433962264151,0.7339622641509433,0.8216981132075472,TOR,False,0.5,31.588967736643323,2,34.87642857142857,False
baseline,TOR,Brandon Ingram,1627742.0,False,,0.55,player_value,33.81649350649351,measured_2025_26,1.0,Forward,forward,0.9622641509433962,0.5641509433962264,0.7632075471698113,TOR,False,0.5,31.35434996664778,3,36.0,False
baseline,TOR,RJ Barrett,1629628.0,False,,1.0,player_value,30.276491228070174,measured_2025_26,1.0,Forward-Guard,forward,0.8528301886792453,0.6226415094339622,0.7377358490566037,TOR,False,0.5,27.017778908285777,4,33.27649122807017,False
baseline,TOR,Sandro Mamukelashvili,1630572.0,False,,3.3,player_value,21.884999999999998,measured_2025_26,1.0,Forward-Center,big,0.5566037735849056,0.9188679245283019,0.7377358490566037,TOR,False,0.5,24.161636001190796,5,24.884999999999998,False
baseline,TOR,Jakob Poeltl,1627751.0,False,,1.96,player_value,24.979565217391304,measured_2025_26,1.0,Center,big,0.660377358490566,0.7915094339622641,0.725943396226415,TOR,False,0.5,23.132537968219708,6,27.979565217391304,False
baseline,TOR,Collin Murray-Boyles,1642867.0,False,,2.09,player_value,21.85315789473684,measured_2025_26,1.0,Forward,forward,0.5547169811320755,0.8047169811320755,0.6797169811320755,TOR,False,0.5,20.379793622108483,7,24.85315789473684,False
baseline,TOR,Jamal Shead,1642347.0,False,,-0.54,player_value,22.589268292682927,measured_2025_26,1.0,Guard,guard,0.5886792452830188,0.39811320754716983,0.49339622641509434,TOR,False,0.5,18.775913597945316,8,25.589268292682927,False
baseline,TOR,Ja'Kobe Walter,1642266.0,False,,0.39,player_value,20.466527777777777,measured_2025_26,1.0,Guard,guard,0.4981132075471698,0.5386792452830189,0.5183962264150943,TOR,False,0.5,18.5465050415004,9,23.466527777777777,False
baseline,TOR,Trayce Jackson-Davis,1631218.0,False,,1.18,player_value,9.358867924528301,measured_2025_26,1.0,Forward,forward,0.14528301886792452,0.6613207547169812,0.4033018867924528,TOR,False,0.5,11.180973074785557,10,12.358867924528301,False
baseline,UTA,Lauri Markkanen,1628374.0,False,,3.7,player_value,34.34809523809523,measured_2025_26,1.0,Forward-Center,big,0.9679245283018868,0.9471698113207547,0.9575471698113207,UTA,False,0.5,35.07389616807531,1,36.0,False
baseline,UTA,Walker Kessler,1631117.0,False,,3.02,player_value,30.798000000000002,measured_2025_26,1.0,Center,big,0.8716981132075472,0.8962264150943396,0.8839622641509435,UTA,False,0.5,31.788515519040942,2,33.798,False
baseline,UTA,Jaren Jackson Jr.,1628991.0,False,,2.71,player_value,30.304375000000004,measured_2025_26,1.0,Forward-Center,big,0.8566037735849057,0.8641509433962264,0.8603773584905661,UTA,False,0.5,30.330011821166764,3,33.30437500000001,False
baseline,UTA,Jusuf Nurkić,203994.0,False,,3.07,player_value,26.416097560975608,measured_2025_26,1.0,Center,big,0.7132075471698113,0.9,0.8066037735849056,UTA,False,0.5,26.99565479418018,4,29.416097560975608,False
baseline,UTA,Kyle Filipowski,1642271.0,False,,0.57,player_value,23.388571428571428,measured_2025_26,1.0,Center,big,0.6094339622641509,0.5679245283018868,0.5886792452830188,UTA,False,0.5,21.62553676736198,5,26.388571428571428,False
baseline,UTA,Blake Hinson,1642396.0,False,,1.39,player_value,20.389285714285712,measured_2025_26,1.0,Forward,forward,0.49056603773584906,0.6990566037735849,0.594811320754717,UTA,False,0.5,21.37597334029897,6,23.389285714285712,False
baseline,UTA,Svi Mykhailiuk,1629004.0,False,,0.56,player_value,23.112199999999998,measured_2025_26,1.0,Guard-Forward,guard,0.6056603773584905,0.5660377358490566,0.5858490566037735,UTA,False,0.5,20.305169731719552,7,26.112199999999998,False
baseline,UTA,Kevin Love,201567.0,False,,2.45,player_value,16.56189189189189,measured_2025_26,1.0,Forward-Center,big,0.35660377358490564,0.8433962264150944,0.6,UTA,False,0.5,19.56189189189189,8,19.56189189189189,True
baseline,UTA,John Konchar,1629723.0,False,,1.01,player_value,19.905357142857145,measured_2025_26,1.0,Guard,guard,0.47735849056603774,0.6264150943396226,0.5518867924528301,UTA,False,0.5,17.8717646794974,9,22.905357142857145,False
baseline,UTA,Oscar Tshiebwe,1631131.0,False,,1.56,player_value,16.607407407407408,measured_2025_26,1.0,Forward-Center,big,0.3641509433962264,0.7320754716981132,0.5481132075471697,UTA,False,0.5,15.071585286767005,10,19.607407407407408,False
baseline,WAS,Anthony Davis,203076.0,False,,3.57,player_value,31.281,measured_2025_26,1.0,Forward-Center,big,0.8905660377358491,0.9377358490566038,0.9141509433962265,WAS,False,0.5,32.41025609502852,1,34.281,False
baseline,WAS,Alex Sarr,1642259.0,False,,0.45,player_value,27.180208333333336,measured_2025_26,1.0,Center,big,0.7415094339622641,0.5471698113207547,0.6443396226415095,WAS,False,0.5,28.968961759967332,2,30.180208333333336,False
baseline,WAS,Kyshawn George,1642273.0,False,,-0.7,player_value,28.97875,measured_2025_26,1.0,Forward,forward,0.8075471698113208,0.37264150943396224,0.5900943396226415,WAS,False,0.5,28.668460146443923,3,31.97875,False
baseline,WAS,Trae Young,1629027.0,False,,-0.2,player_value,25.582,measured_2025_26,1.0,Guard,guard,0.6735849056603773,0.439622641509434,0.5566037735849056,WAS,False,0.5,25.684061023881327,4,28.582,False
baseline,WAS,Julian Reese,1642882.0,False,,-2.5,player_value,30.883846153846154,measured_2025_26,1.0,Forward,forward,0.8735849056603774,0.05849056603773585,0.4660377358490566,WAS,False,0.5,22.581960640782324,5,33.88384615384615,False
baseline,WAS,Leaky Black,1641778.0,False,,-1.44,player_value,28.872666666666664,measured_2025_26,1.0,Forward,forward,0.8018867924528302,0.25849056603773585,0.530188679245283,WAS,False,0.5,22.409052127029682,6,31.872666666666664,False
baseline,WAS,Justin Champagnie,1630551.0,False,,0.9,player_value,19.963333333333335,measured_2025_26,1.0,Guard-Forward,guard,0.4811320754716981,0.6169811320754717,0.5490566037735849,WAS,False,0.5,21.730675990939087,7,22.963333333333335,False
baseline,WAS,Jamir Watkins,1642364.0,False,,0.65,player_value,20.644000000000002,measured_2025_26,1.0,Forward,forward,0.5075471698113208,0.5830188679245283,0.5452830188679245,WAS,False,0.5,20.780173617693094,8,23.644000000000002,False
baseline,WAS,D'Angelo Russell,1626156.0,False,,1.04,player_value,18.642307692307693,measured_2025_26,1.0,Guard,guard,0.4377358490566038,0.6339622641509434,0.5358490566037736,WAS,False,0.5,18.60188723114926,9,21.642307692307693,False
baseline,WAS,Tre Johnson,1642848.0,False,,-1.9,player_value,24.048333333333336,measured_2025_26,1.0,Guard,guard,0.6358490566037736,0.22264150943396227,0.4292452830188679,WAS,False,0.5,18.164511367085467,10,27.048333333333336,False
current,ATL,Dyson Daniels,1630700.0,False,,3.59,player_value,33.15197368421053,measured_2025_26,1.0,Guard,guard,0.9256756756756757,0.9290540540540541,0.9273648648648649,ATL,False,0.5,33.33593595085751,1,36.0,False
current,ATL,Jalen Johnson,1630552.0,False,,1.7,player_value,35.16097222222223,measured_2025_26,1.0,Forward,forward,0.9864864864864865,0.7117117117117117,0.8490990990990991,ATL,False,0.5,32.85023732049414,2,36.0,False
current,ATL,Nickeil Alexander-Walker,1629638.0,False,,1.02,player_value,33.37448717948718,measured_2025_26,1.0,Guard,guard,0.9436936936936937,0.5833333333333334,0.7635135135135136,ATL,False,0.5,30.814059947328,3,36.0,False
current,ATL,Onyeka Okongwu,1630168.0,False,,1.28,player_value,31.04,measured_2025_26,1.0,Forward-Center,big,0.8626126126126126,0.6396396396396397,0.7511261261261262,ATL,False,0.5,28.342058888778848,4,34.04,False
current,ATL,C.J. McCollum,203468.0,False,,1.2,player_value,29.78223684210526,measured_2025_26,1.0,Guard,guard,0.8108108108108109,0.6272522522522522,0.7190315315315315,ATL,False,0.5,26.497328340263415,5,32.78223684210526,False
current,ATL,Luguentz Dort,1629652.0,False,,0.39,player_value,26.792463768115944,measured_2025_26,1.0,Guard,guard,0.6846846846846847,0.49436936936936937,0.589527027027027,OKC,True,0.8,22.46695062592692,6,29.792463768115944,False
current,ATL,Aaron Wiggins,1630598.0,False,,1.39,player_value,21.753846153846155,measured_2025_26,1.0,Guard,guard,0.49099099099099097,0.6599099099099099,0.5754504504504505,OKC,True,0.8,19.5542928616062,7,24.753846153846155,False
current,ATL,Jock Landale,1629111.0,False,,-0.0,player_value,22.148970588235294,measured_2025_26,1.0,Center,big,0.5157657657657657,0.4099099099099099,0.46283783783783783,ATL,False,0.5,18.36735954858763,8,25.148970588235294,False
current,ATL,Kingston Flemings,-1008.0,True,8.0,0.022916748925712382,rookie_slot_8,17.66629693854165,rookie_slot_8,1.0,Guard,guard,0.32882882882882886,0.41216216216216217,0.37049549549549554,,False,0.5,15.086186702294887,9,20.66629693854165,False
current,ATL,Mouhamed Gueye,1631243.0,False,,2.13,player_value,15.309480519480518,measured_2025_26,0.8,Forward,forward,0.23873873873873874,0.7804054054054054,0.509572072072072,ATL,False,0.5,12.685589813862439,10,18.309480519480516,False
current,BKN,Julius Randle,203944.0,False,,0.87,player_value,33.04164556962025,measured_2025_26,1.0,Forward-Center,big,0.9166666666666666,0.5641891891891891,0.7404279279279279,MIN,True,0.8,36.0,1,36.0,True
current,BKN,Michael Porter Jr.,1629008.0,False,,0.36,player_value,32.473269230769226,measured_2025_26,1.0,Forward,forward,0.9099099099099099,0.48085585585585583,0.6953828828828829,BKN,False,0.5,34.52664524609677,2,35.473269230769226,False
current,BKN,Terance Mann,1629611.0,False,,0.72,player_value,24.27063492063492,measured_2025_26,1.0,Guard-Forward,guard,0.5945945945945946,0.5405405405405406,0.5675675675675675,BKN,False,0.5,26.07811890462347,3,27.27063492063492,False
current,BKN,Egor Demin,1642856.0,False,,-0.18,player_value,25.158076923076923,measured_2025_26,1.0,Guard,guard,0.6193693693693694,0.36711711711711714,0.49324324324324326,BKN,False,0.5,23.82194226699102,4,28.158076923076923,False
current,BKN,Keon Ellis,1631165.0,False,,1.61,player_value,20.536805555555556,measured_2025_26,1.0,Guard,guard,0.4436936936936937,0.706081081081081,0.5748873873873874,CLE,True,0.8,23.536805555555556,5,23.536805555555556,True
current,BKN,Day'Ron Sharpe,1630549.0,False,,3.1,player_value,18.70935483870968,measured_2025_26,1.0,Center,big,0.3716216216216216,0.8851351351351351,0.6283783783783783,BKN,False,0.5,21.70935483870968,6,21.70935483870968,True
current,BKN,Noah Clowney,1641730.0,False,,-2.1,player_value,26.97030303030303,measured_2025_26,1.0,Forward-Center,big,0.6959459459459459,0.06981981981981981,0.38288288288288286,BKN,False,0.5,21.439064885165656,7,29.97030303030303,False
current,BKN,Josh Minott,1631169.0,False,,2.58,player_value,17.015102040816327,measured_2025_26,1.0,Forward,forward,0.29954954954954954,0.8198198198198198,0.5596846846846847,BKN,False,0.5,20.015102040816327,8,20.015102040816327,True
current,BKN,Mikel Brown Jr.,-1006.0,True,6.0,0.08271973313013059,rookie_slot_6,18.2289840608472,rookie_slot_6,1.0,Guard,guard,0.34459459459459457,0.42792792792792794,0.38626126126126126,,False,0.5,18.02407737315264,9,21.2289840608472,False
current,BKN,Moritz Wagner,1629021.0,False,,1.4,player_value,11.848888888888888,measured_2025_26,1.0,Forward-Center,big,0.13513513513513514,0.6621621621621622,0.3986486486486487,ORL,True,0.8,14.848888888888888,10,14.848888888888888,True
current,BOS,Derrick White,1628401.0,False,,4.5,player_value,34.09025974025974,measured_2025_26,1.0,Guard,guard,0.9594594594594594,0.9662162162162162,0.9628378378378378,BOS,False,0.5,34.515400857387256,1,36.0,False
current,BOS,Jayson Tatum,1628369.0,False,,4.32,player_value,32.615,measured_2025_26,1.0,Forward-Guard,forward,0.9121621621621622,0.9605855855855856,0.9363738738738738,BOS,False,0.5,32.29636597465791,2,35.615,False
current,BOS,Payton Pritchard,1630202.0,False,,2.75,player_value,32.34898734177215,measured_2025_26,1.0,Guard,guard,0.9054054054054054,0.847972972972973,0.8766891891891893,BOS,False,0.5,30.968335620605874,3,35.34898734177215,False
current,BOS,Paul George,202331.0,False,,2.69,player_value,30.676216216216215,measured_2025_26,1.0,Forward,forward,0.8468468468468469,0.8344594594594594,0.8406531531531531,PHI,True,0.8,27.830082355338547,4,33.67621621621622,False
current,BOS,Neemias Queta,1629674.0,False,,4.52,player_value,25.34513157894737,measured_2025_26,1.0,Center,big,0.6216216216216216,0.9684684684684685,0.795045045045045,BOS,False,0.5,24.871967106958646,5,28.34513157894737,False
current,BOS,Sam Hauser,1630573.0,False,,1.72,player_value,24.797564102564102,measured_2025_26,1.0,Forward,forward,0.6013513513513513,0.7173423423423423,0.6593468468468469,BOS,False,0.5,23.293123471722005,6,27.797564102564102,False
current,BOS,Mitchell Robinson,1629011.0,False,,2.88,player_value,19.575333333333333,measured_2025_26,1.0,Center-Forward,big,0.39864864864864863,0.8716216216216216,0.6351351351351351,NYK,True,0.8,19.543094947298602,7,22.575333333333333,False
current,BOS,Luka Garza,1630568.0,False,,2.06,player_value,16.201159420289855,measured_2025_26,1.0,Center,big,0.2702702702702703,0.7702702702702703,0.5202702702702703,BOS,False,0.5,16.63825087577676,8,19.201159420289855,False
current,BOS,Mike Conley,201144.0,False,,1.49,player_value,18.357962962962965,measured_2025_26,1.0,Guard,guard,0.35135135135135137,0.6790540540540541,0.5152027027027027,MIN,True,0.8,16.1259080263254,9,21.357962962962965,False
current,BOS,Hugo Gonzalez,1642864.0,False,,1.96,player_value,14.647972972972974,measured_2025_26,1.0,Guard,guard,0.21171171171171171,0.7623873873873874,0.4870495495495496,BOS,False,0.5,13.917470763929012,10,17.647972972972973,False
current,CHA,Kon Knueppel,1642851.0,False,,3.69,player_value,31.49074074074074,measured_2025_26,1.0,Guard-Forward,guard,0.8851351351351351,0.9346846846846847,0.9099099099099099,CHA,False,0.5,32.826830479902576,1,34.49074074074074,False
current,CHA,Naz Reid,1629675.0,False,,3.15,player_value,26.070129870129872,measured_2025_26,1.0,Center-Forward,big,0.6531531531531531,0.8896396396396397,0.7713963963963963,MIN,True,0.8,28.758941403540966,2,29.070129870129872,False
current,CHA,Moussa Diabate,1631217.0,False,,6.29,player_value,26.013150684931507,measured_2025_26,1.0,Forward,forward,0.6509009009009009,0.990990990990991,0.8209459459459459,CHA,False,0.5,28.679637405073965,3,29.013150684931507,False
current,CHA,Brandon Miller,1641706.0,False,,1.09,player_value,30.281846153846153,measured_2025_26,1.0,Forward,forward,0.831081081081081,0.6024774774774775,0.7167792792792793,CHA,False,0.5,28.228796029360023,4,33.28184615384615,False
current,CHA,Grayson Allen,1628960.0,False,,0.94,player_value,28.771176470588234,measured_2025_26,1.0,Guard,guard,0.7680180180180181,0.5731981981981982,0.6706081081081081,PHX,True,0.8,25.124908414211863,5,31.771176470588234,False
current,CHA,Royce O'Neale,1626220.0,False,,0.76,player_value,28.37282051282051,measured_2025_26,1.0,Forward,forward,0.7522522522522522,0.5495495495495496,0.6509009009009009,PHX,True,0.8,22.97953551697076,6,31.37282051282051,False
current,CHA,Coby White,1629632.0,False,,1.19,player_value,24.996799999999997,measured_2025_26,1.0,Guard,guard,0.6126126126126126,0.6238738738738738,0.6182432432432432,CHA,False,0.5,21.886252438926654,7,27.996799999999997,False
current,CHA,Sion James,1642883.0,False,,1.5,player_value,22.480243902439025,measured_2025_26,1.0,Guard,guard,0.5292792792792793,0.6824324324324325,0.6058558558558559,CHA,False,0.5,19.503635086468623,8,25.480243902439025,False
current,CHA,Ryan Kalkbrenner,1641750.0,False,,1.46,player_value,21.437391304347827,measured_2025_26,1.0,Center,big,0.4797297297297297,0.6734234234234234,0.5765765765765766,CHA,False,0.5,18.1863695175825,9,24.437391304347827,False
current,CHA,Dorian Finney-Smith,1627827.0,False,,1.98,player_value,16.765135135135132,measured_2025_26,1.0,Forward,forward,0.29504504504504503,0.7680180180180181,0.5315315315315315,HOU,True,0.8,13.825093707962077,10,19.765135135135132,False
current,CHI,Josh Giddey,1630581.0,False,,1.8,player_value,32.06203703703704,measured_2025_26,1.0,Guard,guard,0.8986486486486487,0.7364864864864865,0.8175675675675675,CHI,False,0.5,33.71349730303474,1,35.06203703703704,False
current,CHI,Norman Powell,1626181.0,False,,2.09,player_value,29.602068965517244,measured_2025_26,1.0,Guard,guard,0.7995495495495496,0.7759009009009009,0.7877252252252253,MIA,True,0.8,31.915413312611996,2,32.60206896551725,False
current,CHI,Tre Jones,1630200.0,False,,1.23,player_value,26.96,measured_2025_26,1.0,Guard,guard,0.6936936936936937,0.6328828828828829,0.6632882882882882,CHI,False,0.5,28.473341058633505,3,29.96,False
current,CHI,Matas Buzelis,1641824.0,False,,-0.47,player_value,29.198571428571427,measured_2025_26,1.0,Forward,forward,0.7837837837837838,0.3108108108108108,0.5472972972972973,CHI,False,0.5,26.93805486296636,4,32.19857142857143,False
current,CHI,Isaac Okoro,1630171.0,False,,-0.17,player_value,26.903492063492063,measured_2025_26,1.0,Forward-Guard,forward,0.6869369369369369,0.3704954954954955,0.5287162162162162,CHI,False,0.5,24.48043990223068,5,29.903492063492063,False
current,CHI,Jalen Smith,1630188.0,False,,2.08,player_value,20.667735849056605,measured_2025_26,1.0,Forward-Center,big,0.44819819819819817,0.7725225225225225,0.6103603603603603,CHI,False,0.5,23.667735849056605,6,23.667735849056605,True
current,CHI,Nicolas Claxton,1629651.0,False,,-1.04,player_value,27.831594202898554,measured_2025_26,1.0,Center,big,0.7342342342342343,0.19594594594594594,0.4650900900900901,BKN,True,0.8,21.303154840847984,7,30.831594202898554,False
current,CHI,Zach Collins,1628380.0,False,,0.6,player_value,18.372999999999998,measured_2025_26,1.0,Forward-Center,big,0.35585585585585583,0.5315315315315315,0.4436936936936937,CHI,False,0.5,17.81843702348572,8,21.372999999999998,False
current,CHI,Caleb Wilson,-1004.0,True,4.0,0.14252271733454883,rookie_slot_4,18.79167118315275,rookie_slot_4,1.0,Forward,forward,0.3738738738738739,0.4369369369369369,0.4054054054054054,,False,0.5,16.06223831526254,9,21.79167118315275,False
current,CHI,Leonard Miller,1631159.0,False,,0.94,player_value,15.622826086956522,measured_2025_26,1.0,Forward,forward,0.24549549549549549,0.5731981981981982,0.40934684684684686,CHI,False,0.5,15.627687531869862,10,18.622826086956522,False
current,CLE,Donovan Mitchell,1628378.0,False,,3.99,player_value,33.458285714285715,measured_2025_26,1.0,Guard,guard,0.9459459459459459,0.9504504504504504,0.9481981981981982,CLE,False,0.5,33.75591276070626,1,36.0,False
current,CLE,James Harden,201935.0,False,,1.61,player_value,34.834857142857146,measured_2025_26,1.0,Guard,guard,0.972972972972973,0.706081081081081,0.839527027027027,CLE,False,0.5,31.77678000483644,2,36.0,False
current,CLE,Evan Mobley,1630596.0,False,,4.02,player_value,31.913076923076922,measured_2025_26,1.0,Center,big,0.8963963963963963,0.9527027027027027,0.9245495495495495,CLE,False,0.5,31.531741045337757,3,34.91307692307692,False
current,CLE,Jarrett Allen,1628386.0,False,,3.45,player_value,27.12857142857143,measured_2025_26,1.0,Center,big,0.7027027027027027,0.911036036036036,0.8068693693693694,CLE,False,0.5,26.66316401905052,4,30.12857142857143,False
current,CLE,Sam Merrill,1630241.0,False,,1.6,player_value,26.482307692307693,measured_2025_26,1.0,Guard,guard,0.6756756756756757,0.7015765765765766,0.6886261261261262,CLE,False,0.5,25.101890514883983,5,29.482307692307693,False
current,CLE,Peyton Watson,1631212.0,False,,-0.14,player_value,29.588148148148147,measured_2025_26,1.0,Guard,guard,0.7972972972972973,0.3783783783783784,0.5878378378378378,DEN,True,0.8,23.19499120193977,6,32.58814814814815,False
current,CLE,Jaylon Tyson,1642281.0,False,,0.04,player_value,26.931515151515153,measured_2025_26,1.0,Guard-Forward,guard,0.6914414414414415,0.4166666666666667,0.5540540540540541,CLE,False,0.5,22.809685878841503,7,29.931515151515153,False
current,CLE,Craig Porter Jr.,1641854.0,False,,0.7,player_value,17.93296875,measured_2025_26,1.0,Guard,guard,0.33783783783783783,0.5349099099099099,0.4363738738738739,CLE,False,0.5,17.26597230217112,8,20.93296875,False
current,CLE,Nae'qwan Tomlin,1641772.0,False,,1.07,player_value,15.68140625,measured_2025_26,1.0,Forward,forward,0.25225225225225223,0.5934684684684685,0.42286036036036034,CLE,False,0.5,15.36007837076348,9,18.681406250000002,False
current,CLE,Thomas Bryant,1628418.0,False,,0.85,player_value,12.197666666666667,measured_2025_26,1.0,Center-Forward,big,0.15090090090090091,0.5551801801801802,0.35304054054054057,CLE,False,0.5,12.539783901469159,10,15.197666666666667,False
current,DAL,Cooper Flagg,1642843.0,False,,0.86,player_value,33.34614285714286,measured_2025_26,1.0,Forward,forward,0.9414414414414415,0.5596846846846847,0.7505630630630631,DAL,False,0.5,36.0,1,36.0,True
current,DAL,PJ Washington,1629023.0,False,,0.07,player_value,30.78964285714286,measured_2025_26,1.0,Forward,forward,0.8490990990990991,0.42454954954954954,0.6368243243243243,DAL,False,0.5,33.78964285714286,2,33.78964285714286,True
current,DAL,Naji Marshall,1630230.0,False,,0.07,player_value,29.425270270270268,measured_2025_26,1.0,Forward,forward,0.7905405405405406,0.42454954954954954,0.607545045045045,DAL,False,0.5,30.260582977222832,3,32.42527027027027,False
current,DAL,Max Christie,1631108.0,False,,-1.01,player_value,29.034675324675327,measured_2025_26,1.0,Guard,guard,0.777027027027027,0.20495495495495494,0.49099099099099097,DAL,False,0.5,27.179524175667744,4,32.03467532467533,False
current,DAL,Santi Aldama,1630583.0,False,,0.28,player_value,27.86302325581395,measured_2025_26,1.0,Forward-Center,big,0.7364864864864865,0.46734234234234234,0.6019144144144144,MEM,True,0.8,26.064520368794017,5,30.86302325581395,False
current,DAL,Daniel Gafford,1629655.0,False,,3.84,player_value,21.519636363636362,measured_2025_26,1.0,Forward-Center,big,0.481981981981982,0.9448198198198198,0.7134009009009009,DAL,False,0.5,24.519636363636362,6,24.519636363636362,True
current,DAL,Dereck Lively II,1641726.0,False,,4.48,player_value,16.470000000000002,measured_2025_26,1.0,Center,big,0.28153153153153154,0.963963963963964,0.6227477477477478,DAL,False,0.5,19.470000000000002,7,19.470000000000002,True
current,DAL,Morez Johnson Jr.,-1009.0,True,9.0,-0.006984743176496722,rookie_slot_9,17.384953377388875,rookie_slot_9,1.0,Forward-Center,big,0.32207207207207206,0.40765765765765766,0.36486486486486486,,False,0.5,17.18532229870827,8,20.384953377388875,False
current,DAL,Moussa Cisse,1630619.0,False,,1.54,player_value,13.91342105263158,measured_2025_26,1.0,Center,big,0.19369369369369369,0.6948198198198198,0.44425675675675674,DAL,False,0.5,16.530770958827897,9,16.91342105263158,False
current,DAL,Kyrie Irving,202681.0,False,,3.48,player_value,6.0,default_fringe,1.0,Guard,guard,0.02702702702702703,0.920045045045045,0.473536036036036,DAL,False,0.5,9.0,10,9.0,True
current,DEN,Nikola Jokic,203999.0,False,,6.63,player_value,34.844,measured_2025_26,1.0,Center,big,0.9752252252252253,0.9932432432432432,0.9842342342342343,DEN,False,0.5,34.21015312976442,1,36.0,False
current,DEN,Jamal Murray,1627750.0,False,,1.95,player_value,35.35906666666666,measured_2025_26,1.0,Guard,guard,0.9887387387387387,0.7578828828828829,0.8733108108108107,DEN,False,0.5,32.999299849858545,2,36.0,False
current,DEN,Christian Braun,1631128.0,False,,2.44,player_value,31.79909090909091,measured_2025_26,1.0,Guard,guard,0.8918918918918919,0.8175675675675675,0.8547297297297297,DEN,False,0.5,30.099914558387933,3,34.79909090909091,False
current,DEN,Cameron Johnson,1629661.0,False,,2.37,player_value,30.500555555555554,measured_2025_26,1.0,Forward,forward,0.8423423423423423,0.8096846846846847,0.8260135135135135,DEN,False,0.5,28.126231948984994,4,33.50055555555555,False
current,DEN,Aaron Gordon,203932.0,False,,3.2,player_value,27.91611111111111,measured_2025_26,1.0,Forward,forward,0.7387387387387387,0.8941441441441441,0.8164414414414414,DEN,False,0.5,25.635249340671443,5,30.91611111111111,False
current,DEN,DeMar DeRozan,201942.0,False,,-0.1,player_value,31.24103896103896,measured_2025_26,1.0,Guard-Forward,guard,0.8693693693693694,0.38400900900900903,0.6266891891891893,SAC,True,0.8,23.36600813833152,6,34.24103896103896,False
current,DEN,Marvin Bagley III,1628963.0,False,,0.87,player_value,20.014833333333335,measured_2025_26,1.0,Forward,forward,0.42792792792792794,0.5641891891891891,0.4960585585585585,DAL,True,0.8,19.248566364610973,7,23.014833333333335,False
current,DEN,Spencer Jones,1642461.0,False,,-0.86,player_value,22.13734375,measured_2025_26,1.0,Forward,forward,0.5135135135135135,0.23085585585585586,0.3721846846846847,DEN,False,0.5,19.193239298538977,8,25.13734375,False
current,DEN,Tyus Jones,1626145.0,False,,-1.24,player_value,14.605820895522388,measured_2025_26,1.0,Guard,guard,0.2072072072072072,0.17567567567567569,0.19144144144144143,DEN,False,0.5,14.739511525100083,9,17.60582089552239,False
current,DEN,Zeke Nnaji,1630192.0,False,,-0.86,player_value,12.038653846153846,measured_2025_26,1.0,Forward-Center,big,0.14414414414414414,0.23085585585585586,0.1875,DEN,False,0.5,12.381825845751104,10,15.038653846153846,False
current,DET,Cade Cunningham,1630595.0,False,,3.62,player_value,33.93234375,measured_2025_26,1.0,Guard,guard,0.9572072072072072,0.9324324324324325,0.9448198198198199,DET,False,0.5,36.0,1,36.0,True
current,DET,Duncan Robinson,1629130.0,False,,1.18,player_value,27.44441558441558,measured_2025_26,1.0,Forward,forward,0.7162162162162162,0.6204954954954955,0.6683558558558559,DET,False,0.5,30.44441558441558,2,30.44441558441558,True
current,DET,Ausar Thompson,1641709.0,False,,3.39,player_value,25.967260273972602,measured_2025_26,1.0,Guard-Forward,guard,0.6486486486486487,0.9076576576576577,0.7781531531531531,DET,False,0.5,28.967260273972602,3,28.967260273972602,True
current,DET,Kevin Huerter,1628989.0,False,,1.53,player_value,22.45086956521739,measured_2025_26,1.0,Guard-Forward,guard,0.5247747747747747,0.6903153153153153,0.607545045045045,DET,False,0.5,25.253088152883002,4,25.45086956521739,False
current,DET,Isaiah Joe,1630198.0,False,,1.97,player_value,21.232394366197184,measured_2025_26,1.0,Guard,guard,0.46846846846846846,0.7657657657657657,0.617117117117117,OKC,True,0.8,24.232394366197184,5,24.232394366197184,True
current,DET,John Collins,1628381.0,False,,-0.28,player_value,27.121884057971016,measured_2025_26,1.0,Forward-Center,big,0.7004504504504504,0.33783783783783783,0.5191441441441441,LAC,True,0.8,20.649714284935815,6,30.121884057971016,False
current,DET,Javonte Green,1629750.0,False,,2.41,player_value,17.635365853658534,measured_2025_26,1.0,Guard,guard,0.32432432432432434,0.8153153153153153,0.5698198198198199,DET,False,0.5,20.635365853658534,7,20.635365853658534,True
current,DET,Daniss Jenkins,1642450.0,False,,0.27,player_value,20.213472222222222,measured_2025_26,1.0,Guard,guard,0.43243243243243246,0.46283783783783783,0.44763513513513514,DET,False,0.5,19.18103628981262,8,23.213472222222222,False
current,DET,Ron Holland II,1641842.0,False,,0.13,player_value,19.878974358974357,measured_2025_26,1.0,Forward,forward,0.42117117117117114,0.4346846846846847,0.4279279279279279,DET,False,0.5,17.780109809509277,9,22.878974358974357,False
current,DET,Paul Reed,1630194.0,False,,3.82,player_value,13.856615384615385,measured_2025_26,1.0,Center,big,0.19144144144144143,0.9414414414414415,0.5664414414414415,DET,False,0.5,16.856615384615385,10,16.856615384615385,True
current,GSW,Stephen Curry,201939.0,False,,3.45,player_value,30.901162790697676,measured_2025_26,1.0,Guard,guard,0.8536036036036037,0.911036036036036,0.8823198198198199,GSW,False,0.5,33.901162790697676,1,33.901162790697676,True
current,GSW,Brandin Podziemski,1641764.0,False,,2.27,player_value,28.447926829268294,measured_2025_26,1.0,Guard,guard,0.759009009009009,0.7961711711711712,0.7775900900900901,GSW,False,0.5,31.447926829268294,2,31.447926829268294,True
current,GSW,Kristaps Porzingis,204001.0,False,,2.73,player_value,24.030625,measured_2025_26,1.0,Forward-Center,big,0.5833333333333334,0.8423423423423423,0.7128378378378378,GSW,False,0.5,27.030625,3,27.030625,True
current,GSW,Draymond Green,203110.0,False,,0.75,player_value,27.484264705882353,measured_2025_26,1.0,Forward,forward,0.7184684684684685,0.5472972972972973,0.6328828828828829,GSW,False,0.5,26.589577377771267,4,30.484264705882353,False
current,GSW,De'Anthony Melton,1629001.0,False,,1.91,player_value,22.96551020408163,measured_2025_26,1.0,Guard,guard,0.5495495495495496,0.7522522522522522,0.6509009009009009,GSW,False,0.5,25.589161701523565,5,25.96551020408163,False
current,GSW,Al Horford,201143.0,False,,2.86,player_value,21.538222222222224,measured_2025_26,1.0,Center-Forward,big,0.48423423423423423,0.8671171171171171,0.6756756756756757,GSW,False,0.5,24.538222222222224,6,24.538222222222224,True
current,GSW,Gui Santos,1630611.0,False,,1.43,player_value,20.521029411764708,measured_2025_26,1.0,Forward,forward,0.44144144144144143,0.6655405405405406,0.553490990990991,GSW,False,0.5,21.535721075807736,7,23.521029411764708,False
current,GSW,Brandon Williams,1630314.0,False,,-0.24,player_value,22.107575757575756,measured_2025_26,1.0,Guard,guard,0.509009009009009,0.34684684684684686,0.42792792792792794,DAL,True,0.8,18.21572266142241,8,25.107575757575756,False
current,GSW,Gary Payton II,1627780.0,False,,2.26,player_value,15.647534246575342,measured_2025_26,1.0,Guard,guard,0.24774774774774774,0.7927927927927928,0.5202702702702703,GSW,False,0.5,17.672448035113018,9,18.64753424657534,False
current,GSW,Charles Bassey,1629646.0,False,,1.74,player_value,11.744615384615384,measured_2025_26,1.0,Center-Forward,big,0.13063063063063063,0.722972972972973,0.42680180180180183,GSW,False,0.5,13.479432306173816,10,14.744615384615384,False
current,HOU,Amen Thompson,1641708.0,False,,3.48,player_value,37.2279746835443,measured_2025_26,1.0,Guard-Forward,guard,0.9977477477477478,0.920045045045045,0.9588963963963963,HOU,False,0.5,34.16266114723192,1,36.0,False
current,HOU,Kevin Durant,201142.0,False,,1.77,player_value,36.27346153846154,measured_2025_26,1.0,Forward,forward,0.9954954954954955,0.7331081081081081,0.8643018018018018,HOU,False,0.5,31.171376000134885,2,36.0,False
current,HOU,Alperen Sengun,1630578.0,False,,2.37,player_value,33.141666666666666,measured_2025_26,1.0,Center,big,0.9211711711711712,0.8096846846846847,0.865427927927928,HOU,False,0.5,30.83783549299223,3,36.0,False
current,HOU,Jabari Smith Jr.,1631095.0,False,,0.38,player_value,35.134935064935064,measured_2025_26,1.0,Forward,forward,0.9842342342342343,0.49099099099099097,0.7376126126126126,HOU,False,0.5,26.90505446240452,4,36.0,False
current,HOU,Marcus Smart,203935.0,False,,2.27,player_value,28.53306451612903,measured_2025_26,1.0,Guard,guard,0.7635135135135135,0.7961711711711712,0.7798423423423424,LAL,True,0.8,25.959167436692134,5,31.53306451612903,False
current,HOU,Tari Eason,1631106.0,False,,3.08,player_value,25.69183333333333,measured_2025_26,1.0,Forward,forward,0.6283783783783784,0.8828828828828829,0.7556306306306306,HOU,False,0.5,23.721144515879157,6,28.69183333333333,False
current,HOU,Reed Sheppard,1642263.0,False,,0.04,player_value,26.126829268292685,measured_2025_26,1.0,Guard,guard,0.6576576576576577,0.4166666666666667,0.5371621621621622,HOU,False,0.5,20.408719967850722,7,29.126829268292685,False
current,HOU,Steven Adams,203500.0,False,,3.22,player_value,22.6521875,measured_2025_26,1.0,Center,big,0.5382882882882883,0.8986486486486487,0.7184684684684686,HOU,False,0.5,19.887119154751158,8,25.6521875,False
current,HOU,Bogdan Bogdanovic,203992.0,False,,1.01,player_value,19.655652173913044,measured_2025_26,1.0,Guard,guard,0.40765765765765766,0.579954954954955,0.4938063063063063,LAC,True,0.8,13.797507916661301,9,22.655652173913044,False
current,HOU,Clint Capela,203991.0,False,,3.16,player_value,12.281733333333333,measured_2025_26,1.0,Center,big,0.1554054054054054,0.8918918918918919,0.5236486486486487,HOU,False,0.5,13.14941390540198,10,15.281733333333333,False
current,IND,Pascal Siakam,1627783.0,False,,3.22,player_value,33.17161290322581,measured_2025_26,1.0,Forward,forward,0.9279279279279279,0.8986486486486487,0.9132882882882882,IND,False,0.5,35.83574304810045,1,36.0,False
current,IND,Ivica Zubac,1627826.0,False,,2.74,player_value,30.140208333333334,measured_2025_26,1.0,Center,big,0.8243243243243243,0.8445945945945946,0.8344594594594594,IND,False,0.5,32.69151545047323,2,33.140208333333334,False
current,IND,Aaron Nesmith,1630174.0,False,,0.84,player_value,29.666444444444444,measured_2025_26,1.0,Guard-Forward,guard,0.8040540540540541,0.5518018018018018,0.677927927927928,IND,False,0.5,31.18621218572671,3,32.666444444444444,False
current,IND,Andrew Nembhard,1629614.0,False,,-1.01,player_value,31.326666666666664,measured_2025_26,1.0,Guard-Forward,guard,0.8783783783783784,0.20495495495495494,0.5416666666666666,IND,False,0.5,29.279683661213237,4,34.32666666666667,False
current,IND,Jay Huff,1630643.0,False,,1.75,player_value,20.966463414634145,measured_2025_26,1.0,Center,big,0.4594594594594595,0.7274774774774775,0.5934684684684685,IND,False,0.5,23.966463414634145,5,23.966463414634145,True
current,IND,Kelly Oubre Jr.,1626162.0,False,,-1.41,player_value,31.487999999999996,measured_2025_26,1.0,Forward-Guard,forward,0.8828828828828829,0.15315315315315314,0.5180180180180181,PHI,True,0.8,23.040310795783583,6,34.488,False
current,IND,T.J. McConnell,204456.0,False,,1.9,player_value,17.188214285714285,measured_2025_26,1.0,Guard,guard,0.3063063063063063,0.75,0.5281531531531531,IND,False,0.5,20.188214285714285,7,20.188214285714285,True
current,IND,Obi Toppin,1630167.0,False,,1.48,player_value,17.655,measured_2025_26,1.0,Forward,forward,0.32657657657657657,0.6756756756756757,0.5011261261261262,IND,False,0.5,18.261466807063268,8,20.655,False
current,IND,Quenton Jackson,1631245.0,False,,0.37,player_value,18.315102040816328,measured_2025_26,1.0,Guard,guard,0.3490990990990991,0.48761261261261263,0.4183558558558559,IND,False,0.5,16.5503903512911,9,21.315102040816328,False
current,IND,Tyrese Haliburton,1630169.0,False,,4.72,player_value,6.0,default_fringe,1.0,Guard,guard,0.02702702702702703,0.9752252252252253,0.5011261261261262,IND,False,0.5,9.0,10,9.0,True
current,LAC,Brandon Ingram,1627742.0,False,,0.55,player_value,33.81649350649351,measured_2025_26,1.0,Forward,forward,0.954954954954955,0.5180180180180181,0.7364864864864865,TOR,True,0.8,35.926232859864264,1,36.0,False
current,LAC,Kris Dunn,1627739.0,False,,1.82,player_value,27.195487804878052,measured_2025_26,1.0,Guard,guard,0.7094594594594594,0.7387387387387387,0.7240990990990991,LAC,False,0.5,30.195487804878052,2,30.195487804878052,True
current,LAC,Darius Garland,1629636.0,False,,0.48,player_value,29.873555555555555,measured_2025_26,1.0,Guard,guard,0.8153153153153153,0.5045045045045045,0.6599099099099099,LAC,False,0.5,29.17282581696143,3,32.873555555555555,False
current,LAC,Derrick Jones Jr.,1627884.0,False,,1.35,player_value,26.9902,measured_2025_26,1.0,Forward,forward,0.6981981981981982,0.6565315315315315,0.6773648648648649,LAC,False,0.5,29.116190208335873,4,29.9902,False
current,LAC,Rui Hachimura,1629060.0,False,,0.43,player_value,28.331911764705882,measured_2025_26,1.0,Forward,forward,0.7454954954954955,0.5,0.6227477477477478,LAL,True,0.8,26.060562479722684,5,31.331911764705882,False
current,LAC,Brook Lopez,201572.0,False,,1.73,player_value,21.804133333333333,measured_2025_26,1.0,Center,big,0.49324324324324326,0.7207207207207207,0.6069819819819819,LAC,False,0.5,22.427357234063496,6,24.804133333333333,False
current,LAC,Max Strus,1629622.0,False,,0.36,player_value,24.025000000000002,measured_2025_26,1.0,Guard-Forward,guard,0.581081081081081,0.48085585585585583,0.5309684684684685,CLE,True,0.8,19.077917173919353,7,27.025000000000002,False
current,LAC,Isaiah Jackson,1630543.0,False,,2.19,player_value,16.515272727272727,measured_2025_26,1.0,Forward,forward,0.28378378378378377,0.786036036036036,0.5349099099099099,LAC,False,0.5,18.466992870512417,8,19.515272727272727,False
current,LAC,Keaton Wagler,-1005.0,True,5.0,0.11262122523233972,rookie_slot_5,18.510327621999974,rookie_slot_5,1.0,Guard,guard,0.36036036036036034,0.43243243243243246,0.3963963963963964,,False,0.5,17.440134708532586,9,21.510327621999974,False
current,LAC,Yanic Konan Niederhauser,1642949.0,False,,1.26,player_value,10.334146341463414,measured_2025_26,1.0,Center,big,0.10135135135135136,0.6351351351351351,0.3682432432432432,LAC,False,0.5,12.116298843209862,10,13.334146341463414,False
current,LAL,Luka Doncic,1629029.0,False,,4.63,player_value,35.76015625,measured_2025_26,1.0,Forward-Guard,forward,0.9932432432432432,0.9707207207207207,0.9819819819819819,LAL,False,0.5,35.94028697449006,1,36.0,False
current,LAL,Austin Reaves,1630559.0,False,,1.43,player_value,34.543137254901964,measured_2025_26,1.0,Guard,guard,0.9684684684684685,0.6655405405405406,0.8170045045045045,LAL,False,0.5,32.59671739582933,2,36.0,False
current,LAL,Walker Kessler,1631117.0,False,,3.02,player_value,30.798000000000002,measured_2025_26,1.0,Center,big,0.8513513513513513,0.8761261261261262,0.8637387387387387,UTA,True,0.8,32.503516290615444,3,33.798,False
current,LAL,Jake LaRavia,1631222.0,False,,0.42,player_value,25.140243902439025,measured_2025_26,1.0,Forward,forward,0.6171171171171171,0.49774774774774777,0.5574324324324325,LAL,False,0.5,25.190597166498016,4,28.140243902439025,False
current,LAL,Sandro Mamukelashvili,1630572.0,False,,3.3,player_value,21.884999999999998,measured_2025_26,1.0,Forward-Center,big,0.49774774774774777,0.9031531531531531,0.7004504504504505,TOR,True,0.8,24.884999999999998,5,24.884999999999998,True
current,LAL,Quentin Grimes,1629656.0,False,,-0.98,player_value,29.410266666666665,measured_2025_26,1.0,Guard,guard,0.7882882882882883,0.21846846846846846,0.5033783783783784,PHI,True,0.8,19.953045157667948,6,32.410266666666665,False
current,LAL,Matisse Thybulle,1629680.0,False,,2.6,player_value,15.989666666666666,measured_2025_26,1.0,Guard-Forward,guard,0.2635135135135135,0.8220720720720721,0.5427927927927928,POR,True,0.8,18.989666666666665,7,18.989666666666665,True
current,LAL,Kevon Looney,1626172.0,False,,2.76,player_value,14.642857142857142,measured_2025_26,1.0,Center,big,0.20945945945945946,0.8513513513513513,0.5304054054054054,NOP,True,0.8,17.642857142857142,8,17.642857142857142,True
current,LAL,Jarred Vanderbilt,1629020.0,False,,1.52,player_value,17.350153846153844,measured_2025_26,1.0,Forward,forward,0.31756756756756754,0.6858108108108109,0.5016891891891893,LAL,False,0.5,16.666483424076556,9,20.350153846153844,False
current,LAL,Collin Sexton,1629012.0,False,,-0.79,player_value,23.723676470588234,measured_2025_26,1.0,Guard,guard,0.5698198198198198,0.240990990990991,0.4054054054054054,CHI,True,0.8,15.631829781298812,10,26.723676470588234,False
current,MEM,Zach Edey,1641744.0,False,,4.8,player_value,25.80363636363636,measured_2025_26,1.0,Center,big,0.6418918918918919,0.9797297297297297,0.8108108108108107,MEM,False,0.5,28.80363636363636,1,28.80363636363636,True
current,MEM,Cedric Coward,1642907.0,False,,1.45,player_value,25.772903225806452,measured_2025_26,1.0,Guard,guard,0.6373873873873874,0.670045045045045,0.6537162162162162,MEM,False,0.5,28.772903225806452,2,28.772903225806452,True
current,MEM,Kris Murray,1631200.0,False,,1.08,player_value,23.390350877192983,measured_2025_26,1.0,Forward,forward,0.5608108108108109,0.597972972972973,0.5793918918918919,POR,True,0.8,26.390350877192983,3,26.390350877192983,True
current,MEM,Cam Spencer,1642285.0,False,,0.88,player_value,23.811805555555555,measured_2025_26,1.0,Guard,guard,0.5743243243243243,0.5675675675675675,0.5709459459459459,MEM,False,0.5,26.323577384544382,4,26.811805555555555,False
current,MEM,Jaylen Wells,1642377.0,False,,0.04,player_value,26.386376811594204,measured_2025_26,1.0,Forward,forward,0.6666666666666666,0.4166666666666667,0.5416666666666666,MEM,False,0.5,26.285375903692433,5,29.386376811594204,False
current,MEM,Ty Jerome,1629660.0,False,,3.35,player_value,22.579333333333334,measured_2025_26,1.0,Guard-Forward,guard,0.5315315315315315,0.9054054054054054,0.7184684684684685,MEM,False,0.5,25.579333333333334,6,25.579333333333334,True
current,MEM,Scotty Pippen Jr.,1630590.0,False,,1.03,player_value,21.188,measured_2025_26,1.0,Guard,guard,0.46396396396396394,0.5855855855855856,0.5247747747747747,MEM,False,0.5,22.129366457791274,7,24.188,False
current,MEM,Jerami Grant,203924.0,False,,-1.32,player_value,29.739122807017544,measured_2025_26,1.0,Forward,forward,0.8085585585585585,0.16441441441441443,0.48648648648648646,POR,True,0.8,20.061125512657537,8,32.739122807017544,False
current,MEM,Isaiah Stewart,1630191.0,False,,0.35,player_value,22.70948275862069,measured_2025_26,1.0,Forward-Center,big,0.5405405405405406,0.4752252252252252,0.5078828828828829,DET,True,0.8,19.971622530078072,9,25.70948275862069,False
current,MEM,D'Angelo Russell,1626156.0,False,,1.04,player_value,18.642307692307693,measured_2025_26,1.0,Guard,guard,0.36936936936936937,0.5878378378378378,0.4786036036036036,WAS,True,0.8,15.682708411267177,10,21.642307692307693,False
current,MIA,Bam Adebayo,1628389.0,False,,3.49,player_value,32.393150684931506,measured_2025_26,1.0,Center-Forward,big,0.9076576576576577,0.9234234234234234,0.9155405405405406,MIA,False,0.5,34.26666365493378,1,35.393150684931506,False
current,MIA,Giannis Antetokounmpo,203507.0,False,,7.29,player_value,28.866666666666667,measured_2025_26,1.0,Forward,forward,0.7702702702702703,0.9954954954954955,0.882882882882883,MIL,True,0.8,31.866666666666667,2,31.866666666666667,True
current,MIA,Davion Mitchell,1630558.0,False,,0.54,player_value,28.574857142857145,measured_2025_26,1.0,Guard,guard,0.7657657657657657,0.5146396396396397,0.6402027027027026,MIA,False,0.5,29.612344065947543,3,31.574857142857145,False
current,MIA,Bobby Portis,1626171.0,False,,1.13,player_value,24.16910447761194,measured_2025_26,1.0,Forward,forward,0.5878378378378378,0.6148648648648649,0.6013513513513513,MIL,True,0.8,27.00840419124653,4,27.16910447761194,False
current,MIA,Andrew Wiggins,203952.0,False,,-0.9,player_value,30.332941176470587,measured_2025_26,1.0,Forward,forward,0.8355855855855856,0.22522522522522523,0.5304054054054054,MIA,False,0.5,26.48667958206111,5,33.332941176470584,False
current,MIA,Pelle Larsson,1641796.0,False,,0.33,player_value,26.416285714285717,measured_2025_26,1.0,Guard,guard,0.6734234234234234,0.47297297297297297,0.5731981981981982,MIA,False,0.5,25.847012068778355,6,29.416285714285717,False
current,MIA,Tim Hardaway Jr.,203501.0,False,,-1.07,player_value,26.59175,measured_2025_26,1.0,Guard-Forward,guard,0.6824324324324325,0.18693693693693694,0.4346846846846847,DEN,True,0.8,19.39716677925532,7,29.59175,False
current,MIA,Dru Smith,1630696.0,False,,1.12,player_value,16.304714285714283,measured_2025_26,1.0,Guard,guard,0.27702702702702703,0.6114864864864865,0.4442567567567568,MIA,False,0.5,18.170029710418106,8,19.304714285714283,False
current,MIA,Klay Thompson,202691.0,False,,-0.69,player_value,21.647101449275365,measured_2025_26,1.0,Guard,guard,0.48873873873873874,0.25900900900900903,0.3738738738738739,DAL,True,0.8,15.22281105847039,9,24.647101449275365,False
current,MIA,Myron Gardner,1642066.0,False,,2.25,player_value,9.122222222222222,measured_2025_26,1.0,Forward,forward,0.07432432432432433,0.7905405405405406,0.43243243243243246,MIA,False,0.5,12.122222222222222,10,12.122222222222222,True
current,MIL,Ryan Rollins,1631157.0,False,,1.71,player_value,32.101081081081084,measured_2025_26,1.0,Guard,guard,0.9031531531531531,0.713963963963964,0.8085585585585586,MIL,False,0.5,33.055728666185786,1,35.101081081081084,False
current,MIL,Tyler Herro,1629639.0,False,,1.3,player_value,31.292424242424246,measured_2025_26,1.0,Guard,guard,0.8738738738738738,0.6418918918918919,0.7578828828828829,MIA,True,0.8,31.604303868588772,2,34.29242424242425,False
current,MIL,Kevin Porter Jr.,1629645.0,False,,0.5,player_value,33.18447368421052,measured_2025_26,1.0,Guard-Forward,guard,0.9301801801801802,0.509009009009009,0.7195945945945946,MIL,False,0.5,30.93594459924919,3,36.0,False
current,MIL,Myles Turner,1626167.0,False,,1.75,player_value,26.927042253521126,measured_2025_26,1.0,Center-Forward,big,0.6891891891891891,0.7274774774774775,0.7083333333333333,MIL,False,0.5,26.534439972057886,4,29.927042253521126,False
current,MIL,AJ Green,1631260.0,False,,-0.07,player_value,29.101410256410254,measured_2025_26,1.0,Guard,guard,0.7792792792792793,0.393018018018018,0.5861486486486487,MIL,False,0.5,25.060399542020757,5,32.101410256410254,False
current,MIL,Kel'el Ware,1642276.0,False,,1.92,player_value,22.127662337662336,measured_2025_26,1.0,Center,big,0.5112612612612613,0.7545045045045045,0.6328828828828829,MIA,True,0.8,23.77699738371863,6,25.127662337662336,False
current,MIL,Jaime Jaquez Jr.,1631170.0,False,,-0.33,player_value,28.282933333333332,measured_2025_26,1.0,Guard,guard,0.7432432432432432,0.3333333333333333,0.5382882882882882,MIA,True,0.8,20.96349693816828,7,31.282933333333332,False
current,MIL,Caris LeVert,1627747.0,False,,0.16,player_value,19.241,measured_2025_26,1.0,Guard,guard,0.38288288288288286,0.44144144144144143,0.41216216216216217,DET,True,0.8,17.359000229721897,8,22.241,False
current,MIL,Kasparas Jakucionis,1642857.0,False,,-0.07,player_value,17.823584905660375,measured_2025_26,1.0,Guard,guard,0.3333333333333333,0.393018018018018,0.36317567567567566,MIA,True,0.8,15.792770742296208,9,20.823584905660375,False
current,MIL,Brayden Burries,-1010.0,True,10.0,-0.036886235278705826,rookie_slot_10,17.1036098162361,rookie_slot_10,1.0,Guard,guard,0.30405405405405406,0.4009009009009009,0.3524774774774775,,False,0.5,14.916918057992572,10,20.1036098162361,False
current,MIN,Anthony Edwards,1630162.0,False,,1.88,player_value,35.02704918032787,measured_2025_26,1.0,Guard,guard,0.9819819819819819,0.7454954954954955,0.8637387387387387,MIN,False,0.5,34.76515664744178,1,36.0,False
current,MIN,Rudy Gobert,203497.0,False,,5.28,player_value,31.31736842105263,measured_2025_26,1.0,Center,big,0.8761261261261262,0.9864864864864865,0.9313063063063063,MIN,False,0.5,34.317368421052635,2,34.317368421052635,True
current,MIN,LaMelo Ball,1630163.0,False,,2.29,player_value,28.020555555555557,measured_2025_26,1.0,Guard,guard,0.740990990990991,0.8018018018018018,0.7713963963963963,CHA,True,0.8,30.621904049957802,3,31.020555555555557,False
current,MIN,Jaden McDaniels,1630183.0,False,,1.05,player_value,31.73123287671233,measured_2025_26,1.0,Forward,forward,0.8896396396396397,0.5900900900900901,0.7398648648648649,MIN,False,0.5,30.408325571614125,4,34.731232876712326,False
current,MIN,Ayo Dosunmu,1630245.0,False,,-0.21,player_value,27.262028985507246,measured_2025_26,1.0,Guard,guard,0.713963963963964,0.35585585585585583,0.5349099099099099,MIN,False,0.5,25.44576050547902,5,30.262028985507246,False
current,MIN,Jonathan Kuminga,1630228.0,False,,1.33,player_value,23.06972222222222,measured_2025_26,1.0,Forward,forward,0.5518018018018018,0.6497747747747747,0.6007882882882882,ATL,True,0.8,25.231904733361336,6,26.06972222222222,False
current,MIN,Nah'Shon Hyland,1630538.0,False,,0.54,player_value,16.57605633802817,measured_2025_26,1.0,Guard,guard,0.2905405405405405,0.5146396396396397,0.40259009009009006,MIN,False,0.5,17.46468006965625,7,19.57605633802817,False
current,MIN,Cody Williams,1642262.0,False,,-3.86,player_value,24.33686567164179,measured_2025_26,1.0,Forward,forward,0.5968468468468469,0.01126126126126126,0.30405405405405406,UTA,True,0.8,16.082849728429405,8,27.33686567164179,False
current,MIN,Jaylen Clark,1641740.0,False,,0.22,player_value,13.055,measured_2025_26,1.0,Guard,guard,0.17567567567567569,0.4527027027027027,0.3141891891891892,MIN,False,0.5,14.80830027300766,9,16.055,False
current,MIN,Joan Beringer,1642866.0,False,,2.29,player_value,7.85375,measured_2025_26,1.0,Center,big,0.05855855855855856,0.8018018018018018,0.43018018018018017,MIN,False,0.5,10.85375,10,10.85375,True
current,NOP,Trey Murphy III,1630530.0,False,,0.49,player_value,35.46409090909091,measured_2025_26,1.0,Forward,forward,0.990990990990991,0.5067567567567568,0.7488738738738738,NOP,False,0.5,32.1304047106817,1,36.0,False
current,NOP,Zion Williamson,1629627.0,False,,2.93,player_value,29.694193548387098,measured_2025_26,1.0,Forward,forward,0.8063063063063063,0.8738738738738738,0.8400900900900901,NOP,False,0.5,30.830532015698044,2,32.6941935483871,False
current,NOP,Saddiq Bey,1630180.0,False,,1.11,player_value,31.188472222222224,measured_2025_26,1.0,Guard-Forward,guard,0.8671171171171171,0.6069819819819819,0.7370495495495495,NOP,False,0.5,27.667723225939273,3,34.188472222222224,False
current,NOP,Herb Jones,1630529.0,False,,1.88,player_value,28.364285714285717,measured_2025_26,1.0,Forward,forward,0.75,0.7454954954954955,0.7477477477477478,NOP,False,0.5,27.64310407583773,4,31.364285714285717,False
current,NOP,Dejounte Murray,1627749.0,False,,-0.5,player_value,27.81642857142857,measured_2025_26,1.0,Guard,guard,0.7319819819819819,0.30518018018018017,0.518581081081081,NOP,False,0.5,24.874807789333563,5,30.81642857142857,False
current,NOP,Bennedict Mathurin,1631097.0,False,,-1.87,player_value,30.00037037037037,measured_2025_26,1.0,Guard-Forward,guard,0.8220720720720721,0.12387387387387387,0.47297297297297297,LAC,True,0.8,22.48177916155686,6,33.00037037037037,False
current,NOP,Jeremiah Fears,1642847.0,False,,-1.82,player_value,25.755243902439023,measured_2025_26,1.0,Guard,guard,0.6351351351351351,0.12612612612612611,0.38063063063063063,NOP,False,0.5,20.364482399210914,7,28.755243902439023,False
current,NOP,Derik Queen,1642852.0,False,,-1.5,player_value,24.98,measured_2025_26,1.0,Center,big,0.6103603603603603,0.14414414414414414,0.37725225225225223,NOP,False,0.5,19.21948687044305,8,27.98,False
current,NOP,Jordan Poole,1629673.0,False,,-1.49,player_value,23.92871794871795,measured_2025_26,1.0,Guard,guard,0.5788288288288288,0.1463963963963964,0.3626126126126126,NOP,False,0.5,17.641977026838457,9,26.92871794871795,False
current,NOP,DeAndre Jordan,201599.0,False,,1.33,player_value,16.565833333333334,measured_2025_26,1.0,Center,big,0.2882882882882883,0.6497747747747747,0.46903153153153154,NOP,False,0.5,17.1457027244604,10,19.565833333333334,False
current,NYK,Jalen Brunson,1628973.0,False,,2.69,player_value,34.998243243243245,measured_2025_26,1.0,Guard,guard,0.9797297297297297,0.8344594594594594,0.9070945945945945,NYK,False,0.5,33.91536275427428,1,36.0,False
current,NYK,Karl-Anthony Towns,1626157.0,False,,3.86,player_value,30.957466666666665,measured_2025_26,1.0,Center-Forward,big,0.8558558558558559,0.9481981981981982,0.902027027027027,NYK,False,0.5,30.532357953344825,2,33.95746666666666,False
current,NYK,OG Anunoby,1628384.0,False,,2.65,player_value,33.191044776119405,measured_2025_26,1.0,Forward-Guard,forward,0.9324324324324325,0.8288288288288288,0.8806306306306306,NYK,False,0.5,30.44309728545062,3,36.0,False
current,NYK,Mikal Bridges,1628969.0,False,,1.6,player_value,32.8290243902439,measured_2025_26,1.0,Guard-Forward,guard,0.9144144144144144,0.7015765765765766,0.8079954954954955,NYK,False,0.5,28.939888395852787,4,35.8290243902439,False
current,NYK,Josh Hart,1628404.0,False,,2.13,player_value,30.20590909090909,measured_2025_26,1.0,Guard,guard,0.8265765765765766,0.7804054054054054,0.803490990990991,NYK,False,0.5,26.45720924558221,5,33.20590909090909,False
current,NYK,Miles McBride,1630540.0,False,,3.03,player_value,26.343658536585362,measured_2025_26,1.0,Guard,guard,0.6644144144144144,0.8783783783783784,0.7713963963963963,NYK,False,0.5,23.335851722379626,6,29.343658536585362,False
current,NYK,Landry Shamet,1629013.0,False,,1.2,player_value,22.962745098039214,measured_2025_26,1.0,Guard,guard,0.5472972972972973,0.6272522522522522,0.5872747747747747,NYK,False,0.5,20.5146989616021,7,25.962745098039214,False
current,NYK,Jose Alvarado,1630631.0,False,,1.33,player_value,19.858985507246377,measured_2025_26,1.0,Guard,guard,0.4166666666666667,0.6497747747747747,0.5332207207207207,NYK,False,0.5,17.893531735240227,8,22.858985507246377,False
current,NYK,Andre Drummond,203083.0,False,,0.37,player_value,19.536666666666665,measured_2025_26,1.0,Center,big,0.3963963963963964,0.48761261261261263,0.4420045045045045,PHI,True,0.8,15.868234595322868,9,22.536666666666665,False
current,NYK,Tyler Kolek,1642278.0,False,,0.59,player_value,11.728870967741937,measured_2025_26,1.0,Guard,guard,0.12837837837837837,0.5292792792792793,0.32882882882882886,NYK,False,0.5,12.099767350950453,10,14.728870967741937,False
current,OKC,Shai Gilgeous-Alexander,1628983.0,False,,7.54,player_value,33.22014705882353,measured_2025_26,1.0,Guard,guard,0.9346846846846847,0.9977477477477478,0.9662162162162162,OKC,False,0.5,34.63876787143783,1,36.0,False
current,OKC,Chet Holmgren,1631096.0,False,,4.82,player_value,28.94608695652174,measured_2025_26,1.0,Center-Forward,big,0.7725225225225225,0.9819819819819819,0.8772522522522522,OKC,False,0.5,30.977248386946112,2,31.94608695652174,False
current,OKC,Jalen Williams,1631114.0,False,,2.78,player_value,28.364242424242423,measured_2025_26,1.0,Guard-Forward,guard,0.7477477477477478,0.8558558558558559,0.8018018018018018,OKC,False,0.5,29.468937051682406,3,31.364242424242423,False
current,OKC,Isaiah Hartenstein,1628392.0,False,,4.74,player_value,24.201489361702127,measured_2025_26,1.0,Center-Forward,big,0.5900900900900901,0.9774774774774775,0.7837837837837838,OKC,False,0.5,25.984132877660837,4,27.201489361702127,False
current,OKC,Ajay Mitchell,1642349.0,False,,2.81,player_value,25.839122807017542,measured_2025_26,1.0,Guard,guard,0.6441441441441441,0.8603603603603603,0.7522522522522522,OKC,False,0.5,25.524185844610205,5,28.839122807017542,False
current,OKC,Cason Wallace,1641717.0,False,,1.53,player_value,26.572987012987014,measured_2025_26,1.0,Guard,guard,0.6801801801801802,0.6903153153153153,0.6852477477477478,OKC,False,0.5,24.56363803271295,6,29.572987012987014,False
current,OKC,Alex Caruso,1627936.0,False,,4.26,player_value,18.220892857142857,measured_2025_26,1.0,Guard,guard,0.34234234234234234,0.9572072072072072,0.6497747747747747,OKC,False,0.5,19.109887588343472,7,21.220892857142857,False
current,OKC,Jaylin Williams,1631119.0,False,,2.63,player_value,19.651846153846154,measured_2025_26,1.0,Center,big,0.40315315315315314,0.8254504504504504,0.6143018018018018,OKC,False,0.5,18.64252139625221,8,22.651846153846154,False
current,OKC,Kenrich Williams,1629026.0,False,,0.7,player_value,15.270892857142856,measured_2025_26,1.0,Guard-Forward,guard,0.23648648648648649,0.5349099099099099,0.3856981981981982,OKC,False,0.5,15.609970835696963,9,18.270892857142854,False
current,OKC,Jared McCain,1642272.0,False,,-0.17,player_value,17.3089552238806,measured_2025_26,1.0,Guard,guard,0.3153153153153153,0.3704954954954955,0.3429054054054054,OKC,False,0.5,15.480710114657018,10,20.3089552238806,False
current,ORL,Desmond Bane,1630217.0,False,,1.75,player_value,33.61060975609756,measured_2025_26,1.0,Guard,guard,0.9527027027027027,0.7274774774774775,0.8400900900900901,ORL,False,0.5,31.744173947284448,1,36.0,False
current,ORL,Franz Wagner,1630532.0,False,,4.32,player_value,29.96941176470588,measured_2025_26,1.0,Forward,forward,0.8198198198198198,0.9605855855855856,0.8902027027027026,ORL,False,0.5,31.443106255646057,2,32.96941176470588,False
current,ORL,Paolo Banchero,1631094.0,False,,0.85,player_value,34.74583333333333,measured_2025_26,1.0,Forward,forward,0.9707207207207207,0.5551801801801802,0.7629504504504505,ORL,False,0.5,29.802239702793695,3,36.0,False
current,ORL,Jalen Suggs,1630591.0,False,,2.75,player_value,27.606140350877194,measured_2025_26,1.0,Guard,guard,0.722972972972973,0.847972972972973,0.785472972972973,ORL,False,0.5,27.71126414732948,4,30.606140350877194,False
current,ORL,Wendell Carter Jr.,1628976.0,False,,1.49,player_value,29.338589743589743,measured_2025_26,1.0,Center-Forward,big,0.786036036036036,0.6790540540540541,0.732545045045045,ORL,False,0.5,24.725041026249077,5,32.33858974358974,False
current,ORL,Nikola Vucevic,202696.0,False,,1.77,player_value,28.408125,measured_2025_26,1.0,Center,big,0.7545045045045045,0.7331081081081081,0.7438063063063063,BOS,True,0.8,24.553747014770064,6,31.408125,False
current,ORL,Anthony Black,1641710.0,False,,0.36,player_value,29.845,measured_2025_26,1.0,Guard,guard,0.8130630630630631,0.48085585585585583,0.6469594594594594,ORL,False,0.5,23.770265346769843,7,32.845,False
current,ORL,Tristan Da Silva,1641783.0,False,,-0.09,player_value,24.66831168831169,measured_2025_26,1.0,Forward,forward,0.5990990990990991,0.38963963963963966,0.49436936936936937,ORL,False,0.5,19.370009618833873,8,27.66831168831169,False
current,ORL,Goga Bitadze,1629048.0,False,,2.39,player_value,15.18734375,measured_2025_26,1.0,Center-Forward,big,0.23198198198198197,0.8130630630630631,0.5225225225225225,ORL,False,0.5,15.622881795073814,9,18.18734375,False
current,ORL,Jonathan Isaac,1628371.0,False,,2.82,player_value,10.017307692307693,measured_2025_26,1.0,Forward,forward,0.0945945945945946,0.8637387387387387,0.4791666666666667,ORL,False,0.5,11.25727114524965,10,13.017307692307693,False
current,PHI,Tyrese Maxey,1630178.0,False,,2.7,player_value,38.01714285714286,measured_2025_26,1.0,Guard,guard,1.0,0.8378378378378378,0.9189189189189189,PHI,False,0.5,33.49526645128913,1,36.0,False
current,PHI,Joel Embiid,203954.0,False,,4.7,player_value,31.596578947368425,measured_2025_26,1.0,Center-Forward,big,0.8873873873873874,0.972972972972973,0.9301801801801802,PHI,False,0.5,31.880902930569082,2,34.59657894736843,False
current,PHI,VJ Edgecombe,1642845.0,False,,1.45,player_value,34.9776,measured_2025_26,1.0,Guard,guard,0.9774774774774775,0.670045045045045,0.8237612612612613,PHI,False,0.5,29.59646053033449,3,36.0,False
current,PHI,LeBron James,2544.0,False,,2.77,player_value,33.15116666666667,measured_2025_26,1.0,Forward,forward,0.9234234234234234,0.8536036036036037,0.8885135135135136,LAL,True,0.8,29.227924410960085,4,36.0,False
current,PHI,Jaylen Brown,1627759.0,False,,-0.56,player_value,34.406478873239436,measured_2025_26,1.0,Guard-Forward,guard,0.963963963963964,0.28603603603603606,0.625,BOS,True,0.8,23.42544021083246,5,36.0,False
current,PHI,Dean Wade,1629731.0,False,,3.74,player_value,22.333220338983054,measured_2025_26,1.0,Forward-Center,big,0.5202702702702703,0.9391891891891891,0.7297297297297297,CLE,True,0.8,23.142777925921607,6,25.333220338983054,False
current,PHI,Dominick Barlow,1631230.0,False,,1.01,player_value,23.78225352112676,measured_2025_26,1.0,Forward,forward,0.5720720720720721,0.579954954954955,0.5760135135135136,PHI,False,0.5,20.64687530513598,7,26.78225352112676,False
current,PHI,Kentavious Caldwell-Pope,203484.0,False,,1.09,player_value,21.32549019607843,measured_2025_26,1.0,Guard,guard,0.47072072072072074,0.6024774774774775,0.5365990990990991,MEM,True,0.8,17.262477234428367,8,24.32549019607843,False
current,PHI,Anfernee Simons,1629014.0,False,,-0.19,player_value,24.944909090909093,measured_2025_26,1.0,Guard,guard,0.6058558558558559,0.3614864864864865,0.4836711711711712,CHI,True,0.8,16.694895640735716,9,27.944909090909093,False
current,PHI,Adem Bona,1641737.0,False,,0.24,player_value,17.383098591549295,measured_2025_26,1.0,Center,big,0.31981981981981983,0.4572072072072072,0.3885135135135135,PHI,False,0.5,14.626979359793078,10,20.383098591549295,False
current,PHX,Devin Booker,1626164.0,False,,2.79,player_value,33.53875,measured_2025_26,1.0,Guard,guard,0.9504504504504504,0.8581081081081081,0.9042792792792793,PHX,False,0.5,34.10945490971215,1,36.0,False
current,PHX,Collin Gillespie,1631221.0,False,,2.29,player_value,28.5225,measured_2025_26,1.0,Guard,guard,0.7612612612612613,0.8018018018018018,0.7815315315315315,PHX,False,0.5,30.154902003095025,2,31.5225,False
current,PHX,Jordan Goodwin,1630692.0,False,,2.23,player_value,22.454,measured_2025_26,1.0,Guard,guard,0.527027027027027,0.7882882882882883,0.6576576576576576,PHX,False,0.5,25.454,3,25.454,True
current,PHX,Mark Williams,1631109.0,False,,1.15,player_value,23.600833333333334,measured_2025_26,1.0,Center,big,0.5675675675675675,0.6171171171171171,0.5923423423423424,PHX,False,0.5,25.17349011654974,4,26.600833333333334,False
current,PHX,Dillon Brooks,1628415.0,False,,-1.01,player_value,30.385892857142856,measured_2025_26,1.0,Guard-Forward,guard,0.8378378378378378,0.20495495495495494,0.5213963963963963,PHX,False,0.5,24.72329153696315,5,33.385892857142856,False
current,PHX,Miles Bridges,1628970.0,False,,-0.57,player_value,31.002727272727274,measured_2025_26,1.0,Forward,forward,0.8603603603603603,0.28153153153153154,0.5709459459459459,CHA,True,0.8,23.689396258688937,6,34.00272727272727,False
current,PHX,Oso Ighodaro,1642345.0,False,,1.35,player_value,22.05390243902439,measured_2025_26,1.0,Center,big,0.5022522522522522,0.6565315315315315,0.5793918918918919,PHX,False,0.5,23.15406468911234,7,25.05390243902439,False
current,PHX,Jalen Green,1630224.0,False,,-0.15,player_value,25.8853125,measured_2025_26,1.0,Guard,guard,0.6463963963963963,0.3761261261261261,0.5112612612612613,PHX,False,0.5,21.34354534879465,8,28.8853125,False
current,PHX,Ryan Dunn,1642346.0,False,,1.12,player_value,19.361428571428572,measured_2025_26,1.0,Forward,forward,0.3918918918918919,0.6114864864864865,0.5016891891891893,PHX,False,0.5,17.315551020286637,9,22.361428571428572,False
current,PHX,Luke Kennard,1628379.0,False,,0.36,player_value,21.545641025641025,measured_2025_26,1.0,Guard,guard,0.4864864864864865,0.48085585585585583,0.4836711711711712,LAL,True,0.8,14.882304116797375,10,24.545641025641025,False
current,POR,Toumani Camara,1641739.0,False,,1.88,player_value,33.30756097560975,measured_2025_26,1.0,Forward,forward,0.9369369369369369,0.7454954954954955,0.8412162162162162,POR,False,0.5,35.99289044290276,1,36.0,False
current,POR,Deni Avdija,1630166.0,False,,1.87,player_value,33.323484848484846,measured_2025_26,1.0,Forward,forward,0.9391891891891891,0.740990990990991,0.8400900900900901,POR,False,0.5,34.430275308732675,2,36.0,False
current,POR,Donovan Clingan,1642270.0,False,,3.22,player_value,27.191298701298702,measured_2025_26,1.0,Center,big,0.7072072072072072,0.8986486486486487,0.802927927927928,POR,False,0.5,29.97048497849556,3,30.191298701298702,False
current,POR,Jrue Holiday,201950.0,False,,2.17,player_value,29.44132075471698,measured_2025_26,1.0,Guard,guard,0.795045045045045,0.7837837837837838,0.7894144144144144,POR,False,0.5,29.698295263008088,4,32.44132075471698,False
current,POR,Ja Morant,1629630.0,False,,1.08,player_value,28.424500000000002,measured_2025_26,1.0,Guard,guard,0.7567567567567568,0.597972972972973,0.6773648648648649,MEM,True,0.8,26.750649441912028,5,31.424500000000002,False
current,POR,Robert Williams III,1629057.0,False,,4.23,player_value,17.089152542372883,measured_2025_26,1.0,Center-Forward,big,0.30180180180180183,0.954954954954955,0.6283783783783784,POR,False,0.5,20.089152542372883,6,20.089152542372883,True
current,POR,Scoot Henderson,1630703.0,False,,-2.07,player_value,24.927666666666667,measured_2025_26,1.0,Guard,guard,0.6036036036036037,0.07207207207207207,0.3378378378378379,POR,False,0.5,20.038673100888538,7,27.927666666666667,False
current,POR,Vit Krejci,1630249.0,False,,-0.23,player_value,21.417384615384613,measured_2025_26,1.0,Guard,guard,0.4774774774774775,0.3490990990990991,0.4132882882882883,POR,False,0.5,19.405055112163666,8,24.417384615384613,False
current,POR,Branden Carlson,1642382.0,False,,2.87,player_value,11.62452380952381,measured_2025_26,1.0,Center,big,0.12612612612612611,0.8693693693693694,0.49774774774774777,OKC,True,0.8,14.62452380952381,9,14.62452380952381,True
current,POR,Damian Lillard,203081.0,False,,3.46,player_value,6.0,default_fringe,1.0,Guard,guard,0.02702702702702703,0.9155405405405406,0.47128378378378377,POR,False,0.5,9.0,10,9.0,True
current,SAC,Keegan Murray,1631099.0,False,,1.21,player_value,34.482608695652175,measured_2025_26,1.0,Forward,forward,0.9662162162162162,0.6306306306306306,0.7984234234234234,SAC,False,0.5,32.40290346978406,1,36.0,False
current,SAC,Domantas Sabonis,1627734.0,False,,3.11,player_value,29.662105263157898,measured_2025_26,1.0,Forward-Center,big,0.8018018018018018,0.8873873873873874,0.8445945945945946,SAC,False,0.5,31.530770143229137,2,32.6621052631579,False
current,SAC,Zach LaVine,203897.0,False,,-0.1,player_value,31.3925641025641,measured_2025_26,1.0,Guard,guard,0.8806306306306306,0.38400900900900903,0.6323198198198199,SAC,False,0.5,29.745435253048665,3,34.3925641025641,False
current,SAC,De'Andre Hunter,1629631.0,False,,-0.04,player_value,26.122222222222224,measured_2025_26,1.0,Forward-Guard,forward,0.6554054054054054,0.39864864864864863,0.527027027027027,SAC,False,0.5,24.635107782487246,4,29.122222222222224,False
current,SAC,Dylan Cardwell,1642928.0,False,,1.31,player_value,20.60272727272727,measured_2025_26,1.0,Center,big,0.44594594594594594,0.6441441441441441,0.545045045045045,SAC,False,0.5,23.2042589901592,5,23.60272727272727,False
current,SAC,Malik Monk,1628370.0,False,,0.25,player_value,21.99435483870968,measured_2025_26,1.0,Guard,guard,0.5,0.4594594594594595,0.4797297297297297,SAC,False,0.5,21.368228445681208,6,24.99435483870968,False
current,SAC,Precious Achiuwa,1630173.0,False,,-0.74,player_value,23.90753424657534,measured_2025_26,1.0,Forward,forward,0.5765765765765766,0.24774774774774774,0.41216216216216217,SAC,False,0.5,21.084808258997498,7,26.90753424657534,False
current,SAC,Nique Clifford,1642363.0,False,,-1.01,player_value,25.092133333333333,measured_2025_26,1.0,Guard,guard,0.6148648648648649,0.20495495495495494,0.40990990990990994,SAC,False,0.5,20.517399484017254,8,28.092133333333333,False
current,SAC,Daeqwon Plowden,1631342.0,False,,-1.81,player_value,26.3871875,measured_2025_26,1.0,Guard-Forward,guard,0.668918918918919,0.12837837837837837,0.3986486486486487,SAC,False,0.5,20.344377418645436,9,29.3871875,False
current,SAC,Darius Acuff Jr.,-1007.0,True,7.0,0.052818241027921486,rookie_slot_7,17.947640499694426,rookie_slot_7,1.0,Guard,guard,0.3400900900900901,0.42117117117117114,0.38063063063063063,,False,0.5,15.166710753950307,10,20.947640499694426,False
current,SAS,Victor Wembanyama,1641705.0,False,,9.04,player_value,29.1509375,measured_2025_26,1.0,Forward-Center,big,0.7815315315315315,1.0,0.8907657657657657,SAS,False,0.5,31.59423698403454,1,32.1509375,False
current,SAS,De'Aaron Fox,1628368.0,False,,2.34,player_value,30.987083333333334,measured_2025_26,1.0,Guard,guard,0.8581081081081081,0.8063063063063063,0.8322072072072072,SAS,False,0.5,31.021322061493624,2,33.98708333333333,False
current,SAS,Tobias Harris,202699.0,False,,2.68,player_value,27.706825396825398,measured_2025_26,1.0,Forward,forward,0.7297297297297297,0.831081081081081,0.7804054054054054,DET,True,0.8,28.99647813113323,3,30.706825396825398,False
current,SAS,Julian Champagnie,1630577.0,False,,1.95,player_value,27.633658536585365,measured_2025_26,1.0,Forward,forward,0.7252252252252253,0.7578828828828829,0.7415540540540541,SAS,False,0.5,26.858995325538373,4,30.633658536585365,False
current,SAS,Stephon Castle,1642264.0,False,,1.27,player_value,29.9675,measured_2025_26,1.0,Guard,guard,0.8175675675675675,0.6373873873873874,0.7274774774774775,SAS,False,0.5,25.463725994712114,5,32.9675,False
current,SAS,Devin Vassell,1630170.0,False,,0.72,player_value,30.5110447761194,measured_2025_26,1.0,Guard-Forward,guard,0.8445945945945946,0.5405405405405406,0.6925675675675675,SAS,False,0.5,23.360289667865427,6,33.511044776119405,False
current,SAS,Dylan Harper,1642844.0,False,,3.59,player_value,22.579565217391306,measured_2025_26,1.0,Guard,guard,0.5337837837837838,0.9290540540540541,0.7314189189189189,SAS,False,0.5,23.15359237535235,7,25.579565217391306,False
current,SAS,Harrison Barnes,203084.0,False,,-0.4,player_value,25.797662337662338,measured_2025_26,1.0,Forward,forward,0.6396396396396397,0.32207207207207206,0.4808558558558559,SAS,False,0.5,20.258823041355036,8,28.797662337662338,False
current,SAS,Luke Kornet,1628436.0,False,,3.84,player_value,21.03044117647059,measured_2025_26,1.0,Center-Forward,big,0.4617117117117117,0.9448198198198198,0.7032657657657657,SAS,False,0.5,19.89230914578799,9,24.03044117647059,False
current,SAS,Jordan McLaughlin,1629162.0,False,,2.63,player_value,6.400227272727273,measured_2025_26,1.0,Guard,guard,0.04504504504504504,0.8254504504504504,0.4352477477477477,SAS,False,0.5,9.400227272727273,10,9.400227272727273,True
current,TOR,Kawhi Leonard,202695.0,False,,5.95,player_value,32.07292307692308,measured_2025_26,1.0,Forward,forward,0.9009009009009009,0.9887387387387387,0.9448198198198199,LAC,True,0.8,34.340062151848855,1,35.07292307692308,False
current,TOR,Scottie Barnes,1630567.0,False,,2.82,player_value,33.509750000000004,measured_2025_26,1.0,Forward-Guard,forward,0.9481981981981982,0.8637387387387387,0.9059684684684685,TOR,False,0.5,32.495574111876884,2,36.0,False
current,TOR,Immanuel Quickley,1630193.0,False,,1.59,player_value,31.87642857142857,measured_2025_26,1.0,Guard,guard,0.8941441441441441,0.6981981981981982,0.7961711711711712,TOR,False,0.5,30.506320526860748,3,34.87642857142857,False
current,TOR,R.J. Barrett,1629628.0,False,,1.0,player_value,30.276491228070174,measured_2025_26,1.0,Forward-Guard,forward,0.8288288288288288,0.5765765765765766,0.7027027027027026,TOR,False,0.5,28.360547087814066,4,33.27649122807017,False
current,TOR,Jakob Poeltl,1627751.0,False,,1.96,player_value,24.979565217391304,measured_2025_26,1.0,Center,big,0.6081081081081081,0.7623873873873874,0.6852477477477478,TOR,False,0.5,24.507757794260367,5,27.979565217391304,False
current,TOR,Collin Murray-Boyles,1642867.0,False,,2.09,player_value,21.85315789473684,measured_2025_26,1.0,Forward,forward,0.4954954954954955,0.7759009009009009,0.6356981981981982,TOR,False,0.5,21.67492191039595,6,24.85315789473684,False
current,TOR,Kyle Anderson,203937.0,False,,0.58,player_value,19.842093023255813,measured_2025_26,1.0,Forward-Guard,forward,0.4144144144144144,0.5259009009009009,0.47015765765765766,MIN,True,0.8,19.4502715978793,7,22.842093023255813,False
current,TOR,Jamal Shead,1642347.0,False,,-0.54,player_value,22.589268292682927,measured_2025_26,1.0,Guard,guard,0.536036036036036,0.29504504504504503,0.4155405405405405,TOR,False,0.5,18.83829679766469,8,25.589268292682927,False
current,TOR,Ja'Kobe Walter,1642266.0,False,,0.39,player_value,20.466527777777777,measured_2025_26,1.0,Guard,guard,0.4369369369369369,0.49436936936936937,0.46565315315315314,TOR,False,0.5,18.608126028520008,9,23.466527777777777,False
current,TOR,Trayce Jackson-Davis,1631218.0,False,,1.18,player_value,9.358867924528301,measured_2025_26,1.0,Forward,forward,0.08333333333333333,0.6204954954954955,0.35191441441441446,TOR,False,0.5,11.21812199287909,10,12.358867924528301,False
current,UTA,Lauri Markkanen,1628374.0,False,,3.7,player_value,34.34809523809523,measured_2025_26,1.0,Forward-Center,big,0.9617117117117117,0.9369369369369369,0.9493243243243243,UTA,False,0.5,33.82500372133666,1,36.0,False
current,UTA,Jaren Jackson Jr.,1628991.0,False,,2.71,player_value,30.304375000000004,measured_2025_26,1.0,Forward-Center,big,0.8333333333333334,0.8400900900900901,0.8367117117117118,UTA,False,0.5,30.41828002640495,2,33.30437500000001,False
current,UTA,Jusuf Nurkic,203994.0,False,,3.07,player_value,26.416097560975608,measured_2025_26,1.0,Center,big,0.6711711711711712,0.8806306306306306,0.7759009009009009,UTA,False,0.5,27.37273760573009,3,29.416097560975608,False
current,UTA,Kyle Filipowski,1642271.0,False,,0.57,player_value,23.388571428571428,measured_2025_26,1.0,Center,big,0.5585585585585585,0.5225225225225225,0.5405405405405406,UTA,False,0.5,24.572687959640216,4,26.388571428571428,False
current,UTA,Keyonte George,1641718.0,False,,-3.2,player_value,33.07611111111111,measured_2025_26,1.0,Guard,guard,0.918918918918919,0.024774774774774775,0.47184684684684686,UTA,False,0.5,24.39283065430194,5,36.0,False
current,UTA,Sviatoslav Mykhailiuk,1629004.0,False,,0.56,player_value,23.112199999999998,measured_2025_26,1.0,Guard-Forward,guard,0.5540540540540541,0.5202702702702703,0.5371621621621622,UTA,False,0.5,23.206676808411256,6,26.112199999999998,False
current,UTA,Jaxson Hayes,1629637.0,False,,1.72,player_value,18.281666666666666,measured_2025_26,1.0,Center-Forward,big,0.34684684684684686,0.7173423423423423,0.5320945945945945,LAL,True,0.8,20.763712154928374,7,21.281666666666666,False
current,UTA,Ace Bailey,1642846.0,False,,-2.66,player_value,27.605972222222224,measured_2025_26,1.0,Forward,forward,0.7207207207207207,0.04279279279279279,0.38175675675675674,UTA,False,0.5,19.84514208584385,8,30.605972222222224,False
current,UTA,Josh Okogie,1629006.0,False,,1.52,player_value,17.254871794871796,measured_2025_26,1.0,Guard,guard,0.3108108108108108,0.6858108108108109,0.49831081081081086,HOU,True,0.8,18.633560276955716,9,20.254871794871796,False
current,UTA,Darryn Peterson,-1002.0,True,2.0,0.20232570153896706,rookie_slot_2,19.354358305458298,rookie_slot_2,1.0,Guard,guard,0.38963963963963966,0.44819819819819817,0.4189189189189189,,False,0.5,16.96936870644695,10,22.354358305458298,False
current,WAS,Anthony Davis,203076.0,False,,3.57,player_value,31.281,measured_2025_26,1.0,Forward-Center,big,0.8716216216216216,0.9256756756756757,0.8986486486486487,WAS,False,0.5,32.288123190323674,1,34.281,False
current,WAS,Alex Sarr,1642259.0,False,,0.45,player_value,27.180208333333336,measured_2025_26,1.0,Center,big,0.704954954954955,0.5022522522522522,0.6036036036036037,WAS,False,0.5,28.859796826630966,2,30.180208333333336,False
current,WAS,Kyshawn George,1642273.0,False,,-0.7,player_value,28.97875,measured_2025_26,1.0,Forward,forward,0.7747747747747747,0.25563063063063063,0.5152027027027026,WAS,False,0.5,28.560427605731064,3,31.97875,False
current,WAS,Deandre Ayton,1629028.0,False,,-0.54,player_value,27.19986111111111,measured_2025_26,1.0,Center,big,0.7117117117117117,0.29504504504504503,0.5033783783783783,LAL,True,0.8,26.45573694429909,4,30.19986111111111,False
current,WAS,Trae Young,1629027.0,False,,-0.2,player_value,25.582,measured_2025_26,1.0,Guard,guard,0.6238738738738738,0.3581081081081081,0.49099099099099097,WAS,False,0.5,23.08185095404904,5,28.582,False
current,WAS,Bub Carrington,1642267.0,False,,-4.38,player_value,27.691829268292683,measured_2025_26,1.0,Guard,guard,0.7274774774774775,0.006756756756756757,0.36711711711711714,WAS,False,0.5,21.755475082128093,6,30.691829268292683,False
current,WAS,Justin Champagnie,1630551.0,False,,0.9,player_value,19.963333333333335,measured_2025_26,1.0,Guard-Forward,guard,0.42567567567567566,0.5698198198198198,0.4977477477477477,WAS,False,0.5,21.648787388387124,7,22.963333333333335,False
current,WAS,Bilal Coulibaly,1641731.0,False,,-2.11,player_value,26.20785714285714,measured_2025_26,1.0,Guard,guard,0.6621621621621622,0.06756756756756757,0.36486486486486486,WAS,False,0.5,20.243162284778684,8,29.20785714285714,False
current,WAS,AJ Dybantsa,-1001.0,True,1.0,0.23222719364117617,rookie_slot_1,19.635701866611075,rookie_slot_1,1.0,Forward,forward,0.4009009009009009,0.45495495495495497,0.42792792792792794,,False,0.5,19.01057843391112,9,22.635701866611075,False
current,WAS,Tre Johnson,1642848.0,False,,-1.9,player_value,24.048333333333336,measured_2025_26,1.0,Guard,guard,0.5855855855855856,0.12162162162162163,0.3536036036036036,WAS,False,0.5,18.096061289761128,10,27.048333333333336,False
